09:50:02.009 debug: 2025/7/18 09:50:02
09:50:02.009 debug: Project: /Users/zhao/Desktop/test/cocos-creator/PlaneFight
09:50:02.009 debug: Targets: editor,preview
09:50:02.010 debug: Incremental file seems great.
09:50:02.010 debug: Engine path: /Applications/Cocos/Creator/3.8.6/CocosCreator.app/Contents/Resources/resources/3d/engine
09:50:02.014 debug: Initializing target [Editor]
09:50:02.014 debug: Loading cache
09:50:02.015 debug: Loading cache costs 0.5195830000002388ms.
09:50:02.015 debug: Engine features shipped in editor: base,gfx-webgl,gfx-webgl2,gfx-empty,gfx-webgpu,3d,animation,skeletal-animation,2d,rich-text,mask,graphics,ui-skew,ui,affine-transform,particle,particle-2d,physics-framework,physics-cannon,physics-physx,physics-ammo,physics-builtin,physics-2d-framework,physics-2d-box2d-jsb,physics-2d-box2d,physics-2d-builtin,physics-2d-box2d-wasm,intersection-2d,primitive,profiler,occlusion-query,geometry-renderer,debug-renderer,audio,video,xr,light-probe,terrain,webview,tween,tiled-map,vendor-google,spine-3.8,spine-4.2,dragon-bones,marionette,procedural-animation,custom-pipeline,custom-pipeline-builtin-scripts,custom-pipeline-post-process,legacy-pipeline,websocket,websocket-server,meshopt
09:50:02.015 debug: Our import map(foo:/bar): {
  "imports": {
    "cc": "cce:/internal/x/cc"
  }
}
09:50:02.015 debug: Initializing target [Preview]
09:50:02.015 debug: Loading cache
09:50:02.016 debug: Loading cache costs 0.5251250000001164ms.
09:50:02.016 debug: Our import map(foo:/bar): {
  "imports": {
    "cc": "cce:/internal/x/cc"
  }
}
09:50:02.032 debug: Sync engine features: 2d,affine-transform,animation,audio,base,custom-pipeline,dragon-bones,gfx-webgl,gfx-webgl2,graphics,intersection-2d,mask,particle-2d,physics-2d-box2d,profiler,rich-text,spine-3.8,tiled-map,tween,ui,video,webview,custom-pipeline
09:50:02.033 debug: Reset databases. Enumerated domains: [
  {
    "root": "db://internal/",
    "physical": "/Applications/Cocos/Creator/3.8.6/CocosCreator.app/Contents/Resources/resources/3d/engine/editor/assets"
  },
  {
    "root": "db://assets/",
    "physical": "/Users/zhao/Desktop/test/cocos-creator/PlaneFight/assets"
  }
]
09:50:02.033 debug: Our import map(foo:/bar): {
  "imports": {
    "cc": "cce:/internal/x/cc",
    "db://internal/": "file:///Applications/Cocos/Creator/3.8.6/CocosCreator.app/Contents/Resources/resources/3d/engine/editor/assets/",
    "db://assets/": "file:///Users/zhao/Desktop/test/cocos-creator/PlaneFight/assets/"
  }
}
09:50:02.033 debug: Our import map(foo:/bar): {
  "imports": {
    "cc": "cce:/internal/x/cc",
    "db://internal/": "file:///Applications/Cocos/Creator/3.8.6/CocosCreator.app/Contents/Resources/resources/3d/engine/editor/assets/",
    "db://assets/": "file:///Users/zhao/Desktop/test/cocos-creator/PlaneFight/assets/"
  }
}
09:50:02.034 debug: Pulling asset-db.
09:50:02.035 debug: Fetch asset-db cost: 1.4887920000001031ms.
09:50:02.035 debug: Build iteration starts.
Number of accumulated asset changes: 8
Feature changed: false
09:50:02.035 debug: Target(editor) build started.
09:50:02.036 debug: Detected change: cce:/internal/x/cc. Last mtime: Thu Jan 01 1970 08:00:03 GMT+0800 (中国标准时间), Current mtime: Thu Jan 01 1970 08:00:03 GMT+0800 (中国标准时间)
09:50:02.036 debug: Inspect cce:/internal/x/cc
09:50:02.054 debug: transform url: 'cce:/internal/x/cc' costs: 17.90 ms
09:50:02.055 debug: Resolve cce:/internal/x/cc-fu/base from cce:/internal/x/cc as external dependency cce:/internal/x/cc-fu/base.
09:50:02.055 debug: Resolve cce:/internal/x/cc-fu/gfx-webgl from cce:/internal/x/cc as external dependency cce:/internal/x/cc-fu/gfx-webgl.
09:50:02.055 debug: Resolve cce:/internal/x/cc-fu/gfx-webgl2 from cce:/internal/x/cc as external dependency cce:/internal/x/cc-fu/gfx-webgl2.
09:50:02.055 debug: Resolve cce:/internal/x/cc-fu/gfx-empty from cce:/internal/x/cc as external dependency cce:/internal/x/cc-fu/gfx-empty.
09:50:02.055 debug: Resolve cce:/internal/x/cc-fu/gfx-webgpu from cce:/internal/x/cc as external dependency cce:/internal/x/cc-fu/gfx-webgpu.
09:50:02.055 debug: Resolve cce:/internal/x/cc-fu/3d from cce:/internal/x/cc as external dependency cce:/internal/x/cc-fu/3d.
09:50:02.055 debug: Resolve cce:/internal/x/cc-fu/animation from cce:/internal/x/cc as external dependency cce:/internal/x/cc-fu/animation.
09:50:02.055 debug: Resolve cce:/internal/x/cc-fu/skeletal-animation from cce:/internal/x/cc as external dependency cce:/internal/x/cc-fu/skeletal-animation.
09:50:02.055 debug: Resolve cce:/internal/x/cc-fu/2d from cce:/internal/x/cc as external dependency cce:/internal/x/cc-fu/2d.
09:50:02.055 debug: Resolve cce:/internal/x/cc-fu/sorting from cce:/internal/x/cc as external dependency cce:/internal/x/cc-fu/sorting.
09:50:02.055 debug: Resolve cce:/internal/x/cc-fu/rich-text from cce:/internal/x/cc as external dependency cce:/internal/x/cc-fu/rich-text.
09:50:02.055 debug: Resolve cce:/internal/x/cc-fu/mask from cce:/internal/x/cc as external dependency cce:/internal/x/cc-fu/mask.
09:50:02.055 debug: Resolve cce:/internal/x/cc-fu/graphics from cce:/internal/x/cc as external dependency cce:/internal/x/cc-fu/graphics.
09:50:02.055 debug: Resolve cce:/internal/x/cc-fu/ui-skew from cce:/internal/x/cc as external dependency cce:/internal/x/cc-fu/ui-skew.
09:50:02.055 debug: Resolve cce:/internal/x/cc-fu/ui from cce:/internal/x/cc as external dependency cce:/internal/x/cc-fu/ui.
09:50:02.055 debug: Resolve cce:/internal/x/cc-fu/affine-transform from cce:/internal/x/cc as external dependency cce:/internal/x/cc-fu/affine-transform.
09:50:02.055 debug: Resolve cce:/internal/x/cc-fu/particle from cce:/internal/x/cc as external dependency cce:/internal/x/cc-fu/particle.
09:50:02.055 debug: Resolve cce:/internal/x/cc-fu/particle-2d from cce:/internal/x/cc as external dependency cce:/internal/x/cc-fu/particle-2d.
09:50:02.055 debug: Resolve cce:/internal/x/cc-fu/physics-framework from cce:/internal/x/cc as external dependency cce:/internal/x/cc-fu/physics-framework.
09:50:02.055 debug: Resolve cce:/internal/x/cc-fu/physics-cannon from cce:/internal/x/cc as external dependency cce:/internal/x/cc-fu/physics-cannon.
09:50:02.055 debug: Resolve cce:/internal/x/cc-fu/physics-physx from cce:/internal/x/cc as external dependency cce:/internal/x/cc-fu/physics-physx.
09:50:02.055 debug: Resolve cce:/internal/x/cc-fu/physics-ammo from cce:/internal/x/cc as external dependency cce:/internal/x/cc-fu/physics-ammo.
09:50:02.055 debug: Resolve cce:/internal/x/cc-fu/physics-builtin from cce:/internal/x/cc as external dependency cce:/internal/x/cc-fu/physics-builtin.
09:50:02.055 debug: Resolve cce:/internal/x/cc-fu/physics-2d-framework from cce:/internal/x/cc as external dependency cce:/internal/x/cc-fu/physics-2d-framework.
09:50:02.055 debug: Resolve cce:/internal/x/cc-fu/physics-2d-box2d-jsb from cce:/internal/x/cc as external dependency cce:/internal/x/cc-fu/physics-2d-box2d-jsb.
09:50:02.055 debug: Resolve cce:/internal/x/cc-fu/physics-2d-box2d from cce:/internal/x/cc as external dependency cce:/internal/x/cc-fu/physics-2d-box2d.
09:50:02.055 debug: Resolve cce:/internal/x/cc-fu/physics-2d-builtin from cce:/internal/x/cc as external dependency cce:/internal/x/cc-fu/physics-2d-builtin.
09:50:02.056 debug: Resolve cce:/internal/x/cc-fu/physics-2d-box2d-wasm from cce:/internal/x/cc as external dependency cce:/internal/x/cc-fu/physics-2d-box2d-wasm.
09:50:02.056 debug: Resolve cce:/internal/x/cc-fu/intersection-2d from cce:/internal/x/cc as external dependency cce:/internal/x/cc-fu/intersection-2d.
09:50:02.056 debug: Resolve cce:/internal/x/cc-fu/primitive from cce:/internal/x/cc as external dependency cce:/internal/x/cc-fu/primitive.
09:50:02.056 debug: Resolve cce:/internal/x/cc-fu/profiler from cce:/internal/x/cc as external dependency cce:/internal/x/cc-fu/profiler.
09:50:02.056 debug: Resolve cce:/internal/x/cc-fu/geometry-renderer from cce:/internal/x/cc as external dependency cce:/internal/x/cc-fu/geometry-renderer.
09:50:02.056 debug: Resolve cce:/internal/x/cc-fu/audio from cce:/internal/x/cc as external dependency cce:/internal/x/cc-fu/audio.
09:50:02.056 debug: Resolve cce:/internal/x/cc-fu/video from cce:/internal/x/cc as external dependency cce:/internal/x/cc-fu/video.
09:50:02.056 debug: Resolve cce:/internal/x/cc-fu/xr from cce:/internal/x/cc as external dependency cce:/internal/x/cc-fu/xr.
09:50:02.056 debug: Resolve cce:/internal/x/cc-fu/light-probe from cce:/internal/x/cc as external dependency cce:/internal/x/cc-fu/light-probe.
09:50:02.056 debug: Resolve cce:/internal/x/cc-fu/terrain from cce:/internal/x/cc as external dependency cce:/internal/x/cc-fu/terrain.
09:50:02.056 debug: Resolve cce:/internal/x/cc-fu/webview from cce:/internal/x/cc as external dependency cce:/internal/x/cc-fu/webview.
09:50:02.056 debug: Resolve cce:/internal/x/cc-fu/tween from cce:/internal/x/cc as external dependency cce:/internal/x/cc-fu/tween.
09:50:02.056 debug: Resolve cce:/internal/x/cc-fu/tiled-map from cce:/internal/x/cc as external dependency cce:/internal/x/cc-fu/tiled-map.
09:50:02.056 debug: Resolve cce:/internal/x/cc-fu/vendor-google from cce:/internal/x/cc as external dependency cce:/internal/x/cc-fu/vendor-google.
09:50:02.056 debug: Resolve cce:/internal/x/cc-fu/spine from cce:/internal/x/cc as external dependency cce:/internal/x/cc-fu/spine.
09:50:02.056 debug: Resolve cce:/internal/x/cc-fu/dragon-bones from cce:/internal/x/cc as external dependency cce:/internal/x/cc-fu/dragon-bones.
09:50:02.056 debug: Resolve cce:/internal/x/cc-fu/custom-pipeline from cce:/internal/x/cc as external dependency cce:/internal/x/cc-fu/custom-pipeline.
09:50:02.056 debug: Resolve cce:/internal/x/cc-fu/custom-pipeline-post-process from cce:/internal/x/cc as external dependency cce:/internal/x/cc-fu/custom-pipeline-post-process.
09:50:02.056 debug: Resolve cce:/internal/x/cc-fu/legacy-pipeline from cce:/internal/x/cc as external dependency cce:/internal/x/cc-fu/legacy-pipeline.
09:50:02.056 debug: Detected change: cce:/internal/x/prerequisite-imports. Last mtime: Thu Jan 01 1970 08:00:23 GMT+0800 (中国标准时间), Current mtime: Thu Jan 01 1970 08:00:03 GMT+0800 (中国标准时间)
09:50:02.056 debug: Inspect cce:/internal/x/prerequisite-imports
09:50:02.060 debug: transform url: 'cce:/internal/x/prerequisite-imports' costs: 4.60 ms
09:50:02.061 debug: Resolve file:///Applications/Cocos/Creator/3.8.6/CocosCreator.app/Contents/Resources/resources/3d/engine/editor/assets/default_renderpipeline/builtin-dof-pass.ts from cce:/internal/x/prerequisite-imports as file:///Applications/Cocos/Creator/3.8.6/CocosCreator.app/Contents/Resources/resources/3d/engine/editor/assets/default_renderpipeline/builtin-dof-pass.ts.
09:50:02.061 debug: Resolve file:///Applications/Cocos/Creator/3.8.6/CocosCreator.app/Contents/Resources/resources/3d/engine/editor/assets/default_renderpipeline/builtin-pipeline-pass.ts from cce:/internal/x/prerequisite-imports as file:///Applications/Cocos/Creator/3.8.6/CocosCreator.app/Contents/Resources/resources/3d/engine/editor/assets/default_renderpipeline/builtin-pipeline-pass.ts.
09:50:02.061 debug: Resolve file:///Applications/Cocos/Creator/3.8.6/CocosCreator.app/Contents/Resources/resources/3d/engine/editor/assets/default_renderpipeline/builtin-pipeline-settings.ts from cce:/internal/x/prerequisite-imports as file:///Applications/Cocos/Creator/3.8.6/CocosCreator.app/Contents/Resources/resources/3d/engine/editor/assets/default_renderpipeline/builtin-pipeline-settings.ts.
09:50:02.061 debug: Resolve file:///Applications/Cocos/Creator/3.8.6/CocosCreator.app/Contents/Resources/resources/3d/engine/editor/assets/default_renderpipeline/builtin-pipeline-types.ts from cce:/internal/x/prerequisite-imports as file:///Applications/Cocos/Creator/3.8.6/CocosCreator.app/Contents/Resources/resources/3d/engine/editor/assets/default_renderpipeline/builtin-pipeline-types.ts.
09:50:02.061 debug: Resolve file:///Applications/Cocos/Creator/3.8.6/CocosCreator.app/Contents/Resources/resources/3d/engine/editor/assets/default_renderpipeline/builtin-pipeline.ts from cce:/internal/x/prerequisite-imports as file:///Applications/Cocos/Creator/3.8.6/CocosCreator.app/Contents/Resources/resources/3d/engine/editor/assets/default_renderpipeline/builtin-pipeline.ts.
09:50:02.061 debug: Resolve file:///Applications/Cocos/Creator/3.8.6/CocosCreator.app/Contents/Resources/resources/3d/engine/editor/assets/tools/debug-view-runtime-control.ts from cce:/internal/x/prerequisite-imports as file:///Applications/Cocos/Creator/3.8.6/CocosCreator.app/Contents/Resources/resources/3d/engine/editor/assets/tools/debug-view-runtime-control.ts.
09:50:02.061 debug: Resolve file:///Users/zhao/Desktop/test/cocos-creator/PlaneFight/assets/Scripts/BgBox.ts from cce:/internal/x/prerequisite-imports as file:///Users/zhao/Desktop/test/cocos-creator/PlaneFight/assets/Scripts/BgBox.ts.
09:50:02.061 debug: Resolve file:///Users/zhao/Desktop/test/cocos-creator/PlaneFight/assets/Scripts/Ememy.ts from cce:/internal/x/prerequisite-imports as file:///Users/zhao/Desktop/test/cocos-creator/PlaneFight/assets/Scripts/Ememy.ts.
09:50:02.061 debug: Resolve cce:/internal/code-quality/cr.mjs from file:///Applications/Cocos/Creator/3.8.6/CocosCreator.app/Contents/Resources/resources/3d/engine/editor/assets/default_renderpipeline/builtin-dof-pass.ts as cce:/internal/code-quality/cr.mjs.
09:50:02.061 debug: Detected change: cce:/internal/code-quality/cr.mjs. Last mtime: Thu Jul 17 2025 11:29:25 GMT+0800 (中国标准时间), Current mtime: Fri Jul 18 2025 09:49:58 GMT+0800 (中国标准时间)
09:50:02.061 debug: Inspect cce:/internal/code-quality/cr.mjs
09:50:02.064 debug: transform url: 'cce:/internal/code-quality/cr.mjs' costs: 2.70 ms
09:50:02.064 debug: Resolve cc from file:///Applications/Cocos/Creator/3.8.6/CocosCreator.app/Contents/Resources/resources/3d/engine/editor/assets/default_renderpipeline/builtin-dof-pass.ts as cce:/internal/x/cc.
09:50:02.064 debug: Resolve cc from file:///Applications/Cocos/Creator/3.8.6/CocosCreator.app/Contents/Resources/resources/3d/engine/editor/assets/default_renderpipeline/builtin-dof-pass.ts as cce:/internal/x/cc.
09:50:02.064 debug: Resolve cc from file:///Applications/Cocos/Creator/3.8.6/CocosCreator.app/Contents/Resources/resources/3d/engine/editor/assets/default_renderpipeline/builtin-dof-pass.ts as cce:/internal/x/cc.
09:50:02.064 debug: Resolve cc/env from file:///Applications/Cocos/Creator/3.8.6/CocosCreator.app/Contents/Resources/resources/3d/engine/editor/assets/default_renderpipeline/builtin-dof-pass.ts as external dependency cc/env.
09:50:02.064 debug: Resolve ./builtin-pipeline-settings from file:///Applications/Cocos/Creator/3.8.6/CocosCreator.app/Contents/Resources/resources/3d/engine/editor/assets/default_renderpipeline/builtin-dof-pass.ts as file:///Applications/Cocos/Creator/3.8.6/CocosCreator.app/Contents/Resources/resources/3d/engine/editor/assets/default_renderpipeline/builtin-pipeline-settings.ts.
09:50:02.064 debug: Resolve ./builtin-pipeline-pass from file:///Applications/Cocos/Creator/3.8.6/CocosCreator.app/Contents/Resources/resources/3d/engine/editor/assets/default_renderpipeline/builtin-dof-pass.ts as file:///Applications/Cocos/Creator/3.8.6/CocosCreator.app/Contents/Resources/resources/3d/engine/editor/assets/default_renderpipeline/builtin-pipeline-pass.ts.
09:50:02.064 debug: Resolve ./builtin-pipeline from file:///Applications/Cocos/Creator/3.8.6/CocosCreator.app/Contents/Resources/resources/3d/engine/editor/assets/default_renderpipeline/builtin-dof-pass.ts as file:///Applications/Cocos/Creator/3.8.6/CocosCreator.app/Contents/Resources/resources/3d/engine/editor/assets/default_renderpipeline/builtin-pipeline.ts.
09:50:02.064 debug: Resolve cce:/internal/code-quality/cr.mjs from file:///Applications/Cocos/Creator/3.8.6/CocosCreator.app/Contents/Resources/resources/3d/engine/editor/assets/default_renderpipeline/builtin-pipeline-settings.ts as cce:/internal/code-quality/cr.mjs.
09:50:02.064 debug: Resolve cc from file:///Applications/Cocos/Creator/3.8.6/CocosCreator.app/Contents/Resources/resources/3d/engine/editor/assets/default_renderpipeline/builtin-pipeline-settings.ts as cce:/internal/x/cc.
09:50:02.064 debug: Resolve cc from file:///Applications/Cocos/Creator/3.8.6/CocosCreator.app/Contents/Resources/resources/3d/engine/editor/assets/default_renderpipeline/builtin-pipeline-settings.ts as cce:/internal/x/cc.
09:50:02.064 debug: Resolve cc from file:///Applications/Cocos/Creator/3.8.6/CocosCreator.app/Contents/Resources/resources/3d/engine/editor/assets/default_renderpipeline/builtin-pipeline-settings.ts as cce:/internal/x/cc.
09:50:02.064 debug: Resolve cc/env from file:///Applications/Cocos/Creator/3.8.6/CocosCreator.app/Contents/Resources/resources/3d/engine/editor/assets/default_renderpipeline/builtin-pipeline-settings.ts as external dependency cc/env.
09:50:02.064 debug: Resolve ./builtin-pipeline-types from file:///Applications/Cocos/Creator/3.8.6/CocosCreator.app/Contents/Resources/resources/3d/engine/editor/assets/default_renderpipeline/builtin-pipeline-settings.ts as file:///Applications/Cocos/Creator/3.8.6/CocosCreator.app/Contents/Resources/resources/3d/engine/editor/assets/default_renderpipeline/builtin-pipeline-types.ts.
09:50:02.065 debug: Resolve cc from file:///Applications/Cocos/Creator/3.8.6/CocosCreator.app/Contents/Resources/resources/3d/engine/editor/assets/default_renderpipeline/builtin-pipeline-types.ts as cce:/internal/x/cc.
09:50:02.065 debug: Resolve cc from file:///Applications/Cocos/Creator/3.8.6/CocosCreator.app/Contents/Resources/resources/3d/engine/editor/assets/default_renderpipeline/builtin-pipeline-types.ts as cce:/internal/x/cc.
09:50:02.065 debug: Resolve cc from file:///Applications/Cocos/Creator/3.8.6/CocosCreator.app/Contents/Resources/resources/3d/engine/editor/assets/default_renderpipeline/builtin-pipeline-types.ts as cce:/internal/x/cc.
09:50:02.065 debug: Resolve cce:/internal/code-quality/cr.mjs from file:///Applications/Cocos/Creator/3.8.6/CocosCreator.app/Contents/Resources/resources/3d/engine/editor/assets/default_renderpipeline/builtin-pipeline-pass.ts as cce:/internal/code-quality/cr.mjs.
09:50:02.065 debug: Resolve cc from file:///Applications/Cocos/Creator/3.8.6/CocosCreator.app/Contents/Resources/resources/3d/engine/editor/assets/default_renderpipeline/builtin-pipeline-pass.ts as cce:/internal/x/cc.
09:50:02.065 debug: Resolve cc from file:///Applications/Cocos/Creator/3.8.6/CocosCreator.app/Contents/Resources/resources/3d/engine/editor/assets/default_renderpipeline/builtin-pipeline-pass.ts as cce:/internal/x/cc.
09:50:02.065 debug: Resolve cc from file:///Applications/Cocos/Creator/3.8.6/CocosCreator.app/Contents/Resources/resources/3d/engine/editor/assets/default_renderpipeline/builtin-pipeline-pass.ts as cce:/internal/x/cc.
09:50:02.065 debug: Resolve ./builtin-pipeline-settings from file:///Applications/Cocos/Creator/3.8.6/CocosCreator.app/Contents/Resources/resources/3d/engine/editor/assets/default_renderpipeline/builtin-pipeline-pass.ts as file:///Applications/Cocos/Creator/3.8.6/CocosCreator.app/Contents/Resources/resources/3d/engine/editor/assets/default_renderpipeline/builtin-pipeline-settings.ts.
09:50:02.065 debug: Resolve cc/env from file:///Applications/Cocos/Creator/3.8.6/CocosCreator.app/Contents/Resources/resources/3d/engine/editor/assets/default_renderpipeline/builtin-pipeline-pass.ts as external dependency cc/env.
09:50:02.065 debug: Resolve cce:/internal/code-quality/cr.mjs from file:///Applications/Cocos/Creator/3.8.6/CocosCreator.app/Contents/Resources/resources/3d/engine/editor/assets/default_renderpipeline/builtin-pipeline.ts as cce:/internal/code-quality/cr.mjs.
09:50:02.065 debug: Resolve cc from file:///Applications/Cocos/Creator/3.8.6/CocosCreator.app/Contents/Resources/resources/3d/engine/editor/assets/default_renderpipeline/builtin-pipeline.ts as cce:/internal/x/cc.
09:50:02.065 debug: Resolve cc from file:///Applications/Cocos/Creator/3.8.6/CocosCreator.app/Contents/Resources/resources/3d/engine/editor/assets/default_renderpipeline/builtin-pipeline.ts as cce:/internal/x/cc.
09:50:02.065 debug: Resolve cc from file:///Applications/Cocos/Creator/3.8.6/CocosCreator.app/Contents/Resources/resources/3d/engine/editor/assets/default_renderpipeline/builtin-pipeline.ts as cce:/internal/x/cc.
09:50:02.065 debug: Resolve cc/env from file:///Applications/Cocos/Creator/3.8.6/CocosCreator.app/Contents/Resources/resources/3d/engine/editor/assets/default_renderpipeline/builtin-pipeline.ts as external dependency cc/env.
09:50:02.065 debug: Resolve ./builtin-pipeline-types from file:///Applications/Cocos/Creator/3.8.6/CocosCreator.app/Contents/Resources/resources/3d/engine/editor/assets/default_renderpipeline/builtin-pipeline.ts as file:///Applications/Cocos/Creator/3.8.6/CocosCreator.app/Contents/Resources/resources/3d/engine/editor/assets/default_renderpipeline/builtin-pipeline-types.ts.
09:50:02.065 debug: Resolve cc from file:///Applications/Cocos/Creator/3.8.6/CocosCreator.app/Contents/Resources/resources/3d/engine/editor/assets/tools/debug-view-runtime-control.ts as cce:/internal/x/cc.
09:50:02.065 debug: Resolve cc from file:///Applications/Cocos/Creator/3.8.6/CocosCreator.app/Contents/Resources/resources/3d/engine/editor/assets/tools/debug-view-runtime-control.ts as cce:/internal/x/cc.
09:50:02.065 debug: Resolve cc from file:///Applications/Cocos/Creator/3.8.6/CocosCreator.app/Contents/Resources/resources/3d/engine/editor/assets/tools/debug-view-runtime-control.ts as cce:/internal/x/cc.
09:50:02.065 debug: Resolve cc from file:///Users/zhao/Desktop/test/cocos-creator/PlaneFight/assets/Scripts/BgBox.ts as cce:/internal/x/cc.
09:50:02.065 debug: Resolve cc from file:///Users/zhao/Desktop/test/cocos-creator/PlaneFight/assets/Scripts/BgBox.ts as cce:/internal/x/cc.
09:50:02.065 debug: Resolve cc from file:///Users/zhao/Desktop/test/cocos-creator/PlaneFight/assets/Scripts/BgBox.ts as cce:/internal/x/cc.
09:50:02.065 debug: Resolve cc from file:///Users/zhao/Desktop/test/cocos-creator/PlaneFight/assets/Scripts/Ememy.ts as cce:/internal/x/cc.
09:50:02.065 debug: Resolve cc from file:///Users/zhao/Desktop/test/cocos-creator/PlaneFight/assets/Scripts/Ememy.ts as cce:/internal/x/cc.
09:50:02.065 debug: Resolve cc from file:///Users/zhao/Desktop/test/cocos-creator/PlaneFight/assets/Scripts/Ememy.ts as cce:/internal/x/cc.
09:50:02.067 debug: Target(editor) ends with cost 31.39308400000027ms.
09:50:02.067 debug: Target(preview) build started.
09:50:02.067 debug: Detected change: cce:/internal/x/cc. Last mtime: Thu Jan 01 1970 08:00:03 GMT+0800 (中国标准时间), Current mtime: Thu Jan 01 1970 08:00:03 GMT+0800 (中国标准时间)
09:50:02.067 debug: Inspect cce:/internal/x/cc
09:50:02.076 debug: transform url: 'cce:/internal/x/cc' costs: 8.10 ms
09:50:02.076 debug: Resolve cce:/internal/x/cc-fu/2d from cce:/internal/x/cc as external dependency cce:/internal/x/cc-fu/2d.
09:50:02.076 debug: Resolve cce:/internal/x/cc-fu/sorting from cce:/internal/x/cc as external dependency cce:/internal/x/cc-fu/sorting.
09:50:02.076 debug: Resolve cce:/internal/x/cc-fu/affine-transform from cce:/internal/x/cc as external dependency cce:/internal/x/cc-fu/affine-transform.
09:50:02.076 debug: Resolve cce:/internal/x/cc-fu/animation from cce:/internal/x/cc as external dependency cce:/internal/x/cc-fu/animation.
09:50:02.076 debug: Resolve cce:/internal/x/cc-fu/audio from cce:/internal/x/cc as external dependency cce:/internal/x/cc-fu/audio.
09:50:02.076 debug: Resolve cce:/internal/x/cc-fu/base from cce:/internal/x/cc as external dependency cce:/internal/x/cc-fu/base.
09:50:02.076 debug: Resolve cce:/internal/x/cc-fu/custom-pipeline from cce:/internal/x/cc as external dependency cce:/internal/x/cc-fu/custom-pipeline.
09:50:02.076 debug: Resolve cce:/internal/x/cc-fu/dragon-bones from cce:/internal/x/cc as external dependency cce:/internal/x/cc-fu/dragon-bones.
09:50:02.076 debug: Resolve cce:/internal/x/cc-fu/gfx-webgl from cce:/internal/x/cc as external dependency cce:/internal/x/cc-fu/gfx-webgl.
09:50:02.076 debug: Resolve cce:/internal/x/cc-fu/gfx-webgl2 from cce:/internal/x/cc as external dependency cce:/internal/x/cc-fu/gfx-webgl2.
09:50:02.076 debug: Resolve cce:/internal/x/cc-fu/graphics from cce:/internal/x/cc as external dependency cce:/internal/x/cc-fu/graphics.
09:50:02.076 debug: Resolve cce:/internal/x/cc-fu/intersection-2d from cce:/internal/x/cc as external dependency cce:/internal/x/cc-fu/intersection-2d.
09:50:02.076 debug: Resolve cce:/internal/x/cc-fu/mask from cce:/internal/x/cc as external dependency cce:/internal/x/cc-fu/mask.
09:50:02.076 debug: Resolve cce:/internal/x/cc-fu/particle-2d from cce:/internal/x/cc as external dependency cce:/internal/x/cc-fu/particle-2d.
09:50:02.076 debug: Resolve cce:/internal/x/cc-fu/physics-2d-box2d from cce:/internal/x/cc as external dependency cce:/internal/x/cc-fu/physics-2d-box2d.
09:50:02.076 debug: Resolve cce:/internal/x/cc-fu/physics-2d-framework from cce:/internal/x/cc as external dependency cce:/internal/x/cc-fu/physics-2d-framework.
09:50:02.076 debug: Resolve cce:/internal/x/cc-fu/profiler from cce:/internal/x/cc as external dependency cce:/internal/x/cc-fu/profiler.
09:50:02.076 debug: Resolve cce:/internal/x/cc-fu/rich-text from cce:/internal/x/cc as external dependency cce:/internal/x/cc-fu/rich-text.
09:50:02.076 debug: Resolve cce:/internal/x/cc-fu/spine from cce:/internal/x/cc as external dependency cce:/internal/x/cc-fu/spine.
09:50:02.076 debug: Resolve cce:/internal/x/cc-fu/tiled-map from cce:/internal/x/cc as external dependency cce:/internal/x/cc-fu/tiled-map.
09:50:02.076 debug: Resolve cce:/internal/x/cc-fu/tween from cce:/internal/x/cc as external dependency cce:/internal/x/cc-fu/tween.
09:50:02.076 debug: Resolve cce:/internal/x/cc-fu/ui from cce:/internal/x/cc as external dependency cce:/internal/x/cc-fu/ui.
09:50:02.076 debug: Resolve cce:/internal/x/cc-fu/video from cce:/internal/x/cc as external dependency cce:/internal/x/cc-fu/video.
09:50:02.076 debug: Resolve cce:/internal/x/cc-fu/webview from cce:/internal/x/cc as external dependency cce:/internal/x/cc-fu/webview.
09:50:02.076 debug: Detected change: cce:/internal/x/prerequisite-imports. Last mtime: Thu Jan 01 1970 08:00:23 GMT+0800 (中国标准时间), Current mtime: Thu Jan 01 1970 08:00:03 GMT+0800 (中国标准时间)
09:50:02.076 debug: Inspect cce:/internal/x/prerequisite-imports
09:50:02.079 debug: transform url: 'cce:/internal/x/prerequisite-imports' costs: 2.70 ms
09:50:02.079 debug: Resolve file:///Applications/Cocos/Creator/3.8.6/CocosCreator.app/Contents/Resources/resources/3d/engine/editor/assets/default_renderpipeline/builtin-dof-pass.ts from cce:/internal/x/prerequisite-imports as file:///Applications/Cocos/Creator/3.8.6/CocosCreator.app/Contents/Resources/resources/3d/engine/editor/assets/default_renderpipeline/builtin-dof-pass.ts.
09:50:02.079 debug: Resolve file:///Applications/Cocos/Creator/3.8.6/CocosCreator.app/Contents/Resources/resources/3d/engine/editor/assets/default_renderpipeline/builtin-pipeline-pass.ts from cce:/internal/x/prerequisite-imports as file:///Applications/Cocos/Creator/3.8.6/CocosCreator.app/Contents/Resources/resources/3d/engine/editor/assets/default_renderpipeline/builtin-pipeline-pass.ts.
09:50:02.079 debug: Resolve file:///Applications/Cocos/Creator/3.8.6/CocosCreator.app/Contents/Resources/resources/3d/engine/editor/assets/default_renderpipeline/builtin-pipeline-settings.ts from cce:/internal/x/prerequisite-imports as file:///Applications/Cocos/Creator/3.8.6/CocosCreator.app/Contents/Resources/resources/3d/engine/editor/assets/default_renderpipeline/builtin-pipeline-settings.ts.
09:50:02.079 debug: Resolve file:///Applications/Cocos/Creator/3.8.6/CocosCreator.app/Contents/Resources/resources/3d/engine/editor/assets/default_renderpipeline/builtin-pipeline-types.ts from cce:/internal/x/prerequisite-imports as file:///Applications/Cocos/Creator/3.8.6/CocosCreator.app/Contents/Resources/resources/3d/engine/editor/assets/default_renderpipeline/builtin-pipeline-types.ts.
09:50:02.079 debug: Resolve file:///Applications/Cocos/Creator/3.8.6/CocosCreator.app/Contents/Resources/resources/3d/engine/editor/assets/default_renderpipeline/builtin-pipeline.ts from cce:/internal/x/prerequisite-imports as file:///Applications/Cocos/Creator/3.8.6/CocosCreator.app/Contents/Resources/resources/3d/engine/editor/assets/default_renderpipeline/builtin-pipeline.ts.
09:50:02.079 debug: Resolve file:///Applications/Cocos/Creator/3.8.6/CocosCreator.app/Contents/Resources/resources/3d/engine/editor/assets/tools/debug-view-runtime-control.ts from cce:/internal/x/prerequisite-imports as file:///Applications/Cocos/Creator/3.8.6/CocosCreator.app/Contents/Resources/resources/3d/engine/editor/assets/tools/debug-view-runtime-control.ts.
09:50:02.079 debug: Resolve file:///Users/zhao/Desktop/test/cocos-creator/PlaneFight/assets/Scripts/BgBox.ts from cce:/internal/x/prerequisite-imports as file:///Users/zhao/Desktop/test/cocos-creator/PlaneFight/assets/Scripts/BgBox.ts.
09:50:02.079 debug: Resolve file:///Users/zhao/Desktop/test/cocos-creator/PlaneFight/assets/Scripts/Ememy.ts from cce:/internal/x/prerequisite-imports as file:///Users/zhao/Desktop/test/cocos-creator/PlaneFight/assets/Scripts/Ememy.ts.
09:50:02.079 debug: Resolve cce:/internal/code-quality/cr.mjs from file:///Applications/Cocos/Creator/3.8.6/CocosCreator.app/Contents/Resources/resources/3d/engine/editor/assets/default_renderpipeline/builtin-dof-pass.ts as cce:/internal/code-quality/cr.mjs.
09:50:02.079 debug: Detected change: cce:/internal/code-quality/cr.mjs. Last mtime: Thu Jul 17 2025 11:29:25 GMT+0800 (中国标准时间), Current mtime: Fri Jul 18 2025 09:49:58 GMT+0800 (中国标准时间)
09:50:02.079 debug: Inspect cce:/internal/code-quality/cr.mjs
09:50:02.082 debug: transform url: 'cce:/internal/code-quality/cr.mjs' costs: 2.80 ms
09:50:02.083 debug: Resolve cc from file:///Applications/Cocos/Creator/3.8.6/CocosCreator.app/Contents/Resources/resources/3d/engine/editor/assets/default_renderpipeline/builtin-dof-pass.ts as cce:/internal/x/cc.
09:50:02.083 debug: Resolve cc from file:///Applications/Cocos/Creator/3.8.6/CocosCreator.app/Contents/Resources/resources/3d/engine/editor/assets/default_renderpipeline/builtin-dof-pass.ts as cce:/internal/x/cc.
09:50:02.083 debug: Resolve cc from file:///Applications/Cocos/Creator/3.8.6/CocosCreator.app/Contents/Resources/resources/3d/engine/editor/assets/default_renderpipeline/builtin-dof-pass.ts as cce:/internal/x/cc.
09:50:02.083 debug: Resolve cc/env from file:///Applications/Cocos/Creator/3.8.6/CocosCreator.app/Contents/Resources/resources/3d/engine/editor/assets/default_renderpipeline/builtin-dof-pass.ts as external dependency cc/env.
09:50:02.083 debug: Resolve ./builtin-pipeline-settings from file:///Applications/Cocos/Creator/3.8.6/CocosCreator.app/Contents/Resources/resources/3d/engine/editor/assets/default_renderpipeline/builtin-dof-pass.ts as file:///Applications/Cocos/Creator/3.8.6/CocosCreator.app/Contents/Resources/resources/3d/engine/editor/assets/default_renderpipeline/builtin-pipeline-settings.ts.
09:50:02.083 debug: Resolve ./builtin-pipeline-pass from file:///Applications/Cocos/Creator/3.8.6/CocosCreator.app/Contents/Resources/resources/3d/engine/editor/assets/default_renderpipeline/builtin-dof-pass.ts as file:///Applications/Cocos/Creator/3.8.6/CocosCreator.app/Contents/Resources/resources/3d/engine/editor/assets/default_renderpipeline/builtin-pipeline-pass.ts.
09:50:02.083 debug: Resolve ./builtin-pipeline from file:///Applications/Cocos/Creator/3.8.6/CocosCreator.app/Contents/Resources/resources/3d/engine/editor/assets/default_renderpipeline/builtin-dof-pass.ts as file:///Applications/Cocos/Creator/3.8.6/CocosCreator.app/Contents/Resources/resources/3d/engine/editor/assets/default_renderpipeline/builtin-pipeline.ts.
09:50:02.083 debug: Resolve cce:/internal/code-quality/cr.mjs from file:///Applications/Cocos/Creator/3.8.6/CocosCreator.app/Contents/Resources/resources/3d/engine/editor/assets/default_renderpipeline/builtin-pipeline-settings.ts as cce:/internal/code-quality/cr.mjs.
09:50:02.083 debug: Resolve cc from file:///Applications/Cocos/Creator/3.8.6/CocosCreator.app/Contents/Resources/resources/3d/engine/editor/assets/default_renderpipeline/builtin-pipeline-settings.ts as cce:/internal/x/cc.
09:50:02.083 debug: Resolve cc from file:///Applications/Cocos/Creator/3.8.6/CocosCreator.app/Contents/Resources/resources/3d/engine/editor/assets/default_renderpipeline/builtin-pipeline-settings.ts as cce:/internal/x/cc.
09:50:02.083 debug: Resolve cc from file:///Applications/Cocos/Creator/3.8.6/CocosCreator.app/Contents/Resources/resources/3d/engine/editor/assets/default_renderpipeline/builtin-pipeline-settings.ts as cce:/internal/x/cc.
09:50:02.083 debug: Resolve cc/env from file:///Applications/Cocos/Creator/3.8.6/CocosCreator.app/Contents/Resources/resources/3d/engine/editor/assets/default_renderpipeline/builtin-pipeline-settings.ts as external dependency cc/env.
09:50:02.083 debug: Resolve ./builtin-pipeline-types from file:///Applications/Cocos/Creator/3.8.6/CocosCreator.app/Contents/Resources/resources/3d/engine/editor/assets/default_renderpipeline/builtin-pipeline-settings.ts as file:///Applications/Cocos/Creator/3.8.6/CocosCreator.app/Contents/Resources/resources/3d/engine/editor/assets/default_renderpipeline/builtin-pipeline-types.ts.
09:50:02.083 debug: Resolve cc from file:///Applications/Cocos/Creator/3.8.6/CocosCreator.app/Contents/Resources/resources/3d/engine/editor/assets/default_renderpipeline/builtin-pipeline-types.ts as cce:/internal/x/cc.
09:50:02.083 debug: Resolve cc from file:///Applications/Cocos/Creator/3.8.6/CocosCreator.app/Contents/Resources/resources/3d/engine/editor/assets/default_renderpipeline/builtin-pipeline-types.ts as cce:/internal/x/cc.
09:50:02.083 debug: Resolve cc from file:///Applications/Cocos/Creator/3.8.6/CocosCreator.app/Contents/Resources/resources/3d/engine/editor/assets/default_renderpipeline/builtin-pipeline-types.ts as cce:/internal/x/cc.
09:50:02.083 debug: Resolve cce:/internal/code-quality/cr.mjs from file:///Applications/Cocos/Creator/3.8.6/CocosCreator.app/Contents/Resources/resources/3d/engine/editor/assets/default_renderpipeline/builtin-pipeline-pass.ts as cce:/internal/code-quality/cr.mjs.
09:50:02.083 debug: Resolve cc from file:///Applications/Cocos/Creator/3.8.6/CocosCreator.app/Contents/Resources/resources/3d/engine/editor/assets/default_renderpipeline/builtin-pipeline-pass.ts as cce:/internal/x/cc.
09:50:02.083 debug: Resolve cc from file:///Applications/Cocos/Creator/3.8.6/CocosCreator.app/Contents/Resources/resources/3d/engine/editor/assets/default_renderpipeline/builtin-pipeline-pass.ts as cce:/internal/x/cc.
09:50:02.083 debug: Resolve cc from file:///Applications/Cocos/Creator/3.8.6/CocosCreator.app/Contents/Resources/resources/3d/engine/editor/assets/default_renderpipeline/builtin-pipeline-pass.ts as cce:/internal/x/cc.
09:50:02.083 debug: Resolve ./builtin-pipeline-settings from file:///Applications/Cocos/Creator/3.8.6/CocosCreator.app/Contents/Resources/resources/3d/engine/editor/assets/default_renderpipeline/builtin-pipeline-pass.ts as file:///Applications/Cocos/Creator/3.8.6/CocosCreator.app/Contents/Resources/resources/3d/engine/editor/assets/default_renderpipeline/builtin-pipeline-settings.ts.
09:50:02.083 debug: Resolve cc/env from file:///Applications/Cocos/Creator/3.8.6/CocosCreator.app/Contents/Resources/resources/3d/engine/editor/assets/default_renderpipeline/builtin-pipeline-pass.ts as external dependency cc/env.
09:50:02.083 debug: Resolve cce:/internal/code-quality/cr.mjs from file:///Applications/Cocos/Creator/3.8.6/CocosCreator.app/Contents/Resources/resources/3d/engine/editor/assets/default_renderpipeline/builtin-pipeline.ts as cce:/internal/code-quality/cr.mjs.
09:50:02.083 debug: Resolve cc from file:///Applications/Cocos/Creator/3.8.6/CocosCreator.app/Contents/Resources/resources/3d/engine/editor/assets/default_renderpipeline/builtin-pipeline.ts as cce:/internal/x/cc.
09:50:02.083 debug: Resolve cc from file:///Applications/Cocos/Creator/3.8.6/CocosCreator.app/Contents/Resources/resources/3d/engine/editor/assets/default_renderpipeline/builtin-pipeline.ts as cce:/internal/x/cc.
09:50:02.083 debug: Resolve cc from file:///Applications/Cocos/Creator/3.8.6/CocosCreator.app/Contents/Resources/resources/3d/engine/editor/assets/default_renderpipeline/builtin-pipeline.ts as cce:/internal/x/cc.
09:50:02.083 debug: Resolve cc/env from file:///Applications/Cocos/Creator/3.8.6/CocosCreator.app/Contents/Resources/resources/3d/engine/editor/assets/default_renderpipeline/builtin-pipeline.ts as external dependency cc/env.
09:50:02.083 debug: Resolve ./builtin-pipeline-types from file:///Applications/Cocos/Creator/3.8.6/CocosCreator.app/Contents/Resources/resources/3d/engine/editor/assets/default_renderpipeline/builtin-pipeline.ts as file:///Applications/Cocos/Creator/3.8.6/CocosCreator.app/Contents/Resources/resources/3d/engine/editor/assets/default_renderpipeline/builtin-pipeline-types.ts.
09:50:02.083 debug: Resolve cc from file:///Applications/Cocos/Creator/3.8.6/CocosCreator.app/Contents/Resources/resources/3d/engine/editor/assets/tools/debug-view-runtime-control.ts as cce:/internal/x/cc.
09:50:02.083 debug: Resolve cc from file:///Applications/Cocos/Creator/3.8.6/CocosCreator.app/Contents/Resources/resources/3d/engine/editor/assets/tools/debug-view-runtime-control.ts as cce:/internal/x/cc.
09:50:02.083 debug: Resolve cc from file:///Applications/Cocos/Creator/3.8.6/CocosCreator.app/Contents/Resources/resources/3d/engine/editor/assets/tools/debug-view-runtime-control.ts as cce:/internal/x/cc.
09:50:02.083 debug: Resolve cc from file:///Users/zhao/Desktop/test/cocos-creator/PlaneFight/assets/Scripts/BgBox.ts as cce:/internal/x/cc.
09:50:02.083 debug: Resolve cc from file:///Users/zhao/Desktop/test/cocos-creator/PlaneFight/assets/Scripts/BgBox.ts as cce:/internal/x/cc.
09:50:02.083 debug: Resolve cc from file:///Users/zhao/Desktop/test/cocos-creator/PlaneFight/assets/Scripts/BgBox.ts as cce:/internal/x/cc.
09:50:02.083 debug: Resolve cc from file:///Users/zhao/Desktop/test/cocos-creator/PlaneFight/assets/Scripts/Ememy.ts as cce:/internal/x/cc.
09:50:02.083 debug: Resolve cc from file:///Users/zhao/Desktop/test/cocos-creator/PlaneFight/assets/Scripts/Ememy.ts as cce:/internal/x/cc.
09:50:02.083 debug: Resolve cc from file:///Users/zhao/Desktop/test/cocos-creator/PlaneFight/assets/Scripts/Ememy.ts as cce:/internal/x/cc.
09:50:02.085 debug: Target(preview) ends with cost 18.105375000000095ms.
09:50:02.310 debug: Pulling asset-db.
09:50:02.511 debug: Fetch asset-db cost: 201.3077500000004ms.
09:50:02.512 debug: Build iteration starts.
Number of accumulated asset changes: 8
Feature changed: false
09:50:02.512 debug: Target(editor) build started.
09:50:02.513 debug: Detected change: cce:/internal/x/prerequisite-imports. Last mtime: Thu Jan 01 1970 08:00:03 GMT+0800 (中国标准时间), Current mtime: Thu Jan 01 1970 08:00:03 GMT+0800 (中国标准时间)
09:50:02.513 debug: Inspect cce:/internal/x/prerequisite-imports
09:50:02.516 debug: transform url: 'cce:/internal/x/prerequisite-imports' costs: 3.00 ms
09:50:02.516 debug: Resolve file:///Applications/Cocos/Creator/3.8.6/CocosCreator.app/Contents/Resources/resources/3d/engine/editor/assets/default_renderpipeline/builtin-dof-pass.ts from cce:/internal/x/prerequisite-imports as file:///Applications/Cocos/Creator/3.8.6/CocosCreator.app/Contents/Resources/resources/3d/engine/editor/assets/default_renderpipeline/builtin-dof-pass.ts.
09:50:02.516 debug: Resolve file:///Applications/Cocos/Creator/3.8.6/CocosCreator.app/Contents/Resources/resources/3d/engine/editor/assets/default_renderpipeline/builtin-pipeline-pass.ts from cce:/internal/x/prerequisite-imports as file:///Applications/Cocos/Creator/3.8.6/CocosCreator.app/Contents/Resources/resources/3d/engine/editor/assets/default_renderpipeline/builtin-pipeline-pass.ts.
09:50:02.516 debug: Resolve file:///Applications/Cocos/Creator/3.8.6/CocosCreator.app/Contents/Resources/resources/3d/engine/editor/assets/default_renderpipeline/builtin-pipeline-settings.ts from cce:/internal/x/prerequisite-imports as file:///Applications/Cocos/Creator/3.8.6/CocosCreator.app/Contents/Resources/resources/3d/engine/editor/assets/default_renderpipeline/builtin-pipeline-settings.ts.
09:50:02.516 debug: Resolve file:///Applications/Cocos/Creator/3.8.6/CocosCreator.app/Contents/Resources/resources/3d/engine/editor/assets/default_renderpipeline/builtin-pipeline-types.ts from cce:/internal/x/prerequisite-imports as file:///Applications/Cocos/Creator/3.8.6/CocosCreator.app/Contents/Resources/resources/3d/engine/editor/assets/default_renderpipeline/builtin-pipeline-types.ts.
09:50:02.516 debug: Resolve file:///Applications/Cocos/Creator/3.8.6/CocosCreator.app/Contents/Resources/resources/3d/engine/editor/assets/default_renderpipeline/builtin-pipeline.ts from cce:/internal/x/prerequisite-imports as file:///Applications/Cocos/Creator/3.8.6/CocosCreator.app/Contents/Resources/resources/3d/engine/editor/assets/default_renderpipeline/builtin-pipeline.ts.
09:50:02.516 debug: Resolve file:///Applications/Cocos/Creator/3.8.6/CocosCreator.app/Contents/Resources/resources/3d/engine/editor/assets/tools/debug-view-runtime-control.ts from cce:/internal/x/prerequisite-imports as file:///Applications/Cocos/Creator/3.8.6/CocosCreator.app/Contents/Resources/resources/3d/engine/editor/assets/tools/debug-view-runtime-control.ts.
09:50:02.516 debug: Resolve file:///Users/zhao/Desktop/test/cocos-creator/PlaneFight/assets/Scripts/BgBox.ts from cce:/internal/x/prerequisite-imports as file:///Users/zhao/Desktop/test/cocos-creator/PlaneFight/assets/Scripts/BgBox.ts.
09:50:02.516 debug: Resolve file:///Users/zhao/Desktop/test/cocos-creator/PlaneFight/assets/Scripts/Ememy.ts from cce:/internal/x/prerequisite-imports as file:///Users/zhao/Desktop/test/cocos-creator/PlaneFight/assets/Scripts/Ememy.ts.
09:50:02.518 debug: Target(editor) ends with cost 5.699833000000126ms.
09:50:02.518 debug: Target(preview) build started.
09:50:02.518 debug: Detected change: cce:/internal/x/prerequisite-imports. Last mtime: Thu Jan 01 1970 08:00:03 GMT+0800 (中国标准时间), Current mtime: Thu Jan 01 1970 08:00:03 GMT+0800 (中国标准时间)
09:50:02.518 debug: Inspect cce:/internal/x/prerequisite-imports
09:50:02.521 debug: transform url: 'cce:/internal/x/prerequisite-imports' costs: 2.80 ms
09:50:02.521 debug: Resolve file:///Applications/Cocos/Creator/3.8.6/CocosCreator.app/Contents/Resources/resources/3d/engine/editor/assets/default_renderpipeline/builtin-dof-pass.ts from cce:/internal/x/prerequisite-imports as file:///Applications/Cocos/Creator/3.8.6/CocosCreator.app/Contents/Resources/resources/3d/engine/editor/assets/default_renderpipeline/builtin-dof-pass.ts.
09:50:02.521 debug: Resolve file:///Applications/Cocos/Creator/3.8.6/CocosCreator.app/Contents/Resources/resources/3d/engine/editor/assets/default_renderpipeline/builtin-pipeline-pass.ts from cce:/internal/x/prerequisite-imports as file:///Applications/Cocos/Creator/3.8.6/CocosCreator.app/Contents/Resources/resources/3d/engine/editor/assets/default_renderpipeline/builtin-pipeline-pass.ts.
09:50:02.521 debug: Resolve file:///Applications/Cocos/Creator/3.8.6/CocosCreator.app/Contents/Resources/resources/3d/engine/editor/assets/default_renderpipeline/builtin-pipeline-settings.ts from cce:/internal/x/prerequisite-imports as file:///Applications/Cocos/Creator/3.8.6/CocosCreator.app/Contents/Resources/resources/3d/engine/editor/assets/default_renderpipeline/builtin-pipeline-settings.ts.
09:50:02.521 debug: Resolve file:///Applications/Cocos/Creator/3.8.6/CocosCreator.app/Contents/Resources/resources/3d/engine/editor/assets/default_renderpipeline/builtin-pipeline-types.ts from cce:/internal/x/prerequisite-imports as file:///Applications/Cocos/Creator/3.8.6/CocosCreator.app/Contents/Resources/resources/3d/engine/editor/assets/default_renderpipeline/builtin-pipeline-types.ts.
09:50:02.522 debug: Resolve file:///Applications/Cocos/Creator/3.8.6/CocosCreator.app/Contents/Resources/resources/3d/engine/editor/assets/default_renderpipeline/builtin-pipeline.ts from cce:/internal/x/prerequisite-imports as file:///Applications/Cocos/Creator/3.8.6/CocosCreator.app/Contents/Resources/resources/3d/engine/editor/assets/default_renderpipeline/builtin-pipeline.ts.
09:50:02.522 debug: Resolve file:///Applications/Cocos/Creator/3.8.6/CocosCreator.app/Contents/Resources/resources/3d/engine/editor/assets/tools/debug-view-runtime-control.ts from cce:/internal/x/prerequisite-imports as file:///Applications/Cocos/Creator/3.8.6/CocosCreator.app/Contents/Resources/resources/3d/engine/editor/assets/tools/debug-view-runtime-control.ts.
09:50:02.522 debug: Resolve file:///Users/zhao/Desktop/test/cocos-creator/PlaneFight/assets/Scripts/BgBox.ts from cce:/internal/x/prerequisite-imports as file:///Users/zhao/Desktop/test/cocos-creator/PlaneFight/assets/Scripts/BgBox.ts.
09:50:02.522 debug: Resolve file:///Users/zhao/Desktop/test/cocos-creator/PlaneFight/assets/Scripts/Ememy.ts from cce:/internal/x/prerequisite-imports as file:///Users/zhao/Desktop/test/cocos-creator/PlaneFight/assets/Scripts/Ememy.ts.
09:50:02.523 debug: Target(preview) ends with cost 5.452749999999924ms.
09:51:21.017 debug: Dispatch build request for time accumulated 1 asset changes.
09:51:21.018 debug: Build iteration starts.
Number of accumulated asset changes: 1
Feature changed: false
09:51:21.018 debug: Target(editor) build started.
09:51:21.019 debug: Detected change: cce:/internal/x/prerequisite-imports. Last mtime: Thu Jan 01 1970 08:00:03 GMT+0800 (中国标准时间), Current mtime: Thu Jan 01 1970 08:01:22 GMT+0800 (中国标准时间)
09:51:21.020 debug: Inspect cce:/internal/x/prerequisite-imports
09:51:21.028 debug: transform url: 'cce:/internal/x/prerequisite-imports' costs: 8.80 ms
09:51:21.030 debug: Resolve file:///Applications/Cocos/Creator/3.8.6/CocosCreator.app/Contents/Resources/resources/3d/engine/editor/assets/default_renderpipeline/builtin-dof-pass.ts from cce:/internal/x/prerequisite-imports as file:///Applications/Cocos/Creator/3.8.6/CocosCreator.app/Contents/Resources/resources/3d/engine/editor/assets/default_renderpipeline/builtin-dof-pass.ts.
09:51:21.030 debug: Resolve file:///Applications/Cocos/Creator/3.8.6/CocosCreator.app/Contents/Resources/resources/3d/engine/editor/assets/default_renderpipeline/builtin-pipeline-pass.ts from cce:/internal/x/prerequisite-imports as file:///Applications/Cocos/Creator/3.8.6/CocosCreator.app/Contents/Resources/resources/3d/engine/editor/assets/default_renderpipeline/builtin-pipeline-pass.ts.
09:51:21.030 debug: Resolve file:///Applications/Cocos/Creator/3.8.6/CocosCreator.app/Contents/Resources/resources/3d/engine/editor/assets/default_renderpipeline/builtin-pipeline-settings.ts from cce:/internal/x/prerequisite-imports as file:///Applications/Cocos/Creator/3.8.6/CocosCreator.app/Contents/Resources/resources/3d/engine/editor/assets/default_renderpipeline/builtin-pipeline-settings.ts.
09:51:21.030 debug: Resolve file:///Applications/Cocos/Creator/3.8.6/CocosCreator.app/Contents/Resources/resources/3d/engine/editor/assets/default_renderpipeline/builtin-pipeline-types.ts from cce:/internal/x/prerequisite-imports as file:///Applications/Cocos/Creator/3.8.6/CocosCreator.app/Contents/Resources/resources/3d/engine/editor/assets/default_renderpipeline/builtin-pipeline-types.ts.
09:51:21.030 debug: Resolve file:///Applications/Cocos/Creator/3.8.6/CocosCreator.app/Contents/Resources/resources/3d/engine/editor/assets/default_renderpipeline/builtin-pipeline.ts from cce:/internal/x/prerequisite-imports as file:///Applications/Cocos/Creator/3.8.6/CocosCreator.app/Contents/Resources/resources/3d/engine/editor/assets/default_renderpipeline/builtin-pipeline.ts.
09:51:21.030 debug: Resolve file:///Applications/Cocos/Creator/3.8.6/CocosCreator.app/Contents/Resources/resources/3d/engine/editor/assets/tools/debug-view-runtime-control.ts from cce:/internal/x/prerequisite-imports as file:///Applications/Cocos/Creator/3.8.6/CocosCreator.app/Contents/Resources/resources/3d/engine/editor/assets/tools/debug-view-runtime-control.ts.
09:51:21.030 debug: Resolve file:///Users/zhao/Desktop/test/cocos-creator/PlaneFight/assets/Scripts/BgBox.ts from cce:/internal/x/prerequisite-imports as file:///Users/zhao/Desktop/test/cocos-creator/PlaneFight/assets/Scripts/BgBox.ts.
09:51:21.030 debug: Resolve file:///Users/zhao/Desktop/test/cocos-creator/PlaneFight/assets/Scripts/Ememy.ts from cce:/internal/x/prerequisite-imports as file:///Users/zhao/Desktop/test/cocos-creator/PlaneFight/assets/Scripts/Ememy.ts.
09:51:21.030 debug: Detected change: file:///Users/zhao/Desktop/test/cocos-creator/PlaneFight/assets/Scripts/Ememy.ts. Last mtime: Thu Jul 17 2025 11:29:48 GMT+0800 (中国标准时间)@70755476-15f9-41c6-9470-be63e30c18ad, Current mtime: Fri Jul 18 2025 09:51:20 GMT+0800 (中国标准时间)@70755476-15f9-41c6-9470-be63e30c18ad
09:51:21.030 debug: Inspect file:///Users/zhao/Desktop/test/cocos-creator/PlaneFight/assets/Scripts/Ememy.ts
09:51:21.060 debug: transform url: 'file:///Users/zhao/Desktop/test/cocos-creator/PlaneFight/assets/Scripts/Ememy.ts' costs: 29.90 ms
09:51:21.061 debug: Resolve cc from file:///Users/zhao/Desktop/test/cocos-creator/PlaneFight/assets/Scripts/Ememy.ts as cce:/internal/x/cc.
09:51:21.061 debug: Resolve cc from file:///Users/zhao/Desktop/test/cocos-creator/PlaneFight/assets/Scripts/Ememy.ts as cce:/internal/x/cc.
09:51:21.061 debug: Resolve cc from file:///Users/zhao/Desktop/test/cocos-creator/PlaneFight/assets/Scripts/Ememy.ts as cce:/internal/x/cc.
09:51:21.062 debug: Target(editor) ends with cost 44.03129199999967ms.
09:51:21.063 debug: Target(preview) build started.
09:51:21.065 debug: Detected change: cce:/internal/x/prerequisite-imports. Last mtime: Thu Jan 01 1970 08:00:03 GMT+0800 (中国标准时间), Current mtime: Thu Jan 01 1970 08:01:22 GMT+0800 (中国标准时间)
09:51:21.065 debug: Inspect cce:/internal/x/prerequisite-imports
09:51:21.071 debug: transform url: 'cce:/internal/x/prerequisite-imports' costs: 6.30 ms
09:51:21.072 debug: Resolve file:///Applications/Cocos/Creator/3.8.6/CocosCreator.app/Contents/Resources/resources/3d/engine/editor/assets/default_renderpipeline/builtin-dof-pass.ts from cce:/internal/x/prerequisite-imports as file:///Applications/Cocos/Creator/3.8.6/CocosCreator.app/Contents/Resources/resources/3d/engine/editor/assets/default_renderpipeline/builtin-dof-pass.ts.
09:51:21.072 debug: Resolve file:///Applications/Cocos/Creator/3.8.6/CocosCreator.app/Contents/Resources/resources/3d/engine/editor/assets/default_renderpipeline/builtin-pipeline-pass.ts from cce:/internal/x/prerequisite-imports as file:///Applications/Cocos/Creator/3.8.6/CocosCreator.app/Contents/Resources/resources/3d/engine/editor/assets/default_renderpipeline/builtin-pipeline-pass.ts.
09:51:21.073 debug: Resolve file:///Applications/Cocos/Creator/3.8.6/CocosCreator.app/Contents/Resources/resources/3d/engine/editor/assets/default_renderpipeline/builtin-pipeline-settings.ts from cce:/internal/x/prerequisite-imports as file:///Applications/Cocos/Creator/3.8.6/CocosCreator.app/Contents/Resources/resources/3d/engine/editor/assets/default_renderpipeline/builtin-pipeline-settings.ts.
09:51:21.073 debug: Resolve file:///Applications/Cocos/Creator/3.8.6/CocosCreator.app/Contents/Resources/resources/3d/engine/editor/assets/default_renderpipeline/builtin-pipeline-types.ts from cce:/internal/x/prerequisite-imports as file:///Applications/Cocos/Creator/3.8.6/CocosCreator.app/Contents/Resources/resources/3d/engine/editor/assets/default_renderpipeline/builtin-pipeline-types.ts.
09:51:21.073 debug: Resolve file:///Applications/Cocos/Creator/3.8.6/CocosCreator.app/Contents/Resources/resources/3d/engine/editor/assets/default_renderpipeline/builtin-pipeline.ts from cce:/internal/x/prerequisite-imports as file:///Applications/Cocos/Creator/3.8.6/CocosCreator.app/Contents/Resources/resources/3d/engine/editor/assets/default_renderpipeline/builtin-pipeline.ts.
09:51:21.073 debug: Resolve file:///Applications/Cocos/Creator/3.8.6/CocosCreator.app/Contents/Resources/resources/3d/engine/editor/assets/tools/debug-view-runtime-control.ts from cce:/internal/x/prerequisite-imports as file:///Applications/Cocos/Creator/3.8.6/CocosCreator.app/Contents/Resources/resources/3d/engine/editor/assets/tools/debug-view-runtime-control.ts.
09:51:21.073 debug: Resolve file:///Users/zhao/Desktop/test/cocos-creator/PlaneFight/assets/Scripts/BgBox.ts from cce:/internal/x/prerequisite-imports as file:///Users/zhao/Desktop/test/cocos-creator/PlaneFight/assets/Scripts/BgBox.ts.
09:51:21.073 debug: Resolve file:///Users/zhao/Desktop/test/cocos-creator/PlaneFight/assets/Scripts/Ememy.ts from cce:/internal/x/prerequisite-imports as file:///Users/zhao/Desktop/test/cocos-creator/PlaneFight/assets/Scripts/Ememy.ts.
09:51:21.073 debug: Detected change: file:///Users/zhao/Desktop/test/cocos-creator/PlaneFight/assets/Scripts/Ememy.ts. Last mtime: Thu Jul 17 2025 11:29:48 GMT+0800 (中国标准时间)@70755476-15f9-41c6-9470-be63e30c18ad, Current mtime: Fri Jul 18 2025 09:51:20 GMT+0800 (中国标准时间)@70755476-15f9-41c6-9470-be63e30c18ad
09:51:21.073 debug: Inspect file:///Users/zhao/Desktop/test/cocos-creator/PlaneFight/assets/Scripts/Ememy.ts
09:51:21.105 debug: transform url: 'file:///Users/zhao/Desktop/test/cocos-creator/PlaneFight/assets/Scripts/Ememy.ts' costs: 32.00 ms
09:51:21.107 debug: Resolve cc from file:///Users/zhao/Desktop/test/cocos-creator/PlaneFight/assets/Scripts/Ememy.ts as cce:/internal/x/cc.
09:51:21.107 debug: Resolve cc from file:///Users/zhao/Desktop/test/cocos-creator/PlaneFight/assets/Scripts/Ememy.ts as cce:/internal/x/cc.
09:51:21.107 debug: Resolve cc from file:///Users/zhao/Desktop/test/cocos-creator/PlaneFight/assets/Scripts/Ememy.ts as cce:/internal/x/cc.
09:51:21.112 debug: Target(preview) ends with cost 48.59087499999441ms.
09:55:43.846 debug: Dispatch build request for time accumulated 1 asset changes.
09:55:43.848 debug: Build iteration starts.
Number of accumulated asset changes: 1
Feature changed: false
09:55:43.848 debug: Target(editor) build started.
09:55:43.850 debug: Detected change: cce:/internal/x/prerequisite-imports. Last mtime: Thu Jan 01 1970 08:01:22 GMT+0800 (中国标准时间), Current mtime: Thu Jan 01 1970 08:05:45 GMT+0800 (中国标准时间)
09:55:43.850 debug: Inspect cce:/internal/x/prerequisite-imports
09:55:43.860 debug: transform url: 'cce:/internal/x/prerequisite-imports' costs: 9.80 ms
09:55:43.861 debug: Resolve file:///Applications/Cocos/Creator/3.8.6/CocosCreator.app/Contents/Resources/resources/3d/engine/editor/assets/default_renderpipeline/builtin-dof-pass.ts from cce:/internal/x/prerequisite-imports as file:///Applications/Cocos/Creator/3.8.6/CocosCreator.app/Contents/Resources/resources/3d/engine/editor/assets/default_renderpipeline/builtin-dof-pass.ts.
09:55:43.862 debug: Resolve file:///Applications/Cocos/Creator/3.8.6/CocosCreator.app/Contents/Resources/resources/3d/engine/editor/assets/default_renderpipeline/builtin-pipeline-pass.ts from cce:/internal/x/prerequisite-imports as file:///Applications/Cocos/Creator/3.8.6/CocosCreator.app/Contents/Resources/resources/3d/engine/editor/assets/default_renderpipeline/builtin-pipeline-pass.ts.
09:55:43.862 debug: Resolve file:///Applications/Cocos/Creator/3.8.6/CocosCreator.app/Contents/Resources/resources/3d/engine/editor/assets/default_renderpipeline/builtin-pipeline-settings.ts from cce:/internal/x/prerequisite-imports as file:///Applications/Cocos/Creator/3.8.6/CocosCreator.app/Contents/Resources/resources/3d/engine/editor/assets/default_renderpipeline/builtin-pipeline-settings.ts.
09:55:43.862 debug: Resolve file:///Applications/Cocos/Creator/3.8.6/CocosCreator.app/Contents/Resources/resources/3d/engine/editor/assets/default_renderpipeline/builtin-pipeline-types.ts from cce:/internal/x/prerequisite-imports as file:///Applications/Cocos/Creator/3.8.6/CocosCreator.app/Contents/Resources/resources/3d/engine/editor/assets/default_renderpipeline/builtin-pipeline-types.ts.
09:55:43.862 debug: Resolve file:///Applications/Cocos/Creator/3.8.6/CocosCreator.app/Contents/Resources/resources/3d/engine/editor/assets/default_renderpipeline/builtin-pipeline.ts from cce:/internal/x/prerequisite-imports as file:///Applications/Cocos/Creator/3.8.6/CocosCreator.app/Contents/Resources/resources/3d/engine/editor/assets/default_renderpipeline/builtin-pipeline.ts.
09:55:43.862 debug: Resolve file:///Applications/Cocos/Creator/3.8.6/CocosCreator.app/Contents/Resources/resources/3d/engine/editor/assets/tools/debug-view-runtime-control.ts from cce:/internal/x/prerequisite-imports as file:///Applications/Cocos/Creator/3.8.6/CocosCreator.app/Contents/Resources/resources/3d/engine/editor/assets/tools/debug-view-runtime-control.ts.
09:55:43.863 debug: Resolve file:///Users/zhao/Desktop/test/cocos-creator/PlaneFight/assets/Scripts/BgBox.ts from cce:/internal/x/prerequisite-imports as file:///Users/zhao/Desktop/test/cocos-creator/PlaneFight/assets/Scripts/BgBox.ts.
09:55:43.863 debug: Resolve file:///Users/zhao/Desktop/test/cocos-creator/PlaneFight/assets/Scripts/Ememy.ts from cce:/internal/x/prerequisite-imports as file:///Users/zhao/Desktop/test/cocos-creator/PlaneFight/assets/Scripts/Ememy.ts.
09:55:43.863 debug: Detected change: file:///Users/zhao/Desktop/test/cocos-creator/PlaneFight/assets/Scripts/Ememy.ts. Last mtime: Fri Jul 18 2025 09:51:20 GMT+0800 (中国标准时间)@70755476-15f9-41c6-9470-be63e30c18ad, Current mtime: Fri Jul 18 2025 09:55:41 GMT+0800 (中国标准时间)@70755476-15f9-41c6-9470-be63e30c18ad
09:55:43.863 debug: Inspect file:///Users/zhao/Desktop/test/cocos-creator/PlaneFight/assets/Scripts/Ememy.ts
09:55:43.878 debug: transform url: 'file:///Users/zhao/Desktop/test/cocos-creator/PlaneFight/assets/Scripts/Ememy.ts' costs: 15.00 ms
09:55:43.879 debug: Resolve cc from file:///Users/zhao/Desktop/test/cocos-creator/PlaneFight/assets/Scripts/Ememy.ts as cce:/internal/x/cc.
09:55:43.879 debug: Resolve cc from file:///Users/zhao/Desktop/test/cocos-creator/PlaneFight/assets/Scripts/Ememy.ts as cce:/internal/x/cc.
09:55:43.879 debug: Resolve cc from file:///Users/zhao/Desktop/test/cocos-creator/PlaneFight/assets/Scripts/Ememy.ts as cce:/internal/x/cc.
09:55:43.883 debug: Target(editor) ends with cost 35.099625000031665ms.
09:55:43.884 debug: Target(preview) build started.
09:55:43.884 debug: Detected change: cce:/internal/x/prerequisite-imports. Last mtime: Thu Jan 01 1970 08:01:22 GMT+0800 (中国标准时间), Current mtime: Thu Jan 01 1970 08:05:45 GMT+0800 (中国标准时间)
09:55:43.884 debug: Inspect cce:/internal/x/prerequisite-imports
09:55:43.892 debug: transform url: 'cce:/internal/x/prerequisite-imports' costs: 8.10 ms
09:55:43.894 debug: Resolve file:///Applications/Cocos/Creator/3.8.6/CocosCreator.app/Contents/Resources/resources/3d/engine/editor/assets/default_renderpipeline/builtin-dof-pass.ts from cce:/internal/x/prerequisite-imports as file:///Applications/Cocos/Creator/3.8.6/CocosCreator.app/Contents/Resources/resources/3d/engine/editor/assets/default_renderpipeline/builtin-dof-pass.ts.
09:55:43.894 debug: Resolve file:///Applications/Cocos/Creator/3.8.6/CocosCreator.app/Contents/Resources/resources/3d/engine/editor/assets/default_renderpipeline/builtin-pipeline-pass.ts from cce:/internal/x/prerequisite-imports as file:///Applications/Cocos/Creator/3.8.6/CocosCreator.app/Contents/Resources/resources/3d/engine/editor/assets/default_renderpipeline/builtin-pipeline-pass.ts.
09:55:43.895 debug: Resolve file:///Applications/Cocos/Creator/3.8.6/CocosCreator.app/Contents/Resources/resources/3d/engine/editor/assets/default_renderpipeline/builtin-pipeline-settings.ts from cce:/internal/x/prerequisite-imports as file:///Applications/Cocos/Creator/3.8.6/CocosCreator.app/Contents/Resources/resources/3d/engine/editor/assets/default_renderpipeline/builtin-pipeline-settings.ts.
09:55:43.895 debug: Resolve file:///Applications/Cocos/Creator/3.8.6/CocosCreator.app/Contents/Resources/resources/3d/engine/editor/assets/default_renderpipeline/builtin-pipeline-types.ts from cce:/internal/x/prerequisite-imports as file:///Applications/Cocos/Creator/3.8.6/CocosCreator.app/Contents/Resources/resources/3d/engine/editor/assets/default_renderpipeline/builtin-pipeline-types.ts.
09:55:43.895 debug: Resolve file:///Applications/Cocos/Creator/3.8.6/CocosCreator.app/Contents/Resources/resources/3d/engine/editor/assets/default_renderpipeline/builtin-pipeline.ts from cce:/internal/x/prerequisite-imports as file:///Applications/Cocos/Creator/3.8.6/CocosCreator.app/Contents/Resources/resources/3d/engine/editor/assets/default_renderpipeline/builtin-pipeline.ts.
09:55:43.895 debug: Resolve file:///Applications/Cocos/Creator/3.8.6/CocosCreator.app/Contents/Resources/resources/3d/engine/editor/assets/tools/debug-view-runtime-control.ts from cce:/internal/x/prerequisite-imports as file:///Applications/Cocos/Creator/3.8.6/CocosCreator.app/Contents/Resources/resources/3d/engine/editor/assets/tools/debug-view-runtime-control.ts.
09:55:43.895 debug: Resolve file:///Users/zhao/Desktop/test/cocos-creator/PlaneFight/assets/Scripts/BgBox.ts from cce:/internal/x/prerequisite-imports as file:///Users/zhao/Desktop/test/cocos-creator/PlaneFight/assets/Scripts/BgBox.ts.
09:55:43.895 debug: Resolve file:///Users/zhao/Desktop/test/cocos-creator/PlaneFight/assets/Scripts/Ememy.ts from cce:/internal/x/prerequisite-imports as file:///Users/zhao/Desktop/test/cocos-creator/PlaneFight/assets/Scripts/Ememy.ts.
09:55:43.895 debug: Detected change: file:///Users/zhao/Desktop/test/cocos-creator/PlaneFight/assets/Scripts/Ememy.ts. Last mtime: Fri Jul 18 2025 09:51:20 GMT+0800 (中国标准时间)@70755476-15f9-41c6-9470-be63e30c18ad, Current mtime: Fri Jul 18 2025 09:55:41 GMT+0800 (中国标准时间)@70755476-15f9-41c6-9470-be63e30c18ad
09:55:43.895 debug: Inspect file:///Users/zhao/Desktop/test/cocos-creator/PlaneFight/assets/Scripts/Ememy.ts
09:55:43.916 debug: transform url: 'file:///Users/zhao/Desktop/test/cocos-creator/PlaneFight/assets/Scripts/Ememy.ts' costs: 20.30 ms
09:55:43.916 debug: Resolve cc from file:///Users/zhao/Desktop/test/cocos-creator/PlaneFight/assets/Scripts/Ememy.ts as cce:/internal/x/cc.
09:55:43.917 debug: Resolve cc from file:///Users/zhao/Desktop/test/cocos-creator/PlaneFight/assets/Scripts/Ememy.ts as cce:/internal/x/cc.
09:55:43.917 debug: Resolve cc from file:///Users/zhao/Desktop/test/cocos-creator/PlaneFight/assets/Scripts/Ememy.ts as cce:/internal/x/cc.
09:55:43.925 debug: Target(preview) ends with cost 40.97616600000765ms.
09:56:29.274 debug: Dispatch build request for time accumulated 1 asset changes.
09:56:29.275 debug: Build iteration starts.
Number of accumulated asset changes: 1
Feature changed: false
09:56:29.275 debug: Target(editor) build started.
09:56:29.277 debug: Detected change: cce:/internal/x/prerequisite-imports. Last mtime: Thu Jan 01 1970 08:05:45 GMT+0800 (中国标准时间), Current mtime: Thu Jan 01 1970 08:06:30 GMT+0800 (中国标准时间)
09:56:29.277 debug: Inspect cce:/internal/x/prerequisite-imports
09:56:29.281 debug: transform url: 'cce:/internal/x/prerequisite-imports' costs: 3.70 ms
09:56:29.282 debug: Resolve file:///Applications/Cocos/Creator/3.8.6/CocosCreator.app/Contents/Resources/resources/3d/engine/editor/assets/default_renderpipeline/builtin-dof-pass.ts from cce:/internal/x/prerequisite-imports as file:///Applications/Cocos/Creator/3.8.6/CocosCreator.app/Contents/Resources/resources/3d/engine/editor/assets/default_renderpipeline/builtin-dof-pass.ts.
09:56:29.282 debug: Resolve file:///Applications/Cocos/Creator/3.8.6/CocosCreator.app/Contents/Resources/resources/3d/engine/editor/assets/default_renderpipeline/builtin-pipeline-pass.ts from cce:/internal/x/prerequisite-imports as file:///Applications/Cocos/Creator/3.8.6/CocosCreator.app/Contents/Resources/resources/3d/engine/editor/assets/default_renderpipeline/builtin-pipeline-pass.ts.
09:56:29.282 debug: Resolve file:///Applications/Cocos/Creator/3.8.6/CocosCreator.app/Contents/Resources/resources/3d/engine/editor/assets/default_renderpipeline/builtin-pipeline-settings.ts from cce:/internal/x/prerequisite-imports as file:///Applications/Cocos/Creator/3.8.6/CocosCreator.app/Contents/Resources/resources/3d/engine/editor/assets/default_renderpipeline/builtin-pipeline-settings.ts.
09:56:29.282 debug: Resolve file:///Applications/Cocos/Creator/3.8.6/CocosCreator.app/Contents/Resources/resources/3d/engine/editor/assets/default_renderpipeline/builtin-pipeline-types.ts from cce:/internal/x/prerequisite-imports as file:///Applications/Cocos/Creator/3.8.6/CocosCreator.app/Contents/Resources/resources/3d/engine/editor/assets/default_renderpipeline/builtin-pipeline-types.ts.
09:56:29.282 debug: Resolve file:///Applications/Cocos/Creator/3.8.6/CocosCreator.app/Contents/Resources/resources/3d/engine/editor/assets/default_renderpipeline/builtin-pipeline.ts from cce:/internal/x/prerequisite-imports as file:///Applications/Cocos/Creator/3.8.6/CocosCreator.app/Contents/Resources/resources/3d/engine/editor/assets/default_renderpipeline/builtin-pipeline.ts.
09:56:29.282 debug: Resolve file:///Applications/Cocos/Creator/3.8.6/CocosCreator.app/Contents/Resources/resources/3d/engine/editor/assets/tools/debug-view-runtime-control.ts from cce:/internal/x/prerequisite-imports as file:///Applications/Cocos/Creator/3.8.6/CocosCreator.app/Contents/Resources/resources/3d/engine/editor/assets/tools/debug-view-runtime-control.ts.
09:56:29.282 debug: Resolve file:///Users/zhao/Desktop/test/cocos-creator/PlaneFight/assets/Scripts/BgBox.ts from cce:/internal/x/prerequisite-imports as file:///Users/zhao/Desktop/test/cocos-creator/PlaneFight/assets/Scripts/BgBox.ts.
09:56:29.282 debug: Resolve file:///Users/zhao/Desktop/test/cocos-creator/PlaneFight/assets/Scripts/Ememy.ts from cce:/internal/x/prerequisite-imports as file:///Users/zhao/Desktop/test/cocos-creator/PlaneFight/assets/Scripts/Ememy.ts.
09:56:29.282 debug: Detected change: file:///Users/zhao/Desktop/test/cocos-creator/PlaneFight/assets/Scripts/Ememy.ts. Last mtime: Fri Jul 18 2025 09:55:41 GMT+0800 (中国标准时间)@70755476-15f9-41c6-9470-be63e30c18ad, Current mtime: Fri Jul 18 2025 09:56:28 GMT+0800 (中国标准时间)@70755476-15f9-41c6-9470-be63e30c18ad
09:56:29.282 debug: Inspect file:///Users/zhao/Desktop/test/cocos-creator/PlaneFight/assets/Scripts/Ememy.ts
09:56:29.295 debug: transform url: 'file:///Users/zhao/Desktop/test/cocos-creator/PlaneFight/assets/Scripts/Ememy.ts' costs: 13.10 ms
09:56:29.297 debug: Resolve cc from file:///Users/zhao/Desktop/test/cocos-creator/PlaneFight/assets/Scripts/Ememy.ts as cce:/internal/x/cc.
09:56:29.297 debug: Resolve cc from file:///Users/zhao/Desktop/test/cocos-creator/PlaneFight/assets/Scripts/Ememy.ts as cce:/internal/x/cc.
09:56:29.297 debug: Resolve cc from file:///Users/zhao/Desktop/test/cocos-creator/PlaneFight/assets/Scripts/Ememy.ts as cce:/internal/x/cc.
09:56:29.299 debug: Target(editor) ends with cost 23.897541999991518ms.
09:56:29.299 debug: Target(preview) build started.
09:56:29.300 debug: Detected change: cce:/internal/x/prerequisite-imports. Last mtime: Thu Jan 01 1970 08:05:45 GMT+0800 (中国标准时间), Current mtime: Thu Jan 01 1970 08:06:30 GMT+0800 (中国标准时间)
09:56:29.300 debug: Inspect cce:/internal/x/prerequisite-imports
09:56:29.303 debug: transform url: 'cce:/internal/x/prerequisite-imports' costs: 3.70 ms
09:56:29.304 debug: Resolve file:///Applications/Cocos/Creator/3.8.6/CocosCreator.app/Contents/Resources/resources/3d/engine/editor/assets/default_renderpipeline/builtin-dof-pass.ts from cce:/internal/x/prerequisite-imports as file:///Applications/Cocos/Creator/3.8.6/CocosCreator.app/Contents/Resources/resources/3d/engine/editor/assets/default_renderpipeline/builtin-dof-pass.ts.
09:56:29.304 debug: Resolve file:///Applications/Cocos/Creator/3.8.6/CocosCreator.app/Contents/Resources/resources/3d/engine/editor/assets/default_renderpipeline/builtin-pipeline-pass.ts from cce:/internal/x/prerequisite-imports as file:///Applications/Cocos/Creator/3.8.6/CocosCreator.app/Contents/Resources/resources/3d/engine/editor/assets/default_renderpipeline/builtin-pipeline-pass.ts.
09:56:29.304 debug: Resolve file:///Applications/Cocos/Creator/3.8.6/CocosCreator.app/Contents/Resources/resources/3d/engine/editor/assets/default_renderpipeline/builtin-pipeline-settings.ts from cce:/internal/x/prerequisite-imports as file:///Applications/Cocos/Creator/3.8.6/CocosCreator.app/Contents/Resources/resources/3d/engine/editor/assets/default_renderpipeline/builtin-pipeline-settings.ts.
09:56:29.304 debug: Resolve file:///Applications/Cocos/Creator/3.8.6/CocosCreator.app/Contents/Resources/resources/3d/engine/editor/assets/default_renderpipeline/builtin-pipeline-types.ts from cce:/internal/x/prerequisite-imports as file:///Applications/Cocos/Creator/3.8.6/CocosCreator.app/Contents/Resources/resources/3d/engine/editor/assets/default_renderpipeline/builtin-pipeline-types.ts.
09:56:29.305 debug: Resolve file:///Applications/Cocos/Creator/3.8.6/CocosCreator.app/Contents/Resources/resources/3d/engine/editor/assets/default_renderpipeline/builtin-pipeline.ts from cce:/internal/x/prerequisite-imports as file:///Applications/Cocos/Creator/3.8.6/CocosCreator.app/Contents/Resources/resources/3d/engine/editor/assets/default_renderpipeline/builtin-pipeline.ts.
09:56:29.305 debug: Resolve file:///Applications/Cocos/Creator/3.8.6/CocosCreator.app/Contents/Resources/resources/3d/engine/editor/assets/tools/debug-view-runtime-control.ts from cce:/internal/x/prerequisite-imports as file:///Applications/Cocos/Creator/3.8.6/CocosCreator.app/Contents/Resources/resources/3d/engine/editor/assets/tools/debug-view-runtime-control.ts.
09:56:29.305 debug: Resolve file:///Users/zhao/Desktop/test/cocos-creator/PlaneFight/assets/Scripts/BgBox.ts from cce:/internal/x/prerequisite-imports as file:///Users/zhao/Desktop/test/cocos-creator/PlaneFight/assets/Scripts/BgBox.ts.
09:56:29.305 debug: Resolve file:///Users/zhao/Desktop/test/cocos-creator/PlaneFight/assets/Scripts/Ememy.ts from cce:/internal/x/prerequisite-imports as file:///Users/zhao/Desktop/test/cocos-creator/PlaneFight/assets/Scripts/Ememy.ts.
09:56:29.305 debug: Detected change: file:///Users/zhao/Desktop/test/cocos-creator/PlaneFight/assets/Scripts/Ememy.ts. Last mtime: Fri Jul 18 2025 09:55:41 GMT+0800 (中国标准时间)@70755476-15f9-41c6-9470-be63e30c18ad, Current mtime: Fri Jul 18 2025 09:56:28 GMT+0800 (中国标准时间)@70755476-15f9-41c6-9470-be63e30c18ad
09:56:29.305 debug: Inspect file:///Users/zhao/Desktop/test/cocos-creator/PlaneFight/assets/Scripts/Ememy.ts
09:56:29.315 debug: transform url: 'file:///Users/zhao/Desktop/test/cocos-creator/PlaneFight/assets/Scripts/Ememy.ts' costs: 10.40 ms
09:56:29.316 debug: Resolve cc from file:///Users/zhao/Desktop/test/cocos-creator/PlaneFight/assets/Scripts/Ememy.ts as cce:/internal/x/cc.
09:56:29.316 debug: Resolve cc from file:///Users/zhao/Desktop/test/cocos-creator/PlaneFight/assets/Scripts/Ememy.ts as cce:/internal/x/cc.
09:56:29.316 debug: Resolve cc from file:///Users/zhao/Desktop/test/cocos-creator/PlaneFight/assets/Scripts/Ememy.ts as cce:/internal/x/cc.
09:56:29.318 debug: Target(preview) ends with cost 18.859416000021156ms.
09:56:55.799 debug: Dispatch build request for time accumulated 1 asset changes.
09:56:55.800 debug: Build iteration starts.
Number of accumulated asset changes: 1
Feature changed: false
09:56:55.800 debug: Target(editor) build started.
09:56:55.801 debug: Detected change: cce:/internal/x/prerequisite-imports. Last mtime: Thu Jan 01 1970 08:06:30 GMT+0800 (中国标准时间), Current mtime: Thu Jan 01 1970 08:06:57 GMT+0800 (中国标准时间)
09:56:55.802 debug: Inspect cce:/internal/x/prerequisite-imports
09:56:55.807 debug: transform url: 'cce:/internal/x/prerequisite-imports' costs: 5.30 ms
09:56:55.808 debug: Resolve file:///Applications/Cocos/Creator/3.8.6/CocosCreator.app/Contents/Resources/resources/3d/engine/editor/assets/default_renderpipeline/builtin-dof-pass.ts from cce:/internal/x/prerequisite-imports as file:///Applications/Cocos/Creator/3.8.6/CocosCreator.app/Contents/Resources/resources/3d/engine/editor/assets/default_renderpipeline/builtin-dof-pass.ts.
09:56:55.808 debug: Resolve file:///Applications/Cocos/Creator/3.8.6/CocosCreator.app/Contents/Resources/resources/3d/engine/editor/assets/default_renderpipeline/builtin-pipeline-pass.ts from cce:/internal/x/prerequisite-imports as file:///Applications/Cocos/Creator/3.8.6/CocosCreator.app/Contents/Resources/resources/3d/engine/editor/assets/default_renderpipeline/builtin-pipeline-pass.ts.
09:56:55.808 debug: Resolve file:///Applications/Cocos/Creator/3.8.6/CocosCreator.app/Contents/Resources/resources/3d/engine/editor/assets/default_renderpipeline/builtin-pipeline-settings.ts from cce:/internal/x/prerequisite-imports as file:///Applications/Cocos/Creator/3.8.6/CocosCreator.app/Contents/Resources/resources/3d/engine/editor/assets/default_renderpipeline/builtin-pipeline-settings.ts.
09:56:55.808 debug: Resolve file:///Applications/Cocos/Creator/3.8.6/CocosCreator.app/Contents/Resources/resources/3d/engine/editor/assets/default_renderpipeline/builtin-pipeline-types.ts from cce:/internal/x/prerequisite-imports as file:///Applications/Cocos/Creator/3.8.6/CocosCreator.app/Contents/Resources/resources/3d/engine/editor/assets/default_renderpipeline/builtin-pipeline-types.ts.
09:56:55.808 debug: Resolve file:///Applications/Cocos/Creator/3.8.6/CocosCreator.app/Contents/Resources/resources/3d/engine/editor/assets/default_renderpipeline/builtin-pipeline.ts from cce:/internal/x/prerequisite-imports as file:///Applications/Cocos/Creator/3.8.6/CocosCreator.app/Contents/Resources/resources/3d/engine/editor/assets/default_renderpipeline/builtin-pipeline.ts.
09:56:55.808 debug: Resolve file:///Applications/Cocos/Creator/3.8.6/CocosCreator.app/Contents/Resources/resources/3d/engine/editor/assets/tools/debug-view-runtime-control.ts from cce:/internal/x/prerequisite-imports as file:///Applications/Cocos/Creator/3.8.6/CocosCreator.app/Contents/Resources/resources/3d/engine/editor/assets/tools/debug-view-runtime-control.ts.
09:56:55.808 debug: Resolve file:///Users/zhao/Desktop/test/cocos-creator/PlaneFight/assets/Scripts/BgBox.ts from cce:/internal/x/prerequisite-imports as file:///Users/zhao/Desktop/test/cocos-creator/PlaneFight/assets/Scripts/BgBox.ts.
09:56:55.808 debug: Resolve file:///Users/zhao/Desktop/test/cocos-creator/PlaneFight/assets/Scripts/Ememy.ts from cce:/internal/x/prerequisite-imports as file:///Users/zhao/Desktop/test/cocos-creator/PlaneFight/assets/Scripts/Ememy.ts.
09:56:55.808 debug: Detected change: file:///Users/zhao/Desktop/test/cocos-creator/PlaneFight/assets/Scripts/Ememy.ts. Last mtime: Fri Jul 18 2025 09:56:28 GMT+0800 (中国标准时间)@70755476-15f9-41c6-9470-be63e30c18ad, Current mtime: Fri Jul 18 2025 09:56:55 GMT+0800 (中国标准时间)@70755476-15f9-41c6-9470-be63e30c18ad
09:56:55.808 debug: Inspect file:///Users/zhao/Desktop/test/cocos-creator/PlaneFight/assets/Scripts/Ememy.ts
09:56:55.822 debug: transform url: 'file:///Users/zhao/Desktop/test/cocos-creator/PlaneFight/assets/Scripts/Ememy.ts' costs: 13.90 ms
09:56:55.823 debug: Resolve cc from file:///Users/zhao/Desktop/test/cocos-creator/PlaneFight/assets/Scripts/Ememy.ts as cce:/internal/x/cc.
09:56:55.823 debug: Resolve cc from file:///Users/zhao/Desktop/test/cocos-creator/PlaneFight/assets/Scripts/Ememy.ts as cce:/internal/x/cc.
09:56:55.823 debug: Resolve cc from file:///Users/zhao/Desktop/test/cocos-creator/PlaneFight/assets/Scripts/Ememy.ts as cce:/internal/x/cc.
09:56:55.825 debug: Target(editor) ends with cost 25.17158299998846ms.
09:56:55.825 debug: Target(preview) build started.
09:56:55.826 debug: Detected change: cce:/internal/x/prerequisite-imports. Last mtime: Thu Jan 01 1970 08:06:30 GMT+0800 (中国标准时间), Current mtime: Thu Jan 01 1970 08:06:57 GMT+0800 (中国标准时间)
09:56:55.826 debug: Inspect cce:/internal/x/prerequisite-imports
09:56:55.830 debug: transform url: 'cce:/internal/x/prerequisite-imports' costs: 3.70 ms
09:56:55.830 debug: Resolve file:///Applications/Cocos/Creator/3.8.6/CocosCreator.app/Contents/Resources/resources/3d/engine/editor/assets/default_renderpipeline/builtin-dof-pass.ts from cce:/internal/x/prerequisite-imports as file:///Applications/Cocos/Creator/3.8.6/CocosCreator.app/Contents/Resources/resources/3d/engine/editor/assets/default_renderpipeline/builtin-dof-pass.ts.
09:56:55.830 debug: Resolve file:///Applications/Cocos/Creator/3.8.6/CocosCreator.app/Contents/Resources/resources/3d/engine/editor/assets/default_renderpipeline/builtin-pipeline-pass.ts from cce:/internal/x/prerequisite-imports as file:///Applications/Cocos/Creator/3.8.6/CocosCreator.app/Contents/Resources/resources/3d/engine/editor/assets/default_renderpipeline/builtin-pipeline-pass.ts.
09:56:55.830 debug: Resolve file:///Applications/Cocos/Creator/3.8.6/CocosCreator.app/Contents/Resources/resources/3d/engine/editor/assets/default_renderpipeline/builtin-pipeline-settings.ts from cce:/internal/x/prerequisite-imports as file:///Applications/Cocos/Creator/3.8.6/CocosCreator.app/Contents/Resources/resources/3d/engine/editor/assets/default_renderpipeline/builtin-pipeline-settings.ts.
09:56:55.830 debug: Resolve file:///Applications/Cocos/Creator/3.8.6/CocosCreator.app/Contents/Resources/resources/3d/engine/editor/assets/default_renderpipeline/builtin-pipeline-types.ts from cce:/internal/x/prerequisite-imports as file:///Applications/Cocos/Creator/3.8.6/CocosCreator.app/Contents/Resources/resources/3d/engine/editor/assets/default_renderpipeline/builtin-pipeline-types.ts.
09:56:55.830 debug: Resolve file:///Applications/Cocos/Creator/3.8.6/CocosCreator.app/Contents/Resources/resources/3d/engine/editor/assets/default_renderpipeline/builtin-pipeline.ts from cce:/internal/x/prerequisite-imports as file:///Applications/Cocos/Creator/3.8.6/CocosCreator.app/Contents/Resources/resources/3d/engine/editor/assets/default_renderpipeline/builtin-pipeline.ts.
09:56:55.830 debug: Resolve file:///Applications/Cocos/Creator/3.8.6/CocosCreator.app/Contents/Resources/resources/3d/engine/editor/assets/tools/debug-view-runtime-control.ts from cce:/internal/x/prerequisite-imports as file:///Applications/Cocos/Creator/3.8.6/CocosCreator.app/Contents/Resources/resources/3d/engine/editor/assets/tools/debug-view-runtime-control.ts.
09:56:55.831 debug: Resolve file:///Users/zhao/Desktop/test/cocos-creator/PlaneFight/assets/Scripts/BgBox.ts from cce:/internal/x/prerequisite-imports as file:///Users/zhao/Desktop/test/cocos-creator/PlaneFight/assets/Scripts/BgBox.ts.
09:56:55.831 debug: Resolve file:///Users/zhao/Desktop/test/cocos-creator/PlaneFight/assets/Scripts/Ememy.ts from cce:/internal/x/prerequisite-imports as file:///Users/zhao/Desktop/test/cocos-creator/PlaneFight/assets/Scripts/Ememy.ts.
09:56:55.831 debug: Detected change: file:///Users/zhao/Desktop/test/cocos-creator/PlaneFight/assets/Scripts/Ememy.ts. Last mtime: Fri Jul 18 2025 09:56:28 GMT+0800 (中国标准时间)@70755476-15f9-41c6-9470-be63e30c18ad, Current mtime: Fri Jul 18 2025 09:56:55 GMT+0800 (中国标准时间)@70755476-15f9-41c6-9470-be63e30c18ad
09:56:55.831 debug: Inspect file:///Users/zhao/Desktop/test/cocos-creator/PlaneFight/assets/Scripts/Ememy.ts
09:56:55.843 debug: transform url: 'file:///Users/zhao/Desktop/test/cocos-creator/PlaneFight/assets/Scripts/Ememy.ts' costs: 12.80 ms
09:56:55.845 debug: Resolve cc from file:///Users/zhao/Desktop/test/cocos-creator/PlaneFight/assets/Scripts/Ememy.ts as cce:/internal/x/cc.
09:56:55.845 debug: Resolve cc from file:///Users/zhao/Desktop/test/cocos-creator/PlaneFight/assets/Scripts/Ememy.ts as cce:/internal/x/cc.
09:56:55.845 debug: Resolve cc from file:///Users/zhao/Desktop/test/cocos-creator/PlaneFight/assets/Scripts/Ememy.ts as cce:/internal/x/cc.
09:56:55.876 debug: Target(preview) ends with cost 50.84333299996797ms.
09:58:00.239 debug: Dispatch build request for time accumulated 1 asset changes.
09:58:00.241 debug: Build iteration starts.
Number of accumulated asset changes: 1
Feature changed: false
09:58:00.241 debug: Target(editor) build started.
09:58:00.242 debug: Detected change: cce:/internal/x/prerequisite-imports. Last mtime: Thu Jan 01 1970 08:06:57 GMT+0800 (中国标准时间), Current mtime: Thu Jan 01 1970 08:08:01 GMT+0800 (中国标准时间)
09:58:00.243 debug: Inspect cce:/internal/x/prerequisite-imports
09:58:00.248 debug: transform url: 'cce:/internal/x/prerequisite-imports' costs: 5.90 ms
09:58:00.249 debug: Resolve file:///Applications/Cocos/Creator/3.8.6/CocosCreator.app/Contents/Resources/resources/3d/engine/editor/assets/default_renderpipeline/builtin-dof-pass.ts from cce:/internal/x/prerequisite-imports as file:///Applications/Cocos/Creator/3.8.6/CocosCreator.app/Contents/Resources/resources/3d/engine/editor/assets/default_renderpipeline/builtin-dof-pass.ts.
09:58:00.249 debug: Resolve file:///Applications/Cocos/Creator/3.8.6/CocosCreator.app/Contents/Resources/resources/3d/engine/editor/assets/default_renderpipeline/builtin-pipeline-pass.ts from cce:/internal/x/prerequisite-imports as file:///Applications/Cocos/Creator/3.8.6/CocosCreator.app/Contents/Resources/resources/3d/engine/editor/assets/default_renderpipeline/builtin-pipeline-pass.ts.
09:58:00.249 debug: Resolve file:///Applications/Cocos/Creator/3.8.6/CocosCreator.app/Contents/Resources/resources/3d/engine/editor/assets/default_renderpipeline/builtin-pipeline-settings.ts from cce:/internal/x/prerequisite-imports as file:///Applications/Cocos/Creator/3.8.6/CocosCreator.app/Contents/Resources/resources/3d/engine/editor/assets/default_renderpipeline/builtin-pipeline-settings.ts.
09:58:00.249 debug: Resolve file:///Applications/Cocos/Creator/3.8.6/CocosCreator.app/Contents/Resources/resources/3d/engine/editor/assets/default_renderpipeline/builtin-pipeline-types.ts from cce:/internal/x/prerequisite-imports as file:///Applications/Cocos/Creator/3.8.6/CocosCreator.app/Contents/Resources/resources/3d/engine/editor/assets/default_renderpipeline/builtin-pipeline-types.ts.
09:58:00.249 debug: Resolve file:///Applications/Cocos/Creator/3.8.6/CocosCreator.app/Contents/Resources/resources/3d/engine/editor/assets/default_renderpipeline/builtin-pipeline.ts from cce:/internal/x/prerequisite-imports as file:///Applications/Cocos/Creator/3.8.6/CocosCreator.app/Contents/Resources/resources/3d/engine/editor/assets/default_renderpipeline/builtin-pipeline.ts.
09:58:00.249 debug: Resolve file:///Applications/Cocos/Creator/3.8.6/CocosCreator.app/Contents/Resources/resources/3d/engine/editor/assets/tools/debug-view-runtime-control.ts from cce:/internal/x/prerequisite-imports as file:///Applications/Cocos/Creator/3.8.6/CocosCreator.app/Contents/Resources/resources/3d/engine/editor/assets/tools/debug-view-runtime-control.ts.
09:58:00.250 debug: Resolve file:///Users/zhao/Desktop/test/cocos-creator/PlaneFight/assets/Scripts/BgBox.ts from cce:/internal/x/prerequisite-imports as file:///Users/zhao/Desktop/test/cocos-creator/PlaneFight/assets/Scripts/BgBox.ts.
09:58:00.250 debug: Resolve file:///Users/zhao/Desktop/test/cocos-creator/PlaneFight/assets/Scripts/Ememy.ts from cce:/internal/x/prerequisite-imports as file:///Users/zhao/Desktop/test/cocos-creator/PlaneFight/assets/Scripts/Ememy.ts.
09:58:00.250 debug: Detected change: file:///Users/zhao/Desktop/test/cocos-creator/PlaneFight/assets/Scripts/Ememy.ts. Last mtime: Fri Jul 18 2025 09:56:55 GMT+0800 (中国标准时间)@70755476-15f9-41c6-9470-be63e30c18ad, Current mtime: Fri Jul 18 2025 09:57:54 GMT+0800 (中国标准时间)@70755476-15f9-41c6-9470-be63e30c18ad
09:58:00.250 debug: Inspect file:///Users/zhao/Desktop/test/cocos-creator/PlaneFight/assets/Scripts/Ememy.ts
09:58:00.263 debug: transform url: 'file:///Users/zhao/Desktop/test/cocos-creator/PlaneFight/assets/Scripts/Ememy.ts' costs: 13.30 ms
09:58:00.264 debug: Resolve cc from file:///Users/zhao/Desktop/test/cocos-creator/PlaneFight/assets/Scripts/Ememy.ts as cce:/internal/x/cc.
09:58:00.264 debug: Resolve cc from file:///Users/zhao/Desktop/test/cocos-creator/PlaneFight/assets/Scripts/Ememy.ts as cce:/internal/x/cc.
09:58:00.264 debug: Resolve cc from file:///Users/zhao/Desktop/test/cocos-creator/PlaneFight/assets/Scripts/Ememy.ts as cce:/internal/x/cc.
09:58:00.267 debug: Target(editor) ends with cost 25.931875000009313ms.
09:58:00.267 debug: Target(preview) build started.
09:58:00.268 debug: Detected change: cce:/internal/x/prerequisite-imports. Last mtime: Thu Jan 01 1970 08:06:57 GMT+0800 (中国标准时间), Current mtime: Thu Jan 01 1970 08:08:01 GMT+0800 (中国标准时间)
09:58:00.268 debug: Inspect cce:/internal/x/prerequisite-imports
09:58:00.272 debug: transform url: 'cce:/internal/x/prerequisite-imports' costs: 4.10 ms
09:58:00.273 debug: Resolve file:///Applications/Cocos/Creator/3.8.6/CocosCreator.app/Contents/Resources/resources/3d/engine/editor/assets/default_renderpipeline/builtin-dof-pass.ts from cce:/internal/x/prerequisite-imports as file:///Applications/Cocos/Creator/3.8.6/CocosCreator.app/Contents/Resources/resources/3d/engine/editor/assets/default_renderpipeline/builtin-dof-pass.ts.
09:58:00.273 debug: Resolve file:///Applications/Cocos/Creator/3.8.6/CocosCreator.app/Contents/Resources/resources/3d/engine/editor/assets/default_renderpipeline/builtin-pipeline-pass.ts from cce:/internal/x/prerequisite-imports as file:///Applications/Cocos/Creator/3.8.6/CocosCreator.app/Contents/Resources/resources/3d/engine/editor/assets/default_renderpipeline/builtin-pipeline-pass.ts.
09:58:00.273 debug: Resolve file:///Applications/Cocos/Creator/3.8.6/CocosCreator.app/Contents/Resources/resources/3d/engine/editor/assets/default_renderpipeline/builtin-pipeline-settings.ts from cce:/internal/x/prerequisite-imports as file:///Applications/Cocos/Creator/3.8.6/CocosCreator.app/Contents/Resources/resources/3d/engine/editor/assets/default_renderpipeline/builtin-pipeline-settings.ts.
09:58:00.273 debug: Resolve file:///Applications/Cocos/Creator/3.8.6/CocosCreator.app/Contents/Resources/resources/3d/engine/editor/assets/default_renderpipeline/builtin-pipeline-types.ts from cce:/internal/x/prerequisite-imports as file:///Applications/Cocos/Creator/3.8.6/CocosCreator.app/Contents/Resources/resources/3d/engine/editor/assets/default_renderpipeline/builtin-pipeline-types.ts.
09:58:00.273 debug: Resolve file:///Applications/Cocos/Creator/3.8.6/CocosCreator.app/Contents/Resources/resources/3d/engine/editor/assets/default_renderpipeline/builtin-pipeline.ts from cce:/internal/x/prerequisite-imports as file:///Applications/Cocos/Creator/3.8.6/CocosCreator.app/Contents/Resources/resources/3d/engine/editor/assets/default_renderpipeline/builtin-pipeline.ts.
09:58:00.273 debug: Resolve file:///Applications/Cocos/Creator/3.8.6/CocosCreator.app/Contents/Resources/resources/3d/engine/editor/assets/tools/debug-view-runtime-control.ts from cce:/internal/x/prerequisite-imports as file:///Applications/Cocos/Creator/3.8.6/CocosCreator.app/Contents/Resources/resources/3d/engine/editor/assets/tools/debug-view-runtime-control.ts.
09:58:00.273 debug: Resolve file:///Users/zhao/Desktop/test/cocos-creator/PlaneFight/assets/Scripts/BgBox.ts from cce:/internal/x/prerequisite-imports as file:///Users/zhao/Desktop/test/cocos-creator/PlaneFight/assets/Scripts/BgBox.ts.
09:58:00.273 debug: Resolve file:///Users/zhao/Desktop/test/cocos-creator/PlaneFight/assets/Scripts/Ememy.ts from cce:/internal/x/prerequisite-imports as file:///Users/zhao/Desktop/test/cocos-creator/PlaneFight/assets/Scripts/Ememy.ts.
09:58:00.273 debug: Detected change: file:///Users/zhao/Desktop/test/cocos-creator/PlaneFight/assets/Scripts/Ememy.ts. Last mtime: Fri Jul 18 2025 09:56:55 GMT+0800 (中国标准时间)@70755476-15f9-41c6-9470-be63e30c18ad, Current mtime: Fri Jul 18 2025 09:57:54 GMT+0800 (中国标准时间)@70755476-15f9-41c6-9470-be63e30c18ad
09:58:00.273 debug: Inspect file:///Users/zhao/Desktop/test/cocos-creator/PlaneFight/assets/Scripts/Ememy.ts
09:58:00.289 debug: transform url: 'file:///Users/zhao/Desktop/test/cocos-creator/PlaneFight/assets/Scripts/Ememy.ts' costs: 15.60 ms
09:58:00.290 debug: Resolve cc from file:///Users/zhao/Desktop/test/cocos-creator/PlaneFight/assets/Scripts/Ememy.ts as cce:/internal/x/cc.
09:58:00.290 debug: Resolve cc from file:///Users/zhao/Desktop/test/cocos-creator/PlaneFight/assets/Scripts/Ememy.ts as cce:/internal/x/cc.
09:58:00.290 debug: Resolve cc from file:///Users/zhao/Desktop/test/cocos-creator/PlaneFight/assets/Scripts/Ememy.ts as cce:/internal/x/cc.
09:58:00.292 debug: Target(preview) ends with cost 25.30666599998949ms.
10:01:15.283 debug: Dispatch build request for time accumulated 1 asset changes.
10:01:15.285 debug: Build iteration starts.
Number of accumulated asset changes: 1
Feature changed: false
10:01:15.285 debug: Target(editor) build started.
10:01:15.286 debug: Detected change: cce:/internal/x/prerequisite-imports. Last mtime: Thu Jan 01 1970 08:08:01 GMT+0800 (中国标准时间), Current mtime: Thu Jan 01 1970 08:11:16 GMT+0800 (中国标准时间)
10:01:15.286 debug: Inspect cce:/internal/x/prerequisite-imports
10:01:15.292 debug: transform url: 'cce:/internal/x/prerequisite-imports' costs: 5.90 ms
10:01:15.293 debug: Resolve file:///Applications/Cocos/Creator/3.8.6/CocosCreator.app/Contents/Resources/resources/3d/engine/editor/assets/default_renderpipeline/builtin-dof-pass.ts from cce:/internal/x/prerequisite-imports as file:///Applications/Cocos/Creator/3.8.6/CocosCreator.app/Contents/Resources/resources/3d/engine/editor/assets/default_renderpipeline/builtin-dof-pass.ts.
10:01:15.293 debug: Resolve file:///Applications/Cocos/Creator/3.8.6/CocosCreator.app/Contents/Resources/resources/3d/engine/editor/assets/default_renderpipeline/builtin-pipeline-pass.ts from cce:/internal/x/prerequisite-imports as file:///Applications/Cocos/Creator/3.8.6/CocosCreator.app/Contents/Resources/resources/3d/engine/editor/assets/default_renderpipeline/builtin-pipeline-pass.ts.
10:01:15.293 debug: Resolve file:///Applications/Cocos/Creator/3.8.6/CocosCreator.app/Contents/Resources/resources/3d/engine/editor/assets/default_renderpipeline/builtin-pipeline-settings.ts from cce:/internal/x/prerequisite-imports as file:///Applications/Cocos/Creator/3.8.6/CocosCreator.app/Contents/Resources/resources/3d/engine/editor/assets/default_renderpipeline/builtin-pipeline-settings.ts.
10:01:15.293 debug: Resolve file:///Applications/Cocos/Creator/3.8.6/CocosCreator.app/Contents/Resources/resources/3d/engine/editor/assets/default_renderpipeline/builtin-pipeline-types.ts from cce:/internal/x/prerequisite-imports as file:///Applications/Cocos/Creator/3.8.6/CocosCreator.app/Contents/Resources/resources/3d/engine/editor/assets/default_renderpipeline/builtin-pipeline-types.ts.
10:01:15.294 debug: Resolve file:///Applications/Cocos/Creator/3.8.6/CocosCreator.app/Contents/Resources/resources/3d/engine/editor/assets/default_renderpipeline/builtin-pipeline.ts from cce:/internal/x/prerequisite-imports as file:///Applications/Cocos/Creator/3.8.6/CocosCreator.app/Contents/Resources/resources/3d/engine/editor/assets/default_renderpipeline/builtin-pipeline.ts.
10:01:15.294 debug: Resolve file:///Applications/Cocos/Creator/3.8.6/CocosCreator.app/Contents/Resources/resources/3d/engine/editor/assets/tools/debug-view-runtime-control.ts from cce:/internal/x/prerequisite-imports as file:///Applications/Cocos/Creator/3.8.6/CocosCreator.app/Contents/Resources/resources/3d/engine/editor/assets/tools/debug-view-runtime-control.ts.
10:01:15.294 debug: Resolve file:///Users/zhao/Desktop/test/cocos-creator/PlaneFight/assets/Scripts/BgBox.ts from cce:/internal/x/prerequisite-imports as file:///Users/zhao/Desktop/test/cocos-creator/PlaneFight/assets/Scripts/BgBox.ts.
10:01:15.294 debug: Resolve file:///Users/zhao/Desktop/test/cocos-creator/PlaneFight/assets/Scripts/Ememy.ts from cce:/internal/x/prerequisite-imports as file:///Users/zhao/Desktop/test/cocos-creator/PlaneFight/assets/Scripts/Ememy.ts.
10:01:15.294 debug: Detected change: file:///Users/zhao/Desktop/test/cocos-creator/PlaneFight/assets/Scripts/Ememy.ts. Last mtime: Fri Jul 18 2025 09:57:54 GMT+0800 (中国标准时间)@70755476-15f9-41c6-9470-be63e30c18ad, Current mtime: Fri Jul 18 2025 09:58:49 GMT+0800 (中国标准时间)@70755476-15f9-41c6-9470-be63e30c18ad
10:01:15.294 debug: Inspect file:///Users/zhao/Desktop/test/cocos-creator/PlaneFight/assets/Scripts/Ememy.ts
10:01:15.308 debug: transform url: 'file:///Users/zhao/Desktop/test/cocos-creator/PlaneFight/assets/Scripts/Ememy.ts' costs: 13.80 ms
10:01:15.309 debug: Resolve cc from file:///Users/zhao/Desktop/test/cocos-creator/PlaneFight/assets/Scripts/Ememy.ts as cce:/internal/x/cc.
10:01:15.309 debug: Resolve cc from file:///Users/zhao/Desktop/test/cocos-creator/PlaneFight/assets/Scripts/Ememy.ts as cce:/internal/x/cc.
10:01:15.309 debug: Resolve cc from file:///Users/zhao/Desktop/test/cocos-creator/PlaneFight/assets/Scripts/Ememy.ts as cce:/internal/x/cc.
10:01:15.311 debug: Target(editor) ends with cost 26.00975000008475ms.
10:01:15.311 debug: Target(preview) build started.
10:01:15.313 debug: Detected change: cce:/internal/x/prerequisite-imports. Last mtime: Thu Jan 01 1970 08:08:01 GMT+0800 (中国标准时间), Current mtime: Thu Jan 01 1970 08:11:16 GMT+0800 (中国标准时间)
10:01:15.313 debug: Inspect cce:/internal/x/prerequisite-imports
10:01:15.317 debug: transform url: 'cce:/internal/x/prerequisite-imports' costs: 4.30 ms
10:01:15.318 debug: Resolve file:///Applications/Cocos/Creator/3.8.6/CocosCreator.app/Contents/Resources/resources/3d/engine/editor/assets/default_renderpipeline/builtin-dof-pass.ts from cce:/internal/x/prerequisite-imports as file:///Applications/Cocos/Creator/3.8.6/CocosCreator.app/Contents/Resources/resources/3d/engine/editor/assets/default_renderpipeline/builtin-dof-pass.ts.
10:01:15.318 debug: Resolve file:///Applications/Cocos/Creator/3.8.6/CocosCreator.app/Contents/Resources/resources/3d/engine/editor/assets/default_renderpipeline/builtin-pipeline-pass.ts from cce:/internal/x/prerequisite-imports as file:///Applications/Cocos/Creator/3.8.6/CocosCreator.app/Contents/Resources/resources/3d/engine/editor/assets/default_renderpipeline/builtin-pipeline-pass.ts.
10:01:15.318 debug: Resolve file:///Applications/Cocos/Creator/3.8.6/CocosCreator.app/Contents/Resources/resources/3d/engine/editor/assets/default_renderpipeline/builtin-pipeline-settings.ts from cce:/internal/x/prerequisite-imports as file:///Applications/Cocos/Creator/3.8.6/CocosCreator.app/Contents/Resources/resources/3d/engine/editor/assets/default_renderpipeline/builtin-pipeline-settings.ts.
10:01:15.318 debug: Resolve file:///Applications/Cocos/Creator/3.8.6/CocosCreator.app/Contents/Resources/resources/3d/engine/editor/assets/default_renderpipeline/builtin-pipeline-types.ts from cce:/internal/x/prerequisite-imports as file:///Applications/Cocos/Creator/3.8.6/CocosCreator.app/Contents/Resources/resources/3d/engine/editor/assets/default_renderpipeline/builtin-pipeline-types.ts.
10:01:15.318 debug: Resolve file:///Applications/Cocos/Creator/3.8.6/CocosCreator.app/Contents/Resources/resources/3d/engine/editor/assets/default_renderpipeline/builtin-pipeline.ts from cce:/internal/x/prerequisite-imports as file:///Applications/Cocos/Creator/3.8.6/CocosCreator.app/Contents/Resources/resources/3d/engine/editor/assets/default_renderpipeline/builtin-pipeline.ts.
10:01:15.318 debug: Resolve file:///Applications/Cocos/Creator/3.8.6/CocosCreator.app/Contents/Resources/resources/3d/engine/editor/assets/tools/debug-view-runtime-control.ts from cce:/internal/x/prerequisite-imports as file:///Applications/Cocos/Creator/3.8.6/CocosCreator.app/Contents/Resources/resources/3d/engine/editor/assets/tools/debug-view-runtime-control.ts.
10:01:15.318 debug: Resolve file:///Users/zhao/Desktop/test/cocos-creator/PlaneFight/assets/Scripts/BgBox.ts from cce:/internal/x/prerequisite-imports as file:///Users/zhao/Desktop/test/cocos-creator/PlaneFight/assets/Scripts/BgBox.ts.
10:01:15.318 debug: Resolve file:///Users/zhao/Desktop/test/cocos-creator/PlaneFight/assets/Scripts/Ememy.ts from cce:/internal/x/prerequisite-imports as file:///Users/zhao/Desktop/test/cocos-creator/PlaneFight/assets/Scripts/Ememy.ts.
10:01:15.318 debug: Detected change: file:///Users/zhao/Desktop/test/cocos-creator/PlaneFight/assets/Scripts/Ememy.ts. Last mtime: Fri Jul 18 2025 09:57:54 GMT+0800 (中国标准时间)@70755476-15f9-41c6-9470-be63e30c18ad, Current mtime: Fri Jul 18 2025 09:58:49 GMT+0800 (中国标准时间)@70755476-15f9-41c6-9470-be63e30c18ad
10:01:15.318 debug: Inspect file:///Users/zhao/Desktop/test/cocos-creator/PlaneFight/assets/Scripts/Ememy.ts
10:01:15.337 debug: transform url: 'file:///Users/zhao/Desktop/test/cocos-creator/PlaneFight/assets/Scripts/Ememy.ts' costs: 18.60 ms
10:01:15.338 debug: Resolve cc from file:///Users/zhao/Desktop/test/cocos-creator/PlaneFight/assets/Scripts/Ememy.ts as cce:/internal/x/cc.
10:01:15.339 debug: Resolve cc from file:///Users/zhao/Desktop/test/cocos-creator/PlaneFight/assets/Scripts/Ememy.ts as cce:/internal/x/cc.
10:01:15.339 debug: Resolve cc from file:///Users/zhao/Desktop/test/cocos-creator/PlaneFight/assets/Scripts/Ememy.ts as cce:/internal/x/cc.
10:01:15.341 debug: Target(preview) ends with cost 29.894833999918774ms.
10:01:18.149 debug: Dispatch build request for time accumulated 1 asset changes.
10:01:18.151 debug: Build iteration starts.
Number of accumulated asset changes: 1
Feature changed: false
10:01:18.151 debug: Target(editor) build started.
10:01:18.152 debug: Detected change: cce:/internal/x/prerequisite-imports. Last mtime: Thu Jan 01 1970 08:11:16 GMT+0800 (中国标准时间), Current mtime: Thu Jan 01 1970 08:11:19 GMT+0800 (中国标准时间)
10:01:18.152 debug: Inspect cce:/internal/x/prerequisite-imports
10:01:18.158 debug: transform url: 'cce:/internal/x/prerequisite-imports' costs: 5.60 ms
10:01:18.158 debug: Resolve file:///Applications/Cocos/Creator/3.8.6/CocosCreator.app/Contents/Resources/resources/3d/engine/editor/assets/default_renderpipeline/builtin-dof-pass.ts from cce:/internal/x/prerequisite-imports as file:///Applications/Cocos/Creator/3.8.6/CocosCreator.app/Contents/Resources/resources/3d/engine/editor/assets/default_renderpipeline/builtin-dof-pass.ts.
10:01:18.158 debug: Resolve file:///Applications/Cocos/Creator/3.8.6/CocosCreator.app/Contents/Resources/resources/3d/engine/editor/assets/default_renderpipeline/builtin-pipeline-pass.ts from cce:/internal/x/prerequisite-imports as file:///Applications/Cocos/Creator/3.8.6/CocosCreator.app/Contents/Resources/resources/3d/engine/editor/assets/default_renderpipeline/builtin-pipeline-pass.ts.
10:01:18.158 debug: Resolve file:///Applications/Cocos/Creator/3.8.6/CocosCreator.app/Contents/Resources/resources/3d/engine/editor/assets/default_renderpipeline/builtin-pipeline-settings.ts from cce:/internal/x/prerequisite-imports as file:///Applications/Cocos/Creator/3.8.6/CocosCreator.app/Contents/Resources/resources/3d/engine/editor/assets/default_renderpipeline/builtin-pipeline-settings.ts.
10:01:18.158 debug: Resolve file:///Applications/Cocos/Creator/3.8.6/CocosCreator.app/Contents/Resources/resources/3d/engine/editor/assets/default_renderpipeline/builtin-pipeline-types.ts from cce:/internal/x/prerequisite-imports as file:///Applications/Cocos/Creator/3.8.6/CocosCreator.app/Contents/Resources/resources/3d/engine/editor/assets/default_renderpipeline/builtin-pipeline-types.ts.
10:01:18.158 debug: Resolve file:///Applications/Cocos/Creator/3.8.6/CocosCreator.app/Contents/Resources/resources/3d/engine/editor/assets/default_renderpipeline/builtin-pipeline.ts from cce:/internal/x/prerequisite-imports as file:///Applications/Cocos/Creator/3.8.6/CocosCreator.app/Contents/Resources/resources/3d/engine/editor/assets/default_renderpipeline/builtin-pipeline.ts.
10:01:18.158 debug: Resolve file:///Applications/Cocos/Creator/3.8.6/CocosCreator.app/Contents/Resources/resources/3d/engine/editor/assets/tools/debug-view-runtime-control.ts from cce:/internal/x/prerequisite-imports as file:///Applications/Cocos/Creator/3.8.6/CocosCreator.app/Contents/Resources/resources/3d/engine/editor/assets/tools/debug-view-runtime-control.ts.
10:01:18.158 debug: Resolve file:///Users/zhao/Desktop/test/cocos-creator/PlaneFight/assets/Scripts/BgBox.ts from cce:/internal/x/prerequisite-imports as file:///Users/zhao/Desktop/test/cocos-creator/PlaneFight/assets/Scripts/BgBox.ts.
10:01:18.158 debug: Resolve file:///Users/zhao/Desktop/test/cocos-creator/PlaneFight/assets/Scripts/Ememy.ts from cce:/internal/x/prerequisite-imports as file:///Users/zhao/Desktop/test/cocos-creator/PlaneFight/assets/Scripts/Ememy.ts.
10:01:18.159 debug: Detected change: file:///Users/zhao/Desktop/test/cocos-creator/PlaneFight/assets/Scripts/Ememy.ts. Last mtime: Fri Jul 18 2025 09:58:49 GMT+0800 (中国标准时间)@70755476-15f9-41c6-9470-be63e30c18ad, Current mtime: Fri Jul 18 2025 10:01:17 GMT+0800 (中国标准时间)@70755476-15f9-41c6-9470-be63e30c18ad
10:01:18.159 debug: Inspect file:///Users/zhao/Desktop/test/cocos-creator/PlaneFight/assets/Scripts/Ememy.ts
10:01:18.171 debug: transform url: 'file:///Users/zhao/Desktop/test/cocos-creator/PlaneFight/assets/Scripts/Ememy.ts' costs: 12.70 ms
10:01:18.172 debug: Resolve cc from file:///Users/zhao/Desktop/test/cocos-creator/PlaneFight/assets/Scripts/Ememy.ts as cce:/internal/x/cc.
10:01:18.172 debug: Resolve cc from file:///Users/zhao/Desktop/test/cocos-creator/PlaneFight/assets/Scripts/Ememy.ts as cce:/internal/x/cc.
10:01:18.172 debug: Resolve cc from file:///Users/zhao/Desktop/test/cocos-creator/PlaneFight/assets/Scripts/Ememy.ts as cce:/internal/x/cc.
10:01:18.174 debug: Target(editor) ends with cost 23.00891600002069ms.
10:01:18.174 debug: Target(preview) build started.
10:01:18.176 debug: Detected change: cce:/internal/x/prerequisite-imports. Last mtime: Thu Jan 01 1970 08:11:16 GMT+0800 (中国标准时间), Current mtime: Thu Jan 01 1970 08:11:19 GMT+0800 (中国标准时间)
10:01:18.176 debug: Inspect cce:/internal/x/prerequisite-imports
10:01:18.179 debug: transform url: 'cce:/internal/x/prerequisite-imports' costs: 3.60 ms
10:01:18.180 debug: Resolve file:///Applications/Cocos/Creator/3.8.6/CocosCreator.app/Contents/Resources/resources/3d/engine/editor/assets/default_renderpipeline/builtin-dof-pass.ts from cce:/internal/x/prerequisite-imports as file:///Applications/Cocos/Creator/3.8.6/CocosCreator.app/Contents/Resources/resources/3d/engine/editor/assets/default_renderpipeline/builtin-dof-pass.ts.
10:01:18.180 debug: Resolve file:///Applications/Cocos/Creator/3.8.6/CocosCreator.app/Contents/Resources/resources/3d/engine/editor/assets/default_renderpipeline/builtin-pipeline-pass.ts from cce:/internal/x/prerequisite-imports as file:///Applications/Cocos/Creator/3.8.6/CocosCreator.app/Contents/Resources/resources/3d/engine/editor/assets/default_renderpipeline/builtin-pipeline-pass.ts.
10:01:18.180 debug: Resolve file:///Applications/Cocos/Creator/3.8.6/CocosCreator.app/Contents/Resources/resources/3d/engine/editor/assets/default_renderpipeline/builtin-pipeline-settings.ts from cce:/internal/x/prerequisite-imports as file:///Applications/Cocos/Creator/3.8.6/CocosCreator.app/Contents/Resources/resources/3d/engine/editor/assets/default_renderpipeline/builtin-pipeline-settings.ts.
10:01:18.180 debug: Resolve file:///Applications/Cocos/Creator/3.8.6/CocosCreator.app/Contents/Resources/resources/3d/engine/editor/assets/default_renderpipeline/builtin-pipeline-types.ts from cce:/internal/x/prerequisite-imports as file:///Applications/Cocos/Creator/3.8.6/CocosCreator.app/Contents/Resources/resources/3d/engine/editor/assets/default_renderpipeline/builtin-pipeline-types.ts.
10:01:18.180 debug: Resolve file:///Applications/Cocos/Creator/3.8.6/CocosCreator.app/Contents/Resources/resources/3d/engine/editor/assets/default_renderpipeline/builtin-pipeline.ts from cce:/internal/x/prerequisite-imports as file:///Applications/Cocos/Creator/3.8.6/CocosCreator.app/Contents/Resources/resources/3d/engine/editor/assets/default_renderpipeline/builtin-pipeline.ts.
10:01:18.180 debug: Resolve file:///Applications/Cocos/Creator/3.8.6/CocosCreator.app/Contents/Resources/resources/3d/engine/editor/assets/tools/debug-view-runtime-control.ts from cce:/internal/x/prerequisite-imports as file:///Applications/Cocos/Creator/3.8.6/CocosCreator.app/Contents/Resources/resources/3d/engine/editor/assets/tools/debug-view-runtime-control.ts.
10:01:18.180 debug: Resolve file:///Users/zhao/Desktop/test/cocos-creator/PlaneFight/assets/Scripts/BgBox.ts from cce:/internal/x/prerequisite-imports as file:///Users/zhao/Desktop/test/cocos-creator/PlaneFight/assets/Scripts/BgBox.ts.
10:01:18.180 debug: Resolve file:///Users/zhao/Desktop/test/cocos-creator/PlaneFight/assets/Scripts/Ememy.ts from cce:/internal/x/prerequisite-imports as file:///Users/zhao/Desktop/test/cocos-creator/PlaneFight/assets/Scripts/Ememy.ts.
10:01:18.180 debug: Detected change: file:///Users/zhao/Desktop/test/cocos-creator/PlaneFight/assets/Scripts/Ememy.ts. Last mtime: Fri Jul 18 2025 09:58:49 GMT+0800 (中国标准时间)@70755476-15f9-41c6-9470-be63e30c18ad, Current mtime: Fri Jul 18 2025 10:01:17 GMT+0800 (中国标准时间)@70755476-15f9-41c6-9470-be63e30c18ad
10:01:18.180 debug: Inspect file:///Users/zhao/Desktop/test/cocos-creator/PlaneFight/assets/Scripts/Ememy.ts
10:01:18.192 debug: transform url: 'file:///Users/zhao/Desktop/test/cocos-creator/PlaneFight/assets/Scripts/Ememy.ts' costs: 11.50 ms
10:01:18.193 debug: Resolve cc from file:///Users/zhao/Desktop/test/cocos-creator/PlaneFight/assets/Scripts/Ememy.ts as cce:/internal/x/cc.
10:01:18.193 debug: Resolve cc from file:///Users/zhao/Desktop/test/cocos-creator/PlaneFight/assets/Scripts/Ememy.ts as cce:/internal/x/cc.
10:01:18.193 debug: Resolve cc from file:///Users/zhao/Desktop/test/cocos-creator/PlaneFight/assets/Scripts/Ememy.ts as cce:/internal/x/cc.
10:01:18.196 debug: Target(preview) ends with cost 21.239999999990687ms.
10:03:54.955 debug: Dispatch build request for time accumulated 1 asset changes.
10:03:54.956 debug: Build iteration starts.
Number of accumulated asset changes: 1
Feature changed: false
10:03:54.956 debug: Target(editor) build started.
10:03:54.957 debug: Detected change: cce:/internal/x/prerequisite-imports. Last mtime: Thu Jan 01 1970 08:11:19 GMT+0800 (中国标准时间), Current mtime: Thu Jan 01 1970 08:13:56 GMT+0800 (中国标准时间)
10:03:54.957 debug: Inspect cce:/internal/x/prerequisite-imports
10:03:54.963 debug: transform url: 'cce:/internal/x/prerequisite-imports' costs: 5.70 ms
10:03:54.964 debug: Resolve file:///Applications/Cocos/Creator/3.8.6/CocosCreator.app/Contents/Resources/resources/3d/engine/editor/assets/default_renderpipeline/builtin-dof-pass.ts from cce:/internal/x/prerequisite-imports as file:///Applications/Cocos/Creator/3.8.6/CocosCreator.app/Contents/Resources/resources/3d/engine/editor/assets/default_renderpipeline/builtin-dof-pass.ts.
10:03:54.964 debug: Resolve file:///Applications/Cocos/Creator/3.8.6/CocosCreator.app/Contents/Resources/resources/3d/engine/editor/assets/default_renderpipeline/builtin-pipeline-pass.ts from cce:/internal/x/prerequisite-imports as file:///Applications/Cocos/Creator/3.8.6/CocosCreator.app/Contents/Resources/resources/3d/engine/editor/assets/default_renderpipeline/builtin-pipeline-pass.ts.
10:03:54.964 debug: Resolve file:///Applications/Cocos/Creator/3.8.6/CocosCreator.app/Contents/Resources/resources/3d/engine/editor/assets/default_renderpipeline/builtin-pipeline-settings.ts from cce:/internal/x/prerequisite-imports as file:///Applications/Cocos/Creator/3.8.6/CocosCreator.app/Contents/Resources/resources/3d/engine/editor/assets/default_renderpipeline/builtin-pipeline-settings.ts.
10:03:54.964 debug: Resolve file:///Applications/Cocos/Creator/3.8.6/CocosCreator.app/Contents/Resources/resources/3d/engine/editor/assets/default_renderpipeline/builtin-pipeline-types.ts from cce:/internal/x/prerequisite-imports as file:///Applications/Cocos/Creator/3.8.6/CocosCreator.app/Contents/Resources/resources/3d/engine/editor/assets/default_renderpipeline/builtin-pipeline-types.ts.
10:03:54.964 debug: Resolve file:///Applications/Cocos/Creator/3.8.6/CocosCreator.app/Contents/Resources/resources/3d/engine/editor/assets/default_renderpipeline/builtin-pipeline.ts from cce:/internal/x/prerequisite-imports as file:///Applications/Cocos/Creator/3.8.6/CocosCreator.app/Contents/Resources/resources/3d/engine/editor/assets/default_renderpipeline/builtin-pipeline.ts.
10:03:54.964 debug: Resolve file:///Applications/Cocos/Creator/3.8.6/CocosCreator.app/Contents/Resources/resources/3d/engine/editor/assets/tools/debug-view-runtime-control.ts from cce:/internal/x/prerequisite-imports as file:///Applications/Cocos/Creator/3.8.6/CocosCreator.app/Contents/Resources/resources/3d/engine/editor/assets/tools/debug-view-runtime-control.ts.
10:03:54.964 debug: Resolve file:///Users/zhao/Desktop/test/cocos-creator/PlaneFight/assets/Scripts/BgBox.ts from cce:/internal/x/prerequisite-imports as file:///Users/zhao/Desktop/test/cocos-creator/PlaneFight/assets/Scripts/BgBox.ts.
10:03:54.964 debug: Resolve file:///Users/zhao/Desktop/test/cocos-creator/PlaneFight/assets/Scripts/Ememy.ts from cce:/internal/x/prerequisite-imports as file:///Users/zhao/Desktop/test/cocos-creator/PlaneFight/assets/Scripts/Ememy.ts.
10:03:54.964 debug: Resolve file:///Users/zhao/Desktop/test/cocos-creator/PlaneFight/assets/Scripts/GameManager.ts from cce:/internal/x/prerequisite-imports as file:///Users/zhao/Desktop/test/cocos-creator/PlaneFight/assets/Scripts/GameManager.ts.
10:03:54.964 debug: Inspect file:///Users/zhao/Desktop/test/cocos-creator/PlaneFight/assets/Scripts/GameManager.ts
10:03:54.969 debug: transform url: 'file:///Users/zhao/Desktop/test/cocos-creator/PlaneFight/assets/Scripts/GameManager.ts' costs: 5.20 ms
10:03:54.970 debug: Resolve cc from file:///Users/zhao/Desktop/test/cocos-creator/PlaneFight/assets/Scripts/GameManager.ts as cce:/internal/x/cc.
10:03:54.970 debug: Resolve cc from file:///Users/zhao/Desktop/test/cocos-creator/PlaneFight/assets/Scripts/GameManager.ts as cce:/internal/x/cc.
10:03:54.970 debug: Resolve cc from file:///Users/zhao/Desktop/test/cocos-creator/PlaneFight/assets/Scripts/GameManager.ts as cce:/internal/x/cc.
10:03:54.974 debug: Target(editor) ends with cost 17.839082999969833ms.
10:03:54.974 debug: Target(preview) build started.
10:03:54.975 debug: Detected change: cce:/internal/x/prerequisite-imports. Last mtime: Thu Jan 01 1970 08:11:19 GMT+0800 (中国标准时间), Current mtime: Thu Jan 01 1970 08:13:56 GMT+0800 (中国标准时间)
10:03:54.975 debug: Inspect cce:/internal/x/prerequisite-imports
10:03:54.978 debug: transform url: 'cce:/internal/x/prerequisite-imports' costs: 3.10 ms
10:03:54.979 debug: Resolve file:///Applications/Cocos/Creator/3.8.6/CocosCreator.app/Contents/Resources/resources/3d/engine/editor/assets/default_renderpipeline/builtin-dof-pass.ts from cce:/internal/x/prerequisite-imports as file:///Applications/Cocos/Creator/3.8.6/CocosCreator.app/Contents/Resources/resources/3d/engine/editor/assets/default_renderpipeline/builtin-dof-pass.ts.
10:03:54.979 debug: Resolve file:///Applications/Cocos/Creator/3.8.6/CocosCreator.app/Contents/Resources/resources/3d/engine/editor/assets/default_renderpipeline/builtin-pipeline-pass.ts from cce:/internal/x/prerequisite-imports as file:///Applications/Cocos/Creator/3.8.6/CocosCreator.app/Contents/Resources/resources/3d/engine/editor/assets/default_renderpipeline/builtin-pipeline-pass.ts.
10:03:54.979 debug: Resolve file:///Applications/Cocos/Creator/3.8.6/CocosCreator.app/Contents/Resources/resources/3d/engine/editor/assets/default_renderpipeline/builtin-pipeline-settings.ts from cce:/internal/x/prerequisite-imports as file:///Applications/Cocos/Creator/3.8.6/CocosCreator.app/Contents/Resources/resources/3d/engine/editor/assets/default_renderpipeline/builtin-pipeline-settings.ts.
10:03:54.979 debug: Resolve file:///Applications/Cocos/Creator/3.8.6/CocosCreator.app/Contents/Resources/resources/3d/engine/editor/assets/default_renderpipeline/builtin-pipeline-types.ts from cce:/internal/x/prerequisite-imports as file:///Applications/Cocos/Creator/3.8.6/CocosCreator.app/Contents/Resources/resources/3d/engine/editor/assets/default_renderpipeline/builtin-pipeline-types.ts.
10:03:54.979 debug: Resolve file:///Applications/Cocos/Creator/3.8.6/CocosCreator.app/Contents/Resources/resources/3d/engine/editor/assets/default_renderpipeline/builtin-pipeline.ts from cce:/internal/x/prerequisite-imports as file:///Applications/Cocos/Creator/3.8.6/CocosCreator.app/Contents/Resources/resources/3d/engine/editor/assets/default_renderpipeline/builtin-pipeline.ts.
10:03:54.979 debug: Resolve file:///Applications/Cocos/Creator/3.8.6/CocosCreator.app/Contents/Resources/resources/3d/engine/editor/assets/tools/debug-view-runtime-control.ts from cce:/internal/x/prerequisite-imports as file:///Applications/Cocos/Creator/3.8.6/CocosCreator.app/Contents/Resources/resources/3d/engine/editor/assets/tools/debug-view-runtime-control.ts.
10:03:54.979 debug: Resolve file:///Users/zhao/Desktop/test/cocos-creator/PlaneFight/assets/Scripts/BgBox.ts from cce:/internal/x/prerequisite-imports as file:///Users/zhao/Desktop/test/cocos-creator/PlaneFight/assets/Scripts/BgBox.ts.
10:03:54.979 debug: Resolve file:///Users/zhao/Desktop/test/cocos-creator/PlaneFight/assets/Scripts/Ememy.ts from cce:/internal/x/prerequisite-imports as file:///Users/zhao/Desktop/test/cocos-creator/PlaneFight/assets/Scripts/Ememy.ts.
10:03:54.979 debug: Resolve file:///Users/zhao/Desktop/test/cocos-creator/PlaneFight/assets/Scripts/GameManager.ts from cce:/internal/x/prerequisite-imports as file:///Users/zhao/Desktop/test/cocos-creator/PlaneFight/assets/Scripts/GameManager.ts.
10:03:54.979 debug: Inspect file:///Users/zhao/Desktop/test/cocos-creator/PlaneFight/assets/Scripts/GameManager.ts
10:03:54.985 debug: transform url: 'file:///Users/zhao/Desktop/test/cocos-creator/PlaneFight/assets/Scripts/GameManager.ts' costs: 5.40 ms
10:03:54.985 debug: Resolve cc from file:///Users/zhao/Desktop/test/cocos-creator/PlaneFight/assets/Scripts/GameManager.ts as cce:/internal/x/cc.
10:03:54.985 debug: Resolve cc from file:///Users/zhao/Desktop/test/cocos-creator/PlaneFight/assets/Scripts/GameManager.ts as cce:/internal/x/cc.
10:03:54.985 debug: Resolve cc from file:///Users/zhao/Desktop/test/cocos-creator/PlaneFight/assets/Scripts/GameManager.ts as cce:/internal/x/cc.
10:03:54.993 debug: Target(preview) ends with cost 18.671958000049926ms.
10:05:14.944 debug: Dispatch build request for time accumulated 1 asset changes.
10:05:14.946 debug: Build iteration starts.
Number of accumulated asset changes: 1
Feature changed: false
10:05:14.946 debug: Target(editor) build started.
10:05:14.947 debug: Detected change: cce:/internal/x/prerequisite-imports. Last mtime: Thu Jan 01 1970 08:13:56 GMT+0800 (中国标准时间), Current mtime: Thu Jan 01 1970 08:15:16 GMT+0800 (中国标准时间)
10:05:14.947 debug: Inspect cce:/internal/x/prerequisite-imports
10:05:14.956 debug: transform url: 'cce:/internal/x/prerequisite-imports' costs: 8.40 ms
10:05:14.957 debug: Resolve file:///Applications/Cocos/Creator/3.8.6/CocosCreator.app/Contents/Resources/resources/3d/engine/editor/assets/default_renderpipeline/builtin-dof-pass.ts from cce:/internal/x/prerequisite-imports as file:///Applications/Cocos/Creator/3.8.6/CocosCreator.app/Contents/Resources/resources/3d/engine/editor/assets/default_renderpipeline/builtin-dof-pass.ts.
10:05:14.957 debug: Resolve file:///Applications/Cocos/Creator/3.8.6/CocosCreator.app/Contents/Resources/resources/3d/engine/editor/assets/default_renderpipeline/builtin-pipeline-pass.ts from cce:/internal/x/prerequisite-imports as file:///Applications/Cocos/Creator/3.8.6/CocosCreator.app/Contents/Resources/resources/3d/engine/editor/assets/default_renderpipeline/builtin-pipeline-pass.ts.
10:05:14.957 debug: Resolve file:///Applications/Cocos/Creator/3.8.6/CocosCreator.app/Contents/Resources/resources/3d/engine/editor/assets/default_renderpipeline/builtin-pipeline-settings.ts from cce:/internal/x/prerequisite-imports as file:///Applications/Cocos/Creator/3.8.6/CocosCreator.app/Contents/Resources/resources/3d/engine/editor/assets/default_renderpipeline/builtin-pipeline-settings.ts.
10:05:14.957 debug: Resolve file:///Applications/Cocos/Creator/3.8.6/CocosCreator.app/Contents/Resources/resources/3d/engine/editor/assets/default_renderpipeline/builtin-pipeline-types.ts from cce:/internal/x/prerequisite-imports as file:///Applications/Cocos/Creator/3.8.6/CocosCreator.app/Contents/Resources/resources/3d/engine/editor/assets/default_renderpipeline/builtin-pipeline-types.ts.
10:05:14.957 debug: Resolve file:///Applications/Cocos/Creator/3.8.6/CocosCreator.app/Contents/Resources/resources/3d/engine/editor/assets/default_renderpipeline/builtin-pipeline.ts from cce:/internal/x/prerequisite-imports as file:///Applications/Cocos/Creator/3.8.6/CocosCreator.app/Contents/Resources/resources/3d/engine/editor/assets/default_renderpipeline/builtin-pipeline.ts.
10:05:14.957 debug: Resolve file:///Applications/Cocos/Creator/3.8.6/CocosCreator.app/Contents/Resources/resources/3d/engine/editor/assets/tools/debug-view-runtime-control.ts from cce:/internal/x/prerequisite-imports as file:///Applications/Cocos/Creator/3.8.6/CocosCreator.app/Contents/Resources/resources/3d/engine/editor/assets/tools/debug-view-runtime-control.ts.
10:05:14.957 debug: Resolve file:///Users/zhao/Desktop/test/cocos-creator/PlaneFight/assets/Scripts/BgBox.ts from cce:/internal/x/prerequisite-imports as file:///Users/zhao/Desktop/test/cocos-creator/PlaneFight/assets/Scripts/BgBox.ts.
10:05:14.957 debug: Resolve file:///Users/zhao/Desktop/test/cocos-creator/PlaneFight/assets/Scripts/Ememy.ts from cce:/internal/x/prerequisite-imports as file:///Users/zhao/Desktop/test/cocos-creator/PlaneFight/assets/Scripts/Ememy.ts.
10:05:14.957 debug: Detected change: file:///Users/zhao/Desktop/test/cocos-creator/PlaneFight/assets/Scripts/Ememy.ts. Last mtime: Fri Jul 18 2025 10:01:17 GMT+0800 (中国标准时间)@70755476-15f9-41c6-9470-be63e30c18ad, Current mtime: Fri Jul 18 2025 10:05:13 GMT+0800 (中国标准时间)@70755476-15f9-41c6-9470-be63e30c18ad
10:05:14.957 debug: Inspect file:///Users/zhao/Desktop/test/cocos-creator/PlaneFight/assets/Scripts/Ememy.ts
10:05:14.968 debug: transform url: 'file:///Users/zhao/Desktop/test/cocos-creator/PlaneFight/assets/Scripts/Ememy.ts' costs: 10.90 ms
10:05:14.969 debug: Resolve file:///Users/zhao/Desktop/test/cocos-creator/PlaneFight/assets/Scripts/GameManager.ts from cce:/internal/x/prerequisite-imports as file:///Users/zhao/Desktop/test/cocos-creator/PlaneFight/assets/Scripts/GameManager.ts.
10:05:14.969 debug: Resolve cc from file:///Users/zhao/Desktop/test/cocos-creator/PlaneFight/assets/Scripts/Ememy.ts as cce:/internal/x/cc.
10:05:14.969 debug: Resolve cc from file:///Users/zhao/Desktop/test/cocos-creator/PlaneFight/assets/Scripts/Ememy.ts as cce:/internal/x/cc.
10:05:14.969 debug: Resolve cc from file:///Users/zhao/Desktop/test/cocos-creator/PlaneFight/assets/Scripts/Ememy.ts as cce:/internal/x/cc.
10:05:14.972 debug: Target(editor) ends with cost 26.369042000034824ms.
10:05:14.973 debug: Target(preview) build started.
10:05:14.978 debug: Detected change: cce:/internal/x/prerequisite-imports. Last mtime: Thu Jan 01 1970 08:13:56 GMT+0800 (中国标准时间), Current mtime: Thu Jan 01 1970 08:15:16 GMT+0800 (中国标准时间)
10:05:14.978 debug: Inspect cce:/internal/x/prerequisite-imports
10:05:14.982 debug: transform url: 'cce:/internal/x/prerequisite-imports' costs: 3.80 ms
10:05:14.984 debug: Resolve file:///Applications/Cocos/Creator/3.8.6/CocosCreator.app/Contents/Resources/resources/3d/engine/editor/assets/default_renderpipeline/builtin-dof-pass.ts from cce:/internal/x/prerequisite-imports as file:///Applications/Cocos/Creator/3.8.6/CocosCreator.app/Contents/Resources/resources/3d/engine/editor/assets/default_renderpipeline/builtin-dof-pass.ts.
10:05:14.984 debug: Resolve file:///Applications/Cocos/Creator/3.8.6/CocosCreator.app/Contents/Resources/resources/3d/engine/editor/assets/default_renderpipeline/builtin-pipeline-pass.ts from cce:/internal/x/prerequisite-imports as file:///Applications/Cocos/Creator/3.8.6/CocosCreator.app/Contents/Resources/resources/3d/engine/editor/assets/default_renderpipeline/builtin-pipeline-pass.ts.
10:05:14.984 debug: Resolve file:///Applications/Cocos/Creator/3.8.6/CocosCreator.app/Contents/Resources/resources/3d/engine/editor/assets/default_renderpipeline/builtin-pipeline-settings.ts from cce:/internal/x/prerequisite-imports as file:///Applications/Cocos/Creator/3.8.6/CocosCreator.app/Contents/Resources/resources/3d/engine/editor/assets/default_renderpipeline/builtin-pipeline-settings.ts.
10:05:14.984 debug: Resolve file:///Applications/Cocos/Creator/3.8.6/CocosCreator.app/Contents/Resources/resources/3d/engine/editor/assets/default_renderpipeline/builtin-pipeline-types.ts from cce:/internal/x/prerequisite-imports as file:///Applications/Cocos/Creator/3.8.6/CocosCreator.app/Contents/Resources/resources/3d/engine/editor/assets/default_renderpipeline/builtin-pipeline-types.ts.
10:05:14.984 debug: Resolve file:///Applications/Cocos/Creator/3.8.6/CocosCreator.app/Contents/Resources/resources/3d/engine/editor/assets/default_renderpipeline/builtin-pipeline.ts from cce:/internal/x/prerequisite-imports as file:///Applications/Cocos/Creator/3.8.6/CocosCreator.app/Contents/Resources/resources/3d/engine/editor/assets/default_renderpipeline/builtin-pipeline.ts.
10:05:14.984 debug: Resolve file:///Applications/Cocos/Creator/3.8.6/CocosCreator.app/Contents/Resources/resources/3d/engine/editor/assets/tools/debug-view-runtime-control.ts from cce:/internal/x/prerequisite-imports as file:///Applications/Cocos/Creator/3.8.6/CocosCreator.app/Contents/Resources/resources/3d/engine/editor/assets/tools/debug-view-runtime-control.ts.
10:05:14.985 debug: Resolve file:///Users/zhao/Desktop/test/cocos-creator/PlaneFight/assets/Scripts/BgBox.ts from cce:/internal/x/prerequisite-imports as file:///Users/zhao/Desktop/test/cocos-creator/PlaneFight/assets/Scripts/BgBox.ts.
10:05:14.985 debug: Resolve file:///Users/zhao/Desktop/test/cocos-creator/PlaneFight/assets/Scripts/Ememy.ts from cce:/internal/x/prerequisite-imports as file:///Users/zhao/Desktop/test/cocos-creator/PlaneFight/assets/Scripts/Ememy.ts.
10:05:14.985 debug: Detected change: file:///Users/zhao/Desktop/test/cocos-creator/PlaneFight/assets/Scripts/Ememy.ts. Last mtime: Fri Jul 18 2025 10:01:17 GMT+0800 (中国标准时间)@70755476-15f9-41c6-9470-be63e30c18ad, Current mtime: Fri Jul 18 2025 10:05:13 GMT+0800 (中国标准时间)@70755476-15f9-41c6-9470-be63e30c18ad
10:05:14.985 debug: Inspect file:///Users/zhao/Desktop/test/cocos-creator/PlaneFight/assets/Scripts/Ememy.ts
10:05:14.999 debug: transform url: 'file:///Users/zhao/Desktop/test/cocos-creator/PlaneFight/assets/Scripts/Ememy.ts' costs: 13.80 ms
10:05:15.000 debug: Resolve file:///Users/zhao/Desktop/test/cocos-creator/PlaneFight/assets/Scripts/GameManager.ts from cce:/internal/x/prerequisite-imports as file:///Users/zhao/Desktop/test/cocos-creator/PlaneFight/assets/Scripts/GameManager.ts.
10:05:15.000 debug: Resolve cc from file:///Users/zhao/Desktop/test/cocos-creator/PlaneFight/assets/Scripts/Ememy.ts as cce:/internal/x/cc.
10:05:15.000 debug: Resolve cc from file:///Users/zhao/Desktop/test/cocos-creator/PlaneFight/assets/Scripts/Ememy.ts as cce:/internal/x/cc.
10:05:15.000 debug: Resolve cc from file:///Users/zhao/Desktop/test/cocos-creator/PlaneFight/assets/Scripts/Ememy.ts as cce:/internal/x/cc.
10:05:15.003 debug: Target(preview) ends with cost 30.02020899998024ms.
10:06:44.042 debug: Dispatch build request for time accumulated 1 asset changes.
10:06:44.044 debug: Build iteration starts.
Number of accumulated asset changes: 1
Feature changed: false
10:06:44.044 debug: Target(editor) build started.
10:06:44.045 debug: Detected change: cce:/internal/x/prerequisite-imports. Last mtime: Thu Jan 01 1970 08:15:16 GMT+0800 (中国标准时间), Current mtime: Thu Jan 01 1970 08:16:45 GMT+0800 (中国标准时间)
10:06:44.045 debug: Inspect cce:/internal/x/prerequisite-imports
10:06:44.049 debug: transform url: 'cce:/internal/x/prerequisite-imports' costs: 4.30 ms
10:06:44.050 debug: Resolve file:///Applications/Cocos/Creator/3.8.6/CocosCreator.app/Contents/Resources/resources/3d/engine/editor/assets/default_renderpipeline/builtin-dof-pass.ts from cce:/internal/x/prerequisite-imports as file:///Applications/Cocos/Creator/3.8.6/CocosCreator.app/Contents/Resources/resources/3d/engine/editor/assets/default_renderpipeline/builtin-dof-pass.ts.
10:06:44.050 debug: Resolve file:///Applications/Cocos/Creator/3.8.6/CocosCreator.app/Contents/Resources/resources/3d/engine/editor/assets/default_renderpipeline/builtin-pipeline-pass.ts from cce:/internal/x/prerequisite-imports as file:///Applications/Cocos/Creator/3.8.6/CocosCreator.app/Contents/Resources/resources/3d/engine/editor/assets/default_renderpipeline/builtin-pipeline-pass.ts.
10:06:44.050 debug: Resolve file:///Applications/Cocos/Creator/3.8.6/CocosCreator.app/Contents/Resources/resources/3d/engine/editor/assets/default_renderpipeline/builtin-pipeline-settings.ts from cce:/internal/x/prerequisite-imports as file:///Applications/Cocos/Creator/3.8.6/CocosCreator.app/Contents/Resources/resources/3d/engine/editor/assets/default_renderpipeline/builtin-pipeline-settings.ts.
10:06:44.050 debug: Resolve file:///Applications/Cocos/Creator/3.8.6/CocosCreator.app/Contents/Resources/resources/3d/engine/editor/assets/default_renderpipeline/builtin-pipeline-types.ts from cce:/internal/x/prerequisite-imports as file:///Applications/Cocos/Creator/3.8.6/CocosCreator.app/Contents/Resources/resources/3d/engine/editor/assets/default_renderpipeline/builtin-pipeline-types.ts.
10:06:44.050 debug: Resolve file:///Applications/Cocos/Creator/3.8.6/CocosCreator.app/Contents/Resources/resources/3d/engine/editor/assets/default_renderpipeline/builtin-pipeline.ts from cce:/internal/x/prerequisite-imports as file:///Applications/Cocos/Creator/3.8.6/CocosCreator.app/Contents/Resources/resources/3d/engine/editor/assets/default_renderpipeline/builtin-pipeline.ts.
10:06:44.050 debug: Resolve file:///Applications/Cocos/Creator/3.8.6/CocosCreator.app/Contents/Resources/resources/3d/engine/editor/assets/tools/debug-view-runtime-control.ts from cce:/internal/x/prerequisite-imports as file:///Applications/Cocos/Creator/3.8.6/CocosCreator.app/Contents/Resources/resources/3d/engine/editor/assets/tools/debug-view-runtime-control.ts.
10:06:44.050 debug: Resolve file:///Users/zhao/Desktop/test/cocos-creator/PlaneFight/assets/Scripts/BgBox.ts from cce:/internal/x/prerequisite-imports as file:///Users/zhao/Desktop/test/cocos-creator/PlaneFight/assets/Scripts/BgBox.ts.
10:06:44.050 debug: Resolve file:///Users/zhao/Desktop/test/cocos-creator/PlaneFight/assets/Scripts/Ememy.ts from cce:/internal/x/prerequisite-imports as file:///Users/zhao/Desktop/test/cocos-creator/PlaneFight/assets/Scripts/Ememy.ts.
10:06:44.050 debug: Detected change: file:///Users/zhao/Desktop/test/cocos-creator/PlaneFight/assets/Scripts/Ememy.ts. Last mtime: Fri Jul 18 2025 10:05:13 GMT+0800 (中国标准时间)@70755476-15f9-41c6-9470-be63e30c18ad, Current mtime: Fri Jul 18 2025 10:06:43 GMT+0800 (中国标准时间)@70755476-15f9-41c6-9470-be63e30c18ad
10:06:44.050 debug: Inspect file:///Users/zhao/Desktop/test/cocos-creator/PlaneFight/assets/Scripts/Ememy.ts
10:06:44.060 debug: transform url: 'file:///Users/zhao/Desktop/test/cocos-creator/PlaneFight/assets/Scripts/Ememy.ts' costs: 9.60 ms
10:06:44.061 debug: Resolve file:///Users/zhao/Desktop/test/cocos-creator/PlaneFight/assets/Scripts/GameManager.ts from cce:/internal/x/prerequisite-imports as file:///Users/zhao/Desktop/test/cocos-creator/PlaneFight/assets/Scripts/GameManager.ts.
10:06:44.061 debug: Resolve cc from file:///Users/zhao/Desktop/test/cocos-creator/PlaneFight/assets/Scripts/Ememy.ts as cce:/internal/x/cc.
10:06:44.061 debug: Resolve cc from file:///Users/zhao/Desktop/test/cocos-creator/PlaneFight/assets/Scripts/Ememy.ts as cce:/internal/x/cc.
10:06:44.061 debug: Resolve cc from file:///Users/zhao/Desktop/test/cocos-creator/PlaneFight/assets/Scripts/Ememy.ts as cce:/internal/x/cc.
10:06:44.064 debug: Target(editor) ends with cost 20.144792000064626ms.
10:06:44.064 debug: Target(preview) build started.
10:06:44.065 debug: Detected change: cce:/internal/x/prerequisite-imports. Last mtime: Thu Jan 01 1970 08:15:16 GMT+0800 (中国标准时间), Current mtime: Thu Jan 01 1970 08:16:45 GMT+0800 (中国标准时间)
10:06:44.065 debug: Inspect cce:/internal/x/prerequisite-imports
10:06:44.068 debug: transform url: 'cce:/internal/x/prerequisite-imports' costs: 3.50 ms
10:06:44.069 debug: Resolve file:///Applications/Cocos/Creator/3.8.6/CocosCreator.app/Contents/Resources/resources/3d/engine/editor/assets/default_renderpipeline/builtin-dof-pass.ts from cce:/internal/x/prerequisite-imports as file:///Applications/Cocos/Creator/3.8.6/CocosCreator.app/Contents/Resources/resources/3d/engine/editor/assets/default_renderpipeline/builtin-dof-pass.ts.
10:06:44.070 debug: Resolve file:///Applications/Cocos/Creator/3.8.6/CocosCreator.app/Contents/Resources/resources/3d/engine/editor/assets/default_renderpipeline/builtin-pipeline-pass.ts from cce:/internal/x/prerequisite-imports as file:///Applications/Cocos/Creator/3.8.6/CocosCreator.app/Contents/Resources/resources/3d/engine/editor/assets/default_renderpipeline/builtin-pipeline-pass.ts.
10:06:44.070 debug: Resolve file:///Applications/Cocos/Creator/3.8.6/CocosCreator.app/Contents/Resources/resources/3d/engine/editor/assets/default_renderpipeline/builtin-pipeline-settings.ts from cce:/internal/x/prerequisite-imports as file:///Applications/Cocos/Creator/3.8.6/CocosCreator.app/Contents/Resources/resources/3d/engine/editor/assets/default_renderpipeline/builtin-pipeline-settings.ts.
10:06:44.070 debug: Resolve file:///Applications/Cocos/Creator/3.8.6/CocosCreator.app/Contents/Resources/resources/3d/engine/editor/assets/default_renderpipeline/builtin-pipeline-types.ts from cce:/internal/x/prerequisite-imports as file:///Applications/Cocos/Creator/3.8.6/CocosCreator.app/Contents/Resources/resources/3d/engine/editor/assets/default_renderpipeline/builtin-pipeline-types.ts.
10:06:44.070 debug: Resolve file:///Applications/Cocos/Creator/3.8.6/CocosCreator.app/Contents/Resources/resources/3d/engine/editor/assets/default_renderpipeline/builtin-pipeline.ts from cce:/internal/x/prerequisite-imports as file:///Applications/Cocos/Creator/3.8.6/CocosCreator.app/Contents/Resources/resources/3d/engine/editor/assets/default_renderpipeline/builtin-pipeline.ts.
10:06:44.070 debug: Resolve file:///Applications/Cocos/Creator/3.8.6/CocosCreator.app/Contents/Resources/resources/3d/engine/editor/assets/tools/debug-view-runtime-control.ts from cce:/internal/x/prerequisite-imports as file:///Applications/Cocos/Creator/3.8.6/CocosCreator.app/Contents/Resources/resources/3d/engine/editor/assets/tools/debug-view-runtime-control.ts.
10:06:44.070 debug: Resolve file:///Users/zhao/Desktop/test/cocos-creator/PlaneFight/assets/Scripts/BgBox.ts from cce:/internal/x/prerequisite-imports as file:///Users/zhao/Desktop/test/cocos-creator/PlaneFight/assets/Scripts/BgBox.ts.
10:06:44.070 debug: Resolve file:///Users/zhao/Desktop/test/cocos-creator/PlaneFight/assets/Scripts/Ememy.ts from cce:/internal/x/prerequisite-imports as file:///Users/zhao/Desktop/test/cocos-creator/PlaneFight/assets/Scripts/Ememy.ts.
10:06:44.070 debug: Detected change: file:///Users/zhao/Desktop/test/cocos-creator/PlaneFight/assets/Scripts/Ememy.ts. Last mtime: Fri Jul 18 2025 10:05:13 GMT+0800 (中国标准时间)@70755476-15f9-41c6-9470-be63e30c18ad, Current mtime: Fri Jul 18 2025 10:06:43 GMT+0800 (中国标准时间)@70755476-15f9-41c6-9470-be63e30c18ad
10:06:44.070 debug: Inspect file:///Users/zhao/Desktop/test/cocos-creator/PlaneFight/assets/Scripts/Ememy.ts
10:06:44.081 debug: transform url: 'file:///Users/zhao/Desktop/test/cocos-creator/PlaneFight/assets/Scripts/Ememy.ts' costs: 10.90 ms
10:06:44.082 debug: Resolve file:///Users/zhao/Desktop/test/cocos-creator/PlaneFight/assets/Scripts/GameManager.ts from cce:/internal/x/prerequisite-imports as file:///Users/zhao/Desktop/test/cocos-creator/PlaneFight/assets/Scripts/GameManager.ts.
10:06:44.082 debug: Resolve cc from file:///Users/zhao/Desktop/test/cocos-creator/PlaneFight/assets/Scripts/Ememy.ts as cce:/internal/x/cc.
10:06:44.082 debug: Resolve cc from file:///Users/zhao/Desktop/test/cocos-creator/PlaneFight/assets/Scripts/Ememy.ts as cce:/internal/x/cc.
10:06:44.082 debug: Resolve cc from file:///Users/zhao/Desktop/test/cocos-creator/PlaneFight/assets/Scripts/Ememy.ts as cce:/internal/x/cc.
10:06:44.110 debug: Target(preview) ends with cost 46.29912500001956ms.
10:07:33.812 debug: Dispatch build request for time accumulated 1 asset changes.
10:07:33.813 debug: Build iteration starts.
Number of accumulated asset changes: 1
Feature changed: false
10:07:33.813 debug: Target(editor) build started.
10:07:33.815 debug: Detected change: cce:/internal/x/prerequisite-imports. Last mtime: Thu Jan 01 1970 08:16:45 GMT+0800 (中国标准时间), Current mtime: Thu Jan 01 1970 08:17:35 GMT+0800 (中国标准时间)
10:07:33.815 debug: Inspect cce:/internal/x/prerequisite-imports
10:07:33.825 debug: transform url: 'cce:/internal/x/prerequisite-imports' costs: 9.90 ms
10:07:33.826 debug: Resolve file:///Applications/Cocos/Creator/3.8.6/CocosCreator.app/Contents/Resources/resources/3d/engine/editor/assets/default_renderpipeline/builtin-dof-pass.ts from cce:/internal/x/prerequisite-imports as file:///Applications/Cocos/Creator/3.8.6/CocosCreator.app/Contents/Resources/resources/3d/engine/editor/assets/default_renderpipeline/builtin-dof-pass.ts.
10:07:33.826 debug: Resolve file:///Applications/Cocos/Creator/3.8.6/CocosCreator.app/Contents/Resources/resources/3d/engine/editor/assets/default_renderpipeline/builtin-pipeline-pass.ts from cce:/internal/x/prerequisite-imports as file:///Applications/Cocos/Creator/3.8.6/CocosCreator.app/Contents/Resources/resources/3d/engine/editor/assets/default_renderpipeline/builtin-pipeline-pass.ts.
10:07:33.826 debug: Resolve file:///Applications/Cocos/Creator/3.8.6/CocosCreator.app/Contents/Resources/resources/3d/engine/editor/assets/default_renderpipeline/builtin-pipeline-settings.ts from cce:/internal/x/prerequisite-imports as file:///Applications/Cocos/Creator/3.8.6/CocosCreator.app/Contents/Resources/resources/3d/engine/editor/assets/default_renderpipeline/builtin-pipeline-settings.ts.
10:07:33.827 debug: Resolve file:///Applications/Cocos/Creator/3.8.6/CocosCreator.app/Contents/Resources/resources/3d/engine/editor/assets/default_renderpipeline/builtin-pipeline-types.ts from cce:/internal/x/prerequisite-imports as file:///Applications/Cocos/Creator/3.8.6/CocosCreator.app/Contents/Resources/resources/3d/engine/editor/assets/default_renderpipeline/builtin-pipeline-types.ts.
10:07:33.827 debug: Resolve file:///Applications/Cocos/Creator/3.8.6/CocosCreator.app/Contents/Resources/resources/3d/engine/editor/assets/default_renderpipeline/builtin-pipeline.ts from cce:/internal/x/prerequisite-imports as file:///Applications/Cocos/Creator/3.8.6/CocosCreator.app/Contents/Resources/resources/3d/engine/editor/assets/default_renderpipeline/builtin-pipeline.ts.
10:07:33.827 debug: Resolve file:///Applications/Cocos/Creator/3.8.6/CocosCreator.app/Contents/Resources/resources/3d/engine/editor/assets/tools/debug-view-runtime-control.ts from cce:/internal/x/prerequisite-imports as file:///Applications/Cocos/Creator/3.8.6/CocosCreator.app/Contents/Resources/resources/3d/engine/editor/assets/tools/debug-view-runtime-control.ts.
10:07:33.827 debug: Resolve file:///Users/zhao/Desktop/test/cocos-creator/PlaneFight/assets/Scripts/BgBox.ts from cce:/internal/x/prerequisite-imports as file:///Users/zhao/Desktop/test/cocos-creator/PlaneFight/assets/Scripts/BgBox.ts.
10:07:33.827 debug: Resolve file:///Users/zhao/Desktop/test/cocos-creator/PlaneFight/assets/Scripts/Ememy.ts from cce:/internal/x/prerequisite-imports as file:///Users/zhao/Desktop/test/cocos-creator/PlaneFight/assets/Scripts/Ememy.ts.
10:07:33.827 debug: Resolve file:///Users/zhao/Desktop/test/cocos-creator/PlaneFight/assets/Scripts/GameManager.ts from cce:/internal/x/prerequisite-imports as file:///Users/zhao/Desktop/test/cocos-creator/PlaneFight/assets/Scripts/GameManager.ts.
10:07:33.827 debug: Detected change: file:///Users/zhao/Desktop/test/cocos-creator/PlaneFight/assets/Scripts/GameManager.ts. Last mtime: Fri Jul 18 2025 10:03:54 GMT+0800 (中国标准时间)@04b8d335-2cbf-453a-9fb4-20b7d50b6131, Current mtime: Fri Jul 18 2025 10:07:28 GMT+0800 (中国标准时间)@04b8d335-2cbf-453a-9fb4-20b7d50b6131
10:07:33.827 debug: Inspect file:///Users/zhao/Desktop/test/cocos-creator/PlaneFight/assets/Scripts/GameManager.ts
10:07:33.840 debug: transform url: 'file:///Users/zhao/Desktop/test/cocos-creator/PlaneFight/assets/Scripts/GameManager.ts' costs: 13.60 ms
10:07:33.841 debug: Resolve cc from file:///Users/zhao/Desktop/test/cocos-creator/PlaneFight/assets/Scripts/GameManager.ts as cce:/internal/x/cc.
10:07:33.841 debug: Resolve cc from file:///Users/zhao/Desktop/test/cocos-creator/PlaneFight/assets/Scripts/GameManager.ts as cce:/internal/x/cc.
10:07:33.841 debug: Resolve cc from file:///Users/zhao/Desktop/test/cocos-creator/PlaneFight/assets/Scripts/GameManager.ts as cce:/internal/x/cc.
10:07:33.843 debug: Target(editor) ends with cost 30.046667000046ms.
10:07:33.844 debug: Target(preview) build started.
10:07:33.845 debug: Detected change: cce:/internal/x/prerequisite-imports. Last mtime: Thu Jan 01 1970 08:16:45 GMT+0800 (中国标准时间), Current mtime: Thu Jan 01 1970 08:17:35 GMT+0800 (中国标准时间)
10:07:33.845 debug: Inspect cce:/internal/x/prerequisite-imports
10:07:33.849 debug: transform url: 'cce:/internal/x/prerequisite-imports' costs: 4.10 ms
10:07:33.850 debug: Resolve file:///Applications/Cocos/Creator/3.8.6/CocosCreator.app/Contents/Resources/resources/3d/engine/editor/assets/default_renderpipeline/builtin-dof-pass.ts from cce:/internal/x/prerequisite-imports as file:///Applications/Cocos/Creator/3.8.6/CocosCreator.app/Contents/Resources/resources/3d/engine/editor/assets/default_renderpipeline/builtin-dof-pass.ts.
10:07:33.850 debug: Resolve file:///Applications/Cocos/Creator/3.8.6/CocosCreator.app/Contents/Resources/resources/3d/engine/editor/assets/default_renderpipeline/builtin-pipeline-pass.ts from cce:/internal/x/prerequisite-imports as file:///Applications/Cocos/Creator/3.8.6/CocosCreator.app/Contents/Resources/resources/3d/engine/editor/assets/default_renderpipeline/builtin-pipeline-pass.ts.
10:07:33.850 debug: Resolve file:///Applications/Cocos/Creator/3.8.6/CocosCreator.app/Contents/Resources/resources/3d/engine/editor/assets/default_renderpipeline/builtin-pipeline-settings.ts from cce:/internal/x/prerequisite-imports as file:///Applications/Cocos/Creator/3.8.6/CocosCreator.app/Contents/Resources/resources/3d/engine/editor/assets/default_renderpipeline/builtin-pipeline-settings.ts.
10:07:33.850 debug: Resolve file:///Applications/Cocos/Creator/3.8.6/CocosCreator.app/Contents/Resources/resources/3d/engine/editor/assets/default_renderpipeline/builtin-pipeline-types.ts from cce:/internal/x/prerequisite-imports as file:///Applications/Cocos/Creator/3.8.6/CocosCreator.app/Contents/Resources/resources/3d/engine/editor/assets/default_renderpipeline/builtin-pipeline-types.ts.
10:07:33.850 debug: Resolve file:///Applications/Cocos/Creator/3.8.6/CocosCreator.app/Contents/Resources/resources/3d/engine/editor/assets/default_renderpipeline/builtin-pipeline.ts from cce:/internal/x/prerequisite-imports as file:///Applications/Cocos/Creator/3.8.6/CocosCreator.app/Contents/Resources/resources/3d/engine/editor/assets/default_renderpipeline/builtin-pipeline.ts.
10:07:33.850 debug: Resolve file:///Applications/Cocos/Creator/3.8.6/CocosCreator.app/Contents/Resources/resources/3d/engine/editor/assets/tools/debug-view-runtime-control.ts from cce:/internal/x/prerequisite-imports as file:///Applications/Cocos/Creator/3.8.6/CocosCreator.app/Contents/Resources/resources/3d/engine/editor/assets/tools/debug-view-runtime-control.ts.
10:07:33.850 debug: Resolve file:///Users/zhao/Desktop/test/cocos-creator/PlaneFight/assets/Scripts/BgBox.ts from cce:/internal/x/prerequisite-imports as file:///Users/zhao/Desktop/test/cocos-creator/PlaneFight/assets/Scripts/BgBox.ts.
10:07:33.850 debug: Resolve file:///Users/zhao/Desktop/test/cocos-creator/PlaneFight/assets/Scripts/Ememy.ts from cce:/internal/x/prerequisite-imports as file:///Users/zhao/Desktop/test/cocos-creator/PlaneFight/assets/Scripts/Ememy.ts.
10:07:33.850 debug: Resolve file:///Users/zhao/Desktop/test/cocos-creator/PlaneFight/assets/Scripts/GameManager.ts from cce:/internal/x/prerequisite-imports as file:///Users/zhao/Desktop/test/cocos-creator/PlaneFight/assets/Scripts/GameManager.ts.
10:07:33.850 debug: Detected change: file:///Users/zhao/Desktop/test/cocos-creator/PlaneFight/assets/Scripts/GameManager.ts. Last mtime: Fri Jul 18 2025 10:03:54 GMT+0800 (中国标准时间)@04b8d335-2cbf-453a-9fb4-20b7d50b6131, Current mtime: Fri Jul 18 2025 10:07:28 GMT+0800 (中国标准时间)@04b8d335-2cbf-453a-9fb4-20b7d50b6131
10:07:33.850 debug: Inspect file:///Users/zhao/Desktop/test/cocos-creator/PlaneFight/assets/Scripts/GameManager.ts
10:07:33.865 debug: transform url: 'file:///Users/zhao/Desktop/test/cocos-creator/PlaneFight/assets/Scripts/GameManager.ts' costs: 14.40 ms
10:07:33.866 debug: Resolve cc from file:///Users/zhao/Desktop/test/cocos-creator/PlaneFight/assets/Scripts/GameManager.ts as cce:/internal/x/cc.
10:07:33.866 debug: Resolve cc from file:///Users/zhao/Desktop/test/cocos-creator/PlaneFight/assets/Scripts/GameManager.ts as cce:/internal/x/cc.
10:07:33.866 debug: Resolve cc from file:///Users/zhao/Desktop/test/cocos-creator/PlaneFight/assets/Scripts/GameManager.ts as cce:/internal/x/cc.
10:07:33.880 debug: Target(preview) ends with cost 35.95687499991618ms.
10:16:00.006 debug: Dispatch build request for time accumulated 2 asset changes.
10:16:00.012 debug: Build iteration starts.
Number of accumulated asset changes: 2
Feature changed: false
10:16:00.014 debug: Target(editor) build started.
10:16:00.020 debug: Detected change: cce:/internal/x/prerequisite-imports. Last mtime: Thu Jan 01 1970 08:17:35 GMT+0800 (中国标准时间), Current mtime: Thu Jan 01 1970 08:26:01 GMT+0800 (中国标准时间)
10:16:00.020 debug: Inspect cce:/internal/x/prerequisite-imports
10:16:00.038 debug: transform url: 'cce:/internal/x/prerequisite-imports' costs: 17.50 ms
10:16:00.039 debug: Resolve file:///Applications/Cocos/Creator/3.8.6/CocosCreator.app/Contents/Resources/resources/3d/engine/editor/assets/default_renderpipeline/builtin-dof-pass.ts from cce:/internal/x/prerequisite-imports as file:///Applications/Cocos/Creator/3.8.6/CocosCreator.app/Contents/Resources/resources/3d/engine/editor/assets/default_renderpipeline/builtin-dof-pass.ts.
10:16:00.039 debug: Resolve file:///Applications/Cocos/Creator/3.8.6/CocosCreator.app/Contents/Resources/resources/3d/engine/editor/assets/default_renderpipeline/builtin-pipeline-pass.ts from cce:/internal/x/prerequisite-imports as file:///Applications/Cocos/Creator/3.8.6/CocosCreator.app/Contents/Resources/resources/3d/engine/editor/assets/default_renderpipeline/builtin-pipeline-pass.ts.
10:16:00.039 debug: Resolve file:///Applications/Cocos/Creator/3.8.6/CocosCreator.app/Contents/Resources/resources/3d/engine/editor/assets/default_renderpipeline/builtin-pipeline-settings.ts from cce:/internal/x/prerequisite-imports as file:///Applications/Cocos/Creator/3.8.6/CocosCreator.app/Contents/Resources/resources/3d/engine/editor/assets/default_renderpipeline/builtin-pipeline-settings.ts.
10:16:00.039 debug: Resolve file:///Applications/Cocos/Creator/3.8.6/CocosCreator.app/Contents/Resources/resources/3d/engine/editor/assets/default_renderpipeline/builtin-pipeline-types.ts from cce:/internal/x/prerequisite-imports as file:///Applications/Cocos/Creator/3.8.6/CocosCreator.app/Contents/Resources/resources/3d/engine/editor/assets/default_renderpipeline/builtin-pipeline-types.ts.
10:16:00.039 debug: Resolve file:///Applications/Cocos/Creator/3.8.6/CocosCreator.app/Contents/Resources/resources/3d/engine/editor/assets/default_renderpipeline/builtin-pipeline.ts from cce:/internal/x/prerequisite-imports as file:///Applications/Cocos/Creator/3.8.6/CocosCreator.app/Contents/Resources/resources/3d/engine/editor/assets/default_renderpipeline/builtin-pipeline.ts.
10:16:00.039 debug: Resolve file:///Applications/Cocos/Creator/3.8.6/CocosCreator.app/Contents/Resources/resources/3d/engine/editor/assets/tools/debug-view-runtime-control.ts from cce:/internal/x/prerequisite-imports as file:///Applications/Cocos/Creator/3.8.6/CocosCreator.app/Contents/Resources/resources/3d/engine/editor/assets/tools/debug-view-runtime-control.ts.
10:16:00.040 debug: Resolve file:///Users/zhao/Desktop/test/cocos-creator/PlaneFight/assets/Scripts/BgBox.ts from cce:/internal/x/prerequisite-imports as file:///Users/zhao/Desktop/test/cocos-creator/PlaneFight/assets/Scripts/BgBox.ts.
10:16:00.040 debug: Resolve file:///Users/zhao/Desktop/test/cocos-creator/PlaneFight/assets/Scripts/Ememy.ts from cce:/internal/x/prerequisite-imports as file:///Users/zhao/Desktop/test/cocos-creator/PlaneFight/assets/Scripts/Ememy.ts.
10:16:00.040 debug: Detected change: file:///Users/zhao/Desktop/test/cocos-creator/PlaneFight/assets/Scripts/Ememy.ts. Last mtime: Fri Jul 18 2025 10:06:43 GMT+0800 (中国标准时间)@70755476-15f9-41c6-9470-be63e30c18ad, Current mtime: Fri Jul 18 2025 10:15:49 GMT+0800 (中国标准时间)@70755476-15f9-41c6-9470-be63e30c18ad
10:16:00.040 debug: Inspect file:///Users/zhao/Desktop/test/cocos-creator/PlaneFight/assets/Scripts/Ememy.ts
10:16:00.065 debug: transform url: 'file:///Users/zhao/Desktop/test/cocos-creator/PlaneFight/assets/Scripts/Ememy.ts' costs: 25.10 ms
10:16:00.067 debug: Resolve file:///Users/zhao/Desktop/test/cocos-creator/PlaneFight/assets/Scripts/GameManager.ts from cce:/internal/x/prerequisite-imports as file:///Users/zhao/Desktop/test/cocos-creator/PlaneFight/assets/Scripts/GameManager.ts.
10:16:00.067 debug: Detected change: file:///Users/zhao/Desktop/test/cocos-creator/PlaneFight/assets/Scripts/GameManager.ts. Last mtime: Fri Jul 18 2025 10:07:28 GMT+0800 (中国标准时间)@04b8d335-2cbf-453a-9fb4-20b7d50b6131, Current mtime: Fri Jul 18 2025 10:15:57 GMT+0800 (中国标准时间)@04b8d335-2cbf-453a-9fb4-20b7d50b6131
10:16:00.067 debug: Inspect file:///Users/zhao/Desktop/test/cocos-creator/PlaneFight/assets/Scripts/GameManager.ts
10:16:00.077 debug: transform url: 'file:///Users/zhao/Desktop/test/cocos-creator/PlaneFight/assets/Scripts/GameManager.ts' costs: 9.80 ms
10:16:00.077 debug: Resolve cc from file:///Users/zhao/Desktop/test/cocos-creator/PlaneFight/assets/Scripts/Ememy.ts as cce:/internal/x/cc.
10:16:00.077 debug: Resolve cc from file:///Users/zhao/Desktop/test/cocos-creator/PlaneFight/assets/Scripts/Ememy.ts as cce:/internal/x/cc.
10:16:00.077 debug: Resolve cc from file:///Users/zhao/Desktop/test/cocos-creator/PlaneFight/assets/Scripts/Ememy.ts as cce:/internal/x/cc.
10:16:00.077 debug: Resolve cce:/internal/code-quality/cr.mjs from file:///Users/zhao/Desktop/test/cocos-creator/PlaneFight/assets/Scripts/GameManager.ts as cce:/internal/code-quality/cr.mjs.
10:16:00.077 debug: Resolve cc from file:///Users/zhao/Desktop/test/cocos-creator/PlaneFight/assets/Scripts/GameManager.ts as cce:/internal/x/cc.
10:16:00.077 debug: Resolve cc from file:///Users/zhao/Desktop/test/cocos-creator/PlaneFight/assets/Scripts/GameManager.ts as cce:/internal/x/cc.
10:16:00.077 debug: Resolve cc from file:///Users/zhao/Desktop/test/cocos-creator/PlaneFight/assets/Scripts/GameManager.ts as cce:/internal/x/cc.
10:16:00.078 debug: Resolve ./Ememy from file:///Users/zhao/Desktop/test/cocos-creator/PlaneFight/assets/Scripts/GameManager.ts as file:///Users/zhao/Desktop/test/cocos-creator/PlaneFight/assets/Scripts/Ememy.ts.
10:16:00.081 debug: Target(editor) ends with cost 66.11966599989682ms.
10:16:00.081 debug: Target(preview) build started.
10:16:00.081 debug: Detected change: cce:/internal/x/prerequisite-imports. Last mtime: Thu Jan 01 1970 08:17:35 GMT+0800 (中国标准时间), Current mtime: Thu Jan 01 1970 08:26:01 GMT+0800 (中国标准时间)
10:16:00.081 debug: Inspect cce:/internal/x/prerequisite-imports
10:16:00.088 debug: transform url: 'cce:/internal/x/prerequisite-imports' costs: 6.70 ms
10:16:00.089 debug: Resolve file:///Applications/Cocos/Creator/3.8.6/CocosCreator.app/Contents/Resources/resources/3d/engine/editor/assets/default_renderpipeline/builtin-dof-pass.ts from cce:/internal/x/prerequisite-imports as file:///Applications/Cocos/Creator/3.8.6/CocosCreator.app/Contents/Resources/resources/3d/engine/editor/assets/default_renderpipeline/builtin-dof-pass.ts.
10:16:00.089 debug: Resolve file:///Applications/Cocos/Creator/3.8.6/CocosCreator.app/Contents/Resources/resources/3d/engine/editor/assets/default_renderpipeline/builtin-pipeline-pass.ts from cce:/internal/x/prerequisite-imports as file:///Applications/Cocos/Creator/3.8.6/CocosCreator.app/Contents/Resources/resources/3d/engine/editor/assets/default_renderpipeline/builtin-pipeline-pass.ts.
10:16:00.089 debug: Resolve file:///Applications/Cocos/Creator/3.8.6/CocosCreator.app/Contents/Resources/resources/3d/engine/editor/assets/default_renderpipeline/builtin-pipeline-settings.ts from cce:/internal/x/prerequisite-imports as file:///Applications/Cocos/Creator/3.8.6/CocosCreator.app/Contents/Resources/resources/3d/engine/editor/assets/default_renderpipeline/builtin-pipeline-settings.ts.
10:16:00.089 debug: Resolve file:///Applications/Cocos/Creator/3.8.6/CocosCreator.app/Contents/Resources/resources/3d/engine/editor/assets/default_renderpipeline/builtin-pipeline-types.ts from cce:/internal/x/prerequisite-imports as file:///Applications/Cocos/Creator/3.8.6/CocosCreator.app/Contents/Resources/resources/3d/engine/editor/assets/default_renderpipeline/builtin-pipeline-types.ts.
10:16:00.089 debug: Resolve file:///Applications/Cocos/Creator/3.8.6/CocosCreator.app/Contents/Resources/resources/3d/engine/editor/assets/default_renderpipeline/builtin-pipeline.ts from cce:/internal/x/prerequisite-imports as file:///Applications/Cocos/Creator/3.8.6/CocosCreator.app/Contents/Resources/resources/3d/engine/editor/assets/default_renderpipeline/builtin-pipeline.ts.
10:16:00.089 debug: Resolve file:///Applications/Cocos/Creator/3.8.6/CocosCreator.app/Contents/Resources/resources/3d/engine/editor/assets/tools/debug-view-runtime-control.ts from cce:/internal/x/prerequisite-imports as file:///Applications/Cocos/Creator/3.8.6/CocosCreator.app/Contents/Resources/resources/3d/engine/editor/assets/tools/debug-view-runtime-control.ts.
10:16:00.089 debug: Resolve file:///Users/zhao/Desktop/test/cocos-creator/PlaneFight/assets/Scripts/BgBox.ts from cce:/internal/x/prerequisite-imports as file:///Users/zhao/Desktop/test/cocos-creator/PlaneFight/assets/Scripts/BgBox.ts.
10:16:00.089 debug: Resolve file:///Users/zhao/Desktop/test/cocos-creator/PlaneFight/assets/Scripts/Ememy.ts from cce:/internal/x/prerequisite-imports as file:///Users/zhao/Desktop/test/cocos-creator/PlaneFight/assets/Scripts/Ememy.ts.
10:16:00.089 debug: Detected change: file:///Users/zhao/Desktop/test/cocos-creator/PlaneFight/assets/Scripts/Ememy.ts. Last mtime: Fri Jul 18 2025 10:06:43 GMT+0800 (中国标准时间)@70755476-15f9-41c6-9470-be63e30c18ad, Current mtime: Fri Jul 18 2025 10:15:49 GMT+0800 (中国标准时间)@70755476-15f9-41c6-9470-be63e30c18ad
10:16:00.090 debug: Inspect file:///Users/zhao/Desktop/test/cocos-creator/PlaneFight/assets/Scripts/Ememy.ts
10:16:00.111 debug: transform url: 'file:///Users/zhao/Desktop/test/cocos-creator/PlaneFight/assets/Scripts/Ememy.ts' costs: 21.10 ms
10:16:00.112 debug: Resolve file:///Users/zhao/Desktop/test/cocos-creator/PlaneFight/assets/Scripts/GameManager.ts from cce:/internal/x/prerequisite-imports as file:///Users/zhao/Desktop/test/cocos-creator/PlaneFight/assets/Scripts/GameManager.ts.
10:16:00.112 debug: Detected change: file:///Users/zhao/Desktop/test/cocos-creator/PlaneFight/assets/Scripts/GameManager.ts. Last mtime: Fri Jul 18 2025 10:07:28 GMT+0800 (中国标准时间)@04b8d335-2cbf-453a-9fb4-20b7d50b6131, Current mtime: Fri Jul 18 2025 10:15:57 GMT+0800 (中国标准时间)@04b8d335-2cbf-453a-9fb4-20b7d50b6131
10:16:00.112 debug: Inspect file:///Users/zhao/Desktop/test/cocos-creator/PlaneFight/assets/Scripts/GameManager.ts
10:16:00.130 debug: transform url: 'file:///Users/zhao/Desktop/test/cocos-creator/PlaneFight/assets/Scripts/GameManager.ts' costs: 17.60 ms
10:16:00.131 debug: Resolve cc from file:///Users/zhao/Desktop/test/cocos-creator/PlaneFight/assets/Scripts/Ememy.ts as cce:/internal/x/cc.
10:16:00.131 debug: Resolve cc from file:///Users/zhao/Desktop/test/cocos-creator/PlaneFight/assets/Scripts/Ememy.ts as cce:/internal/x/cc.
10:16:00.131 debug: Resolve cc from file:///Users/zhao/Desktop/test/cocos-creator/PlaneFight/assets/Scripts/Ememy.ts as cce:/internal/x/cc.
10:16:00.131 debug: Resolve cce:/internal/code-quality/cr.mjs from file:///Users/zhao/Desktop/test/cocos-creator/PlaneFight/assets/Scripts/GameManager.ts as cce:/internal/code-quality/cr.mjs.
10:16:00.131 debug: Resolve cc from file:///Users/zhao/Desktop/test/cocos-creator/PlaneFight/assets/Scripts/GameManager.ts as cce:/internal/x/cc.
10:16:00.131 debug: Resolve cc from file:///Users/zhao/Desktop/test/cocos-creator/PlaneFight/assets/Scripts/GameManager.ts as cce:/internal/x/cc.
10:16:00.131 debug: Resolve cc from file:///Users/zhao/Desktop/test/cocos-creator/PlaneFight/assets/Scripts/GameManager.ts as cce:/internal/x/cc.
10:16:00.132 debug: Resolve ./Ememy from file:///Users/zhao/Desktop/test/cocos-creator/PlaneFight/assets/Scripts/GameManager.ts as file:///Users/zhao/Desktop/test/cocos-creator/PlaneFight/assets/Scripts/Ememy.ts.
10:16:00.144 debug: Target(preview) ends with cost 63.09758299984969ms.
10:16:36.066 debug: Dispatch build request for time accumulated 2 asset changes.
10:16:36.067 debug: Build iteration starts.
Number of accumulated asset changes: 2
Feature changed: false
10:16:36.067 debug: Target(editor) build started.
10:16:36.068 debug: Detected change: cce:/internal/x/prerequisite-imports. Last mtime: Thu Jan 01 1970 08:26:01 GMT+0800 (中国标准时间), Current mtime: Thu Jan 01 1970 08:26:37 GMT+0800 (中国标准时间)
10:16:36.068 debug: Inspect cce:/internal/x/prerequisite-imports
10:16:36.074 debug: transform url: 'cce:/internal/x/prerequisite-imports' costs: 5.80 ms
10:16:36.074 debug: Resolve file:///Applications/Cocos/Creator/3.8.6/CocosCreator.app/Contents/Resources/resources/3d/engine/editor/assets/default_renderpipeline/builtin-dof-pass.ts from cce:/internal/x/prerequisite-imports as file:///Applications/Cocos/Creator/3.8.6/CocosCreator.app/Contents/Resources/resources/3d/engine/editor/assets/default_renderpipeline/builtin-dof-pass.ts.
10:16:36.075 debug: Resolve file:///Applications/Cocos/Creator/3.8.6/CocosCreator.app/Contents/Resources/resources/3d/engine/editor/assets/default_renderpipeline/builtin-pipeline-pass.ts from cce:/internal/x/prerequisite-imports as file:///Applications/Cocos/Creator/3.8.6/CocosCreator.app/Contents/Resources/resources/3d/engine/editor/assets/default_renderpipeline/builtin-pipeline-pass.ts.
10:16:36.075 debug: Resolve file:///Applications/Cocos/Creator/3.8.6/CocosCreator.app/Contents/Resources/resources/3d/engine/editor/assets/default_renderpipeline/builtin-pipeline-settings.ts from cce:/internal/x/prerequisite-imports as file:///Applications/Cocos/Creator/3.8.6/CocosCreator.app/Contents/Resources/resources/3d/engine/editor/assets/default_renderpipeline/builtin-pipeline-settings.ts.
10:16:36.075 debug: Resolve file:///Applications/Cocos/Creator/3.8.6/CocosCreator.app/Contents/Resources/resources/3d/engine/editor/assets/default_renderpipeline/builtin-pipeline-types.ts from cce:/internal/x/prerequisite-imports as file:///Applications/Cocos/Creator/3.8.6/CocosCreator.app/Contents/Resources/resources/3d/engine/editor/assets/default_renderpipeline/builtin-pipeline-types.ts.
10:16:36.075 debug: Resolve file:///Applications/Cocos/Creator/3.8.6/CocosCreator.app/Contents/Resources/resources/3d/engine/editor/assets/default_renderpipeline/builtin-pipeline.ts from cce:/internal/x/prerequisite-imports as file:///Applications/Cocos/Creator/3.8.6/CocosCreator.app/Contents/Resources/resources/3d/engine/editor/assets/default_renderpipeline/builtin-pipeline.ts.
10:16:36.075 debug: Resolve file:///Applications/Cocos/Creator/3.8.6/CocosCreator.app/Contents/Resources/resources/3d/engine/editor/assets/tools/debug-view-runtime-control.ts from cce:/internal/x/prerequisite-imports as file:///Applications/Cocos/Creator/3.8.6/CocosCreator.app/Contents/Resources/resources/3d/engine/editor/assets/tools/debug-view-runtime-control.ts.
10:16:36.075 debug: Resolve file:///Users/zhao/Desktop/test/cocos-creator/PlaneFight/assets/Scripts/BgBox.ts from cce:/internal/x/prerequisite-imports as file:///Users/zhao/Desktop/test/cocos-creator/PlaneFight/assets/Scripts/BgBox.ts.
10:16:36.075 debug: Resolve file:///Users/zhao/Desktop/test/cocos-creator/PlaneFight/assets/Scripts/Ememy.ts from cce:/internal/x/prerequisite-imports as file:///Users/zhao/Desktop/test/cocos-creator/PlaneFight/assets/Scripts/Ememy.ts.
10:16:36.075 debug: Detected change: file:///Users/zhao/Desktop/test/cocos-creator/PlaneFight/assets/Scripts/Ememy.ts. Last mtime: Fri Jul 18 2025 10:15:49 GMT+0800 (中国标准时间)@70755476-15f9-41c6-9470-be63e30c18ad, Current mtime: Fri Jul 18 2025 10:16:34 GMT+0800 (中国标准时间)@70755476-15f9-41c6-9470-be63e30c18ad
10:16:36.075 debug: Inspect file:///Users/zhao/Desktop/test/cocos-creator/PlaneFight/assets/Scripts/Ememy.ts
10:16:36.088 debug: transform url: 'file:///Users/zhao/Desktop/test/cocos-creator/PlaneFight/assets/Scripts/Ememy.ts' costs: 13.20 ms
10:16:36.089 debug: Resolve file:///Users/zhao/Desktop/test/cocos-creator/PlaneFight/assets/Scripts/GameManager.ts from cce:/internal/x/prerequisite-imports as file:///Users/zhao/Desktop/test/cocos-creator/PlaneFight/assets/Scripts/GameManager.ts.
10:16:36.089 debug: Detected change: file:///Users/zhao/Desktop/test/cocos-creator/PlaneFight/assets/Scripts/GameManager.ts. Last mtime: Fri Jul 18 2025 10:15:57 GMT+0800 (中国标准时间)@04b8d335-2cbf-453a-9fb4-20b7d50b6131, Current mtime: Fri Jul 18 2025 10:16:26 GMT+0800 (中国标准时间)@04b8d335-2cbf-453a-9fb4-20b7d50b6131
10:16:36.089 debug: Inspect file:///Users/zhao/Desktop/test/cocos-creator/PlaneFight/assets/Scripts/GameManager.ts
10:16:36.097 debug: transform url: 'file:///Users/zhao/Desktop/test/cocos-creator/PlaneFight/assets/Scripts/GameManager.ts' costs: 8.70 ms
10:16:36.098 debug: Resolve cc from file:///Users/zhao/Desktop/test/cocos-creator/PlaneFight/assets/Scripts/Ememy.ts as cce:/internal/x/cc.
10:16:36.098 debug: Resolve cc from file:///Users/zhao/Desktop/test/cocos-creator/PlaneFight/assets/Scripts/Ememy.ts as cce:/internal/x/cc.
10:16:36.098 debug: Resolve cc from file:///Users/zhao/Desktop/test/cocos-creator/PlaneFight/assets/Scripts/Ememy.ts as cce:/internal/x/cc.
10:16:36.098 debug: Resolve cce:/internal/code-quality/cr.mjs from file:///Users/zhao/Desktop/test/cocos-creator/PlaneFight/assets/Scripts/GameManager.ts as cce:/internal/code-quality/cr.mjs.
10:16:36.098 debug: Resolve cc from file:///Users/zhao/Desktop/test/cocos-creator/PlaneFight/assets/Scripts/GameManager.ts as cce:/internal/x/cc.
10:16:36.098 debug: Resolve cc from file:///Users/zhao/Desktop/test/cocos-creator/PlaneFight/assets/Scripts/GameManager.ts as cce:/internal/x/cc.
10:16:36.098 debug: Resolve cc from file:///Users/zhao/Desktop/test/cocos-creator/PlaneFight/assets/Scripts/GameManager.ts as cce:/internal/x/cc.
10:16:36.098 debug: Resolve ./Ememy from file:///Users/zhao/Desktop/test/cocos-creator/PlaneFight/assets/Scripts/GameManager.ts as file:///Users/zhao/Desktop/test/cocos-creator/PlaneFight/assets/Scripts/Ememy.ts.
10:16:36.101 debug: Target(editor) ends with cost 33.216749999905005ms.
10:16:36.101 debug: Target(preview) build started.
10:16:36.101 debug: Detected change: cce:/internal/x/prerequisite-imports. Last mtime: Thu Jan 01 1970 08:26:01 GMT+0800 (中国标准时间), Current mtime: Thu Jan 01 1970 08:26:37 GMT+0800 (中国标准时间)
10:16:36.101 debug: Inspect cce:/internal/x/prerequisite-imports
10:16:36.106 debug: transform url: 'cce:/internal/x/prerequisite-imports' costs: 4.50 ms
10:16:36.107 debug: Resolve file:///Applications/Cocos/Creator/3.8.6/CocosCreator.app/Contents/Resources/resources/3d/engine/editor/assets/default_renderpipeline/builtin-dof-pass.ts from cce:/internal/x/prerequisite-imports as file:///Applications/Cocos/Creator/3.8.6/CocosCreator.app/Contents/Resources/resources/3d/engine/editor/assets/default_renderpipeline/builtin-dof-pass.ts.
10:16:36.107 debug: Resolve file:///Applications/Cocos/Creator/3.8.6/CocosCreator.app/Contents/Resources/resources/3d/engine/editor/assets/default_renderpipeline/builtin-pipeline-pass.ts from cce:/internal/x/prerequisite-imports as file:///Applications/Cocos/Creator/3.8.6/CocosCreator.app/Contents/Resources/resources/3d/engine/editor/assets/default_renderpipeline/builtin-pipeline-pass.ts.
10:16:36.107 debug: Resolve file:///Applications/Cocos/Creator/3.8.6/CocosCreator.app/Contents/Resources/resources/3d/engine/editor/assets/default_renderpipeline/builtin-pipeline-settings.ts from cce:/internal/x/prerequisite-imports as file:///Applications/Cocos/Creator/3.8.6/CocosCreator.app/Contents/Resources/resources/3d/engine/editor/assets/default_renderpipeline/builtin-pipeline-settings.ts.
10:16:36.107 debug: Resolve file:///Applications/Cocos/Creator/3.8.6/CocosCreator.app/Contents/Resources/resources/3d/engine/editor/assets/default_renderpipeline/builtin-pipeline-types.ts from cce:/internal/x/prerequisite-imports as file:///Applications/Cocos/Creator/3.8.6/CocosCreator.app/Contents/Resources/resources/3d/engine/editor/assets/default_renderpipeline/builtin-pipeline-types.ts.
10:16:36.107 debug: Resolve file:///Applications/Cocos/Creator/3.8.6/CocosCreator.app/Contents/Resources/resources/3d/engine/editor/assets/default_renderpipeline/builtin-pipeline.ts from cce:/internal/x/prerequisite-imports as file:///Applications/Cocos/Creator/3.8.6/CocosCreator.app/Contents/Resources/resources/3d/engine/editor/assets/default_renderpipeline/builtin-pipeline.ts.
10:16:36.107 debug: Resolve file:///Applications/Cocos/Creator/3.8.6/CocosCreator.app/Contents/Resources/resources/3d/engine/editor/assets/tools/debug-view-runtime-control.ts from cce:/internal/x/prerequisite-imports as file:///Applications/Cocos/Creator/3.8.6/CocosCreator.app/Contents/Resources/resources/3d/engine/editor/assets/tools/debug-view-runtime-control.ts.
10:16:36.107 debug: Resolve file:///Users/zhao/Desktop/test/cocos-creator/PlaneFight/assets/Scripts/BgBox.ts from cce:/internal/x/prerequisite-imports as file:///Users/zhao/Desktop/test/cocos-creator/PlaneFight/assets/Scripts/BgBox.ts.
10:16:36.107 debug: Resolve file:///Users/zhao/Desktop/test/cocos-creator/PlaneFight/assets/Scripts/Ememy.ts from cce:/internal/x/prerequisite-imports as file:///Users/zhao/Desktop/test/cocos-creator/PlaneFight/assets/Scripts/Ememy.ts.
10:16:36.107 debug: Detected change: file:///Users/zhao/Desktop/test/cocos-creator/PlaneFight/assets/Scripts/Ememy.ts. Last mtime: Fri Jul 18 2025 10:15:49 GMT+0800 (中国标准时间)@70755476-15f9-41c6-9470-be63e30c18ad, Current mtime: Fri Jul 18 2025 10:16:34 GMT+0800 (中国标准时间)@70755476-15f9-41c6-9470-be63e30c18ad
10:16:36.107 debug: Inspect file:///Users/zhao/Desktop/test/cocos-creator/PlaneFight/assets/Scripts/Ememy.ts
10:16:36.126 debug: transform url: 'file:///Users/zhao/Desktop/test/cocos-creator/PlaneFight/assets/Scripts/Ememy.ts' costs: 18.70 ms
10:16:36.127 debug: Resolve file:///Users/zhao/Desktop/test/cocos-creator/PlaneFight/assets/Scripts/GameManager.ts from cce:/internal/x/prerequisite-imports as file:///Users/zhao/Desktop/test/cocos-creator/PlaneFight/assets/Scripts/GameManager.ts.
10:16:36.127 debug: Detected change: file:///Users/zhao/Desktop/test/cocos-creator/PlaneFight/assets/Scripts/GameManager.ts. Last mtime: Fri Jul 18 2025 10:15:57 GMT+0800 (中国标准时间)@04b8d335-2cbf-453a-9fb4-20b7d50b6131, Current mtime: Fri Jul 18 2025 10:16:26 GMT+0800 (中国标准时间)@04b8d335-2cbf-453a-9fb4-20b7d50b6131
10:16:36.127 debug: Inspect file:///Users/zhao/Desktop/test/cocos-creator/PlaneFight/assets/Scripts/GameManager.ts
10:16:36.139 debug: transform url: 'file:///Users/zhao/Desktop/test/cocos-creator/PlaneFight/assets/Scripts/GameManager.ts' costs: 12.70 ms
10:16:36.140 debug: Resolve cc from file:///Users/zhao/Desktop/test/cocos-creator/PlaneFight/assets/Scripts/Ememy.ts as cce:/internal/x/cc.
10:16:36.140 debug: Resolve cc from file:///Users/zhao/Desktop/test/cocos-creator/PlaneFight/assets/Scripts/Ememy.ts as cce:/internal/x/cc.
10:16:36.140 debug: Resolve cc from file:///Users/zhao/Desktop/test/cocos-creator/PlaneFight/assets/Scripts/Ememy.ts as cce:/internal/x/cc.
10:16:36.140 debug: Resolve cce:/internal/code-quality/cr.mjs from file:///Users/zhao/Desktop/test/cocos-creator/PlaneFight/assets/Scripts/GameManager.ts as cce:/internal/code-quality/cr.mjs.
10:16:36.140 debug: Resolve cc from file:///Users/zhao/Desktop/test/cocos-creator/PlaneFight/assets/Scripts/GameManager.ts as cce:/internal/x/cc.
10:16:36.140 debug: Resolve cc from file:///Users/zhao/Desktop/test/cocos-creator/PlaneFight/assets/Scripts/GameManager.ts as cce:/internal/x/cc.
10:16:36.140 debug: Resolve cc from file:///Users/zhao/Desktop/test/cocos-creator/PlaneFight/assets/Scripts/GameManager.ts as cce:/internal/x/cc.
10:16:36.140 debug: Resolve ./Ememy from file:///Users/zhao/Desktop/test/cocos-creator/PlaneFight/assets/Scripts/GameManager.ts as file:///Users/zhao/Desktop/test/cocos-creator/PlaneFight/assets/Scripts/Ememy.ts.
10:16:36.142 debug: Target(preview) ends with cost 41.67995800008066ms.
10:22:52.538 debug: Dispatch build request for time accumulated 1 asset changes.
10:22:52.539 debug: Build iteration starts.
Number of accumulated asset changes: 1
Feature changed: false
10:22:52.539 debug: Target(editor) build started.
10:22:52.547 debug: Detected change: cce:/internal/x/prerequisite-imports. Last mtime: Thu Jan 01 1970 08:26:37 GMT+0800 (中国标准时间), Current mtime: Thu Jan 01 1970 08:32:53 GMT+0800 (中国标准时间)
10:22:52.547 debug: Inspect cce:/internal/x/prerequisite-imports
10:22:52.553 debug: transform url: 'cce:/internal/x/prerequisite-imports' costs: 5.60 ms
10:22:52.554 debug: Resolve file:///Applications/Cocos/Creator/3.8.6/CocosCreator.app/Contents/Resources/resources/3d/engine/editor/assets/default_renderpipeline/builtin-dof-pass.ts from cce:/internal/x/prerequisite-imports as file:///Applications/Cocos/Creator/3.8.6/CocosCreator.app/Contents/Resources/resources/3d/engine/editor/assets/default_renderpipeline/builtin-dof-pass.ts.
10:22:52.554 debug: Resolve file:///Applications/Cocos/Creator/3.8.6/CocosCreator.app/Contents/Resources/resources/3d/engine/editor/assets/default_renderpipeline/builtin-pipeline-pass.ts from cce:/internal/x/prerequisite-imports as file:///Applications/Cocos/Creator/3.8.6/CocosCreator.app/Contents/Resources/resources/3d/engine/editor/assets/default_renderpipeline/builtin-pipeline-pass.ts.
10:22:52.554 debug: Resolve file:///Applications/Cocos/Creator/3.8.6/CocosCreator.app/Contents/Resources/resources/3d/engine/editor/assets/default_renderpipeline/builtin-pipeline-settings.ts from cce:/internal/x/prerequisite-imports as file:///Applications/Cocos/Creator/3.8.6/CocosCreator.app/Contents/Resources/resources/3d/engine/editor/assets/default_renderpipeline/builtin-pipeline-settings.ts.
10:22:52.554 debug: Resolve file:///Applications/Cocos/Creator/3.8.6/CocosCreator.app/Contents/Resources/resources/3d/engine/editor/assets/default_renderpipeline/builtin-pipeline-types.ts from cce:/internal/x/prerequisite-imports as file:///Applications/Cocos/Creator/3.8.6/CocosCreator.app/Contents/Resources/resources/3d/engine/editor/assets/default_renderpipeline/builtin-pipeline-types.ts.
10:22:52.554 debug: Resolve file:///Applications/Cocos/Creator/3.8.6/CocosCreator.app/Contents/Resources/resources/3d/engine/editor/assets/default_renderpipeline/builtin-pipeline.ts from cce:/internal/x/prerequisite-imports as file:///Applications/Cocos/Creator/3.8.6/CocosCreator.app/Contents/Resources/resources/3d/engine/editor/assets/default_renderpipeline/builtin-pipeline.ts.
10:22:52.554 debug: Resolve file:///Applications/Cocos/Creator/3.8.6/CocosCreator.app/Contents/Resources/resources/3d/engine/editor/assets/tools/debug-view-runtime-control.ts from cce:/internal/x/prerequisite-imports as file:///Applications/Cocos/Creator/3.8.6/CocosCreator.app/Contents/Resources/resources/3d/engine/editor/assets/tools/debug-view-runtime-control.ts.
10:22:52.554 debug: Resolve file:///Users/zhao/Desktop/test/cocos-creator/PlaneFight/assets/Scripts/BgBox.ts from cce:/internal/x/prerequisite-imports as file:///Users/zhao/Desktop/test/cocos-creator/PlaneFight/assets/Scripts/BgBox.ts.
10:22:52.554 debug: Resolve file:///Users/zhao/Desktop/test/cocos-creator/PlaneFight/assets/Scripts/Ememy.ts from cce:/internal/x/prerequisite-imports as file:///Users/zhao/Desktop/test/cocos-creator/PlaneFight/assets/Scripts/Ememy.ts.
10:22:52.555 debug: Detected change: file:///Users/zhao/Desktop/test/cocos-creator/PlaneFight/assets/Scripts/Ememy.ts. Last mtime: Fri Jul 18 2025 10:16:34 GMT+0800 (中国标准时间)@70755476-15f9-41c6-9470-be63e30c18ad, Current mtime: Fri Jul 18 2025 10:22:49 GMT+0800 (中国标准时间)@70755476-15f9-41c6-9470-be63e30c18ad
10:22:52.555 debug: Inspect file:///Users/zhao/Desktop/test/cocos-creator/PlaneFight/assets/Scripts/Ememy.ts
10:22:52.567 debug: transform url: 'file:///Users/zhao/Desktop/test/cocos-creator/PlaneFight/assets/Scripts/Ememy.ts' costs: 12.40 ms
10:22:52.568 debug: Resolve file:///Users/zhao/Desktop/test/cocos-creator/PlaneFight/assets/Scripts/GameManager.ts from cce:/internal/x/prerequisite-imports as file:///Users/zhao/Desktop/test/cocos-creator/PlaneFight/assets/Scripts/GameManager.ts.
10:22:52.568 debug: Resolve cc from file:///Users/zhao/Desktop/test/cocos-creator/PlaneFight/assets/Scripts/Ememy.ts as cce:/internal/x/cc.
10:22:52.568 debug: Resolve cc from file:///Users/zhao/Desktop/test/cocos-creator/PlaneFight/assets/Scripts/Ememy.ts as cce:/internal/x/cc.
10:22:52.568 debug: Resolve cc from file:///Users/zhao/Desktop/test/cocos-creator/PlaneFight/assets/Scripts/Ememy.ts as cce:/internal/x/cc.
10:22:52.571 debug: Target(editor) ends with cost 31.32275000005029ms.
10:22:52.571 debug: Target(preview) build started.
10:22:52.572 debug: Detected change: cce:/internal/x/prerequisite-imports. Last mtime: Thu Jan 01 1970 08:26:37 GMT+0800 (中国标准时间), Current mtime: Thu Jan 01 1970 08:32:53 GMT+0800 (中国标准时间)
10:22:52.572 debug: Inspect cce:/internal/x/prerequisite-imports
10:22:52.578 debug: transform url: 'cce:/internal/x/prerequisite-imports' costs: 5.70 ms
10:22:52.580 debug: Resolve file:///Applications/Cocos/Creator/3.8.6/CocosCreator.app/Contents/Resources/resources/3d/engine/editor/assets/default_renderpipeline/builtin-dof-pass.ts from cce:/internal/x/prerequisite-imports as file:///Applications/Cocos/Creator/3.8.6/CocosCreator.app/Contents/Resources/resources/3d/engine/editor/assets/default_renderpipeline/builtin-dof-pass.ts.
10:22:52.580 debug: Resolve file:///Applications/Cocos/Creator/3.8.6/CocosCreator.app/Contents/Resources/resources/3d/engine/editor/assets/default_renderpipeline/builtin-pipeline-pass.ts from cce:/internal/x/prerequisite-imports as file:///Applications/Cocos/Creator/3.8.6/CocosCreator.app/Contents/Resources/resources/3d/engine/editor/assets/default_renderpipeline/builtin-pipeline-pass.ts.
10:22:52.580 debug: Resolve file:///Applications/Cocos/Creator/3.8.6/CocosCreator.app/Contents/Resources/resources/3d/engine/editor/assets/default_renderpipeline/builtin-pipeline-settings.ts from cce:/internal/x/prerequisite-imports as file:///Applications/Cocos/Creator/3.8.6/CocosCreator.app/Contents/Resources/resources/3d/engine/editor/assets/default_renderpipeline/builtin-pipeline-settings.ts.
10:22:52.580 debug: Resolve file:///Applications/Cocos/Creator/3.8.6/CocosCreator.app/Contents/Resources/resources/3d/engine/editor/assets/default_renderpipeline/builtin-pipeline-types.ts from cce:/internal/x/prerequisite-imports as file:///Applications/Cocos/Creator/3.8.6/CocosCreator.app/Contents/Resources/resources/3d/engine/editor/assets/default_renderpipeline/builtin-pipeline-types.ts.
10:22:52.580 debug: Resolve file:///Applications/Cocos/Creator/3.8.6/CocosCreator.app/Contents/Resources/resources/3d/engine/editor/assets/default_renderpipeline/builtin-pipeline.ts from cce:/internal/x/prerequisite-imports as file:///Applications/Cocos/Creator/3.8.6/CocosCreator.app/Contents/Resources/resources/3d/engine/editor/assets/default_renderpipeline/builtin-pipeline.ts.
10:22:52.580 debug: Resolve file:///Applications/Cocos/Creator/3.8.6/CocosCreator.app/Contents/Resources/resources/3d/engine/editor/assets/tools/debug-view-runtime-control.ts from cce:/internal/x/prerequisite-imports as file:///Applications/Cocos/Creator/3.8.6/CocosCreator.app/Contents/Resources/resources/3d/engine/editor/assets/tools/debug-view-runtime-control.ts.
10:22:52.580 debug: Resolve file:///Users/zhao/Desktop/test/cocos-creator/PlaneFight/assets/Scripts/BgBox.ts from cce:/internal/x/prerequisite-imports as file:///Users/zhao/Desktop/test/cocos-creator/PlaneFight/assets/Scripts/BgBox.ts.
10:22:52.580 debug: Resolve file:///Users/zhao/Desktop/test/cocos-creator/PlaneFight/assets/Scripts/Ememy.ts from cce:/internal/x/prerequisite-imports as file:///Users/zhao/Desktop/test/cocos-creator/PlaneFight/assets/Scripts/Ememy.ts.
10:22:52.580 debug: Detected change: file:///Users/zhao/Desktop/test/cocos-creator/PlaneFight/assets/Scripts/Ememy.ts. Last mtime: Fri Jul 18 2025 10:16:34 GMT+0800 (中国标准时间)@70755476-15f9-41c6-9470-be63e30c18ad, Current mtime: Fri Jul 18 2025 10:22:49 GMT+0800 (中国标准时间)@70755476-15f9-41c6-9470-be63e30c18ad
10:22:52.580 debug: Inspect file:///Users/zhao/Desktop/test/cocos-creator/PlaneFight/assets/Scripts/Ememy.ts
10:22:52.599 debug: transform url: 'file:///Users/zhao/Desktop/test/cocos-creator/PlaneFight/assets/Scripts/Ememy.ts' costs: 18.60 ms
10:22:52.600 debug: Resolve file:///Users/zhao/Desktop/test/cocos-creator/PlaneFight/assets/Scripts/GameManager.ts from cce:/internal/x/prerequisite-imports as file:///Users/zhao/Desktop/test/cocos-creator/PlaneFight/assets/Scripts/GameManager.ts.
10:22:52.600 debug: Resolve cc from file:///Users/zhao/Desktop/test/cocos-creator/PlaneFight/assets/Scripts/Ememy.ts as cce:/internal/x/cc.
10:22:52.600 debug: Resolve cc from file:///Users/zhao/Desktop/test/cocos-creator/PlaneFight/assets/Scripts/Ememy.ts as cce:/internal/x/cc.
10:22:52.600 debug: Resolve cc from file:///Users/zhao/Desktop/test/cocos-creator/PlaneFight/assets/Scripts/Ememy.ts as cce:/internal/x/cc.
10:22:52.612 debug: Target(preview) ends with cost 41.21912500006147ms.
10:23:19.582 debug: Dispatch build request for time accumulated 1 asset changes.
10:23:19.583 debug: Build iteration starts.
Number of accumulated asset changes: 1
Feature changed: false
10:23:19.583 debug: Target(editor) build started.
10:23:19.584 debug: Detected change: cce:/internal/x/prerequisite-imports. Last mtime: Thu Jan 01 1970 08:32:53 GMT+0800 (中国标准时间), Current mtime: Thu Jan 01 1970 08:33:20 GMT+0800 (中国标准时间)
10:23:19.584 debug: Inspect cce:/internal/x/prerequisite-imports
10:23:19.587 debug: transform url: 'cce:/internal/x/prerequisite-imports' costs: 3.70 ms
10:23:19.588 debug: Resolve file:///Applications/Cocos/Creator/3.8.6/CocosCreator.app/Contents/Resources/resources/3d/engine/editor/assets/default_renderpipeline/builtin-dof-pass.ts from cce:/internal/x/prerequisite-imports as file:///Applications/Cocos/Creator/3.8.6/CocosCreator.app/Contents/Resources/resources/3d/engine/editor/assets/default_renderpipeline/builtin-dof-pass.ts.
10:23:19.588 debug: Resolve file:///Applications/Cocos/Creator/3.8.6/CocosCreator.app/Contents/Resources/resources/3d/engine/editor/assets/default_renderpipeline/builtin-pipeline-pass.ts from cce:/internal/x/prerequisite-imports as file:///Applications/Cocos/Creator/3.8.6/CocosCreator.app/Contents/Resources/resources/3d/engine/editor/assets/default_renderpipeline/builtin-pipeline-pass.ts.
10:23:19.589 debug: Resolve file:///Applications/Cocos/Creator/3.8.6/CocosCreator.app/Contents/Resources/resources/3d/engine/editor/assets/default_renderpipeline/builtin-pipeline-settings.ts from cce:/internal/x/prerequisite-imports as file:///Applications/Cocos/Creator/3.8.6/CocosCreator.app/Contents/Resources/resources/3d/engine/editor/assets/default_renderpipeline/builtin-pipeline-settings.ts.
10:23:19.589 debug: Resolve file:///Applications/Cocos/Creator/3.8.6/CocosCreator.app/Contents/Resources/resources/3d/engine/editor/assets/default_renderpipeline/builtin-pipeline-types.ts from cce:/internal/x/prerequisite-imports as file:///Applications/Cocos/Creator/3.8.6/CocosCreator.app/Contents/Resources/resources/3d/engine/editor/assets/default_renderpipeline/builtin-pipeline-types.ts.
10:23:19.589 debug: Resolve file:///Applications/Cocos/Creator/3.8.6/CocosCreator.app/Contents/Resources/resources/3d/engine/editor/assets/default_renderpipeline/builtin-pipeline.ts from cce:/internal/x/prerequisite-imports as file:///Applications/Cocos/Creator/3.8.6/CocosCreator.app/Contents/Resources/resources/3d/engine/editor/assets/default_renderpipeline/builtin-pipeline.ts.
10:23:19.589 debug: Resolve file:///Applications/Cocos/Creator/3.8.6/CocosCreator.app/Contents/Resources/resources/3d/engine/editor/assets/tools/debug-view-runtime-control.ts from cce:/internal/x/prerequisite-imports as file:///Applications/Cocos/Creator/3.8.6/CocosCreator.app/Contents/Resources/resources/3d/engine/editor/assets/tools/debug-view-runtime-control.ts.
10:23:19.589 debug: Resolve file:///Users/zhao/Desktop/test/cocos-creator/PlaneFight/assets/Scripts/BgBox.ts from cce:/internal/x/prerequisite-imports as file:///Users/zhao/Desktop/test/cocos-creator/PlaneFight/assets/Scripts/BgBox.ts.
10:23:19.589 debug: Resolve file:///Users/zhao/Desktop/test/cocos-creator/PlaneFight/assets/Scripts/Ememy.ts from cce:/internal/x/prerequisite-imports as file:///Users/zhao/Desktop/test/cocos-creator/PlaneFight/assets/Scripts/Ememy.ts.
10:23:19.589 debug: Detected change: file:///Users/zhao/Desktop/test/cocos-creator/PlaneFight/assets/Scripts/Ememy.ts. Last mtime: Fri Jul 18 2025 10:22:49 GMT+0800 (中国标准时间)@70755476-15f9-41c6-9470-be63e30c18ad, Current mtime: Fri Jul 18 2025 10:23:18 GMT+0800 (中国标准时间)@70755476-15f9-41c6-9470-be63e30c18ad
10:23:19.589 debug: Inspect file:///Users/zhao/Desktop/test/cocos-creator/PlaneFight/assets/Scripts/Ememy.ts
10:23:19.602 debug: transform url: 'file:///Users/zhao/Desktop/test/cocos-creator/PlaneFight/assets/Scripts/Ememy.ts' costs: 13.20 ms
10:23:19.603 debug: Resolve file:///Users/zhao/Desktop/test/cocos-creator/PlaneFight/assets/Scripts/GameManager.ts from cce:/internal/x/prerequisite-imports as file:///Users/zhao/Desktop/test/cocos-creator/PlaneFight/assets/Scripts/GameManager.ts.
10:23:19.603 debug: Resolve cc from file:///Users/zhao/Desktop/test/cocos-creator/PlaneFight/assets/Scripts/Ememy.ts as cce:/internal/x/cc.
10:23:19.603 debug: Resolve cc from file:///Users/zhao/Desktop/test/cocos-creator/PlaneFight/assets/Scripts/Ememy.ts as cce:/internal/x/cc.
10:23:19.603 debug: Resolve cc from file:///Users/zhao/Desktop/test/cocos-creator/PlaneFight/assets/Scripts/Ememy.ts as cce:/internal/x/cc.
10:23:19.606 debug: Target(editor) ends with cost 22.758374999975786ms.
10:23:19.606 debug: Target(preview) build started.
10:23:19.606 debug: Detected change: cce:/internal/x/prerequisite-imports. Last mtime: Thu Jan 01 1970 08:32:53 GMT+0800 (中国标准时间), Current mtime: Thu Jan 01 1970 08:33:21 GMT+0800 (中国标准时间)
10:23:19.606 debug: Inspect cce:/internal/x/prerequisite-imports
10:23:19.610 debug: transform url: 'cce:/internal/x/prerequisite-imports' costs: 3.70 ms
10:23:19.611 debug: Resolve file:///Applications/Cocos/Creator/3.8.6/CocosCreator.app/Contents/Resources/resources/3d/engine/editor/assets/default_renderpipeline/builtin-dof-pass.ts from cce:/internal/x/prerequisite-imports as file:///Applications/Cocos/Creator/3.8.6/CocosCreator.app/Contents/Resources/resources/3d/engine/editor/assets/default_renderpipeline/builtin-dof-pass.ts.
10:23:19.611 debug: Resolve file:///Applications/Cocos/Creator/3.8.6/CocosCreator.app/Contents/Resources/resources/3d/engine/editor/assets/default_renderpipeline/builtin-pipeline-pass.ts from cce:/internal/x/prerequisite-imports as file:///Applications/Cocos/Creator/3.8.6/CocosCreator.app/Contents/Resources/resources/3d/engine/editor/assets/default_renderpipeline/builtin-pipeline-pass.ts.
10:23:19.611 debug: Resolve file:///Applications/Cocos/Creator/3.8.6/CocosCreator.app/Contents/Resources/resources/3d/engine/editor/assets/default_renderpipeline/builtin-pipeline-settings.ts from cce:/internal/x/prerequisite-imports as file:///Applications/Cocos/Creator/3.8.6/CocosCreator.app/Contents/Resources/resources/3d/engine/editor/assets/default_renderpipeline/builtin-pipeline-settings.ts.
10:23:19.611 debug: Resolve file:///Applications/Cocos/Creator/3.8.6/CocosCreator.app/Contents/Resources/resources/3d/engine/editor/assets/default_renderpipeline/builtin-pipeline-types.ts from cce:/internal/x/prerequisite-imports as file:///Applications/Cocos/Creator/3.8.6/CocosCreator.app/Contents/Resources/resources/3d/engine/editor/assets/default_renderpipeline/builtin-pipeline-types.ts.
10:23:19.611 debug: Resolve file:///Applications/Cocos/Creator/3.8.6/CocosCreator.app/Contents/Resources/resources/3d/engine/editor/assets/default_renderpipeline/builtin-pipeline.ts from cce:/internal/x/prerequisite-imports as file:///Applications/Cocos/Creator/3.8.6/CocosCreator.app/Contents/Resources/resources/3d/engine/editor/assets/default_renderpipeline/builtin-pipeline.ts.
10:23:19.611 debug: Resolve file:///Applications/Cocos/Creator/3.8.6/CocosCreator.app/Contents/Resources/resources/3d/engine/editor/assets/tools/debug-view-runtime-control.ts from cce:/internal/x/prerequisite-imports as file:///Applications/Cocos/Creator/3.8.6/CocosCreator.app/Contents/Resources/resources/3d/engine/editor/assets/tools/debug-view-runtime-control.ts.
10:23:19.611 debug: Resolve file:///Users/zhao/Desktop/test/cocos-creator/PlaneFight/assets/Scripts/BgBox.ts from cce:/internal/x/prerequisite-imports as file:///Users/zhao/Desktop/test/cocos-creator/PlaneFight/assets/Scripts/BgBox.ts.
10:23:19.611 debug: Resolve file:///Users/zhao/Desktop/test/cocos-creator/PlaneFight/assets/Scripts/Ememy.ts from cce:/internal/x/prerequisite-imports as file:///Users/zhao/Desktop/test/cocos-creator/PlaneFight/assets/Scripts/Ememy.ts.
10:23:19.611 debug: Detected change: file:///Users/zhao/Desktop/test/cocos-creator/PlaneFight/assets/Scripts/Ememy.ts. Last mtime: Fri Jul 18 2025 10:22:49 GMT+0800 (中国标准时间)@70755476-15f9-41c6-9470-be63e30c18ad, Current mtime: Fri Jul 18 2025 10:23:18 GMT+0800 (中国标准时间)@70755476-15f9-41c6-9470-be63e30c18ad
10:23:19.611 debug: Inspect file:///Users/zhao/Desktop/test/cocos-creator/PlaneFight/assets/Scripts/Ememy.ts
10:23:19.632 debug: transform url: 'file:///Users/zhao/Desktop/test/cocos-creator/PlaneFight/assets/Scripts/Ememy.ts' costs: 20.60 ms
10:23:19.632 debug: Resolve file:///Users/zhao/Desktop/test/cocos-creator/PlaneFight/assets/Scripts/GameManager.ts from cce:/internal/x/prerequisite-imports as file:///Users/zhao/Desktop/test/cocos-creator/PlaneFight/assets/Scripts/GameManager.ts.
10:23:19.632 debug: Resolve cc from file:///Users/zhao/Desktop/test/cocos-creator/PlaneFight/assets/Scripts/Ememy.ts as cce:/internal/x/cc.
10:23:19.632 debug: Resolve cc from file:///Users/zhao/Desktop/test/cocos-creator/PlaneFight/assets/Scripts/Ememy.ts as cce:/internal/x/cc.
10:23:19.632 debug: Resolve cc from file:///Users/zhao/Desktop/test/cocos-creator/PlaneFight/assets/Scripts/Ememy.ts as cce:/internal/x/cc.
10:23:19.675 debug: Target(preview) ends with cost 69.27250000019558ms.
10:25:58.104 debug: Dispatch build request for time accumulated 1 asset changes.
10:25:58.105 debug: Build iteration starts.
Number of accumulated asset changes: 1
Feature changed: false
10:25:58.105 debug: Target(editor) build started.
10:25:58.107 debug: Detected change: cce:/internal/x/prerequisite-imports. Last mtime: Thu Jan 01 1970 08:33:20 GMT+0800 (中国标准时间), Current mtime: Thu Jan 01 1970 08:35:55 GMT+0800 (中国标准时间)
10:25:58.107 debug: Inspect cce:/internal/x/prerequisite-imports
10:25:58.115 debug: transform url: 'cce:/internal/x/prerequisite-imports' costs: 7.60 ms
10:25:58.115 debug: Resolve file:///Applications/Cocos/Creator/3.8.6/CocosCreator.app/Contents/Resources/resources/3d/engine/editor/assets/default_renderpipeline/builtin-dof-pass.ts from cce:/internal/x/prerequisite-imports as file:///Applications/Cocos/Creator/3.8.6/CocosCreator.app/Contents/Resources/resources/3d/engine/editor/assets/default_renderpipeline/builtin-dof-pass.ts.
10:25:58.116 debug: Resolve file:///Applications/Cocos/Creator/3.8.6/CocosCreator.app/Contents/Resources/resources/3d/engine/editor/assets/default_renderpipeline/builtin-pipeline-pass.ts from cce:/internal/x/prerequisite-imports as file:///Applications/Cocos/Creator/3.8.6/CocosCreator.app/Contents/Resources/resources/3d/engine/editor/assets/default_renderpipeline/builtin-pipeline-pass.ts.
10:25:58.116 debug: Resolve file:///Applications/Cocos/Creator/3.8.6/CocosCreator.app/Contents/Resources/resources/3d/engine/editor/assets/default_renderpipeline/builtin-pipeline-settings.ts from cce:/internal/x/prerequisite-imports as file:///Applications/Cocos/Creator/3.8.6/CocosCreator.app/Contents/Resources/resources/3d/engine/editor/assets/default_renderpipeline/builtin-pipeline-settings.ts.
10:25:58.116 debug: Resolve file:///Applications/Cocos/Creator/3.8.6/CocosCreator.app/Contents/Resources/resources/3d/engine/editor/assets/default_renderpipeline/builtin-pipeline-types.ts from cce:/internal/x/prerequisite-imports as file:///Applications/Cocos/Creator/3.8.6/CocosCreator.app/Contents/Resources/resources/3d/engine/editor/assets/default_renderpipeline/builtin-pipeline-types.ts.
10:25:58.116 debug: Resolve file:///Applications/Cocos/Creator/3.8.6/CocosCreator.app/Contents/Resources/resources/3d/engine/editor/assets/default_renderpipeline/builtin-pipeline.ts from cce:/internal/x/prerequisite-imports as file:///Applications/Cocos/Creator/3.8.6/CocosCreator.app/Contents/Resources/resources/3d/engine/editor/assets/default_renderpipeline/builtin-pipeline.ts.
10:25:58.116 debug: Resolve file:///Applications/Cocos/Creator/3.8.6/CocosCreator.app/Contents/Resources/resources/3d/engine/editor/assets/tools/debug-view-runtime-control.ts from cce:/internal/x/prerequisite-imports as file:///Applications/Cocos/Creator/3.8.6/CocosCreator.app/Contents/Resources/resources/3d/engine/editor/assets/tools/debug-view-runtime-control.ts.
10:25:58.116 debug: Resolve file:///Users/zhao/Desktop/test/cocos-creator/PlaneFight/assets/Scripts/BgBox.ts from cce:/internal/x/prerequisite-imports as file:///Users/zhao/Desktop/test/cocos-creator/PlaneFight/assets/Scripts/BgBox.ts.
10:25:58.116 debug: Resolve file:///Users/zhao/Desktop/test/cocos-creator/PlaneFight/assets/Scripts/Ememy.ts from cce:/internal/x/prerequisite-imports as file:///Users/zhao/Desktop/test/cocos-creator/PlaneFight/assets/Scripts/Ememy.ts.
10:25:58.116 debug: Detected change: file:///Users/zhao/Desktop/test/cocos-creator/PlaneFight/assets/Scripts/Ememy.ts. Last mtime: Fri Jul 18 2025 10:23:18 GMT+0800 (中国标准时间)@70755476-15f9-41c6-9470-be63e30c18ad, Current mtime: Fri Jul 18 2025 10:25:56 GMT+0800 (中国标准时间)@70755476-15f9-41c6-9470-be63e30c18ad
10:25:58.116 debug: Inspect file:///Users/zhao/Desktop/test/cocos-creator/PlaneFight/assets/Scripts/Ememy.ts
10:25:58.133 debug: transform url: 'file:///Users/zhao/Desktop/test/cocos-creator/PlaneFight/assets/Scripts/Ememy.ts' costs: 17.50 ms
10:25:58.134 debug: Resolve file:///Users/zhao/Desktop/test/cocos-creator/PlaneFight/assets/Scripts/GameManager.ts from cce:/internal/x/prerequisite-imports as file:///Users/zhao/Desktop/test/cocos-creator/PlaneFight/assets/Scripts/GameManager.ts.
10:25:58.134 debug: Resolve cc from file:///Users/zhao/Desktop/test/cocos-creator/PlaneFight/assets/Scripts/Ememy.ts as cce:/internal/x/cc.
10:25:58.134 debug: Resolve cc from file:///Users/zhao/Desktop/test/cocos-creator/PlaneFight/assets/Scripts/Ememy.ts as cce:/internal/x/cc.
10:25:58.134 debug: Resolve cc from file:///Users/zhao/Desktop/test/cocos-creator/PlaneFight/assets/Scripts/Ememy.ts as cce:/internal/x/cc.
10:25:58.137 debug: Target(editor) ends with cost 31.508667000103742ms.
10:25:58.137 debug: Target(preview) build started.
10:25:58.138 debug: Detected change: cce:/internal/x/prerequisite-imports. Last mtime: Thu Jan 01 1970 08:33:21 GMT+0800 (中国标准时间), Current mtime: Thu Jan 01 1970 08:35:55 GMT+0800 (中国标准时间)
10:25:58.138 debug: Inspect cce:/internal/x/prerequisite-imports
10:25:58.144 debug: transform url: 'cce:/internal/x/prerequisite-imports' costs: 5.40 ms
10:25:58.144 debug: Resolve file:///Applications/Cocos/Creator/3.8.6/CocosCreator.app/Contents/Resources/resources/3d/engine/editor/assets/default_renderpipeline/builtin-dof-pass.ts from cce:/internal/x/prerequisite-imports as file:///Applications/Cocos/Creator/3.8.6/CocosCreator.app/Contents/Resources/resources/3d/engine/editor/assets/default_renderpipeline/builtin-dof-pass.ts.
10:25:58.144 debug: Resolve file:///Applications/Cocos/Creator/3.8.6/CocosCreator.app/Contents/Resources/resources/3d/engine/editor/assets/default_renderpipeline/builtin-pipeline-pass.ts from cce:/internal/x/prerequisite-imports as file:///Applications/Cocos/Creator/3.8.6/CocosCreator.app/Contents/Resources/resources/3d/engine/editor/assets/default_renderpipeline/builtin-pipeline-pass.ts.
10:25:58.145 debug: Resolve file:///Applications/Cocos/Creator/3.8.6/CocosCreator.app/Contents/Resources/resources/3d/engine/editor/assets/default_renderpipeline/builtin-pipeline-settings.ts from cce:/internal/x/prerequisite-imports as file:///Applications/Cocos/Creator/3.8.6/CocosCreator.app/Contents/Resources/resources/3d/engine/editor/assets/default_renderpipeline/builtin-pipeline-settings.ts.
10:25:58.145 debug: Resolve file:///Applications/Cocos/Creator/3.8.6/CocosCreator.app/Contents/Resources/resources/3d/engine/editor/assets/default_renderpipeline/builtin-pipeline-types.ts from cce:/internal/x/prerequisite-imports as file:///Applications/Cocos/Creator/3.8.6/CocosCreator.app/Contents/Resources/resources/3d/engine/editor/assets/default_renderpipeline/builtin-pipeline-types.ts.
10:25:58.145 debug: Resolve file:///Applications/Cocos/Creator/3.8.6/CocosCreator.app/Contents/Resources/resources/3d/engine/editor/assets/default_renderpipeline/builtin-pipeline.ts from cce:/internal/x/prerequisite-imports as file:///Applications/Cocos/Creator/3.8.6/CocosCreator.app/Contents/Resources/resources/3d/engine/editor/assets/default_renderpipeline/builtin-pipeline.ts.
10:25:58.145 debug: Resolve file:///Applications/Cocos/Creator/3.8.6/CocosCreator.app/Contents/Resources/resources/3d/engine/editor/assets/tools/debug-view-runtime-control.ts from cce:/internal/x/prerequisite-imports as file:///Applications/Cocos/Creator/3.8.6/CocosCreator.app/Contents/Resources/resources/3d/engine/editor/assets/tools/debug-view-runtime-control.ts.
10:25:58.145 debug: Resolve file:///Users/zhao/Desktop/test/cocos-creator/PlaneFight/assets/Scripts/BgBox.ts from cce:/internal/x/prerequisite-imports as file:///Users/zhao/Desktop/test/cocos-creator/PlaneFight/assets/Scripts/BgBox.ts.
10:25:58.145 debug: Resolve file:///Users/zhao/Desktop/test/cocos-creator/PlaneFight/assets/Scripts/Ememy.ts from cce:/internal/x/prerequisite-imports as file:///Users/zhao/Desktop/test/cocos-creator/PlaneFight/assets/Scripts/Ememy.ts.
10:25:58.145 debug: Detected change: file:///Users/zhao/Desktop/test/cocos-creator/PlaneFight/assets/Scripts/Ememy.ts. Last mtime: Fri Jul 18 2025 10:23:18 GMT+0800 (中国标准时间)@70755476-15f9-41c6-9470-be63e30c18ad, Current mtime: Fri Jul 18 2025 10:25:56 GMT+0800 (中国标准时间)@70755476-15f9-41c6-9470-be63e30c18ad
10:25:58.145 debug: Inspect file:///Users/zhao/Desktop/test/cocos-creator/PlaneFight/assets/Scripts/Ememy.ts
10:25:58.164 debug: transform url: 'file:///Users/zhao/Desktop/test/cocos-creator/PlaneFight/assets/Scripts/Ememy.ts' costs: 19.60 ms
10:25:58.165 debug: Resolve file:///Users/zhao/Desktop/test/cocos-creator/PlaneFight/assets/Scripts/GameManager.ts from cce:/internal/x/prerequisite-imports as file:///Users/zhao/Desktop/test/cocos-creator/PlaneFight/assets/Scripts/GameManager.ts.
10:25:58.165 debug: Resolve cc from file:///Users/zhao/Desktop/test/cocos-creator/PlaneFight/assets/Scripts/Ememy.ts as cce:/internal/x/cc.
10:25:58.165 debug: Resolve cc from file:///Users/zhao/Desktop/test/cocos-creator/PlaneFight/assets/Scripts/Ememy.ts as cce:/internal/x/cc.
10:25:58.165 debug: Resolve cc from file:///Users/zhao/Desktop/test/cocos-creator/PlaneFight/assets/Scripts/Ememy.ts as cce:/internal/x/cc.
10:25:58.168 debug: Target(preview) ends with cost 31.1843340001069ms.
10:27:00.642 debug: Dispatch build request for time accumulated 1 asset changes.
10:27:00.643 debug: Build iteration starts.
Number of accumulated asset changes: 1
Feature changed: false
10:27:00.643 debug: Target(editor) build started.
10:27:00.644 debug: Detected change: cce:/internal/x/prerequisite-imports. Last mtime: Thu Jan 01 1970 08:35:55 GMT+0800 (中国标准时间), Current mtime: Thu Jan 01 1970 08:36:57 GMT+0800 (中国标准时间)
10:27:00.644 debug: Inspect cce:/internal/x/prerequisite-imports
10:27:00.648 debug: transform url: 'cce:/internal/x/prerequisite-imports' costs: 4.00 ms
10:27:00.649 debug: Resolve file:///Applications/Cocos/Creator/3.8.6/CocosCreator.app/Contents/Resources/resources/3d/engine/editor/assets/default_renderpipeline/builtin-dof-pass.ts from cce:/internal/x/prerequisite-imports as file:///Applications/Cocos/Creator/3.8.6/CocosCreator.app/Contents/Resources/resources/3d/engine/editor/assets/default_renderpipeline/builtin-dof-pass.ts.
10:27:00.649 debug: Resolve file:///Applications/Cocos/Creator/3.8.6/CocosCreator.app/Contents/Resources/resources/3d/engine/editor/assets/default_renderpipeline/builtin-pipeline-pass.ts from cce:/internal/x/prerequisite-imports as file:///Applications/Cocos/Creator/3.8.6/CocosCreator.app/Contents/Resources/resources/3d/engine/editor/assets/default_renderpipeline/builtin-pipeline-pass.ts.
10:27:00.649 debug: Resolve file:///Applications/Cocos/Creator/3.8.6/CocosCreator.app/Contents/Resources/resources/3d/engine/editor/assets/default_renderpipeline/builtin-pipeline-settings.ts from cce:/internal/x/prerequisite-imports as file:///Applications/Cocos/Creator/3.8.6/CocosCreator.app/Contents/Resources/resources/3d/engine/editor/assets/default_renderpipeline/builtin-pipeline-settings.ts.
10:27:00.649 debug: Resolve file:///Applications/Cocos/Creator/3.8.6/CocosCreator.app/Contents/Resources/resources/3d/engine/editor/assets/default_renderpipeline/builtin-pipeline-types.ts from cce:/internal/x/prerequisite-imports as file:///Applications/Cocos/Creator/3.8.6/CocosCreator.app/Contents/Resources/resources/3d/engine/editor/assets/default_renderpipeline/builtin-pipeline-types.ts.
10:27:00.649 debug: Resolve file:///Applications/Cocos/Creator/3.8.6/CocosCreator.app/Contents/Resources/resources/3d/engine/editor/assets/default_renderpipeline/builtin-pipeline.ts from cce:/internal/x/prerequisite-imports as file:///Applications/Cocos/Creator/3.8.6/CocosCreator.app/Contents/Resources/resources/3d/engine/editor/assets/default_renderpipeline/builtin-pipeline.ts.
10:27:00.649 debug: Resolve file:///Applications/Cocos/Creator/3.8.6/CocosCreator.app/Contents/Resources/resources/3d/engine/editor/assets/tools/debug-view-runtime-control.ts from cce:/internal/x/prerequisite-imports as file:///Applications/Cocos/Creator/3.8.6/CocosCreator.app/Contents/Resources/resources/3d/engine/editor/assets/tools/debug-view-runtime-control.ts.
10:27:00.649 debug: Resolve file:///Users/zhao/Desktop/test/cocos-creator/PlaneFight/assets/Scripts/BgBox.ts from cce:/internal/x/prerequisite-imports as file:///Users/zhao/Desktop/test/cocos-creator/PlaneFight/assets/Scripts/BgBox.ts.
10:27:00.649 debug: Resolve file:///Users/zhao/Desktop/test/cocos-creator/PlaneFight/assets/Scripts/Ememy.ts from cce:/internal/x/prerequisite-imports as file:///Users/zhao/Desktop/test/cocos-creator/PlaneFight/assets/Scripts/Ememy.ts.
10:27:00.649 debug: Detected change: file:///Users/zhao/Desktop/test/cocos-creator/PlaneFight/assets/Scripts/Ememy.ts. Last mtime: Fri Jul 18 2025 10:25:56 GMT+0800 (中国标准时间)@70755476-15f9-41c6-9470-be63e30c18ad, Current mtime: Fri Jul 18 2025 10:26:10 GMT+0800 (中国标准时间)@70755476-15f9-41c6-9470-be63e30c18ad
10:27:00.649 debug: Inspect file:///Users/zhao/Desktop/test/cocos-creator/PlaneFight/assets/Scripts/Ememy.ts
10:27:00.663 debug: transform url: 'file:///Users/zhao/Desktop/test/cocos-creator/PlaneFight/assets/Scripts/Ememy.ts' costs: 14.10 ms
10:27:00.664 debug: Resolve file:///Users/zhao/Desktop/test/cocos-creator/PlaneFight/assets/Scripts/GameManager.ts from cce:/internal/x/prerequisite-imports as file:///Users/zhao/Desktop/test/cocos-creator/PlaneFight/assets/Scripts/GameManager.ts.
10:27:00.664 debug: Resolve cc from file:///Users/zhao/Desktop/test/cocos-creator/PlaneFight/assets/Scripts/Ememy.ts as cce:/internal/x/cc.
10:27:00.664 debug: Resolve cc from file:///Users/zhao/Desktop/test/cocos-creator/PlaneFight/assets/Scripts/Ememy.ts as cce:/internal/x/cc.
10:27:00.664 debug: Resolve cc from file:///Users/zhao/Desktop/test/cocos-creator/PlaneFight/assets/Scripts/Ememy.ts as cce:/internal/x/cc.
10:27:00.666 debug: Target(editor) ends with cost 23.35279199993238ms.
10:27:00.666 debug: Target(preview) build started.
10:27:00.667 debug: Detected change: cce:/internal/x/prerequisite-imports. Last mtime: Thu Jan 01 1970 08:35:55 GMT+0800 (中国标准时间), Current mtime: Thu Jan 01 1970 08:36:57 GMT+0800 (中国标准时间)
10:27:00.667 debug: Inspect cce:/internal/x/prerequisite-imports
10:27:00.672 debug: transform url: 'cce:/internal/x/prerequisite-imports' costs: 4.40 ms
10:27:00.672 debug: Resolve file:///Applications/Cocos/Creator/3.8.6/CocosCreator.app/Contents/Resources/resources/3d/engine/editor/assets/default_renderpipeline/builtin-dof-pass.ts from cce:/internal/x/prerequisite-imports as file:///Applications/Cocos/Creator/3.8.6/CocosCreator.app/Contents/Resources/resources/3d/engine/editor/assets/default_renderpipeline/builtin-dof-pass.ts.
10:27:00.672 debug: Resolve file:///Applications/Cocos/Creator/3.8.6/CocosCreator.app/Contents/Resources/resources/3d/engine/editor/assets/default_renderpipeline/builtin-pipeline-pass.ts from cce:/internal/x/prerequisite-imports as file:///Applications/Cocos/Creator/3.8.6/CocosCreator.app/Contents/Resources/resources/3d/engine/editor/assets/default_renderpipeline/builtin-pipeline-pass.ts.
10:27:00.672 debug: Resolve file:///Applications/Cocos/Creator/3.8.6/CocosCreator.app/Contents/Resources/resources/3d/engine/editor/assets/default_renderpipeline/builtin-pipeline-settings.ts from cce:/internal/x/prerequisite-imports as file:///Applications/Cocos/Creator/3.8.6/CocosCreator.app/Contents/Resources/resources/3d/engine/editor/assets/default_renderpipeline/builtin-pipeline-settings.ts.
10:27:00.672 debug: Resolve file:///Applications/Cocos/Creator/3.8.6/CocosCreator.app/Contents/Resources/resources/3d/engine/editor/assets/default_renderpipeline/builtin-pipeline-types.ts from cce:/internal/x/prerequisite-imports as file:///Applications/Cocos/Creator/3.8.6/CocosCreator.app/Contents/Resources/resources/3d/engine/editor/assets/default_renderpipeline/builtin-pipeline-types.ts.
10:27:00.672 debug: Resolve file:///Applications/Cocos/Creator/3.8.6/CocosCreator.app/Contents/Resources/resources/3d/engine/editor/assets/default_renderpipeline/builtin-pipeline.ts from cce:/internal/x/prerequisite-imports as file:///Applications/Cocos/Creator/3.8.6/CocosCreator.app/Contents/Resources/resources/3d/engine/editor/assets/default_renderpipeline/builtin-pipeline.ts.
10:27:00.672 debug: Resolve file:///Applications/Cocos/Creator/3.8.6/CocosCreator.app/Contents/Resources/resources/3d/engine/editor/assets/tools/debug-view-runtime-control.ts from cce:/internal/x/prerequisite-imports as file:///Applications/Cocos/Creator/3.8.6/CocosCreator.app/Contents/Resources/resources/3d/engine/editor/assets/tools/debug-view-runtime-control.ts.
10:27:00.673 debug: Resolve file:///Users/zhao/Desktop/test/cocos-creator/PlaneFight/assets/Scripts/BgBox.ts from cce:/internal/x/prerequisite-imports as file:///Users/zhao/Desktop/test/cocos-creator/PlaneFight/assets/Scripts/BgBox.ts.
10:27:00.673 debug: Resolve file:///Users/zhao/Desktop/test/cocos-creator/PlaneFight/assets/Scripts/Ememy.ts from cce:/internal/x/prerequisite-imports as file:///Users/zhao/Desktop/test/cocos-creator/PlaneFight/assets/Scripts/Ememy.ts.
10:27:00.673 debug: Detected change: file:///Users/zhao/Desktop/test/cocos-creator/PlaneFight/assets/Scripts/Ememy.ts. Last mtime: Fri Jul 18 2025 10:25:56 GMT+0800 (中国标准时间)@70755476-15f9-41c6-9470-be63e30c18ad, Current mtime: Fri Jul 18 2025 10:26:10 GMT+0800 (中国标准时间)@70755476-15f9-41c6-9470-be63e30c18ad
10:27:00.673 debug: Inspect file:///Users/zhao/Desktop/test/cocos-creator/PlaneFight/assets/Scripts/Ememy.ts
10:27:00.690 debug: transform url: 'file:///Users/zhao/Desktop/test/cocos-creator/PlaneFight/assets/Scripts/Ememy.ts' costs: 17.60 ms
10:27:00.691 debug: Resolve file:///Users/zhao/Desktop/test/cocos-creator/PlaneFight/assets/Scripts/GameManager.ts from cce:/internal/x/prerequisite-imports as file:///Users/zhao/Desktop/test/cocos-creator/PlaneFight/assets/Scripts/GameManager.ts.
10:27:00.691 debug: Resolve cc from file:///Users/zhao/Desktop/test/cocos-creator/PlaneFight/assets/Scripts/Ememy.ts as cce:/internal/x/cc.
10:27:00.691 debug: Resolve cc from file:///Users/zhao/Desktop/test/cocos-creator/PlaneFight/assets/Scripts/Ememy.ts as cce:/internal/x/cc.
10:27:00.691 debug: Resolve cc from file:///Users/zhao/Desktop/test/cocos-creator/PlaneFight/assets/Scripts/Ememy.ts as cce:/internal/x/cc.
10:27:00.694 debug: Target(preview) ends with cost 27.765999999828637ms.
10:27:12.909 debug: Dispatch build request for time accumulated 1 asset changes.
10:27:12.910 debug: Build iteration starts.
Number of accumulated asset changes: 1
Feature changed: false
10:27:12.910 debug: Target(editor) build started.
10:27:12.911 debug: Detected change: cce:/internal/x/prerequisite-imports. Last mtime: Thu Jan 01 1970 08:36:57 GMT+0800 (中国标准时间), Current mtime: Thu Jan 01 1970 08:37:10 GMT+0800 (中国标准时间)
10:27:12.911 debug: Inspect cce:/internal/x/prerequisite-imports
10:27:12.915 debug: transform url: 'cce:/internal/x/prerequisite-imports' costs: 3.80 ms
10:27:12.915 debug: Resolve file:///Applications/Cocos/Creator/3.8.6/CocosCreator.app/Contents/Resources/resources/3d/engine/editor/assets/default_renderpipeline/builtin-dof-pass.ts from cce:/internal/x/prerequisite-imports as file:///Applications/Cocos/Creator/3.8.6/CocosCreator.app/Contents/Resources/resources/3d/engine/editor/assets/default_renderpipeline/builtin-dof-pass.ts.
10:27:12.915 debug: Resolve file:///Applications/Cocos/Creator/3.8.6/CocosCreator.app/Contents/Resources/resources/3d/engine/editor/assets/default_renderpipeline/builtin-pipeline-pass.ts from cce:/internal/x/prerequisite-imports as file:///Applications/Cocos/Creator/3.8.6/CocosCreator.app/Contents/Resources/resources/3d/engine/editor/assets/default_renderpipeline/builtin-pipeline-pass.ts.
10:27:12.915 debug: Resolve file:///Applications/Cocos/Creator/3.8.6/CocosCreator.app/Contents/Resources/resources/3d/engine/editor/assets/default_renderpipeline/builtin-pipeline-settings.ts from cce:/internal/x/prerequisite-imports as file:///Applications/Cocos/Creator/3.8.6/CocosCreator.app/Contents/Resources/resources/3d/engine/editor/assets/default_renderpipeline/builtin-pipeline-settings.ts.
10:27:12.915 debug: Resolve file:///Applications/Cocos/Creator/3.8.6/CocosCreator.app/Contents/Resources/resources/3d/engine/editor/assets/default_renderpipeline/builtin-pipeline-types.ts from cce:/internal/x/prerequisite-imports as file:///Applications/Cocos/Creator/3.8.6/CocosCreator.app/Contents/Resources/resources/3d/engine/editor/assets/default_renderpipeline/builtin-pipeline-types.ts.
10:27:12.915 debug: Resolve file:///Applications/Cocos/Creator/3.8.6/CocosCreator.app/Contents/Resources/resources/3d/engine/editor/assets/default_renderpipeline/builtin-pipeline.ts from cce:/internal/x/prerequisite-imports as file:///Applications/Cocos/Creator/3.8.6/CocosCreator.app/Contents/Resources/resources/3d/engine/editor/assets/default_renderpipeline/builtin-pipeline.ts.
10:27:12.915 debug: Resolve file:///Applications/Cocos/Creator/3.8.6/CocosCreator.app/Contents/Resources/resources/3d/engine/editor/assets/tools/debug-view-runtime-control.ts from cce:/internal/x/prerequisite-imports as file:///Applications/Cocos/Creator/3.8.6/CocosCreator.app/Contents/Resources/resources/3d/engine/editor/assets/tools/debug-view-runtime-control.ts.
10:27:12.916 debug: Resolve file:///Users/zhao/Desktop/test/cocos-creator/PlaneFight/assets/Scripts/BgBox.ts from cce:/internal/x/prerequisite-imports as file:///Users/zhao/Desktop/test/cocos-creator/PlaneFight/assets/Scripts/BgBox.ts.
10:27:12.916 debug: Resolve file:///Users/zhao/Desktop/test/cocos-creator/PlaneFight/assets/Scripts/Ememy.ts from cce:/internal/x/prerequisite-imports as file:///Users/zhao/Desktop/test/cocos-creator/PlaneFight/assets/Scripts/Ememy.ts.
10:27:12.916 debug: Resolve file:///Users/zhao/Desktop/test/cocos-creator/PlaneFight/assets/Scripts/GameManager.ts from cce:/internal/x/prerequisite-imports as file:///Users/zhao/Desktop/test/cocos-creator/PlaneFight/assets/Scripts/GameManager.ts.
10:27:12.916 debug: Resolve file:///Users/zhao/Desktop/test/cocos-creator/PlaneFight/assets/Scripts/NewComponent.ts from cce:/internal/x/prerequisite-imports as file:///Users/zhao/Desktop/test/cocos-creator/PlaneFight/assets/Scripts/NewComponent.ts.
10:27:12.916 debug: Inspect file:///Users/zhao/Desktop/test/cocos-creator/PlaneFight/assets/Scripts/NewComponent.ts
10:27:12.921 debug: transform url: 'file:///Users/zhao/Desktop/test/cocos-creator/PlaneFight/assets/Scripts/NewComponent.ts' costs: 5.60 ms
10:27:12.922 debug: Resolve cc from file:///Users/zhao/Desktop/test/cocos-creator/PlaneFight/assets/Scripts/NewComponent.ts as cce:/internal/x/cc.
10:27:12.922 debug: Resolve cc from file:///Users/zhao/Desktop/test/cocos-creator/PlaneFight/assets/Scripts/NewComponent.ts as cce:/internal/x/cc.
10:27:12.922 debug: Resolve cc from file:///Users/zhao/Desktop/test/cocos-creator/PlaneFight/assets/Scripts/NewComponent.ts as cce:/internal/x/cc.
10:27:12.924 debug: Target(editor) ends with cost 14.434041999746114ms.
10:27:12.924 debug: Target(preview) build started.
10:27:12.925 debug: Detected change: cce:/internal/x/prerequisite-imports. Last mtime: Thu Jan 01 1970 08:36:57 GMT+0800 (中国标准时间), Current mtime: Thu Jan 01 1970 08:37:10 GMT+0800 (中国标准时间)
10:27:12.925 debug: Inspect cce:/internal/x/prerequisite-imports
10:27:12.929 debug: transform url: 'cce:/internal/x/prerequisite-imports' costs: 3.70 ms
10:27:12.930 debug: Resolve file:///Applications/Cocos/Creator/3.8.6/CocosCreator.app/Contents/Resources/resources/3d/engine/editor/assets/default_renderpipeline/builtin-dof-pass.ts from cce:/internal/x/prerequisite-imports as file:///Applications/Cocos/Creator/3.8.6/CocosCreator.app/Contents/Resources/resources/3d/engine/editor/assets/default_renderpipeline/builtin-dof-pass.ts.
10:27:12.930 debug: Resolve file:///Applications/Cocos/Creator/3.8.6/CocosCreator.app/Contents/Resources/resources/3d/engine/editor/assets/default_renderpipeline/builtin-pipeline-pass.ts from cce:/internal/x/prerequisite-imports as file:///Applications/Cocos/Creator/3.8.6/CocosCreator.app/Contents/Resources/resources/3d/engine/editor/assets/default_renderpipeline/builtin-pipeline-pass.ts.
10:27:12.930 debug: Resolve file:///Applications/Cocos/Creator/3.8.6/CocosCreator.app/Contents/Resources/resources/3d/engine/editor/assets/default_renderpipeline/builtin-pipeline-settings.ts from cce:/internal/x/prerequisite-imports as file:///Applications/Cocos/Creator/3.8.6/CocosCreator.app/Contents/Resources/resources/3d/engine/editor/assets/default_renderpipeline/builtin-pipeline-settings.ts.
10:27:12.930 debug: Resolve file:///Applications/Cocos/Creator/3.8.6/CocosCreator.app/Contents/Resources/resources/3d/engine/editor/assets/default_renderpipeline/builtin-pipeline-types.ts from cce:/internal/x/prerequisite-imports as file:///Applications/Cocos/Creator/3.8.6/CocosCreator.app/Contents/Resources/resources/3d/engine/editor/assets/default_renderpipeline/builtin-pipeline-types.ts.
10:27:12.930 debug: Resolve file:///Applications/Cocos/Creator/3.8.6/CocosCreator.app/Contents/Resources/resources/3d/engine/editor/assets/default_renderpipeline/builtin-pipeline.ts from cce:/internal/x/prerequisite-imports as file:///Applications/Cocos/Creator/3.8.6/CocosCreator.app/Contents/Resources/resources/3d/engine/editor/assets/default_renderpipeline/builtin-pipeline.ts.
10:27:12.930 debug: Resolve file:///Applications/Cocos/Creator/3.8.6/CocosCreator.app/Contents/Resources/resources/3d/engine/editor/assets/tools/debug-view-runtime-control.ts from cce:/internal/x/prerequisite-imports as file:///Applications/Cocos/Creator/3.8.6/CocosCreator.app/Contents/Resources/resources/3d/engine/editor/assets/tools/debug-view-runtime-control.ts.
10:27:12.930 debug: Resolve file:///Users/zhao/Desktop/test/cocos-creator/PlaneFight/assets/Scripts/BgBox.ts from cce:/internal/x/prerequisite-imports as file:///Users/zhao/Desktop/test/cocos-creator/PlaneFight/assets/Scripts/BgBox.ts.
10:27:12.930 debug: Resolve file:///Users/zhao/Desktop/test/cocos-creator/PlaneFight/assets/Scripts/Ememy.ts from cce:/internal/x/prerequisite-imports as file:///Users/zhao/Desktop/test/cocos-creator/PlaneFight/assets/Scripts/Ememy.ts.
10:27:12.930 debug: Resolve file:///Users/zhao/Desktop/test/cocos-creator/PlaneFight/assets/Scripts/GameManager.ts from cce:/internal/x/prerequisite-imports as file:///Users/zhao/Desktop/test/cocos-creator/PlaneFight/assets/Scripts/GameManager.ts.
10:27:12.930 debug: Resolve file:///Users/zhao/Desktop/test/cocos-creator/PlaneFight/assets/Scripts/NewComponent.ts from cce:/internal/x/prerequisite-imports as file:///Users/zhao/Desktop/test/cocos-creator/PlaneFight/assets/Scripts/NewComponent.ts.
10:27:12.930 debug: Inspect file:///Users/zhao/Desktop/test/cocos-creator/PlaneFight/assets/Scripts/NewComponent.ts
10:27:12.936 debug: transform url: 'file:///Users/zhao/Desktop/test/cocos-creator/PlaneFight/assets/Scripts/NewComponent.ts' costs: 6.40 ms
10:27:12.937 debug: Resolve cc from file:///Users/zhao/Desktop/test/cocos-creator/PlaneFight/assets/Scripts/NewComponent.ts as cce:/internal/x/cc.
10:27:12.937 debug: Resolve cc from file:///Users/zhao/Desktop/test/cocos-creator/PlaneFight/assets/Scripts/NewComponent.ts as cce:/internal/x/cc.
10:27:12.937 debug: Resolve cc from file:///Users/zhao/Desktop/test/cocos-creator/PlaneFight/assets/Scripts/NewComponent.ts as cce:/internal/x/cc.
10:27:12.939 debug: Target(preview) ends with cost 14.777125000022352ms.
10:27:21.282 debug: Dispatch build request for time accumulated 1 asset changes.
10:27:21.283 debug: Build iteration starts.
Number of accumulated asset changes: 1
Feature changed: false
10:27:21.283 debug: Target(editor) build started.
10:27:21.284 debug: Detected change: cce:/internal/x/prerequisite-imports. Last mtime: Thu Jan 01 1970 08:37:10 GMT+0800 (中国标准时间), Current mtime: Thu Jan 01 1970 08:37:18 GMT+0800 (中国标准时间)
10:27:21.284 debug: Inspect cce:/internal/x/prerequisite-imports
10:27:21.288 debug: transform url: 'cce:/internal/x/prerequisite-imports' costs: 4.10 ms
10:27:21.288 debug: Resolve file:///Applications/Cocos/Creator/3.8.6/CocosCreator.app/Contents/Resources/resources/3d/engine/editor/assets/default_renderpipeline/builtin-dof-pass.ts from cce:/internal/x/prerequisite-imports as file:///Applications/Cocos/Creator/3.8.6/CocosCreator.app/Contents/Resources/resources/3d/engine/editor/assets/default_renderpipeline/builtin-dof-pass.ts.
10:27:21.288 debug: Resolve file:///Applications/Cocos/Creator/3.8.6/CocosCreator.app/Contents/Resources/resources/3d/engine/editor/assets/default_renderpipeline/builtin-pipeline-pass.ts from cce:/internal/x/prerequisite-imports as file:///Applications/Cocos/Creator/3.8.6/CocosCreator.app/Contents/Resources/resources/3d/engine/editor/assets/default_renderpipeline/builtin-pipeline-pass.ts.
10:27:21.289 debug: Resolve file:///Applications/Cocos/Creator/3.8.6/CocosCreator.app/Contents/Resources/resources/3d/engine/editor/assets/default_renderpipeline/builtin-pipeline-settings.ts from cce:/internal/x/prerequisite-imports as file:///Applications/Cocos/Creator/3.8.6/CocosCreator.app/Contents/Resources/resources/3d/engine/editor/assets/default_renderpipeline/builtin-pipeline-settings.ts.
10:27:21.289 debug: Resolve file:///Applications/Cocos/Creator/3.8.6/CocosCreator.app/Contents/Resources/resources/3d/engine/editor/assets/default_renderpipeline/builtin-pipeline-types.ts from cce:/internal/x/prerequisite-imports as file:///Applications/Cocos/Creator/3.8.6/CocosCreator.app/Contents/Resources/resources/3d/engine/editor/assets/default_renderpipeline/builtin-pipeline-types.ts.
10:27:21.289 debug: Resolve file:///Applications/Cocos/Creator/3.8.6/CocosCreator.app/Contents/Resources/resources/3d/engine/editor/assets/default_renderpipeline/builtin-pipeline.ts from cce:/internal/x/prerequisite-imports as file:///Applications/Cocos/Creator/3.8.6/CocosCreator.app/Contents/Resources/resources/3d/engine/editor/assets/default_renderpipeline/builtin-pipeline.ts.
10:27:21.289 debug: Resolve file:///Applications/Cocos/Creator/3.8.6/CocosCreator.app/Contents/Resources/resources/3d/engine/editor/assets/tools/debug-view-runtime-control.ts from cce:/internal/x/prerequisite-imports as file:///Applications/Cocos/Creator/3.8.6/CocosCreator.app/Contents/Resources/resources/3d/engine/editor/assets/tools/debug-view-runtime-control.ts.
10:27:21.289 debug: Resolve file:///Users/zhao/Desktop/test/cocos-creator/PlaneFight/assets/Scripts/BgBox.ts from cce:/internal/x/prerequisite-imports as file:///Users/zhao/Desktop/test/cocos-creator/PlaneFight/assets/Scripts/BgBox.ts.
10:27:21.289 debug: Resolve file:///Users/zhao/Desktop/test/cocos-creator/PlaneFight/assets/Scripts/Ememy.ts from cce:/internal/x/prerequisite-imports as file:///Users/zhao/Desktop/test/cocos-creator/PlaneFight/assets/Scripts/Ememy.ts.
10:27:21.289 debug: Resolve file:///Users/zhao/Desktop/test/cocos-creator/PlaneFight/assets/Scripts/GameManager.ts from cce:/internal/x/prerequisite-imports as file:///Users/zhao/Desktop/test/cocos-creator/PlaneFight/assets/Scripts/GameManager.ts.
10:27:21.292 debug: Target(editor) ends with cost 8.596708999946713ms.
10:27:21.292 debug: Target(preview) build started.
10:27:21.292 debug: Detected change: cce:/internal/x/prerequisite-imports. Last mtime: Thu Jan 01 1970 08:37:10 GMT+0800 (中国标准时间), Current mtime: Thu Jan 01 1970 08:37:18 GMT+0800 (中国标准时间)
10:27:21.292 debug: Inspect cce:/internal/x/prerequisite-imports
10:27:21.296 debug: transform url: 'cce:/internal/x/prerequisite-imports' costs: 4.00 ms
10:27:21.297 debug: Resolve file:///Applications/Cocos/Creator/3.8.6/CocosCreator.app/Contents/Resources/resources/3d/engine/editor/assets/default_renderpipeline/builtin-dof-pass.ts from cce:/internal/x/prerequisite-imports as file:///Applications/Cocos/Creator/3.8.6/CocosCreator.app/Contents/Resources/resources/3d/engine/editor/assets/default_renderpipeline/builtin-dof-pass.ts.
10:27:21.297 debug: Resolve file:///Applications/Cocos/Creator/3.8.6/CocosCreator.app/Contents/Resources/resources/3d/engine/editor/assets/default_renderpipeline/builtin-pipeline-pass.ts from cce:/internal/x/prerequisite-imports as file:///Applications/Cocos/Creator/3.8.6/CocosCreator.app/Contents/Resources/resources/3d/engine/editor/assets/default_renderpipeline/builtin-pipeline-pass.ts.
10:27:21.297 debug: Resolve file:///Applications/Cocos/Creator/3.8.6/CocosCreator.app/Contents/Resources/resources/3d/engine/editor/assets/default_renderpipeline/builtin-pipeline-settings.ts from cce:/internal/x/prerequisite-imports as file:///Applications/Cocos/Creator/3.8.6/CocosCreator.app/Contents/Resources/resources/3d/engine/editor/assets/default_renderpipeline/builtin-pipeline-settings.ts.
10:27:21.297 debug: Resolve file:///Applications/Cocos/Creator/3.8.6/CocosCreator.app/Contents/Resources/resources/3d/engine/editor/assets/default_renderpipeline/builtin-pipeline-types.ts from cce:/internal/x/prerequisite-imports as file:///Applications/Cocos/Creator/3.8.6/CocosCreator.app/Contents/Resources/resources/3d/engine/editor/assets/default_renderpipeline/builtin-pipeline-types.ts.
10:27:21.297 debug: Resolve file:///Applications/Cocos/Creator/3.8.6/CocosCreator.app/Contents/Resources/resources/3d/engine/editor/assets/default_renderpipeline/builtin-pipeline.ts from cce:/internal/x/prerequisite-imports as file:///Applications/Cocos/Creator/3.8.6/CocosCreator.app/Contents/Resources/resources/3d/engine/editor/assets/default_renderpipeline/builtin-pipeline.ts.
10:27:21.298 debug: Resolve file:///Applications/Cocos/Creator/3.8.6/CocosCreator.app/Contents/Resources/resources/3d/engine/editor/assets/tools/debug-view-runtime-control.ts from cce:/internal/x/prerequisite-imports as file:///Applications/Cocos/Creator/3.8.6/CocosCreator.app/Contents/Resources/resources/3d/engine/editor/assets/tools/debug-view-runtime-control.ts.
10:27:21.298 debug: Resolve file:///Users/zhao/Desktop/test/cocos-creator/PlaneFight/assets/Scripts/BgBox.ts from cce:/internal/x/prerequisite-imports as file:///Users/zhao/Desktop/test/cocos-creator/PlaneFight/assets/Scripts/BgBox.ts.
10:27:21.298 debug: Resolve file:///Users/zhao/Desktop/test/cocos-creator/PlaneFight/assets/Scripts/Ememy.ts from cce:/internal/x/prerequisite-imports as file:///Users/zhao/Desktop/test/cocos-creator/PlaneFight/assets/Scripts/Ememy.ts.
10:27:21.298 debug: Resolve file:///Users/zhao/Desktop/test/cocos-creator/PlaneFight/assets/Scripts/GameManager.ts from cce:/internal/x/prerequisite-imports as file:///Users/zhao/Desktop/test/cocos-creator/PlaneFight/assets/Scripts/GameManager.ts.
10:27:21.301 debug: Target(preview) ends with cost 9.653167000040412ms.
10:27:44.435 debug: Dispatch build request for time accumulated 1 asset changes.
10:27:44.436 debug: Build iteration starts.
Number of accumulated asset changes: 1
Feature changed: false
10:27:44.436 debug: Target(editor) build started.
10:27:44.437 debug: Detected change: cce:/internal/x/prerequisite-imports. Last mtime: Thu Jan 01 1970 08:37:18 GMT+0800 (中国标准时间), Current mtime: Thu Jan 01 1970 08:37:41 GMT+0800 (中国标准时间)
10:27:44.437 debug: Inspect cce:/internal/x/prerequisite-imports
10:27:44.443 debug: transform url: 'cce:/internal/x/prerequisite-imports' costs: 5.20 ms
10:27:44.443 debug: Resolve file:///Applications/Cocos/Creator/3.8.6/CocosCreator.app/Contents/Resources/resources/3d/engine/editor/assets/default_renderpipeline/builtin-dof-pass.ts from cce:/internal/x/prerequisite-imports as file:///Applications/Cocos/Creator/3.8.6/CocosCreator.app/Contents/Resources/resources/3d/engine/editor/assets/default_renderpipeline/builtin-dof-pass.ts.
10:27:44.443 debug: Resolve file:///Applications/Cocos/Creator/3.8.6/CocosCreator.app/Contents/Resources/resources/3d/engine/editor/assets/default_renderpipeline/builtin-pipeline-pass.ts from cce:/internal/x/prerequisite-imports as file:///Applications/Cocos/Creator/3.8.6/CocosCreator.app/Contents/Resources/resources/3d/engine/editor/assets/default_renderpipeline/builtin-pipeline-pass.ts.
10:27:44.443 debug: Resolve file:///Applications/Cocos/Creator/3.8.6/CocosCreator.app/Contents/Resources/resources/3d/engine/editor/assets/default_renderpipeline/builtin-pipeline-settings.ts from cce:/internal/x/prerequisite-imports as file:///Applications/Cocos/Creator/3.8.6/CocosCreator.app/Contents/Resources/resources/3d/engine/editor/assets/default_renderpipeline/builtin-pipeline-settings.ts.
10:27:44.443 debug: Resolve file:///Applications/Cocos/Creator/3.8.6/CocosCreator.app/Contents/Resources/resources/3d/engine/editor/assets/default_renderpipeline/builtin-pipeline-types.ts from cce:/internal/x/prerequisite-imports as file:///Applications/Cocos/Creator/3.8.6/CocosCreator.app/Contents/Resources/resources/3d/engine/editor/assets/default_renderpipeline/builtin-pipeline-types.ts.
10:27:44.443 debug: Resolve file:///Applications/Cocos/Creator/3.8.6/CocosCreator.app/Contents/Resources/resources/3d/engine/editor/assets/default_renderpipeline/builtin-pipeline.ts from cce:/internal/x/prerequisite-imports as file:///Applications/Cocos/Creator/3.8.6/CocosCreator.app/Contents/Resources/resources/3d/engine/editor/assets/default_renderpipeline/builtin-pipeline.ts.
10:27:44.444 debug: Resolve file:///Applications/Cocos/Creator/3.8.6/CocosCreator.app/Contents/Resources/resources/3d/engine/editor/assets/tools/debug-view-runtime-control.ts from cce:/internal/x/prerequisite-imports as file:///Applications/Cocos/Creator/3.8.6/CocosCreator.app/Contents/Resources/resources/3d/engine/editor/assets/tools/debug-view-runtime-control.ts.
10:27:44.444 debug: Resolve file:///Users/zhao/Desktop/test/cocos-creator/PlaneFight/assets/Scripts/BgBox.ts from cce:/internal/x/prerequisite-imports as file:///Users/zhao/Desktop/test/cocos-creator/PlaneFight/assets/Scripts/BgBox.ts.
10:27:44.444 debug: Resolve file:///Users/zhao/Desktop/test/cocos-creator/PlaneFight/assets/Scripts/Ememy.ts from cce:/internal/x/prerequisite-imports as file:///Users/zhao/Desktop/test/cocos-creator/PlaneFight/assets/Scripts/Ememy.ts.
10:27:44.444 debug: Resolve file:///Users/zhao/Desktop/test/cocos-creator/PlaneFight/assets/Scripts/EmemyBox.ts from cce:/internal/x/prerequisite-imports as file:///Users/zhao/Desktop/test/cocos-creator/PlaneFight/assets/Scripts/EmemyBox.ts.
10:27:44.444 debug: Inspect file:///Users/zhao/Desktop/test/cocos-creator/PlaneFight/assets/Scripts/EmemyBox.ts
10:27:44.449 debug: transform url: 'file:///Users/zhao/Desktop/test/cocos-creator/PlaneFight/assets/Scripts/EmemyBox.ts' costs: 5.70 ms
10:27:44.450 debug: Resolve file:///Users/zhao/Desktop/test/cocos-creator/PlaneFight/assets/Scripts/GameManager.ts from cce:/internal/x/prerequisite-imports as file:///Users/zhao/Desktop/test/cocos-creator/PlaneFight/assets/Scripts/GameManager.ts.
10:27:44.450 debug: Resolve cc from file:///Users/zhao/Desktop/test/cocos-creator/PlaneFight/assets/Scripts/EmemyBox.ts as cce:/internal/x/cc.
10:27:44.450 debug: Resolve cc from file:///Users/zhao/Desktop/test/cocos-creator/PlaneFight/assets/Scripts/EmemyBox.ts as cce:/internal/x/cc.
10:27:44.450 debug: Resolve cc from file:///Users/zhao/Desktop/test/cocos-creator/PlaneFight/assets/Scripts/EmemyBox.ts as cce:/internal/x/cc.
10:27:44.452 debug: Target(editor) ends with cost 16.12637499999255ms.
10:27:44.453 debug: Target(preview) build started.
10:27:44.453 debug: Detected change: cce:/internal/x/prerequisite-imports. Last mtime: Thu Jan 01 1970 08:37:18 GMT+0800 (中国标准时间), Current mtime: Thu Jan 01 1970 08:37:41 GMT+0800 (中国标准时间)
10:27:44.453 debug: Inspect cce:/internal/x/prerequisite-imports
10:27:44.456 debug: transform url: 'cce:/internal/x/prerequisite-imports' costs: 3.40 ms
10:27:44.457 debug: Resolve file:///Applications/Cocos/Creator/3.8.6/CocosCreator.app/Contents/Resources/resources/3d/engine/editor/assets/default_renderpipeline/builtin-dof-pass.ts from cce:/internal/x/prerequisite-imports as file:///Applications/Cocos/Creator/3.8.6/CocosCreator.app/Contents/Resources/resources/3d/engine/editor/assets/default_renderpipeline/builtin-dof-pass.ts.
10:27:44.457 debug: Resolve file:///Applications/Cocos/Creator/3.8.6/CocosCreator.app/Contents/Resources/resources/3d/engine/editor/assets/default_renderpipeline/builtin-pipeline-pass.ts from cce:/internal/x/prerequisite-imports as file:///Applications/Cocos/Creator/3.8.6/CocosCreator.app/Contents/Resources/resources/3d/engine/editor/assets/default_renderpipeline/builtin-pipeline-pass.ts.
10:27:44.457 debug: Resolve file:///Applications/Cocos/Creator/3.8.6/CocosCreator.app/Contents/Resources/resources/3d/engine/editor/assets/default_renderpipeline/builtin-pipeline-settings.ts from cce:/internal/x/prerequisite-imports as file:///Applications/Cocos/Creator/3.8.6/CocosCreator.app/Contents/Resources/resources/3d/engine/editor/assets/default_renderpipeline/builtin-pipeline-settings.ts.
10:27:44.457 debug: Resolve file:///Applications/Cocos/Creator/3.8.6/CocosCreator.app/Contents/Resources/resources/3d/engine/editor/assets/default_renderpipeline/builtin-pipeline-types.ts from cce:/internal/x/prerequisite-imports as file:///Applications/Cocos/Creator/3.8.6/CocosCreator.app/Contents/Resources/resources/3d/engine/editor/assets/default_renderpipeline/builtin-pipeline-types.ts.
10:27:44.457 debug: Resolve file:///Applications/Cocos/Creator/3.8.6/CocosCreator.app/Contents/Resources/resources/3d/engine/editor/assets/default_renderpipeline/builtin-pipeline.ts from cce:/internal/x/prerequisite-imports as file:///Applications/Cocos/Creator/3.8.6/CocosCreator.app/Contents/Resources/resources/3d/engine/editor/assets/default_renderpipeline/builtin-pipeline.ts.
10:27:44.457 debug: Resolve file:///Applications/Cocos/Creator/3.8.6/CocosCreator.app/Contents/Resources/resources/3d/engine/editor/assets/tools/debug-view-runtime-control.ts from cce:/internal/x/prerequisite-imports as file:///Applications/Cocos/Creator/3.8.6/CocosCreator.app/Contents/Resources/resources/3d/engine/editor/assets/tools/debug-view-runtime-control.ts.
10:27:44.457 debug: Resolve file:///Users/zhao/Desktop/test/cocos-creator/PlaneFight/assets/Scripts/BgBox.ts from cce:/internal/x/prerequisite-imports as file:///Users/zhao/Desktop/test/cocos-creator/PlaneFight/assets/Scripts/BgBox.ts.
10:27:44.457 debug: Resolve file:///Users/zhao/Desktop/test/cocos-creator/PlaneFight/assets/Scripts/Ememy.ts from cce:/internal/x/prerequisite-imports as file:///Users/zhao/Desktop/test/cocos-creator/PlaneFight/assets/Scripts/Ememy.ts.
10:27:44.458 debug: Resolve file:///Users/zhao/Desktop/test/cocos-creator/PlaneFight/assets/Scripts/EmemyBox.ts from cce:/internal/x/prerequisite-imports as file:///Users/zhao/Desktop/test/cocos-creator/PlaneFight/assets/Scripts/EmemyBox.ts.
10:27:44.458 debug: Inspect file:///Users/zhao/Desktop/test/cocos-creator/PlaneFight/assets/Scripts/EmemyBox.ts
10:27:44.464 debug: transform url: 'file:///Users/zhao/Desktop/test/cocos-creator/PlaneFight/assets/Scripts/EmemyBox.ts' costs: 6.20 ms
10:27:44.464 debug: Resolve file:///Users/zhao/Desktop/test/cocos-creator/PlaneFight/assets/Scripts/GameManager.ts from cce:/internal/x/prerequisite-imports as file:///Users/zhao/Desktop/test/cocos-creator/PlaneFight/assets/Scripts/GameManager.ts.
10:27:44.465 debug: Resolve cc from file:///Users/zhao/Desktop/test/cocos-creator/PlaneFight/assets/Scripts/EmemyBox.ts as cce:/internal/x/cc.
10:27:44.465 debug: Resolve cc from file:///Users/zhao/Desktop/test/cocos-creator/PlaneFight/assets/Scripts/EmemyBox.ts as cce:/internal/x/cc.
10:27:44.465 debug: Resolve cc from file:///Users/zhao/Desktop/test/cocos-creator/PlaneFight/assets/Scripts/EmemyBox.ts as cce:/internal/x/cc.
10:27:44.467 debug: Target(preview) ends with cost 14.483624999877065ms.
10:28:19.391 debug: Dispatch build request for time accumulated 1 asset changes.
10:28:19.392 debug: Build iteration starts.
Number of accumulated asset changes: 1
Feature changed: false
10:28:19.392 debug: Target(editor) build started.
10:28:19.393 debug: Detected change: cce:/internal/x/prerequisite-imports. Last mtime: Thu Jan 01 1970 08:37:41 GMT+0800 (中国标准时间), Current mtime: Thu Jan 01 1970 08:38:16 GMT+0800 (中国标准时间)
10:28:19.393 debug: Inspect cce:/internal/x/prerequisite-imports
10:28:19.397 debug: transform url: 'cce:/internal/x/prerequisite-imports' costs: 3.60 ms
10:28:19.397 debug: Resolve file:///Applications/Cocos/Creator/3.8.6/CocosCreator.app/Contents/Resources/resources/3d/engine/editor/assets/default_renderpipeline/builtin-dof-pass.ts from cce:/internal/x/prerequisite-imports as file:///Applications/Cocos/Creator/3.8.6/CocosCreator.app/Contents/Resources/resources/3d/engine/editor/assets/default_renderpipeline/builtin-dof-pass.ts.
10:28:19.397 debug: Resolve file:///Applications/Cocos/Creator/3.8.6/CocosCreator.app/Contents/Resources/resources/3d/engine/editor/assets/default_renderpipeline/builtin-pipeline-pass.ts from cce:/internal/x/prerequisite-imports as file:///Applications/Cocos/Creator/3.8.6/CocosCreator.app/Contents/Resources/resources/3d/engine/editor/assets/default_renderpipeline/builtin-pipeline-pass.ts.
10:28:19.398 debug: Resolve file:///Applications/Cocos/Creator/3.8.6/CocosCreator.app/Contents/Resources/resources/3d/engine/editor/assets/default_renderpipeline/builtin-pipeline-settings.ts from cce:/internal/x/prerequisite-imports as file:///Applications/Cocos/Creator/3.8.6/CocosCreator.app/Contents/Resources/resources/3d/engine/editor/assets/default_renderpipeline/builtin-pipeline-settings.ts.
10:28:19.398 debug: Resolve file:///Applications/Cocos/Creator/3.8.6/CocosCreator.app/Contents/Resources/resources/3d/engine/editor/assets/default_renderpipeline/builtin-pipeline-types.ts from cce:/internal/x/prerequisite-imports as file:///Applications/Cocos/Creator/3.8.6/CocosCreator.app/Contents/Resources/resources/3d/engine/editor/assets/default_renderpipeline/builtin-pipeline-types.ts.
10:28:19.398 debug: Resolve file:///Applications/Cocos/Creator/3.8.6/CocosCreator.app/Contents/Resources/resources/3d/engine/editor/assets/default_renderpipeline/builtin-pipeline.ts from cce:/internal/x/prerequisite-imports as file:///Applications/Cocos/Creator/3.8.6/CocosCreator.app/Contents/Resources/resources/3d/engine/editor/assets/default_renderpipeline/builtin-pipeline.ts.
10:28:19.398 debug: Resolve file:///Applications/Cocos/Creator/3.8.6/CocosCreator.app/Contents/Resources/resources/3d/engine/editor/assets/tools/debug-view-runtime-control.ts from cce:/internal/x/prerequisite-imports as file:///Applications/Cocos/Creator/3.8.6/CocosCreator.app/Contents/Resources/resources/3d/engine/editor/assets/tools/debug-view-runtime-control.ts.
10:28:19.398 debug: Resolve file:///Users/zhao/Desktop/test/cocos-creator/PlaneFight/assets/Scripts/BgBox.ts from cce:/internal/x/prerequisite-imports as file:///Users/zhao/Desktop/test/cocos-creator/PlaneFight/assets/Scripts/BgBox.ts.
10:28:19.398 debug: Resolve file:///Users/zhao/Desktop/test/cocos-creator/PlaneFight/assets/Scripts/Ememy.ts from cce:/internal/x/prerequisite-imports as file:///Users/zhao/Desktop/test/cocos-creator/PlaneFight/assets/Scripts/Ememy.ts.
10:28:19.398 debug: Detected change: file:///Users/zhao/Desktop/test/cocos-creator/PlaneFight/assets/Scripts/Ememy.ts. Last mtime: Fri Jul 18 2025 10:26:10 GMT+0800 (中国标准时间)@70755476-15f9-41c6-9470-be63e30c18ad, Current mtime: Fri Jul 18 2025 10:28:03 GMT+0800 (中国标准时间)@70755476-15f9-41c6-9470-be63e30c18ad
10:28:19.398 debug: Inspect file:///Users/zhao/Desktop/test/cocos-creator/PlaneFight/assets/Scripts/Ememy.ts
10:28:19.408 debug: transform url: 'file:///Users/zhao/Desktop/test/cocos-creator/PlaneFight/assets/Scripts/Ememy.ts' costs: 9.80 ms
10:28:19.409 debug: Resolve file:///Users/zhao/Desktop/test/cocos-creator/PlaneFight/assets/Scripts/EmemyBox.ts from cce:/internal/x/prerequisite-imports as file:///Users/zhao/Desktop/test/cocos-creator/PlaneFight/assets/Scripts/EmemyBox.ts.
10:28:19.409 debug: Resolve file:///Users/zhao/Desktop/test/cocos-creator/PlaneFight/assets/Scripts/GameManager.ts from cce:/internal/x/prerequisite-imports as file:///Users/zhao/Desktop/test/cocos-creator/PlaneFight/assets/Scripts/GameManager.ts.
10:28:19.409 debug: Resolve cc from file:///Users/zhao/Desktop/test/cocos-creator/PlaneFight/assets/Scripts/Ememy.ts as cce:/internal/x/cc.
10:28:19.409 debug: Resolve cc from file:///Users/zhao/Desktop/test/cocos-creator/PlaneFight/assets/Scripts/Ememy.ts as cce:/internal/x/cc.
10:28:19.409 debug: Resolve cc from file:///Users/zhao/Desktop/test/cocos-creator/PlaneFight/assets/Scripts/Ememy.ts as cce:/internal/x/cc.
10:28:19.411 debug: Target(editor) ends with cost 19.160875000059605ms.
10:28:19.411 debug: Target(preview) build started.
10:28:19.412 debug: Detected change: cce:/internal/x/prerequisite-imports. Last mtime: Thu Jan 01 1970 08:37:41 GMT+0800 (中国标准时间), Current mtime: Thu Jan 01 1970 08:38:16 GMT+0800 (中国标准时间)
10:28:19.412 debug: Inspect cce:/internal/x/prerequisite-imports
10:28:19.416 debug: transform url: 'cce:/internal/x/prerequisite-imports' costs: 3.90 ms
10:28:19.416 debug: Resolve file:///Applications/Cocos/Creator/3.8.6/CocosCreator.app/Contents/Resources/resources/3d/engine/editor/assets/default_renderpipeline/builtin-dof-pass.ts from cce:/internal/x/prerequisite-imports as file:///Applications/Cocos/Creator/3.8.6/CocosCreator.app/Contents/Resources/resources/3d/engine/editor/assets/default_renderpipeline/builtin-dof-pass.ts.
10:28:19.416 debug: Resolve file:///Applications/Cocos/Creator/3.8.6/CocosCreator.app/Contents/Resources/resources/3d/engine/editor/assets/default_renderpipeline/builtin-pipeline-pass.ts from cce:/internal/x/prerequisite-imports as file:///Applications/Cocos/Creator/3.8.6/CocosCreator.app/Contents/Resources/resources/3d/engine/editor/assets/default_renderpipeline/builtin-pipeline-pass.ts.
10:28:19.416 debug: Resolve file:///Applications/Cocos/Creator/3.8.6/CocosCreator.app/Contents/Resources/resources/3d/engine/editor/assets/default_renderpipeline/builtin-pipeline-settings.ts from cce:/internal/x/prerequisite-imports as file:///Applications/Cocos/Creator/3.8.6/CocosCreator.app/Contents/Resources/resources/3d/engine/editor/assets/default_renderpipeline/builtin-pipeline-settings.ts.
10:28:19.416 debug: Resolve file:///Applications/Cocos/Creator/3.8.6/CocosCreator.app/Contents/Resources/resources/3d/engine/editor/assets/default_renderpipeline/builtin-pipeline-types.ts from cce:/internal/x/prerequisite-imports as file:///Applications/Cocos/Creator/3.8.6/CocosCreator.app/Contents/Resources/resources/3d/engine/editor/assets/default_renderpipeline/builtin-pipeline-types.ts.
10:28:19.416 debug: Resolve file:///Applications/Cocos/Creator/3.8.6/CocosCreator.app/Contents/Resources/resources/3d/engine/editor/assets/default_renderpipeline/builtin-pipeline.ts from cce:/internal/x/prerequisite-imports as file:///Applications/Cocos/Creator/3.8.6/CocosCreator.app/Contents/Resources/resources/3d/engine/editor/assets/default_renderpipeline/builtin-pipeline.ts.
10:28:19.416 debug: Resolve file:///Applications/Cocos/Creator/3.8.6/CocosCreator.app/Contents/Resources/resources/3d/engine/editor/assets/tools/debug-view-runtime-control.ts from cce:/internal/x/prerequisite-imports as file:///Applications/Cocos/Creator/3.8.6/CocosCreator.app/Contents/Resources/resources/3d/engine/editor/assets/tools/debug-view-runtime-control.ts.
10:28:19.416 debug: Resolve file:///Users/zhao/Desktop/test/cocos-creator/PlaneFight/assets/Scripts/BgBox.ts from cce:/internal/x/prerequisite-imports as file:///Users/zhao/Desktop/test/cocos-creator/PlaneFight/assets/Scripts/BgBox.ts.
10:28:19.417 debug: Resolve file:///Users/zhao/Desktop/test/cocos-creator/PlaneFight/assets/Scripts/Ememy.ts from cce:/internal/x/prerequisite-imports as file:///Users/zhao/Desktop/test/cocos-creator/PlaneFight/assets/Scripts/Ememy.ts.
10:28:19.417 debug: Detected change: file:///Users/zhao/Desktop/test/cocos-creator/PlaneFight/assets/Scripts/Ememy.ts. Last mtime: Fri Jul 18 2025 10:26:10 GMT+0800 (中国标准时间)@70755476-15f9-41c6-9470-be63e30c18ad, Current mtime: Fri Jul 18 2025 10:28:03 GMT+0800 (中国标准时间)@70755476-15f9-41c6-9470-be63e30c18ad
10:28:19.417 debug: Inspect file:///Users/zhao/Desktop/test/cocos-creator/PlaneFight/assets/Scripts/Ememy.ts
10:28:19.432 debug: transform url: 'file:///Users/zhao/Desktop/test/cocos-creator/PlaneFight/assets/Scripts/Ememy.ts' costs: 15.30 ms
10:28:19.433 debug: Resolve file:///Users/zhao/Desktop/test/cocos-creator/PlaneFight/assets/Scripts/EmemyBox.ts from cce:/internal/x/prerequisite-imports as file:///Users/zhao/Desktop/test/cocos-creator/PlaneFight/assets/Scripts/EmemyBox.ts.
10:28:19.433 debug: Resolve file:///Users/zhao/Desktop/test/cocos-creator/PlaneFight/assets/Scripts/GameManager.ts from cce:/internal/x/prerequisite-imports as file:///Users/zhao/Desktop/test/cocos-creator/PlaneFight/assets/Scripts/GameManager.ts.
10:28:19.434 debug: Resolve cc from file:///Users/zhao/Desktop/test/cocos-creator/PlaneFight/assets/Scripts/Ememy.ts as cce:/internal/x/cc.
10:28:19.434 debug: Resolve cc from file:///Users/zhao/Desktop/test/cocos-creator/PlaneFight/assets/Scripts/Ememy.ts as cce:/internal/x/cc.
10:28:19.434 debug: Resolve cc from file:///Users/zhao/Desktop/test/cocos-creator/PlaneFight/assets/Scripts/Ememy.ts as cce:/internal/x/cc.
10:28:19.440 debug: Target(preview) ends with cost 28.46808399958536ms.
10:35:03.017 debug: Dispatch build request for time accumulated 3 asset changes.
10:35:03.019 debug: Build iteration starts.
Number of accumulated asset changes: 3
Feature changed: false
10:35:03.019 debug: Target(editor) build started.
10:35:03.021 debug: Detected change: cce:/internal/x/prerequisite-imports. Last mtime: Thu Jan 01 1970 08:38:16 GMT+0800 (中国标准时间), Current mtime: Thu Jan 01 1970 08:45:00 GMT+0800 (中国标准时间)
10:35:03.021 debug: Inspect cce:/internal/x/prerequisite-imports
10:35:03.027 debug: transform url: 'cce:/internal/x/prerequisite-imports' costs: 6.10 ms
10:35:03.028 debug: Resolve file:///Applications/Cocos/Creator/3.8.6/CocosCreator.app/Contents/Resources/resources/3d/engine/editor/assets/default_renderpipeline/builtin-dof-pass.ts from cce:/internal/x/prerequisite-imports as file:///Applications/Cocos/Creator/3.8.6/CocosCreator.app/Contents/Resources/resources/3d/engine/editor/assets/default_renderpipeline/builtin-dof-pass.ts.
10:35:03.028 debug: Resolve file:///Applications/Cocos/Creator/3.8.6/CocosCreator.app/Contents/Resources/resources/3d/engine/editor/assets/default_renderpipeline/builtin-pipeline-pass.ts from cce:/internal/x/prerequisite-imports as file:///Applications/Cocos/Creator/3.8.6/CocosCreator.app/Contents/Resources/resources/3d/engine/editor/assets/default_renderpipeline/builtin-pipeline-pass.ts.
10:35:03.028 debug: Resolve file:///Applications/Cocos/Creator/3.8.6/CocosCreator.app/Contents/Resources/resources/3d/engine/editor/assets/default_renderpipeline/builtin-pipeline-settings.ts from cce:/internal/x/prerequisite-imports as file:///Applications/Cocos/Creator/3.8.6/CocosCreator.app/Contents/Resources/resources/3d/engine/editor/assets/default_renderpipeline/builtin-pipeline-settings.ts.
10:35:03.028 debug: Resolve file:///Applications/Cocos/Creator/3.8.6/CocosCreator.app/Contents/Resources/resources/3d/engine/editor/assets/default_renderpipeline/builtin-pipeline-types.ts from cce:/internal/x/prerequisite-imports as file:///Applications/Cocos/Creator/3.8.6/CocosCreator.app/Contents/Resources/resources/3d/engine/editor/assets/default_renderpipeline/builtin-pipeline-types.ts.
10:35:03.028 debug: Resolve file:///Applications/Cocos/Creator/3.8.6/CocosCreator.app/Contents/Resources/resources/3d/engine/editor/assets/default_renderpipeline/builtin-pipeline.ts from cce:/internal/x/prerequisite-imports as file:///Applications/Cocos/Creator/3.8.6/CocosCreator.app/Contents/Resources/resources/3d/engine/editor/assets/default_renderpipeline/builtin-pipeline.ts.
10:35:03.028 debug: Resolve file:///Applications/Cocos/Creator/3.8.6/CocosCreator.app/Contents/Resources/resources/3d/engine/editor/assets/tools/debug-view-runtime-control.ts from cce:/internal/x/prerequisite-imports as file:///Applications/Cocos/Creator/3.8.6/CocosCreator.app/Contents/Resources/resources/3d/engine/editor/assets/tools/debug-view-runtime-control.ts.
10:35:03.029 debug: Resolve file:///Users/zhao/Desktop/test/cocos-creator/PlaneFight/assets/Scripts/BgBox.ts from cce:/internal/x/prerequisite-imports as file:///Users/zhao/Desktop/test/cocos-creator/PlaneFight/assets/Scripts/BgBox.ts.
10:35:03.029 debug: Resolve file:///Users/zhao/Desktop/test/cocos-creator/PlaneFight/assets/Scripts/Ememy.ts from cce:/internal/x/prerequisite-imports as file:///Users/zhao/Desktop/test/cocos-creator/PlaneFight/assets/Scripts/Ememy.ts.
10:35:03.029 debug: Detected change: file:///Users/zhao/Desktop/test/cocos-creator/PlaneFight/assets/Scripts/Ememy.ts. Last mtime: Fri Jul 18 2025 10:28:03 GMT+0800 (中国标准时间)@70755476-15f9-41c6-9470-be63e30c18ad, Current mtime: Fri Jul 18 2025 10:34:43 GMT+0800 (中国标准时间)@70755476-15f9-41c6-9470-be63e30c18ad
10:35:03.029 debug: Inspect file:///Users/zhao/Desktop/test/cocos-creator/PlaneFight/assets/Scripts/Ememy.ts
10:35:03.042 debug: transform url: 'file:///Users/zhao/Desktop/test/cocos-creator/PlaneFight/assets/Scripts/Ememy.ts' costs: 13.20 ms
10:35:03.043 debug: Resolve file:///Users/zhao/Desktop/test/cocos-creator/PlaneFight/assets/Scripts/EmemyBox.ts from cce:/internal/x/prerequisite-imports as file:///Users/zhao/Desktop/test/cocos-creator/PlaneFight/assets/Scripts/EmemyBox.ts.
10:35:03.043 debug: Detected change: file:///Users/zhao/Desktop/test/cocos-creator/PlaneFight/assets/Scripts/EmemyBox.ts. Last mtime: Fri Jul 18 2025 10:27:44 GMT+0800 (中国标准时间)@92db9fc8-3289-4a05-8403-d965f95f1cfc, Current mtime: Fri Jul 18 2025 10:35:01 GMT+0800 (中国标准时间)@92db9fc8-3289-4a05-8403-d965f95f1cfc
10:35:03.043 debug: Inspect file:///Users/zhao/Desktop/test/cocos-creator/PlaneFight/assets/Scripts/EmemyBox.ts
10:35:03.054 debug: transform url: 'file:///Users/zhao/Desktop/test/cocos-creator/PlaneFight/assets/Scripts/EmemyBox.ts' costs: 11.50 ms
10:35:03.055 debug: Resolve file:///Users/zhao/Desktop/test/cocos-creator/PlaneFight/assets/Scripts/GameManager.ts from cce:/internal/x/prerequisite-imports as file:///Users/zhao/Desktop/test/cocos-creator/PlaneFight/assets/Scripts/GameManager.ts.
10:35:03.055 debug: Detected change: file:///Users/zhao/Desktop/test/cocos-creator/PlaneFight/assets/Scripts/GameManager.ts. Last mtime: Fri Jul 18 2025 10:16:26 GMT+0800 (中国标准时间)@04b8d335-2cbf-453a-9fb4-20b7d50b6131, Current mtime: Fri Jul 18 2025 10:34:55 GMT+0800 (中国标准时间)@04b8d335-2cbf-453a-9fb4-20b7d50b6131
10:35:03.055 debug: Inspect file:///Users/zhao/Desktop/test/cocos-creator/PlaneFight/assets/Scripts/GameManager.ts
10:35:03.062 debug: transform url: 'file:///Users/zhao/Desktop/test/cocos-creator/PlaneFight/assets/Scripts/GameManager.ts' costs: 6.80 ms
10:35:03.062 debug: Resolve cc from file:///Users/zhao/Desktop/test/cocos-creator/PlaneFight/assets/Scripts/Ememy.ts as cce:/internal/x/cc.
10:35:03.062 debug: Resolve cc from file:///Users/zhao/Desktop/test/cocos-creator/PlaneFight/assets/Scripts/Ememy.ts as cce:/internal/x/cc.
10:35:03.062 debug: Resolve cc from file:///Users/zhao/Desktop/test/cocos-creator/PlaneFight/assets/Scripts/Ememy.ts as cce:/internal/x/cc.
10:35:03.062 debug: Resolve cc from file:///Users/zhao/Desktop/test/cocos-creator/PlaneFight/assets/Scripts/EmemyBox.ts as cce:/internal/x/cc.
10:35:03.062 debug: Resolve cc from file:///Users/zhao/Desktop/test/cocos-creator/PlaneFight/assets/Scripts/EmemyBox.ts as cce:/internal/x/cc.
10:35:03.062 debug: Resolve cc from file:///Users/zhao/Desktop/test/cocos-creator/PlaneFight/assets/Scripts/EmemyBox.ts as cce:/internal/x/cc.
10:35:03.063 debug: Resolve cce:/internal/code-quality/cr.mjs from file:///Users/zhao/Desktop/test/cocos-creator/PlaneFight/assets/Scripts/GameManager.ts as cce:/internal/code-quality/cr.mjs.
10:35:03.063 debug: Resolve cc from file:///Users/zhao/Desktop/test/cocos-creator/PlaneFight/assets/Scripts/GameManager.ts as cce:/internal/x/cc.
10:35:03.063 debug: Resolve cc from file:///Users/zhao/Desktop/test/cocos-creator/PlaneFight/assets/Scripts/GameManager.ts as cce:/internal/x/cc.
10:35:03.063 debug: Resolve cc from file:///Users/zhao/Desktop/test/cocos-creator/PlaneFight/assets/Scripts/GameManager.ts as cce:/internal/x/cc.
10:35:03.063 debug: Resolve ./EmemyBox from file:///Users/zhao/Desktop/test/cocos-creator/PlaneFight/assets/Scripts/GameManager.ts as file:///Users/zhao/Desktop/test/cocos-creator/PlaneFight/assets/Scripts/EmemyBox.ts.
10:35:03.066 debug: Target(editor) ends with cost 46.9830419998616ms.
10:35:03.066 debug: Target(preview) build started.
10:35:03.067 debug: Detected change: cce:/internal/x/prerequisite-imports. Last mtime: Thu Jan 01 1970 08:38:16 GMT+0800 (中国标准时间), Current mtime: Thu Jan 01 1970 08:45:00 GMT+0800 (中国标准时间)
10:35:03.067 debug: Inspect cce:/internal/x/prerequisite-imports
10:35:03.072 debug: transform url: 'cce:/internal/x/prerequisite-imports' costs: 5.00 ms
10:35:03.073 debug: Resolve file:///Applications/Cocos/Creator/3.8.6/CocosCreator.app/Contents/Resources/resources/3d/engine/editor/assets/default_renderpipeline/builtin-dof-pass.ts from cce:/internal/x/prerequisite-imports as file:///Applications/Cocos/Creator/3.8.6/CocosCreator.app/Contents/Resources/resources/3d/engine/editor/assets/default_renderpipeline/builtin-dof-pass.ts.
10:35:03.073 debug: Resolve file:///Applications/Cocos/Creator/3.8.6/CocosCreator.app/Contents/Resources/resources/3d/engine/editor/assets/default_renderpipeline/builtin-pipeline-pass.ts from cce:/internal/x/prerequisite-imports as file:///Applications/Cocos/Creator/3.8.6/CocosCreator.app/Contents/Resources/resources/3d/engine/editor/assets/default_renderpipeline/builtin-pipeline-pass.ts.
10:35:03.073 debug: Resolve file:///Applications/Cocos/Creator/3.8.6/CocosCreator.app/Contents/Resources/resources/3d/engine/editor/assets/default_renderpipeline/builtin-pipeline-settings.ts from cce:/internal/x/prerequisite-imports as file:///Applications/Cocos/Creator/3.8.6/CocosCreator.app/Contents/Resources/resources/3d/engine/editor/assets/default_renderpipeline/builtin-pipeline-settings.ts.
10:35:03.073 debug: Resolve file:///Applications/Cocos/Creator/3.8.6/CocosCreator.app/Contents/Resources/resources/3d/engine/editor/assets/default_renderpipeline/builtin-pipeline-types.ts from cce:/internal/x/prerequisite-imports as file:///Applications/Cocos/Creator/3.8.6/CocosCreator.app/Contents/Resources/resources/3d/engine/editor/assets/default_renderpipeline/builtin-pipeline-types.ts.
10:35:03.074 debug: Resolve file:///Applications/Cocos/Creator/3.8.6/CocosCreator.app/Contents/Resources/resources/3d/engine/editor/assets/default_renderpipeline/builtin-pipeline.ts from cce:/internal/x/prerequisite-imports as file:///Applications/Cocos/Creator/3.8.6/CocosCreator.app/Contents/Resources/resources/3d/engine/editor/assets/default_renderpipeline/builtin-pipeline.ts.
10:35:03.074 debug: Resolve file:///Applications/Cocos/Creator/3.8.6/CocosCreator.app/Contents/Resources/resources/3d/engine/editor/assets/tools/debug-view-runtime-control.ts from cce:/internal/x/prerequisite-imports as file:///Applications/Cocos/Creator/3.8.6/CocosCreator.app/Contents/Resources/resources/3d/engine/editor/assets/tools/debug-view-runtime-control.ts.
10:35:03.074 debug: Resolve file:///Users/zhao/Desktop/test/cocos-creator/PlaneFight/assets/Scripts/BgBox.ts from cce:/internal/x/prerequisite-imports as file:///Users/zhao/Desktop/test/cocos-creator/PlaneFight/assets/Scripts/BgBox.ts.
10:35:03.074 debug: Resolve file:///Users/zhao/Desktop/test/cocos-creator/PlaneFight/assets/Scripts/Ememy.ts from cce:/internal/x/prerequisite-imports as file:///Users/zhao/Desktop/test/cocos-creator/PlaneFight/assets/Scripts/Ememy.ts.
10:35:03.074 debug: Detected change: file:///Users/zhao/Desktop/test/cocos-creator/PlaneFight/assets/Scripts/Ememy.ts. Last mtime: Fri Jul 18 2025 10:28:03 GMT+0800 (中国标准时间)@70755476-15f9-41c6-9470-be63e30c18ad, Current mtime: Fri Jul 18 2025 10:34:43 GMT+0800 (中国标准时间)@70755476-15f9-41c6-9470-be63e30c18ad
10:35:03.074 debug: Inspect file:///Users/zhao/Desktop/test/cocos-creator/PlaneFight/assets/Scripts/Ememy.ts
10:35:03.089 debug: transform url: 'file:///Users/zhao/Desktop/test/cocos-creator/PlaneFight/assets/Scripts/Ememy.ts' costs: 15.00 ms
10:35:03.090 debug: Resolve file:///Users/zhao/Desktop/test/cocos-creator/PlaneFight/assets/Scripts/EmemyBox.ts from cce:/internal/x/prerequisite-imports as file:///Users/zhao/Desktop/test/cocos-creator/PlaneFight/assets/Scripts/EmemyBox.ts.
10:35:03.090 debug: Detected change: file:///Users/zhao/Desktop/test/cocos-creator/PlaneFight/assets/Scripts/EmemyBox.ts. Last mtime: Fri Jul 18 2025 10:27:44 GMT+0800 (中国标准时间)@92db9fc8-3289-4a05-8403-d965f95f1cfc, Current mtime: Fri Jul 18 2025 10:35:01 GMT+0800 (中国标准时间)@92db9fc8-3289-4a05-8403-d965f95f1cfc
10:35:03.090 debug: Inspect file:///Users/zhao/Desktop/test/cocos-creator/PlaneFight/assets/Scripts/EmemyBox.ts
10:35:03.109 debug: transform url: 'file:///Users/zhao/Desktop/test/cocos-creator/PlaneFight/assets/Scripts/EmemyBox.ts' costs: 18.90 ms
10:35:03.110 debug: Resolve file:///Users/zhao/Desktop/test/cocos-creator/PlaneFight/assets/Scripts/GameManager.ts from cce:/internal/x/prerequisite-imports as file:///Users/zhao/Desktop/test/cocos-creator/PlaneFight/assets/Scripts/GameManager.ts.
10:35:03.110 debug: Detected change: file:///Users/zhao/Desktop/test/cocos-creator/PlaneFight/assets/Scripts/GameManager.ts. Last mtime: Fri Jul 18 2025 10:16:26 GMT+0800 (中国标准时间)@04b8d335-2cbf-453a-9fb4-20b7d50b6131, Current mtime: Fri Jul 18 2025 10:34:55 GMT+0800 (中国标准时间)@04b8d335-2cbf-453a-9fb4-20b7d50b6131
10:35:03.110 debug: Inspect file:///Users/zhao/Desktop/test/cocos-creator/PlaneFight/assets/Scripts/GameManager.ts
10:35:03.121 debug: transform url: 'file:///Users/zhao/Desktop/test/cocos-creator/PlaneFight/assets/Scripts/GameManager.ts' costs: 11.70 ms
10:35:03.122 debug: Resolve cc from file:///Users/zhao/Desktop/test/cocos-creator/PlaneFight/assets/Scripts/Ememy.ts as cce:/internal/x/cc.
10:35:03.122 debug: Resolve cc from file:///Users/zhao/Desktop/test/cocos-creator/PlaneFight/assets/Scripts/Ememy.ts as cce:/internal/x/cc.
10:35:03.122 debug: Resolve cc from file:///Users/zhao/Desktop/test/cocos-creator/PlaneFight/assets/Scripts/Ememy.ts as cce:/internal/x/cc.
10:35:03.122 debug: Resolve cc from file:///Users/zhao/Desktop/test/cocos-creator/PlaneFight/assets/Scripts/EmemyBox.ts as cce:/internal/x/cc.
10:35:03.122 debug: Resolve cc from file:///Users/zhao/Desktop/test/cocos-creator/PlaneFight/assets/Scripts/EmemyBox.ts as cce:/internal/x/cc.
10:35:03.122 debug: Resolve cc from file:///Users/zhao/Desktop/test/cocos-creator/PlaneFight/assets/Scripts/EmemyBox.ts as cce:/internal/x/cc.
10:35:03.122 debug: Resolve cce:/internal/code-quality/cr.mjs from file:///Users/zhao/Desktop/test/cocos-creator/PlaneFight/assets/Scripts/GameManager.ts as cce:/internal/code-quality/cr.mjs.
10:35:03.122 debug: Resolve cc from file:///Users/zhao/Desktop/test/cocos-creator/PlaneFight/assets/Scripts/GameManager.ts as cce:/internal/x/cc.
10:35:03.122 debug: Resolve cc from file:///Users/zhao/Desktop/test/cocos-creator/PlaneFight/assets/Scripts/GameManager.ts as cce:/internal/x/cc.
10:35:03.122 debug: Resolve cc from file:///Users/zhao/Desktop/test/cocos-creator/PlaneFight/assets/Scripts/GameManager.ts as cce:/internal/x/cc.
10:35:03.122 debug: Resolve ./EmemyBox from file:///Users/zhao/Desktop/test/cocos-creator/PlaneFight/assets/Scripts/GameManager.ts as file:///Users/zhao/Desktop/test/cocos-creator/PlaneFight/assets/Scripts/EmemyBox.ts.
10:35:03.128 debug: Target(preview) ends with cost 62.09800000023097ms.
10:35:42.767 debug: Dispatch build request for time accumulated 1 asset changes.
10:35:42.768 debug: Build iteration starts.
Number of accumulated asset changes: 1
Feature changed: false
10:35:42.768 debug: Target(editor) build started.
10:35:42.769 debug: Detected change: cce:/internal/x/prerequisite-imports. Last mtime: Thu Jan 01 1970 08:45:00 GMT+0800 (中国标准时间), Current mtime: Thu Jan 01 1970 08:45:39 GMT+0800 (中国标准时间)
10:35:42.769 debug: Inspect cce:/internal/x/prerequisite-imports
10:35:42.775 debug: transform url: 'cce:/internal/x/prerequisite-imports' costs: 6.40 ms
10:35:42.776 debug: Resolve file:///Applications/Cocos/Creator/3.8.6/CocosCreator.app/Contents/Resources/resources/3d/engine/editor/assets/default_renderpipeline/builtin-dof-pass.ts from cce:/internal/x/prerequisite-imports as file:///Applications/Cocos/Creator/3.8.6/CocosCreator.app/Contents/Resources/resources/3d/engine/editor/assets/default_renderpipeline/builtin-dof-pass.ts.
10:35:42.776 debug: Resolve file:///Applications/Cocos/Creator/3.8.6/CocosCreator.app/Contents/Resources/resources/3d/engine/editor/assets/default_renderpipeline/builtin-pipeline-pass.ts from cce:/internal/x/prerequisite-imports as file:///Applications/Cocos/Creator/3.8.6/CocosCreator.app/Contents/Resources/resources/3d/engine/editor/assets/default_renderpipeline/builtin-pipeline-pass.ts.
10:35:42.776 debug: Resolve file:///Applications/Cocos/Creator/3.8.6/CocosCreator.app/Contents/Resources/resources/3d/engine/editor/assets/default_renderpipeline/builtin-pipeline-settings.ts from cce:/internal/x/prerequisite-imports as file:///Applications/Cocos/Creator/3.8.6/CocosCreator.app/Contents/Resources/resources/3d/engine/editor/assets/default_renderpipeline/builtin-pipeline-settings.ts.
10:35:42.776 debug: Resolve file:///Applications/Cocos/Creator/3.8.6/CocosCreator.app/Contents/Resources/resources/3d/engine/editor/assets/default_renderpipeline/builtin-pipeline-types.ts from cce:/internal/x/prerequisite-imports as file:///Applications/Cocos/Creator/3.8.6/CocosCreator.app/Contents/Resources/resources/3d/engine/editor/assets/default_renderpipeline/builtin-pipeline-types.ts.
10:35:42.776 debug: Resolve file:///Applications/Cocos/Creator/3.8.6/CocosCreator.app/Contents/Resources/resources/3d/engine/editor/assets/default_renderpipeline/builtin-pipeline.ts from cce:/internal/x/prerequisite-imports as file:///Applications/Cocos/Creator/3.8.6/CocosCreator.app/Contents/Resources/resources/3d/engine/editor/assets/default_renderpipeline/builtin-pipeline.ts.
10:35:42.776 debug: Resolve file:///Applications/Cocos/Creator/3.8.6/CocosCreator.app/Contents/Resources/resources/3d/engine/editor/assets/tools/debug-view-runtime-control.ts from cce:/internal/x/prerequisite-imports as file:///Applications/Cocos/Creator/3.8.6/CocosCreator.app/Contents/Resources/resources/3d/engine/editor/assets/tools/debug-view-runtime-control.ts.
10:35:42.776 debug: Resolve file:///Users/zhao/Desktop/test/cocos-creator/PlaneFight/assets/Scripts/BgBox.ts from cce:/internal/x/prerequisite-imports as file:///Users/zhao/Desktop/test/cocos-creator/PlaneFight/assets/Scripts/BgBox.ts.
10:35:42.776 debug: Resolve file:///Users/zhao/Desktop/test/cocos-creator/PlaneFight/assets/Scripts/Ememy.ts from cce:/internal/x/prerequisite-imports as file:///Users/zhao/Desktop/test/cocos-creator/PlaneFight/assets/Scripts/Ememy.ts.
10:35:42.776 debug: Resolve file:///Users/zhao/Desktop/test/cocos-creator/PlaneFight/assets/Scripts/EmemyBox.ts from cce:/internal/x/prerequisite-imports as file:///Users/zhao/Desktop/test/cocos-creator/PlaneFight/assets/Scripts/EmemyBox.ts.
10:35:42.776 debug: Detected change: file:///Users/zhao/Desktop/test/cocos-creator/PlaneFight/assets/Scripts/EmemyBox.ts. Last mtime: Fri Jul 18 2025 10:35:01 GMT+0800 (中国标准时间)@92db9fc8-3289-4a05-8403-d965f95f1cfc, Current mtime: Fri Jul 18 2025 10:35:41 GMT+0800 (中国标准时间)@92db9fc8-3289-4a05-8403-d965f95f1cfc
10:35:42.776 debug: Inspect file:///Users/zhao/Desktop/test/cocos-creator/PlaneFight/assets/Scripts/EmemyBox.ts
10:35:42.791 debug: transform url: 'file:///Users/zhao/Desktop/test/cocos-creator/PlaneFight/assets/Scripts/EmemyBox.ts' costs: 15.00 ms
10:35:42.792 debug: Resolve file:///Users/zhao/Desktop/test/cocos-creator/PlaneFight/assets/Scripts/GameManager.ts from cce:/internal/x/prerequisite-imports as file:///Users/zhao/Desktop/test/cocos-creator/PlaneFight/assets/Scripts/GameManager.ts.
10:35:42.792 debug: Resolve cc from file:///Users/zhao/Desktop/test/cocos-creator/PlaneFight/assets/Scripts/EmemyBox.ts as cce:/internal/x/cc.
10:35:42.792 debug: Resolve cc from file:///Users/zhao/Desktop/test/cocos-creator/PlaneFight/assets/Scripts/EmemyBox.ts as cce:/internal/x/cc.
10:35:42.792 debug: Resolve cc from file:///Users/zhao/Desktop/test/cocos-creator/PlaneFight/assets/Scripts/EmemyBox.ts as cce:/internal/x/cc.
10:35:42.794 debug: Target(editor) ends with cost 26.085124999750406ms.
10:35:42.794 debug: Target(preview) build started.
10:35:42.795 debug: Detected change: cce:/internal/x/prerequisite-imports. Last mtime: Thu Jan 01 1970 08:45:00 GMT+0800 (中国标准时间), Current mtime: Thu Jan 01 1970 08:45:39 GMT+0800 (中国标准时间)
10:35:42.795 debug: Inspect cce:/internal/x/prerequisite-imports
10:35:42.800 debug: transform url: 'cce:/internal/x/prerequisite-imports' costs: 5.30 ms
10:35:42.801 debug: Resolve file:///Applications/Cocos/Creator/3.8.6/CocosCreator.app/Contents/Resources/resources/3d/engine/editor/assets/default_renderpipeline/builtin-dof-pass.ts from cce:/internal/x/prerequisite-imports as file:///Applications/Cocos/Creator/3.8.6/CocosCreator.app/Contents/Resources/resources/3d/engine/editor/assets/default_renderpipeline/builtin-dof-pass.ts.
10:35:42.801 debug: Resolve file:///Applications/Cocos/Creator/3.8.6/CocosCreator.app/Contents/Resources/resources/3d/engine/editor/assets/default_renderpipeline/builtin-pipeline-pass.ts from cce:/internal/x/prerequisite-imports as file:///Applications/Cocos/Creator/3.8.6/CocosCreator.app/Contents/Resources/resources/3d/engine/editor/assets/default_renderpipeline/builtin-pipeline-pass.ts.
10:35:42.802 debug: Resolve file:///Applications/Cocos/Creator/3.8.6/CocosCreator.app/Contents/Resources/resources/3d/engine/editor/assets/default_renderpipeline/builtin-pipeline-settings.ts from cce:/internal/x/prerequisite-imports as file:///Applications/Cocos/Creator/3.8.6/CocosCreator.app/Contents/Resources/resources/3d/engine/editor/assets/default_renderpipeline/builtin-pipeline-settings.ts.
10:35:42.802 debug: Resolve file:///Applications/Cocos/Creator/3.8.6/CocosCreator.app/Contents/Resources/resources/3d/engine/editor/assets/default_renderpipeline/builtin-pipeline-types.ts from cce:/internal/x/prerequisite-imports as file:///Applications/Cocos/Creator/3.8.6/CocosCreator.app/Contents/Resources/resources/3d/engine/editor/assets/default_renderpipeline/builtin-pipeline-types.ts.
10:35:42.802 debug: Resolve file:///Applications/Cocos/Creator/3.8.6/CocosCreator.app/Contents/Resources/resources/3d/engine/editor/assets/default_renderpipeline/builtin-pipeline.ts from cce:/internal/x/prerequisite-imports as file:///Applications/Cocos/Creator/3.8.6/CocosCreator.app/Contents/Resources/resources/3d/engine/editor/assets/default_renderpipeline/builtin-pipeline.ts.
10:35:42.802 debug: Resolve file:///Applications/Cocos/Creator/3.8.6/CocosCreator.app/Contents/Resources/resources/3d/engine/editor/assets/tools/debug-view-runtime-control.ts from cce:/internal/x/prerequisite-imports as file:///Applications/Cocos/Creator/3.8.6/CocosCreator.app/Contents/Resources/resources/3d/engine/editor/assets/tools/debug-view-runtime-control.ts.
10:35:42.802 debug: Resolve file:///Users/zhao/Desktop/test/cocos-creator/PlaneFight/assets/Scripts/BgBox.ts from cce:/internal/x/prerequisite-imports as file:///Users/zhao/Desktop/test/cocos-creator/PlaneFight/assets/Scripts/BgBox.ts.
10:35:42.802 debug: Resolve file:///Users/zhao/Desktop/test/cocos-creator/PlaneFight/assets/Scripts/Ememy.ts from cce:/internal/x/prerequisite-imports as file:///Users/zhao/Desktop/test/cocos-creator/PlaneFight/assets/Scripts/Ememy.ts.
10:35:42.802 debug: Resolve file:///Users/zhao/Desktop/test/cocos-creator/PlaneFight/assets/Scripts/EmemyBox.ts from cce:/internal/x/prerequisite-imports as file:///Users/zhao/Desktop/test/cocos-creator/PlaneFight/assets/Scripts/EmemyBox.ts.
10:35:42.802 debug: Detected change: file:///Users/zhao/Desktop/test/cocos-creator/PlaneFight/assets/Scripts/EmemyBox.ts. Last mtime: Fri Jul 18 2025 10:35:01 GMT+0800 (中国标准时间)@92db9fc8-3289-4a05-8403-d965f95f1cfc, Current mtime: Fri Jul 18 2025 10:35:41 GMT+0800 (中国标准时间)@92db9fc8-3289-4a05-8403-d965f95f1cfc
10:35:42.802 debug: Inspect file:///Users/zhao/Desktop/test/cocos-creator/PlaneFight/assets/Scripts/EmemyBox.ts
10:35:42.825 debug: transform url: 'file:///Users/zhao/Desktop/test/cocos-creator/PlaneFight/assets/Scripts/EmemyBox.ts' costs: 22.70 ms
10:35:42.826 debug: Resolve file:///Users/zhao/Desktop/test/cocos-creator/PlaneFight/assets/Scripts/GameManager.ts from cce:/internal/x/prerequisite-imports as file:///Users/zhao/Desktop/test/cocos-creator/PlaneFight/assets/Scripts/GameManager.ts.
10:35:42.826 debug: Resolve cc from file:///Users/zhao/Desktop/test/cocos-creator/PlaneFight/assets/Scripts/EmemyBox.ts as cce:/internal/x/cc.
10:35:42.826 debug: Resolve cc from file:///Users/zhao/Desktop/test/cocos-creator/PlaneFight/assets/Scripts/EmemyBox.ts as cce:/internal/x/cc.
10:35:42.826 debug: Resolve cc from file:///Users/zhao/Desktop/test/cocos-creator/PlaneFight/assets/Scripts/EmemyBox.ts as cce:/internal/x/cc.
10:35:42.831 debug: Target(preview) ends with cost 37.19454099982977ms.
10:36:14.650 debug: Dispatch build request for time accumulated 1 asset changes.
10:36:14.652 debug: Build iteration starts.
Number of accumulated asset changes: 1
Feature changed: false
10:36:14.652 debug: Target(editor) build started.
10:36:14.654 debug: Detected change: cce:/internal/x/prerequisite-imports. Last mtime: Thu Jan 01 1970 08:45:39 GMT+0800 (中国标准时间), Current mtime: Thu Jan 01 1970 08:46:11 GMT+0800 (中国标准时间)
10:36:14.654 debug: Inspect cce:/internal/x/prerequisite-imports
10:36:14.664 debug: transform url: 'cce:/internal/x/prerequisite-imports' costs: 10.30 ms
10:36:14.665 debug: Resolve file:///Applications/Cocos/Creator/3.8.6/CocosCreator.app/Contents/Resources/resources/3d/engine/editor/assets/default_renderpipeline/builtin-dof-pass.ts from cce:/internal/x/prerequisite-imports as file:///Applications/Cocos/Creator/3.8.6/CocosCreator.app/Contents/Resources/resources/3d/engine/editor/assets/default_renderpipeline/builtin-dof-pass.ts.
10:36:14.665 debug: Resolve file:///Applications/Cocos/Creator/3.8.6/CocosCreator.app/Contents/Resources/resources/3d/engine/editor/assets/default_renderpipeline/builtin-pipeline-pass.ts from cce:/internal/x/prerequisite-imports as file:///Applications/Cocos/Creator/3.8.6/CocosCreator.app/Contents/Resources/resources/3d/engine/editor/assets/default_renderpipeline/builtin-pipeline-pass.ts.
10:36:14.665 debug: Resolve file:///Applications/Cocos/Creator/3.8.6/CocosCreator.app/Contents/Resources/resources/3d/engine/editor/assets/default_renderpipeline/builtin-pipeline-settings.ts from cce:/internal/x/prerequisite-imports as file:///Applications/Cocos/Creator/3.8.6/CocosCreator.app/Contents/Resources/resources/3d/engine/editor/assets/default_renderpipeline/builtin-pipeline-settings.ts.
10:36:14.665 debug: Resolve file:///Applications/Cocos/Creator/3.8.6/CocosCreator.app/Contents/Resources/resources/3d/engine/editor/assets/default_renderpipeline/builtin-pipeline-types.ts from cce:/internal/x/prerequisite-imports as file:///Applications/Cocos/Creator/3.8.6/CocosCreator.app/Contents/Resources/resources/3d/engine/editor/assets/default_renderpipeline/builtin-pipeline-types.ts.
10:36:14.666 debug: Resolve file:///Applications/Cocos/Creator/3.8.6/CocosCreator.app/Contents/Resources/resources/3d/engine/editor/assets/default_renderpipeline/builtin-pipeline.ts from cce:/internal/x/prerequisite-imports as file:///Applications/Cocos/Creator/3.8.6/CocosCreator.app/Contents/Resources/resources/3d/engine/editor/assets/default_renderpipeline/builtin-pipeline.ts.
10:36:14.666 debug: Resolve file:///Applications/Cocos/Creator/3.8.6/CocosCreator.app/Contents/Resources/resources/3d/engine/editor/assets/tools/debug-view-runtime-control.ts from cce:/internal/x/prerequisite-imports as file:///Applications/Cocos/Creator/3.8.6/CocosCreator.app/Contents/Resources/resources/3d/engine/editor/assets/tools/debug-view-runtime-control.ts.
10:36:14.666 debug: Resolve file:///Users/zhao/Desktop/test/cocos-creator/PlaneFight/assets/Scripts/BgBox.ts from cce:/internal/x/prerequisite-imports as file:///Users/zhao/Desktop/test/cocos-creator/PlaneFight/assets/Scripts/BgBox.ts.
10:36:14.666 debug: Resolve file:///Users/zhao/Desktop/test/cocos-creator/PlaneFight/assets/Scripts/Ememy.ts from cce:/internal/x/prerequisite-imports as file:///Users/zhao/Desktop/test/cocos-creator/PlaneFight/assets/Scripts/Ememy.ts.
10:36:14.666 debug: Resolve file:///Users/zhao/Desktop/test/cocos-creator/PlaneFight/assets/Scripts/EmemyBox.ts from cce:/internal/x/prerequisite-imports as file:///Users/zhao/Desktop/test/cocos-creator/PlaneFight/assets/Scripts/EmemyBox.ts.
10:36:14.666 debug: Detected change: file:///Users/zhao/Desktop/test/cocos-creator/PlaneFight/assets/Scripts/EmemyBox.ts. Last mtime: Fri Jul 18 2025 10:35:41 GMT+0800 (中国标准时间)@92db9fc8-3289-4a05-8403-d965f95f1cfc, Current mtime: Fri Jul 18 2025 10:36:14 GMT+0800 (中国标准时间)@92db9fc8-3289-4a05-8403-d965f95f1cfc
10:36:14.666 debug: Inspect file:///Users/zhao/Desktop/test/cocos-creator/PlaneFight/assets/Scripts/EmemyBox.ts
10:36:14.680 debug: transform url: 'file:///Users/zhao/Desktop/test/cocos-creator/PlaneFight/assets/Scripts/EmemyBox.ts' costs: 13.50 ms
10:36:14.681 debug: Resolve file:///Users/zhao/Desktop/test/cocos-creator/PlaneFight/assets/Scripts/GameManager.ts from cce:/internal/x/prerequisite-imports as file:///Users/zhao/Desktop/test/cocos-creator/PlaneFight/assets/Scripts/GameManager.ts.
10:36:14.681 debug: Resolve cc from file:///Users/zhao/Desktop/test/cocos-creator/PlaneFight/assets/Scripts/EmemyBox.ts as cce:/internal/x/cc.
10:36:14.681 debug: Resolve cc from file:///Users/zhao/Desktop/test/cocos-creator/PlaneFight/assets/Scripts/EmemyBox.ts as cce:/internal/x/cc.
10:36:14.681 debug: Resolve cc from file:///Users/zhao/Desktop/test/cocos-creator/PlaneFight/assets/Scripts/EmemyBox.ts as cce:/internal/x/cc.
10:36:14.683 debug: Target(editor) ends with cost 31.213791999965906ms.
10:36:14.683 debug: Target(preview) build started.
10:36:14.684 debug: Detected change: cce:/internal/x/prerequisite-imports. Last mtime: Thu Jan 01 1970 08:45:39 GMT+0800 (中国标准时间), Current mtime: Thu Jan 01 1970 08:46:11 GMT+0800 (中国标准时间)
10:36:14.684 debug: Inspect cce:/internal/x/prerequisite-imports
10:36:14.689 debug: transform url: 'cce:/internal/x/prerequisite-imports' costs: 5.10 ms
10:36:14.689 debug: Resolve file:///Applications/Cocos/Creator/3.8.6/CocosCreator.app/Contents/Resources/resources/3d/engine/editor/assets/default_renderpipeline/builtin-dof-pass.ts from cce:/internal/x/prerequisite-imports as file:///Applications/Cocos/Creator/3.8.6/CocosCreator.app/Contents/Resources/resources/3d/engine/editor/assets/default_renderpipeline/builtin-dof-pass.ts.
10:36:14.690 debug: Resolve file:///Applications/Cocos/Creator/3.8.6/CocosCreator.app/Contents/Resources/resources/3d/engine/editor/assets/default_renderpipeline/builtin-pipeline-pass.ts from cce:/internal/x/prerequisite-imports as file:///Applications/Cocos/Creator/3.8.6/CocosCreator.app/Contents/Resources/resources/3d/engine/editor/assets/default_renderpipeline/builtin-pipeline-pass.ts.
10:36:14.690 debug: Resolve file:///Applications/Cocos/Creator/3.8.6/CocosCreator.app/Contents/Resources/resources/3d/engine/editor/assets/default_renderpipeline/builtin-pipeline-settings.ts from cce:/internal/x/prerequisite-imports as file:///Applications/Cocos/Creator/3.8.6/CocosCreator.app/Contents/Resources/resources/3d/engine/editor/assets/default_renderpipeline/builtin-pipeline-settings.ts.
10:36:14.690 debug: Resolve file:///Applications/Cocos/Creator/3.8.6/CocosCreator.app/Contents/Resources/resources/3d/engine/editor/assets/default_renderpipeline/builtin-pipeline-types.ts from cce:/internal/x/prerequisite-imports as file:///Applications/Cocos/Creator/3.8.6/CocosCreator.app/Contents/Resources/resources/3d/engine/editor/assets/default_renderpipeline/builtin-pipeline-types.ts.
10:36:14.690 debug: Resolve file:///Applications/Cocos/Creator/3.8.6/CocosCreator.app/Contents/Resources/resources/3d/engine/editor/assets/default_renderpipeline/builtin-pipeline.ts from cce:/internal/x/prerequisite-imports as file:///Applications/Cocos/Creator/3.8.6/CocosCreator.app/Contents/Resources/resources/3d/engine/editor/assets/default_renderpipeline/builtin-pipeline.ts.
10:36:14.690 debug: Resolve file:///Applications/Cocos/Creator/3.8.6/CocosCreator.app/Contents/Resources/resources/3d/engine/editor/assets/tools/debug-view-runtime-control.ts from cce:/internal/x/prerequisite-imports as file:///Applications/Cocos/Creator/3.8.6/CocosCreator.app/Contents/Resources/resources/3d/engine/editor/assets/tools/debug-view-runtime-control.ts.
10:36:14.690 debug: Resolve file:///Users/zhao/Desktop/test/cocos-creator/PlaneFight/assets/Scripts/BgBox.ts from cce:/internal/x/prerequisite-imports as file:///Users/zhao/Desktop/test/cocos-creator/PlaneFight/assets/Scripts/BgBox.ts.
10:36:14.690 debug: Resolve file:///Users/zhao/Desktop/test/cocos-creator/PlaneFight/assets/Scripts/Ememy.ts from cce:/internal/x/prerequisite-imports as file:///Users/zhao/Desktop/test/cocos-creator/PlaneFight/assets/Scripts/Ememy.ts.
10:36:14.690 debug: Resolve file:///Users/zhao/Desktop/test/cocos-creator/PlaneFight/assets/Scripts/EmemyBox.ts from cce:/internal/x/prerequisite-imports as file:///Users/zhao/Desktop/test/cocos-creator/PlaneFight/assets/Scripts/EmemyBox.ts.
10:36:14.690 debug: Detected change: file:///Users/zhao/Desktop/test/cocos-creator/PlaneFight/assets/Scripts/EmemyBox.ts. Last mtime: Fri Jul 18 2025 10:35:41 GMT+0800 (中国标准时间)@92db9fc8-3289-4a05-8403-d965f95f1cfc, Current mtime: Fri Jul 18 2025 10:36:14 GMT+0800 (中国标准时间)@92db9fc8-3289-4a05-8403-d965f95f1cfc
10:36:14.690 debug: Inspect file:///Users/zhao/Desktop/test/cocos-creator/PlaneFight/assets/Scripts/EmemyBox.ts
10:36:14.709 debug: transform url: 'file:///Users/zhao/Desktop/test/cocos-creator/PlaneFight/assets/Scripts/EmemyBox.ts' costs: 18.40 ms
10:36:14.710 debug: Resolve file:///Users/zhao/Desktop/test/cocos-creator/PlaneFight/assets/Scripts/GameManager.ts from cce:/internal/x/prerequisite-imports as file:///Users/zhao/Desktop/test/cocos-creator/PlaneFight/assets/Scripts/GameManager.ts.
10:36:14.710 debug: Resolve cc from file:///Users/zhao/Desktop/test/cocos-creator/PlaneFight/assets/Scripts/EmemyBox.ts as cce:/internal/x/cc.
10:36:14.710 debug: Resolve cc from file:///Users/zhao/Desktop/test/cocos-creator/PlaneFight/assets/Scripts/EmemyBox.ts as cce:/internal/x/cc.
10:36:14.711 debug: Resolve cc from file:///Users/zhao/Desktop/test/cocos-creator/PlaneFight/assets/Scripts/EmemyBox.ts as cce:/internal/x/cc.
10:36:14.713 debug: Target(preview) ends with cost 29.459583000279963ms.
10:36:34.531 debug: Dispatch build request for time accumulated 1 asset changes.
10:36:34.532 debug: Build iteration starts.
Number of accumulated asset changes: 1
Feature changed: false
10:36:34.532 debug: Target(editor) build started.
10:36:34.533 debug: Detected change: cce:/internal/x/prerequisite-imports. Last mtime: Thu Jan 01 1970 08:46:11 GMT+0800 (中国标准时间), Current mtime: Thu Jan 01 1970 08:46:31 GMT+0800 (中国标准时间)
10:36:34.533 debug: Inspect cce:/internal/x/prerequisite-imports
10:36:34.537 debug: transform url: 'cce:/internal/x/prerequisite-imports' costs: 4.00 ms
10:36:34.538 debug: Resolve file:///Applications/Cocos/Creator/3.8.6/CocosCreator.app/Contents/Resources/resources/3d/engine/editor/assets/default_renderpipeline/builtin-dof-pass.ts from cce:/internal/x/prerequisite-imports as file:///Applications/Cocos/Creator/3.8.6/CocosCreator.app/Contents/Resources/resources/3d/engine/editor/assets/default_renderpipeline/builtin-dof-pass.ts.
10:36:34.538 debug: Resolve file:///Applications/Cocos/Creator/3.8.6/CocosCreator.app/Contents/Resources/resources/3d/engine/editor/assets/default_renderpipeline/builtin-pipeline-pass.ts from cce:/internal/x/prerequisite-imports as file:///Applications/Cocos/Creator/3.8.6/CocosCreator.app/Contents/Resources/resources/3d/engine/editor/assets/default_renderpipeline/builtin-pipeline-pass.ts.
10:36:34.538 debug: Resolve file:///Applications/Cocos/Creator/3.8.6/CocosCreator.app/Contents/Resources/resources/3d/engine/editor/assets/default_renderpipeline/builtin-pipeline-settings.ts from cce:/internal/x/prerequisite-imports as file:///Applications/Cocos/Creator/3.8.6/CocosCreator.app/Contents/Resources/resources/3d/engine/editor/assets/default_renderpipeline/builtin-pipeline-settings.ts.
10:36:34.538 debug: Resolve file:///Applications/Cocos/Creator/3.8.6/CocosCreator.app/Contents/Resources/resources/3d/engine/editor/assets/default_renderpipeline/builtin-pipeline-types.ts from cce:/internal/x/prerequisite-imports as file:///Applications/Cocos/Creator/3.8.6/CocosCreator.app/Contents/Resources/resources/3d/engine/editor/assets/default_renderpipeline/builtin-pipeline-types.ts.
10:36:34.538 debug: Resolve file:///Applications/Cocos/Creator/3.8.6/CocosCreator.app/Contents/Resources/resources/3d/engine/editor/assets/default_renderpipeline/builtin-pipeline.ts from cce:/internal/x/prerequisite-imports as file:///Applications/Cocos/Creator/3.8.6/CocosCreator.app/Contents/Resources/resources/3d/engine/editor/assets/default_renderpipeline/builtin-pipeline.ts.
10:36:34.538 debug: Resolve file:///Applications/Cocos/Creator/3.8.6/CocosCreator.app/Contents/Resources/resources/3d/engine/editor/assets/tools/debug-view-runtime-control.ts from cce:/internal/x/prerequisite-imports as file:///Applications/Cocos/Creator/3.8.6/CocosCreator.app/Contents/Resources/resources/3d/engine/editor/assets/tools/debug-view-runtime-control.ts.
10:36:34.538 debug: Resolve file:///Users/zhao/Desktop/test/cocos-creator/PlaneFight/assets/Scripts/BgBox.ts from cce:/internal/x/prerequisite-imports as file:///Users/zhao/Desktop/test/cocos-creator/PlaneFight/assets/Scripts/BgBox.ts.
10:36:34.538 debug: Resolve file:///Users/zhao/Desktop/test/cocos-creator/PlaneFight/assets/Scripts/Ememy.ts from cce:/internal/x/prerequisite-imports as file:///Users/zhao/Desktop/test/cocos-creator/PlaneFight/assets/Scripts/Ememy.ts.
10:36:34.538 debug: Resolve file:///Users/zhao/Desktop/test/cocos-creator/PlaneFight/assets/Scripts/EmemyBox.ts from cce:/internal/x/prerequisite-imports as file:///Users/zhao/Desktop/test/cocos-creator/PlaneFight/assets/Scripts/EmemyBox.ts.
10:36:34.538 debug: Detected change: file:///Users/zhao/Desktop/test/cocos-creator/PlaneFight/assets/Scripts/EmemyBox.ts. Last mtime: Fri Jul 18 2025 10:36:14 GMT+0800 (中国标准时间)@92db9fc8-3289-4a05-8403-d965f95f1cfc, Current mtime: Fri Jul 18 2025 10:36:33 GMT+0800 (中国标准时间)@92db9fc8-3289-4a05-8403-d965f95f1cfc
10:36:34.538 debug: Inspect file:///Users/zhao/Desktop/test/cocos-creator/PlaneFight/assets/Scripts/EmemyBox.ts
10:36:34.548 debug: transform url: 'file:///Users/zhao/Desktop/test/cocos-creator/PlaneFight/assets/Scripts/EmemyBox.ts' costs: 9.80 ms
10:36:34.549 debug: Resolve file:///Users/zhao/Desktop/test/cocos-creator/PlaneFight/assets/Scripts/GameManager.ts from cce:/internal/x/prerequisite-imports as file:///Users/zhao/Desktop/test/cocos-creator/PlaneFight/assets/Scripts/GameManager.ts.
10:36:34.549 debug: Resolve cc from file:///Users/zhao/Desktop/test/cocos-creator/PlaneFight/assets/Scripts/EmemyBox.ts as cce:/internal/x/cc.
10:36:34.549 debug: Resolve cc from file:///Users/zhao/Desktop/test/cocos-creator/PlaneFight/assets/Scripts/EmemyBox.ts as cce:/internal/x/cc.
10:36:34.549 debug: Resolve cc from file:///Users/zhao/Desktop/test/cocos-creator/PlaneFight/assets/Scripts/EmemyBox.ts as cce:/internal/x/cc.
10:36:34.551 debug: Target(editor) ends with cost 18.52308400021866ms.
10:36:34.551 debug: Target(preview) build started.
10:36:34.551 debug: Detected change: cce:/internal/x/prerequisite-imports. Last mtime: Thu Jan 01 1970 08:46:11 GMT+0800 (中国标准时间), Current mtime: Thu Jan 01 1970 08:46:31 GMT+0800 (中国标准时间)
10:36:34.551 debug: Inspect cce:/internal/x/prerequisite-imports
10:36:34.556 debug: transform url: 'cce:/internal/x/prerequisite-imports' costs: 4.60 ms
10:36:34.556 debug: Resolve file:///Applications/Cocos/Creator/3.8.6/CocosCreator.app/Contents/Resources/resources/3d/engine/editor/assets/default_renderpipeline/builtin-dof-pass.ts from cce:/internal/x/prerequisite-imports as file:///Applications/Cocos/Creator/3.8.6/CocosCreator.app/Contents/Resources/resources/3d/engine/editor/assets/default_renderpipeline/builtin-dof-pass.ts.
10:36:34.557 debug: Resolve file:///Applications/Cocos/Creator/3.8.6/CocosCreator.app/Contents/Resources/resources/3d/engine/editor/assets/default_renderpipeline/builtin-pipeline-pass.ts from cce:/internal/x/prerequisite-imports as file:///Applications/Cocos/Creator/3.8.6/CocosCreator.app/Contents/Resources/resources/3d/engine/editor/assets/default_renderpipeline/builtin-pipeline-pass.ts.
10:36:34.557 debug: Resolve file:///Applications/Cocos/Creator/3.8.6/CocosCreator.app/Contents/Resources/resources/3d/engine/editor/assets/default_renderpipeline/builtin-pipeline-settings.ts from cce:/internal/x/prerequisite-imports as file:///Applications/Cocos/Creator/3.8.6/CocosCreator.app/Contents/Resources/resources/3d/engine/editor/assets/default_renderpipeline/builtin-pipeline-settings.ts.
10:36:34.557 debug: Resolve file:///Applications/Cocos/Creator/3.8.6/CocosCreator.app/Contents/Resources/resources/3d/engine/editor/assets/default_renderpipeline/builtin-pipeline-types.ts from cce:/internal/x/prerequisite-imports as file:///Applications/Cocos/Creator/3.8.6/CocosCreator.app/Contents/Resources/resources/3d/engine/editor/assets/default_renderpipeline/builtin-pipeline-types.ts.
10:36:34.557 debug: Resolve file:///Applications/Cocos/Creator/3.8.6/CocosCreator.app/Contents/Resources/resources/3d/engine/editor/assets/default_renderpipeline/builtin-pipeline.ts from cce:/internal/x/prerequisite-imports as file:///Applications/Cocos/Creator/3.8.6/CocosCreator.app/Contents/Resources/resources/3d/engine/editor/assets/default_renderpipeline/builtin-pipeline.ts.
10:36:34.557 debug: Resolve file:///Applications/Cocos/Creator/3.8.6/CocosCreator.app/Contents/Resources/resources/3d/engine/editor/assets/tools/debug-view-runtime-control.ts from cce:/internal/x/prerequisite-imports as file:///Applications/Cocos/Creator/3.8.6/CocosCreator.app/Contents/Resources/resources/3d/engine/editor/assets/tools/debug-view-runtime-control.ts.
10:36:34.557 debug: Resolve file:///Users/zhao/Desktop/test/cocos-creator/PlaneFight/assets/Scripts/BgBox.ts from cce:/internal/x/prerequisite-imports as file:///Users/zhao/Desktop/test/cocos-creator/PlaneFight/assets/Scripts/BgBox.ts.
10:36:34.557 debug: Resolve file:///Users/zhao/Desktop/test/cocos-creator/PlaneFight/assets/Scripts/Ememy.ts from cce:/internal/x/prerequisite-imports as file:///Users/zhao/Desktop/test/cocos-creator/PlaneFight/assets/Scripts/Ememy.ts.
10:36:34.557 debug: Resolve file:///Users/zhao/Desktop/test/cocos-creator/PlaneFight/assets/Scripts/EmemyBox.ts from cce:/internal/x/prerequisite-imports as file:///Users/zhao/Desktop/test/cocos-creator/PlaneFight/assets/Scripts/EmemyBox.ts.
10:36:34.557 debug: Detected change: file:///Users/zhao/Desktop/test/cocos-creator/PlaneFight/assets/Scripts/EmemyBox.ts. Last mtime: Fri Jul 18 2025 10:36:14 GMT+0800 (中国标准时间)@92db9fc8-3289-4a05-8403-d965f95f1cfc, Current mtime: Fri Jul 18 2025 10:36:33 GMT+0800 (中国标准时间)@92db9fc8-3289-4a05-8403-d965f95f1cfc
10:36:34.557 debug: Inspect file:///Users/zhao/Desktop/test/cocos-creator/PlaneFight/assets/Scripts/EmemyBox.ts
10:36:34.575 debug: transform url: 'file:///Users/zhao/Desktop/test/cocos-creator/PlaneFight/assets/Scripts/EmemyBox.ts' costs: 17.60 ms
10:36:34.576 debug: Resolve file:///Users/zhao/Desktop/test/cocos-creator/PlaneFight/assets/Scripts/GameManager.ts from cce:/internal/x/prerequisite-imports as file:///Users/zhao/Desktop/test/cocos-creator/PlaneFight/assets/Scripts/GameManager.ts.
10:36:34.576 debug: Resolve cc from file:///Users/zhao/Desktop/test/cocos-creator/PlaneFight/assets/Scripts/EmemyBox.ts as cce:/internal/x/cc.
10:36:34.577 debug: Resolve cc from file:///Users/zhao/Desktop/test/cocos-creator/PlaneFight/assets/Scripts/EmemyBox.ts as cce:/internal/x/cc.
10:36:34.577 debug: Resolve cc from file:///Users/zhao/Desktop/test/cocos-creator/PlaneFight/assets/Scripts/EmemyBox.ts as cce:/internal/x/cc.
10:36:34.619 debug: Target(preview) ends with cost 68.05129200033844ms.
10:37:01.393 debug: Dispatch build request for time accumulated 1 asset changes.
10:37:01.394 debug: Build iteration starts.
Number of accumulated asset changes: 1
Feature changed: false
10:37:01.394 debug: Target(editor) build started.
10:37:01.395 debug: Detected change: cce:/internal/x/prerequisite-imports. Last mtime: Thu Jan 01 1970 08:46:31 GMT+0800 (中国标准时间), Current mtime: Thu Jan 01 1970 08:46:58 GMT+0800 (中国标准时间)
10:37:01.395 debug: Inspect cce:/internal/x/prerequisite-imports
10:37:01.399 debug: transform url: 'cce:/internal/x/prerequisite-imports' costs: 4.10 ms
10:37:01.400 debug: Resolve file:///Applications/Cocos/Creator/3.8.6/CocosCreator.app/Contents/Resources/resources/3d/engine/editor/assets/default_renderpipeline/builtin-dof-pass.ts from cce:/internal/x/prerequisite-imports as file:///Applications/Cocos/Creator/3.8.6/CocosCreator.app/Contents/Resources/resources/3d/engine/editor/assets/default_renderpipeline/builtin-dof-pass.ts.
10:37:01.400 debug: Resolve file:///Applications/Cocos/Creator/3.8.6/CocosCreator.app/Contents/Resources/resources/3d/engine/editor/assets/default_renderpipeline/builtin-pipeline-pass.ts from cce:/internal/x/prerequisite-imports as file:///Applications/Cocos/Creator/3.8.6/CocosCreator.app/Contents/Resources/resources/3d/engine/editor/assets/default_renderpipeline/builtin-pipeline-pass.ts.
10:37:01.400 debug: Resolve file:///Applications/Cocos/Creator/3.8.6/CocosCreator.app/Contents/Resources/resources/3d/engine/editor/assets/default_renderpipeline/builtin-pipeline-settings.ts from cce:/internal/x/prerequisite-imports as file:///Applications/Cocos/Creator/3.8.6/CocosCreator.app/Contents/Resources/resources/3d/engine/editor/assets/default_renderpipeline/builtin-pipeline-settings.ts.
10:37:01.400 debug: Resolve file:///Applications/Cocos/Creator/3.8.6/CocosCreator.app/Contents/Resources/resources/3d/engine/editor/assets/default_renderpipeline/builtin-pipeline-types.ts from cce:/internal/x/prerequisite-imports as file:///Applications/Cocos/Creator/3.8.6/CocosCreator.app/Contents/Resources/resources/3d/engine/editor/assets/default_renderpipeline/builtin-pipeline-types.ts.
10:37:01.400 debug: Resolve file:///Applications/Cocos/Creator/3.8.6/CocosCreator.app/Contents/Resources/resources/3d/engine/editor/assets/default_renderpipeline/builtin-pipeline.ts from cce:/internal/x/prerequisite-imports as file:///Applications/Cocos/Creator/3.8.6/CocosCreator.app/Contents/Resources/resources/3d/engine/editor/assets/default_renderpipeline/builtin-pipeline.ts.
10:37:01.400 debug: Resolve file:///Applications/Cocos/Creator/3.8.6/CocosCreator.app/Contents/Resources/resources/3d/engine/editor/assets/tools/debug-view-runtime-control.ts from cce:/internal/x/prerequisite-imports as file:///Applications/Cocos/Creator/3.8.6/CocosCreator.app/Contents/Resources/resources/3d/engine/editor/assets/tools/debug-view-runtime-control.ts.
10:37:01.400 debug: Resolve file:///Users/zhao/Desktop/test/cocos-creator/PlaneFight/assets/Scripts/BgBox.ts from cce:/internal/x/prerequisite-imports as file:///Users/zhao/Desktop/test/cocos-creator/PlaneFight/assets/Scripts/BgBox.ts.
10:37:01.400 debug: Resolve file:///Users/zhao/Desktop/test/cocos-creator/PlaneFight/assets/Scripts/Ememy.ts from cce:/internal/x/prerequisite-imports as file:///Users/zhao/Desktop/test/cocos-creator/PlaneFight/assets/Scripts/Ememy.ts.
10:37:01.400 debug: Resolve file:///Users/zhao/Desktop/test/cocos-creator/PlaneFight/assets/Scripts/EmemyBox.ts from cce:/internal/x/prerequisite-imports as file:///Users/zhao/Desktop/test/cocos-creator/PlaneFight/assets/Scripts/EmemyBox.ts.
10:37:01.400 debug: Detected change: file:///Users/zhao/Desktop/test/cocos-creator/PlaneFight/assets/Scripts/EmemyBox.ts. Last mtime: Fri Jul 18 2025 10:36:33 GMT+0800 (中国标准时间)@92db9fc8-3289-4a05-8403-d965f95f1cfc, Current mtime: Fri Jul 18 2025 10:37:00 GMT+0800 (中国标准时间)@92db9fc8-3289-4a05-8403-d965f95f1cfc
10:37:01.400 debug: Inspect file:///Users/zhao/Desktop/test/cocos-creator/PlaneFight/assets/Scripts/EmemyBox.ts
10:37:01.410 debug: transform url: 'file:///Users/zhao/Desktop/test/cocos-creator/PlaneFight/assets/Scripts/EmemyBox.ts' costs: 10.60 ms
10:37:01.411 debug: Resolve file:///Users/zhao/Desktop/test/cocos-creator/PlaneFight/assets/Scripts/GameManager.ts from cce:/internal/x/prerequisite-imports as file:///Users/zhao/Desktop/test/cocos-creator/PlaneFight/assets/Scripts/GameManager.ts.
10:37:01.411 debug: Resolve cc from file:///Users/zhao/Desktop/test/cocos-creator/PlaneFight/assets/Scripts/EmemyBox.ts as cce:/internal/x/cc.
10:37:01.411 debug: Resolve cc from file:///Users/zhao/Desktop/test/cocos-creator/PlaneFight/assets/Scripts/EmemyBox.ts as cce:/internal/x/cc.
10:37:01.411 debug: Resolve cc from file:///Users/zhao/Desktop/test/cocos-creator/PlaneFight/assets/Scripts/EmemyBox.ts as cce:/internal/x/cc.
10:37:01.414 debug: Target(editor) ends with cost 20.150124999694526ms.
10:37:01.414 debug: Target(preview) build started.
10:37:01.415 debug: Detected change: cce:/internal/x/prerequisite-imports. Last mtime: Thu Jan 01 1970 08:46:31 GMT+0800 (中国标准时间), Current mtime: Thu Jan 01 1970 08:46:58 GMT+0800 (中国标准时间)
10:37:01.415 debug: Inspect cce:/internal/x/prerequisite-imports
10:37:01.419 debug: transform url: 'cce:/internal/x/prerequisite-imports' costs: 3.90 ms
10:37:01.419 debug: Resolve file:///Applications/Cocos/Creator/3.8.6/CocosCreator.app/Contents/Resources/resources/3d/engine/editor/assets/default_renderpipeline/builtin-dof-pass.ts from cce:/internal/x/prerequisite-imports as file:///Applications/Cocos/Creator/3.8.6/CocosCreator.app/Contents/Resources/resources/3d/engine/editor/assets/default_renderpipeline/builtin-dof-pass.ts.
10:37:01.420 debug: Resolve file:///Applications/Cocos/Creator/3.8.6/CocosCreator.app/Contents/Resources/resources/3d/engine/editor/assets/default_renderpipeline/builtin-pipeline-pass.ts from cce:/internal/x/prerequisite-imports as file:///Applications/Cocos/Creator/3.8.6/CocosCreator.app/Contents/Resources/resources/3d/engine/editor/assets/default_renderpipeline/builtin-pipeline-pass.ts.
10:37:01.420 debug: Resolve file:///Applications/Cocos/Creator/3.8.6/CocosCreator.app/Contents/Resources/resources/3d/engine/editor/assets/default_renderpipeline/builtin-pipeline-settings.ts from cce:/internal/x/prerequisite-imports as file:///Applications/Cocos/Creator/3.8.6/CocosCreator.app/Contents/Resources/resources/3d/engine/editor/assets/default_renderpipeline/builtin-pipeline-settings.ts.
10:37:01.420 debug: Resolve file:///Applications/Cocos/Creator/3.8.6/CocosCreator.app/Contents/Resources/resources/3d/engine/editor/assets/default_renderpipeline/builtin-pipeline-types.ts from cce:/internal/x/prerequisite-imports as file:///Applications/Cocos/Creator/3.8.6/CocosCreator.app/Contents/Resources/resources/3d/engine/editor/assets/default_renderpipeline/builtin-pipeline-types.ts.
10:37:01.420 debug: Resolve file:///Applications/Cocos/Creator/3.8.6/CocosCreator.app/Contents/Resources/resources/3d/engine/editor/assets/default_renderpipeline/builtin-pipeline.ts from cce:/internal/x/prerequisite-imports as file:///Applications/Cocos/Creator/3.8.6/CocosCreator.app/Contents/Resources/resources/3d/engine/editor/assets/default_renderpipeline/builtin-pipeline.ts.
10:37:01.420 debug: Resolve file:///Applications/Cocos/Creator/3.8.6/CocosCreator.app/Contents/Resources/resources/3d/engine/editor/assets/tools/debug-view-runtime-control.ts from cce:/internal/x/prerequisite-imports as file:///Applications/Cocos/Creator/3.8.6/CocosCreator.app/Contents/Resources/resources/3d/engine/editor/assets/tools/debug-view-runtime-control.ts.
10:37:01.420 debug: Resolve file:///Users/zhao/Desktop/test/cocos-creator/PlaneFight/assets/Scripts/BgBox.ts from cce:/internal/x/prerequisite-imports as file:///Users/zhao/Desktop/test/cocos-creator/PlaneFight/assets/Scripts/BgBox.ts.
10:37:01.420 debug: Resolve file:///Users/zhao/Desktop/test/cocos-creator/PlaneFight/assets/Scripts/Ememy.ts from cce:/internal/x/prerequisite-imports as file:///Users/zhao/Desktop/test/cocos-creator/PlaneFight/assets/Scripts/Ememy.ts.
10:37:01.420 debug: Resolve file:///Users/zhao/Desktop/test/cocos-creator/PlaneFight/assets/Scripts/EmemyBox.ts from cce:/internal/x/prerequisite-imports as file:///Users/zhao/Desktop/test/cocos-creator/PlaneFight/assets/Scripts/EmemyBox.ts.
10:37:01.420 debug: Detected change: file:///Users/zhao/Desktop/test/cocos-creator/PlaneFight/assets/Scripts/EmemyBox.ts. Last mtime: Fri Jul 18 2025 10:36:33 GMT+0800 (中国标准时间)@92db9fc8-3289-4a05-8403-d965f95f1cfc, Current mtime: Fri Jul 18 2025 10:37:00 GMT+0800 (中国标准时间)@92db9fc8-3289-4a05-8403-d965f95f1cfc
10:37:01.420 debug: Inspect file:///Users/zhao/Desktop/test/cocos-creator/PlaneFight/assets/Scripts/EmemyBox.ts
10:37:01.434 debug: transform url: 'file:///Users/zhao/Desktop/test/cocos-creator/PlaneFight/assets/Scripts/EmemyBox.ts' costs: 13.90 ms
10:37:01.434 debug: Resolve file:///Users/zhao/Desktop/test/cocos-creator/PlaneFight/assets/Scripts/GameManager.ts from cce:/internal/x/prerequisite-imports as file:///Users/zhao/Desktop/test/cocos-creator/PlaneFight/assets/Scripts/GameManager.ts.
10:37:01.435 debug: Resolve cc from file:///Users/zhao/Desktop/test/cocos-creator/PlaneFight/assets/Scripts/EmemyBox.ts as cce:/internal/x/cc.
10:37:01.435 debug: Resolve cc from file:///Users/zhao/Desktop/test/cocos-creator/PlaneFight/assets/Scripts/EmemyBox.ts as cce:/internal/x/cc.
10:37:01.435 debug: Resolve cc from file:///Users/zhao/Desktop/test/cocos-creator/PlaneFight/assets/Scripts/EmemyBox.ts as cce:/internal/x/cc.
10:37:01.438 debug: Target(preview) ends with cost 23.53649999992922ms.
10:37:37.634 debug: Dispatch build request for time accumulated 1 asset changes.
10:37:37.635 debug: Build iteration starts.
Number of accumulated asset changes: 1
Feature changed: false
10:37:37.635 debug: Target(editor) build started.
10:37:37.636 debug: Detected change: cce:/internal/x/prerequisite-imports. Last mtime: Thu Jan 01 1970 08:46:58 GMT+0800 (中国标准时间), Current mtime: Thu Jan 01 1970 08:47:34 GMT+0800 (中国标准时间)
10:37:37.636 debug: Inspect cce:/internal/x/prerequisite-imports
10:37:37.641 debug: transform url: 'cce:/internal/x/prerequisite-imports' costs: 4.10 ms
10:37:37.641 debug: Resolve file:///Applications/Cocos/Creator/3.8.6/CocosCreator.app/Contents/Resources/resources/3d/engine/editor/assets/default_renderpipeline/builtin-dof-pass.ts from cce:/internal/x/prerequisite-imports as file:///Applications/Cocos/Creator/3.8.6/CocosCreator.app/Contents/Resources/resources/3d/engine/editor/assets/default_renderpipeline/builtin-dof-pass.ts.
10:37:37.641 debug: Resolve file:///Applications/Cocos/Creator/3.8.6/CocosCreator.app/Contents/Resources/resources/3d/engine/editor/assets/default_renderpipeline/builtin-pipeline-pass.ts from cce:/internal/x/prerequisite-imports as file:///Applications/Cocos/Creator/3.8.6/CocosCreator.app/Contents/Resources/resources/3d/engine/editor/assets/default_renderpipeline/builtin-pipeline-pass.ts.
10:37:37.641 debug: Resolve file:///Applications/Cocos/Creator/3.8.6/CocosCreator.app/Contents/Resources/resources/3d/engine/editor/assets/default_renderpipeline/builtin-pipeline-settings.ts from cce:/internal/x/prerequisite-imports as file:///Applications/Cocos/Creator/3.8.6/CocosCreator.app/Contents/Resources/resources/3d/engine/editor/assets/default_renderpipeline/builtin-pipeline-settings.ts.
10:37:37.641 debug: Resolve file:///Applications/Cocos/Creator/3.8.6/CocosCreator.app/Contents/Resources/resources/3d/engine/editor/assets/default_renderpipeline/builtin-pipeline-types.ts from cce:/internal/x/prerequisite-imports as file:///Applications/Cocos/Creator/3.8.6/CocosCreator.app/Contents/Resources/resources/3d/engine/editor/assets/default_renderpipeline/builtin-pipeline-types.ts.
10:37:37.641 debug: Resolve file:///Applications/Cocos/Creator/3.8.6/CocosCreator.app/Contents/Resources/resources/3d/engine/editor/assets/default_renderpipeline/builtin-pipeline.ts from cce:/internal/x/prerequisite-imports as file:///Applications/Cocos/Creator/3.8.6/CocosCreator.app/Contents/Resources/resources/3d/engine/editor/assets/default_renderpipeline/builtin-pipeline.ts.
10:37:37.641 debug: Resolve file:///Applications/Cocos/Creator/3.8.6/CocosCreator.app/Contents/Resources/resources/3d/engine/editor/assets/tools/debug-view-runtime-control.ts from cce:/internal/x/prerequisite-imports as file:///Applications/Cocos/Creator/3.8.6/CocosCreator.app/Contents/Resources/resources/3d/engine/editor/assets/tools/debug-view-runtime-control.ts.
10:37:37.641 debug: Resolve file:///Users/zhao/Desktop/test/cocos-creator/PlaneFight/assets/Scripts/BgBox.ts from cce:/internal/x/prerequisite-imports as file:///Users/zhao/Desktop/test/cocos-creator/PlaneFight/assets/Scripts/BgBox.ts.
10:37:37.641 debug: Resolve file:///Users/zhao/Desktop/test/cocos-creator/PlaneFight/assets/Scripts/Ememy.ts from cce:/internal/x/prerequisite-imports as file:///Users/zhao/Desktop/test/cocos-creator/PlaneFight/assets/Scripts/Ememy.ts.
10:37:37.642 debug: Resolve file:///Users/zhao/Desktop/test/cocos-creator/PlaneFight/assets/Scripts/EmemyBox.ts from cce:/internal/x/prerequisite-imports as file:///Users/zhao/Desktop/test/cocos-creator/PlaneFight/assets/Scripts/EmemyBox.ts.
10:37:37.642 debug: Detected change: file:///Users/zhao/Desktop/test/cocos-creator/PlaneFight/assets/Scripts/EmemyBox.ts. Last mtime: Fri Jul 18 2025 10:37:00 GMT+0800 (中国标准时间)@92db9fc8-3289-4a05-8403-d965f95f1cfc, Current mtime: Fri Jul 18 2025 10:37:35 GMT+0800 (中国标准时间)@92db9fc8-3289-4a05-8403-d965f95f1cfc
10:37:37.642 debug: Inspect file:///Users/zhao/Desktop/test/cocos-creator/PlaneFight/assets/Scripts/EmemyBox.ts
10:37:37.651 debug: transform url: 'file:///Users/zhao/Desktop/test/cocos-creator/PlaneFight/assets/Scripts/EmemyBox.ts' costs: 8.80 ms
10:37:37.651 debug: Resolve file:///Users/zhao/Desktop/test/cocos-creator/PlaneFight/assets/Scripts/GameManager.ts from cce:/internal/x/prerequisite-imports as file:///Users/zhao/Desktop/test/cocos-creator/PlaneFight/assets/Scripts/GameManager.ts.
10:37:37.652 debug: Resolve cc from file:///Users/zhao/Desktop/test/cocos-creator/PlaneFight/assets/Scripts/EmemyBox.ts as cce:/internal/x/cc.
10:37:37.652 debug: Resolve cc from file:///Users/zhao/Desktop/test/cocos-creator/PlaneFight/assets/Scripts/EmemyBox.ts as cce:/internal/x/cc.
10:37:37.652 debug: Resolve cc from file:///Users/zhao/Desktop/test/cocos-creator/PlaneFight/assets/Scripts/EmemyBox.ts as cce:/internal/x/cc.
10:37:37.655 debug: Target(editor) ends with cost 19.32720800023526ms.
10:37:37.655 debug: Target(preview) build started.
10:37:37.656 debug: Detected change: cce:/internal/x/prerequisite-imports. Last mtime: Thu Jan 01 1970 08:46:58 GMT+0800 (中国标准时间), Current mtime: Thu Jan 01 1970 08:47:34 GMT+0800 (中国标准时间)
10:37:37.656 debug: Inspect cce:/internal/x/prerequisite-imports
10:37:37.661 debug: transform url: 'cce:/internal/x/prerequisite-imports' costs: 4.30 ms
10:37:37.661 debug: Resolve file:///Applications/Cocos/Creator/3.8.6/CocosCreator.app/Contents/Resources/resources/3d/engine/editor/assets/default_renderpipeline/builtin-dof-pass.ts from cce:/internal/x/prerequisite-imports as file:///Applications/Cocos/Creator/3.8.6/CocosCreator.app/Contents/Resources/resources/3d/engine/editor/assets/default_renderpipeline/builtin-dof-pass.ts.
10:37:37.662 debug: Resolve file:///Applications/Cocos/Creator/3.8.6/CocosCreator.app/Contents/Resources/resources/3d/engine/editor/assets/default_renderpipeline/builtin-pipeline-pass.ts from cce:/internal/x/prerequisite-imports as file:///Applications/Cocos/Creator/3.8.6/CocosCreator.app/Contents/Resources/resources/3d/engine/editor/assets/default_renderpipeline/builtin-pipeline-pass.ts.
10:37:37.662 debug: Resolve file:///Applications/Cocos/Creator/3.8.6/CocosCreator.app/Contents/Resources/resources/3d/engine/editor/assets/default_renderpipeline/builtin-pipeline-settings.ts from cce:/internal/x/prerequisite-imports as file:///Applications/Cocos/Creator/3.8.6/CocosCreator.app/Contents/Resources/resources/3d/engine/editor/assets/default_renderpipeline/builtin-pipeline-settings.ts.
10:37:37.662 debug: Resolve file:///Applications/Cocos/Creator/3.8.6/CocosCreator.app/Contents/Resources/resources/3d/engine/editor/assets/default_renderpipeline/builtin-pipeline-types.ts from cce:/internal/x/prerequisite-imports as file:///Applications/Cocos/Creator/3.8.6/CocosCreator.app/Contents/Resources/resources/3d/engine/editor/assets/default_renderpipeline/builtin-pipeline-types.ts.
10:37:37.662 debug: Resolve file:///Applications/Cocos/Creator/3.8.6/CocosCreator.app/Contents/Resources/resources/3d/engine/editor/assets/default_renderpipeline/builtin-pipeline.ts from cce:/internal/x/prerequisite-imports as file:///Applications/Cocos/Creator/3.8.6/CocosCreator.app/Contents/Resources/resources/3d/engine/editor/assets/default_renderpipeline/builtin-pipeline.ts.
10:37:37.662 debug: Resolve file:///Applications/Cocos/Creator/3.8.6/CocosCreator.app/Contents/Resources/resources/3d/engine/editor/assets/tools/debug-view-runtime-control.ts from cce:/internal/x/prerequisite-imports as file:///Applications/Cocos/Creator/3.8.6/CocosCreator.app/Contents/Resources/resources/3d/engine/editor/assets/tools/debug-view-runtime-control.ts.
10:37:37.662 debug: Resolve file:///Users/zhao/Desktop/test/cocos-creator/PlaneFight/assets/Scripts/BgBox.ts from cce:/internal/x/prerequisite-imports as file:///Users/zhao/Desktop/test/cocos-creator/PlaneFight/assets/Scripts/BgBox.ts.
10:37:37.662 debug: Resolve file:///Users/zhao/Desktop/test/cocos-creator/PlaneFight/assets/Scripts/Ememy.ts from cce:/internal/x/prerequisite-imports as file:///Users/zhao/Desktop/test/cocos-creator/PlaneFight/assets/Scripts/Ememy.ts.
10:37:37.662 debug: Resolve file:///Users/zhao/Desktop/test/cocos-creator/PlaneFight/assets/Scripts/EmemyBox.ts from cce:/internal/x/prerequisite-imports as file:///Users/zhao/Desktop/test/cocos-creator/PlaneFight/assets/Scripts/EmemyBox.ts.
10:37:37.662 debug: Detected change: file:///Users/zhao/Desktop/test/cocos-creator/PlaneFight/assets/Scripts/EmemyBox.ts. Last mtime: Fri Jul 18 2025 10:37:00 GMT+0800 (中国标准时间)@92db9fc8-3289-4a05-8403-d965f95f1cfc, Current mtime: Fri Jul 18 2025 10:37:35 GMT+0800 (中国标准时间)@92db9fc8-3289-4a05-8403-d965f95f1cfc
10:37:37.662 debug: Inspect file:///Users/zhao/Desktop/test/cocos-creator/PlaneFight/assets/Scripts/EmemyBox.ts
10:37:37.676 debug: transform url: 'file:///Users/zhao/Desktop/test/cocos-creator/PlaneFight/assets/Scripts/EmemyBox.ts' costs: 13.70 ms
10:37:37.677 debug: Resolve file:///Users/zhao/Desktop/test/cocos-creator/PlaneFight/assets/Scripts/GameManager.ts from cce:/internal/x/prerequisite-imports as file:///Users/zhao/Desktop/test/cocos-creator/PlaneFight/assets/Scripts/GameManager.ts.
10:37:37.678 debug: Resolve cc from file:///Users/zhao/Desktop/test/cocos-creator/PlaneFight/assets/Scripts/EmemyBox.ts as cce:/internal/x/cc.
10:37:37.678 debug: Resolve cc from file:///Users/zhao/Desktop/test/cocos-creator/PlaneFight/assets/Scripts/EmemyBox.ts as cce:/internal/x/cc.
10:37:37.678 debug: Resolve cc from file:///Users/zhao/Desktop/test/cocos-creator/PlaneFight/assets/Scripts/EmemyBox.ts as cce:/internal/x/cc.
10:37:37.680 debug: Target(preview) ends with cost 25.080625000409782ms.
10:37:46.770 debug: Dispatch build request for time accumulated 1 asset changes.
10:37:46.771 debug: Build iteration starts.
Number of accumulated asset changes: 1
Feature changed: false
10:37:46.771 debug: Target(editor) build started.
10:37:46.773 debug: Detected change: cce:/internal/x/prerequisite-imports. Last mtime: Thu Jan 01 1970 08:47:34 GMT+0800 (中国标准时间), Current mtime: Thu Jan 01 1970 08:47:43 GMT+0800 (中国标准时间)
10:37:46.773 debug: Inspect cce:/internal/x/prerequisite-imports
10:37:46.777 debug: transform url: 'cce:/internal/x/prerequisite-imports' costs: 3.80 ms
10:37:46.777 debug: Resolve file:///Applications/Cocos/Creator/3.8.6/CocosCreator.app/Contents/Resources/resources/3d/engine/editor/assets/default_renderpipeline/builtin-dof-pass.ts from cce:/internal/x/prerequisite-imports as file:///Applications/Cocos/Creator/3.8.6/CocosCreator.app/Contents/Resources/resources/3d/engine/editor/assets/default_renderpipeline/builtin-dof-pass.ts.
10:37:46.777 debug: Resolve file:///Applications/Cocos/Creator/3.8.6/CocosCreator.app/Contents/Resources/resources/3d/engine/editor/assets/default_renderpipeline/builtin-pipeline-pass.ts from cce:/internal/x/prerequisite-imports as file:///Applications/Cocos/Creator/3.8.6/CocosCreator.app/Contents/Resources/resources/3d/engine/editor/assets/default_renderpipeline/builtin-pipeline-pass.ts.
10:37:46.777 debug: Resolve file:///Applications/Cocos/Creator/3.8.6/CocosCreator.app/Contents/Resources/resources/3d/engine/editor/assets/default_renderpipeline/builtin-pipeline-settings.ts from cce:/internal/x/prerequisite-imports as file:///Applications/Cocos/Creator/3.8.6/CocosCreator.app/Contents/Resources/resources/3d/engine/editor/assets/default_renderpipeline/builtin-pipeline-settings.ts.
10:37:46.777 debug: Resolve file:///Applications/Cocos/Creator/3.8.6/CocosCreator.app/Contents/Resources/resources/3d/engine/editor/assets/default_renderpipeline/builtin-pipeline-types.ts from cce:/internal/x/prerequisite-imports as file:///Applications/Cocos/Creator/3.8.6/CocosCreator.app/Contents/Resources/resources/3d/engine/editor/assets/default_renderpipeline/builtin-pipeline-types.ts.
10:37:46.777 debug: Resolve file:///Applications/Cocos/Creator/3.8.6/CocosCreator.app/Contents/Resources/resources/3d/engine/editor/assets/default_renderpipeline/builtin-pipeline.ts from cce:/internal/x/prerequisite-imports as file:///Applications/Cocos/Creator/3.8.6/CocosCreator.app/Contents/Resources/resources/3d/engine/editor/assets/default_renderpipeline/builtin-pipeline.ts.
10:37:46.778 debug: Resolve file:///Applications/Cocos/Creator/3.8.6/CocosCreator.app/Contents/Resources/resources/3d/engine/editor/assets/tools/debug-view-runtime-control.ts from cce:/internal/x/prerequisite-imports as file:///Applications/Cocos/Creator/3.8.6/CocosCreator.app/Contents/Resources/resources/3d/engine/editor/assets/tools/debug-view-runtime-control.ts.
10:37:46.778 debug: Resolve file:///Users/zhao/Desktop/test/cocos-creator/PlaneFight/assets/Scripts/BgBox.ts from cce:/internal/x/prerequisite-imports as file:///Users/zhao/Desktop/test/cocos-creator/PlaneFight/assets/Scripts/BgBox.ts.
10:37:46.778 debug: Resolve file:///Users/zhao/Desktop/test/cocos-creator/PlaneFight/assets/Scripts/Ememy.ts from cce:/internal/x/prerequisite-imports as file:///Users/zhao/Desktop/test/cocos-creator/PlaneFight/assets/Scripts/Ememy.ts.
10:37:46.778 debug: Resolve file:///Users/zhao/Desktop/test/cocos-creator/PlaneFight/assets/Scripts/EmemyBox.ts from cce:/internal/x/prerequisite-imports as file:///Users/zhao/Desktop/test/cocos-creator/PlaneFight/assets/Scripts/EmemyBox.ts.
10:37:46.778 debug: Detected change: file:///Users/zhao/Desktop/test/cocos-creator/PlaneFight/assets/Scripts/EmemyBox.ts. Last mtime: Fri Jul 18 2025 10:37:35 GMT+0800 (中国标准时间)@92db9fc8-3289-4a05-8403-d965f95f1cfc, Current mtime: Fri Jul 18 2025 10:37:46 GMT+0800 (中国标准时间)@92db9fc8-3289-4a05-8403-d965f95f1cfc
10:37:46.778 debug: Inspect file:///Users/zhao/Desktop/test/cocos-creator/PlaneFight/assets/Scripts/EmemyBox.ts
10:37:46.790 debug: transform url: 'file:///Users/zhao/Desktop/test/cocos-creator/PlaneFight/assets/Scripts/EmemyBox.ts' costs: 12.00 ms
10:37:46.790 debug: Resolve file:///Users/zhao/Desktop/test/cocos-creator/PlaneFight/assets/Scripts/GameManager.ts from cce:/internal/x/prerequisite-imports as file:///Users/zhao/Desktop/test/cocos-creator/PlaneFight/assets/Scripts/GameManager.ts.
10:37:46.790 debug: Resolve cc from file:///Users/zhao/Desktop/test/cocos-creator/PlaneFight/assets/Scripts/EmemyBox.ts as cce:/internal/x/cc.
10:37:46.790 debug: Resolve cc from file:///Users/zhao/Desktop/test/cocos-creator/PlaneFight/assets/Scripts/EmemyBox.ts as cce:/internal/x/cc.
10:37:46.790 debug: Resolve cc from file:///Users/zhao/Desktop/test/cocos-creator/PlaneFight/assets/Scripts/EmemyBox.ts as cce:/internal/x/cc.
10:37:46.793 debug: Target(editor) ends with cost 21.62308399984613ms.
10:37:46.793 debug: Target(preview) build started.
10:37:46.794 debug: Detected change: cce:/internal/x/prerequisite-imports. Last mtime: Thu Jan 01 1970 08:47:34 GMT+0800 (中国标准时间), Current mtime: Thu Jan 01 1970 08:47:43 GMT+0800 (中国标准时间)
10:37:46.794 debug: Inspect cce:/internal/x/prerequisite-imports
10:37:46.799 debug: transform url: 'cce:/internal/x/prerequisite-imports' costs: 5.00 ms
10:37:46.800 debug: Resolve file:///Applications/Cocos/Creator/3.8.6/CocosCreator.app/Contents/Resources/resources/3d/engine/editor/assets/default_renderpipeline/builtin-dof-pass.ts from cce:/internal/x/prerequisite-imports as file:///Applications/Cocos/Creator/3.8.6/CocosCreator.app/Contents/Resources/resources/3d/engine/editor/assets/default_renderpipeline/builtin-dof-pass.ts.
10:37:46.800 debug: Resolve file:///Applications/Cocos/Creator/3.8.6/CocosCreator.app/Contents/Resources/resources/3d/engine/editor/assets/default_renderpipeline/builtin-pipeline-pass.ts from cce:/internal/x/prerequisite-imports as file:///Applications/Cocos/Creator/3.8.6/CocosCreator.app/Contents/Resources/resources/3d/engine/editor/assets/default_renderpipeline/builtin-pipeline-pass.ts.
10:37:46.800 debug: Resolve file:///Applications/Cocos/Creator/3.8.6/CocosCreator.app/Contents/Resources/resources/3d/engine/editor/assets/default_renderpipeline/builtin-pipeline-settings.ts from cce:/internal/x/prerequisite-imports as file:///Applications/Cocos/Creator/3.8.6/CocosCreator.app/Contents/Resources/resources/3d/engine/editor/assets/default_renderpipeline/builtin-pipeline-settings.ts.
10:37:46.800 debug: Resolve file:///Applications/Cocos/Creator/3.8.6/CocosCreator.app/Contents/Resources/resources/3d/engine/editor/assets/default_renderpipeline/builtin-pipeline-types.ts from cce:/internal/x/prerequisite-imports as file:///Applications/Cocos/Creator/3.8.6/CocosCreator.app/Contents/Resources/resources/3d/engine/editor/assets/default_renderpipeline/builtin-pipeline-types.ts.
10:37:46.800 debug: Resolve file:///Applications/Cocos/Creator/3.8.6/CocosCreator.app/Contents/Resources/resources/3d/engine/editor/assets/default_renderpipeline/builtin-pipeline.ts from cce:/internal/x/prerequisite-imports as file:///Applications/Cocos/Creator/3.8.6/CocosCreator.app/Contents/Resources/resources/3d/engine/editor/assets/default_renderpipeline/builtin-pipeline.ts.
10:37:46.800 debug: Resolve file:///Applications/Cocos/Creator/3.8.6/CocosCreator.app/Contents/Resources/resources/3d/engine/editor/assets/tools/debug-view-runtime-control.ts from cce:/internal/x/prerequisite-imports as file:///Applications/Cocos/Creator/3.8.6/CocosCreator.app/Contents/Resources/resources/3d/engine/editor/assets/tools/debug-view-runtime-control.ts.
10:37:46.801 debug: Resolve file:///Users/zhao/Desktop/test/cocos-creator/PlaneFight/assets/Scripts/BgBox.ts from cce:/internal/x/prerequisite-imports as file:///Users/zhao/Desktop/test/cocos-creator/PlaneFight/assets/Scripts/BgBox.ts.
10:37:46.801 debug: Resolve file:///Users/zhao/Desktop/test/cocos-creator/PlaneFight/assets/Scripts/Ememy.ts from cce:/internal/x/prerequisite-imports as file:///Users/zhao/Desktop/test/cocos-creator/PlaneFight/assets/Scripts/Ememy.ts.
10:37:46.801 debug: Resolve file:///Users/zhao/Desktop/test/cocos-creator/PlaneFight/assets/Scripts/EmemyBox.ts from cce:/internal/x/prerequisite-imports as file:///Users/zhao/Desktop/test/cocos-creator/PlaneFight/assets/Scripts/EmemyBox.ts.
10:37:46.801 debug: Detected change: file:///Users/zhao/Desktop/test/cocos-creator/PlaneFight/assets/Scripts/EmemyBox.ts. Last mtime: Fri Jul 18 2025 10:37:35 GMT+0800 (中国标准时间)@92db9fc8-3289-4a05-8403-d965f95f1cfc, Current mtime: Fri Jul 18 2025 10:37:46 GMT+0800 (中国标准时间)@92db9fc8-3289-4a05-8403-d965f95f1cfc
10:37:46.801 debug: Inspect file:///Users/zhao/Desktop/test/cocos-creator/PlaneFight/assets/Scripts/EmemyBox.ts
10:37:46.818 debug: transform url: 'file:///Users/zhao/Desktop/test/cocos-creator/PlaneFight/assets/Scripts/EmemyBox.ts' costs: 17.20 ms
10:37:46.819 debug: Resolve file:///Users/zhao/Desktop/test/cocos-creator/PlaneFight/assets/Scripts/GameManager.ts from cce:/internal/x/prerequisite-imports as file:///Users/zhao/Desktop/test/cocos-creator/PlaneFight/assets/Scripts/GameManager.ts.
10:37:46.820 debug: Resolve cc from file:///Users/zhao/Desktop/test/cocos-creator/PlaneFight/assets/Scripts/EmemyBox.ts as cce:/internal/x/cc.
10:37:46.820 debug: Resolve cc from file:///Users/zhao/Desktop/test/cocos-creator/PlaneFight/assets/Scripts/EmemyBox.ts as cce:/internal/x/cc.
10:37:46.820 debug: Resolve cc from file:///Users/zhao/Desktop/test/cocos-creator/PlaneFight/assets/Scripts/EmemyBox.ts as cce:/internal/x/cc.
10:37:46.859 debug: Target(preview) ends with cost 65.70345799997449ms.
10:38:27.782 debug: Dispatch build request for time accumulated 1 asset changes.
10:38:27.783 debug: Build iteration starts.
Number of accumulated asset changes: 1
Feature changed: false
10:38:27.783 debug: Target(editor) build started.
10:38:27.785 debug: Detected change: cce:/internal/x/prerequisite-imports. Last mtime: Thu Jan 01 1970 08:47:43 GMT+0800 (中国标准时间), Current mtime: Thu Jan 01 1970 08:48:24 GMT+0800 (中国标准时间)
10:38:27.785 debug: Inspect cce:/internal/x/prerequisite-imports
10:38:27.792 debug: transform url: 'cce:/internal/x/prerequisite-imports' costs: 6.80 ms
10:38:27.793 debug: Resolve file:///Applications/Cocos/Creator/3.8.6/CocosCreator.app/Contents/Resources/resources/3d/engine/editor/assets/default_renderpipeline/builtin-dof-pass.ts from cce:/internal/x/prerequisite-imports as file:///Applications/Cocos/Creator/3.8.6/CocosCreator.app/Contents/Resources/resources/3d/engine/editor/assets/default_renderpipeline/builtin-dof-pass.ts.
10:38:27.793 debug: Resolve file:///Applications/Cocos/Creator/3.8.6/CocosCreator.app/Contents/Resources/resources/3d/engine/editor/assets/default_renderpipeline/builtin-pipeline-pass.ts from cce:/internal/x/prerequisite-imports as file:///Applications/Cocos/Creator/3.8.6/CocosCreator.app/Contents/Resources/resources/3d/engine/editor/assets/default_renderpipeline/builtin-pipeline-pass.ts.
10:38:27.793 debug: Resolve file:///Applications/Cocos/Creator/3.8.6/CocosCreator.app/Contents/Resources/resources/3d/engine/editor/assets/default_renderpipeline/builtin-pipeline-settings.ts from cce:/internal/x/prerequisite-imports as file:///Applications/Cocos/Creator/3.8.6/CocosCreator.app/Contents/Resources/resources/3d/engine/editor/assets/default_renderpipeline/builtin-pipeline-settings.ts.
10:38:27.793 debug: Resolve file:///Applications/Cocos/Creator/3.8.6/CocosCreator.app/Contents/Resources/resources/3d/engine/editor/assets/default_renderpipeline/builtin-pipeline-types.ts from cce:/internal/x/prerequisite-imports as file:///Applications/Cocos/Creator/3.8.6/CocosCreator.app/Contents/Resources/resources/3d/engine/editor/assets/default_renderpipeline/builtin-pipeline-types.ts.
10:38:27.793 debug: Resolve file:///Applications/Cocos/Creator/3.8.6/CocosCreator.app/Contents/Resources/resources/3d/engine/editor/assets/default_renderpipeline/builtin-pipeline.ts from cce:/internal/x/prerequisite-imports as file:///Applications/Cocos/Creator/3.8.6/CocosCreator.app/Contents/Resources/resources/3d/engine/editor/assets/default_renderpipeline/builtin-pipeline.ts.
10:38:27.793 debug: Resolve file:///Applications/Cocos/Creator/3.8.6/CocosCreator.app/Contents/Resources/resources/3d/engine/editor/assets/tools/debug-view-runtime-control.ts from cce:/internal/x/prerequisite-imports as file:///Applications/Cocos/Creator/3.8.6/CocosCreator.app/Contents/Resources/resources/3d/engine/editor/assets/tools/debug-view-runtime-control.ts.
10:38:27.793 debug: Resolve file:///Users/zhao/Desktop/test/cocos-creator/PlaneFight/assets/Scripts/BgBox.ts from cce:/internal/x/prerequisite-imports as file:///Users/zhao/Desktop/test/cocos-creator/PlaneFight/assets/Scripts/BgBox.ts.
10:38:27.793 debug: Resolve file:///Users/zhao/Desktop/test/cocos-creator/PlaneFight/assets/Scripts/Ememy.ts from cce:/internal/x/prerequisite-imports as file:///Users/zhao/Desktop/test/cocos-creator/PlaneFight/assets/Scripts/Ememy.ts.
10:38:27.793 debug: Resolve file:///Users/zhao/Desktop/test/cocos-creator/PlaneFight/assets/Scripts/EmemyBox.ts from cce:/internal/x/prerequisite-imports as file:///Users/zhao/Desktop/test/cocos-creator/PlaneFight/assets/Scripts/EmemyBox.ts.
10:38:27.793 debug: Detected change: file:///Users/zhao/Desktop/test/cocos-creator/PlaneFight/assets/Scripts/EmemyBox.ts. Last mtime: Fri Jul 18 2025 10:37:46 GMT+0800 (中国标准时间)@92db9fc8-3289-4a05-8403-d965f95f1cfc, Current mtime: Fri Jul 18 2025 10:38:27 GMT+0800 (中国标准时间)@92db9fc8-3289-4a05-8403-d965f95f1cfc
10:38:27.793 debug: Inspect file:///Users/zhao/Desktop/test/cocos-creator/PlaneFight/assets/Scripts/EmemyBox.ts
10:38:27.808 debug: transform url: 'file:///Users/zhao/Desktop/test/cocos-creator/PlaneFight/assets/Scripts/EmemyBox.ts' costs: 14.50 ms
10:38:27.809 debug: Resolve file:///Users/zhao/Desktop/test/cocos-creator/PlaneFight/assets/Scripts/GameManager.ts from cce:/internal/x/prerequisite-imports as file:///Users/zhao/Desktop/test/cocos-creator/PlaneFight/assets/Scripts/GameManager.ts.
10:38:27.809 debug: Resolve cc from file:///Users/zhao/Desktop/test/cocos-creator/PlaneFight/assets/Scripts/EmemyBox.ts as cce:/internal/x/cc.
10:38:27.809 debug: Resolve cc from file:///Users/zhao/Desktop/test/cocos-creator/PlaneFight/assets/Scripts/EmemyBox.ts as cce:/internal/x/cc.
10:38:27.809 debug: Resolve cc from file:///Users/zhao/Desktop/test/cocos-creator/PlaneFight/assets/Scripts/EmemyBox.ts as cce:/internal/x/cc.
10:38:27.811 debug: Target(editor) ends with cost 28.17995799984783ms.
10:38:27.812 debug: Target(preview) build started.
10:38:27.813 debug: Detected change: cce:/internal/x/prerequisite-imports. Last mtime: Thu Jan 01 1970 08:47:43 GMT+0800 (中国标准时间), Current mtime: Thu Jan 01 1970 08:48:24 GMT+0800 (中国标准时间)
10:38:27.813 debug: Inspect cce:/internal/x/prerequisite-imports
10:38:27.818 debug: transform url: 'cce:/internal/x/prerequisite-imports' costs: 5.20 ms
10:38:27.819 debug: Resolve file:///Applications/Cocos/Creator/3.8.6/CocosCreator.app/Contents/Resources/resources/3d/engine/editor/assets/default_renderpipeline/builtin-dof-pass.ts from cce:/internal/x/prerequisite-imports as file:///Applications/Cocos/Creator/3.8.6/CocosCreator.app/Contents/Resources/resources/3d/engine/editor/assets/default_renderpipeline/builtin-dof-pass.ts.
10:38:27.819 debug: Resolve file:///Applications/Cocos/Creator/3.8.6/CocosCreator.app/Contents/Resources/resources/3d/engine/editor/assets/default_renderpipeline/builtin-pipeline-pass.ts from cce:/internal/x/prerequisite-imports as file:///Applications/Cocos/Creator/3.8.6/CocosCreator.app/Contents/Resources/resources/3d/engine/editor/assets/default_renderpipeline/builtin-pipeline-pass.ts.
10:38:27.819 debug: Resolve file:///Applications/Cocos/Creator/3.8.6/CocosCreator.app/Contents/Resources/resources/3d/engine/editor/assets/default_renderpipeline/builtin-pipeline-settings.ts from cce:/internal/x/prerequisite-imports as file:///Applications/Cocos/Creator/3.8.6/CocosCreator.app/Contents/Resources/resources/3d/engine/editor/assets/default_renderpipeline/builtin-pipeline-settings.ts.
10:38:27.820 debug: Resolve file:///Applications/Cocos/Creator/3.8.6/CocosCreator.app/Contents/Resources/resources/3d/engine/editor/assets/default_renderpipeline/builtin-pipeline-types.ts from cce:/internal/x/prerequisite-imports as file:///Applications/Cocos/Creator/3.8.6/CocosCreator.app/Contents/Resources/resources/3d/engine/editor/assets/default_renderpipeline/builtin-pipeline-types.ts.
10:38:27.820 debug: Resolve file:///Applications/Cocos/Creator/3.8.6/CocosCreator.app/Contents/Resources/resources/3d/engine/editor/assets/default_renderpipeline/builtin-pipeline.ts from cce:/internal/x/prerequisite-imports as file:///Applications/Cocos/Creator/3.8.6/CocosCreator.app/Contents/Resources/resources/3d/engine/editor/assets/default_renderpipeline/builtin-pipeline.ts.
10:38:27.820 debug: Resolve file:///Applications/Cocos/Creator/3.8.6/CocosCreator.app/Contents/Resources/resources/3d/engine/editor/assets/tools/debug-view-runtime-control.ts from cce:/internal/x/prerequisite-imports as file:///Applications/Cocos/Creator/3.8.6/CocosCreator.app/Contents/Resources/resources/3d/engine/editor/assets/tools/debug-view-runtime-control.ts.
10:38:27.820 debug: Resolve file:///Users/zhao/Desktop/test/cocos-creator/PlaneFight/assets/Scripts/BgBox.ts from cce:/internal/x/prerequisite-imports as file:///Users/zhao/Desktop/test/cocos-creator/PlaneFight/assets/Scripts/BgBox.ts.
10:38:27.820 debug: Resolve file:///Users/zhao/Desktop/test/cocos-creator/PlaneFight/assets/Scripts/Ememy.ts from cce:/internal/x/prerequisite-imports as file:///Users/zhao/Desktop/test/cocos-creator/PlaneFight/assets/Scripts/Ememy.ts.
10:38:27.820 debug: Resolve file:///Users/zhao/Desktop/test/cocos-creator/PlaneFight/assets/Scripts/EmemyBox.ts from cce:/internal/x/prerequisite-imports as file:///Users/zhao/Desktop/test/cocos-creator/PlaneFight/assets/Scripts/EmemyBox.ts.
10:38:27.820 debug: Detected change: file:///Users/zhao/Desktop/test/cocos-creator/PlaneFight/assets/Scripts/EmemyBox.ts. Last mtime: Fri Jul 18 2025 10:37:46 GMT+0800 (中国标准时间)@92db9fc8-3289-4a05-8403-d965f95f1cfc, Current mtime: Fri Jul 18 2025 10:38:27 GMT+0800 (中国标准时间)@92db9fc8-3289-4a05-8403-d965f95f1cfc
10:38:27.820 debug: Inspect file:///Users/zhao/Desktop/test/cocos-creator/PlaneFight/assets/Scripts/EmemyBox.ts
10:38:27.837 debug: transform url: 'file:///Users/zhao/Desktop/test/cocos-creator/PlaneFight/assets/Scripts/EmemyBox.ts' costs: 17.10 ms
10:38:27.838 debug: Resolve file:///Users/zhao/Desktop/test/cocos-creator/PlaneFight/assets/Scripts/GameManager.ts from cce:/internal/x/prerequisite-imports as file:///Users/zhao/Desktop/test/cocos-creator/PlaneFight/assets/Scripts/GameManager.ts.
10:38:27.838 debug: Resolve cc from file:///Users/zhao/Desktop/test/cocos-creator/PlaneFight/assets/Scripts/EmemyBox.ts as cce:/internal/x/cc.
10:38:27.838 debug: Resolve cc from file:///Users/zhao/Desktop/test/cocos-creator/PlaneFight/assets/Scripts/EmemyBox.ts as cce:/internal/x/cc.
10:38:27.838 debug: Resolve cc from file:///Users/zhao/Desktop/test/cocos-creator/PlaneFight/assets/Scripts/EmemyBox.ts as cce:/internal/x/cc.
10:38:27.841 debug: Target(preview) ends with cost 29.482209000270814ms.
10:39:48.236 debug: Dispatch build request for time accumulated 1 asset changes.
10:39:48.237 debug: Build iteration starts.
Number of accumulated asset changes: 1
Feature changed: false
10:39:48.237 debug: Target(editor) build started.
10:39:48.239 debug: Detected change: cce:/internal/x/prerequisite-imports. Last mtime: Thu Jan 01 1970 08:48:24 GMT+0800 (中国标准时间), Current mtime: Thu Jan 01 1970 08:49:45 GMT+0800 (中国标准时间)
10:39:48.239 debug: Inspect cce:/internal/x/prerequisite-imports
10:39:48.244 debug: transform url: 'cce:/internal/x/prerequisite-imports' costs: 5.30 ms
10:39:48.245 debug: Resolve file:///Applications/Cocos/Creator/3.8.6/CocosCreator.app/Contents/Resources/resources/3d/engine/editor/assets/default_renderpipeline/builtin-dof-pass.ts from cce:/internal/x/prerequisite-imports as file:///Applications/Cocos/Creator/3.8.6/CocosCreator.app/Contents/Resources/resources/3d/engine/editor/assets/default_renderpipeline/builtin-dof-pass.ts.
10:39:48.245 debug: Resolve file:///Applications/Cocos/Creator/3.8.6/CocosCreator.app/Contents/Resources/resources/3d/engine/editor/assets/default_renderpipeline/builtin-pipeline-pass.ts from cce:/internal/x/prerequisite-imports as file:///Applications/Cocos/Creator/3.8.6/CocosCreator.app/Contents/Resources/resources/3d/engine/editor/assets/default_renderpipeline/builtin-pipeline-pass.ts.
10:39:48.245 debug: Resolve file:///Applications/Cocos/Creator/3.8.6/CocosCreator.app/Contents/Resources/resources/3d/engine/editor/assets/default_renderpipeline/builtin-pipeline-settings.ts from cce:/internal/x/prerequisite-imports as file:///Applications/Cocos/Creator/3.8.6/CocosCreator.app/Contents/Resources/resources/3d/engine/editor/assets/default_renderpipeline/builtin-pipeline-settings.ts.
10:39:48.245 debug: Resolve file:///Applications/Cocos/Creator/3.8.6/CocosCreator.app/Contents/Resources/resources/3d/engine/editor/assets/default_renderpipeline/builtin-pipeline-types.ts from cce:/internal/x/prerequisite-imports as file:///Applications/Cocos/Creator/3.8.6/CocosCreator.app/Contents/Resources/resources/3d/engine/editor/assets/default_renderpipeline/builtin-pipeline-types.ts.
10:39:48.245 debug: Resolve file:///Applications/Cocos/Creator/3.8.6/CocosCreator.app/Contents/Resources/resources/3d/engine/editor/assets/default_renderpipeline/builtin-pipeline.ts from cce:/internal/x/prerequisite-imports as file:///Applications/Cocos/Creator/3.8.6/CocosCreator.app/Contents/Resources/resources/3d/engine/editor/assets/default_renderpipeline/builtin-pipeline.ts.
10:39:48.245 debug: Resolve file:///Applications/Cocos/Creator/3.8.6/CocosCreator.app/Contents/Resources/resources/3d/engine/editor/assets/tools/debug-view-runtime-control.ts from cce:/internal/x/prerequisite-imports as file:///Applications/Cocos/Creator/3.8.6/CocosCreator.app/Contents/Resources/resources/3d/engine/editor/assets/tools/debug-view-runtime-control.ts.
10:39:48.245 debug: Resolve file:///Users/zhao/Desktop/test/cocos-creator/PlaneFight/assets/Scripts/BgBox.ts from cce:/internal/x/prerequisite-imports as file:///Users/zhao/Desktop/test/cocos-creator/PlaneFight/assets/Scripts/BgBox.ts.
10:39:48.245 debug: Resolve file:///Users/zhao/Desktop/test/cocos-creator/PlaneFight/assets/Scripts/Ememy.ts from cce:/internal/x/prerequisite-imports as file:///Users/zhao/Desktop/test/cocos-creator/PlaneFight/assets/Scripts/Ememy.ts.
10:39:48.245 debug: Resolve file:///Users/zhao/Desktop/test/cocos-creator/PlaneFight/assets/Scripts/EmemyBox.ts from cce:/internal/x/prerequisite-imports as file:///Users/zhao/Desktop/test/cocos-creator/PlaneFight/assets/Scripts/EmemyBox.ts.
10:39:48.246 debug: Resolve file:///Users/zhao/Desktop/test/cocos-creator/PlaneFight/assets/Scripts/GameManager.ts from cce:/internal/x/prerequisite-imports as file:///Users/zhao/Desktop/test/cocos-creator/PlaneFight/assets/Scripts/GameManager.ts.
10:39:48.246 debug: Detected change: file:///Users/zhao/Desktop/test/cocos-creator/PlaneFight/assets/Scripts/GameManager.ts. Last mtime: Fri Jul 18 2025 10:34:55 GMT+0800 (中国标准时间)@04b8d335-2cbf-453a-9fb4-20b7d50b6131, Current mtime: Fri Jul 18 2025 10:39:45 GMT+0800 (中国标准时间)@04b8d335-2cbf-453a-9fb4-20b7d50b6131
10:39:48.246 debug: Inspect file:///Users/zhao/Desktop/test/cocos-creator/PlaneFight/assets/Scripts/GameManager.ts
10:39:48.254 debug: transform url: 'file:///Users/zhao/Desktop/test/cocos-creator/PlaneFight/assets/Scripts/GameManager.ts' costs: 8.20 ms
10:39:48.255 debug: Resolve cce:/internal/code-quality/cr.mjs from file:///Users/zhao/Desktop/test/cocos-creator/PlaneFight/assets/Scripts/GameManager.ts as cce:/internal/code-quality/cr.mjs.
10:39:48.255 debug: Resolve cc from file:///Users/zhao/Desktop/test/cocos-creator/PlaneFight/assets/Scripts/GameManager.ts as cce:/internal/x/cc.
10:39:48.255 debug: Resolve cc from file:///Users/zhao/Desktop/test/cocos-creator/PlaneFight/assets/Scripts/GameManager.ts as cce:/internal/x/cc.
10:39:48.255 debug: Resolve cc from file:///Users/zhao/Desktop/test/cocos-creator/PlaneFight/assets/Scripts/GameManager.ts as cce:/internal/x/cc.
10:39:48.255 debug: Resolve ./EmemyBox from file:///Users/zhao/Desktop/test/cocos-creator/PlaneFight/assets/Scripts/GameManager.ts as file:///Users/zhao/Desktop/test/cocos-creator/PlaneFight/assets/Scripts/EmemyBox.ts.
10:39:48.257 debug: Target(editor) ends with cost 20.45970800006762ms.
10:39:48.258 debug: Target(preview) build started.
10:39:48.258 debug: Detected change: cce:/internal/x/prerequisite-imports. Last mtime: Thu Jan 01 1970 08:48:24 GMT+0800 (中国标准时间), Current mtime: Thu Jan 01 1970 08:49:45 GMT+0800 (中国标准时间)
10:39:48.258 debug: Inspect cce:/internal/x/prerequisite-imports
10:39:48.263 debug: transform url: 'cce:/internal/x/prerequisite-imports' costs: 4.80 ms
10:39:48.264 debug: Resolve file:///Applications/Cocos/Creator/3.8.6/CocosCreator.app/Contents/Resources/resources/3d/engine/editor/assets/default_renderpipeline/builtin-dof-pass.ts from cce:/internal/x/prerequisite-imports as file:///Applications/Cocos/Creator/3.8.6/CocosCreator.app/Contents/Resources/resources/3d/engine/editor/assets/default_renderpipeline/builtin-dof-pass.ts.
10:39:48.264 debug: Resolve file:///Applications/Cocos/Creator/3.8.6/CocosCreator.app/Contents/Resources/resources/3d/engine/editor/assets/default_renderpipeline/builtin-pipeline-pass.ts from cce:/internal/x/prerequisite-imports as file:///Applications/Cocos/Creator/3.8.6/CocosCreator.app/Contents/Resources/resources/3d/engine/editor/assets/default_renderpipeline/builtin-pipeline-pass.ts.
10:39:48.264 debug: Resolve file:///Applications/Cocos/Creator/3.8.6/CocosCreator.app/Contents/Resources/resources/3d/engine/editor/assets/default_renderpipeline/builtin-pipeline-settings.ts from cce:/internal/x/prerequisite-imports as file:///Applications/Cocos/Creator/3.8.6/CocosCreator.app/Contents/Resources/resources/3d/engine/editor/assets/default_renderpipeline/builtin-pipeline-settings.ts.
10:39:48.264 debug: Resolve file:///Applications/Cocos/Creator/3.8.6/CocosCreator.app/Contents/Resources/resources/3d/engine/editor/assets/default_renderpipeline/builtin-pipeline-types.ts from cce:/internal/x/prerequisite-imports as file:///Applications/Cocos/Creator/3.8.6/CocosCreator.app/Contents/Resources/resources/3d/engine/editor/assets/default_renderpipeline/builtin-pipeline-types.ts.
10:39:48.264 debug: Resolve file:///Applications/Cocos/Creator/3.8.6/CocosCreator.app/Contents/Resources/resources/3d/engine/editor/assets/default_renderpipeline/builtin-pipeline.ts from cce:/internal/x/prerequisite-imports as file:///Applications/Cocos/Creator/3.8.6/CocosCreator.app/Contents/Resources/resources/3d/engine/editor/assets/default_renderpipeline/builtin-pipeline.ts.
10:39:48.264 debug: Resolve file:///Applications/Cocos/Creator/3.8.6/CocosCreator.app/Contents/Resources/resources/3d/engine/editor/assets/tools/debug-view-runtime-control.ts from cce:/internal/x/prerequisite-imports as file:///Applications/Cocos/Creator/3.8.6/CocosCreator.app/Contents/Resources/resources/3d/engine/editor/assets/tools/debug-view-runtime-control.ts.
10:39:48.264 debug: Resolve file:///Users/zhao/Desktop/test/cocos-creator/PlaneFight/assets/Scripts/BgBox.ts from cce:/internal/x/prerequisite-imports as file:///Users/zhao/Desktop/test/cocos-creator/PlaneFight/assets/Scripts/BgBox.ts.
10:39:48.264 debug: Resolve file:///Users/zhao/Desktop/test/cocos-creator/PlaneFight/assets/Scripts/Ememy.ts from cce:/internal/x/prerequisite-imports as file:///Users/zhao/Desktop/test/cocos-creator/PlaneFight/assets/Scripts/Ememy.ts.
10:39:48.264 debug: Resolve file:///Users/zhao/Desktop/test/cocos-creator/PlaneFight/assets/Scripts/EmemyBox.ts from cce:/internal/x/prerequisite-imports as file:///Users/zhao/Desktop/test/cocos-creator/PlaneFight/assets/Scripts/EmemyBox.ts.
10:39:48.264 debug: Resolve file:///Users/zhao/Desktop/test/cocos-creator/PlaneFight/assets/Scripts/GameManager.ts from cce:/internal/x/prerequisite-imports as file:///Users/zhao/Desktop/test/cocos-creator/PlaneFight/assets/Scripts/GameManager.ts.
10:39:48.264 debug: Detected change: file:///Users/zhao/Desktop/test/cocos-creator/PlaneFight/assets/Scripts/GameManager.ts. Last mtime: Fri Jul 18 2025 10:34:55 GMT+0800 (中国标准时间)@04b8d335-2cbf-453a-9fb4-20b7d50b6131, Current mtime: Fri Jul 18 2025 10:39:45 GMT+0800 (中国标准时间)@04b8d335-2cbf-453a-9fb4-20b7d50b6131
10:39:48.264 debug: Inspect file:///Users/zhao/Desktop/test/cocos-creator/PlaneFight/assets/Scripts/GameManager.ts
10:39:48.275 debug: transform url: 'file:///Users/zhao/Desktop/test/cocos-creator/PlaneFight/assets/Scripts/GameManager.ts' costs: 11.20 ms
10:39:48.276 debug: Resolve cce:/internal/code-quality/cr.mjs from file:///Users/zhao/Desktop/test/cocos-creator/PlaneFight/assets/Scripts/GameManager.ts as cce:/internal/code-quality/cr.mjs.
10:39:48.276 debug: Resolve cc from file:///Users/zhao/Desktop/test/cocos-creator/PlaneFight/assets/Scripts/GameManager.ts as cce:/internal/x/cc.
10:39:48.276 debug: Resolve cc from file:///Users/zhao/Desktop/test/cocos-creator/PlaneFight/assets/Scripts/GameManager.ts as cce:/internal/x/cc.
10:39:48.276 debug: Resolve cc from file:///Users/zhao/Desktop/test/cocos-creator/PlaneFight/assets/Scripts/GameManager.ts as cce:/internal/x/cc.
10:39:48.276 debug: Resolve ./EmemyBox from file:///Users/zhao/Desktop/test/cocos-creator/PlaneFight/assets/Scripts/GameManager.ts as file:///Users/zhao/Desktop/test/cocos-creator/PlaneFight/assets/Scripts/EmemyBox.ts.
10:39:48.281 debug: Target(preview) ends with cost 23.350750000216067ms.
10:40:55.636 debug: Dispatch build request for time accumulated 1 asset changes.
10:40:55.639 debug: Build iteration starts.
Number of accumulated asset changes: 1
Feature changed: false
10:40:55.640 debug: Target(editor) build started.
10:40:55.643 debug: Detected change: cce:/internal/x/prerequisite-imports. Last mtime: Thu Jan 01 1970 08:49:45 GMT+0800 (中国标准时间), Current mtime: Thu Jan 01 1970 08:50:52 GMT+0800 (中国标准时间)
10:40:55.643 debug: Inspect cce:/internal/x/prerequisite-imports
10:40:55.651 debug: transform url: 'cce:/internal/x/prerequisite-imports' costs: 7.80 ms
10:40:55.652 debug: Resolve file:///Applications/Cocos/Creator/3.8.6/CocosCreator.app/Contents/Resources/resources/3d/engine/editor/assets/default_renderpipeline/builtin-dof-pass.ts from cce:/internal/x/prerequisite-imports as file:///Applications/Cocos/Creator/3.8.6/CocosCreator.app/Contents/Resources/resources/3d/engine/editor/assets/default_renderpipeline/builtin-dof-pass.ts.
10:40:55.653 debug: Resolve file:///Applications/Cocos/Creator/3.8.6/CocosCreator.app/Contents/Resources/resources/3d/engine/editor/assets/default_renderpipeline/builtin-pipeline-pass.ts from cce:/internal/x/prerequisite-imports as file:///Applications/Cocos/Creator/3.8.6/CocosCreator.app/Contents/Resources/resources/3d/engine/editor/assets/default_renderpipeline/builtin-pipeline-pass.ts.
10:40:55.653 debug: Resolve file:///Applications/Cocos/Creator/3.8.6/CocosCreator.app/Contents/Resources/resources/3d/engine/editor/assets/default_renderpipeline/builtin-pipeline-settings.ts from cce:/internal/x/prerequisite-imports as file:///Applications/Cocos/Creator/3.8.6/CocosCreator.app/Contents/Resources/resources/3d/engine/editor/assets/default_renderpipeline/builtin-pipeline-settings.ts.
10:40:55.653 debug: Resolve file:///Applications/Cocos/Creator/3.8.6/CocosCreator.app/Contents/Resources/resources/3d/engine/editor/assets/default_renderpipeline/builtin-pipeline-types.ts from cce:/internal/x/prerequisite-imports as file:///Applications/Cocos/Creator/3.8.6/CocosCreator.app/Contents/Resources/resources/3d/engine/editor/assets/default_renderpipeline/builtin-pipeline-types.ts.
10:40:55.653 debug: Resolve file:///Applications/Cocos/Creator/3.8.6/CocosCreator.app/Contents/Resources/resources/3d/engine/editor/assets/default_renderpipeline/builtin-pipeline.ts from cce:/internal/x/prerequisite-imports as file:///Applications/Cocos/Creator/3.8.6/CocosCreator.app/Contents/Resources/resources/3d/engine/editor/assets/default_renderpipeline/builtin-pipeline.ts.
10:40:55.653 debug: Resolve file:///Applications/Cocos/Creator/3.8.6/CocosCreator.app/Contents/Resources/resources/3d/engine/editor/assets/tools/debug-view-runtime-control.ts from cce:/internal/x/prerequisite-imports as file:///Applications/Cocos/Creator/3.8.6/CocosCreator.app/Contents/Resources/resources/3d/engine/editor/assets/tools/debug-view-runtime-control.ts.
10:40:55.653 debug: Resolve file:///Users/zhao/Desktop/test/cocos-creator/PlaneFight/assets/Scripts/BgBox.ts from cce:/internal/x/prerequisite-imports as file:///Users/zhao/Desktop/test/cocos-creator/PlaneFight/assets/Scripts/BgBox.ts.
10:40:55.653 debug: Resolve file:///Users/zhao/Desktop/test/cocos-creator/PlaneFight/assets/Scripts/Ememy.ts from cce:/internal/x/prerequisite-imports as file:///Users/zhao/Desktop/test/cocos-creator/PlaneFight/assets/Scripts/Ememy.ts.
10:40:55.653 debug: Resolve file:///Users/zhao/Desktop/test/cocos-creator/PlaneFight/assets/Scripts/EmemyBox.ts from cce:/internal/x/prerequisite-imports as file:///Users/zhao/Desktop/test/cocos-creator/PlaneFight/assets/Scripts/EmemyBox.ts.
10:40:55.653 debug: Resolve file:///Users/zhao/Desktop/test/cocos-creator/PlaneFight/assets/Scripts/GameManager.ts from cce:/internal/x/prerequisite-imports as file:///Users/zhao/Desktop/test/cocos-creator/PlaneFight/assets/Scripts/GameManager.ts.
10:40:55.653 debug: Detected change: file:///Users/zhao/Desktop/test/cocos-creator/PlaneFight/assets/Scripts/GameManager.ts. Last mtime: Fri Jul 18 2025 10:39:45 GMT+0800 (中国标准时间)@04b8d335-2cbf-453a-9fb4-20b7d50b6131, Current mtime: Fri Jul 18 2025 10:40:41 GMT+0800 (中国标准时间)@04b8d335-2cbf-453a-9fb4-20b7d50b6131
10:40:55.653 debug: Inspect file:///Users/zhao/Desktop/test/cocos-creator/PlaneFight/assets/Scripts/GameManager.ts
10:40:55.666 debug: transform url: 'file:///Users/zhao/Desktop/test/cocos-creator/PlaneFight/assets/Scripts/GameManager.ts' costs: 12.80 ms
10:40:55.668 debug: Resolve cce:/internal/code-quality/cr.mjs from file:///Users/zhao/Desktop/test/cocos-creator/PlaneFight/assets/Scripts/GameManager.ts as cce:/internal/code-quality/cr.mjs.
10:40:55.668 debug: Resolve cc from file:///Users/zhao/Desktop/test/cocos-creator/PlaneFight/assets/Scripts/GameManager.ts as cce:/internal/x/cc.
10:40:55.668 debug: Resolve cc from file:///Users/zhao/Desktop/test/cocos-creator/PlaneFight/assets/Scripts/GameManager.ts as cce:/internal/x/cc.
10:40:55.668 debug: Resolve cc from file:///Users/zhao/Desktop/test/cocos-creator/PlaneFight/assets/Scripts/GameManager.ts as cce:/internal/x/cc.
10:40:55.668 debug: Resolve ./EmemyBox from file:///Users/zhao/Desktop/test/cocos-creator/PlaneFight/assets/Scripts/GameManager.ts as file:///Users/zhao/Desktop/test/cocos-creator/PlaneFight/assets/Scripts/EmemyBox.ts.
10:40:55.671 debug: Target(editor) ends with cost 31.336666999850422ms.
10:40:55.671 debug: Target(preview) build started.
10:40:55.673 debug: Detected change: cce:/internal/x/prerequisite-imports. Last mtime: Thu Jan 01 1970 08:49:45 GMT+0800 (中国标准时间), Current mtime: Thu Jan 01 1970 08:50:52 GMT+0800 (中国标准时间)
10:40:55.673 debug: Inspect cce:/internal/x/prerequisite-imports
10:40:55.679 debug: transform url: 'cce:/internal/x/prerequisite-imports' costs: 5.60 ms
10:40:55.680 debug: Resolve file:///Applications/Cocos/Creator/3.8.6/CocosCreator.app/Contents/Resources/resources/3d/engine/editor/assets/default_renderpipeline/builtin-dof-pass.ts from cce:/internal/x/prerequisite-imports as file:///Applications/Cocos/Creator/3.8.6/CocosCreator.app/Contents/Resources/resources/3d/engine/editor/assets/default_renderpipeline/builtin-dof-pass.ts.
10:40:55.680 debug: Resolve file:///Applications/Cocos/Creator/3.8.6/CocosCreator.app/Contents/Resources/resources/3d/engine/editor/assets/default_renderpipeline/builtin-pipeline-pass.ts from cce:/internal/x/prerequisite-imports as file:///Applications/Cocos/Creator/3.8.6/CocosCreator.app/Contents/Resources/resources/3d/engine/editor/assets/default_renderpipeline/builtin-pipeline-pass.ts.
10:40:55.680 debug: Resolve file:///Applications/Cocos/Creator/3.8.6/CocosCreator.app/Contents/Resources/resources/3d/engine/editor/assets/default_renderpipeline/builtin-pipeline-settings.ts from cce:/internal/x/prerequisite-imports as file:///Applications/Cocos/Creator/3.8.6/CocosCreator.app/Contents/Resources/resources/3d/engine/editor/assets/default_renderpipeline/builtin-pipeline-settings.ts.
10:40:55.680 debug: Resolve file:///Applications/Cocos/Creator/3.8.6/CocosCreator.app/Contents/Resources/resources/3d/engine/editor/assets/default_renderpipeline/builtin-pipeline-types.ts from cce:/internal/x/prerequisite-imports as file:///Applications/Cocos/Creator/3.8.6/CocosCreator.app/Contents/Resources/resources/3d/engine/editor/assets/default_renderpipeline/builtin-pipeline-types.ts.
10:40:55.680 debug: Resolve file:///Applications/Cocos/Creator/3.8.6/CocosCreator.app/Contents/Resources/resources/3d/engine/editor/assets/default_renderpipeline/builtin-pipeline.ts from cce:/internal/x/prerequisite-imports as file:///Applications/Cocos/Creator/3.8.6/CocosCreator.app/Contents/Resources/resources/3d/engine/editor/assets/default_renderpipeline/builtin-pipeline.ts.
10:40:55.680 debug: Resolve file:///Applications/Cocos/Creator/3.8.6/CocosCreator.app/Contents/Resources/resources/3d/engine/editor/assets/tools/debug-view-runtime-control.ts from cce:/internal/x/prerequisite-imports as file:///Applications/Cocos/Creator/3.8.6/CocosCreator.app/Contents/Resources/resources/3d/engine/editor/assets/tools/debug-view-runtime-control.ts.
10:40:55.680 debug: Resolve file:///Users/zhao/Desktop/test/cocos-creator/PlaneFight/assets/Scripts/BgBox.ts from cce:/internal/x/prerequisite-imports as file:///Users/zhao/Desktop/test/cocos-creator/PlaneFight/assets/Scripts/BgBox.ts.
10:40:55.680 debug: Resolve file:///Users/zhao/Desktop/test/cocos-creator/PlaneFight/assets/Scripts/Ememy.ts from cce:/internal/x/prerequisite-imports as file:///Users/zhao/Desktop/test/cocos-creator/PlaneFight/assets/Scripts/Ememy.ts.
10:40:55.681 debug: Resolve file:///Users/zhao/Desktop/test/cocos-creator/PlaneFight/assets/Scripts/EmemyBox.ts from cce:/internal/x/prerequisite-imports as file:///Users/zhao/Desktop/test/cocos-creator/PlaneFight/assets/Scripts/EmemyBox.ts.
10:40:55.681 debug: Resolve file:///Users/zhao/Desktop/test/cocos-creator/PlaneFight/assets/Scripts/GameManager.ts from cce:/internal/x/prerequisite-imports as file:///Users/zhao/Desktop/test/cocos-creator/PlaneFight/assets/Scripts/GameManager.ts.
10:40:55.681 debug: Detected change: file:///Users/zhao/Desktop/test/cocos-creator/PlaneFight/assets/Scripts/GameManager.ts. Last mtime: Fri Jul 18 2025 10:39:45 GMT+0800 (中国标准时间)@04b8d335-2cbf-453a-9fb4-20b7d50b6131, Current mtime: Fri Jul 18 2025 10:40:41 GMT+0800 (中国标准时间)@04b8d335-2cbf-453a-9fb4-20b7d50b6131
10:40:55.681 debug: Inspect file:///Users/zhao/Desktop/test/cocos-creator/PlaneFight/assets/Scripts/GameManager.ts
10:40:55.692 debug: transform url: 'file:///Users/zhao/Desktop/test/cocos-creator/PlaneFight/assets/Scripts/GameManager.ts' costs: 11.40 ms
10:40:55.693 debug: Resolve cce:/internal/code-quality/cr.mjs from file:///Users/zhao/Desktop/test/cocos-creator/PlaneFight/assets/Scripts/GameManager.ts as cce:/internal/code-quality/cr.mjs.
10:40:55.693 debug: Resolve cc from file:///Users/zhao/Desktop/test/cocos-creator/PlaneFight/assets/Scripts/GameManager.ts as cce:/internal/x/cc.
10:40:55.693 debug: Resolve cc from file:///Users/zhao/Desktop/test/cocos-creator/PlaneFight/assets/Scripts/GameManager.ts as cce:/internal/x/cc.
10:40:55.693 debug: Resolve cc from file:///Users/zhao/Desktop/test/cocos-creator/PlaneFight/assets/Scripts/GameManager.ts as cce:/internal/x/cc.
10:40:55.693 debug: Resolve ./EmemyBox from file:///Users/zhao/Desktop/test/cocos-creator/PlaneFight/assets/Scripts/GameManager.ts as file:///Users/zhao/Desktop/test/cocos-creator/PlaneFight/assets/Scripts/EmemyBox.ts.
10:40:55.698 debug: Target(preview) ends with cost 26.433457999955863ms.
10:41:20.671 debug: Dispatch build request for time accumulated 1 asset changes.
10:41:20.672 debug: Build iteration starts.
Number of accumulated asset changes: 1
Feature changed: false
10:41:20.672 debug: Target(editor) build started.
10:41:20.674 debug: Detected change: cce:/internal/x/prerequisite-imports. Last mtime: Thu Jan 01 1970 08:50:52 GMT+0800 (中国标准时间), Current mtime: Thu Jan 01 1970 08:51:17 GMT+0800 (中国标准时间)
10:41:20.674 debug: Inspect cce:/internal/x/prerequisite-imports
10:41:20.679 debug: transform url: 'cce:/internal/x/prerequisite-imports' costs: 5.20 ms
10:41:20.680 debug: Resolve file:///Applications/Cocos/Creator/3.8.6/CocosCreator.app/Contents/Resources/resources/3d/engine/editor/assets/default_renderpipeline/builtin-dof-pass.ts from cce:/internal/x/prerequisite-imports as file:///Applications/Cocos/Creator/3.8.6/CocosCreator.app/Contents/Resources/resources/3d/engine/editor/assets/default_renderpipeline/builtin-dof-pass.ts.
10:41:20.680 debug: Resolve file:///Applications/Cocos/Creator/3.8.6/CocosCreator.app/Contents/Resources/resources/3d/engine/editor/assets/default_renderpipeline/builtin-pipeline-pass.ts from cce:/internal/x/prerequisite-imports as file:///Applications/Cocos/Creator/3.8.6/CocosCreator.app/Contents/Resources/resources/3d/engine/editor/assets/default_renderpipeline/builtin-pipeline-pass.ts.
10:41:20.680 debug: Resolve file:///Applications/Cocos/Creator/3.8.6/CocosCreator.app/Contents/Resources/resources/3d/engine/editor/assets/default_renderpipeline/builtin-pipeline-settings.ts from cce:/internal/x/prerequisite-imports as file:///Applications/Cocos/Creator/3.8.6/CocosCreator.app/Contents/Resources/resources/3d/engine/editor/assets/default_renderpipeline/builtin-pipeline-settings.ts.
10:41:20.680 debug: Resolve file:///Applications/Cocos/Creator/3.8.6/CocosCreator.app/Contents/Resources/resources/3d/engine/editor/assets/default_renderpipeline/builtin-pipeline-types.ts from cce:/internal/x/prerequisite-imports as file:///Applications/Cocos/Creator/3.8.6/CocosCreator.app/Contents/Resources/resources/3d/engine/editor/assets/default_renderpipeline/builtin-pipeline-types.ts.
10:41:20.680 debug: Resolve file:///Applications/Cocos/Creator/3.8.6/CocosCreator.app/Contents/Resources/resources/3d/engine/editor/assets/default_renderpipeline/builtin-pipeline.ts from cce:/internal/x/prerequisite-imports as file:///Applications/Cocos/Creator/3.8.6/CocosCreator.app/Contents/Resources/resources/3d/engine/editor/assets/default_renderpipeline/builtin-pipeline.ts.
10:41:20.680 debug: Resolve file:///Applications/Cocos/Creator/3.8.6/CocosCreator.app/Contents/Resources/resources/3d/engine/editor/assets/tools/debug-view-runtime-control.ts from cce:/internal/x/prerequisite-imports as file:///Applications/Cocos/Creator/3.8.6/CocosCreator.app/Contents/Resources/resources/3d/engine/editor/assets/tools/debug-view-runtime-control.ts.
10:41:20.680 debug: Resolve file:///Users/zhao/Desktop/test/cocos-creator/PlaneFight/assets/Scripts/BgBox.ts from cce:/internal/x/prerequisite-imports as file:///Users/zhao/Desktop/test/cocos-creator/PlaneFight/assets/Scripts/BgBox.ts.
10:41:20.680 debug: Resolve file:///Users/zhao/Desktop/test/cocos-creator/PlaneFight/assets/Scripts/Ememy.ts from cce:/internal/x/prerequisite-imports as file:///Users/zhao/Desktop/test/cocos-creator/PlaneFight/assets/Scripts/Ememy.ts.
10:41:20.680 debug: Resolve file:///Users/zhao/Desktop/test/cocos-creator/PlaneFight/assets/Scripts/EmemyBox.ts from cce:/internal/x/prerequisite-imports as file:///Users/zhao/Desktop/test/cocos-creator/PlaneFight/assets/Scripts/EmemyBox.ts.
10:41:20.680 debug: Detected change: file:///Users/zhao/Desktop/test/cocos-creator/PlaneFight/assets/Scripts/EmemyBox.ts. Last mtime: Fri Jul 18 2025 10:38:27 GMT+0800 (中国标准时间)@92db9fc8-3289-4a05-8403-d965f95f1cfc, Current mtime: Fri Jul 18 2025 10:41:18 GMT+0800 (中国标准时间)@92db9fc8-3289-4a05-8403-d965f95f1cfc
10:41:20.680 debug: Inspect file:///Users/zhao/Desktop/test/cocos-creator/PlaneFight/assets/Scripts/EmemyBox.ts
10:41:20.694 debug: transform url: 'file:///Users/zhao/Desktop/test/cocos-creator/PlaneFight/assets/Scripts/EmemyBox.ts' costs: 13.50 ms
10:41:20.695 debug: Resolve file:///Users/zhao/Desktop/test/cocos-creator/PlaneFight/assets/Scripts/GameManager.ts from cce:/internal/x/prerequisite-imports as file:///Users/zhao/Desktop/test/cocos-creator/PlaneFight/assets/Scripts/GameManager.ts.
10:41:20.695 debug: Resolve cc from file:///Users/zhao/Desktop/test/cocos-creator/PlaneFight/assets/Scripts/EmemyBox.ts as cce:/internal/x/cc.
10:41:20.695 debug: Resolve cc from file:///Users/zhao/Desktop/test/cocos-creator/PlaneFight/assets/Scripts/EmemyBox.ts as cce:/internal/x/cc.
10:41:20.695 debug: Resolve cc from file:///Users/zhao/Desktop/test/cocos-creator/PlaneFight/assets/Scripts/EmemyBox.ts as cce:/internal/x/cc.
10:41:20.697 debug: Target(editor) ends with cost 24.5877080000937ms.
10:41:20.697 debug: Target(preview) build started.
10:41:20.698 debug: Detected change: cce:/internal/x/prerequisite-imports. Last mtime: Thu Jan 01 1970 08:50:52 GMT+0800 (中国标准时间), Current mtime: Thu Jan 01 1970 08:51:17 GMT+0800 (中国标准时间)
10:41:20.698 debug: Inspect cce:/internal/x/prerequisite-imports
10:41:20.703 debug: transform url: 'cce:/internal/x/prerequisite-imports' costs: 5.60 ms
10:41:20.704 debug: Resolve file:///Applications/Cocos/Creator/3.8.6/CocosCreator.app/Contents/Resources/resources/3d/engine/editor/assets/default_renderpipeline/builtin-dof-pass.ts from cce:/internal/x/prerequisite-imports as file:///Applications/Cocos/Creator/3.8.6/CocosCreator.app/Contents/Resources/resources/3d/engine/editor/assets/default_renderpipeline/builtin-dof-pass.ts.
10:41:20.704 debug: Resolve file:///Applications/Cocos/Creator/3.8.6/CocosCreator.app/Contents/Resources/resources/3d/engine/editor/assets/default_renderpipeline/builtin-pipeline-pass.ts from cce:/internal/x/prerequisite-imports as file:///Applications/Cocos/Creator/3.8.6/CocosCreator.app/Contents/Resources/resources/3d/engine/editor/assets/default_renderpipeline/builtin-pipeline-pass.ts.
10:41:20.704 debug: Resolve file:///Applications/Cocos/Creator/3.8.6/CocosCreator.app/Contents/Resources/resources/3d/engine/editor/assets/default_renderpipeline/builtin-pipeline-settings.ts from cce:/internal/x/prerequisite-imports as file:///Applications/Cocos/Creator/3.8.6/CocosCreator.app/Contents/Resources/resources/3d/engine/editor/assets/default_renderpipeline/builtin-pipeline-settings.ts.
10:41:20.704 debug: Resolve file:///Applications/Cocos/Creator/3.8.6/CocosCreator.app/Contents/Resources/resources/3d/engine/editor/assets/default_renderpipeline/builtin-pipeline-types.ts from cce:/internal/x/prerequisite-imports as file:///Applications/Cocos/Creator/3.8.6/CocosCreator.app/Contents/Resources/resources/3d/engine/editor/assets/default_renderpipeline/builtin-pipeline-types.ts.
10:41:20.704 debug: Resolve file:///Applications/Cocos/Creator/3.8.6/CocosCreator.app/Contents/Resources/resources/3d/engine/editor/assets/default_renderpipeline/builtin-pipeline.ts from cce:/internal/x/prerequisite-imports as file:///Applications/Cocos/Creator/3.8.6/CocosCreator.app/Contents/Resources/resources/3d/engine/editor/assets/default_renderpipeline/builtin-pipeline.ts.
10:41:20.704 debug: Resolve file:///Applications/Cocos/Creator/3.8.6/CocosCreator.app/Contents/Resources/resources/3d/engine/editor/assets/tools/debug-view-runtime-control.ts from cce:/internal/x/prerequisite-imports as file:///Applications/Cocos/Creator/3.8.6/CocosCreator.app/Contents/Resources/resources/3d/engine/editor/assets/tools/debug-view-runtime-control.ts.
10:41:20.704 debug: Resolve file:///Users/zhao/Desktop/test/cocos-creator/PlaneFight/assets/Scripts/BgBox.ts from cce:/internal/x/prerequisite-imports as file:///Users/zhao/Desktop/test/cocos-creator/PlaneFight/assets/Scripts/BgBox.ts.
10:41:20.704 debug: Resolve file:///Users/zhao/Desktop/test/cocos-creator/PlaneFight/assets/Scripts/Ememy.ts from cce:/internal/x/prerequisite-imports as file:///Users/zhao/Desktop/test/cocos-creator/PlaneFight/assets/Scripts/Ememy.ts.
10:41:20.704 debug: Resolve file:///Users/zhao/Desktop/test/cocos-creator/PlaneFight/assets/Scripts/EmemyBox.ts from cce:/internal/x/prerequisite-imports as file:///Users/zhao/Desktop/test/cocos-creator/PlaneFight/assets/Scripts/EmemyBox.ts.
10:41:20.704 debug: Detected change: file:///Users/zhao/Desktop/test/cocos-creator/PlaneFight/assets/Scripts/EmemyBox.ts. Last mtime: Fri Jul 18 2025 10:38:27 GMT+0800 (中国标准时间)@92db9fc8-3289-4a05-8403-d965f95f1cfc, Current mtime: Fri Jul 18 2025 10:41:18 GMT+0800 (中国标准时间)@92db9fc8-3289-4a05-8403-d965f95f1cfc
10:41:20.704 debug: Inspect file:///Users/zhao/Desktop/test/cocos-creator/PlaneFight/assets/Scripts/EmemyBox.ts
10:41:20.724 debug: transform url: 'file:///Users/zhao/Desktop/test/cocos-creator/PlaneFight/assets/Scripts/EmemyBox.ts' costs: 19.10 ms
10:41:20.724 debug: Resolve file:///Users/zhao/Desktop/test/cocos-creator/PlaneFight/assets/Scripts/GameManager.ts from cce:/internal/x/prerequisite-imports as file:///Users/zhao/Desktop/test/cocos-creator/PlaneFight/assets/Scripts/GameManager.ts.
10:41:20.725 debug: Resolve cc from file:///Users/zhao/Desktop/test/cocos-creator/PlaneFight/assets/Scripts/EmemyBox.ts as cce:/internal/x/cc.
10:41:20.725 debug: Resolve cc from file:///Users/zhao/Desktop/test/cocos-creator/PlaneFight/assets/Scripts/EmemyBox.ts as cce:/internal/x/cc.
10:41:20.725 debug: Resolve cc from file:///Users/zhao/Desktop/test/cocos-creator/PlaneFight/assets/Scripts/EmemyBox.ts as cce:/internal/x/cc.
10:41:20.727 debug: Target(preview) ends with cost 30.350999999791384ms.
10:41:37.902 debug: Dispatch build request for time accumulated 1 asset changes.
10:41:37.903 debug: Build iteration starts.
Number of accumulated asset changes: 1
Feature changed: false
10:41:37.904 debug: Target(editor) build started.
10:41:37.905 debug: Detected change: cce:/internal/x/prerequisite-imports. Last mtime: Thu Jan 01 1970 08:51:17 GMT+0800 (中国标准时间), Current mtime: Thu Jan 01 1970 08:51:34 GMT+0800 (中国标准时间)
10:41:37.905 debug: Inspect cce:/internal/x/prerequisite-imports
10:41:37.910 debug: transform url: 'cce:/internal/x/prerequisite-imports' costs: 5.50 ms
10:41:37.911 debug: Resolve file:///Applications/Cocos/Creator/3.8.6/CocosCreator.app/Contents/Resources/resources/3d/engine/editor/assets/default_renderpipeline/builtin-dof-pass.ts from cce:/internal/x/prerequisite-imports as file:///Applications/Cocos/Creator/3.8.6/CocosCreator.app/Contents/Resources/resources/3d/engine/editor/assets/default_renderpipeline/builtin-dof-pass.ts.
10:41:37.911 debug: Resolve file:///Applications/Cocos/Creator/3.8.6/CocosCreator.app/Contents/Resources/resources/3d/engine/editor/assets/default_renderpipeline/builtin-pipeline-pass.ts from cce:/internal/x/prerequisite-imports as file:///Applications/Cocos/Creator/3.8.6/CocosCreator.app/Contents/Resources/resources/3d/engine/editor/assets/default_renderpipeline/builtin-pipeline-pass.ts.
10:41:37.911 debug: Resolve file:///Applications/Cocos/Creator/3.8.6/CocosCreator.app/Contents/Resources/resources/3d/engine/editor/assets/default_renderpipeline/builtin-pipeline-settings.ts from cce:/internal/x/prerequisite-imports as file:///Applications/Cocos/Creator/3.8.6/CocosCreator.app/Contents/Resources/resources/3d/engine/editor/assets/default_renderpipeline/builtin-pipeline-settings.ts.
10:41:37.911 debug: Resolve file:///Applications/Cocos/Creator/3.8.6/CocosCreator.app/Contents/Resources/resources/3d/engine/editor/assets/default_renderpipeline/builtin-pipeline-types.ts from cce:/internal/x/prerequisite-imports as file:///Applications/Cocos/Creator/3.8.6/CocosCreator.app/Contents/Resources/resources/3d/engine/editor/assets/default_renderpipeline/builtin-pipeline-types.ts.
10:41:37.911 debug: Resolve file:///Applications/Cocos/Creator/3.8.6/CocosCreator.app/Contents/Resources/resources/3d/engine/editor/assets/default_renderpipeline/builtin-pipeline.ts from cce:/internal/x/prerequisite-imports as file:///Applications/Cocos/Creator/3.8.6/CocosCreator.app/Contents/Resources/resources/3d/engine/editor/assets/default_renderpipeline/builtin-pipeline.ts.
10:41:37.911 debug: Resolve file:///Applications/Cocos/Creator/3.8.6/CocosCreator.app/Contents/Resources/resources/3d/engine/editor/assets/tools/debug-view-runtime-control.ts from cce:/internal/x/prerequisite-imports as file:///Applications/Cocos/Creator/3.8.6/CocosCreator.app/Contents/Resources/resources/3d/engine/editor/assets/tools/debug-view-runtime-control.ts.
10:41:37.911 debug: Resolve file:///Users/zhao/Desktop/test/cocos-creator/PlaneFight/assets/Scripts/BgBox.ts from cce:/internal/x/prerequisite-imports as file:///Users/zhao/Desktop/test/cocos-creator/PlaneFight/assets/Scripts/BgBox.ts.
10:41:37.911 debug: Resolve file:///Users/zhao/Desktop/test/cocos-creator/PlaneFight/assets/Scripts/Ememy.ts from cce:/internal/x/prerequisite-imports as file:///Users/zhao/Desktop/test/cocos-creator/PlaneFight/assets/Scripts/Ememy.ts.
10:41:37.911 debug: Resolve file:///Users/zhao/Desktop/test/cocos-creator/PlaneFight/assets/Scripts/EmemyBox.ts from cce:/internal/x/prerequisite-imports as file:///Users/zhao/Desktop/test/cocos-creator/PlaneFight/assets/Scripts/EmemyBox.ts.
10:41:37.911 debug: Detected change: file:///Users/zhao/Desktop/test/cocos-creator/PlaneFight/assets/Scripts/EmemyBox.ts. Last mtime: Fri Jul 18 2025 10:41:18 GMT+0800 (中国标准时间)@92db9fc8-3289-4a05-8403-d965f95f1cfc, Current mtime: Fri Jul 18 2025 10:41:37 GMT+0800 (中国标准时间)@92db9fc8-3289-4a05-8403-d965f95f1cfc
10:41:37.911 debug: Inspect file:///Users/zhao/Desktop/test/cocos-creator/PlaneFight/assets/Scripts/EmemyBox.ts
10:41:37.923 debug: transform url: 'file:///Users/zhao/Desktop/test/cocos-creator/PlaneFight/assets/Scripts/EmemyBox.ts' costs: 11.80 ms
10:41:37.924 debug: Resolve file:///Users/zhao/Desktop/test/cocos-creator/PlaneFight/assets/Scripts/GameManager.ts from cce:/internal/x/prerequisite-imports as file:///Users/zhao/Desktop/test/cocos-creator/PlaneFight/assets/Scripts/GameManager.ts.
10:41:37.924 debug: Resolve cc from file:///Users/zhao/Desktop/test/cocos-creator/PlaneFight/assets/Scripts/EmemyBox.ts as cce:/internal/x/cc.
10:41:37.924 debug: Resolve cc from file:///Users/zhao/Desktop/test/cocos-creator/PlaneFight/assets/Scripts/EmemyBox.ts as cce:/internal/x/cc.
10:41:37.924 debug: Resolve cc from file:///Users/zhao/Desktop/test/cocos-creator/PlaneFight/assets/Scripts/EmemyBox.ts as cce:/internal/x/cc.
10:41:37.926 debug: Target(editor) ends with cost 22.58233299991116ms.
10:41:37.926 debug: Target(preview) build started.
10:41:37.927 debug: Detected change: cce:/internal/x/prerequisite-imports. Last mtime: Thu Jan 01 1970 08:51:17 GMT+0800 (中国标准时间), Current mtime: Thu Jan 01 1970 08:51:35 GMT+0800 (中国标准时间)
10:41:37.927 debug: Inspect cce:/internal/x/prerequisite-imports
10:41:37.932 debug: transform url: 'cce:/internal/x/prerequisite-imports' costs: 4.90 ms
10:41:37.933 debug: Resolve file:///Applications/Cocos/Creator/3.8.6/CocosCreator.app/Contents/Resources/resources/3d/engine/editor/assets/default_renderpipeline/builtin-dof-pass.ts from cce:/internal/x/prerequisite-imports as file:///Applications/Cocos/Creator/3.8.6/CocosCreator.app/Contents/Resources/resources/3d/engine/editor/assets/default_renderpipeline/builtin-dof-pass.ts.
10:41:37.933 debug: Resolve file:///Applications/Cocos/Creator/3.8.6/CocosCreator.app/Contents/Resources/resources/3d/engine/editor/assets/default_renderpipeline/builtin-pipeline-pass.ts from cce:/internal/x/prerequisite-imports as file:///Applications/Cocos/Creator/3.8.6/CocosCreator.app/Contents/Resources/resources/3d/engine/editor/assets/default_renderpipeline/builtin-pipeline-pass.ts.
10:41:37.933 debug: Resolve file:///Applications/Cocos/Creator/3.8.6/CocosCreator.app/Contents/Resources/resources/3d/engine/editor/assets/default_renderpipeline/builtin-pipeline-settings.ts from cce:/internal/x/prerequisite-imports as file:///Applications/Cocos/Creator/3.8.6/CocosCreator.app/Contents/Resources/resources/3d/engine/editor/assets/default_renderpipeline/builtin-pipeline-settings.ts.
10:41:37.933 debug: Resolve file:///Applications/Cocos/Creator/3.8.6/CocosCreator.app/Contents/Resources/resources/3d/engine/editor/assets/default_renderpipeline/builtin-pipeline-types.ts from cce:/internal/x/prerequisite-imports as file:///Applications/Cocos/Creator/3.8.6/CocosCreator.app/Contents/Resources/resources/3d/engine/editor/assets/default_renderpipeline/builtin-pipeline-types.ts.
10:41:37.933 debug: Resolve file:///Applications/Cocos/Creator/3.8.6/CocosCreator.app/Contents/Resources/resources/3d/engine/editor/assets/default_renderpipeline/builtin-pipeline.ts from cce:/internal/x/prerequisite-imports as file:///Applications/Cocos/Creator/3.8.6/CocosCreator.app/Contents/Resources/resources/3d/engine/editor/assets/default_renderpipeline/builtin-pipeline.ts.
10:41:37.933 debug: Resolve file:///Applications/Cocos/Creator/3.8.6/CocosCreator.app/Contents/Resources/resources/3d/engine/editor/assets/tools/debug-view-runtime-control.ts from cce:/internal/x/prerequisite-imports as file:///Applications/Cocos/Creator/3.8.6/CocosCreator.app/Contents/Resources/resources/3d/engine/editor/assets/tools/debug-view-runtime-control.ts.
10:41:37.933 debug: Resolve file:///Users/zhao/Desktop/test/cocos-creator/PlaneFight/assets/Scripts/BgBox.ts from cce:/internal/x/prerequisite-imports as file:///Users/zhao/Desktop/test/cocos-creator/PlaneFight/assets/Scripts/BgBox.ts.
10:41:37.933 debug: Resolve file:///Users/zhao/Desktop/test/cocos-creator/PlaneFight/assets/Scripts/Ememy.ts from cce:/internal/x/prerequisite-imports as file:///Users/zhao/Desktop/test/cocos-creator/PlaneFight/assets/Scripts/Ememy.ts.
10:41:37.933 debug: Resolve file:///Users/zhao/Desktop/test/cocos-creator/PlaneFight/assets/Scripts/EmemyBox.ts from cce:/internal/x/prerequisite-imports as file:///Users/zhao/Desktop/test/cocos-creator/PlaneFight/assets/Scripts/EmemyBox.ts.
10:41:37.933 debug: Detected change: file:///Users/zhao/Desktop/test/cocos-creator/PlaneFight/assets/Scripts/EmemyBox.ts. Last mtime: Fri Jul 18 2025 10:41:18 GMT+0800 (中国标准时间)@92db9fc8-3289-4a05-8403-d965f95f1cfc, Current mtime: Fri Jul 18 2025 10:41:37 GMT+0800 (中国标准时间)@92db9fc8-3289-4a05-8403-d965f95f1cfc
10:41:37.933 debug: Inspect file:///Users/zhao/Desktop/test/cocos-creator/PlaneFight/assets/Scripts/EmemyBox.ts
10:41:37.953 debug: transform url: 'file:///Users/zhao/Desktop/test/cocos-creator/PlaneFight/assets/Scripts/EmemyBox.ts' costs: 19.50 ms
10:41:37.953 debug: Resolve file:///Users/zhao/Desktop/test/cocos-creator/PlaneFight/assets/Scripts/GameManager.ts from cce:/internal/x/prerequisite-imports as file:///Users/zhao/Desktop/test/cocos-creator/PlaneFight/assets/Scripts/GameManager.ts.
10:41:37.953 debug: Resolve cc from file:///Users/zhao/Desktop/test/cocos-creator/PlaneFight/assets/Scripts/EmemyBox.ts as cce:/internal/x/cc.
10:41:37.953 debug: Resolve cc from file:///Users/zhao/Desktop/test/cocos-creator/PlaneFight/assets/Scripts/EmemyBox.ts as cce:/internal/x/cc.
10:41:37.954 debug: Resolve cc from file:///Users/zhao/Desktop/test/cocos-creator/PlaneFight/assets/Scripts/EmemyBox.ts as cce:/internal/x/cc.
10:41:37.956 debug: Target(preview) ends with cost 29.69933299999684ms.
10:42:00.494 debug: Dispatch build request for time accumulated 1 asset changes.
10:42:00.495 debug: Build iteration starts.
Number of accumulated asset changes: 1
Feature changed: false
10:42:00.495 debug: Target(editor) build started.
10:42:00.497 debug: Detected change: cce:/internal/x/prerequisite-imports. Last mtime: Thu Jan 01 1970 08:51:34 GMT+0800 (中国标准时间), Current mtime: Thu Jan 01 1970 08:51:57 GMT+0800 (中国标准时间)
10:42:00.497 debug: Inspect cce:/internal/x/prerequisite-imports
10:42:00.501 debug: transform url: 'cce:/internal/x/prerequisite-imports' costs: 4.20 ms
10:42:00.501 debug: Resolve file:///Applications/Cocos/Creator/3.8.6/CocosCreator.app/Contents/Resources/resources/3d/engine/editor/assets/default_renderpipeline/builtin-dof-pass.ts from cce:/internal/x/prerequisite-imports as file:///Applications/Cocos/Creator/3.8.6/CocosCreator.app/Contents/Resources/resources/3d/engine/editor/assets/default_renderpipeline/builtin-dof-pass.ts.
10:42:00.501 debug: Resolve file:///Applications/Cocos/Creator/3.8.6/CocosCreator.app/Contents/Resources/resources/3d/engine/editor/assets/default_renderpipeline/builtin-pipeline-pass.ts from cce:/internal/x/prerequisite-imports as file:///Applications/Cocos/Creator/3.8.6/CocosCreator.app/Contents/Resources/resources/3d/engine/editor/assets/default_renderpipeline/builtin-pipeline-pass.ts.
10:42:00.501 debug: Resolve file:///Applications/Cocos/Creator/3.8.6/CocosCreator.app/Contents/Resources/resources/3d/engine/editor/assets/default_renderpipeline/builtin-pipeline-settings.ts from cce:/internal/x/prerequisite-imports as file:///Applications/Cocos/Creator/3.8.6/CocosCreator.app/Contents/Resources/resources/3d/engine/editor/assets/default_renderpipeline/builtin-pipeline-settings.ts.
10:42:00.501 debug: Resolve file:///Applications/Cocos/Creator/3.8.6/CocosCreator.app/Contents/Resources/resources/3d/engine/editor/assets/default_renderpipeline/builtin-pipeline-types.ts from cce:/internal/x/prerequisite-imports as file:///Applications/Cocos/Creator/3.8.6/CocosCreator.app/Contents/Resources/resources/3d/engine/editor/assets/default_renderpipeline/builtin-pipeline-types.ts.
10:42:00.501 debug: Resolve file:///Applications/Cocos/Creator/3.8.6/CocosCreator.app/Contents/Resources/resources/3d/engine/editor/assets/default_renderpipeline/builtin-pipeline.ts from cce:/internal/x/prerequisite-imports as file:///Applications/Cocos/Creator/3.8.6/CocosCreator.app/Contents/Resources/resources/3d/engine/editor/assets/default_renderpipeline/builtin-pipeline.ts.
10:42:00.501 debug: Resolve file:///Applications/Cocos/Creator/3.8.6/CocosCreator.app/Contents/Resources/resources/3d/engine/editor/assets/tools/debug-view-runtime-control.ts from cce:/internal/x/prerequisite-imports as file:///Applications/Cocos/Creator/3.8.6/CocosCreator.app/Contents/Resources/resources/3d/engine/editor/assets/tools/debug-view-runtime-control.ts.
10:42:00.501 debug: Resolve file:///Users/zhao/Desktop/test/cocos-creator/PlaneFight/assets/Scripts/BgBox.ts from cce:/internal/x/prerequisite-imports as file:///Users/zhao/Desktop/test/cocos-creator/PlaneFight/assets/Scripts/BgBox.ts.
10:42:00.502 debug: Resolve file:///Users/zhao/Desktop/test/cocos-creator/PlaneFight/assets/Scripts/Ememy.ts from cce:/internal/x/prerequisite-imports as file:///Users/zhao/Desktop/test/cocos-creator/PlaneFight/assets/Scripts/Ememy.ts.
10:42:00.502 debug: Resolve file:///Users/zhao/Desktop/test/cocos-creator/PlaneFight/assets/Scripts/EmemyBox.ts from cce:/internal/x/prerequisite-imports as file:///Users/zhao/Desktop/test/cocos-creator/PlaneFight/assets/Scripts/EmemyBox.ts.
10:42:00.502 debug: Detected change: file:///Users/zhao/Desktop/test/cocos-creator/PlaneFight/assets/Scripts/EmemyBox.ts. Last mtime: Fri Jul 18 2025 10:41:37 GMT+0800 (中国标准时间)@92db9fc8-3289-4a05-8403-d965f95f1cfc, Current mtime: Fri Jul 18 2025 10:41:57 GMT+0800 (中国标准时间)@92db9fc8-3289-4a05-8403-d965f95f1cfc
10:42:00.502 debug: Inspect file:///Users/zhao/Desktop/test/cocos-creator/PlaneFight/assets/Scripts/EmemyBox.ts
10:42:00.512 debug: transform url: 'file:///Users/zhao/Desktop/test/cocos-creator/PlaneFight/assets/Scripts/EmemyBox.ts' costs: 10.40 ms
10:42:00.513 debug: Resolve file:///Users/zhao/Desktop/test/cocos-creator/PlaneFight/assets/Scripts/GameManager.ts from cce:/internal/x/prerequisite-imports as file:///Users/zhao/Desktop/test/cocos-creator/PlaneFight/assets/Scripts/GameManager.ts.
10:42:00.513 debug: Resolve cc from file:///Users/zhao/Desktop/test/cocos-creator/PlaneFight/assets/Scripts/EmemyBox.ts as cce:/internal/x/cc.
10:42:00.513 debug: Resolve cc from file:///Users/zhao/Desktop/test/cocos-creator/PlaneFight/assets/Scripts/EmemyBox.ts as cce:/internal/x/cc.
10:42:00.513 debug: Resolve cc from file:///Users/zhao/Desktop/test/cocos-creator/PlaneFight/assets/Scripts/EmemyBox.ts as cce:/internal/x/cc.
10:42:00.516 debug: Target(editor) ends with cost 20.315582999959588ms.
10:42:00.516 debug: Target(preview) build started.
10:42:00.517 debug: Detected change: cce:/internal/x/prerequisite-imports. Last mtime: Thu Jan 01 1970 08:51:35 GMT+0800 (中国标准时间), Current mtime: Thu Jan 01 1970 08:51:57 GMT+0800 (中国标准时间)
10:42:00.517 debug: Inspect cce:/internal/x/prerequisite-imports
10:42:00.522 debug: transform url: 'cce:/internal/x/prerequisite-imports' costs: 4.80 ms
10:42:00.522 debug: Resolve file:///Applications/Cocos/Creator/3.8.6/CocosCreator.app/Contents/Resources/resources/3d/engine/editor/assets/default_renderpipeline/builtin-dof-pass.ts from cce:/internal/x/prerequisite-imports as file:///Applications/Cocos/Creator/3.8.6/CocosCreator.app/Contents/Resources/resources/3d/engine/editor/assets/default_renderpipeline/builtin-dof-pass.ts.
10:42:00.522 debug: Resolve file:///Applications/Cocos/Creator/3.8.6/CocosCreator.app/Contents/Resources/resources/3d/engine/editor/assets/default_renderpipeline/builtin-pipeline-pass.ts from cce:/internal/x/prerequisite-imports as file:///Applications/Cocos/Creator/3.8.6/CocosCreator.app/Contents/Resources/resources/3d/engine/editor/assets/default_renderpipeline/builtin-pipeline-pass.ts.
10:42:00.522 debug: Resolve file:///Applications/Cocos/Creator/3.8.6/CocosCreator.app/Contents/Resources/resources/3d/engine/editor/assets/default_renderpipeline/builtin-pipeline-settings.ts from cce:/internal/x/prerequisite-imports as file:///Applications/Cocos/Creator/3.8.6/CocosCreator.app/Contents/Resources/resources/3d/engine/editor/assets/default_renderpipeline/builtin-pipeline-settings.ts.
10:42:00.522 debug: Resolve file:///Applications/Cocos/Creator/3.8.6/CocosCreator.app/Contents/Resources/resources/3d/engine/editor/assets/default_renderpipeline/builtin-pipeline-types.ts from cce:/internal/x/prerequisite-imports as file:///Applications/Cocos/Creator/3.8.6/CocosCreator.app/Contents/Resources/resources/3d/engine/editor/assets/default_renderpipeline/builtin-pipeline-types.ts.
10:42:00.522 debug: Resolve file:///Applications/Cocos/Creator/3.8.6/CocosCreator.app/Contents/Resources/resources/3d/engine/editor/assets/default_renderpipeline/builtin-pipeline.ts from cce:/internal/x/prerequisite-imports as file:///Applications/Cocos/Creator/3.8.6/CocosCreator.app/Contents/Resources/resources/3d/engine/editor/assets/default_renderpipeline/builtin-pipeline.ts.
10:42:00.522 debug: Resolve file:///Applications/Cocos/Creator/3.8.6/CocosCreator.app/Contents/Resources/resources/3d/engine/editor/assets/tools/debug-view-runtime-control.ts from cce:/internal/x/prerequisite-imports as file:///Applications/Cocos/Creator/3.8.6/CocosCreator.app/Contents/Resources/resources/3d/engine/editor/assets/tools/debug-view-runtime-control.ts.
10:42:00.522 debug: Resolve file:///Users/zhao/Desktop/test/cocos-creator/PlaneFight/assets/Scripts/BgBox.ts from cce:/internal/x/prerequisite-imports as file:///Users/zhao/Desktop/test/cocos-creator/PlaneFight/assets/Scripts/BgBox.ts.
10:42:00.522 debug: Resolve file:///Users/zhao/Desktop/test/cocos-creator/PlaneFight/assets/Scripts/Ememy.ts from cce:/internal/x/prerequisite-imports as file:///Users/zhao/Desktop/test/cocos-creator/PlaneFight/assets/Scripts/Ememy.ts.
10:42:00.522 debug: Resolve file:///Users/zhao/Desktop/test/cocos-creator/PlaneFight/assets/Scripts/EmemyBox.ts from cce:/internal/x/prerequisite-imports as file:///Users/zhao/Desktop/test/cocos-creator/PlaneFight/assets/Scripts/EmemyBox.ts.
10:42:00.522 debug: Detected change: file:///Users/zhao/Desktop/test/cocos-creator/PlaneFight/assets/Scripts/EmemyBox.ts. Last mtime: Fri Jul 18 2025 10:41:37 GMT+0800 (中国标准时间)@92db9fc8-3289-4a05-8403-d965f95f1cfc, Current mtime: Fri Jul 18 2025 10:41:57 GMT+0800 (中国标准时间)@92db9fc8-3289-4a05-8403-d965f95f1cfc
10:42:00.522 debug: Inspect file:///Users/zhao/Desktop/test/cocos-creator/PlaneFight/assets/Scripts/EmemyBox.ts
10:42:00.539 debug: transform url: 'file:///Users/zhao/Desktop/test/cocos-creator/PlaneFight/assets/Scripts/EmemyBox.ts' costs: 16.40 ms
10:42:00.540 debug: Resolve file:///Users/zhao/Desktop/test/cocos-creator/PlaneFight/assets/Scripts/GameManager.ts from cce:/internal/x/prerequisite-imports as file:///Users/zhao/Desktop/test/cocos-creator/PlaneFight/assets/Scripts/GameManager.ts.
10:42:00.541 debug: Resolve cc from file:///Users/zhao/Desktop/test/cocos-creator/PlaneFight/assets/Scripts/EmemyBox.ts as cce:/internal/x/cc.
10:42:00.541 debug: Resolve cc from file:///Users/zhao/Desktop/test/cocos-creator/PlaneFight/assets/Scripts/EmemyBox.ts as cce:/internal/x/cc.
10:42:00.541 debug: Resolve cc from file:///Users/zhao/Desktop/test/cocos-creator/PlaneFight/assets/Scripts/EmemyBox.ts as cce:/internal/x/cc.
10:42:00.544 debug: Target(preview) ends with cost 28.05295899976045ms.
10:42:37.711 debug: Dispatch build request for time accumulated 1 asset changes.
10:42:37.712 debug: Build iteration starts.
Number of accumulated asset changes: 1
Feature changed: false
10:42:37.713 debug: Target(editor) build started.
10:42:37.714 debug: Detected change: cce:/internal/x/prerequisite-imports. Last mtime: Thu Jan 01 1970 08:51:57 GMT+0800 (中国标准时间), Current mtime: Thu Jan 01 1970 08:52:34 GMT+0800 (中国标准时间)
10:42:37.714 debug: Inspect cce:/internal/x/prerequisite-imports
10:42:37.718 debug: transform url: 'cce:/internal/x/prerequisite-imports' costs: 4.10 ms
10:42:37.719 debug: Resolve file:///Applications/Cocos/Creator/3.8.6/CocosCreator.app/Contents/Resources/resources/3d/engine/editor/assets/default_renderpipeline/builtin-dof-pass.ts from cce:/internal/x/prerequisite-imports as file:///Applications/Cocos/Creator/3.8.6/CocosCreator.app/Contents/Resources/resources/3d/engine/editor/assets/default_renderpipeline/builtin-dof-pass.ts.
10:42:37.719 debug: Resolve file:///Applications/Cocos/Creator/3.8.6/CocosCreator.app/Contents/Resources/resources/3d/engine/editor/assets/default_renderpipeline/builtin-pipeline-pass.ts from cce:/internal/x/prerequisite-imports as file:///Applications/Cocos/Creator/3.8.6/CocosCreator.app/Contents/Resources/resources/3d/engine/editor/assets/default_renderpipeline/builtin-pipeline-pass.ts.
10:42:37.719 debug: Resolve file:///Applications/Cocos/Creator/3.8.6/CocosCreator.app/Contents/Resources/resources/3d/engine/editor/assets/default_renderpipeline/builtin-pipeline-settings.ts from cce:/internal/x/prerequisite-imports as file:///Applications/Cocos/Creator/3.8.6/CocosCreator.app/Contents/Resources/resources/3d/engine/editor/assets/default_renderpipeline/builtin-pipeline-settings.ts.
10:42:37.719 debug: Resolve file:///Applications/Cocos/Creator/3.8.6/CocosCreator.app/Contents/Resources/resources/3d/engine/editor/assets/default_renderpipeline/builtin-pipeline-types.ts from cce:/internal/x/prerequisite-imports as file:///Applications/Cocos/Creator/3.8.6/CocosCreator.app/Contents/Resources/resources/3d/engine/editor/assets/default_renderpipeline/builtin-pipeline-types.ts.
10:42:37.719 debug: Resolve file:///Applications/Cocos/Creator/3.8.6/CocosCreator.app/Contents/Resources/resources/3d/engine/editor/assets/default_renderpipeline/builtin-pipeline.ts from cce:/internal/x/prerequisite-imports as file:///Applications/Cocos/Creator/3.8.6/CocosCreator.app/Contents/Resources/resources/3d/engine/editor/assets/default_renderpipeline/builtin-pipeline.ts.
10:42:37.719 debug: Resolve file:///Applications/Cocos/Creator/3.8.6/CocosCreator.app/Contents/Resources/resources/3d/engine/editor/assets/tools/debug-view-runtime-control.ts from cce:/internal/x/prerequisite-imports as file:///Applications/Cocos/Creator/3.8.6/CocosCreator.app/Contents/Resources/resources/3d/engine/editor/assets/tools/debug-view-runtime-control.ts.
10:42:37.719 debug: Resolve file:///Users/zhao/Desktop/test/cocos-creator/PlaneFight/assets/Scripts/BgBox.ts from cce:/internal/x/prerequisite-imports as file:///Users/zhao/Desktop/test/cocos-creator/PlaneFight/assets/Scripts/BgBox.ts.
10:42:37.719 debug: Resolve file:///Users/zhao/Desktop/test/cocos-creator/PlaneFight/assets/Scripts/Ememy.ts from cce:/internal/x/prerequisite-imports as file:///Users/zhao/Desktop/test/cocos-creator/PlaneFight/assets/Scripts/Ememy.ts.
10:42:37.719 debug: Resolve file:///Users/zhao/Desktop/test/cocos-creator/PlaneFight/assets/Scripts/EmemyBox.ts from cce:/internal/x/prerequisite-imports as file:///Users/zhao/Desktop/test/cocos-creator/PlaneFight/assets/Scripts/EmemyBox.ts.
10:42:37.719 debug: Detected change: file:///Users/zhao/Desktop/test/cocos-creator/PlaneFight/assets/Scripts/EmemyBox.ts. Last mtime: Fri Jul 18 2025 10:41:57 GMT+0800 (中国标准时间)@92db9fc8-3289-4a05-8403-d965f95f1cfc, Current mtime: Fri Jul 18 2025 10:42:36 GMT+0800 (中国标准时间)@92db9fc8-3289-4a05-8403-d965f95f1cfc
10:42:37.719 debug: Inspect file:///Users/zhao/Desktop/test/cocos-creator/PlaneFight/assets/Scripts/EmemyBox.ts
10:42:37.729 debug: transform url: 'file:///Users/zhao/Desktop/test/cocos-creator/PlaneFight/assets/Scripts/EmemyBox.ts' costs: 10.50 ms
10:42:37.730 debug: Resolve file:///Users/zhao/Desktop/test/cocos-creator/PlaneFight/assets/Scripts/GameManager.ts from cce:/internal/x/prerequisite-imports as file:///Users/zhao/Desktop/test/cocos-creator/PlaneFight/assets/Scripts/GameManager.ts.
10:42:37.730 debug: Resolve cc from file:///Users/zhao/Desktop/test/cocos-creator/PlaneFight/assets/Scripts/EmemyBox.ts as cce:/internal/x/cc.
10:42:37.730 debug: Resolve cc from file:///Users/zhao/Desktop/test/cocos-creator/PlaneFight/assets/Scripts/EmemyBox.ts as cce:/internal/x/cc.
10:42:37.730 debug: Resolve cc from file:///Users/zhao/Desktop/test/cocos-creator/PlaneFight/assets/Scripts/EmemyBox.ts as cce:/internal/x/cc.
10:42:37.733 debug: Target(editor) ends with cost 20.110416000243276ms.
10:42:37.733 debug: Target(preview) build started.
10:42:37.734 debug: Detected change: cce:/internal/x/prerequisite-imports. Last mtime: Thu Jan 01 1970 08:51:57 GMT+0800 (中国标准时间), Current mtime: Thu Jan 01 1970 08:52:34 GMT+0800 (中国标准时间)
10:42:37.734 debug: Inspect cce:/internal/x/prerequisite-imports
10:42:37.738 debug: transform url: 'cce:/internal/x/prerequisite-imports' costs: 3.90 ms
10:42:37.738 debug: Resolve file:///Applications/Cocos/Creator/3.8.6/CocosCreator.app/Contents/Resources/resources/3d/engine/editor/assets/default_renderpipeline/builtin-dof-pass.ts from cce:/internal/x/prerequisite-imports as file:///Applications/Cocos/Creator/3.8.6/CocosCreator.app/Contents/Resources/resources/3d/engine/editor/assets/default_renderpipeline/builtin-dof-pass.ts.
10:42:37.738 debug: Resolve file:///Applications/Cocos/Creator/3.8.6/CocosCreator.app/Contents/Resources/resources/3d/engine/editor/assets/default_renderpipeline/builtin-pipeline-pass.ts from cce:/internal/x/prerequisite-imports as file:///Applications/Cocos/Creator/3.8.6/CocosCreator.app/Contents/Resources/resources/3d/engine/editor/assets/default_renderpipeline/builtin-pipeline-pass.ts.
10:42:37.738 debug: Resolve file:///Applications/Cocos/Creator/3.8.6/CocosCreator.app/Contents/Resources/resources/3d/engine/editor/assets/default_renderpipeline/builtin-pipeline-settings.ts from cce:/internal/x/prerequisite-imports as file:///Applications/Cocos/Creator/3.8.6/CocosCreator.app/Contents/Resources/resources/3d/engine/editor/assets/default_renderpipeline/builtin-pipeline-settings.ts.
10:42:37.738 debug: Resolve file:///Applications/Cocos/Creator/3.8.6/CocosCreator.app/Contents/Resources/resources/3d/engine/editor/assets/default_renderpipeline/builtin-pipeline-types.ts from cce:/internal/x/prerequisite-imports as file:///Applications/Cocos/Creator/3.8.6/CocosCreator.app/Contents/Resources/resources/3d/engine/editor/assets/default_renderpipeline/builtin-pipeline-types.ts.
10:42:37.738 debug: Resolve file:///Applications/Cocos/Creator/3.8.6/CocosCreator.app/Contents/Resources/resources/3d/engine/editor/assets/default_renderpipeline/builtin-pipeline.ts from cce:/internal/x/prerequisite-imports as file:///Applications/Cocos/Creator/3.8.6/CocosCreator.app/Contents/Resources/resources/3d/engine/editor/assets/default_renderpipeline/builtin-pipeline.ts.
10:42:37.738 debug: Resolve file:///Applications/Cocos/Creator/3.8.6/CocosCreator.app/Contents/Resources/resources/3d/engine/editor/assets/tools/debug-view-runtime-control.ts from cce:/internal/x/prerequisite-imports as file:///Applications/Cocos/Creator/3.8.6/CocosCreator.app/Contents/Resources/resources/3d/engine/editor/assets/tools/debug-view-runtime-control.ts.
10:42:37.739 debug: Resolve file:///Users/zhao/Desktop/test/cocos-creator/PlaneFight/assets/Scripts/BgBox.ts from cce:/internal/x/prerequisite-imports as file:///Users/zhao/Desktop/test/cocos-creator/PlaneFight/assets/Scripts/BgBox.ts.
10:42:37.739 debug: Resolve file:///Users/zhao/Desktop/test/cocos-creator/PlaneFight/assets/Scripts/Ememy.ts from cce:/internal/x/prerequisite-imports as file:///Users/zhao/Desktop/test/cocos-creator/PlaneFight/assets/Scripts/Ememy.ts.
10:42:37.739 debug: Resolve file:///Users/zhao/Desktop/test/cocos-creator/PlaneFight/assets/Scripts/EmemyBox.ts from cce:/internal/x/prerequisite-imports as file:///Users/zhao/Desktop/test/cocos-creator/PlaneFight/assets/Scripts/EmemyBox.ts.
10:42:37.739 debug: Detected change: file:///Users/zhao/Desktop/test/cocos-creator/PlaneFight/assets/Scripts/EmemyBox.ts. Last mtime: Fri Jul 18 2025 10:41:57 GMT+0800 (中国标准时间)@92db9fc8-3289-4a05-8403-d965f95f1cfc, Current mtime: Fri Jul 18 2025 10:42:36 GMT+0800 (中国标准时间)@92db9fc8-3289-4a05-8403-d965f95f1cfc
10:42:37.739 debug: Inspect file:///Users/zhao/Desktop/test/cocos-creator/PlaneFight/assets/Scripts/EmemyBox.ts
10:42:37.750 debug: transform url: 'file:///Users/zhao/Desktop/test/cocos-creator/PlaneFight/assets/Scripts/EmemyBox.ts' costs: 11.80 ms
10:42:37.752 debug: Resolve file:///Users/zhao/Desktop/test/cocos-creator/PlaneFight/assets/Scripts/GameManager.ts from cce:/internal/x/prerequisite-imports as file:///Users/zhao/Desktop/test/cocos-creator/PlaneFight/assets/Scripts/GameManager.ts.
10:42:37.752 debug: Resolve cc from file:///Users/zhao/Desktop/test/cocos-creator/PlaneFight/assets/Scripts/EmemyBox.ts as cce:/internal/x/cc.
10:42:37.752 debug: Resolve cc from file:///Users/zhao/Desktop/test/cocos-creator/PlaneFight/assets/Scripts/EmemyBox.ts as cce:/internal/x/cc.
10:42:37.752 debug: Resolve cc from file:///Users/zhao/Desktop/test/cocos-creator/PlaneFight/assets/Scripts/EmemyBox.ts as cce:/internal/x/cc.
10:42:37.773 debug: Target(preview) ends with cost 39.62316699977964ms.
10:43:24.041 debug: Dispatch build request for time accumulated 1 asset changes.
10:43:24.042 debug: Build iteration starts.
Number of accumulated asset changes: 1
Feature changed: false
10:43:24.042 debug: Target(editor) build started.
10:43:24.044 debug: Detected change: cce:/internal/x/prerequisite-imports. Last mtime: Thu Jan 01 1970 08:52:34 GMT+0800 (中国标准时间), Current mtime: Thu Jan 01 1970 08:53:21 GMT+0800 (中国标准时间)
10:43:24.044 debug: Inspect cce:/internal/x/prerequisite-imports
10:43:24.048 debug: transform url: 'cce:/internal/x/prerequisite-imports' costs: 4.00 ms
10:43:24.049 debug: Resolve file:///Applications/Cocos/Creator/3.8.6/CocosCreator.app/Contents/Resources/resources/3d/engine/editor/assets/default_renderpipeline/builtin-dof-pass.ts from cce:/internal/x/prerequisite-imports as file:///Applications/Cocos/Creator/3.8.6/CocosCreator.app/Contents/Resources/resources/3d/engine/editor/assets/default_renderpipeline/builtin-dof-pass.ts.
10:43:24.049 debug: Resolve file:///Applications/Cocos/Creator/3.8.6/CocosCreator.app/Contents/Resources/resources/3d/engine/editor/assets/default_renderpipeline/builtin-pipeline-pass.ts from cce:/internal/x/prerequisite-imports as file:///Applications/Cocos/Creator/3.8.6/CocosCreator.app/Contents/Resources/resources/3d/engine/editor/assets/default_renderpipeline/builtin-pipeline-pass.ts.
10:43:24.049 debug: Resolve file:///Applications/Cocos/Creator/3.8.6/CocosCreator.app/Contents/Resources/resources/3d/engine/editor/assets/default_renderpipeline/builtin-pipeline-settings.ts from cce:/internal/x/prerequisite-imports as file:///Applications/Cocos/Creator/3.8.6/CocosCreator.app/Contents/Resources/resources/3d/engine/editor/assets/default_renderpipeline/builtin-pipeline-settings.ts.
10:43:24.049 debug: Resolve file:///Applications/Cocos/Creator/3.8.6/CocosCreator.app/Contents/Resources/resources/3d/engine/editor/assets/default_renderpipeline/builtin-pipeline-types.ts from cce:/internal/x/prerequisite-imports as file:///Applications/Cocos/Creator/3.8.6/CocosCreator.app/Contents/Resources/resources/3d/engine/editor/assets/default_renderpipeline/builtin-pipeline-types.ts.
10:43:24.049 debug: Resolve file:///Applications/Cocos/Creator/3.8.6/CocosCreator.app/Contents/Resources/resources/3d/engine/editor/assets/default_renderpipeline/builtin-pipeline.ts from cce:/internal/x/prerequisite-imports as file:///Applications/Cocos/Creator/3.8.6/CocosCreator.app/Contents/Resources/resources/3d/engine/editor/assets/default_renderpipeline/builtin-pipeline.ts.
10:43:24.049 debug: Resolve file:///Applications/Cocos/Creator/3.8.6/CocosCreator.app/Contents/Resources/resources/3d/engine/editor/assets/tools/debug-view-runtime-control.ts from cce:/internal/x/prerequisite-imports as file:///Applications/Cocos/Creator/3.8.6/CocosCreator.app/Contents/Resources/resources/3d/engine/editor/assets/tools/debug-view-runtime-control.ts.
10:43:24.049 debug: Resolve file:///Users/zhao/Desktop/test/cocos-creator/PlaneFight/assets/Scripts/BgBox.ts from cce:/internal/x/prerequisite-imports as file:///Users/zhao/Desktop/test/cocos-creator/PlaneFight/assets/Scripts/BgBox.ts.
10:43:24.049 debug: Resolve file:///Users/zhao/Desktop/test/cocos-creator/PlaneFight/assets/Scripts/Ememy.ts from cce:/internal/x/prerequisite-imports as file:///Users/zhao/Desktop/test/cocos-creator/PlaneFight/assets/Scripts/Ememy.ts.
10:43:24.049 debug: Resolve file:///Users/zhao/Desktop/test/cocos-creator/PlaneFight/assets/Scripts/EmemyBox.ts from cce:/internal/x/prerequisite-imports as file:///Users/zhao/Desktop/test/cocos-creator/PlaneFight/assets/Scripts/EmemyBox.ts.
10:43:24.049 debug: Detected change: file:///Users/zhao/Desktop/test/cocos-creator/PlaneFight/assets/Scripts/EmemyBox.ts. Last mtime: Fri Jul 18 2025 10:42:36 GMT+0800 (中国标准时间)@92db9fc8-3289-4a05-8403-d965f95f1cfc, Current mtime: Fri Jul 18 2025 10:43:21 GMT+0800 (中国标准时间)@92db9fc8-3289-4a05-8403-d965f95f1cfc
10:43:24.049 debug: Inspect file:///Users/zhao/Desktop/test/cocos-creator/PlaneFight/assets/Scripts/EmemyBox.ts
10:43:24.059 debug: transform url: 'file:///Users/zhao/Desktop/test/cocos-creator/PlaneFight/assets/Scripts/EmemyBox.ts' costs: 10.20 ms
10:43:24.060 debug: Resolve file:///Users/zhao/Desktop/test/cocos-creator/PlaneFight/assets/Scripts/GameManager.ts from cce:/internal/x/prerequisite-imports as file:///Users/zhao/Desktop/test/cocos-creator/PlaneFight/assets/Scripts/GameManager.ts.
10:43:24.060 debug: Resolve cc from file:///Users/zhao/Desktop/test/cocos-creator/PlaneFight/assets/Scripts/EmemyBox.ts as cce:/internal/x/cc.
10:43:24.060 debug: Resolve cc from file:///Users/zhao/Desktop/test/cocos-creator/PlaneFight/assets/Scripts/EmemyBox.ts as cce:/internal/x/cc.
10:43:24.060 debug: Resolve cc from file:///Users/zhao/Desktop/test/cocos-creator/PlaneFight/assets/Scripts/EmemyBox.ts as cce:/internal/x/cc.
10:43:24.067 debug: Target(editor) ends with cost 25.226125000044703ms.
10:43:24.068 debug: Target(preview) build started.
10:43:24.087 debug: Detected change: cce:/internal/x/prerequisite-imports. Last mtime: Thu Jan 01 1970 08:52:34 GMT+0800 (中国标准时间), Current mtime: Thu Jan 01 1970 08:53:21 GMT+0800 (中国标准时间)
10:43:24.087 debug: Inspect cce:/internal/x/prerequisite-imports
10:43:24.092 debug: transform url: 'cce:/internal/x/prerequisite-imports' costs: 5.50 ms
10:43:24.094 debug: Resolve file:///Applications/Cocos/Creator/3.8.6/CocosCreator.app/Contents/Resources/resources/3d/engine/editor/assets/default_renderpipeline/builtin-dof-pass.ts from cce:/internal/x/prerequisite-imports as file:///Applications/Cocos/Creator/3.8.6/CocosCreator.app/Contents/Resources/resources/3d/engine/editor/assets/default_renderpipeline/builtin-dof-pass.ts.
10:43:24.094 debug: Resolve file:///Applications/Cocos/Creator/3.8.6/CocosCreator.app/Contents/Resources/resources/3d/engine/editor/assets/default_renderpipeline/builtin-pipeline-pass.ts from cce:/internal/x/prerequisite-imports as file:///Applications/Cocos/Creator/3.8.6/CocosCreator.app/Contents/Resources/resources/3d/engine/editor/assets/default_renderpipeline/builtin-pipeline-pass.ts.
10:43:24.094 debug: Resolve file:///Applications/Cocos/Creator/3.8.6/CocosCreator.app/Contents/Resources/resources/3d/engine/editor/assets/default_renderpipeline/builtin-pipeline-settings.ts from cce:/internal/x/prerequisite-imports as file:///Applications/Cocos/Creator/3.8.6/CocosCreator.app/Contents/Resources/resources/3d/engine/editor/assets/default_renderpipeline/builtin-pipeline-settings.ts.
10:43:24.095 debug: Resolve file:///Applications/Cocos/Creator/3.8.6/CocosCreator.app/Contents/Resources/resources/3d/engine/editor/assets/default_renderpipeline/builtin-pipeline-types.ts from cce:/internal/x/prerequisite-imports as file:///Applications/Cocos/Creator/3.8.6/CocosCreator.app/Contents/Resources/resources/3d/engine/editor/assets/default_renderpipeline/builtin-pipeline-types.ts.
10:43:24.095 debug: Resolve file:///Applications/Cocos/Creator/3.8.6/CocosCreator.app/Contents/Resources/resources/3d/engine/editor/assets/default_renderpipeline/builtin-pipeline.ts from cce:/internal/x/prerequisite-imports as file:///Applications/Cocos/Creator/3.8.6/CocosCreator.app/Contents/Resources/resources/3d/engine/editor/assets/default_renderpipeline/builtin-pipeline.ts.
10:43:24.095 debug: Resolve file:///Applications/Cocos/Creator/3.8.6/CocosCreator.app/Contents/Resources/resources/3d/engine/editor/assets/tools/debug-view-runtime-control.ts from cce:/internal/x/prerequisite-imports as file:///Applications/Cocos/Creator/3.8.6/CocosCreator.app/Contents/Resources/resources/3d/engine/editor/assets/tools/debug-view-runtime-control.ts.
10:43:24.095 debug: Resolve file:///Users/zhao/Desktop/test/cocos-creator/PlaneFight/assets/Scripts/BgBox.ts from cce:/internal/x/prerequisite-imports as file:///Users/zhao/Desktop/test/cocos-creator/PlaneFight/assets/Scripts/BgBox.ts.
10:43:24.095 debug: Resolve file:///Users/zhao/Desktop/test/cocos-creator/PlaneFight/assets/Scripts/Ememy.ts from cce:/internal/x/prerequisite-imports as file:///Users/zhao/Desktop/test/cocos-creator/PlaneFight/assets/Scripts/Ememy.ts.
10:43:24.095 debug: Resolve file:///Users/zhao/Desktop/test/cocos-creator/PlaneFight/assets/Scripts/EmemyBox.ts from cce:/internal/x/prerequisite-imports as file:///Users/zhao/Desktop/test/cocos-creator/PlaneFight/assets/Scripts/EmemyBox.ts.
10:43:24.095 debug: Detected change: file:///Users/zhao/Desktop/test/cocos-creator/PlaneFight/assets/Scripts/EmemyBox.ts. Last mtime: Fri Jul 18 2025 10:42:36 GMT+0800 (中国标准时间)@92db9fc8-3289-4a05-8403-d965f95f1cfc, Current mtime: Fri Jul 18 2025 10:43:21 GMT+0800 (中国标准时间)@92db9fc8-3289-4a05-8403-d965f95f1cfc
10:43:24.095 debug: Inspect file:///Users/zhao/Desktop/test/cocos-creator/PlaneFight/assets/Scripts/EmemyBox.ts
10:43:24.109 debug: transform url: 'file:///Users/zhao/Desktop/test/cocos-creator/PlaneFight/assets/Scripts/EmemyBox.ts' costs: 13.90 ms
10:43:24.109 debug: Resolve file:///Users/zhao/Desktop/test/cocos-creator/PlaneFight/assets/Scripts/GameManager.ts from cce:/internal/x/prerequisite-imports as file:///Users/zhao/Desktop/test/cocos-creator/PlaneFight/assets/Scripts/GameManager.ts.
10:43:24.110 debug: Resolve cc from file:///Users/zhao/Desktop/test/cocos-creator/PlaneFight/assets/Scripts/EmemyBox.ts as cce:/internal/x/cc.
10:43:24.110 debug: Resolve cc from file:///Users/zhao/Desktop/test/cocos-creator/PlaneFight/assets/Scripts/EmemyBox.ts as cce:/internal/x/cc.
10:43:24.110 debug: Resolve cc from file:///Users/zhao/Desktop/test/cocos-creator/PlaneFight/assets/Scripts/EmemyBox.ts as cce:/internal/x/cc.
10:43:24.111 debug: Target(preview) ends with cost 43.70929200015962ms.
10:44:53.511 debug: Dispatch build request for time accumulated 1 asset changes.
10:44:53.512 debug: Build iteration starts.
Number of accumulated asset changes: 1
Feature changed: false
10:44:53.512 debug: Target(editor) build started.
10:44:53.513 debug: Detected change: cce:/internal/x/prerequisite-imports. Last mtime: Thu Jan 01 1970 08:53:21 GMT+0800 (中国标准时间), Current mtime: Thu Jan 01 1970 08:54:50 GMT+0800 (中国标准时间)
10:44:53.513 debug: Inspect cce:/internal/x/prerequisite-imports
10:44:53.521 debug: transform url: 'cce:/internal/x/prerequisite-imports' costs: 7.80 ms
10:44:53.522 debug: Resolve file:///Applications/Cocos/Creator/3.8.6/CocosCreator.app/Contents/Resources/resources/3d/engine/editor/assets/default_renderpipeline/builtin-dof-pass.ts from cce:/internal/x/prerequisite-imports as file:///Applications/Cocos/Creator/3.8.6/CocosCreator.app/Contents/Resources/resources/3d/engine/editor/assets/default_renderpipeline/builtin-dof-pass.ts.
10:44:53.522 debug: Resolve file:///Applications/Cocos/Creator/3.8.6/CocosCreator.app/Contents/Resources/resources/3d/engine/editor/assets/default_renderpipeline/builtin-pipeline-pass.ts from cce:/internal/x/prerequisite-imports as file:///Applications/Cocos/Creator/3.8.6/CocosCreator.app/Contents/Resources/resources/3d/engine/editor/assets/default_renderpipeline/builtin-pipeline-pass.ts.
10:44:53.522 debug: Resolve file:///Applications/Cocos/Creator/3.8.6/CocosCreator.app/Contents/Resources/resources/3d/engine/editor/assets/default_renderpipeline/builtin-pipeline-settings.ts from cce:/internal/x/prerequisite-imports as file:///Applications/Cocos/Creator/3.8.6/CocosCreator.app/Contents/Resources/resources/3d/engine/editor/assets/default_renderpipeline/builtin-pipeline-settings.ts.
10:44:53.522 debug: Resolve file:///Applications/Cocos/Creator/3.8.6/CocosCreator.app/Contents/Resources/resources/3d/engine/editor/assets/default_renderpipeline/builtin-pipeline-types.ts from cce:/internal/x/prerequisite-imports as file:///Applications/Cocos/Creator/3.8.6/CocosCreator.app/Contents/Resources/resources/3d/engine/editor/assets/default_renderpipeline/builtin-pipeline-types.ts.
10:44:53.523 debug: Resolve file:///Applications/Cocos/Creator/3.8.6/CocosCreator.app/Contents/Resources/resources/3d/engine/editor/assets/default_renderpipeline/builtin-pipeline.ts from cce:/internal/x/prerequisite-imports as file:///Applications/Cocos/Creator/3.8.6/CocosCreator.app/Contents/Resources/resources/3d/engine/editor/assets/default_renderpipeline/builtin-pipeline.ts.
10:44:53.523 debug: Resolve file:///Applications/Cocos/Creator/3.8.6/CocosCreator.app/Contents/Resources/resources/3d/engine/editor/assets/tools/debug-view-runtime-control.ts from cce:/internal/x/prerequisite-imports as file:///Applications/Cocos/Creator/3.8.6/CocosCreator.app/Contents/Resources/resources/3d/engine/editor/assets/tools/debug-view-runtime-control.ts.
10:44:53.523 debug: Resolve file:///Users/zhao/Desktop/test/cocos-creator/PlaneFight/assets/Scripts/BgBox.ts from cce:/internal/x/prerequisite-imports as file:///Users/zhao/Desktop/test/cocos-creator/PlaneFight/assets/Scripts/BgBox.ts.
10:44:53.523 debug: Resolve file:///Users/zhao/Desktop/test/cocos-creator/PlaneFight/assets/Scripts/Ememy.ts from cce:/internal/x/prerequisite-imports as file:///Users/zhao/Desktop/test/cocos-creator/PlaneFight/assets/Scripts/Ememy.ts.
10:44:53.523 debug: Resolve file:///Users/zhao/Desktop/test/cocos-creator/PlaneFight/assets/Scripts/EmemyBox.ts from cce:/internal/x/prerequisite-imports as file:///Users/zhao/Desktop/test/cocos-creator/PlaneFight/assets/Scripts/EmemyBox.ts.
10:44:53.523 debug: Detected change: file:///Users/zhao/Desktop/test/cocos-creator/PlaneFight/assets/Scripts/EmemyBox.ts. Last mtime: Fri Jul 18 2025 10:43:21 GMT+0800 (中国标准时间)@92db9fc8-3289-4a05-8403-d965f95f1cfc, Current mtime: Fri Jul 18 2025 10:44:51 GMT+0800 (中国标准时间)@92db9fc8-3289-4a05-8403-d965f95f1cfc
10:44:53.523 debug: Inspect file:///Users/zhao/Desktop/test/cocos-creator/PlaneFight/assets/Scripts/EmemyBox.ts
10:44:53.544 debug: transform url: 'file:///Users/zhao/Desktop/test/cocos-creator/PlaneFight/assets/Scripts/EmemyBox.ts' costs: 20.70 ms
10:44:53.544 debug: Resolve file:///Users/zhao/Desktop/test/cocos-creator/PlaneFight/assets/Scripts/GameManager.ts from cce:/internal/x/prerequisite-imports as file:///Users/zhao/Desktop/test/cocos-creator/PlaneFight/assets/Scripts/GameManager.ts.
10:44:53.545 debug: Resolve cc from file:///Users/zhao/Desktop/test/cocos-creator/PlaneFight/assets/Scripts/EmemyBox.ts as cce:/internal/x/cc.
10:44:53.545 debug: Resolve cc from file:///Users/zhao/Desktop/test/cocos-creator/PlaneFight/assets/Scripts/EmemyBox.ts as cce:/internal/x/cc.
10:44:53.545 debug: Resolve cc from file:///Users/zhao/Desktop/test/cocos-creator/PlaneFight/assets/Scripts/EmemyBox.ts as cce:/internal/x/cc.
10:44:53.549 debug: Target(editor) ends with cost 36.865124999545515ms.
10:44:53.549 debug: Target(preview) build started.
10:44:53.549 debug: Detected change: cce:/internal/x/prerequisite-imports. Last mtime: Thu Jan 01 1970 08:53:21 GMT+0800 (中国标准时间), Current mtime: Thu Jan 01 1970 08:54:50 GMT+0800 (中国标准时间)
10:44:53.549 debug: Inspect cce:/internal/x/prerequisite-imports
10:44:53.553 debug: transform url: 'cce:/internal/x/prerequisite-imports' costs: 4.30 ms
10:44:53.554 debug: Resolve file:///Applications/Cocos/Creator/3.8.6/CocosCreator.app/Contents/Resources/resources/3d/engine/editor/assets/default_renderpipeline/builtin-dof-pass.ts from cce:/internal/x/prerequisite-imports as file:///Applications/Cocos/Creator/3.8.6/CocosCreator.app/Contents/Resources/resources/3d/engine/editor/assets/default_renderpipeline/builtin-dof-pass.ts.
10:44:53.554 debug: Resolve file:///Applications/Cocos/Creator/3.8.6/CocosCreator.app/Contents/Resources/resources/3d/engine/editor/assets/default_renderpipeline/builtin-pipeline-pass.ts from cce:/internal/x/prerequisite-imports as file:///Applications/Cocos/Creator/3.8.6/CocosCreator.app/Contents/Resources/resources/3d/engine/editor/assets/default_renderpipeline/builtin-pipeline-pass.ts.
10:44:53.555 debug: Resolve file:///Applications/Cocos/Creator/3.8.6/CocosCreator.app/Contents/Resources/resources/3d/engine/editor/assets/default_renderpipeline/builtin-pipeline-settings.ts from cce:/internal/x/prerequisite-imports as file:///Applications/Cocos/Creator/3.8.6/CocosCreator.app/Contents/Resources/resources/3d/engine/editor/assets/default_renderpipeline/builtin-pipeline-settings.ts.
10:44:53.555 debug: Resolve file:///Applications/Cocos/Creator/3.8.6/CocosCreator.app/Contents/Resources/resources/3d/engine/editor/assets/default_renderpipeline/builtin-pipeline-types.ts from cce:/internal/x/prerequisite-imports as file:///Applications/Cocos/Creator/3.8.6/CocosCreator.app/Contents/Resources/resources/3d/engine/editor/assets/default_renderpipeline/builtin-pipeline-types.ts.
10:44:53.555 debug: Resolve file:///Applications/Cocos/Creator/3.8.6/CocosCreator.app/Contents/Resources/resources/3d/engine/editor/assets/default_renderpipeline/builtin-pipeline.ts from cce:/internal/x/prerequisite-imports as file:///Applications/Cocos/Creator/3.8.6/CocosCreator.app/Contents/Resources/resources/3d/engine/editor/assets/default_renderpipeline/builtin-pipeline.ts.
10:44:53.556 debug: Resolve file:///Applications/Cocos/Creator/3.8.6/CocosCreator.app/Contents/Resources/resources/3d/engine/editor/assets/tools/debug-view-runtime-control.ts from cce:/internal/x/prerequisite-imports as file:///Applications/Cocos/Creator/3.8.6/CocosCreator.app/Contents/Resources/resources/3d/engine/editor/assets/tools/debug-view-runtime-control.ts.
10:44:53.556 debug: Resolve file:///Users/zhao/Desktop/test/cocos-creator/PlaneFight/assets/Scripts/BgBox.ts from cce:/internal/x/prerequisite-imports as file:///Users/zhao/Desktop/test/cocos-creator/PlaneFight/assets/Scripts/BgBox.ts.
10:44:53.556 debug: Resolve file:///Users/zhao/Desktop/test/cocos-creator/PlaneFight/assets/Scripts/Ememy.ts from cce:/internal/x/prerequisite-imports as file:///Users/zhao/Desktop/test/cocos-creator/PlaneFight/assets/Scripts/Ememy.ts.
10:44:53.556 debug: Resolve file:///Users/zhao/Desktop/test/cocos-creator/PlaneFight/assets/Scripts/EmemyBox.ts from cce:/internal/x/prerequisite-imports as file:///Users/zhao/Desktop/test/cocos-creator/PlaneFight/assets/Scripts/EmemyBox.ts.
10:44:53.556 debug: Detected change: file:///Users/zhao/Desktop/test/cocos-creator/PlaneFight/assets/Scripts/EmemyBox.ts. Last mtime: Fri Jul 18 2025 10:43:21 GMT+0800 (中国标准时间)@92db9fc8-3289-4a05-8403-d965f95f1cfc, Current mtime: Fri Jul 18 2025 10:44:51 GMT+0800 (中国标准时间)@92db9fc8-3289-4a05-8403-d965f95f1cfc
10:44:53.556 debug: Inspect file:///Users/zhao/Desktop/test/cocos-creator/PlaneFight/assets/Scripts/EmemyBox.ts
10:44:53.576 debug: transform url: 'file:///Users/zhao/Desktop/test/cocos-creator/PlaneFight/assets/Scripts/EmemyBox.ts' costs: 20.40 ms
10:44:53.578 debug: Resolve file:///Users/zhao/Desktop/test/cocos-creator/PlaneFight/assets/Scripts/GameManager.ts from cce:/internal/x/prerequisite-imports as file:///Users/zhao/Desktop/test/cocos-creator/PlaneFight/assets/Scripts/GameManager.ts.
10:44:53.578 debug: Resolve cc from file:///Users/zhao/Desktop/test/cocos-creator/PlaneFight/assets/Scripts/EmemyBox.ts as cce:/internal/x/cc.
10:44:53.578 debug: Resolve cc from file:///Users/zhao/Desktop/test/cocos-creator/PlaneFight/assets/Scripts/EmemyBox.ts as cce:/internal/x/cc.
10:44:53.578 debug: Resolve cc from file:///Users/zhao/Desktop/test/cocos-creator/PlaneFight/assets/Scripts/EmemyBox.ts as cce:/internal/x/cc.
10:44:53.585 debug: Target(preview) ends with cost 36.55679200030863ms.
10:45:19.728 debug: Dispatch build request for time accumulated 1 asset changes.
10:45:19.729 debug: Build iteration starts.
Number of accumulated asset changes: 1
Feature changed: false
10:45:19.729 debug: Target(editor) build started.
10:45:19.730 debug: Detected change: cce:/internal/x/prerequisite-imports. Last mtime: Thu Jan 01 1970 08:54:50 GMT+0800 (中国标准时间), Current mtime: Thu Jan 01 1970 08:55:16 GMT+0800 (中国标准时间)
10:45:19.730 debug: Inspect cce:/internal/x/prerequisite-imports
10:45:19.735 debug: transform url: 'cce:/internal/x/prerequisite-imports' costs: 4.20 ms
10:45:19.735 debug: Resolve file:///Applications/Cocos/Creator/3.8.6/CocosCreator.app/Contents/Resources/resources/3d/engine/editor/assets/default_renderpipeline/builtin-dof-pass.ts from cce:/internal/x/prerequisite-imports as file:///Applications/Cocos/Creator/3.8.6/CocosCreator.app/Contents/Resources/resources/3d/engine/editor/assets/default_renderpipeline/builtin-dof-pass.ts.
10:45:19.735 debug: Resolve file:///Applications/Cocos/Creator/3.8.6/CocosCreator.app/Contents/Resources/resources/3d/engine/editor/assets/default_renderpipeline/builtin-pipeline-pass.ts from cce:/internal/x/prerequisite-imports as file:///Applications/Cocos/Creator/3.8.6/CocosCreator.app/Contents/Resources/resources/3d/engine/editor/assets/default_renderpipeline/builtin-pipeline-pass.ts.
10:45:19.735 debug: Resolve file:///Applications/Cocos/Creator/3.8.6/CocosCreator.app/Contents/Resources/resources/3d/engine/editor/assets/default_renderpipeline/builtin-pipeline-settings.ts from cce:/internal/x/prerequisite-imports as file:///Applications/Cocos/Creator/3.8.6/CocosCreator.app/Contents/Resources/resources/3d/engine/editor/assets/default_renderpipeline/builtin-pipeline-settings.ts.
10:45:19.735 debug: Resolve file:///Applications/Cocos/Creator/3.8.6/CocosCreator.app/Contents/Resources/resources/3d/engine/editor/assets/default_renderpipeline/builtin-pipeline-types.ts from cce:/internal/x/prerequisite-imports as file:///Applications/Cocos/Creator/3.8.6/CocosCreator.app/Contents/Resources/resources/3d/engine/editor/assets/default_renderpipeline/builtin-pipeline-types.ts.
10:45:19.735 debug: Resolve file:///Applications/Cocos/Creator/3.8.6/CocosCreator.app/Contents/Resources/resources/3d/engine/editor/assets/default_renderpipeline/builtin-pipeline.ts from cce:/internal/x/prerequisite-imports as file:///Applications/Cocos/Creator/3.8.6/CocosCreator.app/Contents/Resources/resources/3d/engine/editor/assets/default_renderpipeline/builtin-pipeline.ts.
10:45:19.736 debug: Resolve file:///Applications/Cocos/Creator/3.8.6/CocosCreator.app/Contents/Resources/resources/3d/engine/editor/assets/tools/debug-view-runtime-control.ts from cce:/internal/x/prerequisite-imports as file:///Applications/Cocos/Creator/3.8.6/CocosCreator.app/Contents/Resources/resources/3d/engine/editor/assets/tools/debug-view-runtime-control.ts.
10:45:19.736 debug: Resolve file:///Users/zhao/Desktop/test/cocos-creator/PlaneFight/assets/Scripts/BgBox.ts from cce:/internal/x/prerequisite-imports as file:///Users/zhao/Desktop/test/cocos-creator/PlaneFight/assets/Scripts/BgBox.ts.
10:45:19.736 debug: Resolve file:///Users/zhao/Desktop/test/cocos-creator/PlaneFight/assets/Scripts/Ememy.ts from cce:/internal/x/prerequisite-imports as file:///Users/zhao/Desktop/test/cocos-creator/PlaneFight/assets/Scripts/Ememy.ts.
10:45:19.736 debug: Resolve file:///Users/zhao/Desktop/test/cocos-creator/PlaneFight/assets/Scripts/EmemyBox.ts from cce:/internal/x/prerequisite-imports as file:///Users/zhao/Desktop/test/cocos-creator/PlaneFight/assets/Scripts/EmemyBox.ts.
10:45:19.736 debug: Detected change: file:///Users/zhao/Desktop/test/cocos-creator/PlaneFight/assets/Scripts/EmemyBox.ts. Last mtime: Fri Jul 18 2025 10:44:51 GMT+0800 (中国标准时间)@92db9fc8-3289-4a05-8403-d965f95f1cfc, Current mtime: Fri Jul 18 2025 10:45:18 GMT+0800 (中国标准时间)@92db9fc8-3289-4a05-8403-d965f95f1cfc
10:45:19.736 debug: Inspect file:///Users/zhao/Desktop/test/cocos-creator/PlaneFight/assets/Scripts/EmemyBox.ts
10:45:19.748 debug: transform url: 'file:///Users/zhao/Desktop/test/cocos-creator/PlaneFight/assets/Scripts/EmemyBox.ts' costs: 12.40 ms
10:45:19.749 debug: Resolve file:///Users/zhao/Desktop/test/cocos-creator/PlaneFight/assets/Scripts/GameManager.ts from cce:/internal/x/prerequisite-imports as file:///Users/zhao/Desktop/test/cocos-creator/PlaneFight/assets/Scripts/GameManager.ts.
10:45:19.749 debug: Resolve cc from file:///Users/zhao/Desktop/test/cocos-creator/PlaneFight/assets/Scripts/EmemyBox.ts as cce:/internal/x/cc.
10:45:19.749 debug: Resolve cc from file:///Users/zhao/Desktop/test/cocos-creator/PlaneFight/assets/Scripts/EmemyBox.ts as cce:/internal/x/cc.
10:45:19.749 debug: Resolve cc from file:///Users/zhao/Desktop/test/cocos-creator/PlaneFight/assets/Scripts/EmemyBox.ts as cce:/internal/x/cc.
10:45:19.752 debug: Target(editor) ends with cost 22.182832999620587ms.
10:45:19.752 debug: Target(preview) build started.
10:45:19.752 debug: Detected change: cce:/internal/x/prerequisite-imports. Last mtime: Thu Jan 01 1970 08:54:50 GMT+0800 (中国标准时间), Current mtime: Thu Jan 01 1970 08:55:16 GMT+0800 (中国标准时间)
10:45:19.752 debug: Inspect cce:/internal/x/prerequisite-imports
10:45:19.757 debug: transform url: 'cce:/internal/x/prerequisite-imports' costs: 4.60 ms
10:45:19.757 debug: Resolve file:///Applications/Cocos/Creator/3.8.6/CocosCreator.app/Contents/Resources/resources/3d/engine/editor/assets/default_renderpipeline/builtin-dof-pass.ts from cce:/internal/x/prerequisite-imports as file:///Applications/Cocos/Creator/3.8.6/CocosCreator.app/Contents/Resources/resources/3d/engine/editor/assets/default_renderpipeline/builtin-dof-pass.ts.
10:45:19.757 debug: Resolve file:///Applications/Cocos/Creator/3.8.6/CocosCreator.app/Contents/Resources/resources/3d/engine/editor/assets/default_renderpipeline/builtin-pipeline-pass.ts from cce:/internal/x/prerequisite-imports as file:///Applications/Cocos/Creator/3.8.6/CocosCreator.app/Contents/Resources/resources/3d/engine/editor/assets/default_renderpipeline/builtin-pipeline-pass.ts.
10:45:19.757 debug: Resolve file:///Applications/Cocos/Creator/3.8.6/CocosCreator.app/Contents/Resources/resources/3d/engine/editor/assets/default_renderpipeline/builtin-pipeline-settings.ts from cce:/internal/x/prerequisite-imports as file:///Applications/Cocos/Creator/3.8.6/CocosCreator.app/Contents/Resources/resources/3d/engine/editor/assets/default_renderpipeline/builtin-pipeline-settings.ts.
10:45:19.757 debug: Resolve file:///Applications/Cocos/Creator/3.8.6/CocosCreator.app/Contents/Resources/resources/3d/engine/editor/assets/default_renderpipeline/builtin-pipeline-types.ts from cce:/internal/x/prerequisite-imports as file:///Applications/Cocos/Creator/3.8.6/CocosCreator.app/Contents/Resources/resources/3d/engine/editor/assets/default_renderpipeline/builtin-pipeline-types.ts.
10:45:19.757 debug: Resolve file:///Applications/Cocos/Creator/3.8.6/CocosCreator.app/Contents/Resources/resources/3d/engine/editor/assets/default_renderpipeline/builtin-pipeline.ts from cce:/internal/x/prerequisite-imports as file:///Applications/Cocos/Creator/3.8.6/CocosCreator.app/Contents/Resources/resources/3d/engine/editor/assets/default_renderpipeline/builtin-pipeline.ts.
10:45:19.758 debug: Resolve file:///Applications/Cocos/Creator/3.8.6/CocosCreator.app/Contents/Resources/resources/3d/engine/editor/assets/tools/debug-view-runtime-control.ts from cce:/internal/x/prerequisite-imports as file:///Applications/Cocos/Creator/3.8.6/CocosCreator.app/Contents/Resources/resources/3d/engine/editor/assets/tools/debug-view-runtime-control.ts.
10:45:19.758 debug: Resolve file:///Users/zhao/Desktop/test/cocos-creator/PlaneFight/assets/Scripts/BgBox.ts from cce:/internal/x/prerequisite-imports as file:///Users/zhao/Desktop/test/cocos-creator/PlaneFight/assets/Scripts/BgBox.ts.
10:45:19.758 debug: Resolve file:///Users/zhao/Desktop/test/cocos-creator/PlaneFight/assets/Scripts/Ememy.ts from cce:/internal/x/prerequisite-imports as file:///Users/zhao/Desktop/test/cocos-creator/PlaneFight/assets/Scripts/Ememy.ts.
10:45:19.758 debug: Resolve file:///Users/zhao/Desktop/test/cocos-creator/PlaneFight/assets/Scripts/EmemyBox.ts from cce:/internal/x/prerequisite-imports as file:///Users/zhao/Desktop/test/cocos-creator/PlaneFight/assets/Scripts/EmemyBox.ts.
10:45:19.758 debug: Detected change: file:///Users/zhao/Desktop/test/cocos-creator/PlaneFight/assets/Scripts/EmemyBox.ts. Last mtime: Fri Jul 18 2025 10:44:51 GMT+0800 (中国标准时间)@92db9fc8-3289-4a05-8403-d965f95f1cfc, Current mtime: Fri Jul 18 2025 10:45:18 GMT+0800 (中国标准时间)@92db9fc8-3289-4a05-8403-d965f95f1cfc
10:45:19.758 debug: Inspect file:///Users/zhao/Desktop/test/cocos-creator/PlaneFight/assets/Scripts/EmemyBox.ts
10:45:19.776 debug: transform url: 'file:///Users/zhao/Desktop/test/cocos-creator/PlaneFight/assets/Scripts/EmemyBox.ts' costs: 18.20 ms
10:45:19.778 debug: Resolve file:///Users/zhao/Desktop/test/cocos-creator/PlaneFight/assets/Scripts/GameManager.ts from cce:/internal/x/prerequisite-imports as file:///Users/zhao/Desktop/test/cocos-creator/PlaneFight/assets/Scripts/GameManager.ts.
10:45:19.778 debug: Resolve cc from file:///Users/zhao/Desktop/test/cocos-creator/PlaneFight/assets/Scripts/EmemyBox.ts as cce:/internal/x/cc.
10:45:19.778 debug: Resolve cc from file:///Users/zhao/Desktop/test/cocos-creator/PlaneFight/assets/Scripts/EmemyBox.ts as cce:/internal/x/cc.
10:45:19.778 debug: Resolve cc from file:///Users/zhao/Desktop/test/cocos-creator/PlaneFight/assets/Scripts/EmemyBox.ts as cce:/internal/x/cc.
10:45:19.780 debug: Target(preview) ends with cost 28.344333000015467ms.
10:51:18.336 debug: Dispatch build request for time accumulated 1 asset changes.
10:51:18.337 debug: Build iteration starts.
Number of accumulated asset changes: 1
Feature changed: false
10:51:18.337 debug: Target(editor) build started.
10:51:18.339 debug: Detected change: cce:/internal/x/prerequisite-imports. Last mtime: Thu Jan 01 1970 08:55:16 GMT+0800 (中国标准时间), Current mtime: Thu Jan 01 1970 09:01:15 GMT+0800 (中国标准时间)
10:51:18.339 debug: Inspect cce:/internal/x/prerequisite-imports
10:51:18.350 debug: transform url: 'cce:/internal/x/prerequisite-imports' costs: 10.80 ms
10:51:18.350 debug: Resolve file:///Applications/Cocos/Creator/3.8.6/CocosCreator.app/Contents/Resources/resources/3d/engine/editor/assets/default_renderpipeline/builtin-dof-pass.ts from cce:/internal/x/prerequisite-imports as file:///Applications/Cocos/Creator/3.8.6/CocosCreator.app/Contents/Resources/resources/3d/engine/editor/assets/default_renderpipeline/builtin-dof-pass.ts.
10:51:18.351 debug: Resolve file:///Applications/Cocos/Creator/3.8.6/CocosCreator.app/Contents/Resources/resources/3d/engine/editor/assets/default_renderpipeline/builtin-pipeline-pass.ts from cce:/internal/x/prerequisite-imports as file:///Applications/Cocos/Creator/3.8.6/CocosCreator.app/Contents/Resources/resources/3d/engine/editor/assets/default_renderpipeline/builtin-pipeline-pass.ts.
10:51:18.351 debug: Resolve file:///Applications/Cocos/Creator/3.8.6/CocosCreator.app/Contents/Resources/resources/3d/engine/editor/assets/default_renderpipeline/builtin-pipeline-settings.ts from cce:/internal/x/prerequisite-imports as file:///Applications/Cocos/Creator/3.8.6/CocosCreator.app/Contents/Resources/resources/3d/engine/editor/assets/default_renderpipeline/builtin-pipeline-settings.ts.
10:51:18.351 debug: Resolve file:///Applications/Cocos/Creator/3.8.6/CocosCreator.app/Contents/Resources/resources/3d/engine/editor/assets/default_renderpipeline/builtin-pipeline-types.ts from cce:/internal/x/prerequisite-imports as file:///Applications/Cocos/Creator/3.8.6/CocosCreator.app/Contents/Resources/resources/3d/engine/editor/assets/default_renderpipeline/builtin-pipeline-types.ts.
10:51:18.351 debug: Resolve file:///Applications/Cocos/Creator/3.8.6/CocosCreator.app/Contents/Resources/resources/3d/engine/editor/assets/default_renderpipeline/builtin-pipeline.ts from cce:/internal/x/prerequisite-imports as file:///Applications/Cocos/Creator/3.8.6/CocosCreator.app/Contents/Resources/resources/3d/engine/editor/assets/default_renderpipeline/builtin-pipeline.ts.
10:51:18.351 debug: Resolve file:///Applications/Cocos/Creator/3.8.6/CocosCreator.app/Contents/Resources/resources/3d/engine/editor/assets/tools/debug-view-runtime-control.ts from cce:/internal/x/prerequisite-imports as file:///Applications/Cocos/Creator/3.8.6/CocosCreator.app/Contents/Resources/resources/3d/engine/editor/assets/tools/debug-view-runtime-control.ts.
10:51:18.351 debug: Resolve file:///Users/zhao/Desktop/test/cocos-creator/PlaneFight/assets/Scripts/BgBox.ts from cce:/internal/x/prerequisite-imports as file:///Users/zhao/Desktop/test/cocos-creator/PlaneFight/assets/Scripts/BgBox.ts.
10:51:18.351 debug: Resolve file:///Users/zhao/Desktop/test/cocos-creator/PlaneFight/assets/Scripts/Ememy.ts from cce:/internal/x/prerequisite-imports as file:///Users/zhao/Desktop/test/cocos-creator/PlaneFight/assets/Scripts/Ememy.ts.
10:51:18.351 debug: Resolve file:///Users/zhao/Desktop/test/cocos-creator/PlaneFight/assets/Scripts/EmemyBox.ts from cce:/internal/x/prerequisite-imports as file:///Users/zhao/Desktop/test/cocos-creator/PlaneFight/assets/Scripts/EmemyBox.ts.
10:51:18.351 debug: Detected change: file:///Users/zhao/Desktop/test/cocos-creator/PlaneFight/assets/Scripts/EmemyBox.ts. Last mtime: Fri Jul 18 2025 10:45:18 GMT+0800 (中国标准时间)@92db9fc8-3289-4a05-8403-d965f95f1cfc, Current mtime: Fri Jul 18 2025 10:51:16 GMT+0800 (中国标准时间)@92db9fc8-3289-4a05-8403-d965f95f1cfc
10:51:18.351 debug: Inspect file:///Users/zhao/Desktop/test/cocos-creator/PlaneFight/assets/Scripts/EmemyBox.ts
10:51:18.361 debug: transform url: 'file:///Users/zhao/Desktop/test/cocos-creator/PlaneFight/assets/Scripts/EmemyBox.ts' costs: 9.70 ms
10:51:18.362 debug: Resolve file:///Users/zhao/Desktop/test/cocos-creator/PlaneFight/assets/Scripts/GameManager.ts from cce:/internal/x/prerequisite-imports as file:///Users/zhao/Desktop/test/cocos-creator/PlaneFight/assets/Scripts/GameManager.ts.
10:51:18.362 debug: Resolve cc from file:///Users/zhao/Desktop/test/cocos-creator/PlaneFight/assets/Scripts/EmemyBox.ts as cce:/internal/x/cc.
10:51:18.362 debug: Resolve cc from file:///Users/zhao/Desktop/test/cocos-creator/PlaneFight/assets/Scripts/EmemyBox.ts as cce:/internal/x/cc.
10:51:18.362 debug: Resolve cc from file:///Users/zhao/Desktop/test/cocos-creator/PlaneFight/assets/Scripts/EmemyBox.ts as cce:/internal/x/cc.
10:51:18.365 debug: Target(editor) ends with cost 27.195791999809444ms.
10:51:18.365 debug: Target(preview) build started.
10:51:18.365 debug: Detected change: cce:/internal/x/prerequisite-imports. Last mtime: Thu Jan 01 1970 08:55:16 GMT+0800 (中国标准时间), Current mtime: Thu Jan 01 1970 09:01:15 GMT+0800 (中国标准时间)
10:51:18.365 debug: Inspect cce:/internal/x/prerequisite-imports
10:51:18.371 debug: transform url: 'cce:/internal/x/prerequisite-imports' costs: 5.40 ms
10:51:18.371 debug: Resolve file:///Applications/Cocos/Creator/3.8.6/CocosCreator.app/Contents/Resources/resources/3d/engine/editor/assets/default_renderpipeline/builtin-dof-pass.ts from cce:/internal/x/prerequisite-imports as file:///Applications/Cocos/Creator/3.8.6/CocosCreator.app/Contents/Resources/resources/3d/engine/editor/assets/default_renderpipeline/builtin-dof-pass.ts.
10:51:18.372 debug: Resolve file:///Applications/Cocos/Creator/3.8.6/CocosCreator.app/Contents/Resources/resources/3d/engine/editor/assets/default_renderpipeline/builtin-pipeline-pass.ts from cce:/internal/x/prerequisite-imports as file:///Applications/Cocos/Creator/3.8.6/CocosCreator.app/Contents/Resources/resources/3d/engine/editor/assets/default_renderpipeline/builtin-pipeline-pass.ts.
10:51:18.372 debug: Resolve file:///Applications/Cocos/Creator/3.8.6/CocosCreator.app/Contents/Resources/resources/3d/engine/editor/assets/default_renderpipeline/builtin-pipeline-settings.ts from cce:/internal/x/prerequisite-imports as file:///Applications/Cocos/Creator/3.8.6/CocosCreator.app/Contents/Resources/resources/3d/engine/editor/assets/default_renderpipeline/builtin-pipeline-settings.ts.
10:51:18.372 debug: Resolve file:///Applications/Cocos/Creator/3.8.6/CocosCreator.app/Contents/Resources/resources/3d/engine/editor/assets/default_renderpipeline/builtin-pipeline-types.ts from cce:/internal/x/prerequisite-imports as file:///Applications/Cocos/Creator/3.8.6/CocosCreator.app/Contents/Resources/resources/3d/engine/editor/assets/default_renderpipeline/builtin-pipeline-types.ts.
10:51:18.372 debug: Resolve file:///Applications/Cocos/Creator/3.8.6/CocosCreator.app/Contents/Resources/resources/3d/engine/editor/assets/default_renderpipeline/builtin-pipeline.ts from cce:/internal/x/prerequisite-imports as file:///Applications/Cocos/Creator/3.8.6/CocosCreator.app/Contents/Resources/resources/3d/engine/editor/assets/default_renderpipeline/builtin-pipeline.ts.
10:51:18.372 debug: Resolve file:///Applications/Cocos/Creator/3.8.6/CocosCreator.app/Contents/Resources/resources/3d/engine/editor/assets/tools/debug-view-runtime-control.ts from cce:/internal/x/prerequisite-imports as file:///Applications/Cocos/Creator/3.8.6/CocosCreator.app/Contents/Resources/resources/3d/engine/editor/assets/tools/debug-view-runtime-control.ts.
10:51:18.372 debug: Resolve file:///Users/zhao/Desktop/test/cocos-creator/PlaneFight/assets/Scripts/BgBox.ts from cce:/internal/x/prerequisite-imports as file:///Users/zhao/Desktop/test/cocos-creator/PlaneFight/assets/Scripts/BgBox.ts.
10:51:18.372 debug: Resolve file:///Users/zhao/Desktop/test/cocos-creator/PlaneFight/assets/Scripts/Ememy.ts from cce:/internal/x/prerequisite-imports as file:///Users/zhao/Desktop/test/cocos-creator/PlaneFight/assets/Scripts/Ememy.ts.
10:51:18.372 debug: Resolve file:///Users/zhao/Desktop/test/cocos-creator/PlaneFight/assets/Scripts/EmemyBox.ts from cce:/internal/x/prerequisite-imports as file:///Users/zhao/Desktop/test/cocos-creator/PlaneFight/assets/Scripts/EmemyBox.ts.
10:51:18.372 debug: Detected change: file:///Users/zhao/Desktop/test/cocos-creator/PlaneFight/assets/Scripts/EmemyBox.ts. Last mtime: Fri Jul 18 2025 10:45:18 GMT+0800 (中国标准时间)@92db9fc8-3289-4a05-8403-d965f95f1cfc, Current mtime: Fri Jul 18 2025 10:51:16 GMT+0800 (中国标准时间)@92db9fc8-3289-4a05-8403-d965f95f1cfc
10:51:18.372 debug: Inspect file:///Users/zhao/Desktop/test/cocos-creator/PlaneFight/assets/Scripts/EmemyBox.ts
10:51:18.387 debug: transform url: 'file:///Users/zhao/Desktop/test/cocos-creator/PlaneFight/assets/Scripts/EmemyBox.ts' costs: 15.00 ms
10:51:18.388 debug: Resolve file:///Users/zhao/Desktop/test/cocos-creator/PlaneFight/assets/Scripts/GameManager.ts from cce:/internal/x/prerequisite-imports as file:///Users/zhao/Desktop/test/cocos-creator/PlaneFight/assets/Scripts/GameManager.ts.
10:51:18.388 debug: Resolve cc from file:///Users/zhao/Desktop/test/cocos-creator/PlaneFight/assets/Scripts/EmemyBox.ts as cce:/internal/x/cc.
10:51:18.388 debug: Resolve cc from file:///Users/zhao/Desktop/test/cocos-creator/PlaneFight/assets/Scripts/EmemyBox.ts as cce:/internal/x/cc.
10:51:18.388 debug: Resolve cc from file:///Users/zhao/Desktop/test/cocos-creator/PlaneFight/assets/Scripts/EmemyBox.ts as cce:/internal/x/cc.
10:51:18.392 debug: Target(preview) ends with cost 26.98833299987018ms.
10:51:53.917 debug: Dispatch build request for time accumulated 1 asset changes.
10:51:53.918 debug: Build iteration starts.
Number of accumulated asset changes: 1
Feature changed: false
10:51:53.918 debug: Target(editor) build started.
10:51:53.919 debug: Detected change: cce:/internal/x/prerequisite-imports. Last mtime: Thu Jan 01 1970 09:01:15 GMT+0800 (中国标准时间), Current mtime: Thu Jan 01 1970 09:01:51 GMT+0800 (中国标准时间)
10:51:53.920 debug: Inspect cce:/internal/x/prerequisite-imports
10:51:53.924 debug: transform url: 'cce:/internal/x/prerequisite-imports' costs: 4.60 ms
10:51:53.925 debug: Resolve file:///Applications/Cocos/Creator/3.8.6/CocosCreator.app/Contents/Resources/resources/3d/engine/editor/assets/default_renderpipeline/builtin-dof-pass.ts from cce:/internal/x/prerequisite-imports as file:///Applications/Cocos/Creator/3.8.6/CocosCreator.app/Contents/Resources/resources/3d/engine/editor/assets/default_renderpipeline/builtin-dof-pass.ts.
10:51:53.925 debug: Resolve file:///Applications/Cocos/Creator/3.8.6/CocosCreator.app/Contents/Resources/resources/3d/engine/editor/assets/default_renderpipeline/builtin-pipeline-pass.ts from cce:/internal/x/prerequisite-imports as file:///Applications/Cocos/Creator/3.8.6/CocosCreator.app/Contents/Resources/resources/3d/engine/editor/assets/default_renderpipeline/builtin-pipeline-pass.ts.
10:51:53.925 debug: Resolve file:///Applications/Cocos/Creator/3.8.6/CocosCreator.app/Contents/Resources/resources/3d/engine/editor/assets/default_renderpipeline/builtin-pipeline-settings.ts from cce:/internal/x/prerequisite-imports as file:///Applications/Cocos/Creator/3.8.6/CocosCreator.app/Contents/Resources/resources/3d/engine/editor/assets/default_renderpipeline/builtin-pipeline-settings.ts.
10:51:53.925 debug: Resolve file:///Applications/Cocos/Creator/3.8.6/CocosCreator.app/Contents/Resources/resources/3d/engine/editor/assets/default_renderpipeline/builtin-pipeline-types.ts from cce:/internal/x/prerequisite-imports as file:///Applications/Cocos/Creator/3.8.6/CocosCreator.app/Contents/Resources/resources/3d/engine/editor/assets/default_renderpipeline/builtin-pipeline-types.ts.
10:51:53.925 debug: Resolve file:///Applications/Cocos/Creator/3.8.6/CocosCreator.app/Contents/Resources/resources/3d/engine/editor/assets/default_renderpipeline/builtin-pipeline.ts from cce:/internal/x/prerequisite-imports as file:///Applications/Cocos/Creator/3.8.6/CocosCreator.app/Contents/Resources/resources/3d/engine/editor/assets/default_renderpipeline/builtin-pipeline.ts.
10:51:53.925 debug: Resolve file:///Applications/Cocos/Creator/3.8.6/CocosCreator.app/Contents/Resources/resources/3d/engine/editor/assets/tools/debug-view-runtime-control.ts from cce:/internal/x/prerequisite-imports as file:///Applications/Cocos/Creator/3.8.6/CocosCreator.app/Contents/Resources/resources/3d/engine/editor/assets/tools/debug-view-runtime-control.ts.
10:51:53.925 debug: Resolve file:///Users/zhao/Desktop/test/cocos-creator/PlaneFight/assets/Scripts/BgBox.ts from cce:/internal/x/prerequisite-imports as file:///Users/zhao/Desktop/test/cocos-creator/PlaneFight/assets/Scripts/BgBox.ts.
10:51:53.925 debug: Resolve file:///Users/zhao/Desktop/test/cocos-creator/PlaneFight/assets/Scripts/Ememy.ts from cce:/internal/x/prerequisite-imports as file:///Users/zhao/Desktop/test/cocos-creator/PlaneFight/assets/Scripts/Ememy.ts.
10:51:53.925 debug: Resolve file:///Users/zhao/Desktop/test/cocos-creator/PlaneFight/assets/Scripts/EmemyBox.ts from cce:/internal/x/prerequisite-imports as file:///Users/zhao/Desktop/test/cocos-creator/PlaneFight/assets/Scripts/EmemyBox.ts.
10:51:53.925 debug: Detected change: file:///Users/zhao/Desktop/test/cocos-creator/PlaneFight/assets/Scripts/EmemyBox.ts. Last mtime: Fri Jul 18 2025 10:51:16 GMT+0800 (中国标准时间)@92db9fc8-3289-4a05-8403-d965f95f1cfc, Current mtime: Fri Jul 18 2025 10:51:52 GMT+0800 (中国标准时间)@92db9fc8-3289-4a05-8403-d965f95f1cfc
10:51:53.925 debug: Inspect file:///Users/zhao/Desktop/test/cocos-creator/PlaneFight/assets/Scripts/EmemyBox.ts
10:51:53.939 debug: transform url: 'file:///Users/zhao/Desktop/test/cocos-creator/PlaneFight/assets/Scripts/EmemyBox.ts' costs: 13.90 ms
10:51:53.940 debug: Resolve file:///Users/zhao/Desktop/test/cocos-creator/PlaneFight/assets/Scripts/GameManager.ts from cce:/internal/x/prerequisite-imports as file:///Users/zhao/Desktop/test/cocos-creator/PlaneFight/assets/Scripts/GameManager.ts.
10:51:53.940 debug: Resolve cc from file:///Users/zhao/Desktop/test/cocos-creator/PlaneFight/assets/Scripts/EmemyBox.ts as cce:/internal/x/cc.
10:51:53.940 debug: Resolve cc from file:///Users/zhao/Desktop/test/cocos-creator/PlaneFight/assets/Scripts/EmemyBox.ts as cce:/internal/x/cc.
10:51:53.940 debug: Resolve cc from file:///Users/zhao/Desktop/test/cocos-creator/PlaneFight/assets/Scripts/EmemyBox.ts as cce:/internal/x/cc.
10:51:53.943 debug: Target(editor) ends with cost 24.560291999951005ms.
10:51:53.943 debug: Target(preview) build started.
10:51:53.944 debug: Detected change: cce:/internal/x/prerequisite-imports. Last mtime: Thu Jan 01 1970 09:01:15 GMT+0800 (中国标准时间), Current mtime: Thu Jan 01 1970 09:01:51 GMT+0800 (中国标准时间)
10:51:53.944 debug: Inspect cce:/internal/x/prerequisite-imports
10:51:53.948 debug: transform url: 'cce:/internal/x/prerequisite-imports' costs: 4.20 ms
10:51:53.949 debug: Resolve file:///Applications/Cocos/Creator/3.8.6/CocosCreator.app/Contents/Resources/resources/3d/engine/editor/assets/default_renderpipeline/builtin-dof-pass.ts from cce:/internal/x/prerequisite-imports as file:///Applications/Cocos/Creator/3.8.6/CocosCreator.app/Contents/Resources/resources/3d/engine/editor/assets/default_renderpipeline/builtin-dof-pass.ts.
10:51:53.949 debug: Resolve file:///Applications/Cocos/Creator/3.8.6/CocosCreator.app/Contents/Resources/resources/3d/engine/editor/assets/default_renderpipeline/builtin-pipeline-pass.ts from cce:/internal/x/prerequisite-imports as file:///Applications/Cocos/Creator/3.8.6/CocosCreator.app/Contents/Resources/resources/3d/engine/editor/assets/default_renderpipeline/builtin-pipeline-pass.ts.
10:51:53.949 debug: Resolve file:///Applications/Cocos/Creator/3.8.6/CocosCreator.app/Contents/Resources/resources/3d/engine/editor/assets/default_renderpipeline/builtin-pipeline-settings.ts from cce:/internal/x/prerequisite-imports as file:///Applications/Cocos/Creator/3.8.6/CocosCreator.app/Contents/Resources/resources/3d/engine/editor/assets/default_renderpipeline/builtin-pipeline-settings.ts.
10:51:53.949 debug: Resolve file:///Applications/Cocos/Creator/3.8.6/CocosCreator.app/Contents/Resources/resources/3d/engine/editor/assets/default_renderpipeline/builtin-pipeline-types.ts from cce:/internal/x/prerequisite-imports as file:///Applications/Cocos/Creator/3.8.6/CocosCreator.app/Contents/Resources/resources/3d/engine/editor/assets/default_renderpipeline/builtin-pipeline-types.ts.
10:51:53.949 debug: Resolve file:///Applications/Cocos/Creator/3.8.6/CocosCreator.app/Contents/Resources/resources/3d/engine/editor/assets/default_renderpipeline/builtin-pipeline.ts from cce:/internal/x/prerequisite-imports as file:///Applications/Cocos/Creator/3.8.6/CocosCreator.app/Contents/Resources/resources/3d/engine/editor/assets/default_renderpipeline/builtin-pipeline.ts.
10:51:53.949 debug: Resolve file:///Applications/Cocos/Creator/3.8.6/CocosCreator.app/Contents/Resources/resources/3d/engine/editor/assets/tools/debug-view-runtime-control.ts from cce:/internal/x/prerequisite-imports as file:///Applications/Cocos/Creator/3.8.6/CocosCreator.app/Contents/Resources/resources/3d/engine/editor/assets/tools/debug-view-runtime-control.ts.
10:51:53.949 debug: Resolve file:///Users/zhao/Desktop/test/cocos-creator/PlaneFight/assets/Scripts/BgBox.ts from cce:/internal/x/prerequisite-imports as file:///Users/zhao/Desktop/test/cocos-creator/PlaneFight/assets/Scripts/BgBox.ts.
10:51:53.949 debug: Resolve file:///Users/zhao/Desktop/test/cocos-creator/PlaneFight/assets/Scripts/Ememy.ts from cce:/internal/x/prerequisite-imports as file:///Users/zhao/Desktop/test/cocos-creator/PlaneFight/assets/Scripts/Ememy.ts.
10:51:53.949 debug: Resolve file:///Users/zhao/Desktop/test/cocos-creator/PlaneFight/assets/Scripts/EmemyBox.ts from cce:/internal/x/prerequisite-imports as file:///Users/zhao/Desktop/test/cocos-creator/PlaneFight/assets/Scripts/EmemyBox.ts.
10:51:53.949 debug: Detected change: file:///Users/zhao/Desktop/test/cocos-creator/PlaneFight/assets/Scripts/EmemyBox.ts. Last mtime: Fri Jul 18 2025 10:51:16 GMT+0800 (中国标准时间)@92db9fc8-3289-4a05-8403-d965f95f1cfc, Current mtime: Fri Jul 18 2025 10:51:52 GMT+0800 (中国标准时间)@92db9fc8-3289-4a05-8403-d965f95f1cfc
10:51:53.949 debug: Inspect file:///Users/zhao/Desktop/test/cocos-creator/PlaneFight/assets/Scripts/EmemyBox.ts
10:51:53.967 debug: transform url: 'file:///Users/zhao/Desktop/test/cocos-creator/PlaneFight/assets/Scripts/EmemyBox.ts' costs: 17.80 ms
10:51:53.968 debug: Resolve file:///Users/zhao/Desktop/test/cocos-creator/PlaneFight/assets/Scripts/GameManager.ts from cce:/internal/x/prerequisite-imports as file:///Users/zhao/Desktop/test/cocos-creator/PlaneFight/assets/Scripts/GameManager.ts.
10:51:53.968 debug: Resolve cc from file:///Users/zhao/Desktop/test/cocos-creator/PlaneFight/assets/Scripts/EmemyBox.ts as cce:/internal/x/cc.
10:51:53.968 debug: Resolve cc from file:///Users/zhao/Desktop/test/cocos-creator/PlaneFight/assets/Scripts/EmemyBox.ts as cce:/internal/x/cc.
10:51:53.968 debug: Resolve cc from file:///Users/zhao/Desktop/test/cocos-creator/PlaneFight/assets/Scripts/EmemyBox.ts as cce:/internal/x/cc.
10:51:53.972 debug: Target(preview) ends with cost 28.770332999993116ms.
10:54:24.200 debug: Dispatch build request for time accumulated 1 asset changes.
10:54:24.202 debug: Build iteration starts.
Number of accumulated asset changes: 1
Feature changed: false
10:54:24.203 debug: Target(editor) build started.
10:54:24.205 debug: Detected change: cce:/internal/x/prerequisite-imports. Last mtime: Thu Jan 01 1970 09:01:51 GMT+0800 (中国标准时间), Current mtime: Thu Jan 01 1970 09:04:21 GMT+0800 (中国标准时间)
10:54:24.205 debug: Inspect cce:/internal/x/prerequisite-imports
10:54:24.211 debug: transform url: 'cce:/internal/x/prerequisite-imports' costs: 5.50 ms
10:54:24.212 debug: Resolve file:///Applications/Cocos/Creator/3.8.6/CocosCreator.app/Contents/Resources/resources/3d/engine/editor/assets/default_renderpipeline/builtin-dof-pass.ts from cce:/internal/x/prerequisite-imports as file:///Applications/Cocos/Creator/3.8.6/CocosCreator.app/Contents/Resources/resources/3d/engine/editor/assets/default_renderpipeline/builtin-dof-pass.ts.
10:54:24.212 debug: Resolve file:///Applications/Cocos/Creator/3.8.6/CocosCreator.app/Contents/Resources/resources/3d/engine/editor/assets/default_renderpipeline/builtin-pipeline-pass.ts from cce:/internal/x/prerequisite-imports as file:///Applications/Cocos/Creator/3.8.6/CocosCreator.app/Contents/Resources/resources/3d/engine/editor/assets/default_renderpipeline/builtin-pipeline-pass.ts.
10:54:24.212 debug: Resolve file:///Applications/Cocos/Creator/3.8.6/CocosCreator.app/Contents/Resources/resources/3d/engine/editor/assets/default_renderpipeline/builtin-pipeline-settings.ts from cce:/internal/x/prerequisite-imports as file:///Applications/Cocos/Creator/3.8.6/CocosCreator.app/Contents/Resources/resources/3d/engine/editor/assets/default_renderpipeline/builtin-pipeline-settings.ts.
10:54:24.212 debug: Resolve file:///Applications/Cocos/Creator/3.8.6/CocosCreator.app/Contents/Resources/resources/3d/engine/editor/assets/default_renderpipeline/builtin-pipeline-types.ts from cce:/internal/x/prerequisite-imports as file:///Applications/Cocos/Creator/3.8.6/CocosCreator.app/Contents/Resources/resources/3d/engine/editor/assets/default_renderpipeline/builtin-pipeline-types.ts.
10:54:24.212 debug: Resolve file:///Applications/Cocos/Creator/3.8.6/CocosCreator.app/Contents/Resources/resources/3d/engine/editor/assets/default_renderpipeline/builtin-pipeline.ts from cce:/internal/x/prerequisite-imports as file:///Applications/Cocos/Creator/3.8.6/CocosCreator.app/Contents/Resources/resources/3d/engine/editor/assets/default_renderpipeline/builtin-pipeline.ts.
10:54:24.212 debug: Resolve file:///Applications/Cocos/Creator/3.8.6/CocosCreator.app/Contents/Resources/resources/3d/engine/editor/assets/tools/debug-view-runtime-control.ts from cce:/internal/x/prerequisite-imports as file:///Applications/Cocos/Creator/3.8.6/CocosCreator.app/Contents/Resources/resources/3d/engine/editor/assets/tools/debug-view-runtime-control.ts.
10:54:24.212 debug: Resolve file:///Users/zhao/Desktop/test/cocos-creator/PlaneFight/assets/Scripts/BgBox.ts from cce:/internal/x/prerequisite-imports as file:///Users/zhao/Desktop/test/cocos-creator/PlaneFight/assets/Scripts/BgBox.ts.
10:54:24.212 debug: Resolve file:///Users/zhao/Desktop/test/cocos-creator/PlaneFight/assets/Scripts/Ememy.ts from cce:/internal/x/prerequisite-imports as file:///Users/zhao/Desktop/test/cocos-creator/PlaneFight/assets/Scripts/Ememy.ts.
10:54:24.212 debug: Resolve file:///Users/zhao/Desktop/test/cocos-creator/PlaneFight/assets/Scripts/EmemyBox.ts from cce:/internal/x/prerequisite-imports as file:///Users/zhao/Desktop/test/cocos-creator/PlaneFight/assets/Scripts/EmemyBox.ts.
10:54:24.213 debug: Resolve file:///Users/zhao/Desktop/test/cocos-creator/PlaneFight/assets/Scripts/GameManager.ts from cce:/internal/x/prerequisite-imports as file:///Users/zhao/Desktop/test/cocos-creator/PlaneFight/assets/Scripts/GameManager.ts.
10:54:24.213 debug: Detected change: file:///Users/zhao/Desktop/test/cocos-creator/PlaneFight/assets/Scripts/GameManager.ts. Last mtime: Fri Jul 18 2025 10:40:41 GMT+0800 (中国标准时间)@04b8d335-2cbf-453a-9fb4-20b7d50b6131, Current mtime: Fri Jul 18 2025 10:54:22 GMT+0800 (中国标准时间)@04b8d335-2cbf-453a-9fb4-20b7d50b6131
10:54:24.213 debug: Inspect file:///Users/zhao/Desktop/test/cocos-creator/PlaneFight/assets/Scripts/GameManager.ts
10:54:24.221 debug: transform url: 'file:///Users/zhao/Desktop/test/cocos-creator/PlaneFight/assets/Scripts/GameManager.ts' costs: 8.60 ms
10:54:24.222 debug: Resolve cce:/internal/code-quality/cr.mjs from file:///Users/zhao/Desktop/test/cocos-creator/PlaneFight/assets/Scripts/GameManager.ts as cce:/internal/code-quality/cr.mjs.
10:54:24.222 debug: Resolve cc from file:///Users/zhao/Desktop/test/cocos-creator/PlaneFight/assets/Scripts/GameManager.ts as cce:/internal/x/cc.
10:54:24.222 debug: Resolve cc from file:///Users/zhao/Desktop/test/cocos-creator/PlaneFight/assets/Scripts/GameManager.ts as cce:/internal/x/cc.
10:54:24.222 debug: Resolve cc from file:///Users/zhao/Desktop/test/cocos-creator/PlaneFight/assets/Scripts/GameManager.ts as cce:/internal/x/cc.
10:54:24.222 debug: Resolve ./EmemyBox from file:///Users/zhao/Desktop/test/cocos-creator/PlaneFight/assets/Scripts/GameManager.ts as file:///Users/zhao/Desktop/test/cocos-creator/PlaneFight/assets/Scripts/EmemyBox.ts.
10:54:24.225 debug: Target(editor) ends with cost 21.84008300025016ms.
10:54:24.225 debug: Target(preview) build started.
10:54:24.226 debug: Detected change: cce:/internal/x/prerequisite-imports. Last mtime: Thu Jan 01 1970 09:01:51 GMT+0800 (中国标准时间), Current mtime: Thu Jan 01 1970 09:04:21 GMT+0800 (中国标准时间)
10:54:24.226 debug: Inspect cce:/internal/x/prerequisite-imports
10:54:24.231 debug: transform url: 'cce:/internal/x/prerequisite-imports' costs: 5.50 ms
10:54:24.232 debug: Resolve file:///Applications/Cocos/Creator/3.8.6/CocosCreator.app/Contents/Resources/resources/3d/engine/editor/assets/default_renderpipeline/builtin-dof-pass.ts from cce:/internal/x/prerequisite-imports as file:///Applications/Cocos/Creator/3.8.6/CocosCreator.app/Contents/Resources/resources/3d/engine/editor/assets/default_renderpipeline/builtin-dof-pass.ts.
10:54:24.233 debug: Resolve file:///Applications/Cocos/Creator/3.8.6/CocosCreator.app/Contents/Resources/resources/3d/engine/editor/assets/default_renderpipeline/builtin-pipeline-pass.ts from cce:/internal/x/prerequisite-imports as file:///Applications/Cocos/Creator/3.8.6/CocosCreator.app/Contents/Resources/resources/3d/engine/editor/assets/default_renderpipeline/builtin-pipeline-pass.ts.
10:54:24.233 debug: Resolve file:///Applications/Cocos/Creator/3.8.6/CocosCreator.app/Contents/Resources/resources/3d/engine/editor/assets/default_renderpipeline/builtin-pipeline-settings.ts from cce:/internal/x/prerequisite-imports as file:///Applications/Cocos/Creator/3.8.6/CocosCreator.app/Contents/Resources/resources/3d/engine/editor/assets/default_renderpipeline/builtin-pipeline-settings.ts.
10:54:24.233 debug: Resolve file:///Applications/Cocos/Creator/3.8.6/CocosCreator.app/Contents/Resources/resources/3d/engine/editor/assets/default_renderpipeline/builtin-pipeline-types.ts from cce:/internal/x/prerequisite-imports as file:///Applications/Cocos/Creator/3.8.6/CocosCreator.app/Contents/Resources/resources/3d/engine/editor/assets/default_renderpipeline/builtin-pipeline-types.ts.
10:54:24.233 debug: Resolve file:///Applications/Cocos/Creator/3.8.6/CocosCreator.app/Contents/Resources/resources/3d/engine/editor/assets/default_renderpipeline/builtin-pipeline.ts from cce:/internal/x/prerequisite-imports as file:///Applications/Cocos/Creator/3.8.6/CocosCreator.app/Contents/Resources/resources/3d/engine/editor/assets/default_renderpipeline/builtin-pipeline.ts.
10:54:24.233 debug: Resolve file:///Applications/Cocos/Creator/3.8.6/CocosCreator.app/Contents/Resources/resources/3d/engine/editor/assets/tools/debug-view-runtime-control.ts from cce:/internal/x/prerequisite-imports as file:///Applications/Cocos/Creator/3.8.6/CocosCreator.app/Contents/Resources/resources/3d/engine/editor/assets/tools/debug-view-runtime-control.ts.
10:54:24.233 debug: Resolve file:///Users/zhao/Desktop/test/cocos-creator/PlaneFight/assets/Scripts/BgBox.ts from cce:/internal/x/prerequisite-imports as file:///Users/zhao/Desktop/test/cocos-creator/PlaneFight/assets/Scripts/BgBox.ts.
10:54:24.233 debug: Resolve file:///Users/zhao/Desktop/test/cocos-creator/PlaneFight/assets/Scripts/Ememy.ts from cce:/internal/x/prerequisite-imports as file:///Users/zhao/Desktop/test/cocos-creator/PlaneFight/assets/Scripts/Ememy.ts.
10:54:24.233 debug: Resolve file:///Users/zhao/Desktop/test/cocos-creator/PlaneFight/assets/Scripts/EmemyBox.ts from cce:/internal/x/prerequisite-imports as file:///Users/zhao/Desktop/test/cocos-creator/PlaneFight/assets/Scripts/EmemyBox.ts.
10:54:24.233 debug: Resolve file:///Users/zhao/Desktop/test/cocos-creator/PlaneFight/assets/Scripts/GameManager.ts from cce:/internal/x/prerequisite-imports as file:///Users/zhao/Desktop/test/cocos-creator/PlaneFight/assets/Scripts/GameManager.ts.
10:54:24.233 debug: Detected change: file:///Users/zhao/Desktop/test/cocos-creator/PlaneFight/assets/Scripts/GameManager.ts. Last mtime: Fri Jul 18 2025 10:40:41 GMT+0800 (中国标准时间)@04b8d335-2cbf-453a-9fb4-20b7d50b6131, Current mtime: Fri Jul 18 2025 10:54:22 GMT+0800 (中国标准时间)@04b8d335-2cbf-453a-9fb4-20b7d50b6131
10:54:24.233 debug: Inspect file:///Users/zhao/Desktop/test/cocos-creator/PlaneFight/assets/Scripts/GameManager.ts
10:54:24.242 debug: transform url: 'file:///Users/zhao/Desktop/test/cocos-creator/PlaneFight/assets/Scripts/GameManager.ts' costs: 8.60 ms
10:54:24.244 debug: Resolve cce:/internal/code-quality/cr.mjs from file:///Users/zhao/Desktop/test/cocos-creator/PlaneFight/assets/Scripts/GameManager.ts as cce:/internal/code-quality/cr.mjs.
10:54:24.244 debug: Resolve cc from file:///Users/zhao/Desktop/test/cocos-creator/PlaneFight/assets/Scripts/GameManager.ts as cce:/internal/x/cc.
10:54:24.244 debug: Resolve cc from file:///Users/zhao/Desktop/test/cocos-creator/PlaneFight/assets/Scripts/GameManager.ts as cce:/internal/x/cc.
10:54:24.244 debug: Resolve cc from file:///Users/zhao/Desktop/test/cocos-creator/PlaneFight/assets/Scripts/GameManager.ts as cce:/internal/x/cc.
10:54:24.244 debug: Resolve ./EmemyBox from file:///Users/zhao/Desktop/test/cocos-creator/PlaneFight/assets/Scripts/GameManager.ts as file:///Users/zhao/Desktop/test/cocos-creator/PlaneFight/assets/Scripts/EmemyBox.ts.
10:54:24.248 debug: Target(preview) ends with cost 23.19412499992177ms.
10:54:46.509 debug: Dispatch build request for time accumulated 1 asset changes.
10:54:46.511 debug: Build iteration starts.
Number of accumulated asset changes: 1
Feature changed: false
10:54:46.511 debug: Target(editor) build started.
10:54:46.512 debug: Detected change: cce:/internal/x/prerequisite-imports. Last mtime: Thu Jan 01 1970 09:04:21 GMT+0800 (中国标准时间), Current mtime: Thu Jan 01 1970 09:04:43 GMT+0800 (中国标准时间)
10:54:46.512 debug: Inspect cce:/internal/x/prerequisite-imports
10:54:46.517 debug: transform url: 'cce:/internal/x/prerequisite-imports' costs: 5.10 ms
10:54:46.518 debug: Resolve file:///Applications/Cocos/Creator/3.8.6/CocosCreator.app/Contents/Resources/resources/3d/engine/editor/assets/default_renderpipeline/builtin-dof-pass.ts from cce:/internal/x/prerequisite-imports as file:///Applications/Cocos/Creator/3.8.6/CocosCreator.app/Contents/Resources/resources/3d/engine/editor/assets/default_renderpipeline/builtin-dof-pass.ts.
10:54:46.518 debug: Resolve file:///Applications/Cocos/Creator/3.8.6/CocosCreator.app/Contents/Resources/resources/3d/engine/editor/assets/default_renderpipeline/builtin-pipeline-pass.ts from cce:/internal/x/prerequisite-imports as file:///Applications/Cocos/Creator/3.8.6/CocosCreator.app/Contents/Resources/resources/3d/engine/editor/assets/default_renderpipeline/builtin-pipeline-pass.ts.
10:54:46.518 debug: Resolve file:///Applications/Cocos/Creator/3.8.6/CocosCreator.app/Contents/Resources/resources/3d/engine/editor/assets/default_renderpipeline/builtin-pipeline-settings.ts from cce:/internal/x/prerequisite-imports as file:///Applications/Cocos/Creator/3.8.6/CocosCreator.app/Contents/Resources/resources/3d/engine/editor/assets/default_renderpipeline/builtin-pipeline-settings.ts.
10:54:46.518 debug: Resolve file:///Applications/Cocos/Creator/3.8.6/CocosCreator.app/Contents/Resources/resources/3d/engine/editor/assets/default_renderpipeline/builtin-pipeline-types.ts from cce:/internal/x/prerequisite-imports as file:///Applications/Cocos/Creator/3.8.6/CocosCreator.app/Contents/Resources/resources/3d/engine/editor/assets/default_renderpipeline/builtin-pipeline-types.ts.
10:54:46.518 debug: Resolve file:///Applications/Cocos/Creator/3.8.6/CocosCreator.app/Contents/Resources/resources/3d/engine/editor/assets/default_renderpipeline/builtin-pipeline.ts from cce:/internal/x/prerequisite-imports as file:///Applications/Cocos/Creator/3.8.6/CocosCreator.app/Contents/Resources/resources/3d/engine/editor/assets/default_renderpipeline/builtin-pipeline.ts.
10:54:46.518 debug: Resolve file:///Applications/Cocos/Creator/3.8.6/CocosCreator.app/Contents/Resources/resources/3d/engine/editor/assets/tools/debug-view-runtime-control.ts from cce:/internal/x/prerequisite-imports as file:///Applications/Cocos/Creator/3.8.6/CocosCreator.app/Contents/Resources/resources/3d/engine/editor/assets/tools/debug-view-runtime-control.ts.
10:54:46.518 debug: Resolve file:///Users/zhao/Desktop/test/cocos-creator/PlaneFight/assets/Scripts/BgBox.ts from cce:/internal/x/prerequisite-imports as file:///Users/zhao/Desktop/test/cocos-creator/PlaneFight/assets/Scripts/BgBox.ts.
10:54:46.518 debug: Resolve file:///Users/zhao/Desktop/test/cocos-creator/PlaneFight/assets/Scripts/Ememy.ts from cce:/internal/x/prerequisite-imports as file:///Users/zhao/Desktop/test/cocos-creator/PlaneFight/assets/Scripts/Ememy.ts.
10:54:46.518 debug: Resolve file:///Users/zhao/Desktop/test/cocos-creator/PlaneFight/assets/Scripts/EmemyBox.ts from cce:/internal/x/prerequisite-imports as file:///Users/zhao/Desktop/test/cocos-creator/PlaneFight/assets/Scripts/EmemyBox.ts.
10:54:46.518 debug: Resolve file:///Users/zhao/Desktop/test/cocos-creator/PlaneFight/assets/Scripts/GameManager.ts from cce:/internal/x/prerequisite-imports as file:///Users/zhao/Desktop/test/cocos-creator/PlaneFight/assets/Scripts/GameManager.ts.
10:54:46.518 debug: Detected change: file:///Users/zhao/Desktop/test/cocos-creator/PlaneFight/assets/Scripts/GameManager.ts. Last mtime: Fri Jul 18 2025 10:54:22 GMT+0800 (中国标准时间)@04b8d335-2cbf-453a-9fb4-20b7d50b6131, Current mtime: Fri Jul 18 2025 10:54:34 GMT+0800 (中国标准时间)@04b8d335-2cbf-453a-9fb4-20b7d50b6131
10:54:46.518 debug: Inspect file:///Users/zhao/Desktop/test/cocos-creator/PlaneFight/assets/Scripts/GameManager.ts
10:54:46.524 debug: transform url: 'file:///Users/zhao/Desktop/test/cocos-creator/PlaneFight/assets/Scripts/GameManager.ts' costs: 5.90 ms
10:54:46.525 debug: Resolve cce:/internal/code-quality/cr.mjs from file:///Users/zhao/Desktop/test/cocos-creator/PlaneFight/assets/Scripts/GameManager.ts as cce:/internal/code-quality/cr.mjs.
10:54:46.525 debug: Resolve cc from file:///Users/zhao/Desktop/test/cocos-creator/PlaneFight/assets/Scripts/GameManager.ts as cce:/internal/x/cc.
10:54:46.525 debug: Resolve cc from file:///Users/zhao/Desktop/test/cocos-creator/PlaneFight/assets/Scripts/GameManager.ts as cce:/internal/x/cc.
10:54:46.525 debug: Resolve cc from file:///Users/zhao/Desktop/test/cocos-creator/PlaneFight/assets/Scripts/GameManager.ts as cce:/internal/x/cc.
10:54:46.525 debug: Resolve ./EmemyBox from file:///Users/zhao/Desktop/test/cocos-creator/PlaneFight/assets/Scripts/GameManager.ts as file:///Users/zhao/Desktop/test/cocos-creator/PlaneFight/assets/Scripts/EmemyBox.ts.
10:54:46.527 debug: Target(editor) ends with cost 16.18816600041464ms.
10:54:46.527 debug: Target(preview) build started.
10:54:46.528 debug: Detected change: cce:/internal/x/prerequisite-imports. Last mtime: Thu Jan 01 1970 09:04:21 GMT+0800 (中国标准时间), Current mtime: Thu Jan 01 1970 09:04:43 GMT+0800 (中国标准时间)
10:54:46.528 debug: Inspect cce:/internal/x/prerequisite-imports
10:54:46.532 debug: transform url: 'cce:/internal/x/prerequisite-imports' costs: 3.70 ms
10:54:46.533 debug: Resolve file:///Applications/Cocos/Creator/3.8.6/CocosCreator.app/Contents/Resources/resources/3d/engine/editor/assets/default_renderpipeline/builtin-dof-pass.ts from cce:/internal/x/prerequisite-imports as file:///Applications/Cocos/Creator/3.8.6/CocosCreator.app/Contents/Resources/resources/3d/engine/editor/assets/default_renderpipeline/builtin-dof-pass.ts.
10:54:46.533 debug: Resolve file:///Applications/Cocos/Creator/3.8.6/CocosCreator.app/Contents/Resources/resources/3d/engine/editor/assets/default_renderpipeline/builtin-pipeline-pass.ts from cce:/internal/x/prerequisite-imports as file:///Applications/Cocos/Creator/3.8.6/CocosCreator.app/Contents/Resources/resources/3d/engine/editor/assets/default_renderpipeline/builtin-pipeline-pass.ts.
10:54:46.533 debug: Resolve file:///Applications/Cocos/Creator/3.8.6/CocosCreator.app/Contents/Resources/resources/3d/engine/editor/assets/default_renderpipeline/builtin-pipeline-settings.ts from cce:/internal/x/prerequisite-imports as file:///Applications/Cocos/Creator/3.8.6/CocosCreator.app/Contents/Resources/resources/3d/engine/editor/assets/default_renderpipeline/builtin-pipeline-settings.ts.
10:54:46.533 debug: Resolve file:///Applications/Cocos/Creator/3.8.6/CocosCreator.app/Contents/Resources/resources/3d/engine/editor/assets/default_renderpipeline/builtin-pipeline-types.ts from cce:/internal/x/prerequisite-imports as file:///Applications/Cocos/Creator/3.8.6/CocosCreator.app/Contents/Resources/resources/3d/engine/editor/assets/default_renderpipeline/builtin-pipeline-types.ts.
10:54:46.533 debug: Resolve file:///Applications/Cocos/Creator/3.8.6/CocosCreator.app/Contents/Resources/resources/3d/engine/editor/assets/default_renderpipeline/builtin-pipeline.ts from cce:/internal/x/prerequisite-imports as file:///Applications/Cocos/Creator/3.8.6/CocosCreator.app/Contents/Resources/resources/3d/engine/editor/assets/default_renderpipeline/builtin-pipeline.ts.
10:54:46.533 debug: Resolve file:///Applications/Cocos/Creator/3.8.6/CocosCreator.app/Contents/Resources/resources/3d/engine/editor/assets/tools/debug-view-runtime-control.ts from cce:/internal/x/prerequisite-imports as file:///Applications/Cocos/Creator/3.8.6/CocosCreator.app/Contents/Resources/resources/3d/engine/editor/assets/tools/debug-view-runtime-control.ts.
10:54:46.533 debug: Resolve file:///Users/zhao/Desktop/test/cocos-creator/PlaneFight/assets/Scripts/BgBox.ts from cce:/internal/x/prerequisite-imports as file:///Users/zhao/Desktop/test/cocos-creator/PlaneFight/assets/Scripts/BgBox.ts.
10:54:46.533 debug: Resolve file:///Users/zhao/Desktop/test/cocos-creator/PlaneFight/assets/Scripts/Ememy.ts from cce:/internal/x/prerequisite-imports as file:///Users/zhao/Desktop/test/cocos-creator/PlaneFight/assets/Scripts/Ememy.ts.
10:54:46.533 debug: Resolve file:///Users/zhao/Desktop/test/cocos-creator/PlaneFight/assets/Scripts/EmemyBox.ts from cce:/internal/x/prerequisite-imports as file:///Users/zhao/Desktop/test/cocos-creator/PlaneFight/assets/Scripts/EmemyBox.ts.
10:54:46.533 debug: Resolve file:///Users/zhao/Desktop/test/cocos-creator/PlaneFight/assets/Scripts/GameManager.ts from cce:/internal/x/prerequisite-imports as file:///Users/zhao/Desktop/test/cocos-creator/PlaneFight/assets/Scripts/GameManager.ts.
10:54:46.533 debug: Detected change: file:///Users/zhao/Desktop/test/cocos-creator/PlaneFight/assets/Scripts/GameManager.ts. Last mtime: Fri Jul 18 2025 10:54:22 GMT+0800 (中国标准时间)@04b8d335-2cbf-453a-9fb4-20b7d50b6131, Current mtime: Fri Jul 18 2025 10:54:34 GMT+0800 (中国标准时间)@04b8d335-2cbf-453a-9fb4-20b7d50b6131
10:54:46.533 debug: Inspect file:///Users/zhao/Desktop/test/cocos-creator/PlaneFight/assets/Scripts/GameManager.ts
10:54:46.544 debug: transform url: 'file:///Users/zhao/Desktop/test/cocos-creator/PlaneFight/assets/Scripts/GameManager.ts' costs: 10.30 ms
10:54:46.545 debug: Resolve cce:/internal/code-quality/cr.mjs from file:///Users/zhao/Desktop/test/cocos-creator/PlaneFight/assets/Scripts/GameManager.ts as cce:/internal/code-quality/cr.mjs.
10:54:46.545 debug: Resolve cc from file:///Users/zhao/Desktop/test/cocos-creator/PlaneFight/assets/Scripts/GameManager.ts as cce:/internal/x/cc.
10:54:46.545 debug: Resolve cc from file:///Users/zhao/Desktop/test/cocos-creator/PlaneFight/assets/Scripts/GameManager.ts as cce:/internal/x/cc.
10:54:46.545 debug: Resolve cc from file:///Users/zhao/Desktop/test/cocos-creator/PlaneFight/assets/Scripts/GameManager.ts as cce:/internal/x/cc.
10:54:46.545 debug: Resolve ./EmemyBox from file:///Users/zhao/Desktop/test/cocos-creator/PlaneFight/assets/Scripts/GameManager.ts as file:///Users/zhao/Desktop/test/cocos-creator/PlaneFight/assets/Scripts/EmemyBox.ts.
10:54:46.548 debug: Target(preview) ends with cost 21.0064579998143ms.
10:59:19.907 debug: Dispatch build request for time accumulated 1 asset changes.
10:59:19.908 debug: Build iteration starts.
Number of accumulated asset changes: 1
Feature changed: false
10:59:19.908 debug: Target(editor) build started.
10:59:19.910 debug: Detected change: cce:/internal/x/prerequisite-imports. Last mtime: Thu Jan 01 1970 09:04:43 GMT+0800 (中国标准时间), Current mtime: Thu Jan 01 1970 09:09:17 GMT+0800 (中国标准时间)
10:59:19.910 debug: Inspect cce:/internal/x/prerequisite-imports
10:59:19.914 debug: transform url: 'cce:/internal/x/prerequisite-imports' costs: 4.00 ms
10:59:19.914 debug: Resolve file:///Applications/Cocos/Creator/3.8.6/CocosCreator.app/Contents/Resources/resources/3d/engine/editor/assets/default_renderpipeline/builtin-dof-pass.ts from cce:/internal/x/prerequisite-imports as file:///Applications/Cocos/Creator/3.8.6/CocosCreator.app/Contents/Resources/resources/3d/engine/editor/assets/default_renderpipeline/builtin-dof-pass.ts.
10:59:19.914 debug: Resolve file:///Applications/Cocos/Creator/3.8.6/CocosCreator.app/Contents/Resources/resources/3d/engine/editor/assets/default_renderpipeline/builtin-pipeline-pass.ts from cce:/internal/x/prerequisite-imports as file:///Applications/Cocos/Creator/3.8.6/CocosCreator.app/Contents/Resources/resources/3d/engine/editor/assets/default_renderpipeline/builtin-pipeline-pass.ts.
10:59:19.914 debug: Resolve file:///Applications/Cocos/Creator/3.8.6/CocosCreator.app/Contents/Resources/resources/3d/engine/editor/assets/default_renderpipeline/builtin-pipeline-settings.ts from cce:/internal/x/prerequisite-imports as file:///Applications/Cocos/Creator/3.8.6/CocosCreator.app/Contents/Resources/resources/3d/engine/editor/assets/default_renderpipeline/builtin-pipeline-settings.ts.
10:59:19.914 debug: Resolve file:///Applications/Cocos/Creator/3.8.6/CocosCreator.app/Contents/Resources/resources/3d/engine/editor/assets/default_renderpipeline/builtin-pipeline-types.ts from cce:/internal/x/prerequisite-imports as file:///Applications/Cocos/Creator/3.8.6/CocosCreator.app/Contents/Resources/resources/3d/engine/editor/assets/default_renderpipeline/builtin-pipeline-types.ts.
10:59:19.914 debug: Resolve file:///Applications/Cocos/Creator/3.8.6/CocosCreator.app/Contents/Resources/resources/3d/engine/editor/assets/default_renderpipeline/builtin-pipeline.ts from cce:/internal/x/prerequisite-imports as file:///Applications/Cocos/Creator/3.8.6/CocosCreator.app/Contents/Resources/resources/3d/engine/editor/assets/default_renderpipeline/builtin-pipeline.ts.
10:59:19.914 debug: Resolve file:///Applications/Cocos/Creator/3.8.6/CocosCreator.app/Contents/Resources/resources/3d/engine/editor/assets/tools/debug-view-runtime-control.ts from cce:/internal/x/prerequisite-imports as file:///Applications/Cocos/Creator/3.8.6/CocosCreator.app/Contents/Resources/resources/3d/engine/editor/assets/tools/debug-view-runtime-control.ts.
10:59:19.914 debug: Resolve file:///Users/zhao/Desktop/test/cocos-creator/PlaneFight/assets/Scripts/BgBox.ts from cce:/internal/x/prerequisite-imports as file:///Users/zhao/Desktop/test/cocos-creator/PlaneFight/assets/Scripts/BgBox.ts.
10:59:19.914 debug: Resolve file:///Users/zhao/Desktop/test/cocos-creator/PlaneFight/assets/Scripts/Ememy.ts from cce:/internal/x/prerequisite-imports as file:///Users/zhao/Desktop/test/cocos-creator/PlaneFight/assets/Scripts/Ememy.ts.
10:59:19.914 debug: Resolve file:///Users/zhao/Desktop/test/cocos-creator/PlaneFight/assets/Scripts/EnemyBox.ts from cce:/internal/x/prerequisite-imports as file:///Users/zhao/Desktop/test/cocos-creator/PlaneFight/assets/Scripts/EnemyBox.ts.
10:59:19.914 debug: Inspect file:///Users/zhao/Desktop/test/cocos-creator/PlaneFight/assets/Scripts/EnemyBox.ts
10:59:19.924 debug: transform url: 'file:///Users/zhao/Desktop/test/cocos-creator/PlaneFight/assets/Scripts/EnemyBox.ts' costs: 9.70 ms
10:59:19.925 debug: Resolve file:///Users/zhao/Desktop/test/cocos-creator/PlaneFight/assets/Scripts/GameManager.ts from cce:/internal/x/prerequisite-imports as file:///Users/zhao/Desktop/test/cocos-creator/PlaneFight/assets/Scripts/GameManager.ts.
10:59:19.925 debug: Resolve cc from file:///Users/zhao/Desktop/test/cocos-creator/PlaneFight/assets/Scripts/EnemyBox.ts as cce:/internal/x/cc.
10:59:19.925 debug: Resolve cc from file:///Users/zhao/Desktop/test/cocos-creator/PlaneFight/assets/Scripts/EnemyBox.ts as cce:/internal/x/cc.
10:59:19.925 debug: Resolve cc from file:///Users/zhao/Desktop/test/cocos-creator/PlaneFight/assets/Scripts/EnemyBox.ts as cce:/internal/x/cc.
10:59:19.925 debug: Failed to stat file 'file:///Users/zhao/Desktop/test/cocos-creator/PlaneFight/assets/Scripts/EmemyBox.ts' when get mtime:Error: ENOENT: no such file or directory, stat '/Users/zhao/Desktop/test/cocos-creator/PlaneFight/assets/Scripts/EmemyBox.ts'
10:59:19.925 debug: Detected change: file:///Users/zhao/Desktop/test/cocos-creator/PlaneFight/assets/Scripts/EmemyBox.ts. Last mtime: Fri Jul 18 2025 10:51:52 GMT+0800 (中国标准时间)@92db9fc8-3289-4a05-8403-d965f95f1cfc, Current mtime: Thu Jan 01 1970 08:00:00 GMT+0800 (中国标准时间)
10:59:19.925 debug: Inspect file:///Users/zhao/Desktop/test/cocos-creator/PlaneFight/assets/Scripts/EmemyBox.ts
10:59:19.925 debug: We encountered an load error: Error: 在加载模块文件 /Users/zhao/Desktop/test/cocos-creator/PlaneFight/assets/Scripts/EmemyBox.ts 时发生错误：Error: ENOENT: no such file or directory, open '/Users/zhao/Desktop/test/cocos-creator/PlaneFight/assets/Scripts/EmemyBox.ts'
10:59:19.934 debug: Target(editor) ends with cost 25.4259580001235ms.
10:59:19.934 debug: Target(preview) build started.
10:59:19.938 debug: Detected change: cce:/internal/x/prerequisite-imports. Last mtime: Thu Jan 01 1970 09:04:43 GMT+0800 (中国标准时间), Current mtime: Thu Jan 01 1970 09:09:17 GMT+0800 (中国标准时间)
10:59:19.938 debug: Inspect cce:/internal/x/prerequisite-imports
10:59:19.944 debug: transform url: 'cce:/internal/x/prerequisite-imports' costs: 6.30 ms
10:59:19.944 debug: Resolve file:///Applications/Cocos/Creator/3.8.6/CocosCreator.app/Contents/Resources/resources/3d/engine/editor/assets/default_renderpipeline/builtin-dof-pass.ts from cce:/internal/x/prerequisite-imports as file:///Applications/Cocos/Creator/3.8.6/CocosCreator.app/Contents/Resources/resources/3d/engine/editor/assets/default_renderpipeline/builtin-dof-pass.ts.
10:59:19.944 debug: Resolve file:///Applications/Cocos/Creator/3.8.6/CocosCreator.app/Contents/Resources/resources/3d/engine/editor/assets/default_renderpipeline/builtin-pipeline-pass.ts from cce:/internal/x/prerequisite-imports as file:///Applications/Cocos/Creator/3.8.6/CocosCreator.app/Contents/Resources/resources/3d/engine/editor/assets/default_renderpipeline/builtin-pipeline-pass.ts.
10:59:19.944 debug: Resolve file:///Applications/Cocos/Creator/3.8.6/CocosCreator.app/Contents/Resources/resources/3d/engine/editor/assets/default_renderpipeline/builtin-pipeline-settings.ts from cce:/internal/x/prerequisite-imports as file:///Applications/Cocos/Creator/3.8.6/CocosCreator.app/Contents/Resources/resources/3d/engine/editor/assets/default_renderpipeline/builtin-pipeline-settings.ts.
10:59:19.945 debug: Resolve file:///Applications/Cocos/Creator/3.8.6/CocosCreator.app/Contents/Resources/resources/3d/engine/editor/assets/default_renderpipeline/builtin-pipeline-types.ts from cce:/internal/x/prerequisite-imports as file:///Applications/Cocos/Creator/3.8.6/CocosCreator.app/Contents/Resources/resources/3d/engine/editor/assets/default_renderpipeline/builtin-pipeline-types.ts.
10:59:19.945 debug: Resolve file:///Applications/Cocos/Creator/3.8.6/CocosCreator.app/Contents/Resources/resources/3d/engine/editor/assets/default_renderpipeline/builtin-pipeline.ts from cce:/internal/x/prerequisite-imports as file:///Applications/Cocos/Creator/3.8.6/CocosCreator.app/Contents/Resources/resources/3d/engine/editor/assets/default_renderpipeline/builtin-pipeline.ts.
10:59:19.945 debug: Resolve file:///Applications/Cocos/Creator/3.8.6/CocosCreator.app/Contents/Resources/resources/3d/engine/editor/assets/tools/debug-view-runtime-control.ts from cce:/internal/x/prerequisite-imports as file:///Applications/Cocos/Creator/3.8.6/CocosCreator.app/Contents/Resources/resources/3d/engine/editor/assets/tools/debug-view-runtime-control.ts.
10:59:19.945 debug: Resolve file:///Users/zhao/Desktop/test/cocos-creator/PlaneFight/assets/Scripts/BgBox.ts from cce:/internal/x/prerequisite-imports as file:///Users/zhao/Desktop/test/cocos-creator/PlaneFight/assets/Scripts/BgBox.ts.
10:59:19.945 debug: Resolve file:///Users/zhao/Desktop/test/cocos-creator/PlaneFight/assets/Scripts/Ememy.ts from cce:/internal/x/prerequisite-imports as file:///Users/zhao/Desktop/test/cocos-creator/PlaneFight/assets/Scripts/Ememy.ts.
10:59:19.945 debug: Resolve file:///Users/zhao/Desktop/test/cocos-creator/PlaneFight/assets/Scripts/EnemyBox.ts from cce:/internal/x/prerequisite-imports as file:///Users/zhao/Desktop/test/cocos-creator/PlaneFight/assets/Scripts/EnemyBox.ts.
10:59:19.945 debug: Inspect file:///Users/zhao/Desktop/test/cocos-creator/PlaneFight/assets/Scripts/EnemyBox.ts
10:59:19.961 debug: transform url: 'file:///Users/zhao/Desktop/test/cocos-creator/PlaneFight/assets/Scripts/EnemyBox.ts' costs: 15.90 ms
10:59:19.963 debug: Resolve file:///Users/zhao/Desktop/test/cocos-creator/PlaneFight/assets/Scripts/GameManager.ts from cce:/internal/x/prerequisite-imports as file:///Users/zhao/Desktop/test/cocos-creator/PlaneFight/assets/Scripts/GameManager.ts.
10:59:19.963 debug: Resolve cc from file:///Users/zhao/Desktop/test/cocos-creator/PlaneFight/assets/Scripts/EnemyBox.ts as cce:/internal/x/cc.
10:59:19.963 debug: Resolve cc from file:///Users/zhao/Desktop/test/cocos-creator/PlaneFight/assets/Scripts/EnemyBox.ts as cce:/internal/x/cc.
10:59:19.963 debug: Resolve cc from file:///Users/zhao/Desktop/test/cocos-creator/PlaneFight/assets/Scripts/EnemyBox.ts as cce:/internal/x/cc.
10:59:19.963 debug: Failed to stat file 'file:///Users/zhao/Desktop/test/cocos-creator/PlaneFight/assets/Scripts/EmemyBox.ts' when get mtime:Error: ENOENT: no such file or directory, stat '/Users/zhao/Desktop/test/cocos-creator/PlaneFight/assets/Scripts/EmemyBox.ts'
10:59:19.963 debug: Detected change: file:///Users/zhao/Desktop/test/cocos-creator/PlaneFight/assets/Scripts/EmemyBox.ts. Last mtime: Fri Jul 18 2025 10:51:52 GMT+0800 (中国标准时间)@92db9fc8-3289-4a05-8403-d965f95f1cfc, Current mtime: Thu Jan 01 1970 08:00:00 GMT+0800 (中国标准时间)
10:59:19.963 debug: Inspect file:///Users/zhao/Desktop/test/cocos-creator/PlaneFight/assets/Scripts/EmemyBox.ts
10:59:19.963 debug: We encountered an load error: Error: 在加载模块文件 /Users/zhao/Desktop/test/cocos-creator/PlaneFight/assets/Scripts/EmemyBox.ts 时发生错误：Error: ENOENT: no such file or directory, open '/Users/zhao/Desktop/test/cocos-creator/PlaneFight/assets/Scripts/EmemyBox.ts'
10:59:19.973 debug: Target(preview) ends with cost 39.79070799984038ms.
11:00:33.626 debug: Dispatch build request for time accumulated 3 asset changes.
11:00:33.647 debug: Build iteration starts.
Number of accumulated asset changes: 3
Feature changed: false
11:00:33.647 debug: Target(editor) build started.
11:00:33.679 debug: Detected change: cce:/internal/x/prerequisite-imports. Last mtime: Thu Jan 01 1970 09:09:17 GMT+0800 (中国标准时间), Current mtime: Thu Jan 01 1970 09:10:30 GMT+0800 (中国标准时间)
11:00:33.679 debug: Inspect cce:/internal/x/prerequisite-imports
11:00:33.688 debug: transform url: 'cce:/internal/x/prerequisite-imports' costs: 8.20 ms
11:00:33.689 debug: Resolve file:///Applications/Cocos/Creator/3.8.6/CocosCreator.app/Contents/Resources/resources/3d/engine/editor/assets/default_renderpipeline/builtin-dof-pass.ts from cce:/internal/x/prerequisite-imports as file:///Applications/Cocos/Creator/3.8.6/CocosCreator.app/Contents/Resources/resources/3d/engine/editor/assets/default_renderpipeline/builtin-dof-pass.ts.
11:00:33.689 debug: Resolve file:///Applications/Cocos/Creator/3.8.6/CocosCreator.app/Contents/Resources/resources/3d/engine/editor/assets/default_renderpipeline/builtin-pipeline-pass.ts from cce:/internal/x/prerequisite-imports as file:///Applications/Cocos/Creator/3.8.6/CocosCreator.app/Contents/Resources/resources/3d/engine/editor/assets/default_renderpipeline/builtin-pipeline-pass.ts.
11:00:33.689 debug: Resolve file:///Applications/Cocos/Creator/3.8.6/CocosCreator.app/Contents/Resources/resources/3d/engine/editor/assets/default_renderpipeline/builtin-pipeline-settings.ts from cce:/internal/x/prerequisite-imports as file:///Applications/Cocos/Creator/3.8.6/CocosCreator.app/Contents/Resources/resources/3d/engine/editor/assets/default_renderpipeline/builtin-pipeline-settings.ts.
11:00:33.689 debug: Resolve file:///Applications/Cocos/Creator/3.8.6/CocosCreator.app/Contents/Resources/resources/3d/engine/editor/assets/default_renderpipeline/builtin-pipeline-types.ts from cce:/internal/x/prerequisite-imports as file:///Applications/Cocos/Creator/3.8.6/CocosCreator.app/Contents/Resources/resources/3d/engine/editor/assets/default_renderpipeline/builtin-pipeline-types.ts.
11:00:33.689 debug: Resolve file:///Applications/Cocos/Creator/3.8.6/CocosCreator.app/Contents/Resources/resources/3d/engine/editor/assets/default_renderpipeline/builtin-pipeline.ts from cce:/internal/x/prerequisite-imports as file:///Applications/Cocos/Creator/3.8.6/CocosCreator.app/Contents/Resources/resources/3d/engine/editor/assets/default_renderpipeline/builtin-pipeline.ts.
11:00:33.689 debug: Resolve file:///Applications/Cocos/Creator/3.8.6/CocosCreator.app/Contents/Resources/resources/3d/engine/editor/assets/tools/debug-view-runtime-control.ts from cce:/internal/x/prerequisite-imports as file:///Applications/Cocos/Creator/3.8.6/CocosCreator.app/Contents/Resources/resources/3d/engine/editor/assets/tools/debug-view-runtime-control.ts.
11:00:33.690 debug: Resolve file:///Users/zhao/Desktop/test/cocos-creator/PlaneFight/assets/Scripts/BgBox.ts from cce:/internal/x/prerequisite-imports as file:///Users/zhao/Desktop/test/cocos-creator/PlaneFight/assets/Scripts/BgBox.ts.
11:00:33.690 debug: Resolve file:///Users/zhao/Desktop/test/cocos-creator/PlaneFight/assets/Scripts/Ememy.ts from cce:/internal/x/prerequisite-imports as file:///Users/zhao/Desktop/test/cocos-creator/PlaneFight/assets/Scripts/Ememy.ts.
11:00:33.690 debug: Detected change: file:///Users/zhao/Desktop/test/cocos-creator/PlaneFight/assets/Scripts/Ememy.ts. Last mtime: Fri Jul 18 2025 10:34:43 GMT+0800 (中国标准时间)@70755476-15f9-41c6-9470-be63e30c18ad, Current mtime: Fri Jul 18 2025 10:59:56 GMT+0800 (中国标准时间)@70755476-15f9-41c6-9470-be63e30c18ad
11:00:33.690 debug: Inspect file:///Users/zhao/Desktop/test/cocos-creator/PlaneFight/assets/Scripts/Ememy.ts
11:00:33.709 debug: transform url: 'file:///Users/zhao/Desktop/test/cocos-creator/PlaneFight/assets/Scripts/Ememy.ts' costs: 19.00 ms
11:00:33.710 debug: Resolve file:///Users/zhao/Desktop/test/cocos-creator/PlaneFight/assets/Scripts/EmemyBox.ts from cce:/internal/x/prerequisite-imports as file:///Users/zhao/Desktop/test/cocos-creator/PlaneFight/assets/Scripts/EmemyBox.ts.
11:00:33.711 debug: Detected change: file:///Users/zhao/Desktop/test/cocos-creator/PlaneFight/assets/Scripts/EmemyBox.ts. Last mtime: Thu Jan 01 1970 08:00:00 GMT+0800 (中国标准时间), Current mtime: Fri Jul 18 2025 11:00:10 GMT+0800 (中国标准时间)@092e5d08-316c-463d-ab60-11b7e69d99f8
11:00:33.711 debug: Inspect file:///Users/zhao/Desktop/test/cocos-creator/PlaneFight/assets/Scripts/EmemyBox.ts
11:00:33.722 debug: transform url: 'file:///Users/zhao/Desktop/test/cocos-creator/PlaneFight/assets/Scripts/EmemyBox.ts' costs: 11.70 ms
11:00:33.723 debug: Resolve file:///Users/zhao/Desktop/test/cocos-creator/PlaneFight/assets/Scripts/EnemyBox.ts from cce:/internal/x/prerequisite-imports as file:///Users/zhao/Desktop/test/cocos-creator/PlaneFight/assets/Scripts/EnemyBox.ts.
11:00:33.723 debug: Resolve file:///Users/zhao/Desktop/test/cocos-creator/PlaneFight/assets/Scripts/GameManager.ts from cce:/internal/x/prerequisite-imports as file:///Users/zhao/Desktop/test/cocos-creator/PlaneFight/assets/Scripts/GameManager.ts.
11:00:33.723 debug: Detected change: file:///Users/zhao/Desktop/test/cocos-creator/PlaneFight/assets/Scripts/GameManager.ts. Last mtime: Fri Jul 18 2025 10:54:34 GMT+0800 (中国标准时间)@04b8d335-2cbf-453a-9fb4-20b7d50b6131, Current mtime: Fri Jul 18 2025 11:00:32 GMT+0800 (中国标准时间)@04b8d335-2cbf-453a-9fb4-20b7d50b6131
11:00:33.723 debug: Inspect file:///Users/zhao/Desktop/test/cocos-creator/PlaneFight/assets/Scripts/GameManager.ts
11:00:33.729 debug: transform url: 'file:///Users/zhao/Desktop/test/cocos-creator/PlaneFight/assets/Scripts/GameManager.ts' costs: 6.10 ms
11:00:33.730 debug: Resolve cc from file:///Users/zhao/Desktop/test/cocos-creator/PlaneFight/assets/Scripts/Ememy.ts as cce:/internal/x/cc.
11:00:33.730 debug: Resolve cc from file:///Users/zhao/Desktop/test/cocos-creator/PlaneFight/assets/Scripts/Ememy.ts as cce:/internal/x/cc.
11:00:33.730 debug: Resolve cc from file:///Users/zhao/Desktop/test/cocos-creator/PlaneFight/assets/Scripts/Ememy.ts as cce:/internal/x/cc.
11:00:33.730 debug: Resolve cc from file:///Users/zhao/Desktop/test/cocos-creator/PlaneFight/assets/Scripts/EmemyBox.ts as cce:/internal/x/cc.
11:00:33.730 debug: Resolve cc from file:///Users/zhao/Desktop/test/cocos-creator/PlaneFight/assets/Scripts/EmemyBox.ts as cce:/internal/x/cc.
11:00:33.730 debug: Resolve cc from file:///Users/zhao/Desktop/test/cocos-creator/PlaneFight/assets/Scripts/EmemyBox.ts as cce:/internal/x/cc.
11:00:33.730 debug: Resolve cce:/internal/code-quality/cr.mjs from file:///Users/zhao/Desktop/test/cocos-creator/PlaneFight/assets/Scripts/GameManager.ts as cce:/internal/code-quality/cr.mjs.
11:00:33.730 debug: Resolve cc from file:///Users/zhao/Desktop/test/cocos-creator/PlaneFight/assets/Scripts/GameManager.ts as cce:/internal/x/cc.
11:00:33.730 debug: Resolve cc from file:///Users/zhao/Desktop/test/cocos-creator/PlaneFight/assets/Scripts/GameManager.ts as cce:/internal/x/cc.
11:00:33.730 debug: Resolve cc from file:///Users/zhao/Desktop/test/cocos-creator/PlaneFight/assets/Scripts/GameManager.ts as cce:/internal/x/cc.
11:00:33.730 debug: Resolve ./EmemyBox from file:///Users/zhao/Desktop/test/cocos-creator/PlaneFight/assets/Scripts/GameManager.ts as file:///Users/zhao/Desktop/test/cocos-creator/PlaneFight/assets/Scripts/EmemyBox.ts.
11:00:33.733 debug: Target(editor) ends with cost 86.13750000018626ms.
11:00:33.733 debug: Target(preview) build started.
11:00:33.734 debug: Detected change: cce:/internal/x/prerequisite-imports. Last mtime: Thu Jan 01 1970 09:09:17 GMT+0800 (中国标准时间), Current mtime: Thu Jan 01 1970 09:10:30 GMT+0800 (中国标准时间)
11:00:33.734 debug: Inspect cce:/internal/x/prerequisite-imports
11:00:33.738 debug: transform url: 'cce:/internal/x/prerequisite-imports' costs: 4.10 ms
11:00:33.739 debug: Resolve file:///Applications/Cocos/Creator/3.8.6/CocosCreator.app/Contents/Resources/resources/3d/engine/editor/assets/default_renderpipeline/builtin-dof-pass.ts from cce:/internal/x/prerequisite-imports as file:///Applications/Cocos/Creator/3.8.6/CocosCreator.app/Contents/Resources/resources/3d/engine/editor/assets/default_renderpipeline/builtin-dof-pass.ts.
11:00:33.740 debug: Resolve file:///Applications/Cocos/Creator/3.8.6/CocosCreator.app/Contents/Resources/resources/3d/engine/editor/assets/default_renderpipeline/builtin-pipeline-pass.ts from cce:/internal/x/prerequisite-imports as file:///Applications/Cocos/Creator/3.8.6/CocosCreator.app/Contents/Resources/resources/3d/engine/editor/assets/default_renderpipeline/builtin-pipeline-pass.ts.
11:00:33.740 debug: Resolve file:///Applications/Cocos/Creator/3.8.6/CocosCreator.app/Contents/Resources/resources/3d/engine/editor/assets/default_renderpipeline/builtin-pipeline-settings.ts from cce:/internal/x/prerequisite-imports as file:///Applications/Cocos/Creator/3.8.6/CocosCreator.app/Contents/Resources/resources/3d/engine/editor/assets/default_renderpipeline/builtin-pipeline-settings.ts.
11:00:33.740 debug: Resolve file:///Applications/Cocos/Creator/3.8.6/CocosCreator.app/Contents/Resources/resources/3d/engine/editor/assets/default_renderpipeline/builtin-pipeline-types.ts from cce:/internal/x/prerequisite-imports as file:///Applications/Cocos/Creator/3.8.6/CocosCreator.app/Contents/Resources/resources/3d/engine/editor/assets/default_renderpipeline/builtin-pipeline-types.ts.
11:00:33.740 debug: Resolve file:///Applications/Cocos/Creator/3.8.6/CocosCreator.app/Contents/Resources/resources/3d/engine/editor/assets/default_renderpipeline/builtin-pipeline.ts from cce:/internal/x/prerequisite-imports as file:///Applications/Cocos/Creator/3.8.6/CocosCreator.app/Contents/Resources/resources/3d/engine/editor/assets/default_renderpipeline/builtin-pipeline.ts.
11:00:33.740 debug: Resolve file:///Applications/Cocos/Creator/3.8.6/CocosCreator.app/Contents/Resources/resources/3d/engine/editor/assets/tools/debug-view-runtime-control.ts from cce:/internal/x/prerequisite-imports as file:///Applications/Cocos/Creator/3.8.6/CocosCreator.app/Contents/Resources/resources/3d/engine/editor/assets/tools/debug-view-runtime-control.ts.
11:00:33.740 debug: Resolve file:///Users/zhao/Desktop/test/cocos-creator/PlaneFight/assets/Scripts/BgBox.ts from cce:/internal/x/prerequisite-imports as file:///Users/zhao/Desktop/test/cocos-creator/PlaneFight/assets/Scripts/BgBox.ts.
11:00:33.740 debug: Resolve file:///Users/zhao/Desktop/test/cocos-creator/PlaneFight/assets/Scripts/Ememy.ts from cce:/internal/x/prerequisite-imports as file:///Users/zhao/Desktop/test/cocos-creator/PlaneFight/assets/Scripts/Ememy.ts.
11:00:33.740 debug: Detected change: file:///Users/zhao/Desktop/test/cocos-creator/PlaneFight/assets/Scripts/Ememy.ts. Last mtime: Fri Jul 18 2025 10:34:43 GMT+0800 (中国标准时间)@70755476-15f9-41c6-9470-be63e30c18ad, Current mtime: Fri Jul 18 2025 10:59:56 GMT+0800 (中国标准时间)@70755476-15f9-41c6-9470-be63e30c18ad
11:00:33.740 debug: Inspect file:///Users/zhao/Desktop/test/cocos-creator/PlaneFight/assets/Scripts/Ememy.ts
11:00:33.755 debug: transform url: 'file:///Users/zhao/Desktop/test/cocos-creator/PlaneFight/assets/Scripts/Ememy.ts' costs: 15.20 ms
11:00:33.756 debug: Resolve file:///Users/zhao/Desktop/test/cocos-creator/PlaneFight/assets/Scripts/EmemyBox.ts from cce:/internal/x/prerequisite-imports as file:///Users/zhao/Desktop/test/cocos-creator/PlaneFight/assets/Scripts/EmemyBox.ts.
11:00:33.756 debug: Detected change: file:///Users/zhao/Desktop/test/cocos-creator/PlaneFight/assets/Scripts/EmemyBox.ts. Last mtime: Thu Jan 01 1970 08:00:00 GMT+0800 (中国标准时间), Current mtime: Fri Jul 18 2025 11:00:10 GMT+0800 (中国标准时间)@092e5d08-316c-463d-ab60-11b7e69d99f8
11:00:33.756 debug: Inspect file:///Users/zhao/Desktop/test/cocos-creator/PlaneFight/assets/Scripts/EmemyBox.ts
11:00:33.773 debug: transform url: 'file:///Users/zhao/Desktop/test/cocos-creator/PlaneFight/assets/Scripts/EmemyBox.ts' costs: 16.20 ms
11:00:33.774 debug: Resolve file:///Users/zhao/Desktop/test/cocos-creator/PlaneFight/assets/Scripts/EnemyBox.ts from cce:/internal/x/prerequisite-imports as file:///Users/zhao/Desktop/test/cocos-creator/PlaneFight/assets/Scripts/EnemyBox.ts.
11:00:33.774 debug: Resolve file:///Users/zhao/Desktop/test/cocos-creator/PlaneFight/assets/Scripts/GameManager.ts from cce:/internal/x/prerequisite-imports as file:///Users/zhao/Desktop/test/cocos-creator/PlaneFight/assets/Scripts/GameManager.ts.
11:00:33.774 debug: Detected change: file:///Users/zhao/Desktop/test/cocos-creator/PlaneFight/assets/Scripts/GameManager.ts. Last mtime: Fri Jul 18 2025 10:54:34 GMT+0800 (中国标准时间)@04b8d335-2cbf-453a-9fb4-20b7d50b6131, Current mtime: Fri Jul 18 2025 11:00:32 GMT+0800 (中国标准时间)@04b8d335-2cbf-453a-9fb4-20b7d50b6131
11:00:33.774 debug: Inspect file:///Users/zhao/Desktop/test/cocos-creator/PlaneFight/assets/Scripts/GameManager.ts
11:00:33.783 debug: transform url: 'file:///Users/zhao/Desktop/test/cocos-creator/PlaneFight/assets/Scripts/GameManager.ts' costs: 8.20 ms
11:00:33.783 debug: Resolve cc from file:///Users/zhao/Desktop/test/cocos-creator/PlaneFight/assets/Scripts/Ememy.ts as cce:/internal/x/cc.
11:00:33.783 debug: Resolve cc from file:///Users/zhao/Desktop/test/cocos-creator/PlaneFight/assets/Scripts/Ememy.ts as cce:/internal/x/cc.
11:00:33.783 debug: Resolve cc from file:///Users/zhao/Desktop/test/cocos-creator/PlaneFight/assets/Scripts/Ememy.ts as cce:/internal/x/cc.
11:00:33.783 debug: Resolve cc from file:///Users/zhao/Desktop/test/cocos-creator/PlaneFight/assets/Scripts/EmemyBox.ts as cce:/internal/x/cc.
11:00:33.783 debug: Resolve cc from file:///Users/zhao/Desktop/test/cocos-creator/PlaneFight/assets/Scripts/EmemyBox.ts as cce:/internal/x/cc.
11:00:33.783 debug: Resolve cc from file:///Users/zhao/Desktop/test/cocos-creator/PlaneFight/assets/Scripts/EmemyBox.ts as cce:/internal/x/cc.
11:00:33.783 debug: Resolve cce:/internal/code-quality/cr.mjs from file:///Users/zhao/Desktop/test/cocos-creator/PlaneFight/assets/Scripts/GameManager.ts as cce:/internal/code-quality/cr.mjs.
11:00:33.783 debug: Resolve cc from file:///Users/zhao/Desktop/test/cocos-creator/PlaneFight/assets/Scripts/GameManager.ts as cce:/internal/x/cc.
11:00:33.783 debug: Resolve cc from file:///Users/zhao/Desktop/test/cocos-creator/PlaneFight/assets/Scripts/GameManager.ts as cce:/internal/x/cc.
11:00:33.783 debug: Resolve cc from file:///Users/zhao/Desktop/test/cocos-creator/PlaneFight/assets/Scripts/GameManager.ts as cce:/internal/x/cc.
11:00:33.783 debug: Resolve ./EmemyBox from file:///Users/zhao/Desktop/test/cocos-creator/PlaneFight/assets/Scripts/GameManager.ts as file:///Users/zhao/Desktop/test/cocos-creator/PlaneFight/assets/Scripts/EmemyBox.ts.
11:00:33.787 debug: Target(preview) ends with cost 54.13041700050235ms.
11:00:47.027 debug: Dispatch build request for time accumulated 1 asset changes.
11:00:47.028 debug: Build iteration starts.
Number of accumulated asset changes: 1
Feature changed: false
11:00:47.028 debug: Target(editor) build started.
11:00:47.028 debug: Detected change: cce:/internal/x/prerequisite-imports. Last mtime: Thu Jan 01 1970 09:10:30 GMT+0800 (中国标准时间), Current mtime: Thu Jan 01 1970 09:10:44 GMT+0800 (中国标准时间)
11:00:47.028 debug: Inspect cce:/internal/x/prerequisite-imports
11:00:47.032 debug: transform url: 'cce:/internal/x/prerequisite-imports' costs: 3.50 ms
11:00:47.033 debug: Resolve file:///Applications/Cocos/Creator/3.8.6/CocosCreator.app/Contents/Resources/resources/3d/engine/editor/assets/default_renderpipeline/builtin-dof-pass.ts from cce:/internal/x/prerequisite-imports as file:///Applications/Cocos/Creator/3.8.6/CocosCreator.app/Contents/Resources/resources/3d/engine/editor/assets/default_renderpipeline/builtin-dof-pass.ts.
11:00:47.033 debug: Resolve file:///Applications/Cocos/Creator/3.8.6/CocosCreator.app/Contents/Resources/resources/3d/engine/editor/assets/default_renderpipeline/builtin-pipeline-pass.ts from cce:/internal/x/prerequisite-imports as file:///Applications/Cocos/Creator/3.8.6/CocosCreator.app/Contents/Resources/resources/3d/engine/editor/assets/default_renderpipeline/builtin-pipeline-pass.ts.
11:00:47.033 debug: Resolve file:///Applications/Cocos/Creator/3.8.6/CocosCreator.app/Contents/Resources/resources/3d/engine/editor/assets/default_renderpipeline/builtin-pipeline-settings.ts from cce:/internal/x/prerequisite-imports as file:///Applications/Cocos/Creator/3.8.6/CocosCreator.app/Contents/Resources/resources/3d/engine/editor/assets/default_renderpipeline/builtin-pipeline-settings.ts.
11:00:47.033 debug: Resolve file:///Applications/Cocos/Creator/3.8.6/CocosCreator.app/Contents/Resources/resources/3d/engine/editor/assets/default_renderpipeline/builtin-pipeline-types.ts from cce:/internal/x/prerequisite-imports as file:///Applications/Cocos/Creator/3.8.6/CocosCreator.app/Contents/Resources/resources/3d/engine/editor/assets/default_renderpipeline/builtin-pipeline-types.ts.
11:00:47.033 debug: Resolve file:///Applications/Cocos/Creator/3.8.6/CocosCreator.app/Contents/Resources/resources/3d/engine/editor/assets/default_renderpipeline/builtin-pipeline.ts from cce:/internal/x/prerequisite-imports as file:///Applications/Cocos/Creator/3.8.6/CocosCreator.app/Contents/Resources/resources/3d/engine/editor/assets/default_renderpipeline/builtin-pipeline.ts.
11:00:47.033 debug: Resolve file:///Applications/Cocos/Creator/3.8.6/CocosCreator.app/Contents/Resources/resources/3d/engine/editor/assets/tools/debug-view-runtime-control.ts from cce:/internal/x/prerequisite-imports as file:///Applications/Cocos/Creator/3.8.6/CocosCreator.app/Contents/Resources/resources/3d/engine/editor/assets/tools/debug-view-runtime-control.ts.
11:00:47.033 debug: Resolve file:///Users/zhao/Desktop/test/cocos-creator/PlaneFight/assets/Scripts/BgBox.ts from cce:/internal/x/prerequisite-imports as file:///Users/zhao/Desktop/test/cocos-creator/PlaneFight/assets/Scripts/BgBox.ts.
11:00:47.033 debug: Resolve file:///Users/zhao/Desktop/test/cocos-creator/PlaneFight/assets/Scripts/EmemyBox.ts from cce:/internal/x/prerequisite-imports as file:///Users/zhao/Desktop/test/cocos-creator/PlaneFight/assets/Scripts/EmemyBox.ts.
11:00:47.033 debug: Resolve file:///Users/zhao/Desktop/test/cocos-creator/PlaneFight/assets/Scripts/Enemy.ts from cce:/internal/x/prerequisite-imports as file:///Users/zhao/Desktop/test/cocos-creator/PlaneFight/assets/Scripts/Enemy.ts.
11:00:47.033 debug: Inspect file:///Users/zhao/Desktop/test/cocos-creator/PlaneFight/assets/Scripts/Enemy.ts
11:00:47.042 debug: transform url: 'file:///Users/zhao/Desktop/test/cocos-creator/PlaneFight/assets/Scripts/Enemy.ts' costs: 9.40 ms
11:00:47.043 debug: Resolve file:///Users/zhao/Desktop/test/cocos-creator/PlaneFight/assets/Scripts/EnemyBox.ts from cce:/internal/x/prerequisite-imports as file:///Users/zhao/Desktop/test/cocos-creator/PlaneFight/assets/Scripts/EnemyBox.ts.
11:00:47.043 debug: Resolve file:///Users/zhao/Desktop/test/cocos-creator/PlaneFight/assets/Scripts/GameManager.ts from cce:/internal/x/prerequisite-imports as file:///Users/zhao/Desktop/test/cocos-creator/PlaneFight/assets/Scripts/GameManager.ts.
11:00:47.044 debug: Resolve cc from file:///Users/zhao/Desktop/test/cocos-creator/PlaneFight/assets/Scripts/Enemy.ts as cce:/internal/x/cc.
11:00:47.044 debug: Resolve cc from file:///Users/zhao/Desktop/test/cocos-creator/PlaneFight/assets/Scripts/Enemy.ts as cce:/internal/x/cc.
11:00:47.044 debug: Resolve cc from file:///Users/zhao/Desktop/test/cocos-creator/PlaneFight/assets/Scripts/Enemy.ts as cce:/internal/x/cc.
11:00:47.046 debug: Target(editor) ends with cost 18.118125000037253ms.
11:00:47.046 debug: Target(preview) build started.
11:00:47.047 debug: Detected change: cce:/internal/x/prerequisite-imports. Last mtime: Thu Jan 01 1970 09:10:30 GMT+0800 (中国标准时间), Current mtime: Thu Jan 01 1970 09:10:44 GMT+0800 (中国标准时间)
11:00:47.047 debug: Inspect cce:/internal/x/prerequisite-imports
11:00:47.050 debug: transform url: 'cce:/internal/x/prerequisite-imports' costs: 3.60 ms
11:00:47.051 debug: Resolve file:///Applications/Cocos/Creator/3.8.6/CocosCreator.app/Contents/Resources/resources/3d/engine/editor/assets/default_renderpipeline/builtin-dof-pass.ts from cce:/internal/x/prerequisite-imports as file:///Applications/Cocos/Creator/3.8.6/CocosCreator.app/Contents/Resources/resources/3d/engine/editor/assets/default_renderpipeline/builtin-dof-pass.ts.
11:00:47.051 debug: Resolve file:///Applications/Cocos/Creator/3.8.6/CocosCreator.app/Contents/Resources/resources/3d/engine/editor/assets/default_renderpipeline/builtin-pipeline-pass.ts from cce:/internal/x/prerequisite-imports as file:///Applications/Cocos/Creator/3.8.6/CocosCreator.app/Contents/Resources/resources/3d/engine/editor/assets/default_renderpipeline/builtin-pipeline-pass.ts.
11:00:47.051 debug: Resolve file:///Applications/Cocos/Creator/3.8.6/CocosCreator.app/Contents/Resources/resources/3d/engine/editor/assets/default_renderpipeline/builtin-pipeline-settings.ts from cce:/internal/x/prerequisite-imports as file:///Applications/Cocos/Creator/3.8.6/CocosCreator.app/Contents/Resources/resources/3d/engine/editor/assets/default_renderpipeline/builtin-pipeline-settings.ts.
11:00:47.051 debug: Resolve file:///Applications/Cocos/Creator/3.8.6/CocosCreator.app/Contents/Resources/resources/3d/engine/editor/assets/default_renderpipeline/builtin-pipeline-types.ts from cce:/internal/x/prerequisite-imports as file:///Applications/Cocos/Creator/3.8.6/CocosCreator.app/Contents/Resources/resources/3d/engine/editor/assets/default_renderpipeline/builtin-pipeline-types.ts.
11:00:47.051 debug: Resolve file:///Applications/Cocos/Creator/3.8.6/CocosCreator.app/Contents/Resources/resources/3d/engine/editor/assets/default_renderpipeline/builtin-pipeline.ts from cce:/internal/x/prerequisite-imports as file:///Applications/Cocos/Creator/3.8.6/CocosCreator.app/Contents/Resources/resources/3d/engine/editor/assets/default_renderpipeline/builtin-pipeline.ts.
11:00:47.051 debug: Resolve file:///Applications/Cocos/Creator/3.8.6/CocosCreator.app/Contents/Resources/resources/3d/engine/editor/assets/tools/debug-view-runtime-control.ts from cce:/internal/x/prerequisite-imports as file:///Applications/Cocos/Creator/3.8.6/CocosCreator.app/Contents/Resources/resources/3d/engine/editor/assets/tools/debug-view-runtime-control.ts.
11:00:47.051 debug: Resolve file:///Users/zhao/Desktop/test/cocos-creator/PlaneFight/assets/Scripts/BgBox.ts from cce:/internal/x/prerequisite-imports as file:///Users/zhao/Desktop/test/cocos-creator/PlaneFight/assets/Scripts/BgBox.ts.
11:00:47.051 debug: Resolve file:///Users/zhao/Desktop/test/cocos-creator/PlaneFight/assets/Scripts/EmemyBox.ts from cce:/internal/x/prerequisite-imports as file:///Users/zhao/Desktop/test/cocos-creator/PlaneFight/assets/Scripts/EmemyBox.ts.
11:00:47.051 debug: Resolve file:///Users/zhao/Desktop/test/cocos-creator/PlaneFight/assets/Scripts/Enemy.ts from cce:/internal/x/prerequisite-imports as file:///Users/zhao/Desktop/test/cocos-creator/PlaneFight/assets/Scripts/Enemy.ts.
11:00:47.051 debug: Inspect file:///Users/zhao/Desktop/test/cocos-creator/PlaneFight/assets/Scripts/Enemy.ts
11:00:47.060 debug: transform url: 'file:///Users/zhao/Desktop/test/cocos-creator/PlaneFight/assets/Scripts/Enemy.ts' costs: 9.20 ms
11:00:47.061 debug: Resolve file:///Users/zhao/Desktop/test/cocos-creator/PlaneFight/assets/Scripts/EnemyBox.ts from cce:/internal/x/prerequisite-imports as file:///Users/zhao/Desktop/test/cocos-creator/PlaneFight/assets/Scripts/EnemyBox.ts.
11:00:47.061 debug: Resolve file:///Users/zhao/Desktop/test/cocos-creator/PlaneFight/assets/Scripts/GameManager.ts from cce:/internal/x/prerequisite-imports as file:///Users/zhao/Desktop/test/cocos-creator/PlaneFight/assets/Scripts/GameManager.ts.
11:00:47.061 debug: Resolve cc from file:///Users/zhao/Desktop/test/cocos-creator/PlaneFight/assets/Scripts/Enemy.ts as cce:/internal/x/cc.
11:00:47.061 debug: Resolve cc from file:///Users/zhao/Desktop/test/cocos-creator/PlaneFight/assets/Scripts/Enemy.ts as cce:/internal/x/cc.
11:00:47.061 debug: Resolve cc from file:///Users/zhao/Desktop/test/cocos-creator/PlaneFight/assets/Scripts/Enemy.ts as cce:/internal/x/cc.
11:00:47.063 debug: Target(preview) ends with cost 17.012000000104308ms.
11:01:02.026 debug: Dispatch build request for time accumulated 1 asset changes.
11:01:02.027 debug: Build iteration starts.
Number of accumulated asset changes: 1
Feature changed: false
11:01:02.027 debug: Target(editor) build started.
11:01:02.029 debug: Detected change: cce:/internal/x/prerequisite-imports. Last mtime: Thu Jan 01 1970 09:10:44 GMT+0800 (中国标准时间), Current mtime: Thu Jan 01 1970 09:10:59 GMT+0800 (中国标准时间)
11:01:02.029 debug: Inspect cce:/internal/x/prerequisite-imports
11:01:02.034 debug: transform url: 'cce:/internal/x/prerequisite-imports' costs: 4.80 ms
11:01:02.034 debug: Resolve file:///Applications/Cocos/Creator/3.8.6/CocosCreator.app/Contents/Resources/resources/3d/engine/editor/assets/default_renderpipeline/builtin-dof-pass.ts from cce:/internal/x/prerequisite-imports as file:///Applications/Cocos/Creator/3.8.6/CocosCreator.app/Contents/Resources/resources/3d/engine/editor/assets/default_renderpipeline/builtin-dof-pass.ts.
11:01:02.034 debug: Resolve file:///Applications/Cocos/Creator/3.8.6/CocosCreator.app/Contents/Resources/resources/3d/engine/editor/assets/default_renderpipeline/builtin-pipeline-pass.ts from cce:/internal/x/prerequisite-imports as file:///Applications/Cocos/Creator/3.8.6/CocosCreator.app/Contents/Resources/resources/3d/engine/editor/assets/default_renderpipeline/builtin-pipeline-pass.ts.
11:01:02.034 debug: Resolve file:///Applications/Cocos/Creator/3.8.6/CocosCreator.app/Contents/Resources/resources/3d/engine/editor/assets/default_renderpipeline/builtin-pipeline-settings.ts from cce:/internal/x/prerequisite-imports as file:///Applications/Cocos/Creator/3.8.6/CocosCreator.app/Contents/Resources/resources/3d/engine/editor/assets/default_renderpipeline/builtin-pipeline-settings.ts.
11:01:02.034 debug: Resolve file:///Applications/Cocos/Creator/3.8.6/CocosCreator.app/Contents/Resources/resources/3d/engine/editor/assets/default_renderpipeline/builtin-pipeline-types.ts from cce:/internal/x/prerequisite-imports as file:///Applications/Cocos/Creator/3.8.6/CocosCreator.app/Contents/Resources/resources/3d/engine/editor/assets/default_renderpipeline/builtin-pipeline-types.ts.
11:01:02.034 debug: Resolve file:///Applications/Cocos/Creator/3.8.6/CocosCreator.app/Contents/Resources/resources/3d/engine/editor/assets/default_renderpipeline/builtin-pipeline.ts from cce:/internal/x/prerequisite-imports as file:///Applications/Cocos/Creator/3.8.6/CocosCreator.app/Contents/Resources/resources/3d/engine/editor/assets/default_renderpipeline/builtin-pipeline.ts.
11:01:02.034 debug: Resolve file:///Applications/Cocos/Creator/3.8.6/CocosCreator.app/Contents/Resources/resources/3d/engine/editor/assets/tools/debug-view-runtime-control.ts from cce:/internal/x/prerequisite-imports as file:///Applications/Cocos/Creator/3.8.6/CocosCreator.app/Contents/Resources/resources/3d/engine/editor/assets/tools/debug-view-runtime-control.ts.
11:01:02.035 debug: Resolve file:///Users/zhao/Desktop/test/cocos-creator/PlaneFight/assets/Scripts/BgBox.ts from cce:/internal/x/prerequisite-imports as file:///Users/zhao/Desktop/test/cocos-creator/PlaneFight/assets/Scripts/BgBox.ts.
11:01:02.035 debug: Resolve file:///Users/zhao/Desktop/test/cocos-creator/PlaneFight/assets/Scripts/Enemy.ts from cce:/internal/x/prerequisite-imports as file:///Users/zhao/Desktop/test/cocos-creator/PlaneFight/assets/Scripts/Enemy.ts.
11:01:02.035 debug: Resolve file:///Users/zhao/Desktop/test/cocos-creator/PlaneFight/assets/Scripts/EnemyBox.ts from cce:/internal/x/prerequisite-imports as file:///Users/zhao/Desktop/test/cocos-creator/PlaneFight/assets/Scripts/EnemyBox.ts.
11:01:02.035 debug: Resolve file:///Users/zhao/Desktop/test/cocos-creator/PlaneFight/assets/Scripts/GameManager.ts from cce:/internal/x/prerequisite-imports as file:///Users/zhao/Desktop/test/cocos-creator/PlaneFight/assets/Scripts/GameManager.ts.
11:01:02.035 debug: Failed to stat file 'file:///Users/zhao/Desktop/test/cocos-creator/PlaneFight/assets/Scripts/EmemyBox.ts' when get mtime:Error: ENOENT: no such file or directory, stat '/Users/zhao/Desktop/test/cocos-creator/PlaneFight/assets/Scripts/EmemyBox.ts'
11:01:02.035 debug: Detected change: file:///Users/zhao/Desktop/test/cocos-creator/PlaneFight/assets/Scripts/EmemyBox.ts. Last mtime: Fri Jul 18 2025 11:00:10 GMT+0800 (中国标准时间)@092e5d08-316c-463d-ab60-11b7e69d99f8, Current mtime: Thu Jan 01 1970 08:00:00 GMT+0800 (中国标准时间)
11:01:02.035 debug: Inspect file:///Users/zhao/Desktop/test/cocos-creator/PlaneFight/assets/Scripts/EmemyBox.ts
11:01:02.035 debug: We encountered an load error: Error: 在加载模块文件 /Users/zhao/Desktop/test/cocos-creator/PlaneFight/assets/Scripts/EmemyBox.ts 时发生错误：Error: ENOENT: no such file or directory, open '/Users/zhao/Desktop/test/cocos-creator/PlaneFight/assets/Scripts/EmemyBox.ts'
11:01:02.041 debug: Target(editor) ends with cost 13.896167000755668ms.
11:01:02.041 debug: Target(preview) build started.
11:01:02.042 debug: Detected change: cce:/internal/x/prerequisite-imports. Last mtime: Thu Jan 01 1970 09:10:44 GMT+0800 (中国标准时间), Current mtime: Thu Jan 01 1970 09:10:59 GMT+0800 (中国标准时间)
11:01:02.042 debug: Inspect cce:/internal/x/prerequisite-imports
11:01:02.047 debug: transform url: 'cce:/internal/x/prerequisite-imports' costs: 4.80 ms
11:01:02.048 debug: Resolve file:///Applications/Cocos/Creator/3.8.6/CocosCreator.app/Contents/Resources/resources/3d/engine/editor/assets/default_renderpipeline/builtin-dof-pass.ts from cce:/internal/x/prerequisite-imports as file:///Applications/Cocos/Creator/3.8.6/CocosCreator.app/Contents/Resources/resources/3d/engine/editor/assets/default_renderpipeline/builtin-dof-pass.ts.
11:01:02.048 debug: Resolve file:///Applications/Cocos/Creator/3.8.6/CocosCreator.app/Contents/Resources/resources/3d/engine/editor/assets/default_renderpipeline/builtin-pipeline-pass.ts from cce:/internal/x/prerequisite-imports as file:///Applications/Cocos/Creator/3.8.6/CocosCreator.app/Contents/Resources/resources/3d/engine/editor/assets/default_renderpipeline/builtin-pipeline-pass.ts.
11:01:02.048 debug: Resolve file:///Applications/Cocos/Creator/3.8.6/CocosCreator.app/Contents/Resources/resources/3d/engine/editor/assets/default_renderpipeline/builtin-pipeline-settings.ts from cce:/internal/x/prerequisite-imports as file:///Applications/Cocos/Creator/3.8.6/CocosCreator.app/Contents/Resources/resources/3d/engine/editor/assets/default_renderpipeline/builtin-pipeline-settings.ts.
11:01:02.048 debug: Resolve file:///Applications/Cocos/Creator/3.8.6/CocosCreator.app/Contents/Resources/resources/3d/engine/editor/assets/default_renderpipeline/builtin-pipeline-types.ts from cce:/internal/x/prerequisite-imports as file:///Applications/Cocos/Creator/3.8.6/CocosCreator.app/Contents/Resources/resources/3d/engine/editor/assets/default_renderpipeline/builtin-pipeline-types.ts.
11:01:02.048 debug: Resolve file:///Applications/Cocos/Creator/3.8.6/CocosCreator.app/Contents/Resources/resources/3d/engine/editor/assets/default_renderpipeline/builtin-pipeline.ts from cce:/internal/x/prerequisite-imports as file:///Applications/Cocos/Creator/3.8.6/CocosCreator.app/Contents/Resources/resources/3d/engine/editor/assets/default_renderpipeline/builtin-pipeline.ts.
11:01:02.048 debug: Resolve file:///Applications/Cocos/Creator/3.8.6/CocosCreator.app/Contents/Resources/resources/3d/engine/editor/assets/tools/debug-view-runtime-control.ts from cce:/internal/x/prerequisite-imports as file:///Applications/Cocos/Creator/3.8.6/CocosCreator.app/Contents/Resources/resources/3d/engine/editor/assets/tools/debug-view-runtime-control.ts.
11:01:02.048 debug: Resolve file:///Users/zhao/Desktop/test/cocos-creator/PlaneFight/assets/Scripts/BgBox.ts from cce:/internal/x/prerequisite-imports as file:///Users/zhao/Desktop/test/cocos-creator/PlaneFight/assets/Scripts/BgBox.ts.
11:01:02.048 debug: Resolve file:///Users/zhao/Desktop/test/cocos-creator/PlaneFight/assets/Scripts/Enemy.ts from cce:/internal/x/prerequisite-imports as file:///Users/zhao/Desktop/test/cocos-creator/PlaneFight/assets/Scripts/Enemy.ts.
11:01:02.048 debug: Resolve file:///Users/zhao/Desktop/test/cocos-creator/PlaneFight/assets/Scripts/EnemyBox.ts from cce:/internal/x/prerequisite-imports as file:///Users/zhao/Desktop/test/cocos-creator/PlaneFight/assets/Scripts/EnemyBox.ts.
11:01:02.048 debug: Resolve file:///Users/zhao/Desktop/test/cocos-creator/PlaneFight/assets/Scripts/GameManager.ts from cce:/internal/x/prerequisite-imports as file:///Users/zhao/Desktop/test/cocos-creator/PlaneFight/assets/Scripts/GameManager.ts.
11:01:02.049 debug: Failed to stat file 'file:///Users/zhao/Desktop/test/cocos-creator/PlaneFight/assets/Scripts/EmemyBox.ts' when get mtime:Error: ENOENT: no such file or directory, stat '/Users/zhao/Desktop/test/cocos-creator/PlaneFight/assets/Scripts/EmemyBox.ts'
11:01:02.049 debug: Detected change: file:///Users/zhao/Desktop/test/cocos-creator/PlaneFight/assets/Scripts/EmemyBox.ts. Last mtime: Fri Jul 18 2025 11:00:10 GMT+0800 (中国标准时间)@092e5d08-316c-463d-ab60-11b7e69d99f8, Current mtime: Thu Jan 01 1970 08:00:00 GMT+0800 (中国标准时间)
11:01:02.049 debug: Inspect file:///Users/zhao/Desktop/test/cocos-creator/PlaneFight/assets/Scripts/EmemyBox.ts
11:01:02.049 debug: We encountered an load error: Error: 在加载模块文件 /Users/zhao/Desktop/test/cocos-creator/PlaneFight/assets/Scripts/EmemyBox.ts 时发生错误：Error: ENOENT: no such file or directory, open '/Users/zhao/Desktop/test/cocos-creator/PlaneFight/assets/Scripts/EmemyBox.ts'
11:01:02.057 debug: Target(preview) ends with cost 15.974542000330985ms.
11:01:36.733 debug: Dispatch build request for time accumulated 1 asset changes.
11:01:36.734 debug: Build iteration starts.
Number of accumulated asset changes: 1
Feature changed: false
11:01:36.734 debug: Target(editor) build started.
11:01:36.735 debug: Detected change: cce:/internal/x/prerequisite-imports. Last mtime: Thu Jan 01 1970 09:10:59 GMT+0800 (中国标准时间), Current mtime: Thu Jan 01 1970 09:11:33 GMT+0800 (中国标准时间)
11:01:36.735 debug: Inspect cce:/internal/x/prerequisite-imports
11:01:36.739 debug: transform url: 'cce:/internal/x/prerequisite-imports' costs: 4.00 ms
11:01:36.739 debug: Resolve file:///Applications/Cocos/Creator/3.8.6/CocosCreator.app/Contents/Resources/resources/3d/engine/editor/assets/default_renderpipeline/builtin-dof-pass.ts from cce:/internal/x/prerequisite-imports as file:///Applications/Cocos/Creator/3.8.6/CocosCreator.app/Contents/Resources/resources/3d/engine/editor/assets/default_renderpipeline/builtin-dof-pass.ts.
11:01:36.739 debug: Resolve file:///Applications/Cocos/Creator/3.8.6/CocosCreator.app/Contents/Resources/resources/3d/engine/editor/assets/default_renderpipeline/builtin-pipeline-pass.ts from cce:/internal/x/prerequisite-imports as file:///Applications/Cocos/Creator/3.8.6/CocosCreator.app/Contents/Resources/resources/3d/engine/editor/assets/default_renderpipeline/builtin-pipeline-pass.ts.
11:01:36.739 debug: Resolve file:///Applications/Cocos/Creator/3.8.6/CocosCreator.app/Contents/Resources/resources/3d/engine/editor/assets/default_renderpipeline/builtin-pipeline-settings.ts from cce:/internal/x/prerequisite-imports as file:///Applications/Cocos/Creator/3.8.6/CocosCreator.app/Contents/Resources/resources/3d/engine/editor/assets/default_renderpipeline/builtin-pipeline-settings.ts.
11:01:36.739 debug: Resolve file:///Applications/Cocos/Creator/3.8.6/CocosCreator.app/Contents/Resources/resources/3d/engine/editor/assets/default_renderpipeline/builtin-pipeline-types.ts from cce:/internal/x/prerequisite-imports as file:///Applications/Cocos/Creator/3.8.6/CocosCreator.app/Contents/Resources/resources/3d/engine/editor/assets/default_renderpipeline/builtin-pipeline-types.ts.
11:01:36.739 debug: Resolve file:///Applications/Cocos/Creator/3.8.6/CocosCreator.app/Contents/Resources/resources/3d/engine/editor/assets/default_renderpipeline/builtin-pipeline.ts from cce:/internal/x/prerequisite-imports as file:///Applications/Cocos/Creator/3.8.6/CocosCreator.app/Contents/Resources/resources/3d/engine/editor/assets/default_renderpipeline/builtin-pipeline.ts.
11:01:36.739 debug: Resolve file:///Applications/Cocos/Creator/3.8.6/CocosCreator.app/Contents/Resources/resources/3d/engine/editor/assets/tools/debug-view-runtime-control.ts from cce:/internal/x/prerequisite-imports as file:///Applications/Cocos/Creator/3.8.6/CocosCreator.app/Contents/Resources/resources/3d/engine/editor/assets/tools/debug-view-runtime-control.ts.
11:01:36.740 debug: Resolve file:///Users/zhao/Desktop/test/cocos-creator/PlaneFight/assets/Scripts/BgBox.ts from cce:/internal/x/prerequisite-imports as file:///Users/zhao/Desktop/test/cocos-creator/PlaneFight/assets/Scripts/BgBox.ts.
11:01:36.740 debug: Resolve file:///Users/zhao/Desktop/test/cocos-creator/PlaneFight/assets/Scripts/Enemy.ts from cce:/internal/x/prerequisite-imports as file:///Users/zhao/Desktop/test/cocos-creator/PlaneFight/assets/Scripts/Enemy.ts.
11:01:36.740 debug: Resolve file:///Users/zhao/Desktop/test/cocos-creator/PlaneFight/assets/Scripts/EnemyBox.ts from cce:/internal/x/prerequisite-imports as file:///Users/zhao/Desktop/test/cocos-creator/PlaneFight/assets/Scripts/EnemyBox.ts.
11:01:36.740 debug: Detected change: file:///Users/zhao/Desktop/test/cocos-creator/PlaneFight/assets/Scripts/EnemyBox.ts. Last mtime: Fri Jul 18 2025 10:51:52 GMT+0800 (中国标准时间)@92db9fc8-3289-4a05-8403-d965f95f1cfc, Current mtime: Fri Jul 18 2025 11:01:35 GMT+0800 (中国标准时间)@92db9fc8-3289-4a05-8403-d965f95f1cfc
11:01:36.740 debug: Inspect file:///Users/zhao/Desktop/test/cocos-creator/PlaneFight/assets/Scripts/EnemyBox.ts
11:01:36.750 debug: transform url: 'file:///Users/zhao/Desktop/test/cocos-creator/PlaneFight/assets/Scripts/EnemyBox.ts' costs: 10.60 ms
11:01:36.751 debug: Resolve file:///Users/zhao/Desktop/test/cocos-creator/PlaneFight/assets/Scripts/GameManager.ts from cce:/internal/x/prerequisite-imports as file:///Users/zhao/Desktop/test/cocos-creator/PlaneFight/assets/Scripts/GameManager.ts.
11:01:36.751 debug: Resolve cc from file:///Users/zhao/Desktop/test/cocos-creator/PlaneFight/assets/Scripts/EnemyBox.ts as cce:/internal/x/cc.
11:01:36.751 debug: Resolve cc from file:///Users/zhao/Desktop/test/cocos-creator/PlaneFight/assets/Scripts/EnemyBox.ts as cce:/internal/x/cc.
11:01:36.751 debug: Resolve cc from file:///Users/zhao/Desktop/test/cocos-creator/PlaneFight/assets/Scripts/EnemyBox.ts as cce:/internal/x/cc.
11:01:36.752 debug: Failed to stat file 'file:///Users/zhao/Desktop/test/cocos-creator/PlaneFight/assets/Scripts/EmemyBox.ts' when get mtime:Error: ENOENT: no such file or directory, stat '/Users/zhao/Desktop/test/cocos-creator/PlaneFight/assets/Scripts/EmemyBox.ts'
11:01:36.753 debug: Target(editor) ends with cost 19.232375000603497ms.
11:01:36.753 debug: Target(preview) build started.
11:01:36.754 debug: Detected change: cce:/internal/x/prerequisite-imports. Last mtime: Thu Jan 01 1970 09:10:59 GMT+0800 (中国标准时间), Current mtime: Thu Jan 01 1970 09:11:33 GMT+0800 (中国标准时间)
11:01:36.754 debug: Inspect cce:/internal/x/prerequisite-imports
11:01:36.758 debug: transform url: 'cce:/internal/x/prerequisite-imports' costs: 4.60 ms
11:01:36.759 debug: Resolve file:///Applications/Cocos/Creator/3.8.6/CocosCreator.app/Contents/Resources/resources/3d/engine/editor/assets/default_renderpipeline/builtin-dof-pass.ts from cce:/internal/x/prerequisite-imports as file:///Applications/Cocos/Creator/3.8.6/CocosCreator.app/Contents/Resources/resources/3d/engine/editor/assets/default_renderpipeline/builtin-dof-pass.ts.
11:01:36.759 debug: Resolve file:///Applications/Cocos/Creator/3.8.6/CocosCreator.app/Contents/Resources/resources/3d/engine/editor/assets/default_renderpipeline/builtin-pipeline-pass.ts from cce:/internal/x/prerequisite-imports as file:///Applications/Cocos/Creator/3.8.6/CocosCreator.app/Contents/Resources/resources/3d/engine/editor/assets/default_renderpipeline/builtin-pipeline-pass.ts.
11:01:36.759 debug: Resolve file:///Applications/Cocos/Creator/3.8.6/CocosCreator.app/Contents/Resources/resources/3d/engine/editor/assets/default_renderpipeline/builtin-pipeline-settings.ts from cce:/internal/x/prerequisite-imports as file:///Applications/Cocos/Creator/3.8.6/CocosCreator.app/Contents/Resources/resources/3d/engine/editor/assets/default_renderpipeline/builtin-pipeline-settings.ts.
11:01:36.759 debug: Resolve file:///Applications/Cocos/Creator/3.8.6/CocosCreator.app/Contents/Resources/resources/3d/engine/editor/assets/default_renderpipeline/builtin-pipeline-types.ts from cce:/internal/x/prerequisite-imports as file:///Applications/Cocos/Creator/3.8.6/CocosCreator.app/Contents/Resources/resources/3d/engine/editor/assets/default_renderpipeline/builtin-pipeline-types.ts.
11:01:36.759 debug: Resolve file:///Applications/Cocos/Creator/3.8.6/CocosCreator.app/Contents/Resources/resources/3d/engine/editor/assets/default_renderpipeline/builtin-pipeline.ts from cce:/internal/x/prerequisite-imports as file:///Applications/Cocos/Creator/3.8.6/CocosCreator.app/Contents/Resources/resources/3d/engine/editor/assets/default_renderpipeline/builtin-pipeline.ts.
11:01:36.760 debug: Resolve file:///Applications/Cocos/Creator/3.8.6/CocosCreator.app/Contents/Resources/resources/3d/engine/editor/assets/tools/debug-view-runtime-control.ts from cce:/internal/x/prerequisite-imports as file:///Applications/Cocos/Creator/3.8.6/CocosCreator.app/Contents/Resources/resources/3d/engine/editor/assets/tools/debug-view-runtime-control.ts.
11:01:36.760 debug: Resolve file:///Users/zhao/Desktop/test/cocos-creator/PlaneFight/assets/Scripts/BgBox.ts from cce:/internal/x/prerequisite-imports as file:///Users/zhao/Desktop/test/cocos-creator/PlaneFight/assets/Scripts/BgBox.ts.
11:01:36.760 debug: Resolve file:///Users/zhao/Desktop/test/cocos-creator/PlaneFight/assets/Scripts/Enemy.ts from cce:/internal/x/prerequisite-imports as file:///Users/zhao/Desktop/test/cocos-creator/PlaneFight/assets/Scripts/Enemy.ts.
11:01:36.760 debug: Resolve file:///Users/zhao/Desktop/test/cocos-creator/PlaneFight/assets/Scripts/EnemyBox.ts from cce:/internal/x/prerequisite-imports as file:///Users/zhao/Desktop/test/cocos-creator/PlaneFight/assets/Scripts/EnemyBox.ts.
11:01:36.760 debug: Detected change: file:///Users/zhao/Desktop/test/cocos-creator/PlaneFight/assets/Scripts/EnemyBox.ts. Last mtime: Fri Jul 18 2025 10:51:52 GMT+0800 (中国标准时间)@92db9fc8-3289-4a05-8403-d965f95f1cfc, Current mtime: Fri Jul 18 2025 11:01:35 GMT+0800 (中国标准时间)@92db9fc8-3289-4a05-8403-d965f95f1cfc
11:01:36.760 debug: Inspect file:///Users/zhao/Desktop/test/cocos-creator/PlaneFight/assets/Scripts/EnemyBox.ts
11:01:36.775 debug: transform url: 'file:///Users/zhao/Desktop/test/cocos-creator/PlaneFight/assets/Scripts/EnemyBox.ts' costs: 15.10 ms
11:01:36.776 debug: Resolve file:///Users/zhao/Desktop/test/cocos-creator/PlaneFight/assets/Scripts/GameManager.ts from cce:/internal/x/prerequisite-imports as file:///Users/zhao/Desktop/test/cocos-creator/PlaneFight/assets/Scripts/GameManager.ts.
11:01:36.776 debug: Resolve cc from file:///Users/zhao/Desktop/test/cocos-creator/PlaneFight/assets/Scripts/EnemyBox.ts as cce:/internal/x/cc.
11:01:36.776 debug: Resolve cc from file:///Users/zhao/Desktop/test/cocos-creator/PlaneFight/assets/Scripts/EnemyBox.ts as cce:/internal/x/cc.
11:01:36.776 debug: Resolve cc from file:///Users/zhao/Desktop/test/cocos-creator/PlaneFight/assets/Scripts/EnemyBox.ts as cce:/internal/x/cc.
11:01:36.776 debug: Failed to stat file 'file:///Users/zhao/Desktop/test/cocos-creator/PlaneFight/assets/Scripts/EmemyBox.ts' when get mtime:Error: ENOENT: no such file or directory, stat '/Users/zhao/Desktop/test/cocos-creator/PlaneFight/assets/Scripts/EmemyBox.ts'
11:01:36.780 debug: Target(preview) ends with cost 26.287082999944687ms.
11:16:08.079 debug: Dispatch build request for time accumulated 1 asset changes.
11:16:08.082 debug: Build iteration starts.
Number of accumulated asset changes: 1
Feature changed: false
11:16:08.082 debug: Target(editor) build started.
11:16:08.085 debug: Detected change: cce:/internal/x/prerequisite-imports. Last mtime: Thu Jan 01 1970 09:11:33 GMT+0800 (中国标准时间), Current mtime: Thu Jan 01 1970 09:26:05 GMT+0800 (中国标准时间)
11:16:08.085 debug: Inspect cce:/internal/x/prerequisite-imports
11:16:08.095 debug: transform url: 'cce:/internal/x/prerequisite-imports' costs: 9.40 ms
11:16:08.095 debug: Resolve file:///Applications/Cocos/Creator/3.8.6/CocosCreator.app/Contents/Resources/resources/3d/engine/editor/assets/default_renderpipeline/builtin-dof-pass.ts from cce:/internal/x/prerequisite-imports as file:///Applications/Cocos/Creator/3.8.6/CocosCreator.app/Contents/Resources/resources/3d/engine/editor/assets/default_renderpipeline/builtin-dof-pass.ts.
11:16:08.096 debug: Resolve file:///Applications/Cocos/Creator/3.8.6/CocosCreator.app/Contents/Resources/resources/3d/engine/editor/assets/default_renderpipeline/builtin-pipeline-pass.ts from cce:/internal/x/prerequisite-imports as file:///Applications/Cocos/Creator/3.8.6/CocosCreator.app/Contents/Resources/resources/3d/engine/editor/assets/default_renderpipeline/builtin-pipeline-pass.ts.
11:16:08.096 debug: Resolve file:///Applications/Cocos/Creator/3.8.6/CocosCreator.app/Contents/Resources/resources/3d/engine/editor/assets/default_renderpipeline/builtin-pipeline-settings.ts from cce:/internal/x/prerequisite-imports as file:///Applications/Cocos/Creator/3.8.6/CocosCreator.app/Contents/Resources/resources/3d/engine/editor/assets/default_renderpipeline/builtin-pipeline-settings.ts.
11:16:08.096 debug: Resolve file:///Applications/Cocos/Creator/3.8.6/CocosCreator.app/Contents/Resources/resources/3d/engine/editor/assets/default_renderpipeline/builtin-pipeline-types.ts from cce:/internal/x/prerequisite-imports as file:///Applications/Cocos/Creator/3.8.6/CocosCreator.app/Contents/Resources/resources/3d/engine/editor/assets/default_renderpipeline/builtin-pipeline-types.ts.
11:16:08.096 debug: Resolve file:///Applications/Cocos/Creator/3.8.6/CocosCreator.app/Contents/Resources/resources/3d/engine/editor/assets/default_renderpipeline/builtin-pipeline.ts from cce:/internal/x/prerequisite-imports as file:///Applications/Cocos/Creator/3.8.6/CocosCreator.app/Contents/Resources/resources/3d/engine/editor/assets/default_renderpipeline/builtin-pipeline.ts.
11:16:08.096 debug: Resolve file:///Applications/Cocos/Creator/3.8.6/CocosCreator.app/Contents/Resources/resources/3d/engine/editor/assets/tools/debug-view-runtime-control.ts from cce:/internal/x/prerequisite-imports as file:///Applications/Cocos/Creator/3.8.6/CocosCreator.app/Contents/Resources/resources/3d/engine/editor/assets/tools/debug-view-runtime-control.ts.
11:16:08.096 debug: Resolve file:///Users/zhao/Desktop/test/cocos-creator/PlaneFight/assets/Scripts/BgBox.ts from cce:/internal/x/prerequisite-imports as file:///Users/zhao/Desktop/test/cocos-creator/PlaneFight/assets/Scripts/BgBox.ts.
11:16:08.096 debug: Resolve file:///Users/zhao/Desktop/test/cocos-creator/PlaneFight/assets/Scripts/Enemy.ts from cce:/internal/x/prerequisite-imports as file:///Users/zhao/Desktop/test/cocos-creator/PlaneFight/assets/Scripts/Enemy.ts.
11:16:08.096 debug: Resolve file:///Users/zhao/Desktop/test/cocos-creator/PlaneFight/assets/Scripts/EnemyBox.ts from cce:/internal/x/prerequisite-imports as file:///Users/zhao/Desktop/test/cocos-creator/PlaneFight/assets/Scripts/EnemyBox.ts.
11:16:08.096 debug: Detected change: file:///Users/zhao/Desktop/test/cocos-creator/PlaneFight/assets/Scripts/EnemyBox.ts. Last mtime: Fri Jul 18 2025 11:01:35 GMT+0800 (中国标准时间)@92db9fc8-3289-4a05-8403-d965f95f1cfc, Current mtime: Fri Jul 18 2025 11:16:06 GMT+0800 (中国标准时间)@92db9fc8-3289-4a05-8403-d965f95f1cfc
11:16:08.096 debug: Inspect file:///Users/zhao/Desktop/test/cocos-creator/PlaneFight/assets/Scripts/EnemyBox.ts
11:16:08.106 debug: transform url: 'file:///Users/zhao/Desktop/test/cocos-creator/PlaneFight/assets/Scripts/EnemyBox.ts' costs: 10.30 ms
11:16:08.107 debug: Resolve file:///Users/zhao/Desktop/test/cocos-creator/PlaneFight/assets/Scripts/GameManager.ts from cce:/internal/x/prerequisite-imports as file:///Users/zhao/Desktop/test/cocos-creator/PlaneFight/assets/Scripts/GameManager.ts.
11:16:08.108 debug: Resolve cc from file:///Users/zhao/Desktop/test/cocos-creator/PlaneFight/assets/Scripts/EnemyBox.ts as cce:/internal/x/cc.
11:16:08.108 debug: Resolve cc from file:///Users/zhao/Desktop/test/cocos-creator/PlaneFight/assets/Scripts/EnemyBox.ts as cce:/internal/x/cc.
11:16:08.108 debug: Resolve cc from file:///Users/zhao/Desktop/test/cocos-creator/PlaneFight/assets/Scripts/EnemyBox.ts as cce:/internal/x/cc.
11:16:08.108 debug: Failed to stat file 'file:///Users/zhao/Desktop/test/cocos-creator/PlaneFight/assets/Scripts/EmemyBox.ts' when get mtime:Error: ENOENT: no such file or directory, stat '/Users/zhao/Desktop/test/cocos-creator/PlaneFight/assets/Scripts/EmemyBox.ts'
11:16:08.110 debug: Target(editor) ends with cost 28.09074999950826ms.
11:16:08.110 debug: Target(preview) build started.
11:16:08.112 debug: Detected change: cce:/internal/x/prerequisite-imports. Last mtime: Thu Jan 01 1970 09:11:33 GMT+0800 (中国标准时间), Current mtime: Thu Jan 01 1970 09:26:05 GMT+0800 (中国标准时间)
11:16:08.112 debug: Inspect cce:/internal/x/prerequisite-imports
11:16:08.116 debug: transform url: 'cce:/internal/x/prerequisite-imports' costs: 4.40 ms
11:16:08.117 debug: Resolve file:///Applications/Cocos/Creator/3.8.6/CocosCreator.app/Contents/Resources/resources/3d/engine/editor/assets/default_renderpipeline/builtin-dof-pass.ts from cce:/internal/x/prerequisite-imports as file:///Applications/Cocos/Creator/3.8.6/CocosCreator.app/Contents/Resources/resources/3d/engine/editor/assets/default_renderpipeline/builtin-dof-pass.ts.
11:16:08.117 debug: Resolve file:///Applications/Cocos/Creator/3.8.6/CocosCreator.app/Contents/Resources/resources/3d/engine/editor/assets/default_renderpipeline/builtin-pipeline-pass.ts from cce:/internal/x/prerequisite-imports as file:///Applications/Cocos/Creator/3.8.6/CocosCreator.app/Contents/Resources/resources/3d/engine/editor/assets/default_renderpipeline/builtin-pipeline-pass.ts.
11:16:08.117 debug: Resolve file:///Applications/Cocos/Creator/3.8.6/CocosCreator.app/Contents/Resources/resources/3d/engine/editor/assets/default_renderpipeline/builtin-pipeline-settings.ts from cce:/internal/x/prerequisite-imports as file:///Applications/Cocos/Creator/3.8.6/CocosCreator.app/Contents/Resources/resources/3d/engine/editor/assets/default_renderpipeline/builtin-pipeline-settings.ts.
11:16:08.117 debug: Resolve file:///Applications/Cocos/Creator/3.8.6/CocosCreator.app/Contents/Resources/resources/3d/engine/editor/assets/default_renderpipeline/builtin-pipeline-types.ts from cce:/internal/x/prerequisite-imports as file:///Applications/Cocos/Creator/3.8.6/CocosCreator.app/Contents/Resources/resources/3d/engine/editor/assets/default_renderpipeline/builtin-pipeline-types.ts.
11:16:08.117 debug: Resolve file:///Applications/Cocos/Creator/3.8.6/CocosCreator.app/Contents/Resources/resources/3d/engine/editor/assets/default_renderpipeline/builtin-pipeline.ts from cce:/internal/x/prerequisite-imports as file:///Applications/Cocos/Creator/3.8.6/CocosCreator.app/Contents/Resources/resources/3d/engine/editor/assets/default_renderpipeline/builtin-pipeline.ts.
11:16:08.117 debug: Resolve file:///Applications/Cocos/Creator/3.8.6/CocosCreator.app/Contents/Resources/resources/3d/engine/editor/assets/tools/debug-view-runtime-control.ts from cce:/internal/x/prerequisite-imports as file:///Applications/Cocos/Creator/3.8.6/CocosCreator.app/Contents/Resources/resources/3d/engine/editor/assets/tools/debug-view-runtime-control.ts.
11:16:08.117 debug: Resolve file:///Users/zhao/Desktop/test/cocos-creator/PlaneFight/assets/Scripts/BgBox.ts from cce:/internal/x/prerequisite-imports as file:///Users/zhao/Desktop/test/cocos-creator/PlaneFight/assets/Scripts/BgBox.ts.
11:16:08.117 debug: Resolve file:///Users/zhao/Desktop/test/cocos-creator/PlaneFight/assets/Scripts/Enemy.ts from cce:/internal/x/prerequisite-imports as file:///Users/zhao/Desktop/test/cocos-creator/PlaneFight/assets/Scripts/Enemy.ts.
11:16:08.118 debug: Resolve file:///Users/zhao/Desktop/test/cocos-creator/PlaneFight/assets/Scripts/EnemyBox.ts from cce:/internal/x/prerequisite-imports as file:///Users/zhao/Desktop/test/cocos-creator/PlaneFight/assets/Scripts/EnemyBox.ts.
11:16:08.118 debug: Detected change: file:///Users/zhao/Desktop/test/cocos-creator/PlaneFight/assets/Scripts/EnemyBox.ts. Last mtime: Fri Jul 18 2025 11:01:35 GMT+0800 (中国标准时间)@92db9fc8-3289-4a05-8403-d965f95f1cfc, Current mtime: Fri Jul 18 2025 11:16:06 GMT+0800 (中国标准时间)@92db9fc8-3289-4a05-8403-d965f95f1cfc
11:16:08.118 debug: Inspect file:///Users/zhao/Desktop/test/cocos-creator/PlaneFight/assets/Scripts/EnemyBox.ts
11:16:08.136 debug: transform url: 'file:///Users/zhao/Desktop/test/cocos-creator/PlaneFight/assets/Scripts/EnemyBox.ts' costs: 18.40 ms
11:16:08.137 debug: Resolve file:///Users/zhao/Desktop/test/cocos-creator/PlaneFight/assets/Scripts/GameManager.ts from cce:/internal/x/prerequisite-imports as file:///Users/zhao/Desktop/test/cocos-creator/PlaneFight/assets/Scripts/GameManager.ts.
11:16:08.137 debug: Resolve cc from file:///Users/zhao/Desktop/test/cocos-creator/PlaneFight/assets/Scripts/EnemyBox.ts as cce:/internal/x/cc.
11:16:08.137 debug: Resolve cc from file:///Users/zhao/Desktop/test/cocos-creator/PlaneFight/assets/Scripts/EnemyBox.ts as cce:/internal/x/cc.
11:16:08.137 debug: Resolve cc from file:///Users/zhao/Desktop/test/cocos-creator/PlaneFight/assets/Scripts/EnemyBox.ts as cce:/internal/x/cc.
11:16:08.138 debug: Failed to stat file 'file:///Users/zhao/Desktop/test/cocos-creator/PlaneFight/assets/Scripts/EmemyBox.ts' when get mtime:Error: ENOENT: no such file or directory, stat '/Users/zhao/Desktop/test/cocos-creator/PlaneFight/assets/Scripts/EmemyBox.ts'
11:16:08.141 debug: Target(preview) ends with cost 30.17337500024587ms.
11:17:49.436 debug: Dispatch build request for time accumulated 1 asset changes.
11:17:49.437 debug: Build iteration starts.
Number of accumulated asset changes: 1
Feature changed: false
11:17:49.437 debug: Target(editor) build started.
11:17:49.438 debug: Detected change: cce:/internal/x/prerequisite-imports. Last mtime: Thu Jan 01 1970 09:26:05 GMT+0800 (中国标准时间), Current mtime: Thu Jan 01 1970 09:27:46 GMT+0800 (中国标准时间)
11:17:49.438 debug: Inspect cce:/internal/x/prerequisite-imports
11:17:49.442 debug: transform url: 'cce:/internal/x/prerequisite-imports' costs: 4.00 ms
11:17:49.442 debug: Resolve file:///Applications/Cocos/Creator/3.8.6/CocosCreator.app/Contents/Resources/resources/3d/engine/editor/assets/default_renderpipeline/builtin-dof-pass.ts from cce:/internal/x/prerequisite-imports as file:///Applications/Cocos/Creator/3.8.6/CocosCreator.app/Contents/Resources/resources/3d/engine/editor/assets/default_renderpipeline/builtin-dof-pass.ts.
11:17:49.443 debug: Resolve file:///Applications/Cocos/Creator/3.8.6/CocosCreator.app/Contents/Resources/resources/3d/engine/editor/assets/default_renderpipeline/builtin-pipeline-pass.ts from cce:/internal/x/prerequisite-imports as file:///Applications/Cocos/Creator/3.8.6/CocosCreator.app/Contents/Resources/resources/3d/engine/editor/assets/default_renderpipeline/builtin-pipeline-pass.ts.
11:17:49.443 debug: Resolve file:///Applications/Cocos/Creator/3.8.6/CocosCreator.app/Contents/Resources/resources/3d/engine/editor/assets/default_renderpipeline/builtin-pipeline-settings.ts from cce:/internal/x/prerequisite-imports as file:///Applications/Cocos/Creator/3.8.6/CocosCreator.app/Contents/Resources/resources/3d/engine/editor/assets/default_renderpipeline/builtin-pipeline-settings.ts.
11:17:49.443 debug: Resolve file:///Applications/Cocos/Creator/3.8.6/CocosCreator.app/Contents/Resources/resources/3d/engine/editor/assets/default_renderpipeline/builtin-pipeline-types.ts from cce:/internal/x/prerequisite-imports as file:///Applications/Cocos/Creator/3.8.6/CocosCreator.app/Contents/Resources/resources/3d/engine/editor/assets/default_renderpipeline/builtin-pipeline-types.ts.
11:17:49.443 debug: Resolve file:///Applications/Cocos/Creator/3.8.6/CocosCreator.app/Contents/Resources/resources/3d/engine/editor/assets/default_renderpipeline/builtin-pipeline.ts from cce:/internal/x/prerequisite-imports as file:///Applications/Cocos/Creator/3.8.6/CocosCreator.app/Contents/Resources/resources/3d/engine/editor/assets/default_renderpipeline/builtin-pipeline.ts.
11:17:49.443 debug: Resolve file:///Applications/Cocos/Creator/3.8.6/CocosCreator.app/Contents/Resources/resources/3d/engine/editor/assets/tools/debug-view-runtime-control.ts from cce:/internal/x/prerequisite-imports as file:///Applications/Cocos/Creator/3.8.6/CocosCreator.app/Contents/Resources/resources/3d/engine/editor/assets/tools/debug-view-runtime-control.ts.
11:17:49.443 debug: Resolve file:///Users/zhao/Desktop/test/cocos-creator/PlaneFight/assets/Scripts/BgBox.ts from cce:/internal/x/prerequisite-imports as file:///Users/zhao/Desktop/test/cocos-creator/PlaneFight/assets/Scripts/BgBox.ts.
11:17:49.443 debug: Resolve file:///Users/zhao/Desktop/test/cocos-creator/PlaneFight/assets/Scripts/Enemy.ts from cce:/internal/x/prerequisite-imports as file:///Users/zhao/Desktop/test/cocos-creator/PlaneFight/assets/Scripts/Enemy.ts.
11:17:49.443 debug: Resolve file:///Users/zhao/Desktop/test/cocos-creator/PlaneFight/assets/Scripts/EnemyBox.ts from cce:/internal/x/prerequisite-imports as file:///Users/zhao/Desktop/test/cocos-creator/PlaneFight/assets/Scripts/EnemyBox.ts.
11:17:49.443 debug: Resolve file:///Users/zhao/Desktop/test/cocos-creator/PlaneFight/assets/Scripts/GameManager.ts from cce:/internal/x/prerequisite-imports as file:///Users/zhao/Desktop/test/cocos-creator/PlaneFight/assets/Scripts/GameManager.ts.
11:17:49.443 debug: Detected change: file:///Users/zhao/Desktop/test/cocos-creator/PlaneFight/assets/Scripts/GameManager.ts. Last mtime: Fri Jul 18 2025 11:00:32 GMT+0800 (中国标准时间)@04b8d335-2cbf-453a-9fb4-20b7d50b6131, Current mtime: Fri Jul 18 2025 11:17:45 GMT+0800 (中国标准时间)@04b8d335-2cbf-453a-9fb4-20b7d50b6131
11:17:49.443 debug: Inspect file:///Users/zhao/Desktop/test/cocos-creator/PlaneFight/assets/Scripts/GameManager.ts
11:17:49.449 debug: transform url: 'file:///Users/zhao/Desktop/test/cocos-creator/PlaneFight/assets/Scripts/GameManager.ts' costs: 6.00 ms
11:17:49.449 debug: Resolve cce:/internal/code-quality/cr.mjs from file:///Users/zhao/Desktop/test/cocos-creator/PlaneFight/assets/Scripts/GameManager.ts as cce:/internal/code-quality/cr.mjs.
11:17:49.449 debug: Resolve cc from file:///Users/zhao/Desktop/test/cocos-creator/PlaneFight/assets/Scripts/GameManager.ts as cce:/internal/x/cc.
11:17:49.449 debug: Resolve cc from file:///Users/zhao/Desktop/test/cocos-creator/PlaneFight/assets/Scripts/GameManager.ts as cce:/internal/x/cc.
11:17:49.449 debug: Resolve cc from file:///Users/zhao/Desktop/test/cocos-creator/PlaneFight/assets/Scripts/GameManager.ts as cce:/internal/x/cc.
11:17:49.450 debug: Resolve ./EnemyBox from file:///Users/zhao/Desktop/test/cocos-creator/PlaneFight/assets/Scripts/GameManager.ts as file:///Users/zhao/Desktop/test/cocos-creator/PlaneFight/assets/Scripts/EnemyBox.ts.
11:17:49.452 debug: Target(editor) ends with cost 15.081499999389052ms.
11:17:49.452 debug: Target(preview) build started.
11:17:49.453 debug: Detected change: cce:/internal/x/prerequisite-imports. Last mtime: Thu Jan 01 1970 09:26:05 GMT+0800 (中国标准时间), Current mtime: Thu Jan 01 1970 09:27:46 GMT+0800 (中国标准时间)
11:17:49.453 debug: Inspect cce:/internal/x/prerequisite-imports
11:17:49.457 debug: transform url: 'cce:/internal/x/prerequisite-imports' costs: 3.90 ms
11:17:49.458 debug: Resolve file:///Applications/Cocos/Creator/3.8.6/CocosCreator.app/Contents/Resources/resources/3d/engine/editor/assets/default_renderpipeline/builtin-dof-pass.ts from cce:/internal/x/prerequisite-imports as file:///Applications/Cocos/Creator/3.8.6/CocosCreator.app/Contents/Resources/resources/3d/engine/editor/assets/default_renderpipeline/builtin-dof-pass.ts.
11:17:49.458 debug: Resolve file:///Applications/Cocos/Creator/3.8.6/CocosCreator.app/Contents/Resources/resources/3d/engine/editor/assets/default_renderpipeline/builtin-pipeline-pass.ts from cce:/internal/x/prerequisite-imports as file:///Applications/Cocos/Creator/3.8.6/CocosCreator.app/Contents/Resources/resources/3d/engine/editor/assets/default_renderpipeline/builtin-pipeline-pass.ts.
11:17:49.458 debug: Resolve file:///Applications/Cocos/Creator/3.8.6/CocosCreator.app/Contents/Resources/resources/3d/engine/editor/assets/default_renderpipeline/builtin-pipeline-settings.ts from cce:/internal/x/prerequisite-imports as file:///Applications/Cocos/Creator/3.8.6/CocosCreator.app/Contents/Resources/resources/3d/engine/editor/assets/default_renderpipeline/builtin-pipeline-settings.ts.
11:17:49.458 debug: Resolve file:///Applications/Cocos/Creator/3.8.6/CocosCreator.app/Contents/Resources/resources/3d/engine/editor/assets/default_renderpipeline/builtin-pipeline-types.ts from cce:/internal/x/prerequisite-imports as file:///Applications/Cocos/Creator/3.8.6/CocosCreator.app/Contents/Resources/resources/3d/engine/editor/assets/default_renderpipeline/builtin-pipeline-types.ts.
11:17:49.458 debug: Resolve file:///Applications/Cocos/Creator/3.8.6/CocosCreator.app/Contents/Resources/resources/3d/engine/editor/assets/default_renderpipeline/builtin-pipeline.ts from cce:/internal/x/prerequisite-imports as file:///Applications/Cocos/Creator/3.8.6/CocosCreator.app/Contents/Resources/resources/3d/engine/editor/assets/default_renderpipeline/builtin-pipeline.ts.
11:17:49.458 debug: Resolve file:///Applications/Cocos/Creator/3.8.6/CocosCreator.app/Contents/Resources/resources/3d/engine/editor/assets/tools/debug-view-runtime-control.ts from cce:/internal/x/prerequisite-imports as file:///Applications/Cocos/Creator/3.8.6/CocosCreator.app/Contents/Resources/resources/3d/engine/editor/assets/tools/debug-view-runtime-control.ts.
11:17:49.458 debug: Resolve file:///Users/zhao/Desktop/test/cocos-creator/PlaneFight/assets/Scripts/BgBox.ts from cce:/internal/x/prerequisite-imports as file:///Users/zhao/Desktop/test/cocos-creator/PlaneFight/assets/Scripts/BgBox.ts.
11:17:49.458 debug: Resolve file:///Users/zhao/Desktop/test/cocos-creator/PlaneFight/assets/Scripts/Enemy.ts from cce:/internal/x/prerequisite-imports as file:///Users/zhao/Desktop/test/cocos-creator/PlaneFight/assets/Scripts/Enemy.ts.
11:17:49.458 debug: Resolve file:///Users/zhao/Desktop/test/cocos-creator/PlaneFight/assets/Scripts/EnemyBox.ts from cce:/internal/x/prerequisite-imports as file:///Users/zhao/Desktop/test/cocos-creator/PlaneFight/assets/Scripts/EnemyBox.ts.
11:17:49.459 debug: Resolve file:///Users/zhao/Desktop/test/cocos-creator/PlaneFight/assets/Scripts/GameManager.ts from cce:/internal/x/prerequisite-imports as file:///Users/zhao/Desktop/test/cocos-creator/PlaneFight/assets/Scripts/GameManager.ts.
11:17:49.459 debug: Detected change: file:///Users/zhao/Desktop/test/cocos-creator/PlaneFight/assets/Scripts/GameManager.ts. Last mtime: Fri Jul 18 2025 11:00:32 GMT+0800 (中国标准时间)@04b8d335-2cbf-453a-9fb4-20b7d50b6131, Current mtime: Fri Jul 18 2025 11:17:45 GMT+0800 (中国标准时间)@04b8d335-2cbf-453a-9fb4-20b7d50b6131
11:17:49.459 debug: Inspect file:///Users/zhao/Desktop/test/cocos-creator/PlaneFight/assets/Scripts/GameManager.ts
11:17:49.466 debug: transform url: 'file:///Users/zhao/Desktop/test/cocos-creator/PlaneFight/assets/Scripts/GameManager.ts' costs: 7.40 ms
11:17:49.467 debug: Resolve cce:/internal/code-quality/cr.mjs from file:///Users/zhao/Desktop/test/cocos-creator/PlaneFight/assets/Scripts/GameManager.ts as cce:/internal/code-quality/cr.mjs.
11:17:49.467 debug: Resolve cc from file:///Users/zhao/Desktop/test/cocos-creator/PlaneFight/assets/Scripts/GameManager.ts as cce:/internal/x/cc.
11:17:49.467 debug: Resolve cc from file:///Users/zhao/Desktop/test/cocos-creator/PlaneFight/assets/Scripts/GameManager.ts as cce:/internal/x/cc.
11:17:49.467 debug: Resolve cc from file:///Users/zhao/Desktop/test/cocos-creator/PlaneFight/assets/Scripts/GameManager.ts as cce:/internal/x/cc.
11:17:49.467 debug: Resolve ./EnemyBox from file:///Users/zhao/Desktop/test/cocos-creator/PlaneFight/assets/Scripts/GameManager.ts as file:///Users/zhao/Desktop/test/cocos-creator/PlaneFight/assets/Scripts/EnemyBox.ts.
11:17:49.496 debug: Target(preview) ends with cost 43.87533299997449ms.
11:18:03.986 debug: Dispatch build request for time accumulated 1 asset changes.
11:18:03.987 debug: Build iteration starts.
Number of accumulated asset changes: 1
Feature changed: false
11:18:03.987 debug: Target(editor) build started.
11:18:03.989 debug: Detected change: cce:/internal/x/prerequisite-imports. Last mtime: Thu Jan 01 1970 09:27:46 GMT+0800 (中国标准时间), Current mtime: Thu Jan 01 1970 09:28:01 GMT+0800 (中国标准时间)
11:18:03.989 debug: Inspect cce:/internal/x/prerequisite-imports
11:18:03.996 debug: transform url: 'cce:/internal/x/prerequisite-imports' costs: 6.80 ms
11:18:03.997 debug: Resolve file:///Applications/Cocos/Creator/3.8.6/CocosCreator.app/Contents/Resources/resources/3d/engine/editor/assets/default_renderpipeline/builtin-dof-pass.ts from cce:/internal/x/prerequisite-imports as file:///Applications/Cocos/Creator/3.8.6/CocosCreator.app/Contents/Resources/resources/3d/engine/editor/assets/default_renderpipeline/builtin-dof-pass.ts.
11:18:03.997 debug: Resolve file:///Applications/Cocos/Creator/3.8.6/CocosCreator.app/Contents/Resources/resources/3d/engine/editor/assets/default_renderpipeline/builtin-pipeline-pass.ts from cce:/internal/x/prerequisite-imports as file:///Applications/Cocos/Creator/3.8.6/CocosCreator.app/Contents/Resources/resources/3d/engine/editor/assets/default_renderpipeline/builtin-pipeline-pass.ts.
11:18:03.997 debug: Resolve file:///Applications/Cocos/Creator/3.8.6/CocosCreator.app/Contents/Resources/resources/3d/engine/editor/assets/default_renderpipeline/builtin-pipeline-settings.ts from cce:/internal/x/prerequisite-imports as file:///Applications/Cocos/Creator/3.8.6/CocosCreator.app/Contents/Resources/resources/3d/engine/editor/assets/default_renderpipeline/builtin-pipeline-settings.ts.
11:18:03.997 debug: Resolve file:///Applications/Cocos/Creator/3.8.6/CocosCreator.app/Contents/Resources/resources/3d/engine/editor/assets/default_renderpipeline/builtin-pipeline-types.ts from cce:/internal/x/prerequisite-imports as file:///Applications/Cocos/Creator/3.8.6/CocosCreator.app/Contents/Resources/resources/3d/engine/editor/assets/default_renderpipeline/builtin-pipeline-types.ts.
11:18:03.997 debug: Resolve file:///Applications/Cocos/Creator/3.8.6/CocosCreator.app/Contents/Resources/resources/3d/engine/editor/assets/default_renderpipeline/builtin-pipeline.ts from cce:/internal/x/prerequisite-imports as file:///Applications/Cocos/Creator/3.8.6/CocosCreator.app/Contents/Resources/resources/3d/engine/editor/assets/default_renderpipeline/builtin-pipeline.ts.
11:18:03.997 debug: Resolve file:///Applications/Cocos/Creator/3.8.6/CocosCreator.app/Contents/Resources/resources/3d/engine/editor/assets/tools/debug-view-runtime-control.ts from cce:/internal/x/prerequisite-imports as file:///Applications/Cocos/Creator/3.8.6/CocosCreator.app/Contents/Resources/resources/3d/engine/editor/assets/tools/debug-view-runtime-control.ts.
11:18:03.997 debug: Resolve file:///Users/zhao/Desktop/test/cocos-creator/PlaneFight/assets/Scripts/BgBox.ts from cce:/internal/x/prerequisite-imports as file:///Users/zhao/Desktop/test/cocos-creator/PlaneFight/assets/Scripts/BgBox.ts.
11:18:03.997 debug: Resolve file:///Users/zhao/Desktop/test/cocos-creator/PlaneFight/assets/Scripts/Enemy.ts from cce:/internal/x/prerequisite-imports as file:///Users/zhao/Desktop/test/cocos-creator/PlaneFight/assets/Scripts/Enemy.ts.
11:18:03.997 debug: Resolve file:///Users/zhao/Desktop/test/cocos-creator/PlaneFight/assets/Scripts/EnemyBox.ts from cce:/internal/x/prerequisite-imports as file:///Users/zhao/Desktop/test/cocos-creator/PlaneFight/assets/Scripts/EnemyBox.ts.
11:18:03.997 debug: Detected change: file:///Users/zhao/Desktop/test/cocos-creator/PlaneFight/assets/Scripts/EnemyBox.ts. Last mtime: Fri Jul 18 2025 11:16:06 GMT+0800 (中国标准时间)@92db9fc8-3289-4a05-8403-d965f95f1cfc, Current mtime: Fri Jul 18 2025 11:18:02 GMT+0800 (中国标准时间)@92db9fc8-3289-4a05-8403-d965f95f1cfc
11:18:03.997 debug: Inspect file:///Users/zhao/Desktop/test/cocos-creator/PlaneFight/assets/Scripts/EnemyBox.ts
11:18:04.009 debug: transform url: 'file:///Users/zhao/Desktop/test/cocos-creator/PlaneFight/assets/Scripts/EnemyBox.ts' costs: 12.10 ms
11:18:04.010 debug: Resolve file:///Users/zhao/Desktop/test/cocos-creator/PlaneFight/assets/Scripts/GameManager.ts from cce:/internal/x/prerequisite-imports as file:///Users/zhao/Desktop/test/cocos-creator/PlaneFight/assets/Scripts/GameManager.ts.
11:18:04.010 debug: Resolve cc from file:///Users/zhao/Desktop/test/cocos-creator/PlaneFight/assets/Scripts/EnemyBox.ts as cce:/internal/x/cc.
11:18:04.010 debug: Resolve cc from file:///Users/zhao/Desktop/test/cocos-creator/PlaneFight/assets/Scripts/EnemyBox.ts as cce:/internal/x/cc.
11:18:04.010 debug: Resolve cc from file:///Users/zhao/Desktop/test/cocos-creator/PlaneFight/assets/Scripts/EnemyBox.ts as cce:/internal/x/cc.
11:18:04.012 debug: Target(editor) ends with cost 24.622415999881923ms.
11:18:04.012 debug: Target(preview) build started.
11:18:04.013 debug: Detected change: cce:/internal/x/prerequisite-imports. Last mtime: Thu Jan 01 1970 09:27:46 GMT+0800 (中国标准时间), Current mtime: Thu Jan 01 1970 09:28:01 GMT+0800 (中国标准时间)
11:18:04.013 debug: Inspect cce:/internal/x/prerequisite-imports
11:18:04.017 debug: transform url: 'cce:/internal/x/prerequisite-imports' costs: 4.00 ms
11:18:04.018 debug: Resolve file:///Applications/Cocos/Creator/3.8.6/CocosCreator.app/Contents/Resources/resources/3d/engine/editor/assets/default_renderpipeline/builtin-dof-pass.ts from cce:/internal/x/prerequisite-imports as file:///Applications/Cocos/Creator/3.8.6/CocosCreator.app/Contents/Resources/resources/3d/engine/editor/assets/default_renderpipeline/builtin-dof-pass.ts.
11:18:04.018 debug: Resolve file:///Applications/Cocos/Creator/3.8.6/CocosCreator.app/Contents/Resources/resources/3d/engine/editor/assets/default_renderpipeline/builtin-pipeline-pass.ts from cce:/internal/x/prerequisite-imports as file:///Applications/Cocos/Creator/3.8.6/CocosCreator.app/Contents/Resources/resources/3d/engine/editor/assets/default_renderpipeline/builtin-pipeline-pass.ts.
11:18:04.018 debug: Resolve file:///Applications/Cocos/Creator/3.8.6/CocosCreator.app/Contents/Resources/resources/3d/engine/editor/assets/default_renderpipeline/builtin-pipeline-settings.ts from cce:/internal/x/prerequisite-imports as file:///Applications/Cocos/Creator/3.8.6/CocosCreator.app/Contents/Resources/resources/3d/engine/editor/assets/default_renderpipeline/builtin-pipeline-settings.ts.
11:18:04.018 debug: Resolve file:///Applications/Cocos/Creator/3.8.6/CocosCreator.app/Contents/Resources/resources/3d/engine/editor/assets/default_renderpipeline/builtin-pipeline-types.ts from cce:/internal/x/prerequisite-imports as file:///Applications/Cocos/Creator/3.8.6/CocosCreator.app/Contents/Resources/resources/3d/engine/editor/assets/default_renderpipeline/builtin-pipeline-types.ts.
11:18:04.018 debug: Resolve file:///Applications/Cocos/Creator/3.8.6/CocosCreator.app/Contents/Resources/resources/3d/engine/editor/assets/default_renderpipeline/builtin-pipeline.ts from cce:/internal/x/prerequisite-imports as file:///Applications/Cocos/Creator/3.8.6/CocosCreator.app/Contents/Resources/resources/3d/engine/editor/assets/default_renderpipeline/builtin-pipeline.ts.
11:18:04.018 debug: Resolve file:///Applications/Cocos/Creator/3.8.6/CocosCreator.app/Contents/Resources/resources/3d/engine/editor/assets/tools/debug-view-runtime-control.ts from cce:/internal/x/prerequisite-imports as file:///Applications/Cocos/Creator/3.8.6/CocosCreator.app/Contents/Resources/resources/3d/engine/editor/assets/tools/debug-view-runtime-control.ts.
11:18:04.018 debug: Resolve file:///Users/zhao/Desktop/test/cocos-creator/PlaneFight/assets/Scripts/BgBox.ts from cce:/internal/x/prerequisite-imports as file:///Users/zhao/Desktop/test/cocos-creator/PlaneFight/assets/Scripts/BgBox.ts.
11:18:04.018 debug: Resolve file:///Users/zhao/Desktop/test/cocos-creator/PlaneFight/assets/Scripts/Enemy.ts from cce:/internal/x/prerequisite-imports as file:///Users/zhao/Desktop/test/cocos-creator/PlaneFight/assets/Scripts/Enemy.ts.
11:18:04.018 debug: Resolve file:///Users/zhao/Desktop/test/cocos-creator/PlaneFight/assets/Scripts/EnemyBox.ts from cce:/internal/x/prerequisite-imports as file:///Users/zhao/Desktop/test/cocos-creator/PlaneFight/assets/Scripts/EnemyBox.ts.
11:18:04.018 debug: Detected change: file:///Users/zhao/Desktop/test/cocos-creator/PlaneFight/assets/Scripts/EnemyBox.ts. Last mtime: Fri Jul 18 2025 11:16:06 GMT+0800 (中国标准时间)@92db9fc8-3289-4a05-8403-d965f95f1cfc, Current mtime: Fri Jul 18 2025 11:18:02 GMT+0800 (中国标准时间)@92db9fc8-3289-4a05-8403-d965f95f1cfc
11:18:04.018 debug: Inspect file:///Users/zhao/Desktop/test/cocos-creator/PlaneFight/assets/Scripts/EnemyBox.ts
11:18:04.029 debug: transform url: 'file:///Users/zhao/Desktop/test/cocos-creator/PlaneFight/assets/Scripts/EnemyBox.ts' costs: 11.40 ms
11:18:04.030 debug: Resolve file:///Users/zhao/Desktop/test/cocos-creator/PlaneFight/assets/Scripts/GameManager.ts from cce:/internal/x/prerequisite-imports as file:///Users/zhao/Desktop/test/cocos-creator/PlaneFight/assets/Scripts/GameManager.ts.
11:18:04.030 debug: Resolve cc from file:///Users/zhao/Desktop/test/cocos-creator/PlaneFight/assets/Scripts/EnemyBox.ts as cce:/internal/x/cc.
11:18:04.030 debug: Resolve cc from file:///Users/zhao/Desktop/test/cocos-creator/PlaneFight/assets/Scripts/EnemyBox.ts as cce:/internal/x/cc.
11:18:04.030 debug: Resolve cc from file:///Users/zhao/Desktop/test/cocos-creator/PlaneFight/assets/Scripts/EnemyBox.ts as cce:/internal/x/cc.
11:18:04.033 debug: Target(preview) ends with cost 20.30620800051838ms.
11:18:14.451 debug: Dispatch build request for time accumulated 1 asset changes.
11:18:14.451 debug: Build iteration starts.
Number of accumulated asset changes: 1
Feature changed: false
11:18:14.451 debug: Target(editor) build started.
11:18:14.452 debug: Detected change: cce:/internal/x/prerequisite-imports. Last mtime: Thu Jan 01 1970 09:28:01 GMT+0800 (中国标准时间), Current mtime: Thu Jan 01 1970 09:28:11 GMT+0800 (中国标准时间)
11:18:14.452 debug: Inspect cce:/internal/x/prerequisite-imports
11:18:14.456 debug: transform url: 'cce:/internal/x/prerequisite-imports' costs: 3.20 ms
11:18:14.456 debug: Resolve file:///Applications/Cocos/Creator/3.8.6/CocosCreator.app/Contents/Resources/resources/3d/engine/editor/assets/default_renderpipeline/builtin-dof-pass.ts from cce:/internal/x/prerequisite-imports as file:///Applications/Cocos/Creator/3.8.6/CocosCreator.app/Contents/Resources/resources/3d/engine/editor/assets/default_renderpipeline/builtin-dof-pass.ts.
11:18:14.456 debug: Resolve file:///Applications/Cocos/Creator/3.8.6/CocosCreator.app/Contents/Resources/resources/3d/engine/editor/assets/default_renderpipeline/builtin-pipeline-pass.ts from cce:/internal/x/prerequisite-imports as file:///Applications/Cocos/Creator/3.8.6/CocosCreator.app/Contents/Resources/resources/3d/engine/editor/assets/default_renderpipeline/builtin-pipeline-pass.ts.
11:18:14.456 debug: Resolve file:///Applications/Cocos/Creator/3.8.6/CocosCreator.app/Contents/Resources/resources/3d/engine/editor/assets/default_renderpipeline/builtin-pipeline-settings.ts from cce:/internal/x/prerequisite-imports as file:///Applications/Cocos/Creator/3.8.6/CocosCreator.app/Contents/Resources/resources/3d/engine/editor/assets/default_renderpipeline/builtin-pipeline-settings.ts.
11:18:14.456 debug: Resolve file:///Applications/Cocos/Creator/3.8.6/CocosCreator.app/Contents/Resources/resources/3d/engine/editor/assets/default_renderpipeline/builtin-pipeline-types.ts from cce:/internal/x/prerequisite-imports as file:///Applications/Cocos/Creator/3.8.6/CocosCreator.app/Contents/Resources/resources/3d/engine/editor/assets/default_renderpipeline/builtin-pipeline-types.ts.
11:18:14.456 debug: Resolve file:///Applications/Cocos/Creator/3.8.6/CocosCreator.app/Contents/Resources/resources/3d/engine/editor/assets/default_renderpipeline/builtin-pipeline.ts from cce:/internal/x/prerequisite-imports as file:///Applications/Cocos/Creator/3.8.6/CocosCreator.app/Contents/Resources/resources/3d/engine/editor/assets/default_renderpipeline/builtin-pipeline.ts.
11:18:14.456 debug: Resolve file:///Applications/Cocos/Creator/3.8.6/CocosCreator.app/Contents/Resources/resources/3d/engine/editor/assets/tools/debug-view-runtime-control.ts from cce:/internal/x/prerequisite-imports as file:///Applications/Cocos/Creator/3.8.6/CocosCreator.app/Contents/Resources/resources/3d/engine/editor/assets/tools/debug-view-runtime-control.ts.
11:18:14.456 debug: Resolve file:///Users/zhao/Desktop/test/cocos-creator/PlaneFight/assets/Scripts/BgBox.ts from cce:/internal/x/prerequisite-imports as file:///Users/zhao/Desktop/test/cocos-creator/PlaneFight/assets/Scripts/BgBox.ts.
11:18:14.456 debug: Resolve file:///Users/zhao/Desktop/test/cocos-creator/PlaneFight/assets/Scripts/Enemy.ts from cce:/internal/x/prerequisite-imports as file:///Users/zhao/Desktop/test/cocos-creator/PlaneFight/assets/Scripts/Enemy.ts.
11:18:14.456 debug: Resolve file:///Users/zhao/Desktop/test/cocos-creator/PlaneFight/assets/Scripts/EnemyBox.ts from cce:/internal/x/prerequisite-imports as file:///Users/zhao/Desktop/test/cocos-creator/PlaneFight/assets/Scripts/EnemyBox.ts.
11:18:14.456 debug: Resolve file:///Users/zhao/Desktop/test/cocos-creator/PlaneFight/assets/Scripts/GameManager.ts from cce:/internal/x/prerequisite-imports as file:///Users/zhao/Desktop/test/cocos-creator/PlaneFight/assets/Scripts/GameManager.ts.
11:18:14.456 debug: Detected change: file:///Users/zhao/Desktop/test/cocos-creator/PlaneFight/assets/Scripts/GameManager.ts. Last mtime: Fri Jul 18 2025 11:17:45 GMT+0800 (中国标准时间)@04b8d335-2cbf-453a-9fb4-20b7d50b6131, Current mtime: Fri Jul 18 2025 11:18:13 GMT+0800 (中国标准时间)@04b8d335-2cbf-453a-9fb4-20b7d50b6131
11:18:14.456 debug: Inspect file:///Users/zhao/Desktop/test/cocos-creator/PlaneFight/assets/Scripts/GameManager.ts
11:18:14.462 debug: transform url: 'file:///Users/zhao/Desktop/test/cocos-creator/PlaneFight/assets/Scripts/GameManager.ts' costs: 5.70 ms
11:18:14.463 debug: Resolve cce:/internal/code-quality/cr.mjs from file:///Users/zhao/Desktop/test/cocos-creator/PlaneFight/assets/Scripts/GameManager.ts as cce:/internal/code-quality/cr.mjs.
11:18:14.463 debug: Resolve cc from file:///Users/zhao/Desktop/test/cocos-creator/PlaneFight/assets/Scripts/GameManager.ts as cce:/internal/x/cc.
11:18:14.463 debug: Resolve cc from file:///Users/zhao/Desktop/test/cocos-creator/PlaneFight/assets/Scripts/GameManager.ts as cce:/internal/x/cc.
11:18:14.463 debug: Resolve cc from file:///Users/zhao/Desktop/test/cocos-creator/PlaneFight/assets/Scripts/GameManager.ts as cce:/internal/x/cc.
11:18:14.463 debug: Resolve ./EnemyBox from file:///Users/zhao/Desktop/test/cocos-creator/PlaneFight/assets/Scripts/GameManager.ts as file:///Users/zhao/Desktop/test/cocos-creator/PlaneFight/assets/Scripts/EnemyBox.ts.
11:18:14.464 debug: Target(editor) ends with cost 12.942959000356495ms.
11:18:14.464 debug: Target(preview) build started.
11:18:14.465 debug: Detected change: cce:/internal/x/prerequisite-imports. Last mtime: Thu Jan 01 1970 09:28:01 GMT+0800 (中国标准时间), Current mtime: Thu Jan 01 1970 09:28:11 GMT+0800 (中国标准时间)
11:18:14.465 debug: Inspect cce:/internal/x/prerequisite-imports
11:18:14.467 debug: transform url: 'cce:/internal/x/prerequisite-imports' costs: 2.50 ms
11:18:14.468 debug: Resolve file:///Applications/Cocos/Creator/3.8.6/CocosCreator.app/Contents/Resources/resources/3d/engine/editor/assets/default_renderpipeline/builtin-dof-pass.ts from cce:/internal/x/prerequisite-imports as file:///Applications/Cocos/Creator/3.8.6/CocosCreator.app/Contents/Resources/resources/3d/engine/editor/assets/default_renderpipeline/builtin-dof-pass.ts.
11:18:14.468 debug: Resolve file:///Applications/Cocos/Creator/3.8.6/CocosCreator.app/Contents/Resources/resources/3d/engine/editor/assets/default_renderpipeline/builtin-pipeline-pass.ts from cce:/internal/x/prerequisite-imports as file:///Applications/Cocos/Creator/3.8.6/CocosCreator.app/Contents/Resources/resources/3d/engine/editor/assets/default_renderpipeline/builtin-pipeline-pass.ts.
11:18:14.468 debug: Resolve file:///Applications/Cocos/Creator/3.8.6/CocosCreator.app/Contents/Resources/resources/3d/engine/editor/assets/default_renderpipeline/builtin-pipeline-settings.ts from cce:/internal/x/prerequisite-imports as file:///Applications/Cocos/Creator/3.8.6/CocosCreator.app/Contents/Resources/resources/3d/engine/editor/assets/default_renderpipeline/builtin-pipeline-settings.ts.
11:18:14.469 debug: Resolve file:///Applications/Cocos/Creator/3.8.6/CocosCreator.app/Contents/Resources/resources/3d/engine/editor/assets/default_renderpipeline/builtin-pipeline-types.ts from cce:/internal/x/prerequisite-imports as file:///Applications/Cocos/Creator/3.8.6/CocosCreator.app/Contents/Resources/resources/3d/engine/editor/assets/default_renderpipeline/builtin-pipeline-types.ts.
11:18:14.469 debug: Resolve file:///Applications/Cocos/Creator/3.8.6/CocosCreator.app/Contents/Resources/resources/3d/engine/editor/assets/default_renderpipeline/builtin-pipeline.ts from cce:/internal/x/prerequisite-imports as file:///Applications/Cocos/Creator/3.8.6/CocosCreator.app/Contents/Resources/resources/3d/engine/editor/assets/default_renderpipeline/builtin-pipeline.ts.
11:18:14.469 debug: Resolve file:///Applications/Cocos/Creator/3.8.6/CocosCreator.app/Contents/Resources/resources/3d/engine/editor/assets/tools/debug-view-runtime-control.ts from cce:/internal/x/prerequisite-imports as file:///Applications/Cocos/Creator/3.8.6/CocosCreator.app/Contents/Resources/resources/3d/engine/editor/assets/tools/debug-view-runtime-control.ts.
11:18:14.469 debug: Resolve file:///Users/zhao/Desktop/test/cocos-creator/PlaneFight/assets/Scripts/BgBox.ts from cce:/internal/x/prerequisite-imports as file:///Users/zhao/Desktop/test/cocos-creator/PlaneFight/assets/Scripts/BgBox.ts.
11:18:14.469 debug: Resolve file:///Users/zhao/Desktop/test/cocos-creator/PlaneFight/assets/Scripts/Enemy.ts from cce:/internal/x/prerequisite-imports as file:///Users/zhao/Desktop/test/cocos-creator/PlaneFight/assets/Scripts/Enemy.ts.
11:18:14.469 debug: Resolve file:///Users/zhao/Desktop/test/cocos-creator/PlaneFight/assets/Scripts/EnemyBox.ts from cce:/internal/x/prerequisite-imports as file:///Users/zhao/Desktop/test/cocos-creator/PlaneFight/assets/Scripts/EnemyBox.ts.
11:18:14.469 debug: Resolve file:///Users/zhao/Desktop/test/cocos-creator/PlaneFight/assets/Scripts/GameManager.ts from cce:/internal/x/prerequisite-imports as file:///Users/zhao/Desktop/test/cocos-creator/PlaneFight/assets/Scripts/GameManager.ts.
11:18:14.469 debug: Detected change: file:///Users/zhao/Desktop/test/cocos-creator/PlaneFight/assets/Scripts/GameManager.ts. Last mtime: Fri Jul 18 2025 11:17:45 GMT+0800 (中国标准时间)@04b8d335-2cbf-453a-9fb4-20b7d50b6131, Current mtime: Fri Jul 18 2025 11:18:13 GMT+0800 (中国标准时间)@04b8d335-2cbf-453a-9fb4-20b7d50b6131
11:18:14.469 debug: Inspect file:///Users/zhao/Desktop/test/cocos-creator/PlaneFight/assets/Scripts/GameManager.ts
11:18:14.475 debug: transform url: 'file:///Users/zhao/Desktop/test/cocos-creator/PlaneFight/assets/Scripts/GameManager.ts' costs: 6.10 ms
11:18:14.476 debug: Resolve cce:/internal/code-quality/cr.mjs from file:///Users/zhao/Desktop/test/cocos-creator/PlaneFight/assets/Scripts/GameManager.ts as cce:/internal/code-quality/cr.mjs.
11:18:14.476 debug: Resolve cc from file:///Users/zhao/Desktop/test/cocos-creator/PlaneFight/assets/Scripts/GameManager.ts as cce:/internal/x/cc.
11:18:14.476 debug: Resolve cc from file:///Users/zhao/Desktop/test/cocos-creator/PlaneFight/assets/Scripts/GameManager.ts as cce:/internal/x/cc.
11:18:14.476 debug: Resolve cc from file:///Users/zhao/Desktop/test/cocos-creator/PlaneFight/assets/Scripts/GameManager.ts as cce:/internal/x/cc.
11:18:14.476 debug: Resolve ./EnemyBox from file:///Users/zhao/Desktop/test/cocos-creator/PlaneFight/assets/Scripts/GameManager.ts as file:///Users/zhao/Desktop/test/cocos-creator/PlaneFight/assets/Scripts/EnemyBox.ts.
11:18:14.479 debug: Target(preview) ends with cost 14.197499999776483ms.
11:18:29.323 debug: Dispatch build request for time accumulated 1 asset changes.
11:18:29.324 debug: Build iteration starts.
Number of accumulated asset changes: 1
Feature changed: false
11:18:29.324 debug: Target(editor) build started.
11:18:29.325 debug: Detected change: cce:/internal/x/prerequisite-imports. Last mtime: Thu Jan 01 1970 09:28:11 GMT+0800 (中国标准时间), Current mtime: Thu Jan 01 1970 09:28:26 GMT+0800 (中国标准时间)
11:18:29.325 debug: Inspect cce:/internal/x/prerequisite-imports
11:18:29.329 debug: transform url: 'cce:/internal/x/prerequisite-imports' costs: 3.80 ms
11:18:29.330 debug: Resolve file:///Applications/Cocos/Creator/3.8.6/CocosCreator.app/Contents/Resources/resources/3d/engine/editor/assets/default_renderpipeline/builtin-dof-pass.ts from cce:/internal/x/prerequisite-imports as file:///Applications/Cocos/Creator/3.8.6/CocosCreator.app/Contents/Resources/resources/3d/engine/editor/assets/default_renderpipeline/builtin-dof-pass.ts.
11:18:29.330 debug: Resolve file:///Applications/Cocos/Creator/3.8.6/CocosCreator.app/Contents/Resources/resources/3d/engine/editor/assets/default_renderpipeline/builtin-pipeline-pass.ts from cce:/internal/x/prerequisite-imports as file:///Applications/Cocos/Creator/3.8.6/CocosCreator.app/Contents/Resources/resources/3d/engine/editor/assets/default_renderpipeline/builtin-pipeline-pass.ts.
11:18:29.330 debug: Resolve file:///Applications/Cocos/Creator/3.8.6/CocosCreator.app/Contents/Resources/resources/3d/engine/editor/assets/default_renderpipeline/builtin-pipeline-settings.ts from cce:/internal/x/prerequisite-imports as file:///Applications/Cocos/Creator/3.8.6/CocosCreator.app/Contents/Resources/resources/3d/engine/editor/assets/default_renderpipeline/builtin-pipeline-settings.ts.
11:18:29.330 debug: Resolve file:///Applications/Cocos/Creator/3.8.6/CocosCreator.app/Contents/Resources/resources/3d/engine/editor/assets/default_renderpipeline/builtin-pipeline-types.ts from cce:/internal/x/prerequisite-imports as file:///Applications/Cocos/Creator/3.8.6/CocosCreator.app/Contents/Resources/resources/3d/engine/editor/assets/default_renderpipeline/builtin-pipeline-types.ts.
11:18:29.330 debug: Resolve file:///Applications/Cocos/Creator/3.8.6/CocosCreator.app/Contents/Resources/resources/3d/engine/editor/assets/default_renderpipeline/builtin-pipeline.ts from cce:/internal/x/prerequisite-imports as file:///Applications/Cocos/Creator/3.8.6/CocosCreator.app/Contents/Resources/resources/3d/engine/editor/assets/default_renderpipeline/builtin-pipeline.ts.
11:18:29.330 debug: Resolve file:///Applications/Cocos/Creator/3.8.6/CocosCreator.app/Contents/Resources/resources/3d/engine/editor/assets/tools/debug-view-runtime-control.ts from cce:/internal/x/prerequisite-imports as file:///Applications/Cocos/Creator/3.8.6/CocosCreator.app/Contents/Resources/resources/3d/engine/editor/assets/tools/debug-view-runtime-control.ts.
11:18:29.330 debug: Resolve file:///Users/zhao/Desktop/test/cocos-creator/PlaneFight/assets/Scripts/BgBox.ts from cce:/internal/x/prerequisite-imports as file:///Users/zhao/Desktop/test/cocos-creator/PlaneFight/assets/Scripts/BgBox.ts.
11:18:29.330 debug: Resolve file:///Users/zhao/Desktop/test/cocos-creator/PlaneFight/assets/Scripts/Enemy.ts from cce:/internal/x/prerequisite-imports as file:///Users/zhao/Desktop/test/cocos-creator/PlaneFight/assets/Scripts/Enemy.ts.
11:18:29.330 debug: Resolve file:///Users/zhao/Desktop/test/cocos-creator/PlaneFight/assets/Scripts/EnemyBox.ts from cce:/internal/x/prerequisite-imports as file:///Users/zhao/Desktop/test/cocos-creator/PlaneFight/assets/Scripts/EnemyBox.ts.
11:18:29.330 debug: Resolve file:///Users/zhao/Desktop/test/cocos-creator/PlaneFight/assets/Scripts/GameManager.ts from cce:/internal/x/prerequisite-imports as file:///Users/zhao/Desktop/test/cocos-creator/PlaneFight/assets/Scripts/GameManager.ts.
11:18:29.330 debug: Detected change: file:///Users/zhao/Desktop/test/cocos-creator/PlaneFight/assets/Scripts/GameManager.ts. Last mtime: Fri Jul 18 2025 11:18:13 GMT+0800 (中国标准时间)@04b8d335-2cbf-453a-9fb4-20b7d50b6131, Current mtime: Fri Jul 18 2025 11:18:28 GMT+0800 (中国标准时间)@04b8d335-2cbf-453a-9fb4-20b7d50b6131
11:18:29.330 debug: Inspect file:///Users/zhao/Desktop/test/cocos-creator/PlaneFight/assets/Scripts/GameManager.ts
11:18:29.337 debug: transform url: 'file:///Users/zhao/Desktop/test/cocos-creator/PlaneFight/assets/Scripts/GameManager.ts' costs: 6.60 ms
11:18:29.337 debug: Resolve cce:/internal/code-quality/cr.mjs from file:///Users/zhao/Desktop/test/cocos-creator/PlaneFight/assets/Scripts/GameManager.ts as cce:/internal/code-quality/cr.mjs.
11:18:29.337 debug: Resolve cc from file:///Users/zhao/Desktop/test/cocos-creator/PlaneFight/assets/Scripts/GameManager.ts as cce:/internal/x/cc.
11:18:29.337 debug: Resolve cc from file:///Users/zhao/Desktop/test/cocos-creator/PlaneFight/assets/Scripts/GameManager.ts as cce:/internal/x/cc.
11:18:29.337 debug: Resolve cc from file:///Users/zhao/Desktop/test/cocos-creator/PlaneFight/assets/Scripts/GameManager.ts as cce:/internal/x/cc.
11:18:29.338 debug: Resolve ./EnemyBox from file:///Users/zhao/Desktop/test/cocos-creator/PlaneFight/assets/Scripts/GameManager.ts as file:///Users/zhao/Desktop/test/cocos-creator/PlaneFight/assets/Scripts/EnemyBox.ts.
11:18:29.340 debug: Target(editor) ends with cost 15.324250000528991ms.
11:18:29.340 debug: Target(preview) build started.
11:18:29.340 debug: Detected change: cce:/internal/x/prerequisite-imports. Last mtime: Thu Jan 01 1970 09:28:11 GMT+0800 (中国标准时间), Current mtime: Thu Jan 01 1970 09:28:26 GMT+0800 (中国标准时间)
11:18:29.340 debug: Inspect cce:/internal/x/prerequisite-imports
11:18:29.346 debug: transform url: 'cce:/internal/x/prerequisite-imports' costs: 5.20 ms
11:18:29.346 debug: Resolve file:///Applications/Cocos/Creator/3.8.6/CocosCreator.app/Contents/Resources/resources/3d/engine/editor/assets/default_renderpipeline/builtin-dof-pass.ts from cce:/internal/x/prerequisite-imports as file:///Applications/Cocos/Creator/3.8.6/CocosCreator.app/Contents/Resources/resources/3d/engine/editor/assets/default_renderpipeline/builtin-dof-pass.ts.
11:18:29.346 debug: Resolve file:///Applications/Cocos/Creator/3.8.6/CocosCreator.app/Contents/Resources/resources/3d/engine/editor/assets/default_renderpipeline/builtin-pipeline-pass.ts from cce:/internal/x/prerequisite-imports as file:///Applications/Cocos/Creator/3.8.6/CocosCreator.app/Contents/Resources/resources/3d/engine/editor/assets/default_renderpipeline/builtin-pipeline-pass.ts.
11:18:29.346 debug: Resolve file:///Applications/Cocos/Creator/3.8.6/CocosCreator.app/Contents/Resources/resources/3d/engine/editor/assets/default_renderpipeline/builtin-pipeline-settings.ts from cce:/internal/x/prerequisite-imports as file:///Applications/Cocos/Creator/3.8.6/CocosCreator.app/Contents/Resources/resources/3d/engine/editor/assets/default_renderpipeline/builtin-pipeline-settings.ts.
11:18:29.346 debug: Resolve file:///Applications/Cocos/Creator/3.8.6/CocosCreator.app/Contents/Resources/resources/3d/engine/editor/assets/default_renderpipeline/builtin-pipeline-types.ts from cce:/internal/x/prerequisite-imports as file:///Applications/Cocos/Creator/3.8.6/CocosCreator.app/Contents/Resources/resources/3d/engine/editor/assets/default_renderpipeline/builtin-pipeline-types.ts.
11:18:29.346 debug: Resolve file:///Applications/Cocos/Creator/3.8.6/CocosCreator.app/Contents/Resources/resources/3d/engine/editor/assets/default_renderpipeline/builtin-pipeline.ts from cce:/internal/x/prerequisite-imports as file:///Applications/Cocos/Creator/3.8.6/CocosCreator.app/Contents/Resources/resources/3d/engine/editor/assets/default_renderpipeline/builtin-pipeline.ts.
11:18:29.346 debug: Resolve file:///Applications/Cocos/Creator/3.8.6/CocosCreator.app/Contents/Resources/resources/3d/engine/editor/assets/tools/debug-view-runtime-control.ts from cce:/internal/x/prerequisite-imports as file:///Applications/Cocos/Creator/3.8.6/CocosCreator.app/Contents/Resources/resources/3d/engine/editor/assets/tools/debug-view-runtime-control.ts.
11:18:29.346 debug: Resolve file:///Users/zhao/Desktop/test/cocos-creator/PlaneFight/assets/Scripts/BgBox.ts from cce:/internal/x/prerequisite-imports as file:///Users/zhao/Desktop/test/cocos-creator/PlaneFight/assets/Scripts/BgBox.ts.
11:18:29.346 debug: Resolve file:///Users/zhao/Desktop/test/cocos-creator/PlaneFight/assets/Scripts/Enemy.ts from cce:/internal/x/prerequisite-imports as file:///Users/zhao/Desktop/test/cocos-creator/PlaneFight/assets/Scripts/Enemy.ts.
11:18:29.346 debug: Resolve file:///Users/zhao/Desktop/test/cocos-creator/PlaneFight/assets/Scripts/EnemyBox.ts from cce:/internal/x/prerequisite-imports as file:///Users/zhao/Desktop/test/cocos-creator/PlaneFight/assets/Scripts/EnemyBox.ts.
11:18:29.347 debug: Resolve file:///Users/zhao/Desktop/test/cocos-creator/PlaneFight/assets/Scripts/GameManager.ts from cce:/internal/x/prerequisite-imports as file:///Users/zhao/Desktop/test/cocos-creator/PlaneFight/assets/Scripts/GameManager.ts.
11:18:29.347 debug: Detected change: file:///Users/zhao/Desktop/test/cocos-creator/PlaneFight/assets/Scripts/GameManager.ts. Last mtime: Fri Jul 18 2025 11:18:13 GMT+0800 (中国标准时间)@04b8d335-2cbf-453a-9fb4-20b7d50b6131, Current mtime: Fri Jul 18 2025 11:18:28 GMT+0800 (中国标准时间)@04b8d335-2cbf-453a-9fb4-20b7d50b6131
11:18:29.347 debug: Inspect file:///Users/zhao/Desktop/test/cocos-creator/PlaneFight/assets/Scripts/GameManager.ts
11:18:29.355 debug: transform url: 'file:///Users/zhao/Desktop/test/cocos-creator/PlaneFight/assets/Scripts/GameManager.ts' costs: 8.70 ms
11:18:29.356 debug: Resolve cce:/internal/code-quality/cr.mjs from file:///Users/zhao/Desktop/test/cocos-creator/PlaneFight/assets/Scripts/GameManager.ts as cce:/internal/code-quality/cr.mjs.
11:18:29.356 debug: Resolve cc from file:///Users/zhao/Desktop/test/cocos-creator/PlaneFight/assets/Scripts/GameManager.ts as cce:/internal/x/cc.
11:18:29.356 debug: Resolve cc from file:///Users/zhao/Desktop/test/cocos-creator/PlaneFight/assets/Scripts/GameManager.ts as cce:/internal/x/cc.
11:18:29.356 debug: Resolve cc from file:///Users/zhao/Desktop/test/cocos-creator/PlaneFight/assets/Scripts/GameManager.ts as cce:/internal/x/cc.
11:18:29.356 debug: Resolve ./EnemyBox from file:///Users/zhao/Desktop/test/cocos-creator/PlaneFight/assets/Scripts/GameManager.ts as file:///Users/zhao/Desktop/test/cocos-creator/PlaneFight/assets/Scripts/EnemyBox.ts.
11:18:29.359 debug: Target(preview) ends with cost 19.192540999501944ms.
11:18:44.217 debug: Dispatch build request for time accumulated 1 asset changes.
11:18:44.218 debug: Build iteration starts.
Number of accumulated asset changes: 1
Feature changed: false
11:18:44.219 debug: Target(editor) build started.
11:18:44.221 debug: Detected change: cce:/internal/x/prerequisite-imports. Last mtime: Thu Jan 01 1970 09:28:26 GMT+0800 (中国标准时间), Current mtime: Thu Jan 01 1970 09:28:41 GMT+0800 (中国标准时间)
11:18:44.221 debug: Inspect cce:/internal/x/prerequisite-imports
11:18:44.225 debug: transform url: 'cce:/internal/x/prerequisite-imports' costs: 3.90 ms
11:18:44.225 debug: Resolve file:///Applications/Cocos/Creator/3.8.6/CocosCreator.app/Contents/Resources/resources/3d/engine/editor/assets/default_renderpipeline/builtin-dof-pass.ts from cce:/internal/x/prerequisite-imports as file:///Applications/Cocos/Creator/3.8.6/CocosCreator.app/Contents/Resources/resources/3d/engine/editor/assets/default_renderpipeline/builtin-dof-pass.ts.
11:18:44.225 debug: Resolve file:///Applications/Cocos/Creator/3.8.6/CocosCreator.app/Contents/Resources/resources/3d/engine/editor/assets/default_renderpipeline/builtin-pipeline-pass.ts from cce:/internal/x/prerequisite-imports as file:///Applications/Cocos/Creator/3.8.6/CocosCreator.app/Contents/Resources/resources/3d/engine/editor/assets/default_renderpipeline/builtin-pipeline-pass.ts.
11:18:44.226 debug: Resolve file:///Applications/Cocos/Creator/3.8.6/CocosCreator.app/Contents/Resources/resources/3d/engine/editor/assets/default_renderpipeline/builtin-pipeline-settings.ts from cce:/internal/x/prerequisite-imports as file:///Applications/Cocos/Creator/3.8.6/CocosCreator.app/Contents/Resources/resources/3d/engine/editor/assets/default_renderpipeline/builtin-pipeline-settings.ts.
11:18:44.226 debug: Resolve file:///Applications/Cocos/Creator/3.8.6/CocosCreator.app/Contents/Resources/resources/3d/engine/editor/assets/default_renderpipeline/builtin-pipeline-types.ts from cce:/internal/x/prerequisite-imports as file:///Applications/Cocos/Creator/3.8.6/CocosCreator.app/Contents/Resources/resources/3d/engine/editor/assets/default_renderpipeline/builtin-pipeline-types.ts.
11:18:44.226 debug: Resolve file:///Applications/Cocos/Creator/3.8.6/CocosCreator.app/Contents/Resources/resources/3d/engine/editor/assets/default_renderpipeline/builtin-pipeline.ts from cce:/internal/x/prerequisite-imports as file:///Applications/Cocos/Creator/3.8.6/CocosCreator.app/Contents/Resources/resources/3d/engine/editor/assets/default_renderpipeline/builtin-pipeline.ts.
11:18:44.226 debug: Resolve file:///Applications/Cocos/Creator/3.8.6/CocosCreator.app/Contents/Resources/resources/3d/engine/editor/assets/tools/debug-view-runtime-control.ts from cce:/internal/x/prerequisite-imports as file:///Applications/Cocos/Creator/3.8.6/CocosCreator.app/Contents/Resources/resources/3d/engine/editor/assets/tools/debug-view-runtime-control.ts.
11:18:44.226 debug: Resolve file:///Users/zhao/Desktop/test/cocos-creator/PlaneFight/assets/Scripts/BgBox.ts from cce:/internal/x/prerequisite-imports as file:///Users/zhao/Desktop/test/cocos-creator/PlaneFight/assets/Scripts/BgBox.ts.
11:18:44.226 debug: Resolve file:///Users/zhao/Desktop/test/cocos-creator/PlaneFight/assets/Scripts/Enemy.ts from cce:/internal/x/prerequisite-imports as file:///Users/zhao/Desktop/test/cocos-creator/PlaneFight/assets/Scripts/Enemy.ts.
11:18:44.226 debug: Resolve file:///Users/zhao/Desktop/test/cocos-creator/PlaneFight/assets/Scripts/EnemyBox.ts from cce:/internal/x/prerequisite-imports as file:///Users/zhao/Desktop/test/cocos-creator/PlaneFight/assets/Scripts/EnemyBox.ts.
11:18:44.226 debug: Resolve file:///Users/zhao/Desktop/test/cocos-creator/PlaneFight/assets/Scripts/GameManager.ts from cce:/internal/x/prerequisite-imports as file:///Users/zhao/Desktop/test/cocos-creator/PlaneFight/assets/Scripts/GameManager.ts.
11:18:44.226 debug: Detected change: file:///Users/zhao/Desktop/test/cocos-creator/PlaneFight/assets/Scripts/GameManager.ts. Last mtime: Fri Jul 18 2025 11:18:28 GMT+0800 (中国标准时间)@04b8d335-2cbf-453a-9fb4-20b7d50b6131, Current mtime: Fri Jul 18 2025 11:18:43 GMT+0800 (中国标准时间)@04b8d335-2cbf-453a-9fb4-20b7d50b6131
11:18:44.226 debug: Inspect file:///Users/zhao/Desktop/test/cocos-creator/PlaneFight/assets/Scripts/GameManager.ts
11:18:44.233 debug: transform url: 'file:///Users/zhao/Desktop/test/cocos-creator/PlaneFight/assets/Scripts/GameManager.ts' costs: 6.60 ms
11:18:44.233 debug: Resolve cce:/internal/code-quality/cr.mjs from file:///Users/zhao/Desktop/test/cocos-creator/PlaneFight/assets/Scripts/GameManager.ts as cce:/internal/code-quality/cr.mjs.
11:18:44.233 debug: Resolve cc from file:///Users/zhao/Desktop/test/cocos-creator/PlaneFight/assets/Scripts/GameManager.ts as cce:/internal/x/cc.
11:18:44.233 debug: Resolve cc from file:///Users/zhao/Desktop/test/cocos-creator/PlaneFight/assets/Scripts/GameManager.ts as cce:/internal/x/cc.
11:18:44.233 debug: Resolve cc from file:///Users/zhao/Desktop/test/cocos-creator/PlaneFight/assets/Scripts/GameManager.ts as cce:/internal/x/cc.
11:18:44.233 debug: Resolve ./EnemyBox from file:///Users/zhao/Desktop/test/cocos-creator/PlaneFight/assets/Scripts/GameManager.ts as file:///Users/zhao/Desktop/test/cocos-creator/PlaneFight/assets/Scripts/EnemyBox.ts.
11:18:44.236 debug: Target(editor) ends with cost 17.139584000222385ms.
11:18:44.236 debug: Target(preview) build started.
11:18:44.236 debug: Detected change: cce:/internal/x/prerequisite-imports. Last mtime: Thu Jan 01 1970 09:28:26 GMT+0800 (中国标准时间), Current mtime: Thu Jan 01 1970 09:28:41 GMT+0800 (中国标准时间)
11:18:44.236 debug: Inspect cce:/internal/x/prerequisite-imports
11:18:44.240 debug: transform url: 'cce:/internal/x/prerequisite-imports' costs: 3.90 ms
11:18:44.241 debug: Resolve file:///Applications/Cocos/Creator/3.8.6/CocosCreator.app/Contents/Resources/resources/3d/engine/editor/assets/default_renderpipeline/builtin-dof-pass.ts from cce:/internal/x/prerequisite-imports as file:///Applications/Cocos/Creator/3.8.6/CocosCreator.app/Contents/Resources/resources/3d/engine/editor/assets/default_renderpipeline/builtin-dof-pass.ts.
11:18:44.241 debug: Resolve file:///Applications/Cocos/Creator/3.8.6/CocosCreator.app/Contents/Resources/resources/3d/engine/editor/assets/default_renderpipeline/builtin-pipeline-pass.ts from cce:/internal/x/prerequisite-imports as file:///Applications/Cocos/Creator/3.8.6/CocosCreator.app/Contents/Resources/resources/3d/engine/editor/assets/default_renderpipeline/builtin-pipeline-pass.ts.
11:18:44.241 debug: Resolve file:///Applications/Cocos/Creator/3.8.6/CocosCreator.app/Contents/Resources/resources/3d/engine/editor/assets/default_renderpipeline/builtin-pipeline-settings.ts from cce:/internal/x/prerequisite-imports as file:///Applications/Cocos/Creator/3.8.6/CocosCreator.app/Contents/Resources/resources/3d/engine/editor/assets/default_renderpipeline/builtin-pipeline-settings.ts.
11:18:44.241 debug: Resolve file:///Applications/Cocos/Creator/3.8.6/CocosCreator.app/Contents/Resources/resources/3d/engine/editor/assets/default_renderpipeline/builtin-pipeline-types.ts from cce:/internal/x/prerequisite-imports as file:///Applications/Cocos/Creator/3.8.6/CocosCreator.app/Contents/Resources/resources/3d/engine/editor/assets/default_renderpipeline/builtin-pipeline-types.ts.
11:18:44.241 debug: Resolve file:///Applications/Cocos/Creator/3.8.6/CocosCreator.app/Contents/Resources/resources/3d/engine/editor/assets/default_renderpipeline/builtin-pipeline.ts from cce:/internal/x/prerequisite-imports as file:///Applications/Cocos/Creator/3.8.6/CocosCreator.app/Contents/Resources/resources/3d/engine/editor/assets/default_renderpipeline/builtin-pipeline.ts.
11:18:44.241 debug: Resolve file:///Applications/Cocos/Creator/3.8.6/CocosCreator.app/Contents/Resources/resources/3d/engine/editor/assets/tools/debug-view-runtime-control.ts from cce:/internal/x/prerequisite-imports as file:///Applications/Cocos/Creator/3.8.6/CocosCreator.app/Contents/Resources/resources/3d/engine/editor/assets/tools/debug-view-runtime-control.ts.
11:18:44.241 debug: Resolve file:///Users/zhao/Desktop/test/cocos-creator/PlaneFight/assets/Scripts/BgBox.ts from cce:/internal/x/prerequisite-imports as file:///Users/zhao/Desktop/test/cocos-creator/PlaneFight/assets/Scripts/BgBox.ts.
11:18:44.241 debug: Resolve file:///Users/zhao/Desktop/test/cocos-creator/PlaneFight/assets/Scripts/Enemy.ts from cce:/internal/x/prerequisite-imports as file:///Users/zhao/Desktop/test/cocos-creator/PlaneFight/assets/Scripts/Enemy.ts.
11:18:44.241 debug: Resolve file:///Users/zhao/Desktop/test/cocos-creator/PlaneFight/assets/Scripts/EnemyBox.ts from cce:/internal/x/prerequisite-imports as file:///Users/zhao/Desktop/test/cocos-creator/PlaneFight/assets/Scripts/EnemyBox.ts.
11:18:44.241 debug: Resolve file:///Users/zhao/Desktop/test/cocos-creator/PlaneFight/assets/Scripts/GameManager.ts from cce:/internal/x/prerequisite-imports as file:///Users/zhao/Desktop/test/cocos-creator/PlaneFight/assets/Scripts/GameManager.ts.
11:18:44.241 debug: Detected change: file:///Users/zhao/Desktop/test/cocos-creator/PlaneFight/assets/Scripts/GameManager.ts. Last mtime: Fri Jul 18 2025 11:18:28 GMT+0800 (中国标准时间)@04b8d335-2cbf-453a-9fb4-20b7d50b6131, Current mtime: Fri Jul 18 2025 11:18:43 GMT+0800 (中国标准时间)@04b8d335-2cbf-453a-9fb4-20b7d50b6131
11:18:44.241 debug: Inspect file:///Users/zhao/Desktop/test/cocos-creator/PlaneFight/assets/Scripts/GameManager.ts
11:18:44.249 debug: transform url: 'file:///Users/zhao/Desktop/test/cocos-creator/PlaneFight/assets/Scripts/GameManager.ts' costs: 7.80 ms
11:18:44.250 debug: Resolve cce:/internal/code-quality/cr.mjs from file:///Users/zhao/Desktop/test/cocos-creator/PlaneFight/assets/Scripts/GameManager.ts as cce:/internal/code-quality/cr.mjs.
11:18:44.250 debug: Resolve cc from file:///Users/zhao/Desktop/test/cocos-creator/PlaneFight/assets/Scripts/GameManager.ts as cce:/internal/x/cc.
11:18:44.250 debug: Resolve cc from file:///Users/zhao/Desktop/test/cocos-creator/PlaneFight/assets/Scripts/GameManager.ts as cce:/internal/x/cc.
11:18:44.250 debug: Resolve cc from file:///Users/zhao/Desktop/test/cocos-creator/PlaneFight/assets/Scripts/GameManager.ts as cce:/internal/x/cc.
11:18:44.250 debug: Resolve ./EnemyBox from file:///Users/zhao/Desktop/test/cocos-creator/PlaneFight/assets/Scripts/GameManager.ts as file:///Users/zhao/Desktop/test/cocos-creator/PlaneFight/assets/Scripts/EnemyBox.ts.
11:18:44.252 debug: Target(preview) ends with cost 16.092166000045836ms.
11:18:59.630 debug: Dispatch build request for time accumulated 1 asset changes.
11:18:59.631 debug: Build iteration starts.
Number of accumulated asset changes: 1
Feature changed: false
11:18:59.631 debug: Target(editor) build started.
11:18:59.631 debug: Detected change: cce:/internal/x/prerequisite-imports. Last mtime: Thu Jan 01 1970 09:28:41 GMT+0800 (中国标准时间), Current mtime: Thu Jan 01 1970 09:28:56 GMT+0800 (中国标准时间)
11:18:59.631 debug: Inspect cce:/internal/x/prerequisite-imports
11:18:59.635 debug: transform url: 'cce:/internal/x/prerequisite-imports' costs: 3.30 ms
11:18:59.635 debug: Resolve file:///Applications/Cocos/Creator/3.8.6/CocosCreator.app/Contents/Resources/resources/3d/engine/editor/assets/default_renderpipeline/builtin-dof-pass.ts from cce:/internal/x/prerequisite-imports as file:///Applications/Cocos/Creator/3.8.6/CocosCreator.app/Contents/Resources/resources/3d/engine/editor/assets/default_renderpipeline/builtin-dof-pass.ts.
11:18:59.635 debug: Resolve file:///Applications/Cocos/Creator/3.8.6/CocosCreator.app/Contents/Resources/resources/3d/engine/editor/assets/default_renderpipeline/builtin-pipeline-pass.ts from cce:/internal/x/prerequisite-imports as file:///Applications/Cocos/Creator/3.8.6/CocosCreator.app/Contents/Resources/resources/3d/engine/editor/assets/default_renderpipeline/builtin-pipeline-pass.ts.
11:18:59.635 debug: Resolve file:///Applications/Cocos/Creator/3.8.6/CocosCreator.app/Contents/Resources/resources/3d/engine/editor/assets/default_renderpipeline/builtin-pipeline-settings.ts from cce:/internal/x/prerequisite-imports as file:///Applications/Cocos/Creator/3.8.6/CocosCreator.app/Contents/Resources/resources/3d/engine/editor/assets/default_renderpipeline/builtin-pipeline-settings.ts.
11:18:59.635 debug: Resolve file:///Applications/Cocos/Creator/3.8.6/CocosCreator.app/Contents/Resources/resources/3d/engine/editor/assets/default_renderpipeline/builtin-pipeline-types.ts from cce:/internal/x/prerequisite-imports as file:///Applications/Cocos/Creator/3.8.6/CocosCreator.app/Contents/Resources/resources/3d/engine/editor/assets/default_renderpipeline/builtin-pipeline-types.ts.
11:18:59.635 debug: Resolve file:///Applications/Cocos/Creator/3.8.6/CocosCreator.app/Contents/Resources/resources/3d/engine/editor/assets/default_renderpipeline/builtin-pipeline.ts from cce:/internal/x/prerequisite-imports as file:///Applications/Cocos/Creator/3.8.6/CocosCreator.app/Contents/Resources/resources/3d/engine/editor/assets/default_renderpipeline/builtin-pipeline.ts.
11:18:59.635 debug: Resolve file:///Applications/Cocos/Creator/3.8.6/CocosCreator.app/Contents/Resources/resources/3d/engine/editor/assets/tools/debug-view-runtime-control.ts from cce:/internal/x/prerequisite-imports as file:///Applications/Cocos/Creator/3.8.6/CocosCreator.app/Contents/Resources/resources/3d/engine/editor/assets/tools/debug-view-runtime-control.ts.
11:18:59.635 debug: Resolve file:///Users/zhao/Desktop/test/cocos-creator/PlaneFight/assets/Scripts/BgBox.ts from cce:/internal/x/prerequisite-imports as file:///Users/zhao/Desktop/test/cocos-creator/PlaneFight/assets/Scripts/BgBox.ts.
11:18:59.635 debug: Resolve file:///Users/zhao/Desktop/test/cocos-creator/PlaneFight/assets/Scripts/Enemy.ts from cce:/internal/x/prerequisite-imports as file:///Users/zhao/Desktop/test/cocos-creator/PlaneFight/assets/Scripts/Enemy.ts.
11:18:59.635 debug: Resolve file:///Users/zhao/Desktop/test/cocos-creator/PlaneFight/assets/Scripts/EnemyBox.ts from cce:/internal/x/prerequisite-imports as file:///Users/zhao/Desktop/test/cocos-creator/PlaneFight/assets/Scripts/EnemyBox.ts.
11:18:59.635 debug: Detected change: file:///Users/zhao/Desktop/test/cocos-creator/PlaneFight/assets/Scripts/EnemyBox.ts. Last mtime: Fri Jul 18 2025 11:18:02 GMT+0800 (中国标准时间)@92db9fc8-3289-4a05-8403-d965f95f1cfc, Current mtime: Fri Jul 18 2025 11:18:58 GMT+0800 (中国标准时间)@92db9fc8-3289-4a05-8403-d965f95f1cfc
11:18:59.635 debug: Inspect file:///Users/zhao/Desktop/test/cocos-creator/PlaneFight/assets/Scripts/EnemyBox.ts
11:18:59.645 debug: transform url: 'file:///Users/zhao/Desktop/test/cocos-creator/PlaneFight/assets/Scripts/EnemyBox.ts' costs: 9.30 ms
11:18:59.645 debug: Resolve file:///Users/zhao/Desktop/test/cocos-creator/PlaneFight/assets/Scripts/GameManager.ts from cce:/internal/x/prerequisite-imports as file:///Users/zhao/Desktop/test/cocos-creator/PlaneFight/assets/Scripts/GameManager.ts.
11:18:59.646 debug: Resolve cc from file:///Users/zhao/Desktop/test/cocos-creator/PlaneFight/assets/Scripts/EnemyBox.ts as cce:/internal/x/cc.
11:18:59.646 debug: Resolve cc from file:///Users/zhao/Desktop/test/cocos-creator/PlaneFight/assets/Scripts/EnemyBox.ts as cce:/internal/x/cc.
11:18:59.646 debug: Resolve cc from file:///Users/zhao/Desktop/test/cocos-creator/PlaneFight/assets/Scripts/EnemyBox.ts as cce:/internal/x/cc.
11:18:59.648 debug: Target(editor) ends with cost 17.033708000555634ms.
11:18:59.648 debug: Target(preview) build started.
11:18:59.649 debug: Detected change: cce:/internal/x/prerequisite-imports. Last mtime: Thu Jan 01 1970 09:28:41 GMT+0800 (中国标准时间), Current mtime: Thu Jan 01 1970 09:28:56 GMT+0800 (中国标准时间)
11:18:59.649 debug: Inspect cce:/internal/x/prerequisite-imports
11:18:59.652 debug: transform url: 'cce:/internal/x/prerequisite-imports' costs: 3.00 ms
11:18:59.652 debug: Resolve file:///Applications/Cocos/Creator/3.8.6/CocosCreator.app/Contents/Resources/resources/3d/engine/editor/assets/default_renderpipeline/builtin-dof-pass.ts from cce:/internal/x/prerequisite-imports as file:///Applications/Cocos/Creator/3.8.6/CocosCreator.app/Contents/Resources/resources/3d/engine/editor/assets/default_renderpipeline/builtin-dof-pass.ts.
11:18:59.652 debug: Resolve file:///Applications/Cocos/Creator/3.8.6/CocosCreator.app/Contents/Resources/resources/3d/engine/editor/assets/default_renderpipeline/builtin-pipeline-pass.ts from cce:/internal/x/prerequisite-imports as file:///Applications/Cocos/Creator/3.8.6/CocosCreator.app/Contents/Resources/resources/3d/engine/editor/assets/default_renderpipeline/builtin-pipeline-pass.ts.
11:18:59.652 debug: Resolve file:///Applications/Cocos/Creator/3.8.6/CocosCreator.app/Contents/Resources/resources/3d/engine/editor/assets/default_renderpipeline/builtin-pipeline-settings.ts from cce:/internal/x/prerequisite-imports as file:///Applications/Cocos/Creator/3.8.6/CocosCreator.app/Contents/Resources/resources/3d/engine/editor/assets/default_renderpipeline/builtin-pipeline-settings.ts.
11:18:59.652 debug: Resolve file:///Applications/Cocos/Creator/3.8.6/CocosCreator.app/Contents/Resources/resources/3d/engine/editor/assets/default_renderpipeline/builtin-pipeline-types.ts from cce:/internal/x/prerequisite-imports as file:///Applications/Cocos/Creator/3.8.6/CocosCreator.app/Contents/Resources/resources/3d/engine/editor/assets/default_renderpipeline/builtin-pipeline-types.ts.
11:18:59.652 debug: Resolve file:///Applications/Cocos/Creator/3.8.6/CocosCreator.app/Contents/Resources/resources/3d/engine/editor/assets/default_renderpipeline/builtin-pipeline.ts from cce:/internal/x/prerequisite-imports as file:///Applications/Cocos/Creator/3.8.6/CocosCreator.app/Contents/Resources/resources/3d/engine/editor/assets/default_renderpipeline/builtin-pipeline.ts.
11:18:59.652 debug: Resolve file:///Applications/Cocos/Creator/3.8.6/CocosCreator.app/Contents/Resources/resources/3d/engine/editor/assets/tools/debug-view-runtime-control.ts from cce:/internal/x/prerequisite-imports as file:///Applications/Cocos/Creator/3.8.6/CocosCreator.app/Contents/Resources/resources/3d/engine/editor/assets/tools/debug-view-runtime-control.ts.
11:18:59.652 debug: Resolve file:///Users/zhao/Desktop/test/cocos-creator/PlaneFight/assets/Scripts/BgBox.ts from cce:/internal/x/prerequisite-imports as file:///Users/zhao/Desktop/test/cocos-creator/PlaneFight/assets/Scripts/BgBox.ts.
11:18:59.652 debug: Resolve file:///Users/zhao/Desktop/test/cocos-creator/PlaneFight/assets/Scripts/Enemy.ts from cce:/internal/x/prerequisite-imports as file:///Users/zhao/Desktop/test/cocos-creator/PlaneFight/assets/Scripts/Enemy.ts.
11:18:59.652 debug: Resolve file:///Users/zhao/Desktop/test/cocos-creator/PlaneFight/assets/Scripts/EnemyBox.ts from cce:/internal/x/prerequisite-imports as file:///Users/zhao/Desktop/test/cocos-creator/PlaneFight/assets/Scripts/EnemyBox.ts.
11:18:59.652 debug: Detected change: file:///Users/zhao/Desktop/test/cocos-creator/PlaneFight/assets/Scripts/EnemyBox.ts. Last mtime: Fri Jul 18 2025 11:18:02 GMT+0800 (中国标准时间)@92db9fc8-3289-4a05-8403-d965f95f1cfc, Current mtime: Fri Jul 18 2025 11:18:58 GMT+0800 (中国标准时间)@92db9fc8-3289-4a05-8403-d965f95f1cfc
11:18:59.652 debug: Inspect file:///Users/zhao/Desktop/test/cocos-creator/PlaneFight/assets/Scripts/EnemyBox.ts
11:18:59.663 debug: transform url: 'file:///Users/zhao/Desktop/test/cocos-creator/PlaneFight/assets/Scripts/EnemyBox.ts' costs: 10.90 ms
11:18:59.664 debug: Resolve file:///Users/zhao/Desktop/test/cocos-creator/PlaneFight/assets/Scripts/GameManager.ts from cce:/internal/x/prerequisite-imports as file:///Users/zhao/Desktop/test/cocos-creator/PlaneFight/assets/Scripts/GameManager.ts.
11:18:59.664 debug: Resolve cc from file:///Users/zhao/Desktop/test/cocos-creator/PlaneFight/assets/Scripts/EnemyBox.ts as cce:/internal/x/cc.
11:18:59.664 debug: Resolve cc from file:///Users/zhao/Desktop/test/cocos-creator/PlaneFight/assets/Scripts/EnemyBox.ts as cce:/internal/x/cc.
11:18:59.664 debug: Resolve cc from file:///Users/zhao/Desktop/test/cocos-creator/PlaneFight/assets/Scripts/EnemyBox.ts as cce:/internal/x/cc.
11:18:59.666 debug: Target(preview) ends with cost 18.003458000719547ms.
11:19:09.523 debug: Dispatch build request for time accumulated 1 asset changes.
11:19:09.525 debug: Build iteration starts.
Number of accumulated asset changes: 1
Feature changed: false
11:19:09.525 debug: Target(editor) build started.
11:19:09.526 debug: Detected change: cce:/internal/x/prerequisite-imports. Last mtime: Thu Jan 01 1970 09:28:56 GMT+0800 (中国标准时间), Current mtime: Thu Jan 01 1970 09:29:06 GMT+0800 (中国标准时间)
11:19:09.526 debug: Inspect cce:/internal/x/prerequisite-imports
11:19:09.530 debug: transform url: 'cce:/internal/x/prerequisite-imports' costs: 3.80 ms
11:19:09.531 debug: Resolve file:///Applications/Cocos/Creator/3.8.6/CocosCreator.app/Contents/Resources/resources/3d/engine/editor/assets/default_renderpipeline/builtin-dof-pass.ts from cce:/internal/x/prerequisite-imports as file:///Applications/Cocos/Creator/3.8.6/CocosCreator.app/Contents/Resources/resources/3d/engine/editor/assets/default_renderpipeline/builtin-dof-pass.ts.
11:19:09.531 debug: Resolve file:///Applications/Cocos/Creator/3.8.6/CocosCreator.app/Contents/Resources/resources/3d/engine/editor/assets/default_renderpipeline/builtin-pipeline-pass.ts from cce:/internal/x/prerequisite-imports as file:///Applications/Cocos/Creator/3.8.6/CocosCreator.app/Contents/Resources/resources/3d/engine/editor/assets/default_renderpipeline/builtin-pipeline-pass.ts.
11:19:09.531 debug: Resolve file:///Applications/Cocos/Creator/3.8.6/CocosCreator.app/Contents/Resources/resources/3d/engine/editor/assets/default_renderpipeline/builtin-pipeline-settings.ts from cce:/internal/x/prerequisite-imports as file:///Applications/Cocos/Creator/3.8.6/CocosCreator.app/Contents/Resources/resources/3d/engine/editor/assets/default_renderpipeline/builtin-pipeline-settings.ts.
11:19:09.531 debug: Resolve file:///Applications/Cocos/Creator/3.8.6/CocosCreator.app/Contents/Resources/resources/3d/engine/editor/assets/default_renderpipeline/builtin-pipeline-types.ts from cce:/internal/x/prerequisite-imports as file:///Applications/Cocos/Creator/3.8.6/CocosCreator.app/Contents/Resources/resources/3d/engine/editor/assets/default_renderpipeline/builtin-pipeline-types.ts.
11:19:09.531 debug: Resolve file:///Applications/Cocos/Creator/3.8.6/CocosCreator.app/Contents/Resources/resources/3d/engine/editor/assets/default_renderpipeline/builtin-pipeline.ts from cce:/internal/x/prerequisite-imports as file:///Applications/Cocos/Creator/3.8.6/CocosCreator.app/Contents/Resources/resources/3d/engine/editor/assets/default_renderpipeline/builtin-pipeline.ts.
11:19:09.531 debug: Resolve file:///Applications/Cocos/Creator/3.8.6/CocosCreator.app/Contents/Resources/resources/3d/engine/editor/assets/tools/debug-view-runtime-control.ts from cce:/internal/x/prerequisite-imports as file:///Applications/Cocos/Creator/3.8.6/CocosCreator.app/Contents/Resources/resources/3d/engine/editor/assets/tools/debug-view-runtime-control.ts.
11:19:09.531 debug: Resolve file:///Users/zhao/Desktop/test/cocos-creator/PlaneFight/assets/Scripts/BgBox.ts from cce:/internal/x/prerequisite-imports as file:///Users/zhao/Desktop/test/cocos-creator/PlaneFight/assets/Scripts/BgBox.ts.
11:19:09.531 debug: Resolve file:///Users/zhao/Desktop/test/cocos-creator/PlaneFight/assets/Scripts/Enemy.ts from cce:/internal/x/prerequisite-imports as file:///Users/zhao/Desktop/test/cocos-creator/PlaneFight/assets/Scripts/Enemy.ts.
11:19:09.531 debug: Resolve file:///Users/zhao/Desktop/test/cocos-creator/PlaneFight/assets/Scripts/EnemyBox.ts from cce:/internal/x/prerequisite-imports as file:///Users/zhao/Desktop/test/cocos-creator/PlaneFight/assets/Scripts/EnemyBox.ts.
11:19:09.531 debug: Detected change: file:///Users/zhao/Desktop/test/cocos-creator/PlaneFight/assets/Scripts/EnemyBox.ts. Last mtime: Fri Jul 18 2025 11:18:58 GMT+0800 (中国标准时间)@92db9fc8-3289-4a05-8403-d965f95f1cfc, Current mtime: Fri Jul 18 2025 11:19:08 GMT+0800 (中国标准时间)@92db9fc8-3289-4a05-8403-d965f95f1cfc
11:19:09.531 debug: Inspect file:///Users/zhao/Desktop/test/cocos-creator/PlaneFight/assets/Scripts/EnemyBox.ts
11:19:09.542 debug: transform url: 'file:///Users/zhao/Desktop/test/cocos-creator/PlaneFight/assets/Scripts/EnemyBox.ts' costs: 11.00 ms
11:19:09.543 debug: Resolve file:///Users/zhao/Desktop/test/cocos-creator/PlaneFight/assets/Scripts/GameManager.ts from cce:/internal/x/prerequisite-imports as file:///Users/zhao/Desktop/test/cocos-creator/PlaneFight/assets/Scripts/GameManager.ts.
11:19:09.543 debug: Resolve cc from file:///Users/zhao/Desktop/test/cocos-creator/PlaneFight/assets/Scripts/EnemyBox.ts as cce:/internal/x/cc.
11:19:09.543 debug: Resolve cc from file:///Users/zhao/Desktop/test/cocos-creator/PlaneFight/assets/Scripts/EnemyBox.ts as cce:/internal/x/cc.
11:19:09.543 debug: Resolve cc from file:///Users/zhao/Desktop/test/cocos-creator/PlaneFight/assets/Scripts/EnemyBox.ts as cce:/internal/x/cc.
11:19:09.546 debug: Target(editor) ends with cost 20.680833999998868ms.
11:19:09.546 debug: Target(preview) build started.
11:19:09.546 debug: Detected change: cce:/internal/x/prerequisite-imports. Last mtime: Thu Jan 01 1970 09:28:56 GMT+0800 (中国标准时间), Current mtime: Thu Jan 01 1970 09:29:06 GMT+0800 (中国标准时间)
11:19:09.546 debug: Inspect cce:/internal/x/prerequisite-imports
11:19:09.551 debug: transform url: 'cce:/internal/x/prerequisite-imports' costs: 4.70 ms
11:19:09.552 debug: Resolve file:///Applications/Cocos/Creator/3.8.6/CocosCreator.app/Contents/Resources/resources/3d/engine/editor/assets/default_renderpipeline/builtin-dof-pass.ts from cce:/internal/x/prerequisite-imports as file:///Applications/Cocos/Creator/3.8.6/CocosCreator.app/Contents/Resources/resources/3d/engine/editor/assets/default_renderpipeline/builtin-dof-pass.ts.
11:19:09.552 debug: Resolve file:///Applications/Cocos/Creator/3.8.6/CocosCreator.app/Contents/Resources/resources/3d/engine/editor/assets/default_renderpipeline/builtin-pipeline-pass.ts from cce:/internal/x/prerequisite-imports as file:///Applications/Cocos/Creator/3.8.6/CocosCreator.app/Contents/Resources/resources/3d/engine/editor/assets/default_renderpipeline/builtin-pipeline-pass.ts.
11:19:09.553 debug: Resolve file:///Applications/Cocos/Creator/3.8.6/CocosCreator.app/Contents/Resources/resources/3d/engine/editor/assets/default_renderpipeline/builtin-pipeline-settings.ts from cce:/internal/x/prerequisite-imports as file:///Applications/Cocos/Creator/3.8.6/CocosCreator.app/Contents/Resources/resources/3d/engine/editor/assets/default_renderpipeline/builtin-pipeline-settings.ts.
11:19:09.553 debug: Resolve file:///Applications/Cocos/Creator/3.8.6/CocosCreator.app/Contents/Resources/resources/3d/engine/editor/assets/default_renderpipeline/builtin-pipeline-types.ts from cce:/internal/x/prerequisite-imports as file:///Applications/Cocos/Creator/3.8.6/CocosCreator.app/Contents/Resources/resources/3d/engine/editor/assets/default_renderpipeline/builtin-pipeline-types.ts.
11:19:09.553 debug: Resolve file:///Applications/Cocos/Creator/3.8.6/CocosCreator.app/Contents/Resources/resources/3d/engine/editor/assets/default_renderpipeline/builtin-pipeline.ts from cce:/internal/x/prerequisite-imports as file:///Applications/Cocos/Creator/3.8.6/CocosCreator.app/Contents/Resources/resources/3d/engine/editor/assets/default_renderpipeline/builtin-pipeline.ts.
11:19:09.553 debug: Resolve file:///Applications/Cocos/Creator/3.8.6/CocosCreator.app/Contents/Resources/resources/3d/engine/editor/assets/tools/debug-view-runtime-control.ts from cce:/internal/x/prerequisite-imports as file:///Applications/Cocos/Creator/3.8.6/CocosCreator.app/Contents/Resources/resources/3d/engine/editor/assets/tools/debug-view-runtime-control.ts.
11:19:09.553 debug: Resolve file:///Users/zhao/Desktop/test/cocos-creator/PlaneFight/assets/Scripts/BgBox.ts from cce:/internal/x/prerequisite-imports as file:///Users/zhao/Desktop/test/cocos-creator/PlaneFight/assets/Scripts/BgBox.ts.
11:19:09.553 debug: Resolve file:///Users/zhao/Desktop/test/cocos-creator/PlaneFight/assets/Scripts/Enemy.ts from cce:/internal/x/prerequisite-imports as file:///Users/zhao/Desktop/test/cocos-creator/PlaneFight/assets/Scripts/Enemy.ts.
11:19:09.553 debug: Resolve file:///Users/zhao/Desktop/test/cocos-creator/PlaneFight/assets/Scripts/EnemyBox.ts from cce:/internal/x/prerequisite-imports as file:///Users/zhao/Desktop/test/cocos-creator/PlaneFight/assets/Scripts/EnemyBox.ts.
11:19:09.553 debug: Detected change: file:///Users/zhao/Desktop/test/cocos-creator/PlaneFight/assets/Scripts/EnemyBox.ts. Last mtime: Fri Jul 18 2025 11:18:58 GMT+0800 (中国标准时间)@92db9fc8-3289-4a05-8403-d965f95f1cfc, Current mtime: Fri Jul 18 2025 11:19:08 GMT+0800 (中国标准时间)@92db9fc8-3289-4a05-8403-d965f95f1cfc
11:19:09.553 debug: Inspect file:///Users/zhao/Desktop/test/cocos-creator/PlaneFight/assets/Scripts/EnemyBox.ts
11:19:09.570 debug: transform url: 'file:///Users/zhao/Desktop/test/cocos-creator/PlaneFight/assets/Scripts/EnemyBox.ts' costs: 17.00 ms
11:19:09.571 debug: Resolve file:///Users/zhao/Desktop/test/cocos-creator/PlaneFight/assets/Scripts/GameManager.ts from cce:/internal/x/prerequisite-imports as file:///Users/zhao/Desktop/test/cocos-creator/PlaneFight/assets/Scripts/GameManager.ts.
11:19:09.571 debug: Resolve cc from file:///Users/zhao/Desktop/test/cocos-creator/PlaneFight/assets/Scripts/EnemyBox.ts as cce:/internal/x/cc.
11:19:09.571 debug: Resolve cc from file:///Users/zhao/Desktop/test/cocos-creator/PlaneFight/assets/Scripts/EnemyBox.ts as cce:/internal/x/cc.
11:19:09.571 debug: Resolve cc from file:///Users/zhao/Desktop/test/cocos-creator/PlaneFight/assets/Scripts/EnemyBox.ts as cce:/internal/x/cc.
11:19:09.576 debug: Target(preview) ends with cost 30.10995800048113ms.
11:20:44.145 debug: Dispatch build request for time accumulated 1 asset changes.
11:20:44.146 debug: Build iteration starts.
Number of accumulated asset changes: 1
Feature changed: false
11:20:44.146 debug: Target(editor) build started.
11:20:44.147 debug: Detected change: cce:/internal/x/prerequisite-imports. Last mtime: Thu Jan 01 1970 09:29:06 GMT+0800 (中国标准时间), Current mtime: Thu Jan 01 1970 09:30:41 GMT+0800 (中国标准时间)
11:20:44.147 debug: Inspect cce:/internal/x/prerequisite-imports
11:20:44.149 debug: transform url: 'cce:/internal/x/prerequisite-imports' costs: 2.50 ms
11:20:44.150 debug: Resolve file:///Applications/Cocos/Creator/3.8.6/CocosCreator.app/Contents/Resources/resources/3d/engine/editor/assets/default_renderpipeline/builtin-dof-pass.ts from cce:/internal/x/prerequisite-imports as file:///Applications/Cocos/Creator/3.8.6/CocosCreator.app/Contents/Resources/resources/3d/engine/editor/assets/default_renderpipeline/builtin-dof-pass.ts.
11:20:44.150 debug: Resolve file:///Applications/Cocos/Creator/3.8.6/CocosCreator.app/Contents/Resources/resources/3d/engine/editor/assets/default_renderpipeline/builtin-pipeline-pass.ts from cce:/internal/x/prerequisite-imports as file:///Applications/Cocos/Creator/3.8.6/CocosCreator.app/Contents/Resources/resources/3d/engine/editor/assets/default_renderpipeline/builtin-pipeline-pass.ts.
11:20:44.150 debug: Resolve file:///Applications/Cocos/Creator/3.8.6/CocosCreator.app/Contents/Resources/resources/3d/engine/editor/assets/default_renderpipeline/builtin-pipeline-settings.ts from cce:/internal/x/prerequisite-imports as file:///Applications/Cocos/Creator/3.8.6/CocosCreator.app/Contents/Resources/resources/3d/engine/editor/assets/default_renderpipeline/builtin-pipeline-settings.ts.
11:20:44.150 debug: Resolve file:///Applications/Cocos/Creator/3.8.6/CocosCreator.app/Contents/Resources/resources/3d/engine/editor/assets/default_renderpipeline/builtin-pipeline-types.ts from cce:/internal/x/prerequisite-imports as file:///Applications/Cocos/Creator/3.8.6/CocosCreator.app/Contents/Resources/resources/3d/engine/editor/assets/default_renderpipeline/builtin-pipeline-types.ts.
11:20:44.150 debug: Resolve file:///Applications/Cocos/Creator/3.8.6/CocosCreator.app/Contents/Resources/resources/3d/engine/editor/assets/default_renderpipeline/builtin-pipeline.ts from cce:/internal/x/prerequisite-imports as file:///Applications/Cocos/Creator/3.8.6/CocosCreator.app/Contents/Resources/resources/3d/engine/editor/assets/default_renderpipeline/builtin-pipeline.ts.
11:20:44.150 debug: Resolve file:///Applications/Cocos/Creator/3.8.6/CocosCreator.app/Contents/Resources/resources/3d/engine/editor/assets/tools/debug-view-runtime-control.ts from cce:/internal/x/prerequisite-imports as file:///Applications/Cocos/Creator/3.8.6/CocosCreator.app/Contents/Resources/resources/3d/engine/editor/assets/tools/debug-view-runtime-control.ts.
11:20:44.150 debug: Resolve file:///Users/zhao/Desktop/test/cocos-creator/PlaneFight/assets/Scripts/BgBox.ts from cce:/internal/x/prerequisite-imports as file:///Users/zhao/Desktop/test/cocos-creator/PlaneFight/assets/Scripts/BgBox.ts.
11:20:44.150 debug: Resolve file:///Users/zhao/Desktop/test/cocos-creator/PlaneFight/assets/Scripts/Enemy.ts from cce:/internal/x/prerequisite-imports as file:///Users/zhao/Desktop/test/cocos-creator/PlaneFight/assets/Scripts/Enemy.ts.
11:20:44.150 debug: Resolve file:///Users/zhao/Desktop/test/cocos-creator/PlaneFight/assets/Scripts/EnemyBox.ts from cce:/internal/x/prerequisite-imports as file:///Users/zhao/Desktop/test/cocos-creator/PlaneFight/assets/Scripts/EnemyBox.ts.
11:20:44.150 debug: Detected change: file:///Users/zhao/Desktop/test/cocos-creator/PlaneFight/assets/Scripts/EnemyBox.ts. Last mtime: Fri Jul 18 2025 11:19:08 GMT+0800 (中国标准时间)@92db9fc8-3289-4a05-8403-d965f95f1cfc, Current mtime: Fri Jul 18 2025 11:20:43 GMT+0800 (中国标准时间)@92db9fc8-3289-4a05-8403-d965f95f1cfc
11:20:44.150 debug: Inspect file:///Users/zhao/Desktop/test/cocos-creator/PlaneFight/assets/Scripts/EnemyBox.ts
11:20:44.159 debug: transform url: 'file:///Users/zhao/Desktop/test/cocos-creator/PlaneFight/assets/Scripts/EnemyBox.ts' costs: 8.80 ms
11:20:44.160 debug: Resolve file:///Users/zhao/Desktop/test/cocos-creator/PlaneFight/assets/Scripts/GameManager.ts from cce:/internal/x/prerequisite-imports as file:///Users/zhao/Desktop/test/cocos-creator/PlaneFight/assets/Scripts/GameManager.ts.
11:20:44.160 debug: Resolve cc from file:///Users/zhao/Desktop/test/cocos-creator/PlaneFight/assets/Scripts/EnemyBox.ts as cce:/internal/x/cc.
11:20:44.160 debug: Resolve cc from file:///Users/zhao/Desktop/test/cocos-creator/PlaneFight/assets/Scripts/EnemyBox.ts as cce:/internal/x/cc.
11:20:44.160 debug: Resolve cc from file:///Users/zhao/Desktop/test/cocos-creator/PlaneFight/assets/Scripts/EnemyBox.ts as cce:/internal/x/cc.
11:20:44.162 debug: Target(editor) ends with cost 16.21612500026822ms.
11:20:44.162 debug: Target(preview) build started.
11:20:44.163 debug: Detected change: cce:/internal/x/prerequisite-imports. Last mtime: Thu Jan 01 1970 09:29:06 GMT+0800 (中国标准时间), Current mtime: Thu Jan 01 1970 09:30:41 GMT+0800 (中国标准时间)
11:20:44.163 debug: Inspect cce:/internal/x/prerequisite-imports
11:20:44.168 debug: transform url: 'cce:/internal/x/prerequisite-imports' costs: 4.60 ms
11:20:44.168 debug: Resolve file:///Applications/Cocos/Creator/3.8.6/CocosCreator.app/Contents/Resources/resources/3d/engine/editor/assets/default_renderpipeline/builtin-dof-pass.ts from cce:/internal/x/prerequisite-imports as file:///Applications/Cocos/Creator/3.8.6/CocosCreator.app/Contents/Resources/resources/3d/engine/editor/assets/default_renderpipeline/builtin-dof-pass.ts.
11:20:44.168 debug: Resolve file:///Applications/Cocos/Creator/3.8.6/CocosCreator.app/Contents/Resources/resources/3d/engine/editor/assets/default_renderpipeline/builtin-pipeline-pass.ts from cce:/internal/x/prerequisite-imports as file:///Applications/Cocos/Creator/3.8.6/CocosCreator.app/Contents/Resources/resources/3d/engine/editor/assets/default_renderpipeline/builtin-pipeline-pass.ts.
11:20:44.168 debug: Resolve file:///Applications/Cocos/Creator/3.8.6/CocosCreator.app/Contents/Resources/resources/3d/engine/editor/assets/default_renderpipeline/builtin-pipeline-settings.ts from cce:/internal/x/prerequisite-imports as file:///Applications/Cocos/Creator/3.8.6/CocosCreator.app/Contents/Resources/resources/3d/engine/editor/assets/default_renderpipeline/builtin-pipeline-settings.ts.
11:20:44.168 debug: Resolve file:///Applications/Cocos/Creator/3.8.6/CocosCreator.app/Contents/Resources/resources/3d/engine/editor/assets/default_renderpipeline/builtin-pipeline-types.ts from cce:/internal/x/prerequisite-imports as file:///Applications/Cocos/Creator/3.8.6/CocosCreator.app/Contents/Resources/resources/3d/engine/editor/assets/default_renderpipeline/builtin-pipeline-types.ts.
11:20:44.168 debug: Resolve file:///Applications/Cocos/Creator/3.8.6/CocosCreator.app/Contents/Resources/resources/3d/engine/editor/assets/default_renderpipeline/builtin-pipeline.ts from cce:/internal/x/prerequisite-imports as file:///Applications/Cocos/Creator/3.8.6/CocosCreator.app/Contents/Resources/resources/3d/engine/editor/assets/default_renderpipeline/builtin-pipeline.ts.
11:20:44.168 debug: Resolve file:///Applications/Cocos/Creator/3.8.6/CocosCreator.app/Contents/Resources/resources/3d/engine/editor/assets/tools/debug-view-runtime-control.ts from cce:/internal/x/prerequisite-imports as file:///Applications/Cocos/Creator/3.8.6/CocosCreator.app/Contents/Resources/resources/3d/engine/editor/assets/tools/debug-view-runtime-control.ts.
11:20:44.168 debug: Resolve file:///Users/zhao/Desktop/test/cocos-creator/PlaneFight/assets/Scripts/BgBox.ts from cce:/internal/x/prerequisite-imports as file:///Users/zhao/Desktop/test/cocos-creator/PlaneFight/assets/Scripts/BgBox.ts.
11:20:44.168 debug: Resolve file:///Users/zhao/Desktop/test/cocos-creator/PlaneFight/assets/Scripts/Enemy.ts from cce:/internal/x/prerequisite-imports as file:///Users/zhao/Desktop/test/cocos-creator/PlaneFight/assets/Scripts/Enemy.ts.
11:20:44.168 debug: Resolve file:///Users/zhao/Desktop/test/cocos-creator/PlaneFight/assets/Scripts/EnemyBox.ts from cce:/internal/x/prerequisite-imports as file:///Users/zhao/Desktop/test/cocos-creator/PlaneFight/assets/Scripts/EnemyBox.ts.
11:20:44.168 debug: Detected change: file:///Users/zhao/Desktop/test/cocos-creator/PlaneFight/assets/Scripts/EnemyBox.ts. Last mtime: Fri Jul 18 2025 11:19:08 GMT+0800 (中国标准时间)@92db9fc8-3289-4a05-8403-d965f95f1cfc, Current mtime: Fri Jul 18 2025 11:20:43 GMT+0800 (中国标准时间)@92db9fc8-3289-4a05-8403-d965f95f1cfc
11:20:44.168 debug: Inspect file:///Users/zhao/Desktop/test/cocos-creator/PlaneFight/assets/Scripts/EnemyBox.ts
11:20:44.181 debug: transform url: 'file:///Users/zhao/Desktop/test/cocos-creator/PlaneFight/assets/Scripts/EnemyBox.ts' costs: 12.70 ms
11:20:44.182 debug: Resolve file:///Users/zhao/Desktop/test/cocos-creator/PlaneFight/assets/Scripts/GameManager.ts from cce:/internal/x/prerequisite-imports as file:///Users/zhao/Desktop/test/cocos-creator/PlaneFight/assets/Scripts/GameManager.ts.
11:20:44.183 debug: Resolve cc from file:///Users/zhao/Desktop/test/cocos-creator/PlaneFight/assets/Scripts/EnemyBox.ts as cce:/internal/x/cc.
11:20:44.183 debug: Resolve cc from file:///Users/zhao/Desktop/test/cocos-creator/PlaneFight/assets/Scripts/EnemyBox.ts as cce:/internal/x/cc.
11:20:44.183 debug: Resolve cc from file:///Users/zhao/Desktop/test/cocos-creator/PlaneFight/assets/Scripts/EnemyBox.ts as cce:/internal/x/cc.
11:20:44.195 debug: Target(preview) ends with cost 32.64591600000858ms.
11:21:32.443 debug: Dispatch build request for time accumulated 1 asset changes.
11:21:32.444 debug: Build iteration starts.
Number of accumulated asset changes: 1
Feature changed: false
11:21:32.444 debug: Target(editor) build started.
11:21:32.445 debug: Detected change: cce:/internal/x/prerequisite-imports. Last mtime: Thu Jan 01 1970 09:30:41 GMT+0800 (中国标准时间), Current mtime: Thu Jan 01 1970 09:31:29 GMT+0800 (中国标准时间)
11:21:32.445 debug: Inspect cce:/internal/x/prerequisite-imports
11:21:32.449 debug: transform url: 'cce:/internal/x/prerequisite-imports' costs: 3.70 ms
11:21:32.450 debug: Resolve file:///Applications/Cocos/Creator/3.8.6/CocosCreator.app/Contents/Resources/resources/3d/engine/editor/assets/default_renderpipeline/builtin-dof-pass.ts from cce:/internal/x/prerequisite-imports as file:///Applications/Cocos/Creator/3.8.6/CocosCreator.app/Contents/Resources/resources/3d/engine/editor/assets/default_renderpipeline/builtin-dof-pass.ts.
11:21:32.450 debug: Resolve file:///Applications/Cocos/Creator/3.8.6/CocosCreator.app/Contents/Resources/resources/3d/engine/editor/assets/default_renderpipeline/builtin-pipeline-pass.ts from cce:/internal/x/prerequisite-imports as file:///Applications/Cocos/Creator/3.8.6/CocosCreator.app/Contents/Resources/resources/3d/engine/editor/assets/default_renderpipeline/builtin-pipeline-pass.ts.
11:21:32.450 debug: Resolve file:///Applications/Cocos/Creator/3.8.6/CocosCreator.app/Contents/Resources/resources/3d/engine/editor/assets/default_renderpipeline/builtin-pipeline-settings.ts from cce:/internal/x/prerequisite-imports as file:///Applications/Cocos/Creator/3.8.6/CocosCreator.app/Contents/Resources/resources/3d/engine/editor/assets/default_renderpipeline/builtin-pipeline-settings.ts.
11:21:32.450 debug: Resolve file:///Applications/Cocos/Creator/3.8.6/CocosCreator.app/Contents/Resources/resources/3d/engine/editor/assets/default_renderpipeline/builtin-pipeline-types.ts from cce:/internal/x/prerequisite-imports as file:///Applications/Cocos/Creator/3.8.6/CocosCreator.app/Contents/Resources/resources/3d/engine/editor/assets/default_renderpipeline/builtin-pipeline-types.ts.
11:21:32.450 debug: Resolve file:///Applications/Cocos/Creator/3.8.6/CocosCreator.app/Contents/Resources/resources/3d/engine/editor/assets/default_renderpipeline/builtin-pipeline.ts from cce:/internal/x/prerequisite-imports as file:///Applications/Cocos/Creator/3.8.6/CocosCreator.app/Contents/Resources/resources/3d/engine/editor/assets/default_renderpipeline/builtin-pipeline.ts.
11:21:32.450 debug: Resolve file:///Applications/Cocos/Creator/3.8.6/CocosCreator.app/Contents/Resources/resources/3d/engine/editor/assets/tools/debug-view-runtime-control.ts from cce:/internal/x/prerequisite-imports as file:///Applications/Cocos/Creator/3.8.6/CocosCreator.app/Contents/Resources/resources/3d/engine/editor/assets/tools/debug-view-runtime-control.ts.
11:21:32.450 debug: Resolve file:///Users/zhao/Desktop/test/cocos-creator/PlaneFight/assets/Scripts/BgBox.ts from cce:/internal/x/prerequisite-imports as file:///Users/zhao/Desktop/test/cocos-creator/PlaneFight/assets/Scripts/BgBox.ts.
11:21:32.450 debug: Resolve file:///Users/zhao/Desktop/test/cocos-creator/PlaneFight/assets/Scripts/Enemy.ts from cce:/internal/x/prerequisite-imports as file:///Users/zhao/Desktop/test/cocos-creator/PlaneFight/assets/Scripts/Enemy.ts.
11:21:32.451 debug: Resolve file:///Users/zhao/Desktop/test/cocos-creator/PlaneFight/assets/Scripts/EnemyBox.ts from cce:/internal/x/prerequisite-imports as file:///Users/zhao/Desktop/test/cocos-creator/PlaneFight/assets/Scripts/EnemyBox.ts.
11:21:32.451 debug: Detected change: file:///Users/zhao/Desktop/test/cocos-creator/PlaneFight/assets/Scripts/EnemyBox.ts. Last mtime: Fri Jul 18 2025 11:20:43 GMT+0800 (中国标准时间)@92db9fc8-3289-4a05-8403-d965f95f1cfc, Current mtime: Fri Jul 18 2025 11:21:29 GMT+0800 (中国标准时间)@92db9fc8-3289-4a05-8403-d965f95f1cfc
11:21:32.451 debug: Inspect file:///Users/zhao/Desktop/test/cocos-creator/PlaneFight/assets/Scripts/EnemyBox.ts
11:21:32.462 debug: transform url: 'file:///Users/zhao/Desktop/test/cocos-creator/PlaneFight/assets/Scripts/EnemyBox.ts' costs: 11.80 ms
11:21:32.463 debug: Resolve file:///Users/zhao/Desktop/test/cocos-creator/PlaneFight/assets/Scripts/GameManager.ts from cce:/internal/x/prerequisite-imports as file:///Users/zhao/Desktop/test/cocos-creator/PlaneFight/assets/Scripts/GameManager.ts.
11:21:32.463 debug: Resolve cc from file:///Users/zhao/Desktop/test/cocos-creator/PlaneFight/assets/Scripts/EnemyBox.ts as cce:/internal/x/cc.
11:21:32.463 debug: Resolve cc from file:///Users/zhao/Desktop/test/cocos-creator/PlaneFight/assets/Scripts/EnemyBox.ts as cce:/internal/x/cc.
11:21:32.463 debug: Resolve cc from file:///Users/zhao/Desktop/test/cocos-creator/PlaneFight/assets/Scripts/EnemyBox.ts as cce:/internal/x/cc.
11:21:32.465 debug: Target(editor) ends with cost 20.524207999929786ms.
11:21:32.465 debug: Target(preview) build started.
11:21:32.465 debug: Detected change: cce:/internal/x/prerequisite-imports. Last mtime: Thu Jan 01 1970 09:30:41 GMT+0800 (中国标准时间), Current mtime: Thu Jan 01 1970 09:31:29 GMT+0800 (中国标准时间)
11:21:32.465 debug: Inspect cce:/internal/x/prerequisite-imports
11:21:32.470 debug: transform url: 'cce:/internal/x/prerequisite-imports' costs: 4.40 ms
11:21:32.470 debug: Resolve file:///Applications/Cocos/Creator/3.8.6/CocosCreator.app/Contents/Resources/resources/3d/engine/editor/assets/default_renderpipeline/builtin-dof-pass.ts from cce:/internal/x/prerequisite-imports as file:///Applications/Cocos/Creator/3.8.6/CocosCreator.app/Contents/Resources/resources/3d/engine/editor/assets/default_renderpipeline/builtin-dof-pass.ts.
11:21:32.470 debug: Resolve file:///Applications/Cocos/Creator/3.8.6/CocosCreator.app/Contents/Resources/resources/3d/engine/editor/assets/default_renderpipeline/builtin-pipeline-pass.ts from cce:/internal/x/prerequisite-imports as file:///Applications/Cocos/Creator/3.8.6/CocosCreator.app/Contents/Resources/resources/3d/engine/editor/assets/default_renderpipeline/builtin-pipeline-pass.ts.
11:21:32.470 debug: Resolve file:///Applications/Cocos/Creator/3.8.6/CocosCreator.app/Contents/Resources/resources/3d/engine/editor/assets/default_renderpipeline/builtin-pipeline-settings.ts from cce:/internal/x/prerequisite-imports as file:///Applications/Cocos/Creator/3.8.6/CocosCreator.app/Contents/Resources/resources/3d/engine/editor/assets/default_renderpipeline/builtin-pipeline-settings.ts.
11:21:32.471 debug: Resolve file:///Applications/Cocos/Creator/3.8.6/CocosCreator.app/Contents/Resources/resources/3d/engine/editor/assets/default_renderpipeline/builtin-pipeline-types.ts from cce:/internal/x/prerequisite-imports as file:///Applications/Cocos/Creator/3.8.6/CocosCreator.app/Contents/Resources/resources/3d/engine/editor/assets/default_renderpipeline/builtin-pipeline-types.ts.
11:21:32.471 debug: Resolve file:///Applications/Cocos/Creator/3.8.6/CocosCreator.app/Contents/Resources/resources/3d/engine/editor/assets/default_renderpipeline/builtin-pipeline.ts from cce:/internal/x/prerequisite-imports as file:///Applications/Cocos/Creator/3.8.6/CocosCreator.app/Contents/Resources/resources/3d/engine/editor/assets/default_renderpipeline/builtin-pipeline.ts.
11:21:32.471 debug: Resolve file:///Applications/Cocos/Creator/3.8.6/CocosCreator.app/Contents/Resources/resources/3d/engine/editor/assets/tools/debug-view-runtime-control.ts from cce:/internal/x/prerequisite-imports as file:///Applications/Cocos/Creator/3.8.6/CocosCreator.app/Contents/Resources/resources/3d/engine/editor/assets/tools/debug-view-runtime-control.ts.
11:21:32.471 debug: Resolve file:///Users/zhao/Desktop/test/cocos-creator/PlaneFight/assets/Scripts/BgBox.ts from cce:/internal/x/prerequisite-imports as file:///Users/zhao/Desktop/test/cocos-creator/PlaneFight/assets/Scripts/BgBox.ts.
11:21:32.471 debug: Resolve file:///Users/zhao/Desktop/test/cocos-creator/PlaneFight/assets/Scripts/Enemy.ts from cce:/internal/x/prerequisite-imports as file:///Users/zhao/Desktop/test/cocos-creator/PlaneFight/assets/Scripts/Enemy.ts.
11:21:32.471 debug: Resolve file:///Users/zhao/Desktop/test/cocos-creator/PlaneFight/assets/Scripts/EnemyBox.ts from cce:/internal/x/prerequisite-imports as file:///Users/zhao/Desktop/test/cocos-creator/PlaneFight/assets/Scripts/EnemyBox.ts.
11:21:32.471 debug: Detected change: file:///Users/zhao/Desktop/test/cocos-creator/PlaneFight/assets/Scripts/EnemyBox.ts. Last mtime: Fri Jul 18 2025 11:20:43 GMT+0800 (中国标准时间)@92db9fc8-3289-4a05-8403-d965f95f1cfc, Current mtime: Fri Jul 18 2025 11:21:29 GMT+0800 (中国标准时间)@92db9fc8-3289-4a05-8403-d965f95f1cfc
11:21:32.471 debug: Inspect file:///Users/zhao/Desktop/test/cocos-creator/PlaneFight/assets/Scripts/EnemyBox.ts
11:21:32.483 debug: transform url: 'file:///Users/zhao/Desktop/test/cocos-creator/PlaneFight/assets/Scripts/EnemyBox.ts' costs: 11.70 ms
11:21:32.483 debug: Resolve file:///Users/zhao/Desktop/test/cocos-creator/PlaneFight/assets/Scripts/GameManager.ts from cce:/internal/x/prerequisite-imports as file:///Users/zhao/Desktop/test/cocos-creator/PlaneFight/assets/Scripts/GameManager.ts.
11:21:32.483 debug: Resolve cc from file:///Users/zhao/Desktop/test/cocos-creator/PlaneFight/assets/Scripts/EnemyBox.ts as cce:/internal/x/cc.
11:21:32.483 debug: Resolve cc from file:///Users/zhao/Desktop/test/cocos-creator/PlaneFight/assets/Scripts/EnemyBox.ts as cce:/internal/x/cc.
11:21:32.483 debug: Resolve cc from file:///Users/zhao/Desktop/test/cocos-creator/PlaneFight/assets/Scripts/EnemyBox.ts as cce:/internal/x/cc.
11:21:32.486 debug: Target(preview) ends with cost 21.246624999679625ms.
11:21:34.839 debug: Dispatch build request for time accumulated 1 asset changes.
11:21:34.840 debug: Build iteration starts.
Number of accumulated asset changes: 1
Feature changed: false
11:21:34.840 debug: Target(editor) build started.
11:21:34.841 debug: Detected change: cce:/internal/x/prerequisite-imports. Last mtime: Thu Jan 01 1970 09:31:29 GMT+0800 (中国标准时间), Current mtime: Thu Jan 01 1970 09:31:32 GMT+0800 (中国标准时间)
11:21:34.841 debug: Inspect cce:/internal/x/prerequisite-imports
11:21:34.845 debug: transform url: 'cce:/internal/x/prerequisite-imports' costs: 3.20 ms
11:21:34.845 debug: Resolve file:///Applications/Cocos/Creator/3.8.6/CocosCreator.app/Contents/Resources/resources/3d/engine/editor/assets/default_renderpipeline/builtin-dof-pass.ts from cce:/internal/x/prerequisite-imports as file:///Applications/Cocos/Creator/3.8.6/CocosCreator.app/Contents/Resources/resources/3d/engine/editor/assets/default_renderpipeline/builtin-dof-pass.ts.
11:21:34.845 debug: Resolve file:///Applications/Cocos/Creator/3.8.6/CocosCreator.app/Contents/Resources/resources/3d/engine/editor/assets/default_renderpipeline/builtin-pipeline-pass.ts from cce:/internal/x/prerequisite-imports as file:///Applications/Cocos/Creator/3.8.6/CocosCreator.app/Contents/Resources/resources/3d/engine/editor/assets/default_renderpipeline/builtin-pipeline-pass.ts.
11:21:34.845 debug: Resolve file:///Applications/Cocos/Creator/3.8.6/CocosCreator.app/Contents/Resources/resources/3d/engine/editor/assets/default_renderpipeline/builtin-pipeline-settings.ts from cce:/internal/x/prerequisite-imports as file:///Applications/Cocos/Creator/3.8.6/CocosCreator.app/Contents/Resources/resources/3d/engine/editor/assets/default_renderpipeline/builtin-pipeline-settings.ts.
11:21:34.845 debug: Resolve file:///Applications/Cocos/Creator/3.8.6/CocosCreator.app/Contents/Resources/resources/3d/engine/editor/assets/default_renderpipeline/builtin-pipeline-types.ts from cce:/internal/x/prerequisite-imports as file:///Applications/Cocos/Creator/3.8.6/CocosCreator.app/Contents/Resources/resources/3d/engine/editor/assets/default_renderpipeline/builtin-pipeline-types.ts.
11:21:34.846 debug: Resolve file:///Applications/Cocos/Creator/3.8.6/CocosCreator.app/Contents/Resources/resources/3d/engine/editor/assets/default_renderpipeline/builtin-pipeline.ts from cce:/internal/x/prerequisite-imports as file:///Applications/Cocos/Creator/3.8.6/CocosCreator.app/Contents/Resources/resources/3d/engine/editor/assets/default_renderpipeline/builtin-pipeline.ts.
11:21:34.846 debug: Resolve file:///Applications/Cocos/Creator/3.8.6/CocosCreator.app/Contents/Resources/resources/3d/engine/editor/assets/tools/debug-view-runtime-control.ts from cce:/internal/x/prerequisite-imports as file:///Applications/Cocos/Creator/3.8.6/CocosCreator.app/Contents/Resources/resources/3d/engine/editor/assets/tools/debug-view-runtime-control.ts.
11:21:34.846 debug: Resolve file:///Users/zhao/Desktop/test/cocos-creator/PlaneFight/assets/Scripts/BgBox.ts from cce:/internal/x/prerequisite-imports as file:///Users/zhao/Desktop/test/cocos-creator/PlaneFight/assets/Scripts/BgBox.ts.
11:21:34.846 debug: Resolve file:///Users/zhao/Desktop/test/cocos-creator/PlaneFight/assets/Scripts/Enemy.ts from cce:/internal/x/prerequisite-imports as file:///Users/zhao/Desktop/test/cocos-creator/PlaneFight/assets/Scripts/Enemy.ts.
11:21:34.846 debug: Resolve file:///Users/zhao/Desktop/test/cocos-creator/PlaneFight/assets/Scripts/EnemyBox.ts from cce:/internal/x/prerequisite-imports as file:///Users/zhao/Desktop/test/cocos-creator/PlaneFight/assets/Scripts/EnemyBox.ts.
11:21:34.846 debug: Detected change: file:///Users/zhao/Desktop/test/cocos-creator/PlaneFight/assets/Scripts/EnemyBox.ts. Last mtime: Fri Jul 18 2025 11:21:29 GMT+0800 (中国标准时间)@92db9fc8-3289-4a05-8403-d965f95f1cfc, Current mtime: Fri Jul 18 2025 11:21:34 GMT+0800 (中国标准时间)@92db9fc8-3289-4a05-8403-d965f95f1cfc
11:21:34.846 debug: Inspect file:///Users/zhao/Desktop/test/cocos-creator/PlaneFight/assets/Scripts/EnemyBox.ts
11:21:34.855 debug: transform url: 'file:///Users/zhao/Desktop/test/cocos-creator/PlaneFight/assets/Scripts/EnemyBox.ts' costs: 9.40 ms
11:21:34.856 debug: Resolve file:///Users/zhao/Desktop/test/cocos-creator/PlaneFight/assets/Scripts/GameManager.ts from cce:/internal/x/prerequisite-imports as file:///Users/zhao/Desktop/test/cocos-creator/PlaneFight/assets/Scripts/GameManager.ts.
11:21:34.856 debug: Resolve cc from file:///Users/zhao/Desktop/test/cocos-creator/PlaneFight/assets/Scripts/EnemyBox.ts as cce:/internal/x/cc.
11:21:34.856 debug: Resolve cc from file:///Users/zhao/Desktop/test/cocos-creator/PlaneFight/assets/Scripts/EnemyBox.ts as cce:/internal/x/cc.
11:21:34.856 debug: Resolve cc from file:///Users/zhao/Desktop/test/cocos-creator/PlaneFight/assets/Scripts/EnemyBox.ts as cce:/internal/x/cc.
11:21:34.858 debug: Target(editor) ends with cost 17.68404099997133ms.
11:21:34.858 debug: Target(preview) build started.
11:21:34.859 debug: Detected change: cce:/internal/x/prerequisite-imports. Last mtime: Thu Jan 01 1970 09:31:29 GMT+0800 (中国标准时间), Current mtime: Thu Jan 01 1970 09:31:32 GMT+0800 (中国标准时间)
11:21:34.859 debug: Inspect cce:/internal/x/prerequisite-imports
11:21:34.864 debug: transform url: 'cce:/internal/x/prerequisite-imports' costs: 4.50 ms
11:21:34.865 debug: Resolve file:///Applications/Cocos/Creator/3.8.6/CocosCreator.app/Contents/Resources/resources/3d/engine/editor/assets/default_renderpipeline/builtin-dof-pass.ts from cce:/internal/x/prerequisite-imports as file:///Applications/Cocos/Creator/3.8.6/CocosCreator.app/Contents/Resources/resources/3d/engine/editor/assets/default_renderpipeline/builtin-dof-pass.ts.
11:21:34.865 debug: Resolve file:///Applications/Cocos/Creator/3.8.6/CocosCreator.app/Contents/Resources/resources/3d/engine/editor/assets/default_renderpipeline/builtin-pipeline-pass.ts from cce:/internal/x/prerequisite-imports as file:///Applications/Cocos/Creator/3.8.6/CocosCreator.app/Contents/Resources/resources/3d/engine/editor/assets/default_renderpipeline/builtin-pipeline-pass.ts.
11:21:34.865 debug: Resolve file:///Applications/Cocos/Creator/3.8.6/CocosCreator.app/Contents/Resources/resources/3d/engine/editor/assets/default_renderpipeline/builtin-pipeline-settings.ts from cce:/internal/x/prerequisite-imports as file:///Applications/Cocos/Creator/3.8.6/CocosCreator.app/Contents/Resources/resources/3d/engine/editor/assets/default_renderpipeline/builtin-pipeline-settings.ts.
11:21:34.865 debug: Resolve file:///Applications/Cocos/Creator/3.8.6/CocosCreator.app/Contents/Resources/resources/3d/engine/editor/assets/default_renderpipeline/builtin-pipeline-types.ts from cce:/internal/x/prerequisite-imports as file:///Applications/Cocos/Creator/3.8.6/CocosCreator.app/Contents/Resources/resources/3d/engine/editor/assets/default_renderpipeline/builtin-pipeline-types.ts.
11:21:34.865 debug: Resolve file:///Applications/Cocos/Creator/3.8.6/CocosCreator.app/Contents/Resources/resources/3d/engine/editor/assets/default_renderpipeline/builtin-pipeline.ts from cce:/internal/x/prerequisite-imports as file:///Applications/Cocos/Creator/3.8.6/CocosCreator.app/Contents/Resources/resources/3d/engine/editor/assets/default_renderpipeline/builtin-pipeline.ts.
11:21:34.865 debug: Resolve file:///Applications/Cocos/Creator/3.8.6/CocosCreator.app/Contents/Resources/resources/3d/engine/editor/assets/tools/debug-view-runtime-control.ts from cce:/internal/x/prerequisite-imports as file:///Applications/Cocos/Creator/3.8.6/CocosCreator.app/Contents/Resources/resources/3d/engine/editor/assets/tools/debug-view-runtime-control.ts.
11:21:34.865 debug: Resolve file:///Users/zhao/Desktop/test/cocos-creator/PlaneFight/assets/Scripts/BgBox.ts from cce:/internal/x/prerequisite-imports as file:///Users/zhao/Desktop/test/cocos-creator/PlaneFight/assets/Scripts/BgBox.ts.
11:21:34.865 debug: Resolve file:///Users/zhao/Desktop/test/cocos-creator/PlaneFight/assets/Scripts/Enemy.ts from cce:/internal/x/prerequisite-imports as file:///Users/zhao/Desktop/test/cocos-creator/PlaneFight/assets/Scripts/Enemy.ts.
11:21:34.865 debug: Resolve file:///Users/zhao/Desktop/test/cocos-creator/PlaneFight/assets/Scripts/EnemyBox.ts from cce:/internal/x/prerequisite-imports as file:///Users/zhao/Desktop/test/cocos-creator/PlaneFight/assets/Scripts/EnemyBox.ts.
11:21:34.865 debug: Detected change: file:///Users/zhao/Desktop/test/cocos-creator/PlaneFight/assets/Scripts/EnemyBox.ts. Last mtime: Fri Jul 18 2025 11:21:29 GMT+0800 (中国标准时间)@92db9fc8-3289-4a05-8403-d965f95f1cfc, Current mtime: Fri Jul 18 2025 11:21:34 GMT+0800 (中国标准时间)@92db9fc8-3289-4a05-8403-d965f95f1cfc
11:21:34.865 debug: Inspect file:///Users/zhao/Desktop/test/cocos-creator/PlaneFight/assets/Scripts/EnemyBox.ts
11:21:34.881 debug: transform url: 'file:///Users/zhao/Desktop/test/cocos-creator/PlaneFight/assets/Scripts/EnemyBox.ts' costs: 15.50 ms
11:21:34.882 debug: Resolve file:///Users/zhao/Desktop/test/cocos-creator/PlaneFight/assets/Scripts/GameManager.ts from cce:/internal/x/prerequisite-imports as file:///Users/zhao/Desktop/test/cocos-creator/PlaneFight/assets/Scripts/GameManager.ts.
11:21:34.883 debug: Resolve cc from file:///Users/zhao/Desktop/test/cocos-creator/PlaneFight/assets/Scripts/EnemyBox.ts as cce:/internal/x/cc.
11:21:34.883 debug: Resolve cc from file:///Users/zhao/Desktop/test/cocos-creator/PlaneFight/assets/Scripts/EnemyBox.ts as cce:/internal/x/cc.
11:21:34.883 debug: Resolve cc from file:///Users/zhao/Desktop/test/cocos-creator/PlaneFight/assets/Scripts/EnemyBox.ts as cce:/internal/x/cc.
11:21:34.886 debug: Target(preview) ends with cost 27.944875000044703ms.
11:22:11.252 debug: Dispatch build request for time accumulated 1 asset changes.
11:22:11.253 debug: Build iteration starts.
Number of accumulated asset changes: 1
Feature changed: false
11:22:11.253 debug: Target(editor) build started.
11:22:11.255 debug: Detected change: cce:/internal/x/prerequisite-imports. Last mtime: Thu Jan 01 1970 09:31:32 GMT+0800 (中国标准时间), Current mtime: Thu Jan 01 1970 09:32:08 GMT+0800 (中国标准时间)
11:22:11.255 debug: Inspect cce:/internal/x/prerequisite-imports
11:22:11.259 debug: transform url: 'cce:/internal/x/prerequisite-imports' costs: 4.50 ms
11:22:11.260 debug: Resolve file:///Applications/Cocos/Creator/3.8.6/CocosCreator.app/Contents/Resources/resources/3d/engine/editor/assets/default_renderpipeline/builtin-dof-pass.ts from cce:/internal/x/prerequisite-imports as file:///Applications/Cocos/Creator/3.8.6/CocosCreator.app/Contents/Resources/resources/3d/engine/editor/assets/default_renderpipeline/builtin-dof-pass.ts.
11:22:11.260 debug: Resolve file:///Applications/Cocos/Creator/3.8.6/CocosCreator.app/Contents/Resources/resources/3d/engine/editor/assets/default_renderpipeline/builtin-pipeline-pass.ts from cce:/internal/x/prerequisite-imports as file:///Applications/Cocos/Creator/3.8.6/CocosCreator.app/Contents/Resources/resources/3d/engine/editor/assets/default_renderpipeline/builtin-pipeline-pass.ts.
11:22:11.260 debug: Resolve file:///Applications/Cocos/Creator/3.8.6/CocosCreator.app/Contents/Resources/resources/3d/engine/editor/assets/default_renderpipeline/builtin-pipeline-settings.ts from cce:/internal/x/prerequisite-imports as file:///Applications/Cocos/Creator/3.8.6/CocosCreator.app/Contents/Resources/resources/3d/engine/editor/assets/default_renderpipeline/builtin-pipeline-settings.ts.
11:22:11.260 debug: Resolve file:///Applications/Cocos/Creator/3.8.6/CocosCreator.app/Contents/Resources/resources/3d/engine/editor/assets/default_renderpipeline/builtin-pipeline-types.ts from cce:/internal/x/prerequisite-imports as file:///Applications/Cocos/Creator/3.8.6/CocosCreator.app/Contents/Resources/resources/3d/engine/editor/assets/default_renderpipeline/builtin-pipeline-types.ts.
11:22:11.260 debug: Resolve file:///Applications/Cocos/Creator/3.8.6/CocosCreator.app/Contents/Resources/resources/3d/engine/editor/assets/default_renderpipeline/builtin-pipeline.ts from cce:/internal/x/prerequisite-imports as file:///Applications/Cocos/Creator/3.8.6/CocosCreator.app/Contents/Resources/resources/3d/engine/editor/assets/default_renderpipeline/builtin-pipeline.ts.
11:22:11.260 debug: Resolve file:///Applications/Cocos/Creator/3.8.6/CocosCreator.app/Contents/Resources/resources/3d/engine/editor/assets/tools/debug-view-runtime-control.ts from cce:/internal/x/prerequisite-imports as file:///Applications/Cocos/Creator/3.8.6/CocosCreator.app/Contents/Resources/resources/3d/engine/editor/assets/tools/debug-view-runtime-control.ts.
11:22:11.260 debug: Resolve file:///Users/zhao/Desktop/test/cocos-creator/PlaneFight/assets/Scripts/BgBox.ts from cce:/internal/x/prerequisite-imports as file:///Users/zhao/Desktop/test/cocos-creator/PlaneFight/assets/Scripts/BgBox.ts.
11:22:11.260 debug: Resolve file:///Users/zhao/Desktop/test/cocos-creator/PlaneFight/assets/Scripts/Enemy.ts from cce:/internal/x/prerequisite-imports as file:///Users/zhao/Desktop/test/cocos-creator/PlaneFight/assets/Scripts/Enemy.ts.
11:22:11.261 debug: Resolve file:///Users/zhao/Desktop/test/cocos-creator/PlaneFight/assets/Scripts/EnemyBox.ts from cce:/internal/x/prerequisite-imports as file:///Users/zhao/Desktop/test/cocos-creator/PlaneFight/assets/Scripts/EnemyBox.ts.
11:22:11.261 debug: Resolve file:///Users/zhao/Desktop/test/cocos-creator/PlaneFight/assets/Scripts/GameManager.ts from cce:/internal/x/prerequisite-imports as file:///Users/zhao/Desktop/test/cocos-creator/PlaneFight/assets/Scripts/GameManager.ts.
11:22:11.261 debug: Detected change: file:///Users/zhao/Desktop/test/cocos-creator/PlaneFight/assets/Scripts/GameManager.ts. Last mtime: Fri Jul 18 2025 11:18:43 GMT+0800 (中国标准时间)@04b8d335-2cbf-453a-9fb4-20b7d50b6131, Current mtime: Fri Jul 18 2025 11:22:10 GMT+0800 (中国标准时间)@04b8d335-2cbf-453a-9fb4-20b7d50b6131
11:22:11.261 debug: Inspect file:///Users/zhao/Desktop/test/cocos-creator/PlaneFight/assets/Scripts/GameManager.ts
11:22:11.271 debug: transform url: 'file:///Users/zhao/Desktop/test/cocos-creator/PlaneFight/assets/Scripts/GameManager.ts' costs: 10.10 ms
11:22:11.271 debug: Resolve cce:/internal/code-quality/cr.mjs from file:///Users/zhao/Desktop/test/cocos-creator/PlaneFight/assets/Scripts/GameManager.ts as cce:/internal/code-quality/cr.mjs.
11:22:11.271 debug: Resolve cc from file:///Users/zhao/Desktop/test/cocos-creator/PlaneFight/assets/Scripts/GameManager.ts as cce:/internal/x/cc.
11:22:11.271 debug: Resolve cc from file:///Users/zhao/Desktop/test/cocos-creator/PlaneFight/assets/Scripts/GameManager.ts as cce:/internal/x/cc.
11:22:11.271 debug: Resolve cc from file:///Users/zhao/Desktop/test/cocos-creator/PlaneFight/assets/Scripts/GameManager.ts as cce:/internal/x/cc.
11:22:11.272 debug: Resolve ./EnemyBox from file:///Users/zhao/Desktop/test/cocos-creator/PlaneFight/assets/Scripts/GameManager.ts as file:///Users/zhao/Desktop/test/cocos-creator/PlaneFight/assets/Scripts/EnemyBox.ts.
11:22:11.274 debug: Target(editor) ends with cost 20.14566699974239ms.
11:22:11.274 debug: Target(preview) build started.
11:22:11.275 debug: Detected change: cce:/internal/x/prerequisite-imports. Last mtime: Thu Jan 01 1970 09:31:32 GMT+0800 (中国标准时间), Current mtime: Thu Jan 01 1970 09:32:08 GMT+0800 (中国标准时间)
11:22:11.275 debug: Inspect cce:/internal/x/prerequisite-imports
11:22:11.279 debug: transform url: 'cce:/internal/x/prerequisite-imports' costs: 4.80 ms
11:22:11.280 debug: Resolve file:///Applications/Cocos/Creator/3.8.6/CocosCreator.app/Contents/Resources/resources/3d/engine/editor/assets/default_renderpipeline/builtin-dof-pass.ts from cce:/internal/x/prerequisite-imports as file:///Applications/Cocos/Creator/3.8.6/CocosCreator.app/Contents/Resources/resources/3d/engine/editor/assets/default_renderpipeline/builtin-dof-pass.ts.
11:22:11.280 debug: Resolve file:///Applications/Cocos/Creator/3.8.6/CocosCreator.app/Contents/Resources/resources/3d/engine/editor/assets/default_renderpipeline/builtin-pipeline-pass.ts from cce:/internal/x/prerequisite-imports as file:///Applications/Cocos/Creator/3.8.6/CocosCreator.app/Contents/Resources/resources/3d/engine/editor/assets/default_renderpipeline/builtin-pipeline-pass.ts.
11:22:11.280 debug: Resolve file:///Applications/Cocos/Creator/3.8.6/CocosCreator.app/Contents/Resources/resources/3d/engine/editor/assets/default_renderpipeline/builtin-pipeline-settings.ts from cce:/internal/x/prerequisite-imports as file:///Applications/Cocos/Creator/3.8.6/CocosCreator.app/Contents/Resources/resources/3d/engine/editor/assets/default_renderpipeline/builtin-pipeline-settings.ts.
11:22:11.280 debug: Resolve file:///Applications/Cocos/Creator/3.8.6/CocosCreator.app/Contents/Resources/resources/3d/engine/editor/assets/default_renderpipeline/builtin-pipeline-types.ts from cce:/internal/x/prerequisite-imports as file:///Applications/Cocos/Creator/3.8.6/CocosCreator.app/Contents/Resources/resources/3d/engine/editor/assets/default_renderpipeline/builtin-pipeline-types.ts.
11:22:11.280 debug: Resolve file:///Applications/Cocos/Creator/3.8.6/CocosCreator.app/Contents/Resources/resources/3d/engine/editor/assets/default_renderpipeline/builtin-pipeline.ts from cce:/internal/x/prerequisite-imports as file:///Applications/Cocos/Creator/3.8.6/CocosCreator.app/Contents/Resources/resources/3d/engine/editor/assets/default_renderpipeline/builtin-pipeline.ts.
11:22:11.280 debug: Resolve file:///Applications/Cocos/Creator/3.8.6/CocosCreator.app/Contents/Resources/resources/3d/engine/editor/assets/tools/debug-view-runtime-control.ts from cce:/internal/x/prerequisite-imports as file:///Applications/Cocos/Creator/3.8.6/CocosCreator.app/Contents/Resources/resources/3d/engine/editor/assets/tools/debug-view-runtime-control.ts.
11:22:11.280 debug: Resolve file:///Users/zhao/Desktop/test/cocos-creator/PlaneFight/assets/Scripts/BgBox.ts from cce:/internal/x/prerequisite-imports as file:///Users/zhao/Desktop/test/cocos-creator/PlaneFight/assets/Scripts/BgBox.ts.
11:22:11.280 debug: Resolve file:///Users/zhao/Desktop/test/cocos-creator/PlaneFight/assets/Scripts/Enemy.ts from cce:/internal/x/prerequisite-imports as file:///Users/zhao/Desktop/test/cocos-creator/PlaneFight/assets/Scripts/Enemy.ts.
11:22:11.280 debug: Resolve file:///Users/zhao/Desktop/test/cocos-creator/PlaneFight/assets/Scripts/EnemyBox.ts from cce:/internal/x/prerequisite-imports as file:///Users/zhao/Desktop/test/cocos-creator/PlaneFight/assets/Scripts/EnemyBox.ts.
11:22:11.280 debug: Resolve file:///Users/zhao/Desktop/test/cocos-creator/PlaneFight/assets/Scripts/GameManager.ts from cce:/internal/x/prerequisite-imports as file:///Users/zhao/Desktop/test/cocos-creator/PlaneFight/assets/Scripts/GameManager.ts.
11:22:11.280 debug: Detected change: file:///Users/zhao/Desktop/test/cocos-creator/PlaneFight/assets/Scripts/GameManager.ts. Last mtime: Fri Jul 18 2025 11:18:43 GMT+0800 (中国标准时间)@04b8d335-2cbf-453a-9fb4-20b7d50b6131, Current mtime: Fri Jul 18 2025 11:22:10 GMT+0800 (中国标准时间)@04b8d335-2cbf-453a-9fb4-20b7d50b6131
11:22:11.280 debug: Inspect file:///Users/zhao/Desktop/test/cocos-creator/PlaneFight/assets/Scripts/GameManager.ts
11:22:11.290 debug: transform url: 'file:///Users/zhao/Desktop/test/cocos-creator/PlaneFight/assets/Scripts/GameManager.ts' costs: 9.20 ms
11:22:11.291 debug: Resolve cce:/internal/code-quality/cr.mjs from file:///Users/zhao/Desktop/test/cocos-creator/PlaneFight/assets/Scripts/GameManager.ts as cce:/internal/code-quality/cr.mjs.
11:22:11.291 debug: Resolve cc from file:///Users/zhao/Desktop/test/cocos-creator/PlaneFight/assets/Scripts/GameManager.ts as cce:/internal/x/cc.
11:22:11.291 debug: Resolve cc from file:///Users/zhao/Desktop/test/cocos-creator/PlaneFight/assets/Scripts/GameManager.ts as cce:/internal/x/cc.
11:22:11.291 debug: Resolve cc from file:///Users/zhao/Desktop/test/cocos-creator/PlaneFight/assets/Scripts/GameManager.ts as cce:/internal/x/cc.
11:22:11.291 debug: Resolve ./EnemyBox from file:///Users/zhao/Desktop/test/cocos-creator/PlaneFight/assets/Scripts/GameManager.ts as file:///Users/zhao/Desktop/test/cocos-creator/PlaneFight/assets/Scripts/EnemyBox.ts.
11:22:11.293 debug: Target(preview) ends with cost 19.62375000026077ms.
11:23:01.186 debug: Dispatch build request for time accumulated 2 asset changes.
11:23:01.187 debug: Build iteration starts.
Number of accumulated asset changes: 2
Feature changed: false
11:23:01.187 debug: Target(editor) build started.
11:23:01.188 debug: Detected change: cce:/internal/x/prerequisite-imports. Last mtime: Thu Jan 01 1970 09:32:08 GMT+0800 (中国标准时间), Current mtime: Thu Jan 01 1970 09:32:58 GMT+0800 (中国标准时间)
11:23:01.188 debug: Inspect cce:/internal/x/prerequisite-imports
11:23:01.191 debug: transform url: 'cce:/internal/x/prerequisite-imports' costs: 3.30 ms
11:23:01.192 debug: Resolve file:///Applications/Cocos/Creator/3.8.6/CocosCreator.app/Contents/Resources/resources/3d/engine/editor/assets/default_renderpipeline/builtin-dof-pass.ts from cce:/internal/x/prerequisite-imports as file:///Applications/Cocos/Creator/3.8.6/CocosCreator.app/Contents/Resources/resources/3d/engine/editor/assets/default_renderpipeline/builtin-dof-pass.ts.
11:23:01.192 debug: Resolve file:///Applications/Cocos/Creator/3.8.6/CocosCreator.app/Contents/Resources/resources/3d/engine/editor/assets/default_renderpipeline/builtin-pipeline-pass.ts from cce:/internal/x/prerequisite-imports as file:///Applications/Cocos/Creator/3.8.6/CocosCreator.app/Contents/Resources/resources/3d/engine/editor/assets/default_renderpipeline/builtin-pipeline-pass.ts.
11:23:01.192 debug: Resolve file:///Applications/Cocos/Creator/3.8.6/CocosCreator.app/Contents/Resources/resources/3d/engine/editor/assets/default_renderpipeline/builtin-pipeline-settings.ts from cce:/internal/x/prerequisite-imports as file:///Applications/Cocos/Creator/3.8.6/CocosCreator.app/Contents/Resources/resources/3d/engine/editor/assets/default_renderpipeline/builtin-pipeline-settings.ts.
11:23:01.192 debug: Resolve file:///Applications/Cocos/Creator/3.8.6/CocosCreator.app/Contents/Resources/resources/3d/engine/editor/assets/default_renderpipeline/builtin-pipeline-types.ts from cce:/internal/x/prerequisite-imports as file:///Applications/Cocos/Creator/3.8.6/CocosCreator.app/Contents/Resources/resources/3d/engine/editor/assets/default_renderpipeline/builtin-pipeline-types.ts.
11:23:01.192 debug: Resolve file:///Applications/Cocos/Creator/3.8.6/CocosCreator.app/Contents/Resources/resources/3d/engine/editor/assets/default_renderpipeline/builtin-pipeline.ts from cce:/internal/x/prerequisite-imports as file:///Applications/Cocos/Creator/3.8.6/CocosCreator.app/Contents/Resources/resources/3d/engine/editor/assets/default_renderpipeline/builtin-pipeline.ts.
11:23:01.192 debug: Resolve file:///Applications/Cocos/Creator/3.8.6/CocosCreator.app/Contents/Resources/resources/3d/engine/editor/assets/tools/debug-view-runtime-control.ts from cce:/internal/x/prerequisite-imports as file:///Applications/Cocos/Creator/3.8.6/CocosCreator.app/Contents/Resources/resources/3d/engine/editor/assets/tools/debug-view-runtime-control.ts.
11:23:01.192 debug: Resolve file:///Users/zhao/Desktop/test/cocos-creator/PlaneFight/assets/Scripts/BgBox.ts from cce:/internal/x/prerequisite-imports as file:///Users/zhao/Desktop/test/cocos-creator/PlaneFight/assets/Scripts/BgBox.ts.
11:23:01.192 debug: Resolve file:///Users/zhao/Desktop/test/cocos-creator/PlaneFight/assets/Scripts/Enemy.ts from cce:/internal/x/prerequisite-imports as file:///Users/zhao/Desktop/test/cocos-creator/PlaneFight/assets/Scripts/Enemy.ts.
11:23:01.192 debug: Resolve file:///Users/zhao/Desktop/test/cocos-creator/PlaneFight/assets/Scripts/EnemyBox.ts from cce:/internal/x/prerequisite-imports as file:///Users/zhao/Desktop/test/cocos-creator/PlaneFight/assets/Scripts/EnemyBox.ts.
11:23:01.192 debug: Detected change: file:///Users/zhao/Desktop/test/cocos-creator/PlaneFight/assets/Scripts/EnemyBox.ts. Last mtime: Fri Jul 18 2025 11:21:34 GMT+0800 (中国标准时间)@92db9fc8-3289-4a05-8403-d965f95f1cfc, Current mtime: Fri Jul 18 2025 11:22:58 GMT+0800 (中国标准时间)@92db9fc8-3289-4a05-8403-d965f95f1cfc
11:23:01.192 debug: Inspect file:///Users/zhao/Desktop/test/cocos-creator/PlaneFight/assets/Scripts/EnemyBox.ts
11:23:01.200 debug: transform url: 'file:///Users/zhao/Desktop/test/cocos-creator/PlaneFight/assets/Scripts/EnemyBox.ts' costs: 7.90 ms
11:23:01.201 debug: Resolve file:///Users/zhao/Desktop/test/cocos-creator/PlaneFight/assets/Scripts/GameManager.ts from cce:/internal/x/prerequisite-imports as file:///Users/zhao/Desktop/test/cocos-creator/PlaneFight/assets/Scripts/GameManager.ts.
11:23:01.201 debug: Detected change: file:///Users/zhao/Desktop/test/cocos-creator/PlaneFight/assets/Scripts/GameManager.ts. Last mtime: Fri Jul 18 2025 11:22:10 GMT+0800 (中国标准时间)@04b8d335-2cbf-453a-9fb4-20b7d50b6131, Current mtime: Fri Jul 18 2025 11:23:00 GMT+0800 (中国标准时间)@04b8d335-2cbf-453a-9fb4-20b7d50b6131
11:23:01.201 debug: Inspect file:///Users/zhao/Desktop/test/cocos-creator/PlaneFight/assets/Scripts/GameManager.ts
11:23:01.206 debug: transform url: 'file:///Users/zhao/Desktop/test/cocos-creator/PlaneFight/assets/Scripts/GameManager.ts' costs: 5.00 ms
11:23:01.206 debug: Resolve cc from file:///Users/zhao/Desktop/test/cocos-creator/PlaneFight/assets/Scripts/EnemyBox.ts as cce:/internal/x/cc.
11:23:01.206 debug: Resolve cc from file:///Users/zhao/Desktop/test/cocos-creator/PlaneFight/assets/Scripts/EnemyBox.ts as cce:/internal/x/cc.
11:23:01.206 debug: Resolve cc from file:///Users/zhao/Desktop/test/cocos-creator/PlaneFight/assets/Scripts/EnemyBox.ts as cce:/internal/x/cc.
11:23:01.206 debug: Resolve cce:/internal/code-quality/cr.mjs from file:///Users/zhao/Desktop/test/cocos-creator/PlaneFight/assets/Scripts/GameManager.ts as cce:/internal/code-quality/cr.mjs.
11:23:01.206 debug: Resolve cc from file:///Users/zhao/Desktop/test/cocos-creator/PlaneFight/assets/Scripts/GameManager.ts as cce:/internal/x/cc.
11:23:01.206 debug: Resolve cc from file:///Users/zhao/Desktop/test/cocos-creator/PlaneFight/assets/Scripts/GameManager.ts as cce:/internal/x/cc.
11:23:01.206 debug: Resolve cc from file:///Users/zhao/Desktop/test/cocos-creator/PlaneFight/assets/Scripts/GameManager.ts as cce:/internal/x/cc.
11:23:01.206 debug: Resolve ./EnemyBox from file:///Users/zhao/Desktop/test/cocos-creator/PlaneFight/assets/Scripts/GameManager.ts as file:///Users/zhao/Desktop/test/cocos-creator/PlaneFight/assets/Scripts/EnemyBox.ts.
11:23:01.208 debug: Target(editor) ends with cost 21.043624999932945ms.
11:23:01.208 debug: Target(preview) build started.
11:23:01.208 debug: Detected change: cce:/internal/x/prerequisite-imports. Last mtime: Thu Jan 01 1970 09:32:08 GMT+0800 (中国标准时间), Current mtime: Thu Jan 01 1970 09:32:58 GMT+0800 (中国标准时间)
11:23:01.208 debug: Inspect cce:/internal/x/prerequisite-imports
11:23:01.212 debug: transform url: 'cce:/internal/x/prerequisite-imports' costs: 3.50 ms
11:23:01.213 debug: Resolve file:///Applications/Cocos/Creator/3.8.6/CocosCreator.app/Contents/Resources/resources/3d/engine/editor/assets/default_renderpipeline/builtin-dof-pass.ts from cce:/internal/x/prerequisite-imports as file:///Applications/Cocos/Creator/3.8.6/CocosCreator.app/Contents/Resources/resources/3d/engine/editor/assets/default_renderpipeline/builtin-dof-pass.ts.
11:23:01.213 debug: Resolve file:///Applications/Cocos/Creator/3.8.6/CocosCreator.app/Contents/Resources/resources/3d/engine/editor/assets/default_renderpipeline/builtin-pipeline-pass.ts from cce:/internal/x/prerequisite-imports as file:///Applications/Cocos/Creator/3.8.6/CocosCreator.app/Contents/Resources/resources/3d/engine/editor/assets/default_renderpipeline/builtin-pipeline-pass.ts.
11:23:01.213 debug: Resolve file:///Applications/Cocos/Creator/3.8.6/CocosCreator.app/Contents/Resources/resources/3d/engine/editor/assets/default_renderpipeline/builtin-pipeline-settings.ts from cce:/internal/x/prerequisite-imports as file:///Applications/Cocos/Creator/3.8.6/CocosCreator.app/Contents/Resources/resources/3d/engine/editor/assets/default_renderpipeline/builtin-pipeline-settings.ts.
11:23:01.213 debug: Resolve file:///Applications/Cocos/Creator/3.8.6/CocosCreator.app/Contents/Resources/resources/3d/engine/editor/assets/default_renderpipeline/builtin-pipeline-types.ts from cce:/internal/x/prerequisite-imports as file:///Applications/Cocos/Creator/3.8.6/CocosCreator.app/Contents/Resources/resources/3d/engine/editor/assets/default_renderpipeline/builtin-pipeline-types.ts.
11:23:01.213 debug: Resolve file:///Applications/Cocos/Creator/3.8.6/CocosCreator.app/Contents/Resources/resources/3d/engine/editor/assets/default_renderpipeline/builtin-pipeline.ts from cce:/internal/x/prerequisite-imports as file:///Applications/Cocos/Creator/3.8.6/CocosCreator.app/Contents/Resources/resources/3d/engine/editor/assets/default_renderpipeline/builtin-pipeline.ts.
11:23:01.213 debug: Resolve file:///Applications/Cocos/Creator/3.8.6/CocosCreator.app/Contents/Resources/resources/3d/engine/editor/assets/tools/debug-view-runtime-control.ts from cce:/internal/x/prerequisite-imports as file:///Applications/Cocos/Creator/3.8.6/CocosCreator.app/Contents/Resources/resources/3d/engine/editor/assets/tools/debug-view-runtime-control.ts.
11:23:01.213 debug: Resolve file:///Users/zhao/Desktop/test/cocos-creator/PlaneFight/assets/Scripts/BgBox.ts from cce:/internal/x/prerequisite-imports as file:///Users/zhao/Desktop/test/cocos-creator/PlaneFight/assets/Scripts/BgBox.ts.
11:23:01.213 debug: Resolve file:///Users/zhao/Desktop/test/cocos-creator/PlaneFight/assets/Scripts/Enemy.ts from cce:/internal/x/prerequisite-imports as file:///Users/zhao/Desktop/test/cocos-creator/PlaneFight/assets/Scripts/Enemy.ts.
11:23:01.213 debug: Resolve file:///Users/zhao/Desktop/test/cocos-creator/PlaneFight/assets/Scripts/EnemyBox.ts from cce:/internal/x/prerequisite-imports as file:///Users/zhao/Desktop/test/cocos-creator/PlaneFight/assets/Scripts/EnemyBox.ts.
11:23:01.213 debug: Detected change: file:///Users/zhao/Desktop/test/cocos-creator/PlaneFight/assets/Scripts/EnemyBox.ts. Last mtime: Fri Jul 18 2025 11:21:34 GMT+0800 (中国标准时间)@92db9fc8-3289-4a05-8403-d965f95f1cfc, Current mtime: Fri Jul 18 2025 11:22:58 GMT+0800 (中国标准时间)@92db9fc8-3289-4a05-8403-d965f95f1cfc
11:23:01.213 debug: Inspect file:///Users/zhao/Desktop/test/cocos-creator/PlaneFight/assets/Scripts/EnemyBox.ts
11:23:01.223 debug: transform url: 'file:///Users/zhao/Desktop/test/cocos-creator/PlaneFight/assets/Scripts/EnemyBox.ts' costs: 9.70 ms
11:23:01.223 debug: Resolve file:///Users/zhao/Desktop/test/cocos-creator/PlaneFight/assets/Scripts/GameManager.ts from cce:/internal/x/prerequisite-imports as file:///Users/zhao/Desktop/test/cocos-creator/PlaneFight/assets/Scripts/GameManager.ts.
11:23:01.223 debug: Detected change: file:///Users/zhao/Desktop/test/cocos-creator/PlaneFight/assets/Scripts/GameManager.ts. Last mtime: Fri Jul 18 2025 11:22:10 GMT+0800 (中国标准时间)@04b8d335-2cbf-453a-9fb4-20b7d50b6131, Current mtime: Fri Jul 18 2025 11:23:00 GMT+0800 (中国标准时间)@04b8d335-2cbf-453a-9fb4-20b7d50b6131
11:23:01.223 debug: Inspect file:///Users/zhao/Desktop/test/cocos-creator/PlaneFight/assets/Scripts/GameManager.ts
11:23:01.230 debug: transform url: 'file:///Users/zhao/Desktop/test/cocos-creator/PlaneFight/assets/Scripts/GameManager.ts' costs: 7.30 ms
11:23:01.231 debug: Resolve cc from file:///Users/zhao/Desktop/test/cocos-creator/PlaneFight/assets/Scripts/EnemyBox.ts as cce:/internal/x/cc.
11:23:01.231 debug: Resolve cc from file:///Users/zhao/Desktop/test/cocos-creator/PlaneFight/assets/Scripts/EnemyBox.ts as cce:/internal/x/cc.
11:23:01.231 debug: Resolve cc from file:///Users/zhao/Desktop/test/cocos-creator/PlaneFight/assets/Scripts/EnemyBox.ts as cce:/internal/x/cc.
11:23:01.231 debug: Resolve cce:/internal/code-quality/cr.mjs from file:///Users/zhao/Desktop/test/cocos-creator/PlaneFight/assets/Scripts/GameManager.ts as cce:/internal/code-quality/cr.mjs.
11:23:01.231 debug: Resolve cc from file:///Users/zhao/Desktop/test/cocos-creator/PlaneFight/assets/Scripts/GameManager.ts as cce:/internal/x/cc.
11:23:01.231 debug: Resolve cc from file:///Users/zhao/Desktop/test/cocos-creator/PlaneFight/assets/Scripts/GameManager.ts as cce:/internal/x/cc.
11:23:01.231 debug: Resolve cc from file:///Users/zhao/Desktop/test/cocos-creator/PlaneFight/assets/Scripts/GameManager.ts as cce:/internal/x/cc.
11:23:01.231 debug: Resolve ./EnemyBox from file:///Users/zhao/Desktop/test/cocos-creator/PlaneFight/assets/Scripts/GameManager.ts as file:///Users/zhao/Desktop/test/cocos-creator/PlaneFight/assets/Scripts/EnemyBox.ts.
11:23:01.234 debug: Target(preview) ends with cost 26.386916999705136ms.
11:28:12.893 debug: Dispatch build request for time accumulated 2 asset changes.
11:28:12.894 debug: Build iteration starts.
Number of accumulated asset changes: 2
Feature changed: false
11:28:12.894 debug: Target(editor) build started.
11:28:12.896 debug: Detected change: cce:/internal/x/prerequisite-imports. Last mtime: Thu Jan 01 1970 09:32:58 GMT+0800 (中国标准时间), Current mtime: Thu Jan 01 1970 09:38:10 GMT+0800 (中国标准时间)
11:28:12.896 debug: Inspect cce:/internal/x/prerequisite-imports
11:28:12.901 debug: transform url: 'cce:/internal/x/prerequisite-imports' costs: 4.30 ms
11:28:12.901 debug: Resolve file:///Applications/Cocos/Creator/3.8.6/CocosCreator.app/Contents/Resources/resources/3d/engine/editor/assets/default_renderpipeline/builtin-dof-pass.ts from cce:/internal/x/prerequisite-imports as file:///Applications/Cocos/Creator/3.8.6/CocosCreator.app/Contents/Resources/resources/3d/engine/editor/assets/default_renderpipeline/builtin-dof-pass.ts.
11:28:12.901 debug: Resolve file:///Applications/Cocos/Creator/3.8.6/CocosCreator.app/Contents/Resources/resources/3d/engine/editor/assets/default_renderpipeline/builtin-pipeline-pass.ts from cce:/internal/x/prerequisite-imports as file:///Applications/Cocos/Creator/3.8.6/CocosCreator.app/Contents/Resources/resources/3d/engine/editor/assets/default_renderpipeline/builtin-pipeline-pass.ts.
11:28:12.902 debug: Resolve file:///Applications/Cocos/Creator/3.8.6/CocosCreator.app/Contents/Resources/resources/3d/engine/editor/assets/default_renderpipeline/builtin-pipeline-settings.ts from cce:/internal/x/prerequisite-imports as file:///Applications/Cocos/Creator/3.8.6/CocosCreator.app/Contents/Resources/resources/3d/engine/editor/assets/default_renderpipeline/builtin-pipeline-settings.ts.
11:28:12.902 debug: Resolve file:///Applications/Cocos/Creator/3.8.6/CocosCreator.app/Contents/Resources/resources/3d/engine/editor/assets/default_renderpipeline/builtin-pipeline-types.ts from cce:/internal/x/prerequisite-imports as file:///Applications/Cocos/Creator/3.8.6/CocosCreator.app/Contents/Resources/resources/3d/engine/editor/assets/default_renderpipeline/builtin-pipeline-types.ts.
11:28:12.902 debug: Resolve file:///Applications/Cocos/Creator/3.8.6/CocosCreator.app/Contents/Resources/resources/3d/engine/editor/assets/default_renderpipeline/builtin-pipeline.ts from cce:/internal/x/prerequisite-imports as file:///Applications/Cocos/Creator/3.8.6/CocosCreator.app/Contents/Resources/resources/3d/engine/editor/assets/default_renderpipeline/builtin-pipeline.ts.
11:28:12.902 debug: Resolve file:///Applications/Cocos/Creator/3.8.6/CocosCreator.app/Contents/Resources/resources/3d/engine/editor/assets/tools/debug-view-runtime-control.ts from cce:/internal/x/prerequisite-imports as file:///Applications/Cocos/Creator/3.8.6/CocosCreator.app/Contents/Resources/resources/3d/engine/editor/assets/tools/debug-view-runtime-control.ts.
11:28:12.902 debug: Resolve file:///Users/zhao/Desktop/test/cocos-creator/PlaneFight/assets/Scripts/BgBox.ts from cce:/internal/x/prerequisite-imports as file:///Users/zhao/Desktop/test/cocos-creator/PlaneFight/assets/Scripts/BgBox.ts.
11:28:12.902 debug: Resolve file:///Users/zhao/Desktop/test/cocos-creator/PlaneFight/assets/Scripts/Enemy.ts from cce:/internal/x/prerequisite-imports as file:///Users/zhao/Desktop/test/cocos-creator/PlaneFight/assets/Scripts/Enemy.ts.
11:28:12.902 debug: Resolve file:///Users/zhao/Desktop/test/cocos-creator/PlaneFight/assets/Scripts/EnemyBox.ts from cce:/internal/x/prerequisite-imports as file:///Users/zhao/Desktop/test/cocos-creator/PlaneFight/assets/Scripts/EnemyBox.ts.
11:28:12.903 debug: Detected change: file:///Users/zhao/Desktop/test/cocos-creator/PlaneFight/assets/Scripts/EnemyBox.ts. Last mtime: Fri Jul 18 2025 11:22:58 GMT+0800 (中国标准时间)@92db9fc8-3289-4a05-8403-d965f95f1cfc, Current mtime: Fri Jul 18 2025 11:24:36 GMT+0800 (中国标准时间)@92db9fc8-3289-4a05-8403-d965f95f1cfc
11:28:12.903 debug: Inspect file:///Users/zhao/Desktop/test/cocos-creator/PlaneFight/assets/Scripts/EnemyBox.ts
11:28:12.913 debug: transform url: 'file:///Users/zhao/Desktop/test/cocos-creator/PlaneFight/assets/Scripts/EnemyBox.ts' costs: 10.50 ms
11:28:12.914 debug: Resolve file:///Users/zhao/Desktop/test/cocos-creator/PlaneFight/assets/Scripts/GameManager.ts from cce:/internal/x/prerequisite-imports as file:///Users/zhao/Desktop/test/cocos-creator/PlaneFight/assets/Scripts/GameManager.ts.
11:28:12.914 debug: Detected change: file:///Users/zhao/Desktop/test/cocos-creator/PlaneFight/assets/Scripts/GameManager.ts. Last mtime: Fri Jul 18 2025 11:23:00 GMT+0800 (中国标准时间)@04b8d335-2cbf-453a-9fb4-20b7d50b6131, Current mtime: Fri Jul 18 2025 11:28:11 GMT+0800 (中国标准时间)@04b8d335-2cbf-453a-9fb4-20b7d50b6131
11:28:12.914 debug: Inspect file:///Users/zhao/Desktop/test/cocos-creator/PlaneFight/assets/Scripts/GameManager.ts
11:28:12.921 debug: transform url: 'file:///Users/zhao/Desktop/test/cocos-creator/PlaneFight/assets/Scripts/GameManager.ts' costs: 6.90 ms
11:28:12.922 debug: Resolve cc from file:///Users/zhao/Desktop/test/cocos-creator/PlaneFight/assets/Scripts/EnemyBox.ts as cce:/internal/x/cc.
11:28:12.922 debug: Resolve cc from file:///Users/zhao/Desktop/test/cocos-creator/PlaneFight/assets/Scripts/EnemyBox.ts as cce:/internal/x/cc.
11:28:12.922 debug: Resolve cc from file:///Users/zhao/Desktop/test/cocos-creator/PlaneFight/assets/Scripts/EnemyBox.ts as cce:/internal/x/cc.
11:28:12.922 debug: Resolve cce:/internal/code-quality/cr.mjs from file:///Users/zhao/Desktop/test/cocos-creator/PlaneFight/assets/Scripts/GameManager.ts as cce:/internal/code-quality/cr.mjs.
11:28:12.922 debug: Resolve cc from file:///Users/zhao/Desktop/test/cocos-creator/PlaneFight/assets/Scripts/GameManager.ts as cce:/internal/x/cc.
11:28:12.922 debug: Resolve cc from file:///Users/zhao/Desktop/test/cocos-creator/PlaneFight/assets/Scripts/GameManager.ts as cce:/internal/x/cc.
11:28:12.922 debug: Resolve cc from file:///Users/zhao/Desktop/test/cocos-creator/PlaneFight/assets/Scripts/GameManager.ts as cce:/internal/x/cc.
11:28:12.922 debug: Resolve ./EnemyBox from file:///Users/zhao/Desktop/test/cocos-creator/PlaneFight/assets/Scripts/GameManager.ts as file:///Users/zhao/Desktop/test/cocos-creator/PlaneFight/assets/Scripts/EnemyBox.ts.
11:28:12.928 debug: Target(editor) ends with cost 33.233792000450194ms.
11:28:12.928 debug: Target(preview) build started.
11:28:12.929 debug: Detected change: cce:/internal/x/prerequisite-imports. Last mtime: Thu Jan 01 1970 09:32:58 GMT+0800 (中国标准时间), Current mtime: Thu Jan 01 1970 09:38:10 GMT+0800 (中国标准时间)
11:28:12.929 debug: Inspect cce:/internal/x/prerequisite-imports
11:28:12.933 debug: transform url: 'cce:/internal/x/prerequisite-imports' costs: 4.10 ms
11:28:12.934 debug: Resolve file:///Applications/Cocos/Creator/3.8.6/CocosCreator.app/Contents/Resources/resources/3d/engine/editor/assets/default_renderpipeline/builtin-dof-pass.ts from cce:/internal/x/prerequisite-imports as file:///Applications/Cocos/Creator/3.8.6/CocosCreator.app/Contents/Resources/resources/3d/engine/editor/assets/default_renderpipeline/builtin-dof-pass.ts.
11:28:12.934 debug: Resolve file:///Applications/Cocos/Creator/3.8.6/CocosCreator.app/Contents/Resources/resources/3d/engine/editor/assets/default_renderpipeline/builtin-pipeline-pass.ts from cce:/internal/x/prerequisite-imports as file:///Applications/Cocos/Creator/3.8.6/CocosCreator.app/Contents/Resources/resources/3d/engine/editor/assets/default_renderpipeline/builtin-pipeline-pass.ts.
11:28:12.934 debug: Resolve file:///Applications/Cocos/Creator/3.8.6/CocosCreator.app/Contents/Resources/resources/3d/engine/editor/assets/default_renderpipeline/builtin-pipeline-settings.ts from cce:/internal/x/prerequisite-imports as file:///Applications/Cocos/Creator/3.8.6/CocosCreator.app/Contents/Resources/resources/3d/engine/editor/assets/default_renderpipeline/builtin-pipeline-settings.ts.
11:28:12.934 debug: Resolve file:///Applications/Cocos/Creator/3.8.6/CocosCreator.app/Contents/Resources/resources/3d/engine/editor/assets/default_renderpipeline/builtin-pipeline-types.ts from cce:/internal/x/prerequisite-imports as file:///Applications/Cocos/Creator/3.8.6/CocosCreator.app/Contents/Resources/resources/3d/engine/editor/assets/default_renderpipeline/builtin-pipeline-types.ts.
11:28:12.934 debug: Resolve file:///Applications/Cocos/Creator/3.8.6/CocosCreator.app/Contents/Resources/resources/3d/engine/editor/assets/default_renderpipeline/builtin-pipeline.ts from cce:/internal/x/prerequisite-imports as file:///Applications/Cocos/Creator/3.8.6/CocosCreator.app/Contents/Resources/resources/3d/engine/editor/assets/default_renderpipeline/builtin-pipeline.ts.
11:28:12.934 debug: Resolve file:///Applications/Cocos/Creator/3.8.6/CocosCreator.app/Contents/Resources/resources/3d/engine/editor/assets/tools/debug-view-runtime-control.ts from cce:/internal/x/prerequisite-imports as file:///Applications/Cocos/Creator/3.8.6/CocosCreator.app/Contents/Resources/resources/3d/engine/editor/assets/tools/debug-view-runtime-control.ts.
11:28:12.934 debug: Resolve file:///Users/zhao/Desktop/test/cocos-creator/PlaneFight/assets/Scripts/BgBox.ts from cce:/internal/x/prerequisite-imports as file:///Users/zhao/Desktop/test/cocos-creator/PlaneFight/assets/Scripts/BgBox.ts.
11:28:12.934 debug: Resolve file:///Users/zhao/Desktop/test/cocos-creator/PlaneFight/assets/Scripts/Enemy.ts from cce:/internal/x/prerequisite-imports as file:///Users/zhao/Desktop/test/cocos-creator/PlaneFight/assets/Scripts/Enemy.ts.
11:28:12.934 debug: Resolve file:///Users/zhao/Desktop/test/cocos-creator/PlaneFight/assets/Scripts/EnemyBox.ts from cce:/internal/x/prerequisite-imports as file:///Users/zhao/Desktop/test/cocos-creator/PlaneFight/assets/Scripts/EnemyBox.ts.
11:28:12.934 debug: Detected change: file:///Users/zhao/Desktop/test/cocos-creator/PlaneFight/assets/Scripts/EnemyBox.ts. Last mtime: Fri Jul 18 2025 11:22:58 GMT+0800 (中国标准时间)@92db9fc8-3289-4a05-8403-d965f95f1cfc, Current mtime: Fri Jul 18 2025 11:24:36 GMT+0800 (中国标准时间)@92db9fc8-3289-4a05-8403-d965f95f1cfc
11:28:12.934 debug: Inspect file:///Users/zhao/Desktop/test/cocos-creator/PlaneFight/assets/Scripts/EnemyBox.ts
11:28:12.949 debug: transform url: 'file:///Users/zhao/Desktop/test/cocos-creator/PlaneFight/assets/Scripts/EnemyBox.ts' costs: 14.50 ms
11:28:12.950 debug: Resolve file:///Users/zhao/Desktop/test/cocos-creator/PlaneFight/assets/Scripts/GameManager.ts from cce:/internal/x/prerequisite-imports as file:///Users/zhao/Desktop/test/cocos-creator/PlaneFight/assets/Scripts/GameManager.ts.
11:28:12.951 debug: Detected change: file:///Users/zhao/Desktop/test/cocos-creator/PlaneFight/assets/Scripts/GameManager.ts. Last mtime: Fri Jul 18 2025 11:23:00 GMT+0800 (中国标准时间)@04b8d335-2cbf-453a-9fb4-20b7d50b6131, Current mtime: Fri Jul 18 2025 11:28:11 GMT+0800 (中国标准时间)@04b8d335-2cbf-453a-9fb4-20b7d50b6131
11:28:12.951 debug: Inspect file:///Users/zhao/Desktop/test/cocos-creator/PlaneFight/assets/Scripts/GameManager.ts
11:28:12.966 debug: transform url: 'file:///Users/zhao/Desktop/test/cocos-creator/PlaneFight/assets/Scripts/GameManager.ts' costs: 14.80 ms
11:28:12.967 debug: Resolve cc from file:///Users/zhao/Desktop/test/cocos-creator/PlaneFight/assets/Scripts/EnemyBox.ts as cce:/internal/x/cc.
11:28:12.967 debug: Resolve cc from file:///Users/zhao/Desktop/test/cocos-creator/PlaneFight/assets/Scripts/EnemyBox.ts as cce:/internal/x/cc.
11:28:12.967 debug: Resolve cc from file:///Users/zhao/Desktop/test/cocos-creator/PlaneFight/assets/Scripts/EnemyBox.ts as cce:/internal/x/cc.
11:28:12.967 debug: Resolve cce:/internal/code-quality/cr.mjs from file:///Users/zhao/Desktop/test/cocos-creator/PlaneFight/assets/Scripts/GameManager.ts as cce:/internal/code-quality/cr.mjs.
11:28:12.967 debug: Resolve cc from file:///Users/zhao/Desktop/test/cocos-creator/PlaneFight/assets/Scripts/GameManager.ts as cce:/internal/x/cc.
11:28:12.967 debug: Resolve cc from file:///Users/zhao/Desktop/test/cocos-creator/PlaneFight/assets/Scripts/GameManager.ts as cce:/internal/x/cc.
11:28:12.967 debug: Resolve cc from file:///Users/zhao/Desktop/test/cocos-creator/PlaneFight/assets/Scripts/GameManager.ts as cce:/internal/x/cc.
11:28:12.968 debug: Resolve ./EnemyBox from file:///Users/zhao/Desktop/test/cocos-creator/PlaneFight/assets/Scripts/GameManager.ts as file:///Users/zhao/Desktop/test/cocos-creator/PlaneFight/assets/Scripts/EnemyBox.ts.
11:28:12.971 debug: Target(preview) ends with cost 43.07170800026506ms.
11:28:42.109 debug: Dispatch build request for time accumulated 2 asset changes.
11:28:42.110 debug: Build iteration starts.
Number of accumulated asset changes: 2
Feature changed: false
11:28:42.110 debug: Target(editor) build started.
11:28:42.111 debug: Detected change: cce:/internal/x/prerequisite-imports. Last mtime: Thu Jan 01 1970 09:38:10 GMT+0800 (中国标准时间), Current mtime: Thu Jan 01 1970 09:38:39 GMT+0800 (中国标准时间)
11:28:42.111 debug: Inspect cce:/internal/x/prerequisite-imports
11:28:42.114 debug: transform url: 'cce:/internal/x/prerequisite-imports' costs: 3.30 ms
11:28:42.115 debug: Resolve file:///Applications/Cocos/Creator/3.8.6/CocosCreator.app/Contents/Resources/resources/3d/engine/editor/assets/default_renderpipeline/builtin-dof-pass.ts from cce:/internal/x/prerequisite-imports as file:///Applications/Cocos/Creator/3.8.6/CocosCreator.app/Contents/Resources/resources/3d/engine/editor/assets/default_renderpipeline/builtin-dof-pass.ts.
11:28:42.115 debug: Resolve file:///Applications/Cocos/Creator/3.8.6/CocosCreator.app/Contents/Resources/resources/3d/engine/editor/assets/default_renderpipeline/builtin-pipeline-pass.ts from cce:/internal/x/prerequisite-imports as file:///Applications/Cocos/Creator/3.8.6/CocosCreator.app/Contents/Resources/resources/3d/engine/editor/assets/default_renderpipeline/builtin-pipeline-pass.ts.
11:28:42.115 debug: Resolve file:///Applications/Cocos/Creator/3.8.6/CocosCreator.app/Contents/Resources/resources/3d/engine/editor/assets/default_renderpipeline/builtin-pipeline-settings.ts from cce:/internal/x/prerequisite-imports as file:///Applications/Cocos/Creator/3.8.6/CocosCreator.app/Contents/Resources/resources/3d/engine/editor/assets/default_renderpipeline/builtin-pipeline-settings.ts.
11:28:42.115 debug: Resolve file:///Applications/Cocos/Creator/3.8.6/CocosCreator.app/Contents/Resources/resources/3d/engine/editor/assets/default_renderpipeline/builtin-pipeline-types.ts from cce:/internal/x/prerequisite-imports as file:///Applications/Cocos/Creator/3.8.6/CocosCreator.app/Contents/Resources/resources/3d/engine/editor/assets/default_renderpipeline/builtin-pipeline-types.ts.
11:28:42.115 debug: Resolve file:///Applications/Cocos/Creator/3.8.6/CocosCreator.app/Contents/Resources/resources/3d/engine/editor/assets/default_renderpipeline/builtin-pipeline.ts from cce:/internal/x/prerequisite-imports as file:///Applications/Cocos/Creator/3.8.6/CocosCreator.app/Contents/Resources/resources/3d/engine/editor/assets/default_renderpipeline/builtin-pipeline.ts.
11:28:42.115 debug: Resolve file:///Applications/Cocos/Creator/3.8.6/CocosCreator.app/Contents/Resources/resources/3d/engine/editor/assets/tools/debug-view-runtime-control.ts from cce:/internal/x/prerequisite-imports as file:///Applications/Cocos/Creator/3.8.6/CocosCreator.app/Contents/Resources/resources/3d/engine/editor/assets/tools/debug-view-runtime-control.ts.
11:28:42.115 debug: Resolve file:///Users/zhao/Desktop/test/cocos-creator/PlaneFight/assets/Scripts/BgBox.ts from cce:/internal/x/prerequisite-imports as file:///Users/zhao/Desktop/test/cocos-creator/PlaneFight/assets/Scripts/BgBox.ts.
11:28:42.115 debug: Resolve file:///Users/zhao/Desktop/test/cocos-creator/PlaneFight/assets/Scripts/Enemy.ts from cce:/internal/x/prerequisite-imports as file:///Users/zhao/Desktop/test/cocos-creator/PlaneFight/assets/Scripts/Enemy.ts.
11:28:42.115 debug: Resolve file:///Users/zhao/Desktop/test/cocos-creator/PlaneFight/assets/Scripts/EnemyBox.ts from cce:/internal/x/prerequisite-imports as file:///Users/zhao/Desktop/test/cocos-creator/PlaneFight/assets/Scripts/EnemyBox.ts.
11:28:42.115 debug: Detected change: file:///Users/zhao/Desktop/test/cocos-creator/PlaneFight/assets/Scripts/EnemyBox.ts. Last mtime: Fri Jul 18 2025 11:24:36 GMT+0800 (中国标准时间)@92db9fc8-3289-4a05-8403-d965f95f1cfc, Current mtime: Fri Jul 18 2025 11:28:41 GMT+0800 (中国标准时间)@92db9fc8-3289-4a05-8403-d965f95f1cfc
11:28:42.115 debug: Inspect file:///Users/zhao/Desktop/test/cocos-creator/PlaneFight/assets/Scripts/EnemyBox.ts
11:28:42.123 debug: transform url: 'file:///Users/zhao/Desktop/test/cocos-creator/PlaneFight/assets/Scripts/EnemyBox.ts' costs: 8.00 ms
11:28:42.123 debug: Resolve file:///Users/zhao/Desktop/test/cocos-creator/PlaneFight/assets/Scripts/GameManager.ts from cce:/internal/x/prerequisite-imports as file:///Users/zhao/Desktop/test/cocos-creator/PlaneFight/assets/Scripts/GameManager.ts.
11:28:42.123 debug: Detected change: file:///Users/zhao/Desktop/test/cocos-creator/PlaneFight/assets/Scripts/GameManager.ts. Last mtime: Fri Jul 18 2025 11:28:11 GMT+0800 (中国标准时间)@04b8d335-2cbf-453a-9fb4-20b7d50b6131, Current mtime: Fri Jul 18 2025 11:28:25 GMT+0800 (中国标准时间)@04b8d335-2cbf-453a-9fb4-20b7d50b6131
11:28:42.123 debug: Inspect file:///Users/zhao/Desktop/test/cocos-creator/PlaneFight/assets/Scripts/GameManager.ts
11:28:42.128 debug: transform url: 'file:///Users/zhao/Desktop/test/cocos-creator/PlaneFight/assets/Scripts/GameManager.ts' costs: 4.90 ms
11:28:42.129 debug: Resolve cc from file:///Users/zhao/Desktop/test/cocos-creator/PlaneFight/assets/Scripts/EnemyBox.ts as cce:/internal/x/cc.
11:28:42.129 debug: Resolve cc from file:///Users/zhao/Desktop/test/cocos-creator/PlaneFight/assets/Scripts/EnemyBox.ts as cce:/internal/x/cc.
11:28:42.129 debug: Resolve cc from file:///Users/zhao/Desktop/test/cocos-creator/PlaneFight/assets/Scripts/EnemyBox.ts as cce:/internal/x/cc.
11:28:42.129 debug: Resolve cce:/internal/code-quality/cr.mjs from file:///Users/zhao/Desktop/test/cocos-creator/PlaneFight/assets/Scripts/GameManager.ts as cce:/internal/code-quality/cr.mjs.
11:28:42.129 debug: Resolve cc from file:///Users/zhao/Desktop/test/cocos-creator/PlaneFight/assets/Scripts/GameManager.ts as cce:/internal/x/cc.
11:28:42.129 debug: Resolve cc from file:///Users/zhao/Desktop/test/cocos-creator/PlaneFight/assets/Scripts/GameManager.ts as cce:/internal/x/cc.
11:28:42.129 debug: Resolve cc from file:///Users/zhao/Desktop/test/cocos-creator/PlaneFight/assets/Scripts/GameManager.ts as cce:/internal/x/cc.
11:28:42.129 debug: Resolve ./EnemyBox from file:///Users/zhao/Desktop/test/cocos-creator/PlaneFight/assets/Scripts/GameManager.ts as file:///Users/zhao/Desktop/test/cocos-creator/PlaneFight/assets/Scripts/EnemyBox.ts.
11:28:42.131 debug: Target(editor) ends with cost 20.475166999734938ms.
11:28:42.131 debug: Target(preview) build started.
11:28:42.131 debug: Detected change: cce:/internal/x/prerequisite-imports. Last mtime: Thu Jan 01 1970 09:38:10 GMT+0800 (中国标准时间), Current mtime: Thu Jan 01 1970 09:38:39 GMT+0800 (中国标准时间)
11:28:42.131 debug: Inspect cce:/internal/x/prerequisite-imports
11:28:42.136 debug: transform url: 'cce:/internal/x/prerequisite-imports' costs: 4.80 ms
11:28:42.137 debug: Resolve file:///Applications/Cocos/Creator/3.8.6/CocosCreator.app/Contents/Resources/resources/3d/engine/editor/assets/default_renderpipeline/builtin-dof-pass.ts from cce:/internal/x/prerequisite-imports as file:///Applications/Cocos/Creator/3.8.6/CocosCreator.app/Contents/Resources/resources/3d/engine/editor/assets/default_renderpipeline/builtin-dof-pass.ts.
11:28:42.137 debug: Resolve file:///Applications/Cocos/Creator/3.8.6/CocosCreator.app/Contents/Resources/resources/3d/engine/editor/assets/default_renderpipeline/builtin-pipeline-pass.ts from cce:/internal/x/prerequisite-imports as file:///Applications/Cocos/Creator/3.8.6/CocosCreator.app/Contents/Resources/resources/3d/engine/editor/assets/default_renderpipeline/builtin-pipeline-pass.ts.
11:28:42.137 debug: Resolve file:///Applications/Cocos/Creator/3.8.6/CocosCreator.app/Contents/Resources/resources/3d/engine/editor/assets/default_renderpipeline/builtin-pipeline-settings.ts from cce:/internal/x/prerequisite-imports as file:///Applications/Cocos/Creator/3.8.6/CocosCreator.app/Contents/Resources/resources/3d/engine/editor/assets/default_renderpipeline/builtin-pipeline-settings.ts.
11:28:42.137 debug: Resolve file:///Applications/Cocos/Creator/3.8.6/CocosCreator.app/Contents/Resources/resources/3d/engine/editor/assets/default_renderpipeline/builtin-pipeline-types.ts from cce:/internal/x/prerequisite-imports as file:///Applications/Cocos/Creator/3.8.6/CocosCreator.app/Contents/Resources/resources/3d/engine/editor/assets/default_renderpipeline/builtin-pipeline-types.ts.
11:28:42.137 debug: Resolve file:///Applications/Cocos/Creator/3.8.6/CocosCreator.app/Contents/Resources/resources/3d/engine/editor/assets/default_renderpipeline/builtin-pipeline.ts from cce:/internal/x/prerequisite-imports as file:///Applications/Cocos/Creator/3.8.6/CocosCreator.app/Contents/Resources/resources/3d/engine/editor/assets/default_renderpipeline/builtin-pipeline.ts.
11:28:42.137 debug: Resolve file:///Applications/Cocos/Creator/3.8.6/CocosCreator.app/Contents/Resources/resources/3d/engine/editor/assets/tools/debug-view-runtime-control.ts from cce:/internal/x/prerequisite-imports as file:///Applications/Cocos/Creator/3.8.6/CocosCreator.app/Contents/Resources/resources/3d/engine/editor/assets/tools/debug-view-runtime-control.ts.
11:28:42.137 debug: Resolve file:///Users/zhao/Desktop/test/cocos-creator/PlaneFight/assets/Scripts/BgBox.ts from cce:/internal/x/prerequisite-imports as file:///Users/zhao/Desktop/test/cocos-creator/PlaneFight/assets/Scripts/BgBox.ts.
11:28:42.137 debug: Resolve file:///Users/zhao/Desktop/test/cocos-creator/PlaneFight/assets/Scripts/Enemy.ts from cce:/internal/x/prerequisite-imports as file:///Users/zhao/Desktop/test/cocos-creator/PlaneFight/assets/Scripts/Enemy.ts.
11:28:42.137 debug: Resolve file:///Users/zhao/Desktop/test/cocos-creator/PlaneFight/assets/Scripts/EnemyBox.ts from cce:/internal/x/prerequisite-imports as file:///Users/zhao/Desktop/test/cocos-creator/PlaneFight/assets/Scripts/EnemyBox.ts.
11:28:42.137 debug: Detected change: file:///Users/zhao/Desktop/test/cocos-creator/PlaneFight/assets/Scripts/EnemyBox.ts. Last mtime: Fri Jul 18 2025 11:24:36 GMT+0800 (中国标准时间)@92db9fc8-3289-4a05-8403-d965f95f1cfc, Current mtime: Fri Jul 18 2025 11:28:41 GMT+0800 (中国标准时间)@92db9fc8-3289-4a05-8403-d965f95f1cfc
11:28:42.137 debug: Inspect file:///Users/zhao/Desktop/test/cocos-creator/PlaneFight/assets/Scripts/EnemyBox.ts
11:28:42.150 debug: transform url: 'file:///Users/zhao/Desktop/test/cocos-creator/PlaneFight/assets/Scripts/EnemyBox.ts' costs: 13.50 ms
11:28:42.151 debug: Resolve file:///Users/zhao/Desktop/test/cocos-creator/PlaneFight/assets/Scripts/GameManager.ts from cce:/internal/x/prerequisite-imports as file:///Users/zhao/Desktop/test/cocos-creator/PlaneFight/assets/Scripts/GameManager.ts.
11:28:42.151 debug: Detected change: file:///Users/zhao/Desktop/test/cocos-creator/PlaneFight/assets/Scripts/GameManager.ts. Last mtime: Fri Jul 18 2025 11:28:11 GMT+0800 (中国标准时间)@04b8d335-2cbf-453a-9fb4-20b7d50b6131, Current mtime: Fri Jul 18 2025 11:28:25 GMT+0800 (中国标准时间)@04b8d335-2cbf-453a-9fb4-20b7d50b6131
11:28:42.151 debug: Inspect file:///Users/zhao/Desktop/test/cocos-creator/PlaneFight/assets/Scripts/GameManager.ts
11:28:42.159 debug: transform url: 'file:///Users/zhao/Desktop/test/cocos-creator/PlaneFight/assets/Scripts/GameManager.ts' costs: 7.70 ms
11:28:42.159 debug: Resolve cc from file:///Users/zhao/Desktop/test/cocos-creator/PlaneFight/assets/Scripts/EnemyBox.ts as cce:/internal/x/cc.
11:28:42.159 debug: Resolve cc from file:///Users/zhao/Desktop/test/cocos-creator/PlaneFight/assets/Scripts/EnemyBox.ts as cce:/internal/x/cc.
11:28:42.159 debug: Resolve cc from file:///Users/zhao/Desktop/test/cocos-creator/PlaneFight/assets/Scripts/EnemyBox.ts as cce:/internal/x/cc.
11:28:42.159 debug: Resolve cce:/internal/code-quality/cr.mjs from file:///Users/zhao/Desktop/test/cocos-creator/PlaneFight/assets/Scripts/GameManager.ts as cce:/internal/code-quality/cr.mjs.
11:28:42.159 debug: Resolve cc from file:///Users/zhao/Desktop/test/cocos-creator/PlaneFight/assets/Scripts/GameManager.ts as cce:/internal/x/cc.
11:28:42.159 debug: Resolve cc from file:///Users/zhao/Desktop/test/cocos-creator/PlaneFight/assets/Scripts/GameManager.ts as cce:/internal/x/cc.
11:28:42.159 debug: Resolve cc from file:///Users/zhao/Desktop/test/cocos-creator/PlaneFight/assets/Scripts/GameManager.ts as cce:/internal/x/cc.
11:28:42.159 debug: Resolve ./EnemyBox from file:///Users/zhao/Desktop/test/cocos-creator/PlaneFight/assets/Scripts/GameManager.ts as file:///Users/zhao/Desktop/test/cocos-creator/PlaneFight/assets/Scripts/EnemyBox.ts.
11:28:42.171 debug: Target(preview) ends with cost 40.71650000009686ms.
11:29:00.383 debug: Dispatch build request for time accumulated 1 asset changes.
11:29:00.384 debug: Build iteration starts.
Number of accumulated asset changes: 1
Feature changed: false
11:29:00.385 debug: Target(editor) build started.
11:29:00.386 debug: Detected change: cce:/internal/x/prerequisite-imports. Last mtime: Thu Jan 01 1970 09:38:39 GMT+0800 (中国标准时间), Current mtime: Thu Jan 01 1970 09:38:57 GMT+0800 (中国标准时间)
11:29:00.386 debug: Inspect cce:/internal/x/prerequisite-imports
11:29:00.392 debug: transform url: 'cce:/internal/x/prerequisite-imports' costs: 5.90 ms
11:29:00.393 debug: Resolve file:///Applications/Cocos/Creator/3.8.6/CocosCreator.app/Contents/Resources/resources/3d/engine/editor/assets/default_renderpipeline/builtin-dof-pass.ts from cce:/internal/x/prerequisite-imports as file:///Applications/Cocos/Creator/3.8.6/CocosCreator.app/Contents/Resources/resources/3d/engine/editor/assets/default_renderpipeline/builtin-dof-pass.ts.
11:29:00.393 debug: Resolve file:///Applications/Cocos/Creator/3.8.6/CocosCreator.app/Contents/Resources/resources/3d/engine/editor/assets/default_renderpipeline/builtin-pipeline-pass.ts from cce:/internal/x/prerequisite-imports as file:///Applications/Cocos/Creator/3.8.6/CocosCreator.app/Contents/Resources/resources/3d/engine/editor/assets/default_renderpipeline/builtin-pipeline-pass.ts.
11:29:00.393 debug: Resolve file:///Applications/Cocos/Creator/3.8.6/CocosCreator.app/Contents/Resources/resources/3d/engine/editor/assets/default_renderpipeline/builtin-pipeline-settings.ts from cce:/internal/x/prerequisite-imports as file:///Applications/Cocos/Creator/3.8.6/CocosCreator.app/Contents/Resources/resources/3d/engine/editor/assets/default_renderpipeline/builtin-pipeline-settings.ts.
11:29:00.393 debug: Resolve file:///Applications/Cocos/Creator/3.8.6/CocosCreator.app/Contents/Resources/resources/3d/engine/editor/assets/default_renderpipeline/builtin-pipeline-types.ts from cce:/internal/x/prerequisite-imports as file:///Applications/Cocos/Creator/3.8.6/CocosCreator.app/Contents/Resources/resources/3d/engine/editor/assets/default_renderpipeline/builtin-pipeline-types.ts.
11:29:00.393 debug: Resolve file:///Applications/Cocos/Creator/3.8.6/CocosCreator.app/Contents/Resources/resources/3d/engine/editor/assets/default_renderpipeline/builtin-pipeline.ts from cce:/internal/x/prerequisite-imports as file:///Applications/Cocos/Creator/3.8.6/CocosCreator.app/Contents/Resources/resources/3d/engine/editor/assets/default_renderpipeline/builtin-pipeline.ts.
11:29:00.393 debug: Resolve file:///Applications/Cocos/Creator/3.8.6/CocosCreator.app/Contents/Resources/resources/3d/engine/editor/assets/tools/debug-view-runtime-control.ts from cce:/internal/x/prerequisite-imports as file:///Applications/Cocos/Creator/3.8.6/CocosCreator.app/Contents/Resources/resources/3d/engine/editor/assets/tools/debug-view-runtime-control.ts.
11:29:00.393 debug: Resolve file:///Users/zhao/Desktop/test/cocos-creator/PlaneFight/assets/Scripts/BgBox.ts from cce:/internal/x/prerequisite-imports as file:///Users/zhao/Desktop/test/cocos-creator/PlaneFight/assets/Scripts/BgBox.ts.
11:29:00.393 debug: Resolve file:///Users/zhao/Desktop/test/cocos-creator/PlaneFight/assets/Scripts/Enemy.ts from cce:/internal/x/prerequisite-imports as file:///Users/zhao/Desktop/test/cocos-creator/PlaneFight/assets/Scripts/Enemy.ts.
11:29:00.393 debug: Resolve file:///Users/zhao/Desktop/test/cocos-creator/PlaneFight/assets/Scripts/EnemyBox.ts from cce:/internal/x/prerequisite-imports as file:///Users/zhao/Desktop/test/cocos-creator/PlaneFight/assets/Scripts/EnemyBox.ts.
11:29:00.393 debug: Resolve file:///Users/zhao/Desktop/test/cocos-creator/PlaneFight/assets/Scripts/GameManager.ts from cce:/internal/x/prerequisite-imports as file:///Users/zhao/Desktop/test/cocos-creator/PlaneFight/assets/Scripts/GameManager.ts.
11:29:00.393 debug: Detected change: file:///Users/zhao/Desktop/test/cocos-creator/PlaneFight/assets/Scripts/GameManager.ts. Last mtime: Fri Jul 18 2025 11:28:25 GMT+0800 (中国标准时间)@04b8d335-2cbf-453a-9fb4-20b7d50b6131, Current mtime: Fri Jul 18 2025 11:28:53 GMT+0800 (中国标准时间)@04b8d335-2cbf-453a-9fb4-20b7d50b6131
11:29:00.393 debug: Inspect file:///Users/zhao/Desktop/test/cocos-creator/PlaneFight/assets/Scripts/GameManager.ts
11:29:00.401 debug: transform url: 'file:///Users/zhao/Desktop/test/cocos-creator/PlaneFight/assets/Scripts/GameManager.ts' costs: 7.50 ms
11:29:00.401 debug: Resolve cce:/internal/code-quality/cr.mjs from file:///Users/zhao/Desktop/test/cocos-creator/PlaneFight/assets/Scripts/GameManager.ts as cce:/internal/code-quality/cr.mjs.
11:29:00.401 debug: Resolve cc from file:///Users/zhao/Desktop/test/cocos-creator/PlaneFight/assets/Scripts/GameManager.ts as cce:/internal/x/cc.
11:29:00.401 debug: Resolve cc from file:///Users/zhao/Desktop/test/cocos-creator/PlaneFight/assets/Scripts/GameManager.ts as cce:/internal/x/cc.
11:29:00.401 debug: Resolve cc from file:///Users/zhao/Desktop/test/cocos-creator/PlaneFight/assets/Scripts/GameManager.ts as cce:/internal/x/cc.
11:29:00.401 debug: Resolve ./EnemyBox from file:///Users/zhao/Desktop/test/cocos-creator/PlaneFight/assets/Scripts/GameManager.ts as file:///Users/zhao/Desktop/test/cocos-creator/PlaneFight/assets/Scripts/EnemyBox.ts.
11:29:00.407 debug: Target(editor) ends with cost 22.117125000804663ms.
11:29:00.407 debug: Target(preview) build started.
11:29:00.410 debug: Detected change: cce:/internal/x/prerequisite-imports. Last mtime: Thu Jan 01 1970 09:38:39 GMT+0800 (中国标准时间), Current mtime: Thu Jan 01 1970 09:38:57 GMT+0800 (中国标准时间)
11:29:00.410 debug: Inspect cce:/internal/x/prerequisite-imports
11:29:00.414 debug: transform url: 'cce:/internal/x/prerequisite-imports' costs: 3.40 ms
11:29:00.414 debug: Resolve file:///Applications/Cocos/Creator/3.8.6/CocosCreator.app/Contents/Resources/resources/3d/engine/editor/assets/default_renderpipeline/builtin-dof-pass.ts from cce:/internal/x/prerequisite-imports as file:///Applications/Cocos/Creator/3.8.6/CocosCreator.app/Contents/Resources/resources/3d/engine/editor/assets/default_renderpipeline/builtin-dof-pass.ts.
11:29:00.414 debug: Resolve file:///Applications/Cocos/Creator/3.8.6/CocosCreator.app/Contents/Resources/resources/3d/engine/editor/assets/default_renderpipeline/builtin-pipeline-pass.ts from cce:/internal/x/prerequisite-imports as file:///Applications/Cocos/Creator/3.8.6/CocosCreator.app/Contents/Resources/resources/3d/engine/editor/assets/default_renderpipeline/builtin-pipeline-pass.ts.
11:29:00.414 debug: Resolve file:///Applications/Cocos/Creator/3.8.6/CocosCreator.app/Contents/Resources/resources/3d/engine/editor/assets/default_renderpipeline/builtin-pipeline-settings.ts from cce:/internal/x/prerequisite-imports as file:///Applications/Cocos/Creator/3.8.6/CocosCreator.app/Contents/Resources/resources/3d/engine/editor/assets/default_renderpipeline/builtin-pipeline-settings.ts.
11:29:00.414 debug: Resolve file:///Applications/Cocos/Creator/3.8.6/CocosCreator.app/Contents/Resources/resources/3d/engine/editor/assets/default_renderpipeline/builtin-pipeline-types.ts from cce:/internal/x/prerequisite-imports as file:///Applications/Cocos/Creator/3.8.6/CocosCreator.app/Contents/Resources/resources/3d/engine/editor/assets/default_renderpipeline/builtin-pipeline-types.ts.
11:29:00.414 debug: Resolve file:///Applications/Cocos/Creator/3.8.6/CocosCreator.app/Contents/Resources/resources/3d/engine/editor/assets/default_renderpipeline/builtin-pipeline.ts from cce:/internal/x/prerequisite-imports as file:///Applications/Cocos/Creator/3.8.6/CocosCreator.app/Contents/Resources/resources/3d/engine/editor/assets/default_renderpipeline/builtin-pipeline.ts.
11:29:00.414 debug: Resolve file:///Applications/Cocos/Creator/3.8.6/CocosCreator.app/Contents/Resources/resources/3d/engine/editor/assets/tools/debug-view-runtime-control.ts from cce:/internal/x/prerequisite-imports as file:///Applications/Cocos/Creator/3.8.6/CocosCreator.app/Contents/Resources/resources/3d/engine/editor/assets/tools/debug-view-runtime-control.ts.
11:29:00.414 debug: Resolve file:///Users/zhao/Desktop/test/cocos-creator/PlaneFight/assets/Scripts/BgBox.ts from cce:/internal/x/prerequisite-imports as file:///Users/zhao/Desktop/test/cocos-creator/PlaneFight/assets/Scripts/BgBox.ts.
11:29:00.414 debug: Resolve file:///Users/zhao/Desktop/test/cocos-creator/PlaneFight/assets/Scripts/Enemy.ts from cce:/internal/x/prerequisite-imports as file:///Users/zhao/Desktop/test/cocos-creator/PlaneFight/assets/Scripts/Enemy.ts.
11:29:00.414 debug: Resolve file:///Users/zhao/Desktop/test/cocos-creator/PlaneFight/assets/Scripts/EnemyBox.ts from cce:/internal/x/prerequisite-imports as file:///Users/zhao/Desktop/test/cocos-creator/PlaneFight/assets/Scripts/EnemyBox.ts.
11:29:00.414 debug: Resolve file:///Users/zhao/Desktop/test/cocos-creator/PlaneFight/assets/Scripts/GameManager.ts from cce:/internal/x/prerequisite-imports as file:///Users/zhao/Desktop/test/cocos-creator/PlaneFight/assets/Scripts/GameManager.ts.
11:29:00.414 debug: Detected change: file:///Users/zhao/Desktop/test/cocos-creator/PlaneFight/assets/Scripts/GameManager.ts. Last mtime: Fri Jul 18 2025 11:28:25 GMT+0800 (中国标准时间)@04b8d335-2cbf-453a-9fb4-20b7d50b6131, Current mtime: Fri Jul 18 2025 11:28:53 GMT+0800 (中国标准时间)@04b8d335-2cbf-453a-9fb4-20b7d50b6131
11:29:00.414 debug: Inspect file:///Users/zhao/Desktop/test/cocos-creator/PlaneFight/assets/Scripts/GameManager.ts
11:29:00.421 debug: transform url: 'file:///Users/zhao/Desktop/test/cocos-creator/PlaneFight/assets/Scripts/GameManager.ts' costs: 6.90 ms
11:29:00.422 debug: Resolve cce:/internal/code-quality/cr.mjs from file:///Users/zhao/Desktop/test/cocos-creator/PlaneFight/assets/Scripts/GameManager.ts as cce:/internal/code-quality/cr.mjs.
11:29:00.422 debug: Resolve cc from file:///Users/zhao/Desktop/test/cocos-creator/PlaneFight/assets/Scripts/GameManager.ts as cce:/internal/x/cc.
11:29:00.422 debug: Resolve cc from file:///Users/zhao/Desktop/test/cocos-creator/PlaneFight/assets/Scripts/GameManager.ts as cce:/internal/x/cc.
11:29:00.422 debug: Resolve cc from file:///Users/zhao/Desktop/test/cocos-creator/PlaneFight/assets/Scripts/GameManager.ts as cce:/internal/x/cc.
11:29:00.422 debug: Resolve ./EnemyBox from file:///Users/zhao/Desktop/test/cocos-creator/PlaneFight/assets/Scripts/GameManager.ts as file:///Users/zhao/Desktop/test/cocos-creator/PlaneFight/assets/Scripts/EnemyBox.ts.
11:29:00.425 debug: Target(preview) ends with cost 18.29870899952948ms.
11:29:17.868 debug: Dispatch build request for time accumulated 1 asset changes.
11:29:17.869 debug: Build iteration starts.
Number of accumulated asset changes: 1
Feature changed: false
11:29:17.869 debug: Target(editor) build started.
11:29:17.870 debug: Detected change: cce:/internal/x/prerequisite-imports. Last mtime: Thu Jan 01 1970 09:38:57 GMT+0800 (中国标准时间), Current mtime: Thu Jan 01 1970 09:39:14 GMT+0800 (中国标准时间)
11:29:17.870 debug: Inspect cce:/internal/x/prerequisite-imports
11:29:17.874 debug: transform url: 'cce:/internal/x/prerequisite-imports' costs: 4.00 ms
11:29:17.875 debug: Resolve file:///Applications/Cocos/Creator/3.8.6/CocosCreator.app/Contents/Resources/resources/3d/engine/editor/assets/default_renderpipeline/builtin-dof-pass.ts from cce:/internal/x/prerequisite-imports as file:///Applications/Cocos/Creator/3.8.6/CocosCreator.app/Contents/Resources/resources/3d/engine/editor/assets/default_renderpipeline/builtin-dof-pass.ts.
11:29:17.875 debug: Resolve file:///Applications/Cocos/Creator/3.8.6/CocosCreator.app/Contents/Resources/resources/3d/engine/editor/assets/default_renderpipeline/builtin-pipeline-pass.ts from cce:/internal/x/prerequisite-imports as file:///Applications/Cocos/Creator/3.8.6/CocosCreator.app/Contents/Resources/resources/3d/engine/editor/assets/default_renderpipeline/builtin-pipeline-pass.ts.
11:29:17.875 debug: Resolve file:///Applications/Cocos/Creator/3.8.6/CocosCreator.app/Contents/Resources/resources/3d/engine/editor/assets/default_renderpipeline/builtin-pipeline-settings.ts from cce:/internal/x/prerequisite-imports as file:///Applications/Cocos/Creator/3.8.6/CocosCreator.app/Contents/Resources/resources/3d/engine/editor/assets/default_renderpipeline/builtin-pipeline-settings.ts.
11:29:17.875 debug: Resolve file:///Applications/Cocos/Creator/3.8.6/CocosCreator.app/Contents/Resources/resources/3d/engine/editor/assets/default_renderpipeline/builtin-pipeline-types.ts from cce:/internal/x/prerequisite-imports as file:///Applications/Cocos/Creator/3.8.6/CocosCreator.app/Contents/Resources/resources/3d/engine/editor/assets/default_renderpipeline/builtin-pipeline-types.ts.
11:29:17.875 debug: Resolve file:///Applications/Cocos/Creator/3.8.6/CocosCreator.app/Contents/Resources/resources/3d/engine/editor/assets/default_renderpipeline/builtin-pipeline.ts from cce:/internal/x/prerequisite-imports as file:///Applications/Cocos/Creator/3.8.6/CocosCreator.app/Contents/Resources/resources/3d/engine/editor/assets/default_renderpipeline/builtin-pipeline.ts.
11:29:17.875 debug: Resolve file:///Applications/Cocos/Creator/3.8.6/CocosCreator.app/Contents/Resources/resources/3d/engine/editor/assets/tools/debug-view-runtime-control.ts from cce:/internal/x/prerequisite-imports as file:///Applications/Cocos/Creator/3.8.6/CocosCreator.app/Contents/Resources/resources/3d/engine/editor/assets/tools/debug-view-runtime-control.ts.
11:29:17.875 debug: Resolve file:///Users/zhao/Desktop/test/cocos-creator/PlaneFight/assets/Scripts/BgBox.ts from cce:/internal/x/prerequisite-imports as file:///Users/zhao/Desktop/test/cocos-creator/PlaneFight/assets/Scripts/BgBox.ts.
11:29:17.875 debug: Resolve file:///Users/zhao/Desktop/test/cocos-creator/PlaneFight/assets/Scripts/Enemy.ts from cce:/internal/x/prerequisite-imports as file:///Users/zhao/Desktop/test/cocos-creator/PlaneFight/assets/Scripts/Enemy.ts.
11:29:17.875 debug: Resolve file:///Users/zhao/Desktop/test/cocos-creator/PlaneFight/assets/Scripts/EnemyBox.ts from cce:/internal/x/prerequisite-imports as file:///Users/zhao/Desktop/test/cocos-creator/PlaneFight/assets/Scripts/EnemyBox.ts.
11:29:17.875 debug: Detected change: file:///Users/zhao/Desktop/test/cocos-creator/PlaneFight/assets/Scripts/EnemyBox.ts. Last mtime: Fri Jul 18 2025 11:28:41 GMT+0800 (中国标准时间)@92db9fc8-3289-4a05-8403-d965f95f1cfc, Current mtime: Fri Jul 18 2025 11:29:17 GMT+0800 (中国标准时间)@92db9fc8-3289-4a05-8403-d965f95f1cfc
11:29:17.875 debug: Inspect file:///Users/zhao/Desktop/test/cocos-creator/PlaneFight/assets/Scripts/EnemyBox.ts
11:29:17.885 debug: transform url: 'file:///Users/zhao/Desktop/test/cocos-creator/PlaneFight/assets/Scripts/EnemyBox.ts' costs: 10.20 ms
11:29:17.887 debug: Resolve file:///Users/zhao/Desktop/test/cocos-creator/PlaneFight/assets/Scripts/GameManager.ts from cce:/internal/x/prerequisite-imports as file:///Users/zhao/Desktop/test/cocos-creator/PlaneFight/assets/Scripts/GameManager.ts.
11:29:17.887 debug: Resolve cc from file:///Users/zhao/Desktop/test/cocos-creator/PlaneFight/assets/Scripts/EnemyBox.ts as cce:/internal/x/cc.
11:29:17.887 debug: Resolve cc from file:///Users/zhao/Desktop/test/cocos-creator/PlaneFight/assets/Scripts/EnemyBox.ts as cce:/internal/x/cc.
11:29:17.887 debug: Resolve cc from file:///Users/zhao/Desktop/test/cocos-creator/PlaneFight/assets/Scripts/EnemyBox.ts as cce:/internal/x/cc.
11:29:17.889 debug: Target(editor) ends with cost 19.71262500062585ms.
11:29:17.889 debug: Target(preview) build started.
11:29:17.890 debug: Detected change: cce:/internal/x/prerequisite-imports. Last mtime: Thu Jan 01 1970 09:38:57 GMT+0800 (中国标准时间), Current mtime: Thu Jan 01 1970 09:39:15 GMT+0800 (中国标准时间)
11:29:17.890 debug: Inspect cce:/internal/x/prerequisite-imports
11:29:17.894 debug: transform url: 'cce:/internal/x/prerequisite-imports' costs: 3.50 ms
11:29:17.894 debug: Resolve file:///Applications/Cocos/Creator/3.8.6/CocosCreator.app/Contents/Resources/resources/3d/engine/editor/assets/default_renderpipeline/builtin-dof-pass.ts from cce:/internal/x/prerequisite-imports as file:///Applications/Cocos/Creator/3.8.6/CocosCreator.app/Contents/Resources/resources/3d/engine/editor/assets/default_renderpipeline/builtin-dof-pass.ts.
11:29:17.894 debug: Resolve file:///Applications/Cocos/Creator/3.8.6/CocosCreator.app/Contents/Resources/resources/3d/engine/editor/assets/default_renderpipeline/builtin-pipeline-pass.ts from cce:/internal/x/prerequisite-imports as file:///Applications/Cocos/Creator/3.8.6/CocosCreator.app/Contents/Resources/resources/3d/engine/editor/assets/default_renderpipeline/builtin-pipeline-pass.ts.
11:29:17.894 debug: Resolve file:///Applications/Cocos/Creator/3.8.6/CocosCreator.app/Contents/Resources/resources/3d/engine/editor/assets/default_renderpipeline/builtin-pipeline-settings.ts from cce:/internal/x/prerequisite-imports as file:///Applications/Cocos/Creator/3.8.6/CocosCreator.app/Contents/Resources/resources/3d/engine/editor/assets/default_renderpipeline/builtin-pipeline-settings.ts.
11:29:17.894 debug: Resolve file:///Applications/Cocos/Creator/3.8.6/CocosCreator.app/Contents/Resources/resources/3d/engine/editor/assets/default_renderpipeline/builtin-pipeline-types.ts from cce:/internal/x/prerequisite-imports as file:///Applications/Cocos/Creator/3.8.6/CocosCreator.app/Contents/Resources/resources/3d/engine/editor/assets/default_renderpipeline/builtin-pipeline-types.ts.
11:29:17.895 debug: Resolve file:///Applications/Cocos/Creator/3.8.6/CocosCreator.app/Contents/Resources/resources/3d/engine/editor/assets/default_renderpipeline/builtin-pipeline.ts from cce:/internal/x/prerequisite-imports as file:///Applications/Cocos/Creator/3.8.6/CocosCreator.app/Contents/Resources/resources/3d/engine/editor/assets/default_renderpipeline/builtin-pipeline.ts.
11:29:17.895 debug: Resolve file:///Applications/Cocos/Creator/3.8.6/CocosCreator.app/Contents/Resources/resources/3d/engine/editor/assets/tools/debug-view-runtime-control.ts from cce:/internal/x/prerequisite-imports as file:///Applications/Cocos/Creator/3.8.6/CocosCreator.app/Contents/Resources/resources/3d/engine/editor/assets/tools/debug-view-runtime-control.ts.
11:29:17.895 debug: Resolve file:///Users/zhao/Desktop/test/cocos-creator/PlaneFight/assets/Scripts/BgBox.ts from cce:/internal/x/prerequisite-imports as file:///Users/zhao/Desktop/test/cocos-creator/PlaneFight/assets/Scripts/BgBox.ts.
11:29:17.895 debug: Resolve file:///Users/zhao/Desktop/test/cocos-creator/PlaneFight/assets/Scripts/Enemy.ts from cce:/internal/x/prerequisite-imports as file:///Users/zhao/Desktop/test/cocos-creator/PlaneFight/assets/Scripts/Enemy.ts.
11:29:17.895 debug: Resolve file:///Users/zhao/Desktop/test/cocos-creator/PlaneFight/assets/Scripts/EnemyBox.ts from cce:/internal/x/prerequisite-imports as file:///Users/zhao/Desktop/test/cocos-creator/PlaneFight/assets/Scripts/EnemyBox.ts.
11:29:17.895 debug: Detected change: file:///Users/zhao/Desktop/test/cocos-creator/PlaneFight/assets/Scripts/EnemyBox.ts. Last mtime: Fri Jul 18 2025 11:28:41 GMT+0800 (中国标准时间)@92db9fc8-3289-4a05-8403-d965f95f1cfc, Current mtime: Fri Jul 18 2025 11:29:17 GMT+0800 (中国标准时间)@92db9fc8-3289-4a05-8403-d965f95f1cfc
11:29:17.895 debug: Inspect file:///Users/zhao/Desktop/test/cocos-creator/PlaneFight/assets/Scripts/EnemyBox.ts
11:29:17.906 debug: transform url: 'file:///Users/zhao/Desktop/test/cocos-creator/PlaneFight/assets/Scripts/EnemyBox.ts' costs: 10.90 ms
11:29:17.906 debug: Resolve file:///Users/zhao/Desktop/test/cocos-creator/PlaneFight/assets/Scripts/GameManager.ts from cce:/internal/x/prerequisite-imports as file:///Users/zhao/Desktop/test/cocos-creator/PlaneFight/assets/Scripts/GameManager.ts.
11:29:17.906 debug: Resolve cc from file:///Users/zhao/Desktop/test/cocos-creator/PlaneFight/assets/Scripts/EnemyBox.ts as cce:/internal/x/cc.
11:29:17.906 debug: Resolve cc from file:///Users/zhao/Desktop/test/cocos-creator/PlaneFight/assets/Scripts/EnemyBox.ts as cce:/internal/x/cc.
11:29:17.906 debug: Resolve cc from file:///Users/zhao/Desktop/test/cocos-creator/PlaneFight/assets/Scripts/EnemyBox.ts as cce:/internal/x/cc.
11:29:17.918 debug: Target(preview) ends with cost 28.85424999985844ms.
11:30:30.873 debug: Dispatch build request for time accumulated 1 asset changes.
11:30:30.874 debug: Build iteration starts.
Number of accumulated asset changes: 1
Feature changed: false
11:30:30.874 debug: Target(editor) build started.
11:30:30.876 debug: Detected change: cce:/internal/x/prerequisite-imports. Last mtime: Thu Jan 01 1970 09:39:14 GMT+0800 (中国标准时间), Current mtime: Thu Jan 01 1970 09:40:27 GMT+0800 (中国标准时间)
11:30:30.876 debug: Inspect cce:/internal/x/prerequisite-imports
11:30:30.881 debug: transform url: 'cce:/internal/x/prerequisite-imports' costs: 5.30 ms
11:30:30.882 debug: Resolve file:///Applications/Cocos/Creator/3.8.6/CocosCreator.app/Contents/Resources/resources/3d/engine/editor/assets/default_renderpipeline/builtin-dof-pass.ts from cce:/internal/x/prerequisite-imports as file:///Applications/Cocos/Creator/3.8.6/CocosCreator.app/Contents/Resources/resources/3d/engine/editor/assets/default_renderpipeline/builtin-dof-pass.ts.
11:30:30.882 debug: Resolve file:///Applications/Cocos/Creator/3.8.6/CocosCreator.app/Contents/Resources/resources/3d/engine/editor/assets/default_renderpipeline/builtin-pipeline-pass.ts from cce:/internal/x/prerequisite-imports as file:///Applications/Cocos/Creator/3.8.6/CocosCreator.app/Contents/Resources/resources/3d/engine/editor/assets/default_renderpipeline/builtin-pipeline-pass.ts.
11:30:30.882 debug: Resolve file:///Applications/Cocos/Creator/3.8.6/CocosCreator.app/Contents/Resources/resources/3d/engine/editor/assets/default_renderpipeline/builtin-pipeline-settings.ts from cce:/internal/x/prerequisite-imports as file:///Applications/Cocos/Creator/3.8.6/CocosCreator.app/Contents/Resources/resources/3d/engine/editor/assets/default_renderpipeline/builtin-pipeline-settings.ts.
11:30:30.882 debug: Resolve file:///Applications/Cocos/Creator/3.8.6/CocosCreator.app/Contents/Resources/resources/3d/engine/editor/assets/default_renderpipeline/builtin-pipeline-types.ts from cce:/internal/x/prerequisite-imports as file:///Applications/Cocos/Creator/3.8.6/CocosCreator.app/Contents/Resources/resources/3d/engine/editor/assets/default_renderpipeline/builtin-pipeline-types.ts.
11:30:30.882 debug: Resolve file:///Applications/Cocos/Creator/3.8.6/CocosCreator.app/Contents/Resources/resources/3d/engine/editor/assets/default_renderpipeline/builtin-pipeline.ts from cce:/internal/x/prerequisite-imports as file:///Applications/Cocos/Creator/3.8.6/CocosCreator.app/Contents/Resources/resources/3d/engine/editor/assets/default_renderpipeline/builtin-pipeline.ts.
11:30:30.882 debug: Resolve file:///Applications/Cocos/Creator/3.8.6/CocosCreator.app/Contents/Resources/resources/3d/engine/editor/assets/tools/debug-view-runtime-control.ts from cce:/internal/x/prerequisite-imports as file:///Applications/Cocos/Creator/3.8.6/CocosCreator.app/Contents/Resources/resources/3d/engine/editor/assets/tools/debug-view-runtime-control.ts.
11:30:30.883 debug: Resolve file:///Users/zhao/Desktop/test/cocos-creator/PlaneFight/assets/Scripts/BgBox.ts from cce:/internal/x/prerequisite-imports as file:///Users/zhao/Desktop/test/cocos-creator/PlaneFight/assets/Scripts/BgBox.ts.
11:30:30.883 debug: Resolve file:///Users/zhao/Desktop/test/cocos-creator/PlaneFight/assets/Scripts/Enemy.ts from cce:/internal/x/prerequisite-imports as file:///Users/zhao/Desktop/test/cocos-creator/PlaneFight/assets/Scripts/Enemy.ts.
11:30:30.883 debug: Resolve file:///Users/zhao/Desktop/test/cocos-creator/PlaneFight/assets/Scripts/EnemyBox.ts from cce:/internal/x/prerequisite-imports as file:///Users/zhao/Desktop/test/cocos-creator/PlaneFight/assets/Scripts/EnemyBox.ts.
11:30:30.883 debug: Detected change: file:///Users/zhao/Desktop/test/cocos-creator/PlaneFight/assets/Scripts/EnemyBox.ts. Last mtime: Fri Jul 18 2025 11:29:17 GMT+0800 (中国标准时间)@92db9fc8-3289-4a05-8403-d965f95f1cfc, Current mtime: Fri Jul 18 2025 11:30:29 GMT+0800 (中国标准时间)@92db9fc8-3289-4a05-8403-d965f95f1cfc
11:30:30.883 debug: Inspect file:///Users/zhao/Desktop/test/cocos-creator/PlaneFight/assets/Scripts/EnemyBox.ts
11:30:30.893 debug: transform url: 'file:///Users/zhao/Desktop/test/cocos-creator/PlaneFight/assets/Scripts/EnemyBox.ts' costs: 10.30 ms
11:30:30.894 debug: Resolve file:///Users/zhao/Desktop/test/cocos-creator/PlaneFight/assets/Scripts/GameManager.ts from cce:/internal/x/prerequisite-imports as file:///Users/zhao/Desktop/test/cocos-creator/PlaneFight/assets/Scripts/GameManager.ts.
11:30:30.894 debug: Resolve cc from file:///Users/zhao/Desktop/test/cocos-creator/PlaneFight/assets/Scripts/EnemyBox.ts as cce:/internal/x/cc.
11:30:30.894 debug: Resolve cc from file:///Users/zhao/Desktop/test/cocos-creator/PlaneFight/assets/Scripts/EnemyBox.ts as cce:/internal/x/cc.
11:30:30.894 debug: Resolve cc from file:///Users/zhao/Desktop/test/cocos-creator/PlaneFight/assets/Scripts/EnemyBox.ts as cce:/internal/x/cc.
11:30:30.896 debug: Target(editor) ends with cost 22.200250000692904ms.
11:30:30.897 debug: Target(preview) build started.
11:30:30.898 debug: Detected change: cce:/internal/x/prerequisite-imports. Last mtime: Thu Jan 01 1970 09:39:15 GMT+0800 (中国标准时间), Current mtime: Thu Jan 01 1970 09:40:28 GMT+0800 (中国标准时间)
11:30:30.898 debug: Inspect cce:/internal/x/prerequisite-imports
11:30:30.901 debug: transform url: 'cce:/internal/x/prerequisite-imports' costs: 3.10 ms
11:30:30.902 debug: Resolve file:///Applications/Cocos/Creator/3.8.6/CocosCreator.app/Contents/Resources/resources/3d/engine/editor/assets/default_renderpipeline/builtin-dof-pass.ts from cce:/internal/x/prerequisite-imports as file:///Applications/Cocos/Creator/3.8.6/CocosCreator.app/Contents/Resources/resources/3d/engine/editor/assets/default_renderpipeline/builtin-dof-pass.ts.
11:30:30.902 debug: Resolve file:///Applications/Cocos/Creator/3.8.6/CocosCreator.app/Contents/Resources/resources/3d/engine/editor/assets/default_renderpipeline/builtin-pipeline-pass.ts from cce:/internal/x/prerequisite-imports as file:///Applications/Cocos/Creator/3.8.6/CocosCreator.app/Contents/Resources/resources/3d/engine/editor/assets/default_renderpipeline/builtin-pipeline-pass.ts.
11:30:30.902 debug: Resolve file:///Applications/Cocos/Creator/3.8.6/CocosCreator.app/Contents/Resources/resources/3d/engine/editor/assets/default_renderpipeline/builtin-pipeline-settings.ts from cce:/internal/x/prerequisite-imports as file:///Applications/Cocos/Creator/3.8.6/CocosCreator.app/Contents/Resources/resources/3d/engine/editor/assets/default_renderpipeline/builtin-pipeline-settings.ts.
11:30:30.902 debug: Resolve file:///Applications/Cocos/Creator/3.8.6/CocosCreator.app/Contents/Resources/resources/3d/engine/editor/assets/default_renderpipeline/builtin-pipeline-types.ts from cce:/internal/x/prerequisite-imports as file:///Applications/Cocos/Creator/3.8.6/CocosCreator.app/Contents/Resources/resources/3d/engine/editor/assets/default_renderpipeline/builtin-pipeline-types.ts.
11:30:30.902 debug: Resolve file:///Applications/Cocos/Creator/3.8.6/CocosCreator.app/Contents/Resources/resources/3d/engine/editor/assets/default_renderpipeline/builtin-pipeline.ts from cce:/internal/x/prerequisite-imports as file:///Applications/Cocos/Creator/3.8.6/CocosCreator.app/Contents/Resources/resources/3d/engine/editor/assets/default_renderpipeline/builtin-pipeline.ts.
11:30:30.902 debug: Resolve file:///Applications/Cocos/Creator/3.8.6/CocosCreator.app/Contents/Resources/resources/3d/engine/editor/assets/tools/debug-view-runtime-control.ts from cce:/internal/x/prerequisite-imports as file:///Applications/Cocos/Creator/3.8.6/CocosCreator.app/Contents/Resources/resources/3d/engine/editor/assets/tools/debug-view-runtime-control.ts.
11:30:30.902 debug: Resolve file:///Users/zhao/Desktop/test/cocos-creator/PlaneFight/assets/Scripts/BgBox.ts from cce:/internal/x/prerequisite-imports as file:///Users/zhao/Desktop/test/cocos-creator/PlaneFight/assets/Scripts/BgBox.ts.
11:30:30.902 debug: Resolve file:///Users/zhao/Desktop/test/cocos-creator/PlaneFight/assets/Scripts/Enemy.ts from cce:/internal/x/prerequisite-imports as file:///Users/zhao/Desktop/test/cocos-creator/PlaneFight/assets/Scripts/Enemy.ts.
11:30:30.902 debug: Resolve file:///Users/zhao/Desktop/test/cocos-creator/PlaneFight/assets/Scripts/EnemyBox.ts from cce:/internal/x/prerequisite-imports as file:///Users/zhao/Desktop/test/cocos-creator/PlaneFight/assets/Scripts/EnemyBox.ts.
11:30:30.902 debug: Detected change: file:///Users/zhao/Desktop/test/cocos-creator/PlaneFight/assets/Scripts/EnemyBox.ts. Last mtime: Fri Jul 18 2025 11:29:17 GMT+0800 (中国标准时间)@92db9fc8-3289-4a05-8403-d965f95f1cfc, Current mtime: Fri Jul 18 2025 11:30:29 GMT+0800 (中国标准时间)@92db9fc8-3289-4a05-8403-d965f95f1cfc
11:30:30.902 debug: Inspect file:///Users/zhao/Desktop/test/cocos-creator/PlaneFight/assets/Scripts/EnemyBox.ts
11:30:30.915 debug: transform url: 'file:///Users/zhao/Desktop/test/cocos-creator/PlaneFight/assets/Scripts/EnemyBox.ts' costs: 12.20 ms
11:30:30.915 debug: Resolve file:///Users/zhao/Desktop/test/cocos-creator/PlaneFight/assets/Scripts/GameManager.ts from cce:/internal/x/prerequisite-imports as file:///Users/zhao/Desktop/test/cocos-creator/PlaneFight/assets/Scripts/GameManager.ts.
11:30:30.916 debug: Resolve cc from file:///Users/zhao/Desktop/test/cocos-creator/PlaneFight/assets/Scripts/EnemyBox.ts as cce:/internal/x/cc.
11:30:30.916 debug: Resolve cc from file:///Users/zhao/Desktop/test/cocos-creator/PlaneFight/assets/Scripts/EnemyBox.ts as cce:/internal/x/cc.
11:30:30.916 debug: Resolve cc from file:///Users/zhao/Desktop/test/cocos-creator/PlaneFight/assets/Scripts/EnemyBox.ts as cce:/internal/x/cc.
11:30:30.918 debug: Target(preview) ends with cost 21.556374999694526ms.
11:30:52.943 debug: Dispatch build request for time accumulated 1 asset changes.
11:30:52.943 debug: Build iteration starts.
Number of accumulated asset changes: 1
Feature changed: false
11:30:52.944 debug: Target(editor) build started.
11:30:52.945 debug: Detected change: cce:/internal/x/prerequisite-imports. Last mtime: Thu Jan 01 1970 09:40:27 GMT+0800 (中国标准时间), Current mtime: Thu Jan 01 1970 09:40:50 GMT+0800 (中国标准时间)
11:30:52.945 debug: Inspect cce:/internal/x/prerequisite-imports
11:30:52.949 debug: transform url: 'cce:/internal/x/prerequisite-imports' costs: 4.00 ms
11:30:52.949 debug: Resolve file:///Applications/Cocos/Creator/3.8.6/CocosCreator.app/Contents/Resources/resources/3d/engine/editor/assets/default_renderpipeline/builtin-dof-pass.ts from cce:/internal/x/prerequisite-imports as file:///Applications/Cocos/Creator/3.8.6/CocosCreator.app/Contents/Resources/resources/3d/engine/editor/assets/default_renderpipeline/builtin-dof-pass.ts.
11:30:52.949 debug: Resolve file:///Applications/Cocos/Creator/3.8.6/CocosCreator.app/Contents/Resources/resources/3d/engine/editor/assets/default_renderpipeline/builtin-pipeline-pass.ts from cce:/internal/x/prerequisite-imports as file:///Applications/Cocos/Creator/3.8.6/CocosCreator.app/Contents/Resources/resources/3d/engine/editor/assets/default_renderpipeline/builtin-pipeline-pass.ts.
11:30:52.949 debug: Resolve file:///Applications/Cocos/Creator/3.8.6/CocosCreator.app/Contents/Resources/resources/3d/engine/editor/assets/default_renderpipeline/builtin-pipeline-settings.ts from cce:/internal/x/prerequisite-imports as file:///Applications/Cocos/Creator/3.8.6/CocosCreator.app/Contents/Resources/resources/3d/engine/editor/assets/default_renderpipeline/builtin-pipeline-settings.ts.
11:30:52.949 debug: Resolve file:///Applications/Cocos/Creator/3.8.6/CocosCreator.app/Contents/Resources/resources/3d/engine/editor/assets/default_renderpipeline/builtin-pipeline-types.ts from cce:/internal/x/prerequisite-imports as file:///Applications/Cocos/Creator/3.8.6/CocosCreator.app/Contents/Resources/resources/3d/engine/editor/assets/default_renderpipeline/builtin-pipeline-types.ts.
11:30:52.949 debug: Resolve file:///Applications/Cocos/Creator/3.8.6/CocosCreator.app/Contents/Resources/resources/3d/engine/editor/assets/default_renderpipeline/builtin-pipeline.ts from cce:/internal/x/prerequisite-imports as file:///Applications/Cocos/Creator/3.8.6/CocosCreator.app/Contents/Resources/resources/3d/engine/editor/assets/default_renderpipeline/builtin-pipeline.ts.
11:30:52.949 debug: Resolve file:///Applications/Cocos/Creator/3.8.6/CocosCreator.app/Contents/Resources/resources/3d/engine/editor/assets/tools/debug-view-runtime-control.ts from cce:/internal/x/prerequisite-imports as file:///Applications/Cocos/Creator/3.8.6/CocosCreator.app/Contents/Resources/resources/3d/engine/editor/assets/tools/debug-view-runtime-control.ts.
11:30:52.949 debug: Resolve file:///Users/zhao/Desktop/test/cocos-creator/PlaneFight/assets/Scripts/BgBox.ts from cce:/internal/x/prerequisite-imports as file:///Users/zhao/Desktop/test/cocos-creator/PlaneFight/assets/Scripts/BgBox.ts.
11:30:52.949 debug: Resolve file:///Users/zhao/Desktop/test/cocos-creator/PlaneFight/assets/Scripts/Enemy.ts from cce:/internal/x/prerequisite-imports as file:///Users/zhao/Desktop/test/cocos-creator/PlaneFight/assets/Scripts/Enemy.ts.
11:30:52.949 debug: Resolve file:///Users/zhao/Desktop/test/cocos-creator/PlaneFight/assets/Scripts/EnemyBox.ts from cce:/internal/x/prerequisite-imports as file:///Users/zhao/Desktop/test/cocos-creator/PlaneFight/assets/Scripts/EnemyBox.ts.
11:30:52.949 debug: Detected change: file:///Users/zhao/Desktop/test/cocos-creator/PlaneFight/assets/Scripts/EnemyBox.ts. Last mtime: Fri Jul 18 2025 11:30:29 GMT+0800 (中国标准时间)@92db9fc8-3289-4a05-8403-d965f95f1cfc, Current mtime: Fri Jul 18 2025 11:30:51 GMT+0800 (中国标准时间)@92db9fc8-3289-4a05-8403-d965f95f1cfc
11:30:52.949 debug: Inspect file:///Users/zhao/Desktop/test/cocos-creator/PlaneFight/assets/Scripts/EnemyBox.ts
11:30:52.959 debug: transform url: 'file:///Users/zhao/Desktop/test/cocos-creator/PlaneFight/assets/Scripts/EnemyBox.ts' costs: 9.10 ms
11:30:52.959 debug: Resolve file:///Users/zhao/Desktop/test/cocos-creator/PlaneFight/assets/Scripts/GameManager.ts from cce:/internal/x/prerequisite-imports as file:///Users/zhao/Desktop/test/cocos-creator/PlaneFight/assets/Scripts/GameManager.ts.
11:30:52.959 debug: Resolve cc from file:///Users/zhao/Desktop/test/cocos-creator/PlaneFight/assets/Scripts/EnemyBox.ts as cce:/internal/x/cc.
11:30:52.960 debug: Resolve cc from file:///Users/zhao/Desktop/test/cocos-creator/PlaneFight/assets/Scripts/EnemyBox.ts as cce:/internal/x/cc.
11:30:52.960 debug: Resolve cc from file:///Users/zhao/Desktop/test/cocos-creator/PlaneFight/assets/Scripts/EnemyBox.ts as cce:/internal/x/cc.
11:30:52.962 debug: Target(editor) ends with cost 18.34445800073445ms.
11:30:52.962 debug: Target(preview) build started.
11:30:52.963 debug: Detected change: cce:/internal/x/prerequisite-imports. Last mtime: Thu Jan 01 1970 09:40:28 GMT+0800 (中国标准时间), Current mtime: Thu Jan 01 1970 09:40:50 GMT+0800 (中国标准时间)
11:30:52.963 debug: Inspect cce:/internal/x/prerequisite-imports
11:30:52.967 debug: transform url: 'cce:/internal/x/prerequisite-imports' costs: 3.80 ms
11:30:52.967 debug: Resolve file:///Applications/Cocos/Creator/3.8.6/CocosCreator.app/Contents/Resources/resources/3d/engine/editor/assets/default_renderpipeline/builtin-dof-pass.ts from cce:/internal/x/prerequisite-imports as file:///Applications/Cocos/Creator/3.8.6/CocosCreator.app/Contents/Resources/resources/3d/engine/editor/assets/default_renderpipeline/builtin-dof-pass.ts.
11:30:52.967 debug: Resolve file:///Applications/Cocos/Creator/3.8.6/CocosCreator.app/Contents/Resources/resources/3d/engine/editor/assets/default_renderpipeline/builtin-pipeline-pass.ts from cce:/internal/x/prerequisite-imports as file:///Applications/Cocos/Creator/3.8.6/CocosCreator.app/Contents/Resources/resources/3d/engine/editor/assets/default_renderpipeline/builtin-pipeline-pass.ts.
11:30:52.967 debug: Resolve file:///Applications/Cocos/Creator/3.8.6/CocosCreator.app/Contents/Resources/resources/3d/engine/editor/assets/default_renderpipeline/builtin-pipeline-settings.ts from cce:/internal/x/prerequisite-imports as file:///Applications/Cocos/Creator/3.8.6/CocosCreator.app/Contents/Resources/resources/3d/engine/editor/assets/default_renderpipeline/builtin-pipeline-settings.ts.
11:30:52.967 debug: Resolve file:///Applications/Cocos/Creator/3.8.6/CocosCreator.app/Contents/Resources/resources/3d/engine/editor/assets/default_renderpipeline/builtin-pipeline-types.ts from cce:/internal/x/prerequisite-imports as file:///Applications/Cocos/Creator/3.8.6/CocosCreator.app/Contents/Resources/resources/3d/engine/editor/assets/default_renderpipeline/builtin-pipeline-types.ts.
11:30:52.967 debug: Resolve file:///Applications/Cocos/Creator/3.8.6/CocosCreator.app/Contents/Resources/resources/3d/engine/editor/assets/default_renderpipeline/builtin-pipeline.ts from cce:/internal/x/prerequisite-imports as file:///Applications/Cocos/Creator/3.8.6/CocosCreator.app/Contents/Resources/resources/3d/engine/editor/assets/default_renderpipeline/builtin-pipeline.ts.
11:30:52.967 debug: Resolve file:///Applications/Cocos/Creator/3.8.6/CocosCreator.app/Contents/Resources/resources/3d/engine/editor/assets/tools/debug-view-runtime-control.ts from cce:/internal/x/prerequisite-imports as file:///Applications/Cocos/Creator/3.8.6/CocosCreator.app/Contents/Resources/resources/3d/engine/editor/assets/tools/debug-view-runtime-control.ts.
11:30:52.967 debug: Resolve file:///Users/zhao/Desktop/test/cocos-creator/PlaneFight/assets/Scripts/BgBox.ts from cce:/internal/x/prerequisite-imports as file:///Users/zhao/Desktop/test/cocos-creator/PlaneFight/assets/Scripts/BgBox.ts.
11:30:52.967 debug: Resolve file:///Users/zhao/Desktop/test/cocos-creator/PlaneFight/assets/Scripts/Enemy.ts from cce:/internal/x/prerequisite-imports as file:///Users/zhao/Desktop/test/cocos-creator/PlaneFight/assets/Scripts/Enemy.ts.
11:30:52.967 debug: Resolve file:///Users/zhao/Desktop/test/cocos-creator/PlaneFight/assets/Scripts/EnemyBox.ts from cce:/internal/x/prerequisite-imports as file:///Users/zhao/Desktop/test/cocos-creator/PlaneFight/assets/Scripts/EnemyBox.ts.
11:30:52.967 debug: Detected change: file:///Users/zhao/Desktop/test/cocos-creator/PlaneFight/assets/Scripts/EnemyBox.ts. Last mtime: Fri Jul 18 2025 11:30:29 GMT+0800 (中国标准时间)@92db9fc8-3289-4a05-8403-d965f95f1cfc, Current mtime: Fri Jul 18 2025 11:30:51 GMT+0800 (中国标准时间)@92db9fc8-3289-4a05-8403-d965f95f1cfc
11:30:52.967 debug: Inspect file:///Users/zhao/Desktop/test/cocos-creator/PlaneFight/assets/Scripts/EnemyBox.ts
11:30:52.978 debug: transform url: 'file:///Users/zhao/Desktop/test/cocos-creator/PlaneFight/assets/Scripts/EnemyBox.ts' costs: 10.20 ms
11:30:52.978 debug: Resolve file:///Users/zhao/Desktop/test/cocos-creator/PlaneFight/assets/Scripts/GameManager.ts from cce:/internal/x/prerequisite-imports as file:///Users/zhao/Desktop/test/cocos-creator/PlaneFight/assets/Scripts/GameManager.ts.
11:30:52.979 debug: Resolve cc from file:///Users/zhao/Desktop/test/cocos-creator/PlaneFight/assets/Scripts/EnemyBox.ts as cce:/internal/x/cc.
11:30:52.979 debug: Resolve cc from file:///Users/zhao/Desktop/test/cocos-creator/PlaneFight/assets/Scripts/EnemyBox.ts as cce:/internal/x/cc.
11:30:52.979 debug: Resolve cc from file:///Users/zhao/Desktop/test/cocos-creator/PlaneFight/assets/Scripts/EnemyBox.ts as cce:/internal/x/cc.
11:30:52.982 debug: Target(preview) ends with cost 19.757249999791384ms.
11:31:27.824 debug: Dispatch build request for time accumulated 1 asset changes.
11:31:27.825 debug: Build iteration starts.
Number of accumulated asset changes: 1
Feature changed: false
11:31:27.825 debug: Target(editor) build started.
11:31:27.827 debug: Detected change: cce:/internal/x/prerequisite-imports. Last mtime: Thu Jan 01 1970 09:40:50 GMT+0800 (中国标准时间), Current mtime: Thu Jan 01 1970 09:41:24 GMT+0800 (中国标准时间)
11:31:27.827 debug: Inspect cce:/internal/x/prerequisite-imports
11:31:27.831 debug: transform url: 'cce:/internal/x/prerequisite-imports' costs: 4.40 ms
11:31:27.832 debug: Resolve file:///Applications/Cocos/Creator/3.8.6/CocosCreator.app/Contents/Resources/resources/3d/engine/editor/assets/default_renderpipeline/builtin-dof-pass.ts from cce:/internal/x/prerequisite-imports as file:///Applications/Cocos/Creator/3.8.6/CocosCreator.app/Contents/Resources/resources/3d/engine/editor/assets/default_renderpipeline/builtin-dof-pass.ts.
11:31:27.832 debug: Resolve file:///Applications/Cocos/Creator/3.8.6/CocosCreator.app/Contents/Resources/resources/3d/engine/editor/assets/default_renderpipeline/builtin-pipeline-pass.ts from cce:/internal/x/prerequisite-imports as file:///Applications/Cocos/Creator/3.8.6/CocosCreator.app/Contents/Resources/resources/3d/engine/editor/assets/default_renderpipeline/builtin-pipeline-pass.ts.
11:31:27.832 debug: Resolve file:///Applications/Cocos/Creator/3.8.6/CocosCreator.app/Contents/Resources/resources/3d/engine/editor/assets/default_renderpipeline/builtin-pipeline-settings.ts from cce:/internal/x/prerequisite-imports as file:///Applications/Cocos/Creator/3.8.6/CocosCreator.app/Contents/Resources/resources/3d/engine/editor/assets/default_renderpipeline/builtin-pipeline-settings.ts.
11:31:27.832 debug: Resolve file:///Applications/Cocos/Creator/3.8.6/CocosCreator.app/Contents/Resources/resources/3d/engine/editor/assets/default_renderpipeline/builtin-pipeline-types.ts from cce:/internal/x/prerequisite-imports as file:///Applications/Cocos/Creator/3.8.6/CocosCreator.app/Contents/Resources/resources/3d/engine/editor/assets/default_renderpipeline/builtin-pipeline-types.ts.
11:31:27.832 debug: Resolve file:///Applications/Cocos/Creator/3.8.6/CocosCreator.app/Contents/Resources/resources/3d/engine/editor/assets/default_renderpipeline/builtin-pipeline.ts from cce:/internal/x/prerequisite-imports as file:///Applications/Cocos/Creator/3.8.6/CocosCreator.app/Contents/Resources/resources/3d/engine/editor/assets/default_renderpipeline/builtin-pipeline.ts.
11:31:27.832 debug: Resolve file:///Applications/Cocos/Creator/3.8.6/CocosCreator.app/Contents/Resources/resources/3d/engine/editor/assets/tools/debug-view-runtime-control.ts from cce:/internal/x/prerequisite-imports as file:///Applications/Cocos/Creator/3.8.6/CocosCreator.app/Contents/Resources/resources/3d/engine/editor/assets/tools/debug-view-runtime-control.ts.
11:31:27.832 debug: Resolve file:///Users/zhao/Desktop/test/cocos-creator/PlaneFight/assets/Scripts/BgBox.ts from cce:/internal/x/prerequisite-imports as file:///Users/zhao/Desktop/test/cocos-creator/PlaneFight/assets/Scripts/BgBox.ts.
11:31:27.832 debug: Resolve file:///Users/zhao/Desktop/test/cocos-creator/PlaneFight/assets/Scripts/Enemy.ts from cce:/internal/x/prerequisite-imports as file:///Users/zhao/Desktop/test/cocos-creator/PlaneFight/assets/Scripts/Enemy.ts.
11:31:27.832 debug: Resolve file:///Users/zhao/Desktop/test/cocos-creator/PlaneFight/assets/Scripts/EnemyBox.ts from cce:/internal/x/prerequisite-imports as file:///Users/zhao/Desktop/test/cocos-creator/PlaneFight/assets/Scripts/EnemyBox.ts.
11:31:27.832 debug: Detected change: file:///Users/zhao/Desktop/test/cocos-creator/PlaneFight/assets/Scripts/EnemyBox.ts. Last mtime: Fri Jul 18 2025 11:30:51 GMT+0800 (中国标准时间)@92db9fc8-3289-4a05-8403-d965f95f1cfc, Current mtime: Fri Jul 18 2025 11:31:26 GMT+0800 (中国标准时间)@92db9fc8-3289-4a05-8403-d965f95f1cfc
11:31:27.832 debug: Inspect file:///Users/zhao/Desktop/test/cocos-creator/PlaneFight/assets/Scripts/EnemyBox.ts
11:31:27.842 debug: transform url: 'file:///Users/zhao/Desktop/test/cocos-creator/PlaneFight/assets/Scripts/EnemyBox.ts' costs: 9.70 ms
11:31:27.842 debug: Resolve file:///Users/zhao/Desktop/test/cocos-creator/PlaneFight/assets/Scripts/GameManager.ts from cce:/internal/x/prerequisite-imports as file:///Users/zhao/Desktop/test/cocos-creator/PlaneFight/assets/Scripts/GameManager.ts.
11:31:27.843 debug: Resolve cc from file:///Users/zhao/Desktop/test/cocos-creator/PlaneFight/assets/Scripts/EnemyBox.ts as cce:/internal/x/cc.
11:31:27.843 debug: Resolve cc from file:///Users/zhao/Desktop/test/cocos-creator/PlaneFight/assets/Scripts/EnemyBox.ts as cce:/internal/x/cc.
11:31:27.843 debug: Resolve cc from file:///Users/zhao/Desktop/test/cocos-creator/PlaneFight/assets/Scripts/EnemyBox.ts as cce:/internal/x/cc.
11:31:27.845 debug: Target(editor) ends with cost 19.487499999813735ms.
11:31:27.845 debug: Target(preview) build started.
11:31:27.847 debug: Detected change: cce:/internal/x/prerequisite-imports. Last mtime: Thu Jan 01 1970 09:40:50 GMT+0800 (中国标准时间), Current mtime: Thu Jan 01 1970 09:41:24 GMT+0800 (中国标准时间)
11:31:27.847 debug: Inspect cce:/internal/x/prerequisite-imports
11:31:27.852 debug: transform url: 'cce:/internal/x/prerequisite-imports' costs: 5.00 ms
11:31:27.852 debug: Resolve file:///Applications/Cocos/Creator/3.8.6/CocosCreator.app/Contents/Resources/resources/3d/engine/editor/assets/default_renderpipeline/builtin-dof-pass.ts from cce:/internal/x/prerequisite-imports as file:///Applications/Cocos/Creator/3.8.6/CocosCreator.app/Contents/Resources/resources/3d/engine/editor/assets/default_renderpipeline/builtin-dof-pass.ts.
11:31:27.852 debug: Resolve file:///Applications/Cocos/Creator/3.8.6/CocosCreator.app/Contents/Resources/resources/3d/engine/editor/assets/default_renderpipeline/builtin-pipeline-pass.ts from cce:/internal/x/prerequisite-imports as file:///Applications/Cocos/Creator/3.8.6/CocosCreator.app/Contents/Resources/resources/3d/engine/editor/assets/default_renderpipeline/builtin-pipeline-pass.ts.
11:31:27.852 debug: Resolve file:///Applications/Cocos/Creator/3.8.6/CocosCreator.app/Contents/Resources/resources/3d/engine/editor/assets/default_renderpipeline/builtin-pipeline-settings.ts from cce:/internal/x/prerequisite-imports as file:///Applications/Cocos/Creator/3.8.6/CocosCreator.app/Contents/Resources/resources/3d/engine/editor/assets/default_renderpipeline/builtin-pipeline-settings.ts.
11:31:27.852 debug: Resolve file:///Applications/Cocos/Creator/3.8.6/CocosCreator.app/Contents/Resources/resources/3d/engine/editor/assets/default_renderpipeline/builtin-pipeline-types.ts from cce:/internal/x/prerequisite-imports as file:///Applications/Cocos/Creator/3.8.6/CocosCreator.app/Contents/Resources/resources/3d/engine/editor/assets/default_renderpipeline/builtin-pipeline-types.ts.
11:31:27.852 debug: Resolve file:///Applications/Cocos/Creator/3.8.6/CocosCreator.app/Contents/Resources/resources/3d/engine/editor/assets/default_renderpipeline/builtin-pipeline.ts from cce:/internal/x/prerequisite-imports as file:///Applications/Cocos/Creator/3.8.6/CocosCreator.app/Contents/Resources/resources/3d/engine/editor/assets/default_renderpipeline/builtin-pipeline.ts.
11:31:27.852 debug: Resolve file:///Applications/Cocos/Creator/3.8.6/CocosCreator.app/Contents/Resources/resources/3d/engine/editor/assets/tools/debug-view-runtime-control.ts from cce:/internal/x/prerequisite-imports as file:///Applications/Cocos/Creator/3.8.6/CocosCreator.app/Contents/Resources/resources/3d/engine/editor/assets/tools/debug-view-runtime-control.ts.
11:31:27.852 debug: Resolve file:///Users/zhao/Desktop/test/cocos-creator/PlaneFight/assets/Scripts/BgBox.ts from cce:/internal/x/prerequisite-imports as file:///Users/zhao/Desktop/test/cocos-creator/PlaneFight/assets/Scripts/BgBox.ts.
11:31:27.852 debug: Resolve file:///Users/zhao/Desktop/test/cocos-creator/PlaneFight/assets/Scripts/Enemy.ts from cce:/internal/x/prerequisite-imports as file:///Users/zhao/Desktop/test/cocos-creator/PlaneFight/assets/Scripts/Enemy.ts.
11:31:27.852 debug: Resolve file:///Users/zhao/Desktop/test/cocos-creator/PlaneFight/assets/Scripts/EnemyBox.ts from cce:/internal/x/prerequisite-imports as file:///Users/zhao/Desktop/test/cocos-creator/PlaneFight/assets/Scripts/EnemyBox.ts.
11:31:27.852 debug: Detected change: file:///Users/zhao/Desktop/test/cocos-creator/PlaneFight/assets/Scripts/EnemyBox.ts. Last mtime: Fri Jul 18 2025 11:30:51 GMT+0800 (中国标准时间)@92db9fc8-3289-4a05-8403-d965f95f1cfc, Current mtime: Fri Jul 18 2025 11:31:26 GMT+0800 (中国标准时间)@92db9fc8-3289-4a05-8403-d965f95f1cfc
11:31:27.852 debug: Inspect file:///Users/zhao/Desktop/test/cocos-creator/PlaneFight/assets/Scripts/EnemyBox.ts
11:31:27.864 debug: transform url: 'file:///Users/zhao/Desktop/test/cocos-creator/PlaneFight/assets/Scripts/EnemyBox.ts' costs: 11.50 ms
11:31:27.865 debug: Resolve file:///Users/zhao/Desktop/test/cocos-creator/PlaneFight/assets/Scripts/GameManager.ts from cce:/internal/x/prerequisite-imports as file:///Users/zhao/Desktop/test/cocos-creator/PlaneFight/assets/Scripts/GameManager.ts.
11:31:27.865 debug: Resolve cc from file:///Users/zhao/Desktop/test/cocos-creator/PlaneFight/assets/Scripts/EnemyBox.ts as cce:/internal/x/cc.
11:31:27.865 debug: Resolve cc from file:///Users/zhao/Desktop/test/cocos-creator/PlaneFight/assets/Scripts/EnemyBox.ts as cce:/internal/x/cc.
11:31:27.865 debug: Resolve cc from file:///Users/zhao/Desktop/test/cocos-creator/PlaneFight/assets/Scripts/EnemyBox.ts as cce:/internal/x/cc.
11:31:27.867 debug: Target(preview) ends with cost 21.954083000309765ms.
11:31:57.585 debug: Dispatch build request for time accumulated 1 asset changes.
11:31:57.585 debug: Build iteration starts.
Number of accumulated asset changes: 1
Feature changed: false
11:31:57.586 debug: Target(editor) build started.
11:31:57.586 debug: Detected change: cce:/internal/x/prerequisite-imports. Last mtime: Thu Jan 01 1970 09:41:24 GMT+0800 (中国标准时间), Current mtime: Thu Jan 01 1970 09:41:54 GMT+0800 (中国标准时间)
11:31:57.586 debug: Inspect cce:/internal/x/prerequisite-imports
11:31:57.590 debug: transform url: 'cce:/internal/x/prerequisite-imports' costs: 3.20 ms
11:31:57.590 debug: Resolve file:///Applications/Cocos/Creator/3.8.6/CocosCreator.app/Contents/Resources/resources/3d/engine/editor/assets/default_renderpipeline/builtin-dof-pass.ts from cce:/internal/x/prerequisite-imports as file:///Applications/Cocos/Creator/3.8.6/CocosCreator.app/Contents/Resources/resources/3d/engine/editor/assets/default_renderpipeline/builtin-dof-pass.ts.
11:31:57.590 debug: Resolve file:///Applications/Cocos/Creator/3.8.6/CocosCreator.app/Contents/Resources/resources/3d/engine/editor/assets/default_renderpipeline/builtin-pipeline-pass.ts from cce:/internal/x/prerequisite-imports as file:///Applications/Cocos/Creator/3.8.6/CocosCreator.app/Contents/Resources/resources/3d/engine/editor/assets/default_renderpipeline/builtin-pipeline-pass.ts.
11:31:57.591 debug: Resolve file:///Applications/Cocos/Creator/3.8.6/CocosCreator.app/Contents/Resources/resources/3d/engine/editor/assets/default_renderpipeline/builtin-pipeline-settings.ts from cce:/internal/x/prerequisite-imports as file:///Applications/Cocos/Creator/3.8.6/CocosCreator.app/Contents/Resources/resources/3d/engine/editor/assets/default_renderpipeline/builtin-pipeline-settings.ts.
11:31:57.591 debug: Resolve file:///Applications/Cocos/Creator/3.8.6/CocosCreator.app/Contents/Resources/resources/3d/engine/editor/assets/default_renderpipeline/builtin-pipeline-types.ts from cce:/internal/x/prerequisite-imports as file:///Applications/Cocos/Creator/3.8.6/CocosCreator.app/Contents/Resources/resources/3d/engine/editor/assets/default_renderpipeline/builtin-pipeline-types.ts.
11:31:57.591 debug: Resolve file:///Applications/Cocos/Creator/3.8.6/CocosCreator.app/Contents/Resources/resources/3d/engine/editor/assets/default_renderpipeline/builtin-pipeline.ts from cce:/internal/x/prerequisite-imports as file:///Applications/Cocos/Creator/3.8.6/CocosCreator.app/Contents/Resources/resources/3d/engine/editor/assets/default_renderpipeline/builtin-pipeline.ts.
11:31:57.591 debug: Resolve file:///Applications/Cocos/Creator/3.8.6/CocosCreator.app/Contents/Resources/resources/3d/engine/editor/assets/tools/debug-view-runtime-control.ts from cce:/internal/x/prerequisite-imports as file:///Applications/Cocos/Creator/3.8.6/CocosCreator.app/Contents/Resources/resources/3d/engine/editor/assets/tools/debug-view-runtime-control.ts.
11:31:57.591 debug: Resolve file:///Users/zhao/Desktop/test/cocos-creator/PlaneFight/assets/Scripts/BgBox.ts from cce:/internal/x/prerequisite-imports as file:///Users/zhao/Desktop/test/cocos-creator/PlaneFight/assets/Scripts/BgBox.ts.
11:31:57.591 debug: Resolve file:///Users/zhao/Desktop/test/cocos-creator/PlaneFight/assets/Scripts/Enemy.ts from cce:/internal/x/prerequisite-imports as file:///Users/zhao/Desktop/test/cocos-creator/PlaneFight/assets/Scripts/Enemy.ts.
11:31:57.591 debug: Detected change: file:///Users/zhao/Desktop/test/cocos-creator/PlaneFight/assets/Scripts/Enemy.ts. Last mtime: Fri Jul 18 2025 10:59:56 GMT+0800 (中国标准时间)@70755476-15f9-41c6-9470-be63e30c18ad, Current mtime: Fri Jul 18 2025 11:31:55 GMT+0800 (中国标准时间)@70755476-15f9-41c6-9470-be63e30c18ad
11:31:57.591 debug: Inspect file:///Users/zhao/Desktop/test/cocos-creator/PlaneFight/assets/Scripts/Enemy.ts
11:31:57.600 debug: transform url: 'file:///Users/zhao/Desktop/test/cocos-creator/PlaneFight/assets/Scripts/Enemy.ts' costs: 9.60 ms
11:31:57.601 debug: Resolve file:///Users/zhao/Desktop/test/cocos-creator/PlaneFight/assets/Scripts/EnemyBox.ts from cce:/internal/x/prerequisite-imports as file:///Users/zhao/Desktop/test/cocos-creator/PlaneFight/assets/Scripts/EnemyBox.ts.
11:31:57.601 debug: Resolve file:///Users/zhao/Desktop/test/cocos-creator/PlaneFight/assets/Scripts/GameManager.ts from cce:/internal/x/prerequisite-imports as file:///Users/zhao/Desktop/test/cocos-creator/PlaneFight/assets/Scripts/GameManager.ts.
11:31:57.601 debug: Resolve cc from file:///Users/zhao/Desktop/test/cocos-creator/PlaneFight/assets/Scripts/Enemy.ts as cce:/internal/x/cc.
11:31:57.601 debug: Resolve cc from file:///Users/zhao/Desktop/test/cocos-creator/PlaneFight/assets/Scripts/Enemy.ts as cce:/internal/x/cc.
11:31:57.601 debug: Resolve cc from file:///Users/zhao/Desktop/test/cocos-creator/PlaneFight/assets/Scripts/Enemy.ts as cce:/internal/x/cc.
11:31:57.604 debug: Target(editor) ends with cost 18.16937500052154ms.
11:31:57.604 debug: Target(preview) build started.
11:31:57.605 debug: Detected change: cce:/internal/x/prerequisite-imports. Last mtime: Thu Jan 01 1970 09:41:24 GMT+0800 (中国标准时间), Current mtime: Thu Jan 01 1970 09:41:54 GMT+0800 (中国标准时间)
11:31:57.605 debug: Inspect cce:/internal/x/prerequisite-imports
11:31:57.608 debug: transform url: 'cce:/internal/x/prerequisite-imports' costs: 3.60 ms
11:31:57.609 debug: Resolve file:///Applications/Cocos/Creator/3.8.6/CocosCreator.app/Contents/Resources/resources/3d/engine/editor/assets/default_renderpipeline/builtin-dof-pass.ts from cce:/internal/x/prerequisite-imports as file:///Applications/Cocos/Creator/3.8.6/CocosCreator.app/Contents/Resources/resources/3d/engine/editor/assets/default_renderpipeline/builtin-dof-pass.ts.
11:31:57.609 debug: Resolve file:///Applications/Cocos/Creator/3.8.6/CocosCreator.app/Contents/Resources/resources/3d/engine/editor/assets/default_renderpipeline/builtin-pipeline-pass.ts from cce:/internal/x/prerequisite-imports as file:///Applications/Cocos/Creator/3.8.6/CocosCreator.app/Contents/Resources/resources/3d/engine/editor/assets/default_renderpipeline/builtin-pipeline-pass.ts.
11:31:57.609 debug: Resolve file:///Applications/Cocos/Creator/3.8.6/CocosCreator.app/Contents/Resources/resources/3d/engine/editor/assets/default_renderpipeline/builtin-pipeline-settings.ts from cce:/internal/x/prerequisite-imports as file:///Applications/Cocos/Creator/3.8.6/CocosCreator.app/Contents/Resources/resources/3d/engine/editor/assets/default_renderpipeline/builtin-pipeline-settings.ts.
11:31:57.609 debug: Resolve file:///Applications/Cocos/Creator/3.8.6/CocosCreator.app/Contents/Resources/resources/3d/engine/editor/assets/default_renderpipeline/builtin-pipeline-types.ts from cce:/internal/x/prerequisite-imports as file:///Applications/Cocos/Creator/3.8.6/CocosCreator.app/Contents/Resources/resources/3d/engine/editor/assets/default_renderpipeline/builtin-pipeline-types.ts.
11:31:57.609 debug: Resolve file:///Applications/Cocos/Creator/3.8.6/CocosCreator.app/Contents/Resources/resources/3d/engine/editor/assets/default_renderpipeline/builtin-pipeline.ts from cce:/internal/x/prerequisite-imports as file:///Applications/Cocos/Creator/3.8.6/CocosCreator.app/Contents/Resources/resources/3d/engine/editor/assets/default_renderpipeline/builtin-pipeline.ts.
11:31:57.609 debug: Resolve file:///Applications/Cocos/Creator/3.8.6/CocosCreator.app/Contents/Resources/resources/3d/engine/editor/assets/tools/debug-view-runtime-control.ts from cce:/internal/x/prerequisite-imports as file:///Applications/Cocos/Creator/3.8.6/CocosCreator.app/Contents/Resources/resources/3d/engine/editor/assets/tools/debug-view-runtime-control.ts.
11:31:57.609 debug: Resolve file:///Users/zhao/Desktop/test/cocos-creator/PlaneFight/assets/Scripts/BgBox.ts from cce:/internal/x/prerequisite-imports as file:///Users/zhao/Desktop/test/cocos-creator/PlaneFight/assets/Scripts/BgBox.ts.
11:31:57.609 debug: Resolve file:///Users/zhao/Desktop/test/cocos-creator/PlaneFight/assets/Scripts/Enemy.ts from cce:/internal/x/prerequisite-imports as file:///Users/zhao/Desktop/test/cocos-creator/PlaneFight/assets/Scripts/Enemy.ts.
11:31:57.610 debug: Detected change: file:///Users/zhao/Desktop/test/cocos-creator/PlaneFight/assets/Scripts/Enemy.ts. Last mtime: Fri Jul 18 2025 10:59:56 GMT+0800 (中国标准时间)@70755476-15f9-41c6-9470-be63e30c18ad, Current mtime: Fri Jul 18 2025 11:31:55 GMT+0800 (中国标准时间)@70755476-15f9-41c6-9470-be63e30c18ad
11:31:57.610 debug: Inspect file:///Users/zhao/Desktop/test/cocos-creator/PlaneFight/assets/Scripts/Enemy.ts
11:31:57.620 debug: transform url: 'file:///Users/zhao/Desktop/test/cocos-creator/PlaneFight/assets/Scripts/Enemy.ts' costs: 10.70 ms
11:31:57.621 debug: Resolve file:///Users/zhao/Desktop/test/cocos-creator/PlaneFight/assets/Scripts/EnemyBox.ts from cce:/internal/x/prerequisite-imports as file:///Users/zhao/Desktop/test/cocos-creator/PlaneFight/assets/Scripts/EnemyBox.ts.
11:31:57.621 debug: Resolve file:///Users/zhao/Desktop/test/cocos-creator/PlaneFight/assets/Scripts/GameManager.ts from cce:/internal/x/prerequisite-imports as file:///Users/zhao/Desktop/test/cocos-creator/PlaneFight/assets/Scripts/GameManager.ts.
11:31:57.621 debug: Resolve cc from file:///Users/zhao/Desktop/test/cocos-creator/PlaneFight/assets/Scripts/Enemy.ts as cce:/internal/x/cc.
11:31:57.621 debug: Resolve cc from file:///Users/zhao/Desktop/test/cocos-creator/PlaneFight/assets/Scripts/Enemy.ts as cce:/internal/x/cc.
11:31:57.621 debug: Resolve cc from file:///Users/zhao/Desktop/test/cocos-creator/PlaneFight/assets/Scripts/Enemy.ts as cce:/internal/x/cc.
11:31:57.624 debug: Target(preview) ends with cost 20.400625000707805ms.
11:32:29.936 debug: Dispatch build request for time accumulated 2 asset changes.
11:32:29.937 debug: Build iteration starts.
Number of accumulated asset changes: 2
Feature changed: false
11:32:29.937 debug: Target(editor) build started.
11:32:29.938 debug: Detected change: cce:/internal/x/prerequisite-imports. Last mtime: Thu Jan 01 1970 09:41:54 GMT+0800 (中国标准时间), Current mtime: Thu Jan 01 1970 09:42:27 GMT+0800 (中国标准时间)
11:32:29.938 debug: Inspect cce:/internal/x/prerequisite-imports
11:32:29.942 debug: transform url: 'cce:/internal/x/prerequisite-imports' costs: 3.30 ms
11:32:29.943 debug: Resolve file:///Applications/Cocos/Creator/3.8.6/CocosCreator.app/Contents/Resources/resources/3d/engine/editor/assets/default_renderpipeline/builtin-dof-pass.ts from cce:/internal/x/prerequisite-imports as file:///Applications/Cocos/Creator/3.8.6/CocosCreator.app/Contents/Resources/resources/3d/engine/editor/assets/default_renderpipeline/builtin-dof-pass.ts.
11:32:29.943 debug: Resolve file:///Applications/Cocos/Creator/3.8.6/CocosCreator.app/Contents/Resources/resources/3d/engine/editor/assets/default_renderpipeline/builtin-pipeline-pass.ts from cce:/internal/x/prerequisite-imports as file:///Applications/Cocos/Creator/3.8.6/CocosCreator.app/Contents/Resources/resources/3d/engine/editor/assets/default_renderpipeline/builtin-pipeline-pass.ts.
11:32:29.943 debug: Resolve file:///Applications/Cocos/Creator/3.8.6/CocosCreator.app/Contents/Resources/resources/3d/engine/editor/assets/default_renderpipeline/builtin-pipeline-settings.ts from cce:/internal/x/prerequisite-imports as file:///Applications/Cocos/Creator/3.8.6/CocosCreator.app/Contents/Resources/resources/3d/engine/editor/assets/default_renderpipeline/builtin-pipeline-settings.ts.
11:32:29.943 debug: Resolve file:///Applications/Cocos/Creator/3.8.6/CocosCreator.app/Contents/Resources/resources/3d/engine/editor/assets/default_renderpipeline/builtin-pipeline-types.ts from cce:/internal/x/prerequisite-imports as file:///Applications/Cocos/Creator/3.8.6/CocosCreator.app/Contents/Resources/resources/3d/engine/editor/assets/default_renderpipeline/builtin-pipeline-types.ts.
11:32:29.943 debug: Resolve file:///Applications/Cocos/Creator/3.8.6/CocosCreator.app/Contents/Resources/resources/3d/engine/editor/assets/default_renderpipeline/builtin-pipeline.ts from cce:/internal/x/prerequisite-imports as file:///Applications/Cocos/Creator/3.8.6/CocosCreator.app/Contents/Resources/resources/3d/engine/editor/assets/default_renderpipeline/builtin-pipeline.ts.
11:32:29.943 debug: Resolve file:///Applications/Cocos/Creator/3.8.6/CocosCreator.app/Contents/Resources/resources/3d/engine/editor/assets/tools/debug-view-runtime-control.ts from cce:/internal/x/prerequisite-imports as file:///Applications/Cocos/Creator/3.8.6/CocosCreator.app/Contents/Resources/resources/3d/engine/editor/assets/tools/debug-view-runtime-control.ts.
11:32:29.943 debug: Resolve file:///Users/zhao/Desktop/test/cocos-creator/PlaneFight/assets/Scripts/BgBox.ts from cce:/internal/x/prerequisite-imports as file:///Users/zhao/Desktop/test/cocos-creator/PlaneFight/assets/Scripts/BgBox.ts.
11:32:29.943 debug: Resolve file:///Users/zhao/Desktop/test/cocos-creator/PlaneFight/assets/Scripts/Enemy.ts from cce:/internal/x/prerequisite-imports as file:///Users/zhao/Desktop/test/cocos-creator/PlaneFight/assets/Scripts/Enemy.ts.
11:32:29.943 debug: Detected change: file:///Users/zhao/Desktop/test/cocos-creator/PlaneFight/assets/Scripts/Enemy.ts. Last mtime: Fri Jul 18 2025 11:31:55 GMT+0800 (中国标准时间)@70755476-15f9-41c6-9470-be63e30c18ad, Current mtime: Fri Jul 18 2025 11:32:17 GMT+0800 (中国标准时间)@70755476-15f9-41c6-9470-be63e30c18ad
11:32:29.943 debug: Inspect file:///Users/zhao/Desktop/test/cocos-creator/PlaneFight/assets/Scripts/Enemy.ts
11:32:29.955 debug: transform url: 'file:///Users/zhao/Desktop/test/cocos-creator/PlaneFight/assets/Scripts/Enemy.ts' costs: 11.90 ms
11:32:29.956 debug: Resolve file:///Users/zhao/Desktop/test/cocos-creator/PlaneFight/assets/Scripts/EnemyBox.ts from cce:/internal/x/prerequisite-imports as file:///Users/zhao/Desktop/test/cocos-creator/PlaneFight/assets/Scripts/EnemyBox.ts.
11:32:29.956 debug: Detected change: file:///Users/zhao/Desktop/test/cocos-creator/PlaneFight/assets/Scripts/EnemyBox.ts. Last mtime: Fri Jul 18 2025 11:31:26 GMT+0800 (中国标准时间)@92db9fc8-3289-4a05-8403-d965f95f1cfc, Current mtime: Fri Jul 18 2025 11:32:28 GMT+0800 (中国标准时间)@92db9fc8-3289-4a05-8403-d965f95f1cfc
11:32:29.956 debug: Inspect file:///Users/zhao/Desktop/test/cocos-creator/PlaneFight/assets/Scripts/EnemyBox.ts
11:32:29.963 debug: transform url: 'file:///Users/zhao/Desktop/test/cocos-creator/PlaneFight/assets/Scripts/EnemyBox.ts' costs: 7.80 ms
11:32:29.964 debug: Resolve file:///Users/zhao/Desktop/test/cocos-creator/PlaneFight/assets/Scripts/GameManager.ts from cce:/internal/x/prerequisite-imports as file:///Users/zhao/Desktop/test/cocos-creator/PlaneFight/assets/Scripts/GameManager.ts.
11:32:29.964 debug: Resolve cc from file:///Users/zhao/Desktop/test/cocos-creator/PlaneFight/assets/Scripts/Enemy.ts as cce:/internal/x/cc.
11:32:29.964 debug: Resolve cc from file:///Users/zhao/Desktop/test/cocos-creator/PlaneFight/assets/Scripts/Enemy.ts as cce:/internal/x/cc.
11:32:29.964 debug: Resolve cc from file:///Users/zhao/Desktop/test/cocos-creator/PlaneFight/assets/Scripts/Enemy.ts as cce:/internal/x/cc.
11:32:29.964 debug: Resolve cc from file:///Users/zhao/Desktop/test/cocos-creator/PlaneFight/assets/Scripts/EnemyBox.ts as cce:/internal/x/cc.
11:32:29.964 debug: Resolve cc from file:///Users/zhao/Desktop/test/cocos-creator/PlaneFight/assets/Scripts/EnemyBox.ts as cce:/internal/x/cc.
11:32:29.964 debug: Resolve cc from file:///Users/zhao/Desktop/test/cocos-creator/PlaneFight/assets/Scripts/EnemyBox.ts as cce:/internal/x/cc.
11:32:29.967 debug: Target(editor) ends with cost 29.15787500049919ms.
11:32:29.967 debug: Target(preview) build started.
11:32:29.967 debug: Detected change: cce:/internal/x/prerequisite-imports. Last mtime: Thu Jan 01 1970 09:41:54 GMT+0800 (中国标准时间), Current mtime: Thu Jan 01 1970 09:42:27 GMT+0800 (中国标准时间)
11:32:29.967 debug: Inspect cce:/internal/x/prerequisite-imports
11:32:29.970 debug: transform url: 'cce:/internal/x/prerequisite-imports' costs: 3.10 ms
11:32:29.971 debug: Resolve file:///Applications/Cocos/Creator/3.8.6/CocosCreator.app/Contents/Resources/resources/3d/engine/editor/assets/default_renderpipeline/builtin-dof-pass.ts from cce:/internal/x/prerequisite-imports as file:///Applications/Cocos/Creator/3.8.6/CocosCreator.app/Contents/Resources/resources/3d/engine/editor/assets/default_renderpipeline/builtin-dof-pass.ts.
11:32:29.971 debug: Resolve file:///Applications/Cocos/Creator/3.8.6/CocosCreator.app/Contents/Resources/resources/3d/engine/editor/assets/default_renderpipeline/builtin-pipeline-pass.ts from cce:/internal/x/prerequisite-imports as file:///Applications/Cocos/Creator/3.8.6/CocosCreator.app/Contents/Resources/resources/3d/engine/editor/assets/default_renderpipeline/builtin-pipeline-pass.ts.
11:32:29.971 debug: Resolve file:///Applications/Cocos/Creator/3.8.6/CocosCreator.app/Contents/Resources/resources/3d/engine/editor/assets/default_renderpipeline/builtin-pipeline-settings.ts from cce:/internal/x/prerequisite-imports as file:///Applications/Cocos/Creator/3.8.6/CocosCreator.app/Contents/Resources/resources/3d/engine/editor/assets/default_renderpipeline/builtin-pipeline-settings.ts.
11:32:29.971 debug: Resolve file:///Applications/Cocos/Creator/3.8.6/CocosCreator.app/Contents/Resources/resources/3d/engine/editor/assets/default_renderpipeline/builtin-pipeline-types.ts from cce:/internal/x/prerequisite-imports as file:///Applications/Cocos/Creator/3.8.6/CocosCreator.app/Contents/Resources/resources/3d/engine/editor/assets/default_renderpipeline/builtin-pipeline-types.ts.
11:32:29.971 debug: Resolve file:///Applications/Cocos/Creator/3.8.6/CocosCreator.app/Contents/Resources/resources/3d/engine/editor/assets/default_renderpipeline/builtin-pipeline.ts from cce:/internal/x/prerequisite-imports as file:///Applications/Cocos/Creator/3.8.6/CocosCreator.app/Contents/Resources/resources/3d/engine/editor/assets/default_renderpipeline/builtin-pipeline.ts.
11:32:29.971 debug: Resolve file:///Applications/Cocos/Creator/3.8.6/CocosCreator.app/Contents/Resources/resources/3d/engine/editor/assets/tools/debug-view-runtime-control.ts from cce:/internal/x/prerequisite-imports as file:///Applications/Cocos/Creator/3.8.6/CocosCreator.app/Contents/Resources/resources/3d/engine/editor/assets/tools/debug-view-runtime-control.ts.
11:32:29.971 debug: Resolve file:///Users/zhao/Desktop/test/cocos-creator/PlaneFight/assets/Scripts/BgBox.ts from cce:/internal/x/prerequisite-imports as file:///Users/zhao/Desktop/test/cocos-creator/PlaneFight/assets/Scripts/BgBox.ts.
11:32:29.971 debug: Resolve file:///Users/zhao/Desktop/test/cocos-creator/PlaneFight/assets/Scripts/Enemy.ts from cce:/internal/x/prerequisite-imports as file:///Users/zhao/Desktop/test/cocos-creator/PlaneFight/assets/Scripts/Enemy.ts.
11:32:29.971 debug: Detected change: file:///Users/zhao/Desktop/test/cocos-creator/PlaneFight/assets/Scripts/Enemy.ts. Last mtime: Fri Jul 18 2025 11:31:55 GMT+0800 (中国标准时间)@70755476-15f9-41c6-9470-be63e30c18ad, Current mtime: Fri Jul 18 2025 11:32:17 GMT+0800 (中国标准时间)@70755476-15f9-41c6-9470-be63e30c18ad
11:32:29.971 debug: Inspect file:///Users/zhao/Desktop/test/cocos-creator/PlaneFight/assets/Scripts/Enemy.ts
11:32:29.981 debug: transform url: 'file:///Users/zhao/Desktop/test/cocos-creator/PlaneFight/assets/Scripts/Enemy.ts' costs: 10.20 ms
11:32:29.982 debug: Resolve file:///Users/zhao/Desktop/test/cocos-creator/PlaneFight/assets/Scripts/EnemyBox.ts from cce:/internal/x/prerequisite-imports as file:///Users/zhao/Desktop/test/cocos-creator/PlaneFight/assets/Scripts/EnemyBox.ts.
11:32:29.982 debug: Detected change: file:///Users/zhao/Desktop/test/cocos-creator/PlaneFight/assets/Scripts/EnemyBox.ts. Last mtime: Fri Jul 18 2025 11:31:26 GMT+0800 (中国标准时间)@92db9fc8-3289-4a05-8403-d965f95f1cfc, Current mtime: Fri Jul 18 2025 11:32:28 GMT+0800 (中国标准时间)@92db9fc8-3289-4a05-8403-d965f95f1cfc
11:32:29.982 debug: Inspect file:///Users/zhao/Desktop/test/cocos-creator/PlaneFight/assets/Scripts/EnemyBox.ts
11:32:29.992 debug: transform url: 'file:///Users/zhao/Desktop/test/cocos-creator/PlaneFight/assets/Scripts/EnemyBox.ts' costs: 9.80 ms
11:32:29.993 debug: Resolve file:///Users/zhao/Desktop/test/cocos-creator/PlaneFight/assets/Scripts/GameManager.ts from cce:/internal/x/prerequisite-imports as file:///Users/zhao/Desktop/test/cocos-creator/PlaneFight/assets/Scripts/GameManager.ts.
11:32:29.993 debug: Resolve cc from file:///Users/zhao/Desktop/test/cocos-creator/PlaneFight/assets/Scripts/Enemy.ts as cce:/internal/x/cc.
11:32:29.993 debug: Resolve cc from file:///Users/zhao/Desktop/test/cocos-creator/PlaneFight/assets/Scripts/Enemy.ts as cce:/internal/x/cc.
11:32:29.993 debug: Resolve cc from file:///Users/zhao/Desktop/test/cocos-creator/PlaneFight/assets/Scripts/Enemy.ts as cce:/internal/x/cc.
11:32:29.993 debug: Resolve cc from file:///Users/zhao/Desktop/test/cocos-creator/PlaneFight/assets/Scripts/EnemyBox.ts as cce:/internal/x/cc.
11:32:29.993 debug: Resolve cc from file:///Users/zhao/Desktop/test/cocos-creator/PlaneFight/assets/Scripts/EnemyBox.ts as cce:/internal/x/cc.
11:32:29.993 debug: Resolve cc from file:///Users/zhao/Desktop/test/cocos-creator/PlaneFight/assets/Scripts/EnemyBox.ts as cce:/internal/x/cc.
11:32:30.001 debug: Target(preview) ends with cost 34.144125000573695ms.
11:36:25.411 debug: Dispatch build request for time accumulated 1 asset changes.
11:36:25.414 debug: Build iteration starts.
Number of accumulated asset changes: 1
Feature changed: false
11:36:25.414 debug: Target(editor) build started.
11:36:25.416 debug: Detected change: cce:/internal/x/prerequisite-imports. Last mtime: Thu Jan 01 1970 09:42:27 GMT+0800 (中国标准时间), Current mtime: Thu Jan 01 1970 09:46:22 GMT+0800 (中国标准时间)
11:36:25.416 debug: Inspect cce:/internal/x/prerequisite-imports
11:36:25.426 debug: transform url: 'cce:/internal/x/prerequisite-imports' costs: 10.20 ms
11:36:25.427 debug: Resolve file:///Applications/Cocos/Creator/3.8.6/CocosCreator.app/Contents/Resources/resources/3d/engine/editor/assets/default_renderpipeline/builtin-dof-pass.ts from cce:/internal/x/prerequisite-imports as file:///Applications/Cocos/Creator/3.8.6/CocosCreator.app/Contents/Resources/resources/3d/engine/editor/assets/default_renderpipeline/builtin-dof-pass.ts.
11:36:25.427 debug: Resolve file:///Applications/Cocos/Creator/3.8.6/CocosCreator.app/Contents/Resources/resources/3d/engine/editor/assets/default_renderpipeline/builtin-pipeline-pass.ts from cce:/internal/x/prerequisite-imports as file:///Applications/Cocos/Creator/3.8.6/CocosCreator.app/Contents/Resources/resources/3d/engine/editor/assets/default_renderpipeline/builtin-pipeline-pass.ts.
11:36:25.427 debug: Resolve file:///Applications/Cocos/Creator/3.8.6/CocosCreator.app/Contents/Resources/resources/3d/engine/editor/assets/default_renderpipeline/builtin-pipeline-settings.ts from cce:/internal/x/prerequisite-imports as file:///Applications/Cocos/Creator/3.8.6/CocosCreator.app/Contents/Resources/resources/3d/engine/editor/assets/default_renderpipeline/builtin-pipeline-settings.ts.
11:36:25.427 debug: Resolve file:///Applications/Cocos/Creator/3.8.6/CocosCreator.app/Contents/Resources/resources/3d/engine/editor/assets/default_renderpipeline/builtin-pipeline-types.ts from cce:/internal/x/prerequisite-imports as file:///Applications/Cocos/Creator/3.8.6/CocosCreator.app/Contents/Resources/resources/3d/engine/editor/assets/default_renderpipeline/builtin-pipeline-types.ts.
11:36:25.427 debug: Resolve file:///Applications/Cocos/Creator/3.8.6/CocosCreator.app/Contents/Resources/resources/3d/engine/editor/assets/default_renderpipeline/builtin-pipeline.ts from cce:/internal/x/prerequisite-imports as file:///Applications/Cocos/Creator/3.8.6/CocosCreator.app/Contents/Resources/resources/3d/engine/editor/assets/default_renderpipeline/builtin-pipeline.ts.
11:36:25.427 debug: Resolve file:///Applications/Cocos/Creator/3.8.6/CocosCreator.app/Contents/Resources/resources/3d/engine/editor/assets/tools/debug-view-runtime-control.ts from cce:/internal/x/prerequisite-imports as file:///Applications/Cocos/Creator/3.8.6/CocosCreator.app/Contents/Resources/resources/3d/engine/editor/assets/tools/debug-view-runtime-control.ts.
11:36:25.427 debug: Resolve file:///Users/zhao/Desktop/test/cocos-creator/PlaneFight/assets/Scripts/BgBox.ts from cce:/internal/x/prerequisite-imports as file:///Users/zhao/Desktop/test/cocos-creator/PlaneFight/assets/Scripts/BgBox.ts.
11:36:25.428 debug: Resolve file:///Users/zhao/Desktop/test/cocos-creator/PlaneFight/assets/Scripts/Enemy.ts from cce:/internal/x/prerequisite-imports as file:///Users/zhao/Desktop/test/cocos-creator/PlaneFight/assets/Scripts/Enemy.ts.
11:36:25.428 debug: Resolve file:///Users/zhao/Desktop/test/cocos-creator/PlaneFight/assets/Scripts/EnemyBox.ts from cce:/internal/x/prerequisite-imports as file:///Users/zhao/Desktop/test/cocos-creator/PlaneFight/assets/Scripts/EnemyBox.ts.
11:36:25.428 debug: Detected change: file:///Users/zhao/Desktop/test/cocos-creator/PlaneFight/assets/Scripts/EnemyBox.ts. Last mtime: Fri Jul 18 2025 11:32:28 GMT+0800 (中国标准时间)@92db9fc8-3289-4a05-8403-d965f95f1cfc, Current mtime: Fri Jul 18 2025 11:36:24 GMT+0800 (中国标准时间)@92db9fc8-3289-4a05-8403-d965f95f1cfc
11:36:25.428 debug: Inspect file:///Users/zhao/Desktop/test/cocos-creator/PlaneFight/assets/Scripts/EnemyBox.ts
11:36:25.445 debug: transform url: 'file:///Users/zhao/Desktop/test/cocos-creator/PlaneFight/assets/Scripts/EnemyBox.ts' costs: 17.50 ms
11:36:25.446 debug: Resolve file:///Users/zhao/Desktop/test/cocos-creator/PlaneFight/assets/Scripts/GameManager.ts from cce:/internal/x/prerequisite-imports as file:///Users/zhao/Desktop/test/cocos-creator/PlaneFight/assets/Scripts/GameManager.ts.
11:36:25.447 debug: Resolve cc from file:///Users/zhao/Desktop/test/cocos-creator/PlaneFight/assets/Scripts/EnemyBox.ts as cce:/internal/x/cc.
11:36:25.447 debug: Resolve cc from file:///Users/zhao/Desktop/test/cocos-creator/PlaneFight/assets/Scripts/EnemyBox.ts as cce:/internal/x/cc.
11:36:25.447 debug: Resolve cc from file:///Users/zhao/Desktop/test/cocos-creator/PlaneFight/assets/Scripts/EnemyBox.ts as cce:/internal/x/cc.
11:36:25.449 debug: Target(editor) ends with cost 34.91158300079405ms.
11:36:25.449 debug: Target(preview) build started.
11:36:25.450 debug: Detected change: cce:/internal/x/prerequisite-imports. Last mtime: Thu Jan 01 1970 09:42:27 GMT+0800 (中国标准时间), Current mtime: Thu Jan 01 1970 09:46:22 GMT+0800 (中国标准时间)
11:36:25.450 debug: Inspect cce:/internal/x/prerequisite-imports
11:36:25.457 debug: transform url: 'cce:/internal/x/prerequisite-imports' costs: 6.80 ms
11:36:25.458 debug: Resolve file:///Applications/Cocos/Creator/3.8.6/CocosCreator.app/Contents/Resources/resources/3d/engine/editor/assets/default_renderpipeline/builtin-dof-pass.ts from cce:/internal/x/prerequisite-imports as file:///Applications/Cocos/Creator/3.8.6/CocosCreator.app/Contents/Resources/resources/3d/engine/editor/assets/default_renderpipeline/builtin-dof-pass.ts.
11:36:25.458 debug: Resolve file:///Applications/Cocos/Creator/3.8.6/CocosCreator.app/Contents/Resources/resources/3d/engine/editor/assets/default_renderpipeline/builtin-pipeline-pass.ts from cce:/internal/x/prerequisite-imports as file:///Applications/Cocos/Creator/3.8.6/CocosCreator.app/Contents/Resources/resources/3d/engine/editor/assets/default_renderpipeline/builtin-pipeline-pass.ts.
11:36:25.458 debug: Resolve file:///Applications/Cocos/Creator/3.8.6/CocosCreator.app/Contents/Resources/resources/3d/engine/editor/assets/default_renderpipeline/builtin-pipeline-settings.ts from cce:/internal/x/prerequisite-imports as file:///Applications/Cocos/Creator/3.8.6/CocosCreator.app/Contents/Resources/resources/3d/engine/editor/assets/default_renderpipeline/builtin-pipeline-settings.ts.
11:36:25.458 debug: Resolve file:///Applications/Cocos/Creator/3.8.6/CocosCreator.app/Contents/Resources/resources/3d/engine/editor/assets/default_renderpipeline/builtin-pipeline-types.ts from cce:/internal/x/prerequisite-imports as file:///Applications/Cocos/Creator/3.8.6/CocosCreator.app/Contents/Resources/resources/3d/engine/editor/assets/default_renderpipeline/builtin-pipeline-types.ts.
11:36:25.458 debug: Resolve file:///Applications/Cocos/Creator/3.8.6/CocosCreator.app/Contents/Resources/resources/3d/engine/editor/assets/default_renderpipeline/builtin-pipeline.ts from cce:/internal/x/prerequisite-imports as file:///Applications/Cocos/Creator/3.8.6/CocosCreator.app/Contents/Resources/resources/3d/engine/editor/assets/default_renderpipeline/builtin-pipeline.ts.
11:36:25.458 debug: Resolve file:///Applications/Cocos/Creator/3.8.6/CocosCreator.app/Contents/Resources/resources/3d/engine/editor/assets/tools/debug-view-runtime-control.ts from cce:/internal/x/prerequisite-imports as file:///Applications/Cocos/Creator/3.8.6/CocosCreator.app/Contents/Resources/resources/3d/engine/editor/assets/tools/debug-view-runtime-control.ts.
11:36:25.458 debug: Resolve file:///Users/zhao/Desktop/test/cocos-creator/PlaneFight/assets/Scripts/BgBox.ts from cce:/internal/x/prerequisite-imports as file:///Users/zhao/Desktop/test/cocos-creator/PlaneFight/assets/Scripts/BgBox.ts.
11:36:25.458 debug: Resolve file:///Users/zhao/Desktop/test/cocos-creator/PlaneFight/assets/Scripts/Enemy.ts from cce:/internal/x/prerequisite-imports as file:///Users/zhao/Desktop/test/cocos-creator/PlaneFight/assets/Scripts/Enemy.ts.
11:36:25.458 debug: Resolve file:///Users/zhao/Desktop/test/cocos-creator/PlaneFight/assets/Scripts/EnemyBox.ts from cce:/internal/x/prerequisite-imports as file:///Users/zhao/Desktop/test/cocos-creator/PlaneFight/assets/Scripts/EnemyBox.ts.
11:36:25.458 debug: Detected change: file:///Users/zhao/Desktop/test/cocos-creator/PlaneFight/assets/Scripts/EnemyBox.ts. Last mtime: Fri Jul 18 2025 11:32:28 GMT+0800 (中国标准时间)@92db9fc8-3289-4a05-8403-d965f95f1cfc, Current mtime: Fri Jul 18 2025 11:36:24 GMT+0800 (中国标准时间)@92db9fc8-3289-4a05-8403-d965f95f1cfc
11:36:25.458 debug: Inspect file:///Users/zhao/Desktop/test/cocos-creator/PlaneFight/assets/Scripts/EnemyBox.ts
11:36:25.478 debug: transform url: 'file:///Users/zhao/Desktop/test/cocos-creator/PlaneFight/assets/Scripts/EnemyBox.ts' costs: 20.10 ms
11:36:25.479 debug: Resolve file:///Users/zhao/Desktop/test/cocos-creator/PlaneFight/assets/Scripts/GameManager.ts from cce:/internal/x/prerequisite-imports as file:///Users/zhao/Desktop/test/cocos-creator/PlaneFight/assets/Scripts/GameManager.ts.
11:36:25.479 debug: Resolve cc from file:///Users/zhao/Desktop/test/cocos-creator/PlaneFight/assets/Scripts/EnemyBox.ts as cce:/internal/x/cc.
11:36:25.479 debug: Resolve cc from file:///Users/zhao/Desktop/test/cocos-creator/PlaneFight/assets/Scripts/EnemyBox.ts as cce:/internal/x/cc.
11:36:25.479 debug: Resolve cc from file:///Users/zhao/Desktop/test/cocos-creator/PlaneFight/assets/Scripts/EnemyBox.ts as cce:/internal/x/cc.
11:36:25.482 debug: Target(preview) ends with cost 32.444542000070214ms.
11:38:06.713 debug: Dispatch build request for time accumulated 1 asset changes.
11:38:06.714 debug: Build iteration starts.
Number of accumulated asset changes: 1
Feature changed: false
11:38:06.714 debug: Target(editor) build started.
11:38:06.715 debug: Detected change: cce:/internal/x/prerequisite-imports. Last mtime: Thu Jan 01 1970 09:46:22 GMT+0800 (中国标准时间), Current mtime: Thu Jan 01 1970 09:48:03 GMT+0800 (中国标准时间)
11:38:06.715 debug: Inspect cce:/internal/x/prerequisite-imports
11:38:06.721 debug: transform url: 'cce:/internal/x/prerequisite-imports' costs: 5.90 ms
11:38:06.722 debug: Resolve file:///Applications/Cocos/Creator/3.8.6/CocosCreator.app/Contents/Resources/resources/3d/engine/editor/assets/default_renderpipeline/builtin-dof-pass.ts from cce:/internal/x/prerequisite-imports as file:///Applications/Cocos/Creator/3.8.6/CocosCreator.app/Contents/Resources/resources/3d/engine/editor/assets/default_renderpipeline/builtin-dof-pass.ts.
11:38:06.722 debug: Resolve file:///Applications/Cocos/Creator/3.8.6/CocosCreator.app/Contents/Resources/resources/3d/engine/editor/assets/default_renderpipeline/builtin-pipeline-pass.ts from cce:/internal/x/prerequisite-imports as file:///Applications/Cocos/Creator/3.8.6/CocosCreator.app/Contents/Resources/resources/3d/engine/editor/assets/default_renderpipeline/builtin-pipeline-pass.ts.
11:38:06.722 debug: Resolve file:///Applications/Cocos/Creator/3.8.6/CocosCreator.app/Contents/Resources/resources/3d/engine/editor/assets/default_renderpipeline/builtin-pipeline-settings.ts from cce:/internal/x/prerequisite-imports as file:///Applications/Cocos/Creator/3.8.6/CocosCreator.app/Contents/Resources/resources/3d/engine/editor/assets/default_renderpipeline/builtin-pipeline-settings.ts.
11:38:06.722 debug: Resolve file:///Applications/Cocos/Creator/3.8.6/CocosCreator.app/Contents/Resources/resources/3d/engine/editor/assets/default_renderpipeline/builtin-pipeline-types.ts from cce:/internal/x/prerequisite-imports as file:///Applications/Cocos/Creator/3.8.6/CocosCreator.app/Contents/Resources/resources/3d/engine/editor/assets/default_renderpipeline/builtin-pipeline-types.ts.
11:38:06.722 debug: Resolve file:///Applications/Cocos/Creator/3.8.6/CocosCreator.app/Contents/Resources/resources/3d/engine/editor/assets/default_renderpipeline/builtin-pipeline.ts from cce:/internal/x/prerequisite-imports as file:///Applications/Cocos/Creator/3.8.6/CocosCreator.app/Contents/Resources/resources/3d/engine/editor/assets/default_renderpipeline/builtin-pipeline.ts.
11:38:06.722 debug: Resolve file:///Applications/Cocos/Creator/3.8.6/CocosCreator.app/Contents/Resources/resources/3d/engine/editor/assets/tools/debug-view-runtime-control.ts from cce:/internal/x/prerequisite-imports as file:///Applications/Cocos/Creator/3.8.6/CocosCreator.app/Contents/Resources/resources/3d/engine/editor/assets/tools/debug-view-runtime-control.ts.
11:38:06.722 debug: Resolve file:///Users/zhao/Desktop/test/cocos-creator/PlaneFight/assets/Scripts/BgBox.ts from cce:/internal/x/prerequisite-imports as file:///Users/zhao/Desktop/test/cocos-creator/PlaneFight/assets/Scripts/BgBox.ts.
11:38:06.723 debug: Resolve file:///Users/zhao/Desktop/test/cocos-creator/PlaneFight/assets/Scripts/Enemy.ts from cce:/internal/x/prerequisite-imports as file:///Users/zhao/Desktop/test/cocos-creator/PlaneFight/assets/Scripts/Enemy.ts.
11:38:06.723 debug: Detected change: file:///Users/zhao/Desktop/test/cocos-creator/PlaneFight/assets/Scripts/Enemy.ts. Last mtime: Fri Jul 18 2025 11:32:17 GMT+0800 (中国标准时间)@70755476-15f9-41c6-9470-be63e30c18ad, Current mtime: Fri Jul 18 2025 11:38:04 GMT+0800 (中国标准时间)@70755476-15f9-41c6-9470-be63e30c18ad
11:38:06.723 debug: Inspect file:///Users/zhao/Desktop/test/cocos-creator/PlaneFight/assets/Scripts/Enemy.ts
11:38:06.734 debug: transform url: 'file:///Users/zhao/Desktop/test/cocos-creator/PlaneFight/assets/Scripts/Enemy.ts' costs: 11.40 ms
11:38:06.735 debug: Resolve file:///Users/zhao/Desktop/test/cocos-creator/PlaneFight/assets/Scripts/EnemyBox.ts from cce:/internal/x/prerequisite-imports as file:///Users/zhao/Desktop/test/cocos-creator/PlaneFight/assets/Scripts/EnemyBox.ts.
11:38:06.735 debug: Resolve file:///Users/zhao/Desktop/test/cocos-creator/PlaneFight/assets/Scripts/GameManager.ts from cce:/internal/x/prerequisite-imports as file:///Users/zhao/Desktop/test/cocos-creator/PlaneFight/assets/Scripts/GameManager.ts.
11:38:06.735 debug: Resolve cc from file:///Users/zhao/Desktop/test/cocos-creator/PlaneFight/assets/Scripts/Enemy.ts as cce:/internal/x/cc.
11:38:06.735 debug: Resolve cc from file:///Users/zhao/Desktop/test/cocos-creator/PlaneFight/assets/Scripts/Enemy.ts as cce:/internal/x/cc.
11:38:06.735 debug: Resolve cc from file:///Users/zhao/Desktop/test/cocos-creator/PlaneFight/assets/Scripts/Enemy.ts as cce:/internal/x/cc.
11:38:06.737 debug: Target(editor) ends with cost 23.073707999661565ms.
11:38:06.738 debug: Target(preview) build started.
11:38:06.738 debug: Detected change: cce:/internal/x/prerequisite-imports. Last mtime: Thu Jan 01 1970 09:46:22 GMT+0800 (中国标准时间), Current mtime: Thu Jan 01 1970 09:48:03 GMT+0800 (中国标准时间)
11:38:06.739 debug: Inspect cce:/internal/x/prerequisite-imports
11:38:06.743 debug: transform url: 'cce:/internal/x/prerequisite-imports' costs: 3.80 ms
11:38:06.743 debug: Resolve file:///Applications/Cocos/Creator/3.8.6/CocosCreator.app/Contents/Resources/resources/3d/engine/editor/assets/default_renderpipeline/builtin-dof-pass.ts from cce:/internal/x/prerequisite-imports as file:///Applications/Cocos/Creator/3.8.6/CocosCreator.app/Contents/Resources/resources/3d/engine/editor/assets/default_renderpipeline/builtin-dof-pass.ts.
11:38:06.743 debug: Resolve file:///Applications/Cocos/Creator/3.8.6/CocosCreator.app/Contents/Resources/resources/3d/engine/editor/assets/default_renderpipeline/builtin-pipeline-pass.ts from cce:/internal/x/prerequisite-imports as file:///Applications/Cocos/Creator/3.8.6/CocosCreator.app/Contents/Resources/resources/3d/engine/editor/assets/default_renderpipeline/builtin-pipeline-pass.ts.
11:38:06.743 debug: Resolve file:///Applications/Cocos/Creator/3.8.6/CocosCreator.app/Contents/Resources/resources/3d/engine/editor/assets/default_renderpipeline/builtin-pipeline-settings.ts from cce:/internal/x/prerequisite-imports as file:///Applications/Cocos/Creator/3.8.6/CocosCreator.app/Contents/Resources/resources/3d/engine/editor/assets/default_renderpipeline/builtin-pipeline-settings.ts.
11:38:06.743 debug: Resolve file:///Applications/Cocos/Creator/3.8.6/CocosCreator.app/Contents/Resources/resources/3d/engine/editor/assets/default_renderpipeline/builtin-pipeline-types.ts from cce:/internal/x/prerequisite-imports as file:///Applications/Cocos/Creator/3.8.6/CocosCreator.app/Contents/Resources/resources/3d/engine/editor/assets/default_renderpipeline/builtin-pipeline-types.ts.
11:38:06.743 debug: Resolve file:///Applications/Cocos/Creator/3.8.6/CocosCreator.app/Contents/Resources/resources/3d/engine/editor/assets/default_renderpipeline/builtin-pipeline.ts from cce:/internal/x/prerequisite-imports as file:///Applications/Cocos/Creator/3.8.6/CocosCreator.app/Contents/Resources/resources/3d/engine/editor/assets/default_renderpipeline/builtin-pipeline.ts.
11:38:06.743 debug: Resolve file:///Applications/Cocos/Creator/3.8.6/CocosCreator.app/Contents/Resources/resources/3d/engine/editor/assets/tools/debug-view-runtime-control.ts from cce:/internal/x/prerequisite-imports as file:///Applications/Cocos/Creator/3.8.6/CocosCreator.app/Contents/Resources/resources/3d/engine/editor/assets/tools/debug-view-runtime-control.ts.
11:38:06.744 debug: Resolve file:///Users/zhao/Desktop/test/cocos-creator/PlaneFight/assets/Scripts/BgBox.ts from cce:/internal/x/prerequisite-imports as file:///Users/zhao/Desktop/test/cocos-creator/PlaneFight/assets/Scripts/BgBox.ts.
11:38:06.744 debug: Resolve file:///Users/zhao/Desktop/test/cocos-creator/PlaneFight/assets/Scripts/Enemy.ts from cce:/internal/x/prerequisite-imports as file:///Users/zhao/Desktop/test/cocos-creator/PlaneFight/assets/Scripts/Enemy.ts.
11:38:06.744 debug: Detected change: file:///Users/zhao/Desktop/test/cocos-creator/PlaneFight/assets/Scripts/Enemy.ts. Last mtime: Fri Jul 18 2025 11:32:17 GMT+0800 (中国标准时间)@70755476-15f9-41c6-9470-be63e30c18ad, Current mtime: Fri Jul 18 2025 11:38:04 GMT+0800 (中国标准时间)@70755476-15f9-41c6-9470-be63e30c18ad
11:38:06.744 debug: Inspect file:///Users/zhao/Desktop/test/cocos-creator/PlaneFight/assets/Scripts/Enemy.ts
11:38:06.757 debug: transform url: 'file:///Users/zhao/Desktop/test/cocos-creator/PlaneFight/assets/Scripts/Enemy.ts' costs: 13.30 ms
11:38:06.758 debug: Resolve file:///Users/zhao/Desktop/test/cocos-creator/PlaneFight/assets/Scripts/EnemyBox.ts from cce:/internal/x/prerequisite-imports as file:///Users/zhao/Desktop/test/cocos-creator/PlaneFight/assets/Scripts/EnemyBox.ts.
11:38:06.758 debug: Resolve file:///Users/zhao/Desktop/test/cocos-creator/PlaneFight/assets/Scripts/GameManager.ts from cce:/internal/x/prerequisite-imports as file:///Users/zhao/Desktop/test/cocos-creator/PlaneFight/assets/Scripts/GameManager.ts.
11:38:06.759 debug: Resolve cc from file:///Users/zhao/Desktop/test/cocos-creator/PlaneFight/assets/Scripts/Enemy.ts as cce:/internal/x/cc.
11:38:06.759 debug: Resolve cc from file:///Users/zhao/Desktop/test/cocos-creator/PlaneFight/assets/Scripts/Enemy.ts as cce:/internal/x/cc.
11:38:06.759 debug: Resolve cc from file:///Users/zhao/Desktop/test/cocos-creator/PlaneFight/assets/Scripts/Enemy.ts as cce:/internal/x/cc.
11:38:06.761 debug: Target(preview) ends with cost 23.775582999922335ms.
11:39:29.886 debug: Dispatch build request for time accumulated 1 asset changes.
11:39:29.887 debug: Build iteration starts.
Number of accumulated asset changes: 1
Feature changed: false
11:39:29.887 debug: Target(editor) build started.
11:39:29.888 debug: Detected change: cce:/internal/x/prerequisite-imports. Last mtime: Thu Jan 01 1970 09:48:03 GMT+0800 (中国标准时间), Current mtime: Thu Jan 01 1970 09:49:27 GMT+0800 (中国标准时间)
11:39:29.888 debug: Inspect cce:/internal/x/prerequisite-imports
11:39:29.891 debug: transform url: 'cce:/internal/x/prerequisite-imports' costs: 3.30 ms
11:39:29.892 debug: Resolve file:///Applications/Cocos/Creator/3.8.6/CocosCreator.app/Contents/Resources/resources/3d/engine/editor/assets/default_renderpipeline/builtin-dof-pass.ts from cce:/internal/x/prerequisite-imports as file:///Applications/Cocos/Creator/3.8.6/CocosCreator.app/Contents/Resources/resources/3d/engine/editor/assets/default_renderpipeline/builtin-dof-pass.ts.
11:39:29.892 debug: Resolve file:///Applications/Cocos/Creator/3.8.6/CocosCreator.app/Contents/Resources/resources/3d/engine/editor/assets/default_renderpipeline/builtin-pipeline-pass.ts from cce:/internal/x/prerequisite-imports as file:///Applications/Cocos/Creator/3.8.6/CocosCreator.app/Contents/Resources/resources/3d/engine/editor/assets/default_renderpipeline/builtin-pipeline-pass.ts.
11:39:29.892 debug: Resolve file:///Applications/Cocos/Creator/3.8.6/CocosCreator.app/Contents/Resources/resources/3d/engine/editor/assets/default_renderpipeline/builtin-pipeline-settings.ts from cce:/internal/x/prerequisite-imports as file:///Applications/Cocos/Creator/3.8.6/CocosCreator.app/Contents/Resources/resources/3d/engine/editor/assets/default_renderpipeline/builtin-pipeline-settings.ts.
11:39:29.892 debug: Resolve file:///Applications/Cocos/Creator/3.8.6/CocosCreator.app/Contents/Resources/resources/3d/engine/editor/assets/default_renderpipeline/builtin-pipeline-types.ts from cce:/internal/x/prerequisite-imports as file:///Applications/Cocos/Creator/3.8.6/CocosCreator.app/Contents/Resources/resources/3d/engine/editor/assets/default_renderpipeline/builtin-pipeline-types.ts.
11:39:29.892 debug: Resolve file:///Applications/Cocos/Creator/3.8.6/CocosCreator.app/Contents/Resources/resources/3d/engine/editor/assets/default_renderpipeline/builtin-pipeline.ts from cce:/internal/x/prerequisite-imports as file:///Applications/Cocos/Creator/3.8.6/CocosCreator.app/Contents/Resources/resources/3d/engine/editor/assets/default_renderpipeline/builtin-pipeline.ts.
11:39:29.892 debug: Resolve file:///Applications/Cocos/Creator/3.8.6/CocosCreator.app/Contents/Resources/resources/3d/engine/editor/assets/tools/debug-view-runtime-control.ts from cce:/internal/x/prerequisite-imports as file:///Applications/Cocos/Creator/3.8.6/CocosCreator.app/Contents/Resources/resources/3d/engine/editor/assets/tools/debug-view-runtime-control.ts.
11:39:29.892 debug: Resolve file:///Users/zhao/Desktop/test/cocos-creator/PlaneFight/assets/Scripts/BgBox.ts from cce:/internal/x/prerequisite-imports as file:///Users/zhao/Desktop/test/cocos-creator/PlaneFight/assets/Scripts/BgBox.ts.
11:39:29.892 debug: Resolve file:///Users/zhao/Desktop/test/cocos-creator/PlaneFight/assets/Scripts/Enemy.ts from cce:/internal/x/prerequisite-imports as file:///Users/zhao/Desktop/test/cocos-creator/PlaneFight/assets/Scripts/Enemy.ts.
11:39:29.892 debug: Detected change: file:///Users/zhao/Desktop/test/cocos-creator/PlaneFight/assets/Scripts/Enemy.ts. Last mtime: Fri Jul 18 2025 11:38:04 GMT+0800 (中国标准时间)@70755476-15f9-41c6-9470-be63e30c18ad, Current mtime: Fri Jul 18 2025 11:39:28 GMT+0800 (中国标准时间)@70755476-15f9-41c6-9470-be63e30c18ad
11:39:29.892 debug: Inspect file:///Users/zhao/Desktop/test/cocos-creator/PlaneFight/assets/Scripts/Enemy.ts
11:39:29.902 debug: transform url: 'file:///Users/zhao/Desktop/test/cocos-creator/PlaneFight/assets/Scripts/Enemy.ts' costs: 10.10 ms
11:39:29.903 debug: Resolve file:///Users/zhao/Desktop/test/cocos-creator/PlaneFight/assets/Scripts/EnemyBox.ts from cce:/internal/x/prerequisite-imports as file:///Users/zhao/Desktop/test/cocos-creator/PlaneFight/assets/Scripts/EnemyBox.ts.
11:39:29.903 debug: Resolve file:///Users/zhao/Desktop/test/cocos-creator/PlaneFight/assets/Scripts/GameManager.ts from cce:/internal/x/prerequisite-imports as file:///Users/zhao/Desktop/test/cocos-creator/PlaneFight/assets/Scripts/GameManager.ts.
11:39:29.903 debug: Resolve cc from file:///Users/zhao/Desktop/test/cocos-creator/PlaneFight/assets/Scripts/Enemy.ts as cce:/internal/x/cc.
11:39:29.903 debug: Resolve cc from file:///Users/zhao/Desktop/test/cocos-creator/PlaneFight/assets/Scripts/Enemy.ts as cce:/internal/x/cc.
11:39:29.903 debug: Resolve cc from file:///Users/zhao/Desktop/test/cocos-creator/PlaneFight/assets/Scripts/Enemy.ts as cce:/internal/x/cc.
11:39:29.905 debug: Target(editor) ends with cost 18.15487500000745ms.
11:39:29.905 debug: Target(preview) build started.
11:39:29.906 debug: Detected change: cce:/internal/x/prerequisite-imports. Last mtime: Thu Jan 01 1970 09:48:03 GMT+0800 (中国标准时间), Current mtime: Thu Jan 01 1970 09:49:27 GMT+0800 (中国标准时间)
11:39:29.906 debug: Inspect cce:/internal/x/prerequisite-imports
11:39:29.910 debug: transform url: 'cce:/internal/x/prerequisite-imports' costs: 3.80 ms
11:39:29.910 debug: Resolve file:///Applications/Cocos/Creator/3.8.6/CocosCreator.app/Contents/Resources/resources/3d/engine/editor/assets/default_renderpipeline/builtin-dof-pass.ts from cce:/internal/x/prerequisite-imports as file:///Applications/Cocos/Creator/3.8.6/CocosCreator.app/Contents/Resources/resources/3d/engine/editor/assets/default_renderpipeline/builtin-dof-pass.ts.
11:39:29.910 debug: Resolve file:///Applications/Cocos/Creator/3.8.6/CocosCreator.app/Contents/Resources/resources/3d/engine/editor/assets/default_renderpipeline/builtin-pipeline-pass.ts from cce:/internal/x/prerequisite-imports as file:///Applications/Cocos/Creator/3.8.6/CocosCreator.app/Contents/Resources/resources/3d/engine/editor/assets/default_renderpipeline/builtin-pipeline-pass.ts.
11:39:29.910 debug: Resolve file:///Applications/Cocos/Creator/3.8.6/CocosCreator.app/Contents/Resources/resources/3d/engine/editor/assets/default_renderpipeline/builtin-pipeline-settings.ts from cce:/internal/x/prerequisite-imports as file:///Applications/Cocos/Creator/3.8.6/CocosCreator.app/Contents/Resources/resources/3d/engine/editor/assets/default_renderpipeline/builtin-pipeline-settings.ts.
11:39:29.911 debug: Resolve file:///Applications/Cocos/Creator/3.8.6/CocosCreator.app/Contents/Resources/resources/3d/engine/editor/assets/default_renderpipeline/builtin-pipeline-types.ts from cce:/internal/x/prerequisite-imports as file:///Applications/Cocos/Creator/3.8.6/CocosCreator.app/Contents/Resources/resources/3d/engine/editor/assets/default_renderpipeline/builtin-pipeline-types.ts.
11:39:29.911 debug: Resolve file:///Applications/Cocos/Creator/3.8.6/CocosCreator.app/Contents/Resources/resources/3d/engine/editor/assets/default_renderpipeline/builtin-pipeline.ts from cce:/internal/x/prerequisite-imports as file:///Applications/Cocos/Creator/3.8.6/CocosCreator.app/Contents/Resources/resources/3d/engine/editor/assets/default_renderpipeline/builtin-pipeline.ts.
11:39:29.911 debug: Resolve file:///Applications/Cocos/Creator/3.8.6/CocosCreator.app/Contents/Resources/resources/3d/engine/editor/assets/tools/debug-view-runtime-control.ts from cce:/internal/x/prerequisite-imports as file:///Applications/Cocos/Creator/3.8.6/CocosCreator.app/Contents/Resources/resources/3d/engine/editor/assets/tools/debug-view-runtime-control.ts.
11:39:29.911 debug: Resolve file:///Users/zhao/Desktop/test/cocos-creator/PlaneFight/assets/Scripts/BgBox.ts from cce:/internal/x/prerequisite-imports as file:///Users/zhao/Desktop/test/cocos-creator/PlaneFight/assets/Scripts/BgBox.ts.
11:39:29.911 debug: Resolve file:///Users/zhao/Desktop/test/cocos-creator/PlaneFight/assets/Scripts/Enemy.ts from cce:/internal/x/prerequisite-imports as file:///Users/zhao/Desktop/test/cocos-creator/PlaneFight/assets/Scripts/Enemy.ts.
11:39:29.911 debug: Detected change: file:///Users/zhao/Desktop/test/cocos-creator/PlaneFight/assets/Scripts/Enemy.ts. Last mtime: Fri Jul 18 2025 11:38:04 GMT+0800 (中国标准时间)@70755476-15f9-41c6-9470-be63e30c18ad, Current mtime: Fri Jul 18 2025 11:39:28 GMT+0800 (中国标准时间)@70755476-15f9-41c6-9470-be63e30c18ad
11:39:29.911 debug: Inspect file:///Users/zhao/Desktop/test/cocos-creator/PlaneFight/assets/Scripts/Enemy.ts
11:39:29.923 debug: transform url: 'file:///Users/zhao/Desktop/test/cocos-creator/PlaneFight/assets/Scripts/Enemy.ts' costs: 11.90 ms
11:39:29.923 debug: Resolve file:///Users/zhao/Desktop/test/cocos-creator/PlaneFight/assets/Scripts/EnemyBox.ts from cce:/internal/x/prerequisite-imports as file:///Users/zhao/Desktop/test/cocos-creator/PlaneFight/assets/Scripts/EnemyBox.ts.
11:39:29.923 debug: Resolve file:///Users/zhao/Desktop/test/cocos-creator/PlaneFight/assets/Scripts/GameManager.ts from cce:/internal/x/prerequisite-imports as file:///Users/zhao/Desktop/test/cocos-creator/PlaneFight/assets/Scripts/GameManager.ts.
11:39:29.923 debug: Resolve cc from file:///Users/zhao/Desktop/test/cocos-creator/PlaneFight/assets/Scripts/Enemy.ts as cce:/internal/x/cc.
11:39:29.923 debug: Resolve cc from file:///Users/zhao/Desktop/test/cocos-creator/PlaneFight/assets/Scripts/Enemy.ts as cce:/internal/x/cc.
11:39:29.923 debug: Resolve cc from file:///Users/zhao/Desktop/test/cocos-creator/PlaneFight/assets/Scripts/Enemy.ts as cce:/internal/x/cc.
11:39:29.926 debug: Target(preview) ends with cost 20.718375000171363ms.
11:44:19.653 debug: Dispatch build request for time accumulated 2 asset changes.
11:44:19.655 debug: Build iteration starts.
Number of accumulated asset changes: 2
Feature changed: false
11:44:19.655 debug: Target(editor) build started.
11:44:19.658 debug: Detected change: cce:/internal/x/prerequisite-imports. Last mtime: Thu Jan 01 1970 09:49:27 GMT+0800 (中国标准时间), Current mtime: Thu Jan 01 1970 09:54:16 GMT+0800 (中国标准时间)
11:44:19.658 debug: Inspect cce:/internal/x/prerequisite-imports
11:44:19.666 debug: transform url: 'cce:/internal/x/prerequisite-imports' costs: 7.70 ms
11:44:19.666 debug: Resolve file:///Applications/Cocos/Creator/3.8.6/CocosCreator.app/Contents/Resources/resources/3d/engine/editor/assets/default_renderpipeline/builtin-dof-pass.ts from cce:/internal/x/prerequisite-imports as file:///Applications/Cocos/Creator/3.8.6/CocosCreator.app/Contents/Resources/resources/3d/engine/editor/assets/default_renderpipeline/builtin-dof-pass.ts.
11:44:19.667 debug: Resolve file:///Applications/Cocos/Creator/3.8.6/CocosCreator.app/Contents/Resources/resources/3d/engine/editor/assets/default_renderpipeline/builtin-pipeline-pass.ts from cce:/internal/x/prerequisite-imports as file:///Applications/Cocos/Creator/3.8.6/CocosCreator.app/Contents/Resources/resources/3d/engine/editor/assets/default_renderpipeline/builtin-pipeline-pass.ts.
11:44:19.667 debug: Resolve file:///Applications/Cocos/Creator/3.8.6/CocosCreator.app/Contents/Resources/resources/3d/engine/editor/assets/default_renderpipeline/builtin-pipeline-settings.ts from cce:/internal/x/prerequisite-imports as file:///Applications/Cocos/Creator/3.8.6/CocosCreator.app/Contents/Resources/resources/3d/engine/editor/assets/default_renderpipeline/builtin-pipeline-settings.ts.
11:44:19.667 debug: Resolve file:///Applications/Cocos/Creator/3.8.6/CocosCreator.app/Contents/Resources/resources/3d/engine/editor/assets/default_renderpipeline/builtin-pipeline-types.ts from cce:/internal/x/prerequisite-imports as file:///Applications/Cocos/Creator/3.8.6/CocosCreator.app/Contents/Resources/resources/3d/engine/editor/assets/default_renderpipeline/builtin-pipeline-types.ts.
11:44:19.667 debug: Resolve file:///Applications/Cocos/Creator/3.8.6/CocosCreator.app/Contents/Resources/resources/3d/engine/editor/assets/default_renderpipeline/builtin-pipeline.ts from cce:/internal/x/prerequisite-imports as file:///Applications/Cocos/Creator/3.8.6/CocosCreator.app/Contents/Resources/resources/3d/engine/editor/assets/default_renderpipeline/builtin-pipeline.ts.
11:44:19.667 debug: Resolve file:///Applications/Cocos/Creator/3.8.6/CocosCreator.app/Contents/Resources/resources/3d/engine/editor/assets/tools/debug-view-runtime-control.ts from cce:/internal/x/prerequisite-imports as file:///Applications/Cocos/Creator/3.8.6/CocosCreator.app/Contents/Resources/resources/3d/engine/editor/assets/tools/debug-view-runtime-control.ts.
11:44:19.667 debug: Resolve file:///Users/zhao/Desktop/test/cocos-creator/PlaneFight/assets/Scripts/BgBox.ts from cce:/internal/x/prerequisite-imports as file:///Users/zhao/Desktop/test/cocos-creator/PlaneFight/assets/Scripts/BgBox.ts.
11:44:19.667 debug: Resolve file:///Users/zhao/Desktop/test/cocos-creator/PlaneFight/assets/Scripts/Enemy.ts from cce:/internal/x/prerequisite-imports as file:///Users/zhao/Desktop/test/cocos-creator/PlaneFight/assets/Scripts/Enemy.ts.
11:44:19.667 debug: Resolve file:///Users/zhao/Desktop/test/cocos-creator/PlaneFight/assets/Scripts/EnemyBox.ts from cce:/internal/x/prerequisite-imports as file:///Users/zhao/Desktop/test/cocos-creator/PlaneFight/assets/Scripts/EnemyBox.ts.
11:44:19.667 debug: Detected change: file:///Users/zhao/Desktop/test/cocos-creator/PlaneFight/assets/Scripts/EnemyBox.ts. Last mtime: Fri Jul 18 2025 11:36:24 GMT+0800 (中国标准时间)@92db9fc8-3289-4a05-8403-d965f95f1cfc, Current mtime: Fri Jul 18 2025 11:44:18 GMT+0800 (中国标准时间)@92db9fc8-3289-4a05-8403-d965f95f1cfc
11:44:19.667 debug: Inspect file:///Users/zhao/Desktop/test/cocos-creator/PlaneFight/assets/Scripts/EnemyBox.ts
11:44:19.677 debug: transform url: 'file:///Users/zhao/Desktop/test/cocos-creator/PlaneFight/assets/Scripts/EnemyBox.ts' costs: 10.60 ms
11:44:19.678 debug: Resolve file:///Users/zhao/Desktop/test/cocos-creator/PlaneFight/assets/Scripts/GameManager.ts from cce:/internal/x/prerequisite-imports as file:///Users/zhao/Desktop/test/cocos-creator/PlaneFight/assets/Scripts/GameManager.ts.
11:44:19.678 debug: Detected change: file:///Users/zhao/Desktop/test/cocos-creator/PlaneFight/assets/Scripts/GameManager.ts. Last mtime: Fri Jul 18 2025 11:28:53 GMT+0800 (中国标准时间)@04b8d335-2cbf-453a-9fb4-20b7d50b6131, Current mtime: Fri Jul 18 2025 11:40:48 GMT+0800 (中国标准时间)@04b8d335-2cbf-453a-9fb4-20b7d50b6131
11:44:19.678 debug: Inspect file:///Users/zhao/Desktop/test/cocos-creator/PlaneFight/assets/Scripts/GameManager.ts
11:44:19.684 debug: transform url: 'file:///Users/zhao/Desktop/test/cocos-creator/PlaneFight/assets/Scripts/GameManager.ts' costs: 5.50 ms
11:44:19.685 debug: Resolve cc from file:///Users/zhao/Desktop/test/cocos-creator/PlaneFight/assets/Scripts/EnemyBox.ts as cce:/internal/x/cc.
11:44:19.685 debug: Resolve cc from file:///Users/zhao/Desktop/test/cocos-creator/PlaneFight/assets/Scripts/EnemyBox.ts as cce:/internal/x/cc.
11:44:19.685 debug: Resolve cc from file:///Users/zhao/Desktop/test/cocos-creator/PlaneFight/assets/Scripts/EnemyBox.ts as cce:/internal/x/cc.
11:44:19.685 debug: Resolve cce:/internal/code-quality/cr.mjs from file:///Users/zhao/Desktop/test/cocos-creator/PlaneFight/assets/Scripts/GameManager.ts as cce:/internal/code-quality/cr.mjs.
11:44:19.685 debug: Resolve cc from file:///Users/zhao/Desktop/test/cocos-creator/PlaneFight/assets/Scripts/GameManager.ts as cce:/internal/x/cc.
11:44:19.685 debug: Resolve cc from file:///Users/zhao/Desktop/test/cocos-creator/PlaneFight/assets/Scripts/GameManager.ts as cce:/internal/x/cc.
11:44:19.685 debug: Resolve cc from file:///Users/zhao/Desktop/test/cocos-creator/PlaneFight/assets/Scripts/GameManager.ts as cce:/internal/x/cc.
11:44:19.685 debug: Resolve ./EnemyBox from file:///Users/zhao/Desktop/test/cocos-creator/PlaneFight/assets/Scripts/GameManager.ts as file:///Users/zhao/Desktop/test/cocos-creator/PlaneFight/assets/Scripts/EnemyBox.ts.
11:44:19.687 debug: Target(editor) ends with cost 31.973500000312924ms.
11:44:19.687 debug: Target(preview) build started.
11:44:19.689 debug: Detected change: cce:/internal/x/prerequisite-imports. Last mtime: Thu Jan 01 1970 09:49:27 GMT+0800 (中国标准时间), Current mtime: Thu Jan 01 1970 09:54:16 GMT+0800 (中国标准时间)
11:44:19.689 debug: Inspect cce:/internal/x/prerequisite-imports
11:44:19.693 debug: transform url: 'cce:/internal/x/prerequisite-imports' costs: 4.30 ms
11:44:19.694 debug: Resolve file:///Applications/Cocos/Creator/3.8.6/CocosCreator.app/Contents/Resources/resources/3d/engine/editor/assets/default_renderpipeline/builtin-dof-pass.ts from cce:/internal/x/prerequisite-imports as file:///Applications/Cocos/Creator/3.8.6/CocosCreator.app/Contents/Resources/resources/3d/engine/editor/assets/default_renderpipeline/builtin-dof-pass.ts.
11:44:19.694 debug: Resolve file:///Applications/Cocos/Creator/3.8.6/CocosCreator.app/Contents/Resources/resources/3d/engine/editor/assets/default_renderpipeline/builtin-pipeline-pass.ts from cce:/internal/x/prerequisite-imports as file:///Applications/Cocos/Creator/3.8.6/CocosCreator.app/Contents/Resources/resources/3d/engine/editor/assets/default_renderpipeline/builtin-pipeline-pass.ts.
11:44:19.694 debug: Resolve file:///Applications/Cocos/Creator/3.8.6/CocosCreator.app/Contents/Resources/resources/3d/engine/editor/assets/default_renderpipeline/builtin-pipeline-settings.ts from cce:/internal/x/prerequisite-imports as file:///Applications/Cocos/Creator/3.8.6/CocosCreator.app/Contents/Resources/resources/3d/engine/editor/assets/default_renderpipeline/builtin-pipeline-settings.ts.
11:44:19.694 debug: Resolve file:///Applications/Cocos/Creator/3.8.6/CocosCreator.app/Contents/Resources/resources/3d/engine/editor/assets/default_renderpipeline/builtin-pipeline-types.ts from cce:/internal/x/prerequisite-imports as file:///Applications/Cocos/Creator/3.8.6/CocosCreator.app/Contents/Resources/resources/3d/engine/editor/assets/default_renderpipeline/builtin-pipeline-types.ts.
11:44:19.694 debug: Resolve file:///Applications/Cocos/Creator/3.8.6/CocosCreator.app/Contents/Resources/resources/3d/engine/editor/assets/default_renderpipeline/builtin-pipeline.ts from cce:/internal/x/prerequisite-imports as file:///Applications/Cocos/Creator/3.8.6/CocosCreator.app/Contents/Resources/resources/3d/engine/editor/assets/default_renderpipeline/builtin-pipeline.ts.
11:44:19.694 debug: Resolve file:///Applications/Cocos/Creator/3.8.6/CocosCreator.app/Contents/Resources/resources/3d/engine/editor/assets/tools/debug-view-runtime-control.ts from cce:/internal/x/prerequisite-imports as file:///Applications/Cocos/Creator/3.8.6/CocosCreator.app/Contents/Resources/resources/3d/engine/editor/assets/tools/debug-view-runtime-control.ts.
11:44:19.694 debug: Resolve file:///Users/zhao/Desktop/test/cocos-creator/PlaneFight/assets/Scripts/BgBox.ts from cce:/internal/x/prerequisite-imports as file:///Users/zhao/Desktop/test/cocos-creator/PlaneFight/assets/Scripts/BgBox.ts.
11:44:19.694 debug: Resolve file:///Users/zhao/Desktop/test/cocos-creator/PlaneFight/assets/Scripts/Enemy.ts from cce:/internal/x/prerequisite-imports as file:///Users/zhao/Desktop/test/cocos-creator/PlaneFight/assets/Scripts/Enemy.ts.
11:44:19.694 debug: Resolve file:///Users/zhao/Desktop/test/cocos-creator/PlaneFight/assets/Scripts/EnemyBox.ts from cce:/internal/x/prerequisite-imports as file:///Users/zhao/Desktop/test/cocos-creator/PlaneFight/assets/Scripts/EnemyBox.ts.
11:44:19.694 debug: Detected change: file:///Users/zhao/Desktop/test/cocos-creator/PlaneFight/assets/Scripts/EnemyBox.ts. Last mtime: Fri Jul 18 2025 11:36:24 GMT+0800 (中国标准时间)@92db9fc8-3289-4a05-8403-d965f95f1cfc, Current mtime: Fri Jul 18 2025 11:44:18 GMT+0800 (中国标准时间)@92db9fc8-3289-4a05-8403-d965f95f1cfc
11:44:19.694 debug: Inspect file:///Users/zhao/Desktop/test/cocos-creator/PlaneFight/assets/Scripts/EnemyBox.ts
11:44:19.709 debug: transform url: 'file:///Users/zhao/Desktop/test/cocos-creator/PlaneFight/assets/Scripts/EnemyBox.ts' costs: 15.10 ms
11:44:19.710 debug: Resolve file:///Users/zhao/Desktop/test/cocos-creator/PlaneFight/assets/Scripts/GameManager.ts from cce:/internal/x/prerequisite-imports as file:///Users/zhao/Desktop/test/cocos-creator/PlaneFight/assets/Scripts/GameManager.ts.
11:44:19.710 debug: Detected change: file:///Users/zhao/Desktop/test/cocos-creator/PlaneFight/assets/Scripts/GameManager.ts. Last mtime: Fri Jul 18 2025 11:28:53 GMT+0800 (中国标准时间)@04b8d335-2cbf-453a-9fb4-20b7d50b6131, Current mtime: Fri Jul 18 2025 11:40:48 GMT+0800 (中国标准时间)@04b8d335-2cbf-453a-9fb4-20b7d50b6131
11:44:19.710 debug: Inspect file:///Users/zhao/Desktop/test/cocos-creator/PlaneFight/assets/Scripts/GameManager.ts
11:44:19.722 debug: transform url: 'file:///Users/zhao/Desktop/test/cocos-creator/PlaneFight/assets/Scripts/GameManager.ts' costs: 12.40 ms
11:44:19.723 debug: Resolve cc from file:///Users/zhao/Desktop/test/cocos-creator/PlaneFight/assets/Scripts/EnemyBox.ts as cce:/internal/x/cc.
11:44:19.723 debug: Resolve cc from file:///Users/zhao/Desktop/test/cocos-creator/PlaneFight/assets/Scripts/EnemyBox.ts as cce:/internal/x/cc.
11:44:19.723 debug: Resolve cc from file:///Users/zhao/Desktop/test/cocos-creator/PlaneFight/assets/Scripts/EnemyBox.ts as cce:/internal/x/cc.
11:44:19.723 debug: Resolve cce:/internal/code-quality/cr.mjs from file:///Users/zhao/Desktop/test/cocos-creator/PlaneFight/assets/Scripts/GameManager.ts as cce:/internal/code-quality/cr.mjs.
11:44:19.723 debug: Resolve cc from file:///Users/zhao/Desktop/test/cocos-creator/PlaneFight/assets/Scripts/GameManager.ts as cce:/internal/x/cc.
11:44:19.724 debug: Resolve cc from file:///Users/zhao/Desktop/test/cocos-creator/PlaneFight/assets/Scripts/GameManager.ts as cce:/internal/x/cc.
11:44:19.724 debug: Resolve cc from file:///Users/zhao/Desktop/test/cocos-creator/PlaneFight/assets/Scripts/GameManager.ts as cce:/internal/x/cc.
11:44:19.724 debug: Resolve ./EnemyBox from file:///Users/zhao/Desktop/test/cocos-creator/PlaneFight/assets/Scripts/GameManager.ts as file:///Users/zhao/Desktop/test/cocos-creator/PlaneFight/assets/Scripts/EnemyBox.ts.
11:44:19.728 debug: Target(preview) ends with cost 40.70383300073445ms.
11:45:07.629 debug: Dispatch build request for time accumulated 1 asset changes.
11:45:07.629 debug: Build iteration starts.
Number of accumulated asset changes: 1
Feature changed: false
11:45:07.630 debug: Target(editor) build started.
11:45:07.630 debug: Detected change: cce:/internal/x/prerequisite-imports. Last mtime: Thu Jan 01 1970 09:54:16 GMT+0800 (中国标准时间), Current mtime: Thu Jan 01 1970 09:55:04 GMT+0800 (中国标准时间)
11:45:07.630 debug: Inspect cce:/internal/x/prerequisite-imports
11:45:07.635 debug: transform url: 'cce:/internal/x/prerequisite-imports' costs: 4.70 ms
11:45:07.635 debug: Resolve file:///Applications/Cocos/Creator/3.8.6/CocosCreator.app/Contents/Resources/resources/3d/engine/editor/assets/default_renderpipeline/builtin-dof-pass.ts from cce:/internal/x/prerequisite-imports as file:///Applications/Cocos/Creator/3.8.6/CocosCreator.app/Contents/Resources/resources/3d/engine/editor/assets/default_renderpipeline/builtin-dof-pass.ts.
11:45:07.636 debug: Resolve file:///Applications/Cocos/Creator/3.8.6/CocosCreator.app/Contents/Resources/resources/3d/engine/editor/assets/default_renderpipeline/builtin-pipeline-pass.ts from cce:/internal/x/prerequisite-imports as file:///Applications/Cocos/Creator/3.8.6/CocosCreator.app/Contents/Resources/resources/3d/engine/editor/assets/default_renderpipeline/builtin-pipeline-pass.ts.
11:45:07.636 debug: Resolve file:///Applications/Cocos/Creator/3.8.6/CocosCreator.app/Contents/Resources/resources/3d/engine/editor/assets/default_renderpipeline/builtin-pipeline-settings.ts from cce:/internal/x/prerequisite-imports as file:///Applications/Cocos/Creator/3.8.6/CocosCreator.app/Contents/Resources/resources/3d/engine/editor/assets/default_renderpipeline/builtin-pipeline-settings.ts.
11:45:07.636 debug: Resolve file:///Applications/Cocos/Creator/3.8.6/CocosCreator.app/Contents/Resources/resources/3d/engine/editor/assets/default_renderpipeline/builtin-pipeline-types.ts from cce:/internal/x/prerequisite-imports as file:///Applications/Cocos/Creator/3.8.6/CocosCreator.app/Contents/Resources/resources/3d/engine/editor/assets/default_renderpipeline/builtin-pipeline-types.ts.
11:45:07.636 debug: Resolve file:///Applications/Cocos/Creator/3.8.6/CocosCreator.app/Contents/Resources/resources/3d/engine/editor/assets/default_renderpipeline/builtin-pipeline.ts from cce:/internal/x/prerequisite-imports as file:///Applications/Cocos/Creator/3.8.6/CocosCreator.app/Contents/Resources/resources/3d/engine/editor/assets/default_renderpipeline/builtin-pipeline.ts.
11:45:07.636 debug: Resolve file:///Applications/Cocos/Creator/3.8.6/CocosCreator.app/Contents/Resources/resources/3d/engine/editor/assets/tools/debug-view-runtime-control.ts from cce:/internal/x/prerequisite-imports as file:///Applications/Cocos/Creator/3.8.6/CocosCreator.app/Contents/Resources/resources/3d/engine/editor/assets/tools/debug-view-runtime-control.ts.
11:45:07.636 debug: Resolve file:///Users/zhao/Desktop/test/cocos-creator/PlaneFight/assets/Scripts/BgBox.ts from cce:/internal/x/prerequisite-imports as file:///Users/zhao/Desktop/test/cocos-creator/PlaneFight/assets/Scripts/BgBox.ts.
11:45:07.636 debug: Resolve file:///Users/zhao/Desktop/test/cocos-creator/PlaneFight/assets/Scripts/Enemy.ts from cce:/internal/x/prerequisite-imports as file:///Users/zhao/Desktop/test/cocos-creator/PlaneFight/assets/Scripts/Enemy.ts.
11:45:07.636 debug: Resolve file:///Users/zhao/Desktop/test/cocos-creator/PlaneFight/assets/Scripts/EnemyBox.ts from cce:/internal/x/prerequisite-imports as file:///Users/zhao/Desktop/test/cocos-creator/PlaneFight/assets/Scripts/EnemyBox.ts.
11:45:07.636 debug: Detected change: file:///Users/zhao/Desktop/test/cocos-creator/PlaneFight/assets/Scripts/EnemyBox.ts. Last mtime: Fri Jul 18 2025 11:44:18 GMT+0800 (中国标准时间)@92db9fc8-3289-4a05-8403-d965f95f1cfc, Current mtime: Fri Jul 18 2025 11:45:06 GMT+0800 (中国标准时间)@92db9fc8-3289-4a05-8403-d965f95f1cfc
11:45:07.636 debug: Inspect file:///Users/zhao/Desktop/test/cocos-creator/PlaneFight/assets/Scripts/EnemyBox.ts
11:45:07.646 debug: transform url: 'file:///Users/zhao/Desktop/test/cocos-creator/PlaneFight/assets/Scripts/EnemyBox.ts' costs: 10.50 ms
11:45:07.647 debug: Resolve file:///Users/zhao/Desktop/test/cocos-creator/PlaneFight/assets/Scripts/GameManager.ts from cce:/internal/x/prerequisite-imports as file:///Users/zhao/Desktop/test/cocos-creator/PlaneFight/assets/Scripts/GameManager.ts.
11:45:07.648 debug: Resolve cc from file:///Users/zhao/Desktop/test/cocos-creator/PlaneFight/assets/Scripts/EnemyBox.ts as cce:/internal/x/cc.
11:45:07.648 debug: Resolve cc from file:///Users/zhao/Desktop/test/cocos-creator/PlaneFight/assets/Scripts/EnemyBox.ts as cce:/internal/x/cc.
11:45:07.648 debug: Resolve cc from file:///Users/zhao/Desktop/test/cocos-creator/PlaneFight/assets/Scripts/EnemyBox.ts as cce:/internal/x/cc.
11:45:07.650 debug: Target(editor) ends with cost 20.179874999448657ms.
11:45:07.650 debug: Target(preview) build started.
11:45:07.650 debug: Detected change: cce:/internal/x/prerequisite-imports. Last mtime: Thu Jan 01 1970 09:54:16 GMT+0800 (中国标准时间), Current mtime: Thu Jan 01 1970 09:55:04 GMT+0800 (中国标准时间)
11:45:07.650 debug: Inspect cce:/internal/x/prerequisite-imports
11:45:07.656 debug: transform url: 'cce:/internal/x/prerequisite-imports' costs: 5.80 ms
11:45:07.657 debug: Resolve file:///Applications/Cocos/Creator/3.8.6/CocosCreator.app/Contents/Resources/resources/3d/engine/editor/assets/default_renderpipeline/builtin-dof-pass.ts from cce:/internal/x/prerequisite-imports as file:///Applications/Cocos/Creator/3.8.6/CocosCreator.app/Contents/Resources/resources/3d/engine/editor/assets/default_renderpipeline/builtin-dof-pass.ts.
11:45:07.657 debug: Resolve file:///Applications/Cocos/Creator/3.8.6/CocosCreator.app/Contents/Resources/resources/3d/engine/editor/assets/default_renderpipeline/builtin-pipeline-pass.ts from cce:/internal/x/prerequisite-imports as file:///Applications/Cocos/Creator/3.8.6/CocosCreator.app/Contents/Resources/resources/3d/engine/editor/assets/default_renderpipeline/builtin-pipeline-pass.ts.
11:45:07.657 debug: Resolve file:///Applications/Cocos/Creator/3.8.6/CocosCreator.app/Contents/Resources/resources/3d/engine/editor/assets/default_renderpipeline/builtin-pipeline-settings.ts from cce:/internal/x/prerequisite-imports as file:///Applications/Cocos/Creator/3.8.6/CocosCreator.app/Contents/Resources/resources/3d/engine/editor/assets/default_renderpipeline/builtin-pipeline-settings.ts.
11:45:07.657 debug: Resolve file:///Applications/Cocos/Creator/3.8.6/CocosCreator.app/Contents/Resources/resources/3d/engine/editor/assets/default_renderpipeline/builtin-pipeline-types.ts from cce:/internal/x/prerequisite-imports as file:///Applications/Cocos/Creator/3.8.6/CocosCreator.app/Contents/Resources/resources/3d/engine/editor/assets/default_renderpipeline/builtin-pipeline-types.ts.
11:45:07.657 debug: Resolve file:///Applications/Cocos/Creator/3.8.6/CocosCreator.app/Contents/Resources/resources/3d/engine/editor/assets/default_renderpipeline/builtin-pipeline.ts from cce:/internal/x/prerequisite-imports as file:///Applications/Cocos/Creator/3.8.6/CocosCreator.app/Contents/Resources/resources/3d/engine/editor/assets/default_renderpipeline/builtin-pipeline.ts.
11:45:07.658 debug: Resolve file:///Applications/Cocos/Creator/3.8.6/CocosCreator.app/Contents/Resources/resources/3d/engine/editor/assets/tools/debug-view-runtime-control.ts from cce:/internal/x/prerequisite-imports as file:///Applications/Cocos/Creator/3.8.6/CocosCreator.app/Contents/Resources/resources/3d/engine/editor/assets/tools/debug-view-runtime-control.ts.
11:45:07.658 debug: Resolve file:///Users/zhao/Desktop/test/cocos-creator/PlaneFight/assets/Scripts/BgBox.ts from cce:/internal/x/prerequisite-imports as file:///Users/zhao/Desktop/test/cocos-creator/PlaneFight/assets/Scripts/BgBox.ts.
11:45:07.658 debug: Resolve file:///Users/zhao/Desktop/test/cocos-creator/PlaneFight/assets/Scripts/Enemy.ts from cce:/internal/x/prerequisite-imports as file:///Users/zhao/Desktop/test/cocos-creator/PlaneFight/assets/Scripts/Enemy.ts.
11:45:07.658 debug: Resolve file:///Users/zhao/Desktop/test/cocos-creator/PlaneFight/assets/Scripts/EnemyBox.ts from cce:/internal/x/prerequisite-imports as file:///Users/zhao/Desktop/test/cocos-creator/PlaneFight/assets/Scripts/EnemyBox.ts.
11:45:07.658 debug: Detected change: file:///Users/zhao/Desktop/test/cocos-creator/PlaneFight/assets/Scripts/EnemyBox.ts. Last mtime: Fri Jul 18 2025 11:44:18 GMT+0800 (中国标准时间)@92db9fc8-3289-4a05-8403-d965f95f1cfc, Current mtime: Fri Jul 18 2025 11:45:06 GMT+0800 (中国标准时间)@92db9fc8-3289-4a05-8403-d965f95f1cfc
11:45:07.658 debug: Inspect file:///Users/zhao/Desktop/test/cocos-creator/PlaneFight/assets/Scripts/EnemyBox.ts
11:45:07.675 debug: transform url: 'file:///Users/zhao/Desktop/test/cocos-creator/PlaneFight/assets/Scripts/EnemyBox.ts' costs: 17.20 ms
11:45:07.677 debug: Resolve file:///Users/zhao/Desktop/test/cocos-creator/PlaneFight/assets/Scripts/GameManager.ts from cce:/internal/x/prerequisite-imports as file:///Users/zhao/Desktop/test/cocos-creator/PlaneFight/assets/Scripts/GameManager.ts.
11:45:07.677 debug: Resolve cc from file:///Users/zhao/Desktop/test/cocos-creator/PlaneFight/assets/Scripts/EnemyBox.ts as cce:/internal/x/cc.
11:45:07.677 debug: Resolve cc from file:///Users/zhao/Desktop/test/cocos-creator/PlaneFight/assets/Scripts/EnemyBox.ts as cce:/internal/x/cc.
11:45:07.677 debug: Resolve cc from file:///Users/zhao/Desktop/test/cocos-creator/PlaneFight/assets/Scripts/EnemyBox.ts as cce:/internal/x/cc.
11:45:07.701 debug: Target(preview) ends with cost 50.966624999418855ms.
11:45:50.541 debug: Dispatch build request for time accumulated 1 asset changes.
11:45:50.543 debug: Build iteration starts.
Number of accumulated asset changes: 1
Feature changed: false
11:45:50.543 debug: Target(editor) build started.
11:45:50.545 debug: Detected change: cce:/internal/x/prerequisite-imports. Last mtime: Thu Jan 01 1970 09:55:04 GMT+0800 (中国标准时间), Current mtime: Thu Jan 01 1970 09:55:47 GMT+0800 (中国标准时间)
11:45:50.545 debug: Inspect cce:/internal/x/prerequisite-imports
11:45:50.550 debug: transform url: 'cce:/internal/x/prerequisite-imports' costs: 4.80 ms
11:45:50.550 debug: Resolve file:///Applications/Cocos/Creator/3.8.6/CocosCreator.app/Contents/Resources/resources/3d/engine/editor/assets/default_renderpipeline/builtin-dof-pass.ts from cce:/internal/x/prerequisite-imports as file:///Applications/Cocos/Creator/3.8.6/CocosCreator.app/Contents/Resources/resources/3d/engine/editor/assets/default_renderpipeline/builtin-dof-pass.ts.
11:45:50.551 debug: Resolve file:///Applications/Cocos/Creator/3.8.6/CocosCreator.app/Contents/Resources/resources/3d/engine/editor/assets/default_renderpipeline/builtin-pipeline-pass.ts from cce:/internal/x/prerequisite-imports as file:///Applications/Cocos/Creator/3.8.6/CocosCreator.app/Contents/Resources/resources/3d/engine/editor/assets/default_renderpipeline/builtin-pipeline-pass.ts.
11:45:50.551 debug: Resolve file:///Applications/Cocos/Creator/3.8.6/CocosCreator.app/Contents/Resources/resources/3d/engine/editor/assets/default_renderpipeline/builtin-pipeline-settings.ts from cce:/internal/x/prerequisite-imports as file:///Applications/Cocos/Creator/3.8.6/CocosCreator.app/Contents/Resources/resources/3d/engine/editor/assets/default_renderpipeline/builtin-pipeline-settings.ts.
11:45:50.551 debug: Resolve file:///Applications/Cocos/Creator/3.8.6/CocosCreator.app/Contents/Resources/resources/3d/engine/editor/assets/default_renderpipeline/builtin-pipeline-types.ts from cce:/internal/x/prerequisite-imports as file:///Applications/Cocos/Creator/3.8.6/CocosCreator.app/Contents/Resources/resources/3d/engine/editor/assets/default_renderpipeline/builtin-pipeline-types.ts.
11:45:50.551 debug: Resolve file:///Applications/Cocos/Creator/3.8.6/CocosCreator.app/Contents/Resources/resources/3d/engine/editor/assets/default_renderpipeline/builtin-pipeline.ts from cce:/internal/x/prerequisite-imports as file:///Applications/Cocos/Creator/3.8.6/CocosCreator.app/Contents/Resources/resources/3d/engine/editor/assets/default_renderpipeline/builtin-pipeline.ts.
11:45:50.551 debug: Resolve file:///Applications/Cocos/Creator/3.8.6/CocosCreator.app/Contents/Resources/resources/3d/engine/editor/assets/tools/debug-view-runtime-control.ts from cce:/internal/x/prerequisite-imports as file:///Applications/Cocos/Creator/3.8.6/CocosCreator.app/Contents/Resources/resources/3d/engine/editor/assets/tools/debug-view-runtime-control.ts.
11:45:50.551 debug: Resolve file:///Users/zhao/Desktop/test/cocos-creator/PlaneFight/assets/Scripts/BgBox.ts from cce:/internal/x/prerequisite-imports as file:///Users/zhao/Desktop/test/cocos-creator/PlaneFight/assets/Scripts/BgBox.ts.
11:45:50.551 debug: Resolve file:///Users/zhao/Desktop/test/cocos-creator/PlaneFight/assets/Scripts/Enemy.ts from cce:/internal/x/prerequisite-imports as file:///Users/zhao/Desktop/test/cocos-creator/PlaneFight/assets/Scripts/Enemy.ts.
11:45:50.551 debug: Resolve file:///Users/zhao/Desktop/test/cocos-creator/PlaneFight/assets/Scripts/EnemyBox.ts from cce:/internal/x/prerequisite-imports as file:///Users/zhao/Desktop/test/cocos-creator/PlaneFight/assets/Scripts/EnemyBox.ts.
11:45:50.551 debug: Detected change: file:///Users/zhao/Desktop/test/cocos-creator/PlaneFight/assets/Scripts/EnemyBox.ts. Last mtime: Fri Jul 18 2025 11:45:06 GMT+0800 (中国标准时间)@92db9fc8-3289-4a05-8403-d965f95f1cfc, Current mtime: Fri Jul 18 2025 11:45:49 GMT+0800 (中国标准时间)@92db9fc8-3289-4a05-8403-d965f95f1cfc
11:45:50.551 debug: Inspect file:///Users/zhao/Desktop/test/cocos-creator/PlaneFight/assets/Scripts/EnemyBox.ts
11:45:50.563 debug: transform url: 'file:///Users/zhao/Desktop/test/cocos-creator/PlaneFight/assets/Scripts/EnemyBox.ts' costs: 11.60 ms
11:45:50.563 debug: Resolve file:///Users/zhao/Desktop/test/cocos-creator/PlaneFight/assets/Scripts/GameManager.ts from cce:/internal/x/prerequisite-imports as file:///Users/zhao/Desktop/test/cocos-creator/PlaneFight/assets/Scripts/GameManager.ts.
11:45:50.564 debug: Resolve cc from file:///Users/zhao/Desktop/test/cocos-creator/PlaneFight/assets/Scripts/EnemyBox.ts as cce:/internal/x/cc.
11:45:50.564 debug: Resolve cc from file:///Users/zhao/Desktop/test/cocos-creator/PlaneFight/assets/Scripts/EnemyBox.ts as cce:/internal/x/cc.
11:45:50.564 debug: Resolve cc from file:///Users/zhao/Desktop/test/cocos-creator/PlaneFight/assets/Scripts/EnemyBox.ts as cce:/internal/x/cc.
11:45:50.566 debug: Target(editor) ends with cost 23.158541000448167ms.
11:45:50.566 debug: Target(preview) build started.
11:45:50.567 debug: Detected change: cce:/internal/x/prerequisite-imports. Last mtime: Thu Jan 01 1970 09:55:04 GMT+0800 (中国标准时间), Current mtime: Thu Jan 01 1970 09:55:47 GMT+0800 (中国标准时间)
11:45:50.567 debug: Inspect cce:/internal/x/prerequisite-imports
11:45:50.571 debug: transform url: 'cce:/internal/x/prerequisite-imports' costs: 4.20 ms
11:45:50.572 debug: Resolve file:///Applications/Cocos/Creator/3.8.6/CocosCreator.app/Contents/Resources/resources/3d/engine/editor/assets/default_renderpipeline/builtin-dof-pass.ts from cce:/internal/x/prerequisite-imports as file:///Applications/Cocos/Creator/3.8.6/CocosCreator.app/Contents/Resources/resources/3d/engine/editor/assets/default_renderpipeline/builtin-dof-pass.ts.
11:45:50.572 debug: Resolve file:///Applications/Cocos/Creator/3.8.6/CocosCreator.app/Contents/Resources/resources/3d/engine/editor/assets/default_renderpipeline/builtin-pipeline-pass.ts from cce:/internal/x/prerequisite-imports as file:///Applications/Cocos/Creator/3.8.6/CocosCreator.app/Contents/Resources/resources/3d/engine/editor/assets/default_renderpipeline/builtin-pipeline-pass.ts.
11:45:50.572 debug: Resolve file:///Applications/Cocos/Creator/3.8.6/CocosCreator.app/Contents/Resources/resources/3d/engine/editor/assets/default_renderpipeline/builtin-pipeline-settings.ts from cce:/internal/x/prerequisite-imports as file:///Applications/Cocos/Creator/3.8.6/CocosCreator.app/Contents/Resources/resources/3d/engine/editor/assets/default_renderpipeline/builtin-pipeline-settings.ts.
11:45:50.572 debug: Resolve file:///Applications/Cocos/Creator/3.8.6/CocosCreator.app/Contents/Resources/resources/3d/engine/editor/assets/default_renderpipeline/builtin-pipeline-types.ts from cce:/internal/x/prerequisite-imports as file:///Applications/Cocos/Creator/3.8.6/CocosCreator.app/Contents/Resources/resources/3d/engine/editor/assets/default_renderpipeline/builtin-pipeline-types.ts.
11:45:50.572 debug: Resolve file:///Applications/Cocos/Creator/3.8.6/CocosCreator.app/Contents/Resources/resources/3d/engine/editor/assets/default_renderpipeline/builtin-pipeline.ts from cce:/internal/x/prerequisite-imports as file:///Applications/Cocos/Creator/3.8.6/CocosCreator.app/Contents/Resources/resources/3d/engine/editor/assets/default_renderpipeline/builtin-pipeline.ts.
11:45:50.572 debug: Resolve file:///Applications/Cocos/Creator/3.8.6/CocosCreator.app/Contents/Resources/resources/3d/engine/editor/assets/tools/debug-view-runtime-control.ts from cce:/internal/x/prerequisite-imports as file:///Applications/Cocos/Creator/3.8.6/CocosCreator.app/Contents/Resources/resources/3d/engine/editor/assets/tools/debug-view-runtime-control.ts.
11:45:50.573 debug: Resolve file:///Users/zhao/Desktop/test/cocos-creator/PlaneFight/assets/Scripts/BgBox.ts from cce:/internal/x/prerequisite-imports as file:///Users/zhao/Desktop/test/cocos-creator/PlaneFight/assets/Scripts/BgBox.ts.
11:45:50.573 debug: Resolve file:///Users/zhao/Desktop/test/cocos-creator/PlaneFight/assets/Scripts/Enemy.ts from cce:/internal/x/prerequisite-imports as file:///Users/zhao/Desktop/test/cocos-creator/PlaneFight/assets/Scripts/Enemy.ts.
11:45:50.573 debug: Resolve file:///Users/zhao/Desktop/test/cocos-creator/PlaneFight/assets/Scripts/EnemyBox.ts from cce:/internal/x/prerequisite-imports as file:///Users/zhao/Desktop/test/cocos-creator/PlaneFight/assets/Scripts/EnemyBox.ts.
11:45:50.573 debug: Detected change: file:///Users/zhao/Desktop/test/cocos-creator/PlaneFight/assets/Scripts/EnemyBox.ts. Last mtime: Fri Jul 18 2025 11:45:06 GMT+0800 (中国标准时间)@92db9fc8-3289-4a05-8403-d965f95f1cfc, Current mtime: Fri Jul 18 2025 11:45:49 GMT+0800 (中国标准时间)@92db9fc8-3289-4a05-8403-d965f95f1cfc
11:45:50.573 debug: Inspect file:///Users/zhao/Desktop/test/cocos-creator/PlaneFight/assets/Scripts/EnemyBox.ts
11:45:50.586 debug: transform url: 'file:///Users/zhao/Desktop/test/cocos-creator/PlaneFight/assets/Scripts/EnemyBox.ts' costs: 13.00 ms
11:45:50.587 debug: Resolve file:///Users/zhao/Desktop/test/cocos-creator/PlaneFight/assets/Scripts/GameManager.ts from cce:/internal/x/prerequisite-imports as file:///Users/zhao/Desktop/test/cocos-creator/PlaneFight/assets/Scripts/GameManager.ts.
11:45:50.587 debug: Resolve cc from file:///Users/zhao/Desktop/test/cocos-creator/PlaneFight/assets/Scripts/EnemyBox.ts as cce:/internal/x/cc.
11:45:50.587 debug: Resolve cc from file:///Users/zhao/Desktop/test/cocos-creator/PlaneFight/assets/Scripts/EnemyBox.ts as cce:/internal/x/cc.
11:45:50.587 debug: Resolve cc from file:///Users/zhao/Desktop/test/cocos-creator/PlaneFight/assets/Scripts/EnemyBox.ts as cce:/internal/x/cc.
11:45:50.607 debug: Target(preview) ends with cost 40.79562499932945ms.
11:47:15.131 debug: Dispatch build request for time accumulated 2 asset changes.
11:47:15.131 debug: Build iteration starts.
Number of accumulated asset changes: 2
Feature changed: false
11:47:15.131 debug: Target(editor) build started.
11:47:15.133 debug: Detected change: cce:/internal/x/prerequisite-imports. Last mtime: Thu Jan 01 1970 09:55:47 GMT+0800 (中国标准时间), Current mtime: Thu Jan 01 1970 09:57:12 GMT+0800 (中国标准时间)
11:47:15.133 debug: Inspect cce:/internal/x/prerequisite-imports
11:47:15.136 debug: transform url: 'cce:/internal/x/prerequisite-imports' costs: 3.30 ms
11:47:15.137 debug: Resolve file:///Applications/Cocos/Creator/3.8.6/CocosCreator.app/Contents/Resources/resources/3d/engine/editor/assets/default_renderpipeline/builtin-dof-pass.ts from cce:/internal/x/prerequisite-imports as file:///Applications/Cocos/Creator/3.8.6/CocosCreator.app/Contents/Resources/resources/3d/engine/editor/assets/default_renderpipeline/builtin-dof-pass.ts.
11:47:15.137 debug: Resolve file:///Applications/Cocos/Creator/3.8.6/CocosCreator.app/Contents/Resources/resources/3d/engine/editor/assets/default_renderpipeline/builtin-pipeline-pass.ts from cce:/internal/x/prerequisite-imports as file:///Applications/Cocos/Creator/3.8.6/CocosCreator.app/Contents/Resources/resources/3d/engine/editor/assets/default_renderpipeline/builtin-pipeline-pass.ts.
11:47:15.137 debug: Resolve file:///Applications/Cocos/Creator/3.8.6/CocosCreator.app/Contents/Resources/resources/3d/engine/editor/assets/default_renderpipeline/builtin-pipeline-settings.ts from cce:/internal/x/prerequisite-imports as file:///Applications/Cocos/Creator/3.8.6/CocosCreator.app/Contents/Resources/resources/3d/engine/editor/assets/default_renderpipeline/builtin-pipeline-settings.ts.
11:47:15.137 debug: Resolve file:///Applications/Cocos/Creator/3.8.6/CocosCreator.app/Contents/Resources/resources/3d/engine/editor/assets/default_renderpipeline/builtin-pipeline-types.ts from cce:/internal/x/prerequisite-imports as file:///Applications/Cocos/Creator/3.8.6/CocosCreator.app/Contents/Resources/resources/3d/engine/editor/assets/default_renderpipeline/builtin-pipeline-types.ts.
11:47:15.137 debug: Resolve file:///Applications/Cocos/Creator/3.8.6/CocosCreator.app/Contents/Resources/resources/3d/engine/editor/assets/default_renderpipeline/builtin-pipeline.ts from cce:/internal/x/prerequisite-imports as file:///Applications/Cocos/Creator/3.8.6/CocosCreator.app/Contents/Resources/resources/3d/engine/editor/assets/default_renderpipeline/builtin-pipeline.ts.
11:47:15.137 debug: Resolve file:///Applications/Cocos/Creator/3.8.6/CocosCreator.app/Contents/Resources/resources/3d/engine/editor/assets/tools/debug-view-runtime-control.ts from cce:/internal/x/prerequisite-imports as file:///Applications/Cocos/Creator/3.8.6/CocosCreator.app/Contents/Resources/resources/3d/engine/editor/assets/tools/debug-view-runtime-control.ts.
11:47:15.137 debug: Resolve file:///Users/zhao/Desktop/test/cocos-creator/PlaneFight/assets/Scripts/BgBox.ts from cce:/internal/x/prerequisite-imports as file:///Users/zhao/Desktop/test/cocos-creator/PlaneFight/assets/Scripts/BgBox.ts.
11:47:15.137 debug: Resolve file:///Users/zhao/Desktop/test/cocos-creator/PlaneFight/assets/Scripts/Enemy.ts from cce:/internal/x/prerequisite-imports as file:///Users/zhao/Desktop/test/cocos-creator/PlaneFight/assets/Scripts/Enemy.ts.
11:47:15.137 debug: Detected change: file:///Users/zhao/Desktop/test/cocos-creator/PlaneFight/assets/Scripts/Enemy.ts. Last mtime: Fri Jul 18 2025 11:39:28 GMT+0800 (中国标准时间)@70755476-15f9-41c6-9470-be63e30c18ad, Current mtime: Fri Jul 18 2025 11:46:44 GMT+0800 (中国标准时间)@70755476-15f9-41c6-9470-be63e30c18ad
11:47:15.137 debug: Inspect file:///Users/zhao/Desktop/test/cocos-creator/PlaneFight/assets/Scripts/Enemy.ts
11:47:15.148 debug: transform url: 'file:///Users/zhao/Desktop/test/cocos-creator/PlaneFight/assets/Scripts/Enemy.ts' costs: 11.00 ms
11:47:15.149 debug: Resolve file:///Users/zhao/Desktop/test/cocos-creator/PlaneFight/assets/Scripts/EnemyBox.ts from cce:/internal/x/prerequisite-imports as file:///Users/zhao/Desktop/test/cocos-creator/PlaneFight/assets/Scripts/EnemyBox.ts.
11:47:15.149 debug: Detected change: file:///Users/zhao/Desktop/test/cocos-creator/PlaneFight/assets/Scripts/EnemyBox.ts. Last mtime: Fri Jul 18 2025 11:45:49 GMT+0800 (中国标准时间)@92db9fc8-3289-4a05-8403-d965f95f1cfc, Current mtime: Fri Jul 18 2025 11:46:21 GMT+0800 (中国标准时间)@92db9fc8-3289-4a05-8403-d965f95f1cfc
11:47:15.149 debug: Inspect file:///Users/zhao/Desktop/test/cocos-creator/PlaneFight/assets/Scripts/EnemyBox.ts
11:47:15.157 debug: transform url: 'file:///Users/zhao/Desktop/test/cocos-creator/PlaneFight/assets/Scripts/EnemyBox.ts' costs: 8.70 ms
11:47:15.158 debug: Resolve file:///Users/zhao/Desktop/test/cocos-creator/PlaneFight/assets/Scripts/GameManager.ts from cce:/internal/x/prerequisite-imports as file:///Users/zhao/Desktop/test/cocos-creator/PlaneFight/assets/Scripts/GameManager.ts.
11:47:15.158 debug: Resolve cc from file:///Users/zhao/Desktop/test/cocos-creator/PlaneFight/assets/Scripts/Enemy.ts as cce:/internal/x/cc.
11:47:15.158 debug: Resolve cc from file:///Users/zhao/Desktop/test/cocos-creator/PlaneFight/assets/Scripts/Enemy.ts as cce:/internal/x/cc.
11:47:15.158 debug: Resolve cc from file:///Users/zhao/Desktop/test/cocos-creator/PlaneFight/assets/Scripts/Enemy.ts as cce:/internal/x/cc.
11:47:15.158 debug: Resolve cc from file:///Users/zhao/Desktop/test/cocos-creator/PlaneFight/assets/Scripts/EnemyBox.ts as cce:/internal/x/cc.
11:47:15.158 debug: Resolve cc from file:///Users/zhao/Desktop/test/cocos-creator/PlaneFight/assets/Scripts/EnemyBox.ts as cce:/internal/x/cc.
11:47:15.158 debug: Resolve cc from file:///Users/zhao/Desktop/test/cocos-creator/PlaneFight/assets/Scripts/EnemyBox.ts as cce:/internal/x/cc.
11:47:15.160 debug: Target(editor) ends with cost 28.862667000852525ms.
11:47:15.161 debug: Target(preview) build started.
11:47:15.162 debug: Detected change: cce:/internal/x/prerequisite-imports. Last mtime: Thu Jan 01 1970 09:55:47 GMT+0800 (中国标准时间), Current mtime: Thu Jan 01 1970 09:57:12 GMT+0800 (中国标准时间)
11:47:15.162 debug: Inspect cce:/internal/x/prerequisite-imports
11:47:15.165 debug: transform url: 'cce:/internal/x/prerequisite-imports' costs: 3.50 ms
11:47:15.166 debug: Resolve file:///Applications/Cocos/Creator/3.8.6/CocosCreator.app/Contents/Resources/resources/3d/engine/editor/assets/default_renderpipeline/builtin-dof-pass.ts from cce:/internal/x/prerequisite-imports as file:///Applications/Cocos/Creator/3.8.6/CocosCreator.app/Contents/Resources/resources/3d/engine/editor/assets/default_renderpipeline/builtin-dof-pass.ts.
11:47:15.166 debug: Resolve file:///Applications/Cocos/Creator/3.8.6/CocosCreator.app/Contents/Resources/resources/3d/engine/editor/assets/default_renderpipeline/builtin-pipeline-pass.ts from cce:/internal/x/prerequisite-imports as file:///Applications/Cocos/Creator/3.8.6/CocosCreator.app/Contents/Resources/resources/3d/engine/editor/assets/default_renderpipeline/builtin-pipeline-pass.ts.
11:47:15.166 debug: Resolve file:///Applications/Cocos/Creator/3.8.6/CocosCreator.app/Contents/Resources/resources/3d/engine/editor/assets/default_renderpipeline/builtin-pipeline-settings.ts from cce:/internal/x/prerequisite-imports as file:///Applications/Cocos/Creator/3.8.6/CocosCreator.app/Contents/Resources/resources/3d/engine/editor/assets/default_renderpipeline/builtin-pipeline-settings.ts.
11:47:15.166 debug: Resolve file:///Applications/Cocos/Creator/3.8.6/CocosCreator.app/Contents/Resources/resources/3d/engine/editor/assets/default_renderpipeline/builtin-pipeline-types.ts from cce:/internal/x/prerequisite-imports as file:///Applications/Cocos/Creator/3.8.6/CocosCreator.app/Contents/Resources/resources/3d/engine/editor/assets/default_renderpipeline/builtin-pipeline-types.ts.
11:47:15.166 debug: Resolve file:///Applications/Cocos/Creator/3.8.6/CocosCreator.app/Contents/Resources/resources/3d/engine/editor/assets/default_renderpipeline/builtin-pipeline.ts from cce:/internal/x/prerequisite-imports as file:///Applications/Cocos/Creator/3.8.6/CocosCreator.app/Contents/Resources/resources/3d/engine/editor/assets/default_renderpipeline/builtin-pipeline.ts.
11:47:15.166 debug: Resolve file:///Applications/Cocos/Creator/3.8.6/CocosCreator.app/Contents/Resources/resources/3d/engine/editor/assets/tools/debug-view-runtime-control.ts from cce:/internal/x/prerequisite-imports as file:///Applications/Cocos/Creator/3.8.6/CocosCreator.app/Contents/Resources/resources/3d/engine/editor/assets/tools/debug-view-runtime-control.ts.
11:47:15.166 debug: Resolve file:///Users/zhao/Desktop/test/cocos-creator/PlaneFight/assets/Scripts/BgBox.ts from cce:/internal/x/prerequisite-imports as file:///Users/zhao/Desktop/test/cocos-creator/PlaneFight/assets/Scripts/BgBox.ts.
11:47:15.166 debug: Resolve file:///Users/zhao/Desktop/test/cocos-creator/PlaneFight/assets/Scripts/Enemy.ts from cce:/internal/x/prerequisite-imports as file:///Users/zhao/Desktop/test/cocos-creator/PlaneFight/assets/Scripts/Enemy.ts.
11:47:15.167 debug: Detected change: file:///Users/zhao/Desktop/test/cocos-creator/PlaneFight/assets/Scripts/Enemy.ts. Last mtime: Fri Jul 18 2025 11:39:28 GMT+0800 (中国标准时间)@70755476-15f9-41c6-9470-be63e30c18ad, Current mtime: Fri Jul 18 2025 11:46:44 GMT+0800 (中国标准时间)@70755476-15f9-41c6-9470-be63e30c18ad
11:47:15.167 debug: Inspect file:///Users/zhao/Desktop/test/cocos-creator/PlaneFight/assets/Scripts/Enemy.ts
11:47:15.180 debug: transform url: 'file:///Users/zhao/Desktop/test/cocos-creator/PlaneFight/assets/Scripts/Enemy.ts' costs: 12.90 ms
11:47:15.180 debug: Resolve file:///Users/zhao/Desktop/test/cocos-creator/PlaneFight/assets/Scripts/EnemyBox.ts from cce:/internal/x/prerequisite-imports as file:///Users/zhao/Desktop/test/cocos-creator/PlaneFight/assets/Scripts/EnemyBox.ts.
11:47:15.180 debug: Detected change: file:///Users/zhao/Desktop/test/cocos-creator/PlaneFight/assets/Scripts/EnemyBox.ts. Last mtime: Fri Jul 18 2025 11:45:49 GMT+0800 (中国标准时间)@92db9fc8-3289-4a05-8403-d965f95f1cfc, Current mtime: Fri Jul 18 2025 11:46:21 GMT+0800 (中国标准时间)@92db9fc8-3289-4a05-8403-d965f95f1cfc
11:47:15.180 debug: Inspect file:///Users/zhao/Desktop/test/cocos-creator/PlaneFight/assets/Scripts/EnemyBox.ts
11:47:15.190 debug: transform url: 'file:///Users/zhao/Desktop/test/cocos-creator/PlaneFight/assets/Scripts/EnemyBox.ts' costs: 10.20 ms
11:47:15.191 debug: Resolve file:///Users/zhao/Desktop/test/cocos-creator/PlaneFight/assets/Scripts/GameManager.ts from cce:/internal/x/prerequisite-imports as file:///Users/zhao/Desktop/test/cocos-creator/PlaneFight/assets/Scripts/GameManager.ts.
11:47:15.191 debug: Resolve cc from file:///Users/zhao/Desktop/test/cocos-creator/PlaneFight/assets/Scripts/Enemy.ts as cce:/internal/x/cc.
11:47:15.191 debug: Resolve cc from file:///Users/zhao/Desktop/test/cocos-creator/PlaneFight/assets/Scripts/Enemy.ts as cce:/internal/x/cc.
11:47:15.191 debug: Resolve cc from file:///Users/zhao/Desktop/test/cocos-creator/PlaneFight/assets/Scripts/Enemy.ts as cce:/internal/x/cc.
11:47:15.191 debug: Resolve cc from file:///Users/zhao/Desktop/test/cocos-creator/PlaneFight/assets/Scripts/EnemyBox.ts as cce:/internal/x/cc.
11:47:15.191 debug: Resolve cc from file:///Users/zhao/Desktop/test/cocos-creator/PlaneFight/assets/Scripts/EnemyBox.ts as cce:/internal/x/cc.
11:47:15.191 debug: Resolve cc from file:///Users/zhao/Desktop/test/cocos-creator/PlaneFight/assets/Scripts/EnemyBox.ts as cce:/internal/x/cc.
11:47:15.193 debug: Target(preview) ends with cost 32.719375000335276ms.
