{
  "__version__": "1.0.3",
  "builder": {},
  "gizmos-infos": {
    "is2D": false,
    "is3DIcon": false,
    "iconSize": 2,
    "gridVisible": true,
    "originAxis2D": {
      "x_visible": true,
      "y_visible": true,
      "z_visible": false
    },
    "originAxis3D": {
      "x_visible": true,
      "y_visible": false,
      "z_visible": true
    },
    "gridColor": [
      166,
      166,
      166,
      255
    ],
    "transformToolName": "position",
    "pivot": "pivot",
    "coordinate": "local",
    "toolsVisibility3d": true
  },
  "snap-configs": {
    "position": {
      "x": 1,
      "y": 1,
      "z": 1
    },
    "rotation": 1,
    "scale": 1,
    "isPositionSnapEnabled": false,
    "isRotationSnapEnabled": false,
    "isScaleSnapEnabled": false
  },
  "rect-snap-configs": {
    "enableSnapping": true,
    "snapThreshold": 4
  },
  "float-window": {
    "position": {
      "cc": {
        "Camera": {
          "dock": false,
          "top": null,
          "bottom": 10,
          "left": null,
          "right": 10
        }
      }
    }
  },
  "camera-infos": {
    "c594dce2-62fe-4b28-8a01-8727a9152a0c": {
      "position": {
        "x": 23.716989594749393,
        "y": 23.716989594749386,
        "z": 23.716989594749382
      },
      "rotation": {
        "x": -0.27984814233312133,
        "y": 0.3647051996310009,
        "z": 0.11591689595929512,
        "w": 0.8804762392171493
      },
      "viewCenter": {
        "x": 0,
        "y": 0,
        "z": 0
      },
      "contentRect": {
        "x": 0,
        "y": 0,
        "width": 958,
        "height": 605
      },
      "scale": 1
    },
    "0339a4e9-364c-4dc0-ad80-1df65eb294be": {
      "position": {
        "x": 42.909368209072646,
        "y": 42.90936820907264,
        "z": 42.90936820907264
      },
      "rotation": {
        "x": -0.27984814233312133,
        "y": 0.3647051996310009,
        "z": 0.11591689595929512,
        "w": 0.8804762392171493
      },
      "viewCenter": {
        "x": 0,
        "y": 0,
        "z": 0
      },
      "contentRect": {
        "x": 0,
        "y": 0,
        "width": 1500,
        "height": 1000
      },
      "scale": 1
    },
    "b56df8b8-97bd-4154-bfe7-87fa544ebf58": {
      "position": {
        "x": 23.716989594749393,
        "y": 23.716989594749386,
        "z": 23.716989594749382
      },
      "rotation": {
        "x": -0.27984814233312133,
        "y": 0.3647051996310009,
        "z": 0.11591689595929512,
        "w": 0.8804762392171493
      },
      "viewCenter": {
        "x": 0,
        "y": 0,
        "z": 0
      },
      "contentRect": {
        "x": 0,
        "y": 0,
        "width": 958,
        "height": 605
      },
      "scale": 1
    },
    "277b6327-ce9c-4e06-ae2d-e7646f353af8": {
      "position": {
        "x": 23.716989594749393,
        "y": 23.716989594749386,
        "z": 23.716989594749382
      },
      "rotation": {
        "x": -0.27984814233312133,
        "y": 0.3647051996310009,
        "z": 0.11591689595929512,
        "w": 0.8804762392171493
      },
      "viewCenter": {
        "x": 0,
        "y": 0,
        "z": 0
      },
      "contentRect": {
        "x": 0,
        "y": 0,
        "width": 958,
        "height": 605
      },
      "scale": 1
    },
    "3278b58f-6e94-4168-bae2-55f20afd7485": {
      "position": {
        "x": 43.02820561338986,
        "y": 43.02820561338986,
        "z": 43.02820561338986
      },
      "rotation": {
        "x": -0.27984814233312133,
        "y": 0.3647051996310009,
        "z": 0.11591689595929512,
        "w": 0.8804762392171493
      },
      "viewCenter": {
        "x": 0,
        "y": 0,
        "z": 0
      },
      "contentRect": {
        "x": 0,
        "y": 0,
        "width": 1500,
        "height": 1000
      },
      "scale": 1
    },
    "df7b78dc-cd8b-4020-912d-ae3d453719cc": {
      "position": {
        "x": 23.716989594749393,
        "y": 23.716989594749386,
        "z": 23.716989594749382
      },
      "rotation": {
        "x": -0.27984814233312133,
        "y": 0.3647051996310009,
        "z": 0.11591689595929512,
        "w": 0.8804762392171493
      },
      "viewCenter": {
        "x": 0,
        "y": 0,
        "z": 0
      },
      "contentRect": {
        "x": 0,
        "y": 0,
        "width": 958,
        "height": 605
      },
      "scale": 1
    },
    "bd6b89d8-202b-494c-ac2d-2e84c122b89a": {
      "position": {
        "x": 33.76183224664324,
        "y": 33.76183224664323,
        "z": 33.76183224664323
      },
      "rotation": {
        "x": -0.27984814233312133,
        "y": 0.3647051996310009,
        "z": 0.11591689595929512,
        "w": 0.8804762392171493
      },
      "viewCenter": {
        "x": 0,
        "y": 0,
        "z": 0
      },
      "contentRect": {
        "x": 0,
        "y": 0,
        "width": 958,
        "height": 425
      },
      "scale": 1
    },
    "0893b47e-40c6-48a9-93d5-c94786470ffa": {
      "position": {
        "x": -0.5671569713555421,
        "y": 0.388933087314939,
        "z": 16.544730392407004
      },
      "rotation": {
        "x": 0.00006621430586427957,
        "y": -0.025551206897161723,
        "z": 0.0000016924079788715215,
        "w": 0.9996735124223808
      },
      "viewCenter": {
        "x": 0.2489438381679252,
        "y": 0.3910493415999121,
        "z": 0.5904666850742295
      },
      "contentRect": {
        "x": 0,
        "y": 0,
        "width": 958,
        "height": 425
      },
      "scale": 1
    }
  },
  "camera-uuids": [
    "c594dce2-62fe-4b28-8a01-8727a9152a0c",
    "0339a4e9-364c-4dc0-ad80-1df65eb294be",
    "b56df8b8-97bd-4154-bfe7-87fa544ebf58",
    "277b6327-ce9c-4e06-ae2d-e7646f353af8",
    "3278b58f-6e94-4168-bae2-55f20afd7485",
    "df7b78dc-cd8b-4020-912d-ae3d453719cc",
    "bd6b89d8-202b-494c-ac2d-2e84c122b89a",
    "0893b47e-40c6-48a9-93d5-c94786470ffa"
  ],
  "camera": {
    "color": [
      48,
      48,
      48,
      255
    ],
    "fov": 45,
    "far": 10000,
    "near": 0.01,
    "wheelSpeed": 0.01,
    "wanderSpeed": 10,
    "enableAcceleration": true,
    "size": "__default_design__",
    "far2D": 10000,
    "near2D": 1,
    "wheelSpeed2D": 6,
    "iso": 0,
    "aperture": 19,
    "shutter": 7
  },
  "scene_view": {
    "isSceneLightOn": true,
    "output_device": "__default_design__"
  }
}
