2025-7-25 09:42:55-debug: start **** info
2025-7-25 09:42:55-log: Cannot access game frame or container.
2025-7-25 09:42:55-debug: asset-db:require-engine-code (474ms)
2025-7-25 09:42:56-log: [box2d]:box2d wasm lib loaded.
2025-7-25 09:42:56-log: meshopt wasm decoder initialized
2025-7-25 09:42:56-log: [bullet]:bullet wasm lib loaded.
2025-7-25 09:42:56-log: Cocos Creator v3.8.6
2025-7-25 09:42:56-debug: [Assets Memory track]: asset-db-plugin-register: programming start:80.93MB, end 88.58MB, increase: 7.65MB
2025-7-25 09:42:57-debug: [Assets Memory track]: asset-db-plugin-register: builder start:88.60MB, end 224.62MB, increase: 136.02MB
2025-7-25 09:42:57-debug: [Assets Memory track]: asset-db-plugin-register: engine-extends start:224.83MB, end 227.71MB, increase: 2.88MB
2025-7-25 09:42:57-debug: [Assets Memory track]: asset-db-plugin-register: project start:80.80MB, end 227.87MB, increase: 147.07MB
2025-7-25 09:42:57-debug: [Assets Memory track]: asset-db:worker-init: initPlugin start:80.11MB, end 228.43MB, increase: 148.32MB
2025-7-25 09:42:56-log: Using legacy pipeline
2025-7-25 09:42:56-debug: [Assets Memory track]: asset-db:worker-init: initEngine start:29.51MB, end 80.09MB, increase: 50.58MB
2025-7-25 09:42:56-log: Forward render pipeline initialized.
2025-7-25 09:42:57-debug: run package(oppo-mini-game) handler(enable) start
2025-7-25 09:42:57-debug: run package(oppo-mini-game) handler(enable) success!
2025-7-25 09:42:57-debug: run package(runtime-dev-tools) handler(enable) start
2025-7-25 09:42:57-debug: run package(runtime-dev-tools) handler(enable) success!
2025-7-25 09:42:57-debug: run package(taobao-mini-game) handler(enable) start
2025-7-25 09:42:57-debug: run package(taobao-mini-game) handler(enable) success!
2025-7-25 09:42:57-debug: run package(vivo-mini-game) handler(enable) start
2025-7-25 09:42:57-debug: run package(web-desktop) handler(enable) success!
2025-7-25 09:42:57-debug: run package(web-mobile) handler(enable) success!
2025-7-25 09:42:57-debug: run package(wechatgame) handler(enable) start
2025-7-25 09:42:57-debug: run package(wechatgame) handler(enable) success!
2025-7-25 09:42:57-debug: run package(vivo-mini-game) handler(enable) success!
2025-7-25 09:42:57-debug: run package(wechatprogram) handler(enable) start
2025-7-25 09:42:57-debug: run package(windows) handler(enable) start
2025-7-25 09:42:57-debug: run package(windows) handler(enable) success!
2025-7-25 09:42:57-debug: run package(xiaomi-quick-game) handler(enable) start
2025-7-25 09:42:57-debug: run package(xiaomi-quick-game) handler(enable) success!
2025-7-25 09:42:57-debug: run package(cocos-service) handler(enable) start
2025-7-25 09:42:57-debug: run package(cocos-service) handler(enable) success!
2025-7-25 09:42:57-debug: run package(web-desktop) handler(enable) start
2025-7-25 09:42:57-debug: run package(im-plugin) handler(enable) success!
2025-7-25 09:42:57-debug: run package(fix-asset-default-userdata) handler(enable) start
2025-7-25 09:42:57-debug: run package(fix-asset-default-userdata) handler(enable) success!
2025-7-25 09:42:57-debug: run package(web-mobile) handler(enable) start
2025-7-25 09:42:57-debug: run package(placeholder) handler(enable) start
2025-7-25 09:42:57-debug: run package(placeholder) handler(enable) success!
2025-7-25 09:42:57-debug: run package(wechatprogram) handler(enable) success!
2025-7-25 09:42:57-debug: run package(im-plugin) handler(enable) start
2025-7-25 09:42:57-debug: asset-db:worker-init: initPlugin (1199ms)
2025-7-25 09:42:57-debug: [Assets Memory track]: asset-db:worker-init start:29.50MB, end 228.90MB, increase: 199.40MB
2025-7-25 09:42:57-debug: Run asset db hook programming:beforePreStart ...
2025-7-25 09:42:57-debug: Run asset db hook programming:beforePreStart success!
2025-7-25 09:42:57-debug: Run asset db hook engine-extends:beforePreStart ...
2025-7-25 09:42:57-debug: Run asset db hook engine-extends:beforePreStart success!
2025-7-25 09:42:57-debug: asset-db:worker-init (1800ms)
2025-7-25 09:42:57-debug: asset-db-hook-engine-extends-beforePreStart (55ms)
2025-7-25 09:42:57-debug: asset-db-hook-programming-beforePreStart (55ms)
2025-7-25 09:42:57-debug: Preimport db internal success
2025-7-25 09:42:57-debug: %cImport%c: /Users/zhao/Desktop/test/cocos-creator/PlaneFight/assets/Scripts/Enemy.tsbackground: #aaff85; color: #000;color: #000;
2025-7-25 09:42:57-debug: Preimport db assets success
2025-7-25 09:42:57-debug: Run asset db hook programming:afterPreStart ...
2025-7-25 09:42:57-debug: starting packer-driver...
2025-7-25 09:42:57-debug: initialize scripting environment...
2025-7-25 09:42:57-debug: [[Executor]] prepare before lock
2025-7-25 09:42:57-debug: Set detail map pack:///resolution-detail-map.json: {}
2025-7-25 09:42:57-debug: Run asset db hook engine-extends:afterPreStart ...
2025-7-25 09:42:57-debug: Start up the 'internal' database...
2025-7-25 09:42:57-debug: Run asset db hook programming:afterPreStart success!
2025-7-25 09:42:57-debug: Run asset db hook engine-extends:afterPreStart success!
2025-7-25 09:42:57-debug: [[Executor]] prepare after unlock
2025-7-25 09:42:57-debug: asset-db-hook-programming-afterPreStart (283ms)
2025-7-25 09:42:57-debug: asset-db:worker-effect-data-processing (145ms)
2025-7-25 09:42:57-debug: asset-db-hook-engine-extends-afterPreStart (145ms)
2025-7-25 09:42:57-debug: [Assets Memory track]: asset-db:worker-startup-database[internal] start:228.98MB, end 242.83MB, increase: 13.85MB
2025-7-25 09:42:57-debug: Start up the 'assets' database...
2025-7-25 09:42:57-debug: asset-db:worker-startup-database[internal] (418ms)
2025-7-25 09:42:57-debug: [Assets Memory track]: asset-db:worker-startup-database[assets] start:231.46MB, end 244.41MB, increase: 12.96MB
2025-7-25 09:42:57-debug: lazy register asset handler text
2025-7-25 09:42:57-debug: lazy register asset handler json
2025-7-25 09:42:57-debug: lazy register asset handler spine-data
2025-7-25 09:42:57-debug: lazy register asset handler dragonbones
2025-7-25 09:42:57-debug: lazy register asset handler dragonbones-atlas
2025-7-25 09:42:57-debug: lazy register asset handler terrain
2025-7-25 09:42:57-debug: lazy register asset handler javascript
2025-7-25 09:42:57-debug: lazy register asset handler typescript
2025-7-25 09:42:57-debug: lazy register asset handler prefab
2025-7-25 09:42:57-debug: lazy register asset handler scene
2025-7-25 09:42:57-debug: lazy register asset handler sprite-frame
2025-7-25 09:42:57-debug: lazy register asset handler tiled-map
2025-7-25 09:42:57-debug: lazy register asset handler buffer
2025-7-25 09:42:57-debug: lazy register asset handler image
2025-7-25 09:42:57-debug: lazy register asset handler alpha-image
2025-7-25 09:42:57-debug: lazy register asset handler sign-image
2025-7-25 09:42:57-debug: lazy register asset handler texture
2025-7-25 09:42:57-debug: lazy register asset handler texture-cube
2025-7-25 09:42:57-debug: lazy register asset handler erp-texture-cube
2025-7-25 09:42:57-debug: lazy register asset handler render-texture
2025-7-25 09:42:57-debug: lazy register asset handler texture-cube-face
2025-7-25 09:42:57-debug: lazy register asset handler rt-sprite-frame
2025-7-25 09:42:57-debug: lazy register asset handler gltf
2025-7-25 09:42:57-debug: lazy register asset handler gltf-mesh
2025-7-25 09:42:57-debug: lazy register asset handler gltf-animation
2025-7-25 09:42:57-debug: lazy register asset handler gltf-skeleton
2025-7-25 09:42:57-debug: lazy register asset handler gltf-material
2025-7-25 09:42:57-debug: lazy register asset handler gltf-scene
2025-7-25 09:42:57-debug: lazy register asset handler gltf-embeded-image
2025-7-25 09:42:57-debug: lazy register asset handler fbx
2025-7-25 09:42:57-debug: lazy register asset handler material
2025-7-25 09:42:57-debug: lazy register asset handler physics-material
2025-7-25 09:42:57-debug: lazy register asset handler effect
2025-7-25 09:42:57-debug: lazy register asset handler effect-header
2025-7-25 09:42:57-debug: lazy register asset handler audio-clip
2025-7-25 09:42:57-debug: lazy register asset handler directory
2025-7-25 09:42:57-debug: lazy register asset handler animation-graph
2025-7-25 09:42:57-debug: lazy register asset handler animation-graph-variant
2025-7-25 09:42:57-debug: lazy register asset handler animation-mask
2025-7-25 09:42:57-debug: lazy register asset handler ttf-font
2025-7-25 09:42:57-debug: lazy register asset handler bitmap-font
2025-7-25 09:42:57-debug: lazy register asset handler particle
2025-7-25 09:42:57-debug: lazy register asset handler sprite-atlas
2025-7-25 09:42:57-debug: lazy register asset handler auto-atlas
2025-7-25 09:42:57-debug: lazy register asset handler label-atlas
2025-7-25 09:42:57-debug: lazy register asset handler render-pipeline
2025-7-25 09:42:57-debug: lazy register asset handler render-stage
2025-7-25 09:42:57-debug: lazy register asset handler render-flow
2025-7-25 09:42:57-debug: lazy register asset handler instantiation-material
2025-7-25 09:42:57-debug: lazy register asset handler instantiation-mesh
2025-7-25 09:42:57-debug: lazy register asset handler instantiation-skeleton
2025-7-25 09:42:57-debug: lazy register asset handler instantiation-animation
2025-7-25 09:42:57-debug: lazy register asset handler video-clip
2025-7-25 09:42:57-debug: lazy register asset handler *
2025-7-25 09:42:57-debug: [Assets Memory track]: asset-db:worker-init: startup start:227.63MB, end 244.42MB, increase: 16.79MB
2025-7-25 09:42:57-debug: lazy register asset handler animation-clip
2025-7-25 09:42:57-debug: asset-db:worker-startup-database[assets] (379ms)
2025-7-25 09:42:57-debug: asset-db:start-database (456ms)
2025-7-25 09:42:57-debug: asset-db:ready (3469ms)
2025-7-25 09:42:57-debug: fix the bug of updateDefaultUserData
2025-7-25 09:42:57-debug: init worker message success
2025-7-25 09:42:57-debug: programming:execute-script (2ms)
2025-7-25 09:42:57-debug: [Build Memory track]: builder:worker-init start:242.24MB, end 254.80MB, increase: 12.56MB
2025-7-25 09:42:57-debug: builder:worker-init (199ms)
2025-7-25 09:43:35-debug: Query all assets info in project
2025-7-25 09:43:35-debug: init custom config: keepNodeUuid: false, useCache: true
2025-7-25 09:43:35-debug: Skip compress image, progress: 0%
2025-7-25 09:43:35-debug: Init all bundles start..., progress: 0%
2025-7-25 09:43:35-debug: 查询 Asset Bundle start, progress: 0%
2025-7-25 09:43:35-debug: // ---- build task 查询 Asset Bundle ----
2025-7-25 09:43:35-debug: Num of bundles: 2..., progress: 0%
2025-7-25 09:43:35-debug: Init bundle root assets start..., progress: 0%
2025-7-25 09:43:35-debug: Query preload assets/scripts from cc.config.json: 60f7195c-ec2a-45eb-ba94-8955f60e81d0,1c02ae6f-4492-4915-b8f8-7492a3b1e4cd,810e96e4-e456-4468-9b59-f4e8f39732c0,efe8e2a3-eace-427b-b4f1-cb8a937ec77d,e9aa9a3e-5b2b-4ac7-a2c7-073de2b2b24f,8bbdbcdd-5cd4-4100-b6d5-b7c9625b6107,50f4348b-c883-4e2f-8f11-ce233b859fa1,fda095cb-831d-4601-ad94-846013963de8,f92806d7-1768-443f-afe8-12bcde84d0f0,dd3a144d-ab7f-41f0-82b8-2e43a090d496,f0416e68-0200-4b77-a926-4f9d16e494da,970b0598-bcb0-4714-91fb-2e81440dccd8,bcd64cc6-2dd9-43f6-abbe-66318d332032,d930590d-bb92-4cc8-8bd1-23cd027f9edf,a3cd009f-0ab0-420d-9278-b9fdab939bbc,6a2d0734-bd9e-4ddf-946e-caa52498cb75,c27215d8-6835-4b68-bfbb-bdeac6100c04,b5d6115f-0370-4d7c-aad3-c194cc71cf98,871c3b6c-7379-419d-bda3-794b239ab90d,ff9b0199-ce04-4cfe-86cc-6c719f08d6e4,de1c2107-70c8-4021-8459-6399f24d01c6,cbf30902-517f-40dc-af90-a550bac27cf1
2025-7-25 09:43:35-debug:   Number of all scenes: 1
2025-7-25 09:43:35-debug:   Number of other assets: 509
2025-7-25 09:43:35-debug:   Number of all scripts: 14
2025-7-25 09:43:35-debug: Init bundle root assets success..., progress: 0%
2025-7-25 09:43:35-debug: // ---- build task 查询 Asset Bundle ---- (2ms)
2025-7-25 09:43:35-log: run build task 查询 Asset Bundle success in 2 ms√, progress: 5%
2025-7-25 09:43:35-debug: [Build Memory track]: 查询 Asset Bundle start:196.49MB, end 196.36MB, increase: -125.73KB
2025-7-25 09:43:35-debug: // ---- build task 查询 Asset Bundle ----
2025-7-25 09:43:35-debug: 查询 Asset Bundle start, progress: 5%
2025-7-25 09:43:35-debug: // ---- build task 查询 Asset Bundle ---- (1ms)
2025-7-25 09:43:35-log: run build task 查询 Asset Bundle success in 1 ms√, progress: 10%
2025-7-25 09:43:35-debug: [Build Memory track]: 查询 Asset Bundle start:196.40MB, end 196.51MB, increase: 116.75KB
2025-7-25 09:43:35-debug: 整理部分构建选项内数据到 settings.json start, progress: 10%
2025-7-25 09:43:35-debug: // ---- build task 整理部分构建选项内数据到 settings.json ----
2025-7-25 09:43:35-log: run build task 整理部分构建选项内数据到 settings.json success in √, progress: 12%
2025-7-25 09:43:35-debug: 填充脚本数据到 settings.json start, progress: 12%
2025-7-25 09:43:35-debug: [Build Memory track]: 整理部分构建选项内数据到 settings.json start:196.55MB, end 196.59MB, increase: 41.10KB
2025-7-25 09:43:35-debug: // ---- build task 填充脚本数据到 settings.json ----
2025-7-25 09:43:35-debug: // ---- build task 填充脚本数据到 settings.json ---- (1ms)
2025-7-25 09:43:35-debug: // ---- build task 整理部分构建选项内数据到 settings.json ----
2025-7-25 09:43:35-debug: [Build Memory track]: 填充脚本数据到 settings.json start:196.62MB, end 196.65MB, increase: 29.71KB
2025-7-25 09:43:35-debug: 整理部分构建选项内数据到 settings.json start, progress: 13%
2025-7-25 09:43:35-log: run build task 填充脚本数据到 settings.json success in 1 ms√, progress: 13%
2025-7-25 09:43:35-debug: // ---- build task 整理部分构建选项内数据到 settings.json ---- (1ms)
2025-7-25 09:43:35-log: run build task 整理部分构建选项内数据到 settings.json success in 1 ms√, progress: 15%
2025-7-25 09:43:35-debug: [Build Memory track]: 整理部分构建选项内数据到 settings.json start:196.68MB, end 196.82MB, increase: 142.13KB
2025-7-25 09:43:36-debug: Query all assets info in project
2025-7-25 09:43:36-debug: Query all assets info in project
2025-7-25 09:43:36-debug: init custom config: keepNodeUuid: false, useCache: true
2025-7-25 09:43:36-debug: Skip compress image, progress: 0%
2025-7-25 09:43:36-debug: init custom config: keepNodeUuid: false, useCache: true
2025-7-25 09:43:36-debug: Skip compress image, progress: 0%
2025-7-25 09:43:36-debug: Init all bundles start..., progress: 0%
2025-7-25 09:43:36-debug: Num of bundles: 2..., progress: 0%
2025-7-25 09:43:36-debug: 查询 Asset Bundle start, progress: 0%
2025-7-25 09:43:36-debug: // ---- build task 查询 Asset Bundle ----
2025-7-25 09:43:36-debug: Init bundle root assets start..., progress: 0%
2025-7-25 09:43:36-debug: Init all bundles start..., progress: 0%
2025-7-25 09:43:36-debug: // ---- build task 查询 Asset Bundle ----
2025-7-25 09:43:36-debug: Init bundle root assets start..., progress: 0%
2025-7-25 09:43:36-debug: Num of bundles: 2..., progress: 0%
2025-7-25 09:43:36-debug: 查询 Asset Bundle start, progress: 0%
2025-7-25 09:43:36-debug: Query preload assets/scripts from cc.config.json: 60f7195c-ec2a-45eb-ba94-8955f60e81d0,1c02ae6f-4492-4915-b8f8-7492a3b1e4cd,810e96e4-e456-4468-9b59-f4e8f39732c0,efe8e2a3-eace-427b-b4f1-cb8a937ec77d,e9aa9a3e-5b2b-4ac7-a2c7-073de2b2b24f,8bbdbcdd-5cd4-4100-b6d5-b7c9625b6107,50f4348b-c883-4e2f-8f11-ce233b859fa1,fda095cb-831d-4601-ad94-846013963de8,f92806d7-1768-443f-afe8-12bcde84d0f0,dd3a144d-ab7f-41f0-82b8-2e43a090d496,f0416e68-0200-4b77-a926-4f9d16e494da,970b0598-bcb0-4714-91fb-2e81440dccd8,bcd64cc6-2dd9-43f6-abbe-66318d332032,d930590d-bb92-4cc8-8bd1-23cd027f9edf,a3cd009f-0ab0-420d-9278-b9fdab939bbc,6a2d0734-bd9e-4ddf-946e-caa52498cb75,c27215d8-6835-4b68-bfbb-bdeac6100c04,b5d6115f-0370-4d7c-aad3-c194cc71cf98,871c3b6c-7379-419d-bda3-794b239ab90d,ff9b0199-ce04-4cfe-86cc-6c719f08d6e4,de1c2107-70c8-4021-8459-6399f24d01c6,cbf30902-517f-40dc-af90-a550bac27cf1
2025-7-25 09:43:36-debug: Init bundle root assets success..., progress: 0%
2025-7-25 09:43:36-debug:   Number of other assets: 509
2025-7-25 09:43:36-debug:   Number of all scripts: 14
2025-7-25 09:43:36-debug:   Number of all scenes: 1
2025-7-25 09:43:36-debug: // ---- build task 查询 Asset Bundle ---- (1ms)
2025-7-25 09:43:36-debug: 查询 Asset Bundle start, progress: 5%
2025-7-25 09:43:36-debug: [Build Memory track]: 查询 Asset Bundle start:196.50MB, end 196.36MB, increase: -144.36KB
2025-7-25 09:43:36-debug: // ---- build task 查询 Asset Bundle ----
2025-7-25 09:43:36-log: run build task 查询 Asset Bundle success in 1 ms√, progress: 5%
2025-7-25 09:43:36-debug: Query preload assets/scripts from cc.config.json: 60f7195c-ec2a-45eb-ba94-8955f60e81d0,1c02ae6f-4492-4915-b8f8-7492a3b1e4cd,810e96e4-e456-4468-9b59-f4e8f39732c0,efe8e2a3-eace-427b-b4f1-cb8a937ec77d,e9aa9a3e-5b2b-4ac7-a2c7-073de2b2b24f,8bbdbcdd-5cd4-4100-b6d5-b7c9625b6107,50f4348b-c883-4e2f-8f11-ce233b859fa1,fda095cb-831d-4601-ad94-846013963de8,f92806d7-1768-443f-afe8-12bcde84d0f0,dd3a144d-ab7f-41f0-82b8-2e43a090d496,f0416e68-0200-4b77-a926-4f9d16e494da,970b0598-bcb0-4714-91fb-2e81440dccd8,bcd64cc6-2dd9-43f6-abbe-66318d332032,d930590d-bb92-4cc8-8bd1-23cd027f9edf,a3cd009f-0ab0-420d-9278-b9fdab939bbc,6a2d0734-bd9e-4ddf-946e-caa52498cb75,c27215d8-6835-4b68-bfbb-bdeac6100c04,b5d6115f-0370-4d7c-aad3-c194cc71cf98,871c3b6c-7379-419d-bda3-794b239ab90d,ff9b0199-ce04-4cfe-86cc-6c719f08d6e4,de1c2107-70c8-4021-8459-6399f24d01c6,cbf30902-517f-40dc-af90-a550bac27cf1
2025-7-25 09:43:36-debug: Init bundle root assets success..., progress: 0%
2025-7-25 09:43:36-debug:   Number of all scripts: 14
2025-7-25 09:43:36-debug:   Number of other assets: 509
2025-7-25 09:43:36-debug:   Number of all scenes: 1
2025-7-25 09:43:36-debug: // ---- build task 查询 Asset Bundle ---- (1ms)
2025-7-25 09:43:36-log: run build task 查询 Asset Bundle success in 1 ms√, progress: 5%
2025-7-25 09:43:36-debug: [Build Memory track]: 查询 Asset Bundle start:196.41MB, end 196.47MB, increase: 58.55KB
2025-7-25 09:43:36-debug: // ---- build task 查询 Asset Bundle ----
2025-7-25 09:43:36-debug: 查询 Asset Bundle start, progress: 5%
2025-7-25 09:43:36-log: run build task 查询 Asset Bundle success in √, progress: 10%
2025-7-25 09:43:36-debug: 整理部分构建选项内数据到 settings.json start, progress: 10%
2025-7-25 09:43:36-debug: [Build Memory track]: 查询 Asset Bundle start:196.50MB, end 196.53MB, increase: 25.39KB
2025-7-25 09:43:36-debug: // ---- build task 整理部分构建选项内数据到 settings.json ----
2025-7-25 09:43:36-debug: // ---- build task 整理部分构建选项内数据到 settings.json ---- (1ms)
2025-7-25 09:43:36-log: run build task 整理部分构建选项内数据到 settings.json success in 1 ms√, progress: 12%
2025-7-25 09:43:36-debug: // ---- build task 填充脚本数据到 settings.json ----
2025-7-25 09:43:36-debug: [Build Memory track]: 整理部分构建选项内数据到 settings.json start:196.71MB, end 196.68MB, increase: -26.85KB
2025-7-25 09:43:36-debug: 填充脚本数据到 settings.json start, progress: 12%
2025-7-25 09:43:36-log: run build task 填充脚本数据到 settings.json success in √, progress: 13%
2025-7-25 09:43:36-debug: 整理部分构建选项内数据到 settings.json start, progress: 13%
2025-7-25 09:43:36-debug: // ---- build task 整理部分构建选项内数据到 settings.json ----
2025-7-25 09:43:36-debug: [Build Memory track]: 填充脚本数据到 settings.json start:196.71MB, end 196.90MB, increase: 186.71KB
2025-7-25 09:43:36-log: run build task 查询 Asset Bundle success in √, progress: 10%
2025-7-25 09:43:36-debug: 整理部分构建选项内数据到 settings.json start, progress: 10%
2025-7-25 09:43:36-debug: // ---- build task 整理部分构建选项内数据到 settings.json ----
2025-7-25 09:43:36-debug: // ---- build task 整理部分构建选项内数据到 settings.json ---- (1ms)
2025-7-25 09:43:36-debug: [Build Memory track]: 整理部分构建选项内数据到 settings.json start:196.81MB, end 196.84MB, increase: 31.91KB
2025-7-25 09:43:36-log: run build task 整理部分构建选项内数据到 settings.json success in 1 ms√, progress: 12%
2025-7-25 09:43:36-debug: 填充脚本数据到 settings.json start, progress: 12%
2025-7-25 09:43:36-debug: // ---- build task 填充脚本数据到 settings.json ----
2025-7-25 09:43:36-log: run build task 填充脚本数据到 settings.json success in √, progress: 13%
2025-7-25 09:43:36-debug: [Build Memory track]: 填充脚本数据到 settings.json start:196.87MB, end 196.89MB, increase: 19.66KB
2025-7-25 09:43:36-debug: 整理部分构建选项内数据到 settings.json start, progress: 13%
2025-7-25 09:43:36-debug: // ---- build task 整理部分构建选项内数据到 settings.json ----
2025-7-25 09:43:36-log: run build task 整理部分构建选项内数据到 settings.json success in √, progress: 15%
2025-7-25 09:43:36-debug: [Build Memory track]: 整理部分构建选项内数据到 settings.json start:196.93MB, end 197.07MB, increase: 152.09KB
2025-7-25 09:43:36-log: run build task 整理部分构建选项内数据到 settings.json success in √, progress: 15%
2025-7-25 10:32:10-debug: refresh db internal success
2025-7-25 10:32:10-debug: refresh db assets success
2025-7-25 10:32:10-debug: Run asset db hook engine-extends:afterRefresh ...
2025-7-25 10:32:10-debug: Run asset db hook engine-extends:afterRefresh success!
2025-7-25 10:32:10-debug: asset-db:refresh-all-database (47ms)
2025-7-25 10:32:10-debug: asset-db:worker-effect-data-processing (1ms)
2025-7-25 10:32:10-debug: asset-db-hook-engine-extends-afterRefresh (1ms)
2025-7-25 10:32:12-debug: Query all assets info in project
2025-7-25 10:32:12-debug: init custom config: keepNodeUuid: false, useCache: true
2025-7-25 10:32:12-debug: Skip compress image, progress: 0%
2025-7-25 10:32:12-debug: Init all bundles start..., progress: 0%
2025-7-25 10:32:12-debug: Num of bundles: 2..., progress: 0%
2025-7-25 10:32:12-debug: 查询 Asset Bundle start, progress: 0%
2025-7-25 10:32:12-debug: // ---- build task 查询 Asset Bundle ----
2025-7-25 10:32:12-debug: Init bundle root assets start..., progress: 0%
2025-7-25 10:32:12-debug: Query preload assets/scripts from cc.config.json: 60f7195c-ec2a-45eb-ba94-8955f60e81d0,1c02ae6f-4492-4915-b8f8-7492a3b1e4cd,810e96e4-e456-4468-9b59-f4e8f39732c0,efe8e2a3-eace-427b-b4f1-cb8a937ec77d,e9aa9a3e-5b2b-4ac7-a2c7-073de2b2b24f,8bbdbcdd-5cd4-4100-b6d5-b7c9625b6107,50f4348b-c883-4e2f-8f11-ce233b859fa1,fda095cb-831d-4601-ad94-846013963de8,f92806d7-1768-443f-afe8-12bcde84d0f0,dd3a144d-ab7f-41f0-82b8-2e43a090d496,f0416e68-0200-4b77-a926-4f9d16e494da,970b0598-bcb0-4714-91fb-2e81440dccd8,bcd64cc6-2dd9-43f6-abbe-66318d332032,d930590d-bb92-4cc8-8bd1-23cd027f9edf,a3cd009f-0ab0-420d-9278-b9fdab939bbc,6a2d0734-bd9e-4ddf-946e-caa52498cb75,c27215d8-6835-4b68-bfbb-bdeac6100c04,b5d6115f-0370-4d7c-aad3-c194cc71cf98,871c3b6c-7379-419d-bda3-794b239ab90d,ff9b0199-ce04-4cfe-86cc-6c719f08d6e4,de1c2107-70c8-4021-8459-6399f24d01c6,cbf30902-517f-40dc-af90-a550bac27cf1
2025-7-25 10:32:12-debug:   Number of all scripts: 14
2025-7-25 10:32:12-debug:   Number of other assets: 509
2025-7-25 10:32:12-debug:   Number of all scenes: 1
2025-7-25 10:32:12-debug: Init bundle root assets success..., progress: 0%
2025-7-25 10:32:12-debug: // ---- build task 查询 Asset Bundle ---- (2ms)
2025-7-25 10:32:12-debug: [Build Memory track]: 查询 Asset Bundle start:198.22MB, end 198.07MB, increase: -152.48KB
2025-7-25 10:32:12-debug: 查询 Asset Bundle start, progress: 5%
2025-7-25 10:32:12-debug: // ---- build task 查询 Asset Bundle ----
2025-7-25 10:32:12-log: run build task 查询 Asset Bundle success in 2 ms√, progress: 5%
2025-7-25 10:32:12-debug: [Build Memory track]: 查询 Asset Bundle start:198.10MB, end 198.20MB, increase: 102.53KB
2025-7-25 10:32:12-log: run build task 查询 Asset Bundle success in √, progress: 10%
2025-7-25 10:32:12-debug: 整理部分构建选项内数据到 settings.json start, progress: 10%
2025-7-25 10:32:12-debug: // ---- build task 整理部分构建选项内数据到 settings.json ----
2025-7-25 10:32:12-debug: // ---- build task 整理部分构建选项内数据到 settings.json ---- (1ms)
2025-7-25 10:32:12-log: run build task 整理部分构建选项内数据到 settings.json success in 1 ms√, progress: 12%
2025-7-25 10:32:12-debug: // ---- build task 填充脚本数据到 settings.json ----
2025-7-25 10:32:12-debug: 填充脚本数据到 settings.json start, progress: 12%
2025-7-25 10:32:12-debug: [Build Memory track]: 整理部分构建选项内数据到 settings.json start:198.23MB, end 198.26MB, increase: 28.36KB
2025-7-25 10:32:12-log: run build task 填充脚本数据到 settings.json success in √, progress: 13%
2025-7-25 10:32:12-debug: [Build Memory track]: 填充脚本数据到 settings.json start:198.29MB, end 198.31MB, increase: 17.73KB
2025-7-25 10:32:12-debug: 整理部分构建选项内数据到 settings.json start, progress: 13%
2025-7-25 10:32:12-debug: // ---- build task 整理部分构建选项内数据到 settings.json ----
2025-7-25 10:32:12-debug: // ---- build task 整理部分构建选项内数据到 settings.json ---- (1ms)
2025-7-25 10:32:12-log: run build task 整理部分构建选项内数据到 settings.json success in 1 ms√, progress: 15%
2025-7-25 10:32:12-debug: [Build Memory track]: 整理部分构建选项内数据到 settings.json start:198.34MB, end 198.46MB, increase: 127.76KB
2025-7-25 10:33:52-debug: refresh db internal success
2025-7-25 10:33:52-debug: refresh db assets success
2025-7-25 10:33:52-debug: Run asset db hook engine-extends:afterRefresh ...
2025-7-25 10:33:52-debug: Run asset db hook engine-extends:afterRefresh success!
2025-7-25 10:33:52-debug: asset-db:refresh-all-database (24ms)
2025-7-25 10:35:21-debug: refresh db internal success
2025-7-25 10:35:21-debug: refresh db assets success
2025-7-25 10:35:21-debug: Run asset db hook engine-extends:afterRefresh ...
2025-7-25 10:35:21-debug: Run asset db hook engine-extends:afterRefresh success!
2025-7-25 10:35:21-debug: asset-db:refresh-all-database (23ms)
2025-7-25 10:35:21-debug: asset-db:worker-effect-data-processing (1ms)
2025-7-25 10:35:21-debug: asset-db-hook-engine-extends-afterRefresh (1ms)
2025-7-25 10:37:41-debug: refresh db internal success
2025-7-25 10:37:41-debug: refresh db assets success
2025-7-25 10:37:41-debug: Run asset db hook engine-extends:afterRefresh success!
2025-7-25 10:37:41-debug: Run asset db hook engine-extends:afterRefresh ...
2025-7-25 10:37:41-debug: asset-db:refresh-all-database (35ms)
2025-7-25 10:37:41-debug: asset-db-hook-engine-extends-afterRefresh (1ms)
2025-7-25 10:37:41-debug: asset-db:worker-effect-data-processing (1ms)
2025-7-25 10:37:44-debug: refresh db internal success
2025-7-25 10:37:44-debug: refresh db assets success
2025-7-25 10:37:44-debug: Run asset db hook engine-extends:afterRefresh ...
2025-7-25 10:37:44-debug: Run asset db hook engine-extends:afterRefresh success!
2025-7-25 10:37:44-debug: asset-db:refresh-all-database (32ms)
2025-7-25 10:37:44-debug: asset-db:worker-effect-data-processing (1ms)
2025-7-25 10:37:44-debug: asset-db-hook-engine-extends-afterRefresh (1ms)
2025-7-25 10:38:54-debug: %cImport%c: /Users/zhao/Desktop/test/cocos-creator/PlaneFight/assets/Animations/Enemy1Hit.animbackground: #aaff85; color: #000;color: #000;
2025-7-25 10:38:54-debug: asset-db:reimport-assetf4464c5b-8c75-42c9-bf38-b1883a68da47 (10ms)
2025-7-25 10:39:51-debug: %cImport%c: /Users/zhao/Desktop/test/cocos-creator/PlaneFight/assets/Animations/Enemy1Hit.animbackground: #aaff85; color: #000;color: #000;
2025-7-25 10:39:51-debug: asset-db:reimport-assetf4464c5b-8c75-42c9-bf38-b1883a68da47 (3ms)
2025-7-25 10:41:21-debug: %cImport%c: /Users/zhao/Desktop/test/cocos-creator/PlaneFight/assets/Animations/Enemy1Hit.animbackground: #aaff85; color: #000;color: #000;
2025-7-25 10:41:21-debug: asset-db:reimport-assetf4464c5b-8c75-42c9-bf38-b1883a68da47 (3ms)
2025-7-25 10:41:30-debug: refresh db internal success
2025-7-25 10:41:30-debug: refresh db assets success
2025-7-25 10:41:30-debug: Run asset db hook engine-extends:afterRefresh ...
2025-7-25 10:41:30-debug: Run asset db hook engine-extends:afterRefresh success!
2025-7-25 10:41:30-debug: asset-db:refresh-all-database (38ms)
2025-7-25 10:41:30-debug: asset-db:worker-effect-data-processing (1ms)
2025-7-25 10:41:30-debug: asset-db-hook-engine-extends-afterRefresh (1ms)
2025-7-25 10:41:35-warn: 为更好地打开脚本，请在 {preferences} -> {program} -> {scriptEditor} 里配置打开脚本的应用程序
2025-7-25 10:42:52-debug: refresh db internal success
2025-7-25 10:42:52-debug: %cImport%c: /Users/zhao/Desktop/test/cocos-creator/PlaneFight/assets/Scripts/Enemy.tsbackground: #aaff85; color: #000;color: #000;
2025-7-25 10:42:52-debug: refresh db assets success
2025-7-25 10:42:52-debug: Run asset db hook engine-extends:afterRefresh ...
2025-7-25 10:42:52-debug: Run asset db hook engine-extends:afterRefresh success!
2025-7-25 10:42:52-debug: asset-db:refresh-all-database (48ms)
2025-7-25 10:42:52-debug: asset-db:worker-effect-data-processing (1ms)
2025-7-25 10:42:52-debug: asset-db-hook-engine-extends-afterRefresh (1ms)
2025-7-25 10:42:52-debug: %cImport%c: /Users/zhao/Desktop/test/cocos-creator/PlaneFight/assets/Prefabs/enemy1.prefabbackground: #aaff85; color: #000;color: #000;
2025-7-25 10:42:52-debug: asset-db:reimport-asset74b22468-4570-4af7-b957-72b163a29c91 (3ms)
2025-7-25 10:42:53-debug: Query all assets info in project
2025-7-25 10:42:53-debug: init custom config: keepNodeUuid: false, useCache: true
2025-7-25 10:42:53-debug: Skip compress image, progress: 0%
2025-7-25 10:42:53-debug: Init all bundles start..., progress: 0%
2025-7-25 10:42:53-debug: 查询 Asset Bundle start, progress: 0%
2025-7-25 10:42:53-debug: // ---- build task 查询 Asset Bundle ----
2025-7-25 10:42:53-debug: Num of bundles: 2..., progress: 0%
2025-7-25 10:42:53-debug: Init bundle root assets start..., progress: 0%
2025-7-25 10:42:53-debug: Query preload assets/scripts from cc.config.json: 60f7195c-ec2a-45eb-ba94-8955f60e81d0,1c02ae6f-4492-4915-b8f8-7492a3b1e4cd,810e96e4-e456-4468-9b59-f4e8f39732c0,efe8e2a3-eace-427b-b4f1-cb8a937ec77d,e9aa9a3e-5b2b-4ac7-a2c7-073de2b2b24f,8bbdbcdd-5cd4-4100-b6d5-b7c9625b6107,50f4348b-c883-4e2f-8f11-ce233b859fa1,fda095cb-831d-4601-ad94-846013963de8,f92806d7-1768-443f-afe8-12bcde84d0f0,dd3a144d-ab7f-41f0-82b8-2e43a090d496,f0416e68-0200-4b77-a926-4f9d16e494da,970b0598-bcb0-4714-91fb-2e81440dccd8,bcd64cc6-2dd9-43f6-abbe-66318d332032,d930590d-bb92-4cc8-8bd1-23cd027f9edf,a3cd009f-0ab0-420d-9278-b9fdab939bbc,6a2d0734-bd9e-4ddf-946e-caa52498cb75,c27215d8-6835-4b68-bfbb-bdeac6100c04,b5d6115f-0370-4d7c-aad3-c194cc71cf98,871c3b6c-7379-419d-bda3-794b239ab90d,ff9b0199-ce04-4cfe-86cc-6c719f08d6e4,de1c2107-70c8-4021-8459-6399f24d01c6,cbf30902-517f-40dc-af90-a550bac27cf1
2025-7-25 10:42:53-debug:   Number of other assets: 509
2025-7-25 10:42:53-debug:   Number of all scenes: 1
2025-7-25 10:42:53-debug:   Number of all scripts: 14
2025-7-25 10:42:53-debug: Init bundle root assets success..., progress: 0%
2025-7-25 10:42:53-debug: // ---- build task 查询 Asset Bundle ---- (1ms)
2025-7-25 10:42:53-debug: [Build Memory track]: 查询 Asset Bundle start:205.34MB, end 205.11MB, increase: -238.83KB
2025-7-25 10:42:53-log: run build task 查询 Asset Bundle success in 1 ms√, progress: 5%
2025-7-25 10:42:53-debug: 查询 Asset Bundle start, progress: 5%
2025-7-25 10:42:53-debug: // ---- build task 查询 Asset Bundle ----
2025-7-25 10:42:53-debug: // ---- build task 查询 Asset Bundle ---- (1ms)
2025-7-25 10:42:53-log: run build task 查询 Asset Bundle success in 1 ms√, progress: 10%
2025-7-25 10:42:53-debug: 整理部分构建选项内数据到 settings.json start, progress: 10%
2025-7-25 10:42:53-debug: // ---- build task 整理部分构建选项内数据到 settings.json ----
2025-7-25 10:42:53-debug: [Build Memory track]: 查询 Asset Bundle start:205.14MB, end 205.25MB, increase: 113.58KB
2025-7-25 10:42:53-log: run build task 整理部分构建选项内数据到 settings.json success in √, progress: 12%
2025-7-25 10:42:53-debug: 填充脚本数据到 settings.json start, progress: 12%
2025-7-25 10:42:53-debug: [Build Memory track]: 整理部分构建选项内数据到 settings.json start:205.28MB, end 205.31MB, increase: 25.44KB
2025-7-25 10:42:53-debug: // ---- build task 填充脚本数据到 settings.json ----
2025-7-25 10:42:53-debug: // ---- build task 填充脚本数据到 settings.json ---- (1ms)
2025-7-25 10:42:53-debug: // ---- build task 整理部分构建选项内数据到 settings.json ----
2025-7-25 10:42:53-log: run build task 填充脚本数据到 settings.json success in 1 ms√, progress: 13%
2025-7-25 10:42:53-debug: 整理部分构建选项内数据到 settings.json start, progress: 13%
2025-7-25 10:42:53-debug: [Build Memory track]: 填充脚本数据到 settings.json start:205.34MB, end 205.37MB, increase: 34.68KB
2025-7-25 10:42:53-debug: // ---- build task 整理部分构建选项内数据到 settings.json ---- (1ms)
2025-7-25 10:42:53-log: run build task 整理部分构建选项内数据到 settings.json success in 1 ms√, progress: 15%
2025-7-25 10:42:53-debug: [Build Memory track]: 整理部分构建选项内数据到 settings.json start:205.40MB, end 205.53MB, increase: 128.10KB
2025-7-25 10:43:47-debug: refresh db internal success
2025-7-25 10:43:47-debug: %cImport%c: /Users/zhao/Desktop/test/cocos-creator/PlaneFight/assets/Scripts/Enemy.tsbackground: #aaff85; color: #000;color: #000;
2025-7-25 10:43:47-debug: refresh db assets success
2025-7-25 10:43:47-debug: Run asset db hook engine-extends:afterRefresh ...
2025-7-25 10:43:47-debug: Run asset db hook engine-extends:afterRefresh success!
2025-7-25 10:43:47-debug: asset-db:refresh-all-database (45ms)
2025-7-25 10:43:47-debug: asset-db-hook-engine-extends-afterRefresh (1ms)
2025-7-25 10:43:47-debug: asset-db:worker-effect-data-processing (1ms)
2025-7-25 10:43:48-debug: Query all assets info in project
2025-7-25 10:43:48-debug: init custom config: keepNodeUuid: false, useCache: true
2025-7-25 10:43:48-debug: Skip compress image, progress: 0%
2025-7-25 10:43:48-debug: Init all bundles start..., progress: 0%
2025-7-25 10:43:48-debug: Init bundle root assets start..., progress: 0%
2025-7-25 10:43:48-debug: 查询 Asset Bundle start, progress: 0%
2025-7-25 10:43:48-debug: // ---- build task 查询 Asset Bundle ----
2025-7-25 10:43:48-debug: Num of bundles: 2..., progress: 0%
2025-7-25 10:43:48-debug: Query preload assets/scripts from cc.config.json: 60f7195c-ec2a-45eb-ba94-8955f60e81d0,1c02ae6f-4492-4915-b8f8-7492a3b1e4cd,810e96e4-e456-4468-9b59-f4e8f39732c0,efe8e2a3-eace-427b-b4f1-cb8a937ec77d,e9aa9a3e-5b2b-4ac7-a2c7-073de2b2b24f,8bbdbcdd-5cd4-4100-b6d5-b7c9625b6107,50f4348b-c883-4e2f-8f11-ce233b859fa1,fda095cb-831d-4601-ad94-846013963de8,f92806d7-1768-443f-afe8-12bcde84d0f0,dd3a144d-ab7f-41f0-82b8-2e43a090d496,f0416e68-0200-4b77-a926-4f9d16e494da,970b0598-bcb0-4714-91fb-2e81440dccd8,bcd64cc6-2dd9-43f6-abbe-66318d332032,d930590d-bb92-4cc8-8bd1-23cd027f9edf,a3cd009f-0ab0-420d-9278-b9fdab939bbc,6a2d0734-bd9e-4ddf-946e-caa52498cb75,c27215d8-6835-4b68-bfbb-bdeac6100c04,b5d6115f-0370-4d7c-aad3-c194cc71cf98,871c3b6c-7379-419d-bda3-794b239ab90d,ff9b0199-ce04-4cfe-86cc-6c719f08d6e4,de1c2107-70c8-4021-8459-6399f24d01c6,cbf30902-517f-40dc-af90-a550bac27cf1
2025-7-25 10:43:48-debug:   Number of other assets: 509
2025-7-25 10:43:48-debug:   Number of all scripts: 14
2025-7-25 10:43:48-debug: Init bundle root assets success..., progress: 0%
2025-7-25 10:43:48-debug:   Number of all scenes: 1
2025-7-25 10:43:48-debug: // ---- build task 查询 Asset Bundle ---- (2ms)
2025-7-25 10:43:48-log: run build task 查询 Asset Bundle success in 2 ms√, progress: 5%
2025-7-25 10:43:48-debug: 查询 Asset Bundle start, progress: 5%
2025-7-25 10:43:48-debug: [Build Memory track]: 查询 Asset Bundle start:206.29MB, end 206.94MB, increase: 663.61KB
2025-7-25 10:43:48-debug: // ---- build task 查询 Asset Bundle ----
2025-7-25 10:43:48-log: run build task 查询 Asset Bundle success in √, progress: 10%
2025-7-25 10:43:48-debug: [Build Memory track]: 查询 Asset Bundle start:206.97MB, end 206.31MB, increase: -681.04KB
2025-7-25 10:43:48-debug: // ---- build task 整理部分构建选项内数据到 settings.json ----
2025-7-25 10:43:48-debug: 整理部分构建选项内数据到 settings.json start, progress: 10%
2025-7-25 10:43:48-log: run build task 整理部分构建选项内数据到 settings.json success in √, progress: 12%
2025-7-25 10:43:48-debug: 填充脚本数据到 settings.json start, progress: 12%
2025-7-25 10:43:48-debug: [Build Memory track]: 整理部分构建选项内数据到 settings.json start:206.34MB, end 206.36MB, increase: 22.05KB
2025-7-25 10:43:48-debug: // ---- build task 填充脚本数据到 settings.json ----
2025-7-25 10:43:48-log: run build task 填充脚本数据到 settings.json success in √, progress: 13%
2025-7-25 10:43:48-debug: [Build Memory track]: 填充脚本数据到 settings.json start:206.39MB, end 206.41MB, increase: 16.98KB
2025-7-25 10:43:48-debug: // ---- build task 整理部分构建选项内数据到 settings.json ----
2025-7-25 10:43:48-debug: 整理部分构建选项内数据到 settings.json start, progress: 13%
2025-7-25 10:43:48-debug: // ---- build task 整理部分构建选项内数据到 settings.json ---- (2ms)
2025-7-25 10:43:48-debug: [Build Memory track]: 整理部分构建选项内数据到 settings.json start:206.44MB, end 206.57MB, increase: 127.89KB
2025-7-25 10:43:48-log: run build task 整理部分构建选项内数据到 settings.json success in 2 ms√, progress: 15%
2025-7-25 10:45:08-debug: refresh db internal success
2025-7-25 10:45:08-debug: %cImport%c: /Users/zhao/Desktop/test/cocos-creator/PlaneFight/assets/Scripts/Enemy.tsbackground: #aaff85; color: #000;color: #000;
2025-7-25 10:45:08-debug: refresh db assets success
2025-7-25 10:45:08-debug: Run asset db hook engine-extends:afterRefresh ...
2025-7-25 10:45:08-debug: Run asset db hook engine-extends:afterRefresh success!
2025-7-25 10:45:08-debug: asset-db:refresh-all-database (44ms)
2025-7-25 10:45:08-debug: asset-db:worker-effect-data-processing (1ms)
2025-7-25 10:45:08-debug: asset-db-hook-engine-extends-afterRefresh (1ms)
2025-7-25 10:45:09-debug: Query all assets info in project
2025-7-25 10:45:09-debug: init custom config: keepNodeUuid: false, useCache: true
2025-7-25 10:45:09-debug: Skip compress image, progress: 0%
2025-7-25 10:45:09-debug: Init all bundles start..., progress: 0%
2025-7-25 10:45:09-debug: 查询 Asset Bundle start, progress: 0%
2025-7-25 10:45:09-debug: Num of bundles: 2..., progress: 0%
2025-7-25 10:45:09-debug: Init bundle root assets start..., progress: 0%
2025-7-25 10:45:09-debug: // ---- build task 查询 Asset Bundle ----
2025-7-25 10:45:09-debug: Query preload assets/scripts from cc.config.json: 60f7195c-ec2a-45eb-ba94-8955f60e81d0,1c02ae6f-4492-4915-b8f8-7492a3b1e4cd,810e96e4-e456-4468-9b59-f4e8f39732c0,efe8e2a3-eace-427b-b4f1-cb8a937ec77d,e9aa9a3e-5b2b-4ac7-a2c7-073de2b2b24f,8bbdbcdd-5cd4-4100-b6d5-b7c9625b6107,50f4348b-c883-4e2f-8f11-ce233b859fa1,fda095cb-831d-4601-ad94-846013963de8,f92806d7-1768-443f-afe8-12bcde84d0f0,dd3a144d-ab7f-41f0-82b8-2e43a090d496,f0416e68-0200-4b77-a926-4f9d16e494da,970b0598-bcb0-4714-91fb-2e81440dccd8,bcd64cc6-2dd9-43f6-abbe-66318d332032,d930590d-bb92-4cc8-8bd1-23cd027f9edf,a3cd009f-0ab0-420d-9278-b9fdab939bbc,6a2d0734-bd9e-4ddf-946e-caa52498cb75,c27215d8-6835-4b68-bfbb-bdeac6100c04,b5d6115f-0370-4d7c-aad3-c194cc71cf98,871c3b6c-7379-419d-bda3-794b239ab90d,ff9b0199-ce04-4cfe-86cc-6c719f08d6e4,de1c2107-70c8-4021-8459-6399f24d01c6,cbf30902-517f-40dc-af90-a550bac27cf1
2025-7-25 10:45:09-debug:   Number of all scripts: 14
2025-7-25 10:45:09-debug:   Number of other assets: 509
2025-7-25 10:45:09-debug: Init bundle root assets success..., progress: 0%
2025-7-25 10:45:09-debug:   Number of all scenes: 1
2025-7-25 10:45:09-debug: // ---- build task 查询 Asset Bundle ---- (1ms)
2025-7-25 10:45:09-log: run build task 查询 Asset Bundle success in 1 ms√, progress: 5%
2025-7-25 10:45:09-debug: [Build Memory track]: 查询 Asset Bundle start:207.75MB, end 207.46MB, increase: -297.06KB
2025-7-25 10:45:09-debug: 查询 Asset Bundle start, progress: 5%
2025-7-25 10:45:09-debug: // ---- build task 查询 Asset Bundle ----
2025-7-25 10:45:09-debug: // ---- build task 查询 Asset Bundle ---- (1ms)
2025-7-25 10:45:09-debug: 整理部分构建选项内数据到 settings.json start, progress: 10%
2025-7-25 10:45:09-log: run build task 查询 Asset Bundle success in 1 ms√, progress: 10%
2025-7-25 10:45:09-debug: // ---- build task 整理部分构建选项内数据到 settings.json ----
2025-7-25 10:45:09-debug: [Build Memory track]: 查询 Asset Bundle start:207.48MB, end 207.59MB, increase: 106.10KB
2025-7-25 10:45:09-log: run build task 整理部分构建选项内数据到 settings.json success in √, progress: 12%
2025-7-25 10:45:09-debug: [Build Memory track]: 整理部分构建选项内数据到 settings.json start:207.61MB, end 207.63MB, increase: 14.92KB
2025-7-25 10:45:09-debug: 填充脚本数据到 settings.json start, progress: 12%
2025-7-25 10:45:09-debug: // ---- build task 填充脚本数据到 settings.json ----
2025-7-25 10:45:09-debug: // ---- build task 填充脚本数据到 settings.json ---- (1ms)
2025-7-25 10:45:09-log: run build task 填充脚本数据到 settings.json success in 1 ms√, progress: 13%
2025-7-25 10:45:09-debug: 整理部分构建选项内数据到 settings.json start, progress: 13%
2025-7-25 10:45:09-debug: // ---- build task 整理部分构建选项内数据到 settings.json ----
2025-7-25 10:45:09-debug: [Build Memory track]: 填充脚本数据到 settings.json start:207.65MB, end 207.67MB, increase: 24.30KB
2025-7-25 10:45:09-debug: // ---- build task 整理部分构建选项内数据到 settings.json ---- (1ms)
2025-7-25 10:45:09-log: run build task 整理部分构建选项内数据到 settings.json success in 1 ms√, progress: 15%
2025-7-25 10:45:09-debug: [Build Memory track]: 整理部分构建选项内数据到 settings.json start:207.70MB, end 207.82MB, increase: 123.34KB
2025-7-25 10:45:31-debug: refresh db internal success
2025-7-25 10:45:31-debug: %cImport%c: /Users/zhao/Desktop/test/cocos-creator/PlaneFight/assets/Scripts/Enemy.tsbackground: #aaff85; color: #000;color: #000;
2025-7-25 10:45:31-debug: refresh db assets success
2025-7-25 10:45:31-debug: Run asset db hook engine-extends:afterRefresh ...
2025-7-25 10:45:31-debug: Run asset db hook engine-extends:afterRefresh success!
2025-7-25 10:45:31-debug: asset-db:worker-effect-data-processing (1ms)
2025-7-25 10:45:31-debug: asset-db:refresh-all-database (19ms)
2025-7-25 10:45:31-debug: asset-db-hook-engine-extends-afterRefresh (1ms)
2025-7-25 10:45:33-debug: Query all assets info in project
2025-7-25 10:45:33-debug: init custom config: keepNodeUuid: false, useCache: true
2025-7-25 10:45:33-debug: Skip compress image, progress: 0%
2025-7-25 10:45:33-debug: Init all bundles start..., progress: 0%
2025-7-25 10:45:33-debug: 查询 Asset Bundle start, progress: 0%
2025-7-25 10:45:33-debug: Init bundle root assets start..., progress: 0%
2025-7-25 10:45:33-debug: Num of bundles: 2..., progress: 0%
2025-7-25 10:45:33-debug: // ---- build task 查询 Asset Bundle ----
2025-7-25 10:45:33-debug: Query preload assets/scripts from cc.config.json: 60f7195c-ec2a-45eb-ba94-8955f60e81d0,1c02ae6f-4492-4915-b8f8-7492a3b1e4cd,810e96e4-e456-4468-9b59-f4e8f39732c0,efe8e2a3-eace-427b-b4f1-cb8a937ec77d,e9aa9a3e-5b2b-4ac7-a2c7-073de2b2b24f,8bbdbcdd-5cd4-4100-b6d5-b7c9625b6107,50f4348b-c883-4e2f-8f11-ce233b859fa1,fda095cb-831d-4601-ad94-846013963de8,f92806d7-1768-443f-afe8-12bcde84d0f0,dd3a144d-ab7f-41f0-82b8-2e43a090d496,f0416e68-0200-4b77-a926-4f9d16e494da,970b0598-bcb0-4714-91fb-2e81440dccd8,bcd64cc6-2dd9-43f6-abbe-66318d332032,d930590d-bb92-4cc8-8bd1-23cd027f9edf,a3cd009f-0ab0-420d-9278-b9fdab939bbc,6a2d0734-bd9e-4ddf-946e-caa52498cb75,c27215d8-6835-4b68-bfbb-bdeac6100c04,b5d6115f-0370-4d7c-aad3-c194cc71cf98,871c3b6c-7379-419d-bda3-794b239ab90d,ff9b0199-ce04-4cfe-86cc-6c719f08d6e4,de1c2107-70c8-4021-8459-6399f24d01c6,cbf30902-517f-40dc-af90-a550bac27cf1
2025-7-25 10:45:33-debug:   Number of all scenes: 1
2025-7-25 10:45:33-debug:   Number of other assets: 509
2025-7-25 10:45:33-debug: Init bundle root assets success..., progress: 0%
2025-7-25 10:45:33-debug:   Number of all scripts: 14
2025-7-25 10:45:33-debug: // ---- build task 查询 Asset Bundle ---- (1ms)
2025-7-25 10:45:33-debug: 查询 Asset Bundle start, progress: 5%
2025-7-25 10:45:33-debug: [Build Memory track]: 查询 Asset Bundle start:208.76MB, end 208.48MB, increase: -290.68KB
2025-7-25 10:45:33-debug: // ---- build task 查询 Asset Bundle ----
2025-7-25 10:45:33-log: run build task 查询 Asset Bundle success in 1 ms√, progress: 5%
2025-7-25 10:45:33-log: run build task 查询 Asset Bundle success in √, progress: 10%
2025-7-25 10:45:33-debug: [Build Memory track]: 查询 Asset Bundle start:208.50MB, end 208.60MB, increase: 103.09KB
2025-7-25 10:45:33-debug: 整理部分构建选项内数据到 settings.json start, progress: 10%
2025-7-25 10:45:33-debug: // ---- build task 整理部分构建选项内数据到 settings.json ----
2025-7-25 10:45:33-log: run build task 整理部分构建选项内数据到 settings.json success in √, progress: 12%
2025-7-25 10:45:33-debug: [Build Memory track]: 整理部分构建选项内数据到 settings.json start:208.63MB, end 208.65MB, increase: 15.69KB
2025-7-25 10:45:33-debug: // ---- build task 填充脚本数据到 settings.json ----
2025-7-25 10:45:33-debug: 填充脚本数据到 settings.json start, progress: 12%
2025-7-25 10:45:33-log: run build task 填充脚本数据到 settings.json success in √, progress: 13%
2025-7-25 10:45:33-debug: [Build Memory track]: 填充脚本数据到 settings.json start:208.67MB, end 208.68MB, increase: 15.12KB
2025-7-25 10:45:33-debug: 整理部分构建选项内数据到 settings.json start, progress: 13%
2025-7-25 10:45:33-debug: // ---- build task 整理部分构建选项内数据到 settings.json ----
2025-7-25 10:45:33-debug: // ---- build task 整理部分构建选项内数据到 settings.json ---- (1ms)
2025-7-25 10:45:33-log: run build task 整理部分构建选项内数据到 settings.json success in 1 ms√, progress: 15%
2025-7-25 10:45:33-debug: [Build Memory track]: 整理部分构建选项内数据到 settings.json start:208.71MB, end 208.83MB, increase: 125.45KB
2025-7-25 10:46:01-debug: refresh db internal success
2025-7-25 10:46:01-debug: %cImport%c: /Users/zhao/Desktop/test/cocos-creator/PlaneFight/assets/Scripts/Enemy.tsbackground: #aaff85; color: #000;color: #000;
2025-7-25 10:46:01-debug: refresh db assets success
2025-7-25 10:46:01-debug: Run asset db hook engine-extends:afterRefresh ...
2025-7-25 10:46:01-debug: Run asset db hook engine-extends:afterRefresh success!
2025-7-25 10:46:01-debug: asset-db:refresh-all-database (33ms)
2025-7-25 10:46:01-debug: asset-db:worker-effect-data-processing (1ms)
2025-7-25 10:46:01-debug: asset-db-hook-engine-extends-afterRefresh (1ms)
2025-7-25 10:46:01-debug: %cImport%c: /Users/zhao/Desktop/test/cocos-creator/PlaneFight/assets/Prefabs/enemy1.prefabbackground: #aaff85; color: #000;color: #000;
2025-7-25 10:46:01-debug: asset-db:reimport-asset74b22468-4570-4af7-b957-72b163a29c91 (2ms)
2025-7-25 10:46:02-debug: Query all assets info in project
2025-7-25 10:46:02-debug: Skip compress image, progress: 0%
2025-7-25 10:46:02-debug: init custom config: keepNodeUuid: false, useCache: true
2025-7-25 10:46:02-debug: Num of bundles: 2..., progress: 0%
2025-7-25 10:46:02-debug: Init bundle root assets start..., progress: 0%
2025-7-25 10:46:02-debug: // ---- build task 查询 Asset Bundle ----
2025-7-25 10:46:02-debug: Init all bundles start..., progress: 0%
2025-7-25 10:46:02-debug: 查询 Asset Bundle start, progress: 0%
2025-7-25 10:46:02-debug: Query preload assets/scripts from cc.config.json: 60f7195c-ec2a-45eb-ba94-8955f60e81d0,1c02ae6f-4492-4915-b8f8-7492a3b1e4cd,810e96e4-e456-4468-9b59-f4e8f39732c0,efe8e2a3-eace-427b-b4f1-cb8a937ec77d,e9aa9a3e-5b2b-4ac7-a2c7-073de2b2b24f,8bbdbcdd-5cd4-4100-b6d5-b7c9625b6107,50f4348b-c883-4e2f-8f11-ce233b859fa1,fda095cb-831d-4601-ad94-846013963de8,f92806d7-1768-443f-afe8-12bcde84d0f0,dd3a144d-ab7f-41f0-82b8-2e43a090d496,f0416e68-0200-4b77-a926-4f9d16e494da,970b0598-bcb0-4714-91fb-2e81440dccd8,bcd64cc6-2dd9-43f6-abbe-66318d332032,d930590d-bb92-4cc8-8bd1-23cd027f9edf,a3cd009f-0ab0-420d-9278-b9fdab939bbc,6a2d0734-bd9e-4ddf-946e-caa52498cb75,c27215d8-6835-4b68-bfbb-bdeac6100c04,b5d6115f-0370-4d7c-aad3-c194cc71cf98,871c3b6c-7379-419d-bda3-794b239ab90d,ff9b0199-ce04-4cfe-86cc-6c719f08d6e4,de1c2107-70c8-4021-8459-6399f24d01c6,cbf30902-517f-40dc-af90-a550bac27cf1
2025-7-25 10:46:02-debug:   Number of all scenes: 1
2025-7-25 10:46:02-debug:   Number of other assets: 509
2025-7-25 10:46:02-debug:   Number of all scripts: 14
2025-7-25 10:46:02-debug: Init bundle root assets success..., progress: 0%
2025-7-25 10:46:02-debug: // ---- build task 查询 Asset Bundle ---- (3ms)
2025-7-25 10:46:02-log: run build task 查询 Asset Bundle success in 3 ms√, progress: 5%
2025-7-25 10:46:02-debug: [Build Memory track]: 查询 Asset Bundle start:209.77MB, end 209.37MB, increase: -403.87KB
2025-7-25 10:46:02-debug: // ---- build task 查询 Asset Bundle ----
2025-7-25 10:46:02-debug: 查询 Asset Bundle start, progress: 5%
2025-7-25 10:46:02-log: run build task 查询 Asset Bundle success in √, progress: 10%
2025-7-25 10:46:02-debug: 整理部分构建选项内数据到 settings.json start, progress: 10%
2025-7-25 10:46:02-debug: [Build Memory track]: 查询 Asset Bundle start:209.40MB, end 209.51MB, increase: 112.90KB
2025-7-25 10:46:02-debug: // ---- build task 整理部分构建选项内数据到 settings.json ----
2025-7-25 10:46:02-debug: // ---- build task 整理部分构建选项内数据到 settings.json ---- (1ms)
2025-7-25 10:46:02-log: run build task 整理部分构建选项内数据到 settings.json success in 1 ms√, progress: 12%
2025-7-25 10:46:02-debug: [Build Memory track]: 整理部分构建选项内数据到 settings.json start:209.53MB, end 209.55MB, increase: 22.89KB
2025-7-25 10:46:02-debug: // ---- build task 填充脚本数据到 settings.json ----
2025-7-25 10:46:02-debug: 填充脚本数据到 settings.json start, progress: 12%
2025-7-25 10:46:02-log: run build task 填充脚本数据到 settings.json success in √, progress: 13%
2025-7-25 10:46:02-debug: [Build Memory track]: 填充脚本数据到 settings.json start:209.58MB, end 209.60MB, increase: 16.44KB
2025-7-25 10:46:02-debug: // ---- build task 整理部分构建选项内数据到 settings.json ----
2025-7-25 10:46:02-debug: 整理部分构建选项内数据到 settings.json start, progress: 13%
2025-7-25 10:46:02-debug: // ---- build task 整理部分构建选项内数据到 settings.json ---- (1ms)
2025-7-25 10:46:02-debug: [Build Memory track]: 整理部分构建选项内数据到 settings.json start:209.62MB, end 209.75MB, increase: 129.23KB
2025-7-25 10:46:02-log: run build task 整理部分构建选项内数据到 settings.json success in 1 ms√, progress: 15%
2025-7-25 10:46:31-debug: refresh db internal success
2025-7-25 10:46:31-debug: refresh db assets success
2025-7-25 10:46:31-debug: Run asset db hook engine-extends:afterRefresh ...
2025-7-25 10:46:31-debug: Run asset db hook engine-extends:afterRefresh success!
2025-7-25 10:46:31-debug: asset-db:refresh-all-database (30ms)
2025-7-25 10:46:31-debug: asset-db-hook-engine-extends-afterRefresh (1ms)
2025-7-25 10:46:31-debug: asset-db:worker-effect-data-processing (1ms)
2025-7-25 10:46:47-debug: refresh db internal success
2025-7-25 10:46:47-debug: %cImport%c: /Users/zhao/Desktop/test/cocos-creator/PlaneFight/assets/Scripts/Enemy.tsbackground: #aaff85; color: #000;color: #000;
2025-7-25 10:46:47-debug: refresh db assets success
2025-7-25 10:46:47-debug: Run asset db hook engine-extends:afterRefresh ...
2025-7-25 10:46:47-debug: Run asset db hook engine-extends:afterRefresh success!
2025-7-25 10:46:47-debug: asset-db:refresh-all-database (22ms)
2025-7-25 10:46:49-debug: Query all assets info in project
2025-7-25 10:46:49-debug: init custom config: keepNodeUuid: false, useCache: true
2025-7-25 10:46:49-debug: Skip compress image, progress: 0%
2025-7-25 10:46:49-debug: Init all bundles start..., progress: 0%
2025-7-25 10:46:49-debug: Num of bundles: 2..., progress: 0%
2025-7-25 10:46:49-debug: 查询 Asset Bundle start, progress: 0%
2025-7-25 10:46:49-debug: // ---- build task 查询 Asset Bundle ----
2025-7-25 10:46:49-debug: Init bundle root assets start..., progress: 0%
2025-7-25 10:46:49-debug: Query preload assets/scripts from cc.config.json: 60f7195c-ec2a-45eb-ba94-8955f60e81d0,1c02ae6f-4492-4915-b8f8-7492a3b1e4cd,810e96e4-e456-4468-9b59-f4e8f39732c0,efe8e2a3-eace-427b-b4f1-cb8a937ec77d,e9aa9a3e-5b2b-4ac7-a2c7-073de2b2b24f,8bbdbcdd-5cd4-4100-b6d5-b7c9625b6107,50f4348b-c883-4e2f-8f11-ce233b859fa1,fda095cb-831d-4601-ad94-846013963de8,f92806d7-1768-443f-afe8-12bcde84d0f0,dd3a144d-ab7f-41f0-82b8-2e43a090d496,f0416e68-0200-4b77-a926-4f9d16e494da,970b0598-bcb0-4714-91fb-2e81440dccd8,bcd64cc6-2dd9-43f6-abbe-66318d332032,d930590d-bb92-4cc8-8bd1-23cd027f9edf,a3cd009f-0ab0-420d-9278-b9fdab939bbc,6a2d0734-bd9e-4ddf-946e-caa52498cb75,c27215d8-6835-4b68-bfbb-bdeac6100c04,b5d6115f-0370-4d7c-aad3-c194cc71cf98,871c3b6c-7379-419d-bda3-794b239ab90d,ff9b0199-ce04-4cfe-86cc-6c719f08d6e4,de1c2107-70c8-4021-8459-6399f24d01c6,cbf30902-517f-40dc-af90-a550bac27cf1
2025-7-25 10:46:49-debug:   Number of all scenes: 1
2025-7-25 10:46:49-debug:   Number of all scripts: 14
2025-7-25 10:46:49-debug:   Number of other assets: 509
2025-7-25 10:46:49-debug: Init bundle root assets success..., progress: 0%
2025-7-25 10:46:49-debug: // ---- build task 查询 Asset Bundle ---- (2ms)
2025-7-25 10:46:49-debug: [Build Memory track]: 查询 Asset Bundle start:210.41MB, end 210.11MB, increase: -303.46KB
2025-7-25 10:46:49-debug: // ---- build task 查询 Asset Bundle ----
2025-7-25 10:46:49-debug: 查询 Asset Bundle start, progress: 5%
2025-7-25 10:46:49-log: run build task 查询 Asset Bundle success in 2 ms√, progress: 5%
2025-7-25 10:46:49-log: run build task 查询 Asset Bundle success in √, progress: 10%
2025-7-25 10:46:49-debug: // ---- build task 整理部分构建选项内数据到 settings.json ----
2025-7-25 10:46:49-debug: [Build Memory track]: 查询 Asset Bundle start:210.13MB, end 210.23MB, increase: 99.77KB
2025-7-25 10:46:49-debug: 整理部分构建选项内数据到 settings.json start, progress: 10%
2025-7-25 10:46:49-debug: // ---- build task 整理部分构建选项内数据到 settings.json ---- (1ms)
2025-7-25 10:46:49-debug: [Build Memory track]: 整理部分构建选项内数据到 settings.json start:210.26MB, end 210.28MB, increase: 23.63KB
2025-7-25 10:46:49-debug: 填充脚本数据到 settings.json start, progress: 12%
2025-7-25 10:46:49-debug: // ---- build task 填充脚本数据到 settings.json ----
2025-7-25 10:46:49-log: run build task 整理部分构建选项内数据到 settings.json success in 1 ms√, progress: 12%
2025-7-25 10:46:49-log: run build task 填充脚本数据到 settings.json success in √, progress: 13%
2025-7-25 10:46:49-debug: [Build Memory track]: 填充脚本数据到 settings.json start:210.31MB, end 210.32MB, increase: 15.91KB
2025-7-25 10:46:49-debug: 整理部分构建选项内数据到 settings.json start, progress: 13%
2025-7-25 10:46:49-debug: // ---- build task 整理部分构建选项内数据到 settings.json ----
2025-7-25 10:46:49-debug: // ---- build task 整理部分构建选项内数据到 settings.json ---- (1ms)
2025-7-25 10:46:49-log: run build task 整理部分构建选项内数据到 settings.json success in 1 ms√, progress: 15%
2025-7-25 10:46:49-debug: [Build Memory track]: 整理部分构建选项内数据到 settings.json start:210.35MB, end 210.47MB, increase: 122.67KB
2025-7-25 10:50:29-debug: refresh db internal success
2025-7-25 10:50:29-debug: %cImport%c: /Users/zhao/Desktop/test/cocos-creator/PlaneFight/assets/Scripts/Enemy.tsbackground: #aaff85; color: #000;color: #000;
2025-7-25 10:50:29-debug: refresh db assets success
2025-7-25 10:50:29-debug: Run asset db hook engine-extends:afterRefresh ...
2025-7-25 10:50:29-debug: Run asset db hook engine-extends:afterRefresh success!
2025-7-25 10:50:29-debug: asset-db:refresh-all-database (21ms)
2025-7-25 10:50:29-debug: asset-db-hook-engine-extends-afterRefresh (2ms)
2025-7-25 10:50:29-debug: asset-db:worker-effect-data-processing (1ms)
2025-7-25 10:50:29-debug: %cImport%c: /Users/zhao/Desktop/test/cocos-creator/PlaneFight/assets/Prefabs/enemy1.prefabbackground: #aaff85; color: #000;color: #000;
2025-7-25 10:50:29-debug: asset-db:reimport-asset74b22468-4570-4af7-b957-72b163a29c91 (2ms)
2025-7-25 10:50:30-debug: Query all assets info in project
2025-7-25 10:50:30-debug: init custom config: keepNodeUuid: false, useCache: true
2025-7-25 10:50:30-debug: Skip compress image, progress: 0%
2025-7-25 10:50:30-debug: Init all bundles start..., progress: 0%
2025-7-25 10:50:30-debug: // ---- build task 查询 Asset Bundle ----
2025-7-25 10:50:30-debug: 查询 Asset Bundle start, progress: 0%
2025-7-25 10:50:30-debug: Num of bundles: 2..., progress: 0%
2025-7-25 10:50:30-debug: Init bundle root assets start..., progress: 0%
2025-7-25 10:50:30-debug: Query preload assets/scripts from cc.config.json: 60f7195c-ec2a-45eb-ba94-8955f60e81d0,1c02ae6f-4492-4915-b8f8-7492a3b1e4cd,810e96e4-e456-4468-9b59-f4e8f39732c0,efe8e2a3-eace-427b-b4f1-cb8a937ec77d,e9aa9a3e-5b2b-4ac7-a2c7-073de2b2b24f,8bbdbcdd-5cd4-4100-b6d5-b7c9625b6107,50f4348b-c883-4e2f-8f11-ce233b859fa1,fda095cb-831d-4601-ad94-846013963de8,f92806d7-1768-443f-afe8-12bcde84d0f0,dd3a144d-ab7f-41f0-82b8-2e43a090d496,f0416e68-0200-4b77-a926-4f9d16e494da,970b0598-bcb0-4714-91fb-2e81440dccd8,bcd64cc6-2dd9-43f6-abbe-66318d332032,d930590d-bb92-4cc8-8bd1-23cd027f9edf,a3cd009f-0ab0-420d-9278-b9fdab939bbc,6a2d0734-bd9e-4ddf-946e-caa52498cb75,c27215d8-6835-4b68-bfbb-bdeac6100c04,b5d6115f-0370-4d7c-aad3-c194cc71cf98,871c3b6c-7379-419d-bda3-794b239ab90d,ff9b0199-ce04-4cfe-86cc-6c719f08d6e4,de1c2107-70c8-4021-8459-6399f24d01c6,cbf30902-517f-40dc-af90-a550bac27cf1
2025-7-25 10:50:30-debug:   Number of all scripts: 14
2025-7-25 10:50:30-debug: Init bundle root assets success..., progress: 0%
2025-7-25 10:50:30-debug:   Number of all scenes: 1
2025-7-25 10:50:30-debug:   Number of other assets: 509
2025-7-25 10:50:30-debug: // ---- build task 查询 Asset Bundle ---- (1ms)
2025-7-25 10:50:30-log: run build task 查询 Asset Bundle success in 1 ms√, progress: 5%
2025-7-25 10:50:30-debug: [Build Memory track]: 查询 Asset Bundle start:210.61MB, end 211.23MB, increase: 636.56KB
2025-7-25 10:50:30-debug: 查询 Asset Bundle start, progress: 5%
2025-7-25 10:50:30-debug: // ---- build task 查询 Asset Bundle ----
2025-7-25 10:50:30-log: run build task 查询 Asset Bundle success in √, progress: 10%
2025-7-25 10:50:30-debug: [Build Memory track]: 查询 Asset Bundle start:211.26MB, end 210.58MB, increase: -698.15KB
2025-7-25 10:50:30-debug: 整理部分构建选项内数据到 settings.json start, progress: 10%
2025-7-25 10:50:30-debug: // ---- build task 整理部分构建选项内数据到 settings.json ----
2025-7-25 10:50:30-log: run build task 整理部分构建选项内数据到 settings.json success in √, progress: 12%
2025-7-25 10:50:30-debug: [Build Memory track]: 整理部分构建选项内数据到 settings.json start:210.60MB, end 210.62MB, increase: 15.55KB
2025-7-25 10:50:30-debug: 填充脚本数据到 settings.json start, progress: 12%
2025-7-25 10:50:30-debug: // ---- build task 填充脚本数据到 settings.json ----
2025-7-25 10:50:30-log: run build task 填充脚本数据到 settings.json success in √, progress: 13%
2025-7-25 10:50:30-debug: 整理部分构建选项内数据到 settings.json start, progress: 13%
2025-7-25 10:50:30-debug: // ---- build task 整理部分构建选项内数据到 settings.json ----
2025-7-25 10:50:30-debug: [Build Memory track]: 填充脚本数据到 settings.json start:210.64MB, end 210.66MB, increase: 15.23KB
2025-7-25 10:50:30-debug: // ---- build task 整理部分构建选项内数据到 settings.json ---- (1ms)
2025-7-25 10:50:30-log: run build task 整理部分构建选项内数据到 settings.json success in 1 ms√, progress: 15%
2025-7-25 10:50:30-debug: [Build Memory track]: 整理部分构建选项内数据到 settings.json start:210.68MB, end 210.82MB, increase: 135.92KB
2025-7-25 10:50:59-debug: refresh db internal success
2025-7-25 10:50:59-debug: refresh db assets success
2025-7-25 10:50:59-debug: Run asset db hook engine-extends:afterRefresh ...
2025-7-25 10:50:59-debug: Run asset db hook engine-extends:afterRefresh success!
2025-7-25 10:50:59-debug: asset-db:refresh-all-database (27ms)
2025-7-25 10:50:59-debug: asset-db-hook-engine-extends-afterRefresh (1ms)
2025-7-25 10:51:01-debug: Query all assets info in project
2025-7-25 10:51:01-debug: Skip compress image, progress: 0%
2025-7-25 10:51:01-debug: init custom config: keepNodeUuid: false, useCache: true
2025-7-25 10:51:01-debug: Init all bundles start..., progress: 0%
2025-7-25 10:51:01-debug: Num of bundles: 2..., progress: 0%
2025-7-25 10:51:01-debug: // ---- build task 查询 Asset Bundle ----
2025-7-25 10:51:01-debug: 查询 Asset Bundle start, progress: 0%
2025-7-25 10:51:01-debug: Init bundle root assets start..., progress: 0%
2025-7-25 10:51:01-debug: Query preload assets/scripts from cc.config.json: 60f7195c-ec2a-45eb-ba94-8955f60e81d0,1c02ae6f-4492-4915-b8f8-7492a3b1e4cd,810e96e4-e456-4468-9b59-f4e8f39732c0,efe8e2a3-eace-427b-b4f1-cb8a937ec77d,e9aa9a3e-5b2b-4ac7-a2c7-073de2b2b24f,8bbdbcdd-5cd4-4100-b6d5-b7c9625b6107,50f4348b-c883-4e2f-8f11-ce233b859fa1,fda095cb-831d-4601-ad94-846013963de8,f92806d7-1768-443f-afe8-12bcde84d0f0,dd3a144d-ab7f-41f0-82b8-2e43a090d496,f0416e68-0200-4b77-a926-4f9d16e494da,970b0598-bcb0-4714-91fb-2e81440dccd8,bcd64cc6-2dd9-43f6-abbe-66318d332032,d930590d-bb92-4cc8-8bd1-23cd027f9edf,a3cd009f-0ab0-420d-9278-b9fdab939bbc,6a2d0734-bd9e-4ddf-946e-caa52498cb75,c27215d8-6835-4b68-bfbb-bdeac6100c04,b5d6115f-0370-4d7c-aad3-c194cc71cf98,871c3b6c-7379-419d-bda3-794b239ab90d,ff9b0199-ce04-4cfe-86cc-6c719f08d6e4,de1c2107-70c8-4021-8459-6399f24d01c6,cbf30902-517f-40dc-af90-a550bac27cf1
2025-7-25 10:51:01-debug:   Number of all scripts: 14
2025-7-25 10:51:01-debug:   Number of all scenes: 1
2025-7-25 10:51:01-debug: // ---- build task 查询 Asset Bundle ---- (1ms)
2025-7-25 10:51:01-log: run build task 查询 Asset Bundle success in 1 ms√, progress: 5%
2025-7-25 10:51:01-debug: Init bundle root assets success..., progress: 0%
2025-7-25 10:51:01-debug: 查询 Asset Bundle start, progress: 5%
2025-7-25 10:51:01-debug: // ---- build task 查询 Asset Bundle ----
2025-7-25 10:51:01-debug:   Number of other assets: 509
2025-7-25 10:51:01-debug: [Build Memory track]: 查询 Asset Bundle start:211.19MB, end 211.88MB, increase: 711.07KB
2025-7-25 10:51:01-debug: 整理部分构建选项内数据到 settings.json start, progress: 10%
2025-7-25 10:51:01-debug: // ---- build task 整理部分构建选项内数据到 settings.json ----
2025-7-25 10:51:01-debug: // ---- build task 查询 Asset Bundle ---- (2ms)
2025-7-25 10:51:01-log: run build task 查询 Asset Bundle success in 2 ms√, progress: 10%
2025-7-25 10:51:01-debug: [Build Memory track]: 查询 Asset Bundle start:212.13MB, end 211.18MB, increase: -971.62KB
2025-7-25 10:51:01-log: run build task 整理部分构建选项内数据到 settings.json success in √, progress: 12%
2025-7-25 10:51:01-debug: 填充脚本数据到 settings.json start, progress: 12%
2025-7-25 10:51:01-debug: [Build Memory track]: 整理部分构建选项内数据到 settings.json start:211.21MB, end 211.22MB, increase: 14.25KB
2025-7-25 10:51:01-debug: // ---- build task 填充脚本数据到 settings.json ----
2025-7-25 10:51:01-log: run build task 填充脚本数据到 settings.json success in √, progress: 13%
2025-7-25 10:51:01-debug: [Build Memory track]: 填充脚本数据到 settings.json start:211.25MB, end 211.27MB, increase: 19.75KB
2025-7-25 10:51:01-debug: 整理部分构建选项内数据到 settings.json start, progress: 13%
2025-7-25 10:51:01-debug: // ---- build task 整理部分构建选项内数据到 settings.json ----
2025-7-25 10:51:01-debug: // ---- build task 整理部分构建选项内数据到 settings.json ---- (1ms)
2025-7-25 10:51:01-log: run build task 整理部分构建选项内数据到 settings.json success in 1 ms√, progress: 15%
2025-7-25 10:51:01-debug: [Build Memory track]: 整理部分构建选项内数据到 settings.json start:211.29MB, end 211.43MB, increase: 140.73KB
2025-7-25 10:51:55-debug: refresh db internal success
2025-7-25 10:51:55-debug: %cImport%c: /Users/zhao/Desktop/test/cocos-creator/PlaneFight/assets/Scripts/Enemy.tsbackground: #aaff85; color: #000;color: #000;
2025-7-25 10:51:55-debug: refresh db assets success
2025-7-25 10:51:55-debug: Run asset db hook engine-extends:afterRefresh ...
2025-7-25 10:51:55-debug: Run asset db hook engine-extends:afterRefresh success!
2025-7-25 10:51:55-debug: asset-db-hook-engine-extends-afterRefresh (1ms)
2025-7-25 10:51:55-debug: asset-db:refresh-all-database (27ms)
2025-7-25 10:51:57-debug: %cImport%c: /Users/zhao/Desktop/test/cocos-creator/PlaneFight/assets/Prefabs/enemy1.prefabbackground: #aaff85; color: #000;color: #000;
2025-7-25 10:51:57-debug: asset-db:reimport-asset74b22468-4570-4af7-b957-72b163a29c91 (1ms)
2025-7-25 10:51:57-debug: Query all assets info in project
2025-7-25 10:51:57-debug: init custom config: keepNodeUuid: false, useCache: true
2025-7-25 10:51:57-debug: Skip compress image, progress: 0%
2025-7-25 10:51:57-debug: Init all bundles start..., progress: 0%
2025-7-25 10:51:57-debug: 查询 Asset Bundle start, progress: 0%
2025-7-25 10:51:57-debug: Num of bundles: 2..., progress: 0%
2025-7-25 10:51:57-debug: // ---- build task 查询 Asset Bundle ----
2025-7-25 10:51:57-debug: Init bundle root assets start..., progress: 0%
2025-7-25 10:51:57-debug: Query preload assets/scripts from cc.config.json: 60f7195c-ec2a-45eb-ba94-8955f60e81d0,1c02ae6f-4492-4915-b8f8-7492a3b1e4cd,810e96e4-e456-4468-9b59-f4e8f39732c0,efe8e2a3-eace-427b-b4f1-cb8a937ec77d,e9aa9a3e-5b2b-4ac7-a2c7-073de2b2b24f,8bbdbcdd-5cd4-4100-b6d5-b7c9625b6107,50f4348b-c883-4e2f-8f11-ce233b859fa1,fda095cb-831d-4601-ad94-846013963de8,f92806d7-1768-443f-afe8-12bcde84d0f0,dd3a144d-ab7f-41f0-82b8-2e43a090d496,f0416e68-0200-4b77-a926-4f9d16e494da,970b0598-bcb0-4714-91fb-2e81440dccd8,bcd64cc6-2dd9-43f6-abbe-66318d332032,d930590d-bb92-4cc8-8bd1-23cd027f9edf,a3cd009f-0ab0-420d-9278-b9fdab939bbc,6a2d0734-bd9e-4ddf-946e-caa52498cb75,c27215d8-6835-4b68-bfbb-bdeac6100c04,b5d6115f-0370-4d7c-aad3-c194cc71cf98,871c3b6c-7379-419d-bda3-794b239ab90d,ff9b0199-ce04-4cfe-86cc-6c719f08d6e4,de1c2107-70c8-4021-8459-6399f24d01c6,cbf30902-517f-40dc-af90-a550bac27cf1
2025-7-25 10:51:57-debug: Init bundle root assets success..., progress: 0%
2025-7-25 10:51:57-debug:   Number of all scenes: 1
2025-7-25 10:51:57-debug:   Number of all scripts: 14
2025-7-25 10:51:57-debug:   Number of other assets: 509
2025-7-25 10:51:57-debug: // ---- build task 查询 Asset Bundle ---- (1ms)
2025-7-25 10:51:57-log: run build task 查询 Asset Bundle success in 1 ms√, progress: 5%
2025-7-25 10:51:57-debug: [Build Memory track]: 查询 Asset Bundle start:212.08MB, end 211.83MB, increase: -260.01KB
2025-7-25 10:51:57-debug: 查询 Asset Bundle start, progress: 5%
2025-7-25 10:51:57-debug: // ---- build task 查询 Asset Bundle ----
2025-7-25 10:51:57-log: run build task 查询 Asset Bundle success in √, progress: 10%
2025-7-25 10:51:57-debug: 整理部分构建选项内数据到 settings.json start, progress: 10%
2025-7-25 10:51:57-debug: [Build Memory track]: 查询 Asset Bundle start:211.85MB, end 211.95MB, increase: 99.28KB
2025-7-25 10:51:57-debug: // ---- build task 整理部分构建选项内数据到 settings.json ----
2025-7-25 10:51:57-log: run build task 整理部分构建选项内数据到 settings.json success in √, progress: 12%
2025-7-25 10:51:57-debug: [Build Memory track]: 整理部分构建选项内数据到 settings.json start:211.97MB, end 211.99MB, increase: 15.48KB
2025-7-25 10:51:57-debug: 填充脚本数据到 settings.json start, progress: 12%
2025-7-25 10:51:57-debug: // ---- build task 填充脚本数据到 settings.json ----
2025-7-25 10:51:57-log: run build task 填充脚本数据到 settings.json success in √, progress: 13%
2025-7-25 10:51:57-debug: [Build Memory track]: 填充脚本数据到 settings.json start:212.01MB, end 212.03MB, increase: 15.08KB
2025-7-25 10:51:57-debug: 整理部分构建选项内数据到 settings.json start, progress: 13%
2025-7-25 10:51:57-debug: // ---- build task 整理部分构建选项内数据到 settings.json ----
2025-7-25 10:51:57-log: run build task 整理部分构建选项内数据到 settings.json success in √, progress: 15%
2025-7-25 10:51:57-debug: [Build Memory track]: 整理部分构建选项内数据到 settings.json start:212.05MB, end 212.17MB, increase: 120.92KB
2025-7-25 10:52:47-debug: refresh db internal success
2025-7-25 10:52:47-debug: refresh db assets success
2025-7-25 10:52:47-debug: Run asset db hook engine-extends:afterRefresh ...
2025-7-25 10:52:47-debug: Run asset db hook engine-extends:afterRefresh success!
2025-7-25 10:52:47-debug: asset-db:refresh-all-database (23ms)
2025-7-25 10:52:47-debug: asset-db:worker-effect-data-processing (1ms)
2025-7-25 10:52:47-debug: asset-db-hook-engine-extends-afterRefresh (2ms)
2025-7-25 10:52:48-debug: Query all assets info in project
2025-7-25 10:52:48-debug: init custom config: keepNodeUuid: false, useCache: true
2025-7-25 10:52:48-debug: Skip compress image, progress: 0%
2025-7-25 10:52:48-debug: Init all bundles start..., progress: 0%
2025-7-25 10:52:48-debug: Num of bundles: 2..., progress: 0%
2025-7-25 10:52:48-debug: 查询 Asset Bundle start, progress: 0%
2025-7-25 10:52:48-debug: // ---- build task 查询 Asset Bundle ----
2025-7-25 10:52:48-debug: Init bundle root assets start..., progress: 0%
2025-7-25 10:52:48-debug: Query preload assets/scripts from cc.config.json: 60f7195c-ec2a-45eb-ba94-8955f60e81d0,1c02ae6f-4492-4915-b8f8-7492a3b1e4cd,810e96e4-e456-4468-9b59-f4e8f39732c0,efe8e2a3-eace-427b-b4f1-cb8a937ec77d,e9aa9a3e-5b2b-4ac7-a2c7-073de2b2b24f,8bbdbcdd-5cd4-4100-b6d5-b7c9625b6107,50f4348b-c883-4e2f-8f11-ce233b859fa1,fda095cb-831d-4601-ad94-846013963de8,f92806d7-1768-443f-afe8-12bcde84d0f0,dd3a144d-ab7f-41f0-82b8-2e43a090d496,f0416e68-0200-4b77-a926-4f9d16e494da,970b0598-bcb0-4714-91fb-2e81440dccd8,bcd64cc6-2dd9-43f6-abbe-66318d332032,d930590d-bb92-4cc8-8bd1-23cd027f9edf,a3cd009f-0ab0-420d-9278-b9fdab939bbc,6a2d0734-bd9e-4ddf-946e-caa52498cb75,c27215d8-6835-4b68-bfbb-bdeac6100c04,b5d6115f-0370-4d7c-aad3-c194cc71cf98,871c3b6c-7379-419d-bda3-794b239ab90d,ff9b0199-ce04-4cfe-86cc-6c719f08d6e4,de1c2107-70c8-4021-8459-6399f24d01c6,cbf30902-517f-40dc-af90-a550bac27cf1
2025-7-25 10:52:48-debug:   Number of all scenes: 1
2025-7-25 10:52:48-debug:   Number of all scripts: 14
2025-7-25 10:52:48-debug:   Number of other assets: 509
2025-7-25 10:52:48-debug: Init bundle root assets success..., progress: 0%
2025-7-25 10:52:48-debug: // ---- build task 查询 Asset Bundle ---- (1ms)
2025-7-25 10:52:48-debug: // ---- build task 查询 Asset Bundle ----
2025-7-25 10:52:48-log: run build task 查询 Asset Bundle success in 1 ms√, progress: 5%
2025-7-25 10:52:48-debug: 查询 Asset Bundle start, progress: 5%
2025-7-25 10:52:48-debug: [Build Memory track]: 查询 Asset Bundle start:212.57MB, end 213.19MB, increase: 635.72KB
2025-7-25 10:52:48-log: run build task 查询 Asset Bundle success in √, progress: 10%
2025-7-25 10:52:48-debug: [Build Memory track]: 查询 Asset Bundle start:213.21MB, end 212.55MB, increase: -676.99KB
2025-7-25 10:52:48-debug: 整理部分构建选项内数据到 settings.json start, progress: 10%
2025-7-25 10:52:48-debug: // ---- build task 整理部分构建选项内数据到 settings.json ----
2025-7-25 10:52:48-log: run build task 整理部分构建选项内数据到 settings.json success in √, progress: 12%
2025-7-25 10:52:48-debug: 填充脚本数据到 settings.json start, progress: 12%
2025-7-25 10:52:48-debug: // ---- build task 填充脚本数据到 settings.json ----
2025-7-25 10:52:48-debug: [Build Memory track]: 整理部分构建选项内数据到 settings.json start:212.58MB, end 212.59MB, increase: 15.58KB
2025-7-25 10:52:48-log: run build task 填充脚本数据到 settings.json success in √, progress: 13%
2025-7-25 10:52:48-debug: [Build Memory track]: 填充脚本数据到 settings.json start:212.62MB, end 212.63MB, increase: 14.61KB
2025-7-25 10:52:48-debug: 整理部分构建选项内数据到 settings.json start, progress: 13%
2025-7-25 10:52:48-debug: // ---- build task 整理部分构建选项内数据到 settings.json ----
2025-7-25 10:52:48-debug: // ---- build task 整理部分构建选项内数据到 settings.json ---- (1ms)
2025-7-25 10:52:48-debug: [Build Memory track]: 整理部分构建选项内数据到 settings.json start:212.66MB, end 212.78MB, increase: 132.20KB
2025-7-25 10:52:48-log: run build task 整理部分构建选项内数据到 settings.json success in 1 ms√, progress: 15%
2025-7-25 10:53:06-debug: refresh db internal success
2025-7-25 10:53:06-debug: %cImport%c: /Users/zhao/Desktop/test/cocos-creator/PlaneFight/assets/Scripts/Enemy.tsbackground: #aaff85; color: #000;color: #000;
2025-7-25 10:53:06-debug: refresh db assets success
2025-7-25 10:53:06-debug: Run asset db hook engine-extends:afterRefresh ...
2025-7-25 10:53:06-debug: Run asset db hook engine-extends:afterRefresh success!
2025-7-25 10:53:06-debug: asset-db:worker-effect-data-processing (1ms)
2025-7-25 10:53:06-debug: asset-db:refresh-all-database (26ms)
2025-7-25 10:53:06-debug: asset-db-hook-engine-extends-afterRefresh (1ms)
2025-7-25 10:53:41-debug: start refresh asset from /Users/zhao/Desktop/test/cocos-creator/PlaneFight/assets/Animations/Enemy2Hit.anim...
2025-7-25 10:53:41-debug: %cImport%c: /Users/zhao/Desktop/test/cocos-creator/PlaneFight/assets/Animations/Enemy2Hit.animbackground: #aaff85; color: #000;color: #000;
2025-7-25 10:53:41-debug: refresh asset /Users/zhao/Desktop/test/cocos-creator/PlaneFight/assets/Animations success
2025-7-25 10:53:41-debug: %cImport%c: /Users/zhao/Desktop/test/cocos-creator/PlaneFight/assets/Animationsbackground: #aaff85; color: #000;color: #000;
2025-7-25 10:53:41-debug: refresh db internal success
2025-7-25 10:53:41-debug: refresh db assets success
2025-7-25 10:53:41-debug: Run asset db hook engine-extends:afterRefresh ...
2025-7-25 10:53:41-debug: Run asset db hook engine-extends:afterRefresh success!
2025-7-25 10:53:41-debug: asset-db:refresh-all-database (18ms)
2025-7-25 10:53:41-debug: asset-db:worker-effect-data-processing (1ms)
2025-7-25 10:53:41-debug: asset-db-hook-engine-extends-afterRefresh (1ms)
2025-7-25 10:54:47-debug: %cImport%c: /Users/zhao/Desktop/test/cocos-creator/PlaneFight/assets/Animations/Enemy2Hit.animbackground: #aaff85; color: #000;color: #000;
2025-7-25 10:54:47-debug: asset-db:reimport-asset638d7da6-1e77-46c1-a42c-209ee006ed0e (5ms)
2025-7-25 10:54:52-debug: %cImport%c: /Users/zhao/Desktop/test/cocos-creator/PlaneFight/assets/Prefabs/enemy2.prefabbackground: #aaff85; color: #000;color: #000;
2025-7-25 10:54:52-debug: asset-db:reimport-assetf23ab7a8-1e0f-468d-8276-d2272c442545 (7ms)
2025-7-25 10:54:55-debug: Query all assets info in project
2025-7-25 10:54:55-debug: init custom config: keepNodeUuid: false, useCache: true
2025-7-25 10:54:55-debug: Skip compress image, progress: 0%
2025-7-25 10:54:55-debug: Init all bundles start..., progress: 0%
2025-7-25 10:54:55-debug: // ---- build task 查询 Asset Bundle ----
2025-7-25 10:54:55-debug: Num of bundles: 2..., progress: 0%
2025-7-25 10:54:55-debug: 查询 Asset Bundle start, progress: 0%
2025-7-25 10:54:55-debug: Init bundle root assets start..., progress: 0%
2025-7-25 10:54:55-debug: Query preload assets/scripts from cc.config.json: 60f7195c-ec2a-45eb-ba94-8955f60e81d0,1c02ae6f-4492-4915-b8f8-7492a3b1e4cd,810e96e4-e456-4468-9b59-f4e8f39732c0,efe8e2a3-eace-427b-b4f1-cb8a937ec77d,e9aa9a3e-5b2b-4ac7-a2c7-073de2b2b24f,8bbdbcdd-5cd4-4100-b6d5-b7c9625b6107,50f4348b-c883-4e2f-8f11-ce233b859fa1,fda095cb-831d-4601-ad94-846013963de8,f92806d7-1768-443f-afe8-12bcde84d0f0,dd3a144d-ab7f-41f0-82b8-2e43a090d496,f0416e68-0200-4b77-a926-4f9d16e494da,970b0598-bcb0-4714-91fb-2e81440dccd8,bcd64cc6-2dd9-43f6-abbe-66318d332032,d930590d-bb92-4cc8-8bd1-23cd027f9edf,a3cd009f-0ab0-420d-9278-b9fdab939bbc,6a2d0734-bd9e-4ddf-946e-caa52498cb75,c27215d8-6835-4b68-bfbb-bdeac6100c04,b5d6115f-0370-4d7c-aad3-c194cc71cf98,871c3b6c-7379-419d-bda3-794b239ab90d,ff9b0199-ce04-4cfe-86cc-6c719f08d6e4,de1c2107-70c8-4021-8459-6399f24d01c6,cbf30902-517f-40dc-af90-a550bac27cf1
2025-7-25 10:54:55-debug:   Number of all scenes: 1
2025-7-25 10:54:55-debug:   Number of all scripts: 14
2025-7-25 10:54:55-debug:   Number of other assets: 510
2025-7-25 10:54:55-debug: Init bundle root assets success..., progress: 0%
2025-7-25 10:54:55-debug: // ---- build task 查询 Asset Bundle ---- (1ms)
2025-7-25 10:54:55-debug: [Build Memory track]: 查询 Asset Bundle start:214.54MB, end 214.24MB, increase: -301.72KB
2025-7-25 10:54:55-debug: // ---- build task 查询 Asset Bundle ----
2025-7-25 10:54:55-debug: 查询 Asset Bundle start, progress: 5%
2025-7-25 10:54:55-log: run build task 查询 Asset Bundle success in 1 ms√, progress: 5%
2025-7-25 10:54:55-log: run build task 查询 Asset Bundle success in √, progress: 10%
2025-7-25 10:54:55-debug: // ---- build task 整理部分构建选项内数据到 settings.json ----
2025-7-25 10:54:55-debug: 整理部分构建选项内数据到 settings.json start, progress: 10%
2025-7-25 10:54:55-debug: [Build Memory track]: 查询 Asset Bundle start:214.27MB, end 214.37MB, increase: 106.44KB
2025-7-25 10:54:55-log: run build task 整理部分构建选项内数据到 settings.json success in √, progress: 12%
2025-7-25 10:54:55-debug: [Build Memory track]: 整理部分构建选项内数据到 settings.json start:214.39MB, end 214.41MB, increase: 15.59KB
2025-7-25 10:54:55-debug: 填充脚本数据到 settings.json start, progress: 12%
2025-7-25 10:54:55-debug: // ---- build task 填充脚本数据到 settings.json ----
2025-7-25 10:54:55-log: run build task 填充脚本数据到 settings.json success in √, progress: 13%
2025-7-25 10:54:55-debug: [Build Memory track]: 填充脚本数据到 settings.json start:214.43MB, end 214.45MB, increase: 14.87KB
2025-7-25 10:54:55-debug: 整理部分构建选项内数据到 settings.json start, progress: 13%
2025-7-25 10:54:55-debug: // ---- build task 整理部分构建选项内数据到 settings.json ----
2025-7-25 10:54:55-log: run build task 整理部分构建选项内数据到 settings.json success in √, progress: 15%
2025-7-25 10:54:55-debug: [Build Memory track]: 整理部分构建选项内数据到 settings.json start:214.47MB, end 214.59MB, increase: 121.28KB
2025-7-25 10:55:36-debug: %cImport%c: /Users/zhao/Desktop/test/cocos-creator/PlaneFight/assets/Prefabs/enemy2.prefabbackground: #aaff85; color: #000;color: #000;
2025-7-25 10:55:36-debug: asset-db:reimport-assetf23ab7a8-1e0f-468d-8276-d2272c442545 (5ms)
2025-7-25 10:55:45-debug: %cImport%c: /Users/zhao/Desktop/test/cocos-creator/PlaneFight/assets/Prefabs/enemy2.prefabbackground: #aaff85; color: #000;color: #000;
2025-7-25 10:55:45-debug: asset-db:reimport-assetf23ab7a8-1e0f-468d-8276-d2272c442545 (4ms)
2025-7-25 10:55:47-debug: %cImport%c: /Users/zhao/Desktop/test/cocos-creator/PlaneFight/assets/Prefabs/enemy2.prefabbackground: #aaff85; color: #000;color: #000;
2025-7-25 10:55:47-debug: asset-db:reimport-assetf23ab7a8-1e0f-468d-8276-d2272c442545 (2ms)
2025-7-25 10:55:49-debug: Query all assets info in project
2025-7-25 10:55:49-debug: init custom config: keepNodeUuid: false, useCache: true
2025-7-25 10:55:49-debug: Skip compress image, progress: 0%
2025-7-25 10:55:49-debug: Init all bundles start..., progress: 0%
2025-7-25 10:55:49-debug: Num of bundles: 2..., progress: 0%
2025-7-25 10:55:49-debug: 查询 Asset Bundle start, progress: 0%
2025-7-25 10:55:49-debug: // ---- build task 查询 Asset Bundle ----
2025-7-25 10:55:49-debug: Init bundle root assets start..., progress: 0%
2025-7-25 10:55:49-debug: Query preload assets/scripts from cc.config.json: 60f7195c-ec2a-45eb-ba94-8955f60e81d0,1c02ae6f-4492-4915-b8f8-7492a3b1e4cd,810e96e4-e456-4468-9b59-f4e8f39732c0,efe8e2a3-eace-427b-b4f1-cb8a937ec77d,e9aa9a3e-5b2b-4ac7-a2c7-073de2b2b24f,8bbdbcdd-5cd4-4100-b6d5-b7c9625b6107,50f4348b-c883-4e2f-8f11-ce233b859fa1,fda095cb-831d-4601-ad94-846013963de8,f92806d7-1768-443f-afe8-12bcde84d0f0,dd3a144d-ab7f-41f0-82b8-2e43a090d496,f0416e68-0200-4b77-a926-4f9d16e494da,970b0598-bcb0-4714-91fb-2e81440dccd8,bcd64cc6-2dd9-43f6-abbe-66318d332032,d930590d-bb92-4cc8-8bd1-23cd027f9edf,a3cd009f-0ab0-420d-9278-b9fdab939bbc,6a2d0734-bd9e-4ddf-946e-caa52498cb75,c27215d8-6835-4b68-bfbb-bdeac6100c04,b5d6115f-0370-4d7c-aad3-c194cc71cf98,871c3b6c-7379-419d-bda3-794b239ab90d,ff9b0199-ce04-4cfe-86cc-6c719f08d6e4,de1c2107-70c8-4021-8459-6399f24d01c6,cbf30902-517f-40dc-af90-a550bac27cf1
2025-7-25 10:55:49-debug: Init bundle root assets success..., progress: 0%
2025-7-25 10:55:49-debug:   Number of all scripts: 14
2025-7-25 10:55:49-debug:   Number of other assets: 510
2025-7-25 10:55:49-debug:   Number of all scenes: 1
2025-7-25 10:55:49-debug: // ---- build task 查询 Asset Bundle ---- (2ms)
2025-7-25 10:55:49-debug: 查询 Asset Bundle start, progress: 5%
2025-7-25 10:55:49-log: run build task 查询 Asset Bundle success in 2 ms√, progress: 5%
2025-7-25 10:55:49-debug: // ---- build task 查询 Asset Bundle ----
2025-7-25 10:55:49-debug: [Build Memory track]: 查询 Asset Bundle start:214.70MB, end 214.42MB, increase: -282.31KB
2025-7-25 10:55:49-log: run build task 查询 Asset Bundle success in √, progress: 10%
2025-7-25 10:55:49-debug: [Build Memory track]: 查询 Asset Bundle start:214.45MB, end 214.54MB, increase: 99.50KB
2025-7-25 10:55:49-debug: 整理部分构建选项内数据到 settings.json start, progress: 10%
2025-7-25 10:55:49-debug: // ---- build task 整理部分构建选项内数据到 settings.json ----
2025-7-25 10:55:49-log: run build task 整理部分构建选项内数据到 settings.json success in √, progress: 12%
2025-7-25 10:55:49-debug: [Build Memory track]: 整理部分构建选项内数据到 settings.json start:214.57MB, end 214.58MB, increase: 15.49KB
2025-7-25 10:55:49-debug: // ---- build task 填充脚本数据到 settings.json ----
2025-7-25 10:55:49-debug: 填充脚本数据到 settings.json start, progress: 12%
2025-7-25 10:55:49-debug: // ---- build task 填充脚本数据到 settings.json ---- (1ms)
2025-7-25 10:55:49-log: run build task 填充脚本数据到 settings.json success in 1 ms√, progress: 13%
2025-7-25 10:55:49-debug: // ---- build task 整理部分构建选项内数据到 settings.json ----
2025-7-25 10:55:49-debug: 整理部分构建选项内数据到 settings.json start, progress: 13%
2025-7-25 10:55:49-debug: [Build Memory track]: 填充脚本数据到 settings.json start:214.61MB, end 214.63MB, increase: 22.70KB
2025-7-25 10:55:49-debug: // ---- build task 整理部分构建选项内数据到 settings.json ---- (1ms)
2025-7-25 10:55:49-log: run build task 整理部分构建选项内数据到 settings.json success in 1 ms√, progress: 15%
2025-7-25 10:55:49-debug: [Build Memory track]: 整理部分构建选项内数据到 settings.json start:214.66MB, end 214.78MB, increase: 122.98KB
2025-7-25 11:02:19-debug: refresh db internal success
2025-7-25 11:02:19-debug: %cImport%c: /Users/zhao/Desktop/test/cocos-creator/PlaneFight/assets/Scripts/Enemy.tsbackground: #aaff85; color: #000;color: #000;
2025-7-25 11:02:19-debug: refresh db assets success
2025-7-25 11:02:19-debug: Run asset db hook engine-extends:afterRefresh success!
2025-7-25 11:02:19-debug: Run asset db hook engine-extends:afterRefresh ...
2025-7-25 11:02:19-debug: asset-db:refresh-all-database (51ms)
2025-7-25 11:02:19-debug: asset-db:worker-effect-data-processing (2ms)
2025-7-25 11:02:19-debug: asset-db-hook-engine-extends-afterRefresh (3ms)
2025-7-25 11:02:20-debug: %cImport%c: /Users/zhao/Desktop/test/cocos-creator/PlaneFight/assets/Scenes/Start.scenebackground: #aaff85; color: #000;color: #000;
2025-7-25 11:02:20-debug: asset-db:reimport-asset2fda4d65-a1e9-4078-8250-de49b04cdc34 (15ms)
2025-7-25 11:02:20-debug: Query all assets info in project
2025-7-25 11:02:20-debug: init custom config: keepNodeUuid: false, useCache: true
2025-7-25 11:02:20-debug: Skip compress image, progress: 0%
2025-7-25 11:02:20-debug: Init all bundles start..., progress: 0%
2025-7-25 11:02:20-debug: Num of bundles: 2..., progress: 0%
2025-7-25 11:02:20-debug: 查询 Asset Bundle start, progress: 0%
2025-7-25 11:02:20-debug: Init bundle root assets start..., progress: 0%
2025-7-25 11:02:20-debug: // ---- build task 查询 Asset Bundle ----
2025-7-25 11:02:20-debug: Query preload assets/scripts from cc.config.json: 60f7195c-ec2a-45eb-ba94-8955f60e81d0,1c02ae6f-4492-4915-b8f8-7492a3b1e4cd,810e96e4-e456-4468-9b59-f4e8f39732c0,efe8e2a3-eace-427b-b4f1-cb8a937ec77d,e9aa9a3e-5b2b-4ac7-a2c7-073de2b2b24f,8bbdbcdd-5cd4-4100-b6d5-b7c9625b6107,50f4348b-c883-4e2f-8f11-ce233b859fa1,fda095cb-831d-4601-ad94-846013963de8,f92806d7-1768-443f-afe8-12bcde84d0f0,dd3a144d-ab7f-41f0-82b8-2e43a090d496,f0416e68-0200-4b77-a926-4f9d16e494da,970b0598-bcb0-4714-91fb-2e81440dccd8,bcd64cc6-2dd9-43f6-abbe-66318d332032,d930590d-bb92-4cc8-8bd1-23cd027f9edf,a3cd009f-0ab0-420d-9278-b9fdab939bbc,6a2d0734-bd9e-4ddf-946e-caa52498cb75,c27215d8-6835-4b68-bfbb-bdeac6100c04,b5d6115f-0370-4d7c-aad3-c194cc71cf98,871c3b6c-7379-419d-bda3-794b239ab90d,ff9b0199-ce04-4cfe-86cc-6c719f08d6e4,de1c2107-70c8-4021-8459-6399f24d01c6,cbf30902-517f-40dc-af90-a550bac27cf1
2025-7-25 11:02:20-debug:   Number of all scripts: 14
2025-7-25 11:02:20-debug: Init bundle root assets success..., progress: 0%
2025-7-25 11:02:20-debug:   Number of other assets: 510
2025-7-25 11:02:20-debug:   Number of all scenes: 1
2025-7-25 11:02:20-debug: // ---- build task 查询 Asset Bundle ---- (1ms)
2025-7-25 11:02:20-log: run build task 查询 Asset Bundle success in 1 ms√, progress: 5%
2025-7-25 11:02:20-debug: 查询 Asset Bundle start, progress: 5%
2025-7-25 11:02:20-debug: [Build Memory track]: 查询 Asset Bundle start:197.98MB, end 197.71MB, increase: -285.88KB
2025-7-25 11:02:20-debug: // ---- build task 查询 Asset Bundle ----
2025-7-25 11:02:20-log: run build task 查询 Asset Bundle success in √, progress: 10%
2025-7-25 11:02:20-debug: [Build Memory track]: 查询 Asset Bundle start:197.73MB, end 197.83MB, increase: 100.46KB
2025-7-25 11:02:20-debug: 整理部分构建选项内数据到 settings.json start, progress: 10%
2025-7-25 11:02:20-debug: // ---- build task 整理部分构建选项内数据到 settings.json ----
2025-7-25 11:02:20-log: run build task 整理部分构建选项内数据到 settings.json success in √, progress: 12%
2025-7-25 11:02:20-debug: [Build Memory track]: 整理部分构建选项内数据到 settings.json start:197.85MB, end 197.87MB, increase: 14.02KB
2025-7-25 11:02:20-debug: 填充脚本数据到 settings.json start, progress: 12%
2025-7-25 11:02:20-debug: // ---- build task 填充脚本数据到 settings.json ----
2025-7-25 11:02:20-log: run build task 填充脚本数据到 settings.json success in √, progress: 13%
2025-7-25 11:02:20-debug: [Build Memory track]: 填充脚本数据到 settings.json start:197.89MB, end 197.91MB, increase: 16.17KB
2025-7-25 11:02:20-debug: 整理部分构建选项内数据到 settings.json start, progress: 13%
2025-7-25 11:02:20-debug: // ---- build task 整理部分构建选项内数据到 settings.json ----
2025-7-25 11:02:20-debug: // ---- build task 整理部分构建选项内数据到 settings.json ---- (1ms)
2025-7-25 11:02:20-log: run build task 整理部分构建选项内数据到 settings.json success in 1 ms√, progress: 15%
2025-7-25 11:02:20-debug: [Build Memory track]: 整理部分构建选项内数据到 settings.json start:197.93MB, end 198.06MB, increase: 131.99KB
2025-7-25 11:02:49-debug: %cImport%c: /Users/zhao/Desktop/test/cocos-creator/PlaneFight/assets/Animations/Enemy2Hit.animbackground: #aaff85; color: #000;color: #000;
2025-7-25 11:02:49-debug: asset-db:reimport-asset638d7da6-1e77-46c1-a42c-209ee006ed0e (4ms)
2025-7-25 11:03:01-debug: %cImport%c: /Users/zhao/Desktop/test/cocos-creator/PlaneFight/assets/Animations/Enemy1Hit.animbackground: #aaff85; color: #000;color: #000;
2025-7-25 11:03:01-debug: asset-db:reimport-assetf4464c5b-8c75-42c9-bf38-b1883a68da47 (3ms)
2025-7-25 11:03:01-debug: Query all assets info in project
2025-7-25 11:03:01-debug: init custom config: keepNodeUuid: false, useCache: true
2025-7-25 11:03:01-debug: Skip compress image, progress: 0%
2025-7-25 11:03:01-debug: Init all bundles start..., progress: 0%
2025-7-25 11:03:01-debug: Num of bundles: 2..., progress: 0%
2025-7-25 11:03:01-debug: Init bundle root assets start..., progress: 0%
2025-7-25 11:03:01-debug: // ---- build task 查询 Asset Bundle ----
2025-7-25 11:03:01-debug: 查询 Asset Bundle start, progress: 0%
2025-7-25 11:03:01-debug: Query preload assets/scripts from cc.config.json: 60f7195c-ec2a-45eb-ba94-8955f60e81d0,1c02ae6f-4492-4915-b8f8-7492a3b1e4cd,810e96e4-e456-4468-9b59-f4e8f39732c0,efe8e2a3-eace-427b-b4f1-cb8a937ec77d,e9aa9a3e-5b2b-4ac7-a2c7-073de2b2b24f,8bbdbcdd-5cd4-4100-b6d5-b7c9625b6107,50f4348b-c883-4e2f-8f11-ce233b859fa1,fda095cb-831d-4601-ad94-846013963de8,f92806d7-1768-443f-afe8-12bcde84d0f0,dd3a144d-ab7f-41f0-82b8-2e43a090d496,f0416e68-0200-4b77-a926-4f9d16e494da,970b0598-bcb0-4714-91fb-2e81440dccd8,bcd64cc6-2dd9-43f6-abbe-66318d332032,d930590d-bb92-4cc8-8bd1-23cd027f9edf,a3cd009f-0ab0-420d-9278-b9fdab939bbc,6a2d0734-bd9e-4ddf-946e-caa52498cb75,c27215d8-6835-4b68-bfbb-bdeac6100c04,b5d6115f-0370-4d7c-aad3-c194cc71cf98,871c3b6c-7379-419d-bda3-794b239ab90d,ff9b0199-ce04-4cfe-86cc-6c719f08d6e4,de1c2107-70c8-4021-8459-6399f24d01c6,cbf30902-517f-40dc-af90-a550bac27cf1
2025-7-25 11:03:01-debug:   Number of other assets: 510
2025-7-25 11:03:01-debug:   Number of all scripts: 14
2025-7-25 11:03:01-debug: Init bundle root assets success..., progress: 0%
2025-7-25 11:03:01-debug:   Number of all scenes: 1
2025-7-25 11:03:01-debug: // ---- build task 查询 Asset Bundle ---- (1ms)
2025-7-25 11:03:01-debug: [Build Memory track]: 查询 Asset Bundle start:197.61MB, end 198.24MB, increase: 639.06KB
2025-7-25 11:03:01-debug: 查询 Asset Bundle start, progress: 5%
2025-7-25 11:03:01-log: run build task 查询 Asset Bundle success in 1 ms√, progress: 5%
2025-7-25 11:03:01-debug: // ---- build task 查询 Asset Bundle ----
2025-7-25 11:03:01-debug: // ---- build task 查询 Asset Bundle ---- (1ms)
2025-7-25 11:03:01-log: run build task 查询 Asset Bundle success in 1 ms√, progress: 10%
2025-7-25 11:03:01-debug: [Build Memory track]: 查询 Asset Bundle start:198.26MB, end 197.65MB, increase: -630.02KB
2025-7-25 11:03:01-debug: // ---- build task 整理部分构建选项内数据到 settings.json ----
2025-7-25 11:03:01-debug: 整理部分构建选项内数据到 settings.json start, progress: 10%
2025-7-25 11:03:01-log: run build task 整理部分构建选项内数据到 settings.json success in √, progress: 12%
2025-7-25 11:03:01-debug: [Build Memory track]: 整理部分构建选项内数据到 settings.json start:197.67MB, end 197.69MB, increase: 16.15KB
2025-7-25 11:03:01-debug: // ---- build task 填充脚本数据到 settings.json ----
2025-7-25 11:03:01-debug: 填充脚本数据到 settings.json start, progress: 12%
2025-7-25 11:03:01-log: run build task 填充脚本数据到 settings.json success in √, progress: 13%
2025-7-25 11:03:01-debug: [Build Memory track]: 填充脚本数据到 settings.json start:197.71MB, end 197.73MB, increase: 15.17KB
2025-7-25 11:03:01-debug: 整理部分构建选项内数据到 settings.json start, progress: 13%
2025-7-25 11:03:01-debug: // ---- build task 整理部分构建选项内数据到 settings.json ----
2025-7-25 11:03:01-debug: // ---- build task 整理部分构建选项内数据到 settings.json ---- (1ms)
2025-7-25 11:03:01-log: run build task 整理部分构建选项内数据到 settings.json success in 1 ms√, progress: 15%
2025-7-25 11:03:01-debug: [Build Memory track]: 整理部分构建选项内数据到 settings.json start:197.75MB, end 197.87MB, increase: 124.81KB
2025-7-25 11:03:11-debug: %cImport%c: /Users/zhao/Desktop/test/cocos-creator/PlaneFight/assets/Animations/Enemy1Hit.animbackground: #aaff85; color: #000;color: #000;
2025-7-25 11:03:11-debug: asset-db:reimport-assetf4464c5b-8c75-42c9-bf38-b1883a68da47 (2ms)
2025-7-25 11:03:12-debug: %cImport%c: /Users/zhao/Desktop/test/cocos-creator/PlaneFight/assets/Animations/Enemy1Hit.animbackground: #aaff85; color: #000;color: #000;
2025-7-25 11:03:12-debug: asset-db:reimport-assetf4464c5b-8c75-42c9-bf38-b1883a68da47 (2ms)
2025-7-25 11:03:13-debug: Query all assets info in project
2025-7-25 11:03:13-debug: init custom config: keepNodeUuid: false, useCache: true
2025-7-25 11:03:13-debug: Skip compress image, progress: 0%
2025-7-25 11:03:13-debug: Init all bundles start..., progress: 0%
2025-7-25 11:03:13-debug: Num of bundles: 2..., progress: 0%
2025-7-25 11:03:13-debug: Init bundle root assets start..., progress: 0%
2025-7-25 11:03:13-debug: // ---- build task 查询 Asset Bundle ----
2025-7-25 11:03:13-debug: 查询 Asset Bundle start, progress: 0%
2025-7-25 11:03:13-debug: Query preload assets/scripts from cc.config.json: 60f7195c-ec2a-45eb-ba94-8955f60e81d0,1c02ae6f-4492-4915-b8f8-7492a3b1e4cd,810e96e4-e456-4468-9b59-f4e8f39732c0,efe8e2a3-eace-427b-b4f1-cb8a937ec77d,e9aa9a3e-5b2b-4ac7-a2c7-073de2b2b24f,8bbdbcdd-5cd4-4100-b6d5-b7c9625b6107,50f4348b-c883-4e2f-8f11-ce233b859fa1,fda095cb-831d-4601-ad94-846013963de8,f92806d7-1768-443f-afe8-12bcde84d0f0,dd3a144d-ab7f-41f0-82b8-2e43a090d496,f0416e68-0200-4b77-a926-4f9d16e494da,970b0598-bcb0-4714-91fb-2e81440dccd8,bcd64cc6-2dd9-43f6-abbe-66318d332032,d930590d-bb92-4cc8-8bd1-23cd027f9edf,a3cd009f-0ab0-420d-9278-b9fdab939bbc,6a2d0734-bd9e-4ddf-946e-caa52498cb75,c27215d8-6835-4b68-bfbb-bdeac6100c04,b5d6115f-0370-4d7c-aad3-c194cc71cf98,871c3b6c-7379-419d-bda3-794b239ab90d,ff9b0199-ce04-4cfe-86cc-6c719f08d6e4,de1c2107-70c8-4021-8459-6399f24d01c6,cbf30902-517f-40dc-af90-a550bac27cf1
2025-7-25 11:03:13-debug:   Number of other assets: 510
2025-7-25 11:03:13-debug:   Number of all scripts: 14
2025-7-25 11:03:13-debug: Init bundle root assets success..., progress: 0%
2025-7-25 11:03:13-debug:   Number of all scenes: 1
2025-7-25 11:03:13-debug: // ---- build task 查询 Asset Bundle ---- (1ms)
2025-7-25 11:03:13-log: run build task 查询 Asset Bundle success in 1 ms√, progress: 5%
2025-7-25 11:03:13-debug: [Build Memory track]: 查询 Asset Bundle start:198.11MB, end 197.82MB, increase: -299.50KB
2025-7-25 11:03:13-debug: 查询 Asset Bundle start, progress: 5%
2025-7-25 11:03:13-debug: // ---- build task 查询 Asset Bundle ----
2025-7-25 11:03:13-log: run build task 查询 Asset Bundle success in √, progress: 10%
2025-7-25 11:03:13-debug: 整理部分构建选项内数据到 settings.json start, progress: 10%
2025-7-25 11:03:13-debug: [Build Memory track]: 查询 Asset Bundle start:197.84MB, end 197.94MB, increase: 99.24KB
2025-7-25 11:03:13-debug: // ---- build task 整理部分构建选项内数据到 settings.json ----
2025-7-25 11:03:13-log: run build task 整理部分构建选项内数据到 settings.json success in √, progress: 12%
2025-7-25 11:03:13-debug: 填充脚本数据到 settings.json start, progress: 12%
2025-7-25 11:03:13-debug: [Build Memory track]: 整理部分构建选项内数据到 settings.json start:197.97MB, end 197.98MB, increase: 15.52KB
2025-7-25 11:03:13-debug: // ---- build task 填充脚本数据到 settings.json ----
2025-7-25 11:03:13-log: run build task 填充脚本数据到 settings.json success in √, progress: 13%
2025-7-25 11:03:13-debug: [Build Memory track]: 填充脚本数据到 settings.json start:198.01MB, end 198.02MB, increase: 15.17KB
2025-7-25 11:03:13-debug: // ---- build task 整理部分构建选项内数据到 settings.json ----
2025-7-25 11:03:13-debug: 整理部分构建选项内数据到 settings.json start, progress: 13%
2025-7-25 11:03:13-debug: // ---- build task 整理部分构建选项内数据到 settings.json ---- (1ms)
2025-7-25 11:03:13-log: run build task 整理部分构建选项内数据到 settings.json success in 1 ms√, progress: 15%
2025-7-25 11:03:13-debug: [Build Memory track]: 整理部分构建选项内数据到 settings.json start:198.05MB, end 198.17MB, increase: 121.86KB
2025-7-25 11:03:21-debug: refresh db internal success
2025-7-25 11:03:21-debug: refresh db assets success
2025-7-25 11:03:21-debug: Run asset db hook engine-extends:afterRefresh ...
2025-7-25 11:03:21-debug: Run asset db hook engine-extends:afterRefresh success!
2025-7-25 11:03:21-debug: asset-db:refresh-all-database (42ms)
2025-7-25 11:03:24-debug: %cImport%c: /Users/zhao/Desktop/test/cocos-creator/PlaneFight/assets/Animations/Enemy1Hit.animbackground: #aaff85; color: #000;color: #000;
2025-7-25 11:03:24-debug: asset-db:reimport-assetf4464c5b-8c75-42c9-bf38-b1883a68da47 (4ms)
2025-7-25 11:03:26-debug: %cImport%c: /Users/zhao/Desktop/test/cocos-creator/PlaneFight/assets/Animations/Enemy1Hit.animbackground: #aaff85; color: #000;color: #000;
2025-7-25 11:03:26-debug: asset-db:reimport-assetf4464c5b-8c75-42c9-bf38-b1883a68da47 (3ms)
2025-7-25 11:03:27-debug: %cImport%c: /Users/zhao/Desktop/test/cocos-creator/PlaneFight/assets/Animations/Enemy1Hit.animbackground: #aaff85; color: #000;color: #000;
2025-7-25 11:03:27-debug: asset-db:reimport-assetf4464c5b-8c75-42c9-bf38-b1883a68da47 (2ms)
2025-7-25 11:03:28-debug: Query all assets info in project
2025-7-25 11:03:28-debug: init custom config: keepNodeUuid: false, useCache: true
2025-7-25 11:03:28-debug: Skip compress image, progress: 0%
2025-7-25 11:03:28-debug: Init all bundles start..., progress: 0%
2025-7-25 11:03:28-debug: Init bundle root assets start..., progress: 0%
2025-7-25 11:03:28-debug: 查询 Asset Bundle start, progress: 0%
2025-7-25 11:03:28-debug: // ---- build task 查询 Asset Bundle ----
2025-7-25 11:03:28-debug: Num of bundles: 2..., progress: 0%
2025-7-25 11:03:28-debug: Query preload assets/scripts from cc.config.json: 60f7195c-ec2a-45eb-ba94-8955f60e81d0,1c02ae6f-4492-4915-b8f8-7492a3b1e4cd,810e96e4-e456-4468-9b59-f4e8f39732c0,efe8e2a3-eace-427b-b4f1-cb8a937ec77d,e9aa9a3e-5b2b-4ac7-a2c7-073de2b2b24f,8bbdbcdd-5cd4-4100-b6d5-b7c9625b6107,50f4348b-c883-4e2f-8f11-ce233b859fa1,fda095cb-831d-4601-ad94-846013963de8,f92806d7-1768-443f-afe8-12bcde84d0f0,dd3a144d-ab7f-41f0-82b8-2e43a090d496,f0416e68-0200-4b77-a926-4f9d16e494da,970b0598-bcb0-4714-91fb-2e81440dccd8,bcd64cc6-2dd9-43f6-abbe-66318d332032,d930590d-bb92-4cc8-8bd1-23cd027f9edf,a3cd009f-0ab0-420d-9278-b9fdab939bbc,6a2d0734-bd9e-4ddf-946e-caa52498cb75,c27215d8-6835-4b68-bfbb-bdeac6100c04,b5d6115f-0370-4d7c-aad3-c194cc71cf98,871c3b6c-7379-419d-bda3-794b239ab90d,ff9b0199-ce04-4cfe-86cc-6c719f08d6e4,de1c2107-70c8-4021-8459-6399f24d01c6,cbf30902-517f-40dc-af90-a550bac27cf1
2025-7-25 11:03:28-debug:   Number of all scripts: 14
2025-7-25 11:03:28-debug:   Number of all scenes: 1
2025-7-25 11:03:28-debug:   Number of other assets: 510
2025-7-25 11:03:28-debug: Init bundle root assets success..., progress: 0%
2025-7-25 11:03:28-debug: // ---- build task 查询 Asset Bundle ---- (4ms)
2025-7-25 11:03:28-debug: [Build Memory track]: 查询 Asset Bundle start:198.65MB, end 198.50MB, increase: -158.04KB
2025-7-25 11:03:28-debug: 查询 Asset Bundle start, progress: 5%
2025-7-25 11:03:28-debug: // ---- build task 查询 Asset Bundle ----
2025-7-25 11:03:28-log: run build task 查询 Asset Bundle success in 4 ms√, progress: 5%
2025-7-25 11:03:28-debug: // ---- build task 查询 Asset Bundle ---- (2ms)
2025-7-25 11:03:28-debug: [Build Memory track]: 查询 Asset Bundle start:198.52MB, end 198.63MB, increase: 106.40KB
2025-7-25 11:03:28-debug: // ---- build task 整理部分构建选项内数据到 settings.json ----
2025-7-25 11:03:28-log: run build task 查询 Asset Bundle success in 2 ms√, progress: 10%
2025-7-25 11:03:28-debug: 整理部分构建选项内数据到 settings.json start, progress: 10%
2025-7-25 11:03:28-debug: // ---- build task 整理部分构建选项内数据到 settings.json ---- (1ms)
2025-7-25 11:03:28-debug: // ---- build task 填充脚本数据到 settings.json ----
2025-7-25 11:03:28-debug: 整理部分构建选项内数据到 settings.json start, progress: 13%
2025-7-25 11:03:28-debug: // ---- build task 整理部分构建选项内数据到 settings.json ----
2025-7-25 11:03:28-log: run build task 填充脚本数据到 settings.json success in √, progress: 13%
2025-7-25 11:03:28-debug: [Build Memory track]: 填充脚本数据到 settings.json start:198.70MB, end 198.71MB, increase: 13.49KB
2025-7-25 11:03:28-log: run build task 整理部分构建选项内数据到 settings.json success in 1 ms√, progress: 12%
2025-7-25 11:03:28-debug: 填充脚本数据到 settings.json start, progress: 12%
2025-7-25 11:03:28-debug: [Build Memory track]: 整理部分构建选项内数据到 settings.json start:198.65MB, end 198.67MB, increase: 21.82KB
2025-7-25 11:03:28-debug: // ---- build task 整理部分构建选项内数据到 settings.json ---- (1ms)
2025-7-25 11:03:28-log: run build task 整理部分构建选项内数据到 settings.json success in 1 ms√, progress: 15%
2025-7-25 11:03:28-debug: [Build Memory track]: 整理部分构建选项内数据到 settings.json start:198.74MB, end 198.86MB, increase: 126.20KB
2025-7-25 11:03:58-debug: %cImport%c: /Users/zhao/Desktop/test/cocos-creator/PlaneFight/assets/Animations/Enemy2Hit.animbackground: #aaff85; color: #000;color: #000;
2025-7-25 11:03:58-debug: asset-db:reimport-asset638d7da6-1e77-46c1-a42c-209ee006ed0e (2ms)
2025-7-25 11:04:01-debug: %cImport%c: /Users/zhao/Desktop/test/cocos-creator/PlaneFight/assets/Animations/Enemy2Hit.animbackground: #aaff85; color: #000;color: #000;
2025-7-25 11:04:01-debug: asset-db:reimport-asset638d7da6-1e77-46c1-a42c-209ee006ed0e (3ms)
2025-7-25 11:04:02-debug: Query all assets info in project
2025-7-25 11:04:02-debug: init custom config: keepNodeUuid: false, useCache: true
2025-7-25 11:04:02-debug: Skip compress image, progress: 0%
2025-7-25 11:04:02-debug: Init all bundles start..., progress: 0%
2025-7-25 11:04:02-debug: Num of bundles: 2..., progress: 0%
2025-7-25 11:04:02-debug: 查询 Asset Bundle start, progress: 0%
2025-7-25 11:04:02-debug: // ---- build task 查询 Asset Bundle ----
2025-7-25 11:04:02-debug: Init bundle root assets start..., progress: 0%
2025-7-25 11:04:02-debug: Query preload assets/scripts from cc.config.json: 60f7195c-ec2a-45eb-ba94-8955f60e81d0,1c02ae6f-4492-4915-b8f8-7492a3b1e4cd,810e96e4-e456-4468-9b59-f4e8f39732c0,efe8e2a3-eace-427b-b4f1-cb8a937ec77d,e9aa9a3e-5b2b-4ac7-a2c7-073de2b2b24f,8bbdbcdd-5cd4-4100-b6d5-b7c9625b6107,50f4348b-c883-4e2f-8f11-ce233b859fa1,fda095cb-831d-4601-ad94-846013963de8,f92806d7-1768-443f-afe8-12bcde84d0f0,dd3a144d-ab7f-41f0-82b8-2e43a090d496,f0416e68-0200-4b77-a926-4f9d16e494da,970b0598-bcb0-4714-91fb-2e81440dccd8,bcd64cc6-2dd9-43f6-abbe-66318d332032,d930590d-bb92-4cc8-8bd1-23cd027f9edf,a3cd009f-0ab0-420d-9278-b9fdab939bbc,6a2d0734-bd9e-4ddf-946e-caa52498cb75,c27215d8-6835-4b68-bfbb-bdeac6100c04,b5d6115f-0370-4d7c-aad3-c194cc71cf98,871c3b6c-7379-419d-bda3-794b239ab90d,ff9b0199-ce04-4cfe-86cc-6c719f08d6e4,de1c2107-70c8-4021-8459-6399f24d01c6,cbf30902-517f-40dc-af90-a550bac27cf1
2025-7-25 11:04:02-debug:   Number of other assets: 510
2025-7-25 11:04:02-debug:   Number of all scenes: 1
2025-7-25 11:04:02-debug:   Number of all scripts: 14
2025-7-25 11:04:02-debug: Init bundle root assets success..., progress: 0%
2025-7-25 11:04:02-debug: // ---- build task 查询 Asset Bundle ---- (2ms)
2025-7-25 11:04:02-debug: 查询 Asset Bundle start, progress: 5%
2025-7-25 11:04:02-debug: [Build Memory track]: 查询 Asset Bundle start:199.11MB, end 198.89MB, increase: -222.89KB
2025-7-25 11:04:02-debug: // ---- build task 查询 Asset Bundle ----
2025-7-25 11:04:02-log: run build task 查询 Asset Bundle success in 2 ms√, progress: 5%
2025-7-25 11:04:02-debug: // ---- build task 查询 Asset Bundle ---- (1ms)
2025-7-25 11:04:02-debug: 整理部分构建选项内数据到 settings.json start, progress: 10%
2025-7-25 11:04:02-debug: // ---- build task 整理部分构建选项内数据到 settings.json ----
2025-7-25 11:04:02-debug: [Build Memory track]: 查询 Asset Bundle start:198.92MB, end 198.99MB, increase: 78.08KB
2025-7-25 11:04:02-log: run build task 查询 Asset Bundle success in 1 ms√, progress: 10%
2025-7-25 11:04:02-log: run build task 整理部分构建选项内数据到 settings.json success in √, progress: 12%
2025-7-25 11:04:02-debug: [Build Memory track]: 整理部分构建选项内数据到 settings.json start:199.02MB, end 199.04MB, increase: 15.81KB
2025-7-25 11:04:02-debug: 填充脚本数据到 settings.json start, progress: 12%
2025-7-25 11:04:02-debug: // ---- build task 填充脚本数据到 settings.json ----
2025-7-25 11:04:02-log: run build task 填充脚本数据到 settings.json success in √, progress: 13%
2025-7-25 11:04:02-debug: 整理部分构建选项内数据到 settings.json start, progress: 13%
2025-7-25 11:04:02-debug: // ---- build task 整理部分构建选项内数据到 settings.json ----
2025-7-25 11:04:02-debug: [Build Memory track]: 填充脚本数据到 settings.json start:199.06MB, end 199.08MB, increase: 16.47KB
2025-7-25 11:04:02-debug: // ---- build task 整理部分构建选项内数据到 settings.json ---- (3ms)
2025-7-25 11:04:02-log: run build task 整理部分构建选项内数据到 settings.json success in 3 ms√, progress: 15%
2025-7-25 11:04:02-debug: [Build Memory track]: 整理部分构建选项内数据到 settings.json start:199.10MB, end 199.22MB, increase: 125.66KB
2025-7-25 11:04:11-debug: %cImport%c: /Users/zhao/Desktop/test/cocos-creator/PlaneFight/assets/Animations/Enemy2Hit.animbackground: #aaff85; color: #000;color: #000;
2025-7-25 11:04:11-debug: asset-db:reimport-asset638d7da6-1e77-46c1-a42c-209ee006ed0e (4ms)
2025-7-25 11:04:13-debug: %cImport%c: /Users/zhao/Desktop/test/cocos-creator/PlaneFight/assets/Animations/Enemy2Hit.animbackground: #aaff85; color: #000;color: #000;
2025-7-25 11:04:13-debug: asset-db:reimport-asset638d7da6-1e77-46c1-a42c-209ee006ed0e (3ms)
2025-7-25 11:04:13-debug: %cImport%c: /Users/zhao/Desktop/test/cocos-creator/PlaneFight/assets/Animations/Enemy2Hit.animbackground: #aaff85; color: #000;color: #000;
2025-7-25 11:04:13-debug: asset-db:reimport-asset638d7da6-1e77-46c1-a42c-209ee006ed0e (2ms)
2025-7-25 11:04:14-debug: Query all assets info in project
2025-7-25 11:04:14-debug: init custom config: keepNodeUuid: false, useCache: true
2025-7-25 11:04:14-debug: Skip compress image, progress: 0%
2025-7-25 11:04:14-debug: Init all bundles start..., progress: 0%
2025-7-25 11:04:14-debug: Num of bundles: 2..., progress: 0%
2025-7-25 11:04:14-debug: 查询 Asset Bundle start, progress: 0%
2025-7-25 11:04:14-debug: // ---- build task 查询 Asset Bundle ----
2025-7-25 11:04:14-debug: Init bundle root assets start..., progress: 0%
2025-7-25 11:04:14-debug: Query preload assets/scripts from cc.config.json: 60f7195c-ec2a-45eb-ba94-8955f60e81d0,1c02ae6f-4492-4915-b8f8-7492a3b1e4cd,810e96e4-e456-4468-9b59-f4e8f39732c0,efe8e2a3-eace-427b-b4f1-cb8a937ec77d,e9aa9a3e-5b2b-4ac7-a2c7-073de2b2b24f,8bbdbcdd-5cd4-4100-b6d5-b7c9625b6107,50f4348b-c883-4e2f-8f11-ce233b859fa1,fda095cb-831d-4601-ad94-846013963de8,f92806d7-1768-443f-afe8-12bcde84d0f0,dd3a144d-ab7f-41f0-82b8-2e43a090d496,f0416e68-0200-4b77-a926-4f9d16e494da,970b0598-bcb0-4714-91fb-2e81440dccd8,bcd64cc6-2dd9-43f6-abbe-66318d332032,d930590d-bb92-4cc8-8bd1-23cd027f9edf,a3cd009f-0ab0-420d-9278-b9fdab939bbc,6a2d0734-bd9e-4ddf-946e-caa52498cb75,c27215d8-6835-4b68-bfbb-bdeac6100c04,b5d6115f-0370-4d7c-aad3-c194cc71cf98,871c3b6c-7379-419d-bda3-794b239ab90d,ff9b0199-ce04-4cfe-86cc-6c719f08d6e4,de1c2107-70c8-4021-8459-6399f24d01c6,cbf30902-517f-40dc-af90-a550bac27cf1
2025-7-25 11:04:14-debug: Init bundle root assets success..., progress: 0%
2025-7-25 11:04:14-debug:   Number of all scenes: 1
2025-7-25 11:04:14-debug:   Number of other assets: 510
2025-7-25 11:04:14-debug:   Number of all scripts: 14
2025-7-25 11:04:14-debug: // ---- build task 查询 Asset Bundle ---- (1ms)
2025-7-25 11:04:14-log: run build task 查询 Asset Bundle success in 1 ms√, progress: 5%
2025-7-25 11:04:14-debug: [Build Memory track]: 查询 Asset Bundle start:198.94MB, end 199.57MB, increase: 642.39KB
2025-7-25 11:04:14-debug: // ---- build task 查询 Asset Bundle ----
2025-7-25 11:04:14-debug: 查询 Asset Bundle start, progress: 5%
2025-7-25 11:04:14-log: run build task 查询 Asset Bundle success in √, progress: 10%
2025-7-25 11:04:14-debug: [Build Memory track]: 查询 Asset Bundle start:199.59MB, end 198.97MB, increase: -642.62KB
2025-7-25 11:04:14-debug: 整理部分构建选项内数据到 settings.json start, progress: 10%
2025-7-25 11:04:14-debug: // ---- build task 整理部分构建选项内数据到 settings.json ----
2025-7-25 11:04:14-log: run build task 整理部分构建选项内数据到 settings.json success in √, progress: 12%
2025-7-25 11:04:14-debug: [Build Memory track]: 整理部分构建选项内数据到 settings.json start:198.99MB, end 199.01MB, increase: 15.88KB
2025-7-25 11:04:14-debug: // ---- build task 填充脚本数据到 settings.json ----
2025-7-25 11:04:14-debug: 填充脚本数据到 settings.json start, progress: 12%
2025-7-25 11:04:14-log: run build task 填充脚本数据到 settings.json success in √, progress: 13%
2025-7-25 11:04:14-debug: 整理部分构建选项内数据到 settings.json start, progress: 13%
2025-7-25 11:04:14-debug: [Build Memory track]: 填充脚本数据到 settings.json start:199.03MB, end 199.04MB, increase: 14.32KB
2025-7-25 11:04:14-debug: // ---- build task 整理部分构建选项内数据到 settings.json ----
2025-7-25 11:04:14-debug: // ---- build task 整理部分构建选项内数据到 settings.json ---- (1ms)
2025-7-25 11:04:14-log: run build task 整理部分构建选项内数据到 settings.json success in 1 ms√, progress: 15%
2025-7-25 11:04:14-debug: [Build Memory track]: 整理部分构建选项内数据到 settings.json start:199.07MB, end 199.19MB, increase: 124.66KB
2025-7-25 11:04:25-debug: Query all assets info in project
2025-7-25 11:04:25-debug: init custom config: keepNodeUuid: false, useCache: true
2025-7-25 11:04:25-debug: Skip compress image, progress: 0%
2025-7-25 11:04:25-debug: Init all bundles start..., progress: 0%
2025-7-25 11:04:25-debug: Num of bundles: 2..., progress: 0%
2025-7-25 11:04:25-debug: // ---- build task 查询 Asset Bundle ----
2025-7-25 11:04:25-debug: Init bundle root assets start..., progress: 0%
2025-7-25 11:04:25-debug: 查询 Asset Bundle start, progress: 0%
2025-7-25 11:04:25-debug: Query preload assets/scripts from cc.config.json: 60f7195c-ec2a-45eb-ba94-8955f60e81d0,1c02ae6f-4492-4915-b8f8-7492a3b1e4cd,810e96e4-e456-4468-9b59-f4e8f39732c0,efe8e2a3-eace-427b-b4f1-cb8a937ec77d,e9aa9a3e-5b2b-4ac7-a2c7-073de2b2b24f,8bbdbcdd-5cd4-4100-b6d5-b7c9625b6107,50f4348b-c883-4e2f-8f11-ce233b859fa1,fda095cb-831d-4601-ad94-846013963de8,f92806d7-1768-443f-afe8-12bcde84d0f0,dd3a144d-ab7f-41f0-82b8-2e43a090d496,f0416e68-0200-4b77-a926-4f9d16e494da,970b0598-bcb0-4714-91fb-2e81440dccd8,bcd64cc6-2dd9-43f6-abbe-66318d332032,d930590d-bb92-4cc8-8bd1-23cd027f9edf,a3cd009f-0ab0-420d-9278-b9fdab939bbc,6a2d0734-bd9e-4ddf-946e-caa52498cb75,c27215d8-6835-4b68-bfbb-bdeac6100c04,b5d6115f-0370-4d7c-aad3-c194cc71cf98,871c3b6c-7379-419d-bda3-794b239ab90d,ff9b0199-ce04-4cfe-86cc-6c719f08d6e4,de1c2107-70c8-4021-8459-6399f24d01c6,cbf30902-517f-40dc-af90-a550bac27cf1
2025-7-25 11:04:25-debug: Init bundle root assets success..., progress: 0%
2025-7-25 11:04:25-debug:   Number of all scripts: 14
2025-7-25 11:04:25-debug:   Number of other assets: 510
2025-7-25 11:04:25-debug:   Number of all scenes: 1
2025-7-25 11:04:25-debug: // ---- build task 查询 Asset Bundle ---- (2ms)
2025-7-25 11:04:25-debug: // ---- build task 查询 Asset Bundle ----
2025-7-25 11:04:25-debug: [Build Memory track]: 查询 Asset Bundle start:199.36MB, end 199.07MB, increase: -301.26KB
2025-7-25 11:04:25-debug: 查询 Asset Bundle start, progress: 5%
2025-7-25 11:04:25-log: run build task 查询 Asset Bundle success in 2 ms√, progress: 5%
2025-7-25 11:04:25-log: run build task 查询 Asset Bundle success in √, progress: 10%
2025-7-25 11:04:25-debug: [Build Memory track]: 查询 Asset Bundle start:199.09MB, end 199.19MB, increase: 100.29KB
2025-7-25 11:04:25-debug: 整理部分构建选项内数据到 settings.json start, progress: 10%
2025-7-25 11:04:25-debug: // ---- build task 整理部分构建选项内数据到 settings.json ----
2025-7-25 11:04:25-log: run build task 整理部分构建选项内数据到 settings.json success in √, progress: 12%
2025-7-25 11:04:25-debug: [Build Memory track]: 整理部分构建选项内数据到 settings.json start:199.22MB, end 199.23MB, increase: 16.16KB
2025-7-25 11:04:25-debug: 填充脚本数据到 settings.json start, progress: 12%
2025-7-25 11:04:25-debug: // ---- build task 填充脚本数据到 settings.json ----
2025-7-25 11:04:25-debug: // ---- build task 填充脚本数据到 settings.json ---- (1ms)
2025-7-25 11:04:25-debug: // ---- build task 整理部分构建选项内数据到 settings.json ----
2025-7-25 11:04:25-debug: [Build Memory track]: 填充脚本数据到 settings.json start:199.26MB, end 199.28MB, increase: 23.64KB
2025-7-25 11:04:25-debug: 整理部分构建选项内数据到 settings.json start, progress: 13%
2025-7-25 11:04:25-log: run build task 填充脚本数据到 settings.json success in 1 ms√, progress: 13%
2025-7-25 11:04:25-log: run build task 整理部分构建选项内数据到 settings.json success in √, progress: 15%
2025-7-25 11:04:25-debug: [Build Memory track]: 整理部分构建选项内数据到 settings.json start:199.31MB, end 199.42MB, increase: 115.25KB
2025-7-25 11:04:33-debug: refresh db internal success
2025-7-25 11:04:33-debug: refresh db assets success
2025-7-25 11:04:33-debug: Run asset db hook engine-extends:afterRefresh ...
2025-7-25 11:04:33-debug: Run asset db hook engine-extends:afterRefresh success!
2025-7-25 11:04:33-debug: asset-db:refresh-all-database (44ms)
2025-7-25 11:04:33-debug: asset-db:worker-effect-data-processing (1ms)
2025-7-25 11:04:33-debug: asset-db-hook-engine-extends-afterRefresh (1ms)
2025-7-25 11:04:37-debug: %cImport%c: /Users/zhao/Desktop/test/cocos-creator/PlaneFight/assets/Animations/Enemy2Hit.animbackground: #aaff85; color: #000;color: #000;
2025-7-25 11:04:37-debug: asset-db:reimport-asset638d7da6-1e77-46c1-a42c-209ee006ed0e (5ms)
2025-7-25 11:04:40-debug: Query all assets info in project
2025-7-25 11:04:40-debug: init custom config: keepNodeUuid: false, useCache: true
2025-7-25 11:04:40-debug: Skip compress image, progress: 0%
2025-7-25 11:04:40-debug: Init all bundles start..., progress: 0%
2025-7-25 11:04:40-debug: 查询 Asset Bundle start, progress: 0%
2025-7-25 11:04:40-debug: // ---- build task 查询 Asset Bundle ----
2025-7-25 11:04:40-debug: Num of bundles: 2..., progress: 0%
2025-7-25 11:04:40-debug: Init bundle root assets start..., progress: 0%
2025-7-25 11:04:40-debug: Query preload assets/scripts from cc.config.json: 60f7195c-ec2a-45eb-ba94-8955f60e81d0,1c02ae6f-4492-4915-b8f8-7492a3b1e4cd,810e96e4-e456-4468-9b59-f4e8f39732c0,efe8e2a3-eace-427b-b4f1-cb8a937ec77d,e9aa9a3e-5b2b-4ac7-a2c7-073de2b2b24f,8bbdbcdd-5cd4-4100-b6d5-b7c9625b6107,50f4348b-c883-4e2f-8f11-ce233b859fa1,fda095cb-831d-4601-ad94-846013963de8,f92806d7-1768-443f-afe8-12bcde84d0f0,dd3a144d-ab7f-41f0-82b8-2e43a090d496,f0416e68-0200-4b77-a926-4f9d16e494da,970b0598-bcb0-4714-91fb-2e81440dccd8,bcd64cc6-2dd9-43f6-abbe-66318d332032,d930590d-bb92-4cc8-8bd1-23cd027f9edf,a3cd009f-0ab0-420d-9278-b9fdab939bbc,6a2d0734-bd9e-4ddf-946e-caa52498cb75,c27215d8-6835-4b68-bfbb-bdeac6100c04,b5d6115f-0370-4d7c-aad3-c194cc71cf98,871c3b6c-7379-419d-bda3-794b239ab90d,ff9b0199-ce04-4cfe-86cc-6c719f08d6e4,de1c2107-70c8-4021-8459-6399f24d01c6,cbf30902-517f-40dc-af90-a550bac27cf1
2025-7-25 11:04:40-debug:   Number of all scenes: 1
2025-7-25 11:04:40-debug: // ---- build task 查询 Asset Bundle ---- (2ms)
2025-7-25 11:04:40-log: run build task 查询 Asset Bundle success in 2 ms√, progress: 5%
2025-7-25 11:04:40-debug:   Number of all scripts: 14
2025-7-25 11:04:40-debug: // ---- build task 查询 Asset Bundle ----
2025-7-25 11:04:40-debug: [Build Memory track]: 查询 Asset Bundle start:200.11MB, end 199.81MB, increase: -310.73KB
2025-7-25 11:04:40-debug: Init bundle root assets success..., progress: 0%
2025-7-25 11:04:40-debug:   Number of other assets: 510
2025-7-25 11:04:40-debug: 查询 Asset Bundle start, progress: 5%
2025-7-25 11:04:40-log: run build task 查询 Asset Bundle success in 1 ms√, progress: 10%
2025-7-25 11:04:40-log: run build task 整理部分构建选项内数据到 settings.json success in √, progress: 12%
2025-7-25 11:04:40-debug: [Build Memory track]: 查询 Asset Bundle start:199.83MB, end 199.94MB, increase: 110.17KB
2025-7-25 11:04:40-debug: 填充脚本数据到 settings.json start, progress: 12%
2025-7-25 11:04:40-debug: // ---- build task 填充脚本数据到 settings.json ----
2025-7-25 11:04:40-debug: [Build Memory track]: 整理部分构建选项内数据到 settings.json start:199.96MB, end 199.98MB, increase: 12.84KB
2025-7-25 11:04:40-debug: 整理部分构建选项内数据到 settings.json start, progress: 10%
2025-7-25 11:04:40-debug: // ---- build task 整理部分构建选项内数据到 settings.json ----
2025-7-25 11:04:40-debug: // ---- build task 查询 Asset Bundle ---- (1ms)
2025-7-25 11:04:40-debug: [Build Memory track]: 填充脚本数据到 settings.json start:200.00MB, end 200.02MB, increase: 16.67KB
2025-7-25 11:04:40-debug: 整理部分构建选项内数据到 settings.json start, progress: 13%
2025-7-25 11:04:40-log: run build task 填充脚本数据到 settings.json success in √, progress: 13%
2025-7-25 11:04:40-debug: // ---- build task 整理部分构建选项内数据到 settings.json ----
2025-7-25 11:04:40-log: run build task 整理部分构建选项内数据到 settings.json success in 2 ms√, progress: 15%
2025-7-25 11:04:40-debug: [Build Memory track]: 整理部分构建选项内数据到 settings.json start:200.04MB, end 200.17MB, increase: 126.50KB
2025-7-25 11:04:40-debug: // ---- build task 整理部分构建选项内数据到 settings.json ---- (2ms)
2025-7-25 11:04:46-debug: Query all assets info in project
2025-7-25 11:04:46-debug: init custom config: keepNodeUuid: false, useCache: true
2025-7-25 11:04:46-debug: Skip compress image, progress: 0%
2025-7-25 11:04:46-debug: Init all bundles start..., progress: 0%
2025-7-25 11:04:46-debug: // ---- build task 查询 Asset Bundle ----
2025-7-25 11:04:46-debug: 查询 Asset Bundle start, progress: 0%
2025-7-25 11:04:46-debug: Num of bundles: 2..., progress: 0%
2025-7-25 11:04:46-debug: Init bundle root assets start..., progress: 0%
2025-7-25 11:04:46-debug: Query preload assets/scripts from cc.config.json: 60f7195c-ec2a-45eb-ba94-8955f60e81d0,1c02ae6f-4492-4915-b8f8-7492a3b1e4cd,810e96e4-e456-4468-9b59-f4e8f39732c0,efe8e2a3-eace-427b-b4f1-cb8a937ec77d,e9aa9a3e-5b2b-4ac7-a2c7-073de2b2b24f,8bbdbcdd-5cd4-4100-b6d5-b7c9625b6107,50f4348b-c883-4e2f-8f11-ce233b859fa1,fda095cb-831d-4601-ad94-846013963de8,f92806d7-1768-443f-afe8-12bcde84d0f0,dd3a144d-ab7f-41f0-82b8-2e43a090d496,f0416e68-0200-4b77-a926-4f9d16e494da,970b0598-bcb0-4714-91fb-2e81440dccd8,bcd64cc6-2dd9-43f6-abbe-66318d332032,d930590d-bb92-4cc8-8bd1-23cd027f9edf,a3cd009f-0ab0-420d-9278-b9fdab939bbc,6a2d0734-bd9e-4ddf-946e-caa52498cb75,c27215d8-6835-4b68-bfbb-bdeac6100c04,b5d6115f-0370-4d7c-aad3-c194cc71cf98,871c3b6c-7379-419d-bda3-794b239ab90d,ff9b0199-ce04-4cfe-86cc-6c719f08d6e4,de1c2107-70c8-4021-8459-6399f24d01c6,cbf30902-517f-40dc-af90-a550bac27cf1
2025-7-25 11:04:46-debug:   Number of all scenes: 1
2025-7-25 11:04:46-debug:   Number of all scripts: 14
2025-7-25 11:04:46-debug:   Number of other assets: 510
2025-7-25 11:04:46-debug: Init bundle root assets success..., progress: 0%
2025-7-25 11:04:46-debug: // ---- build task 查询 Asset Bundle ---- (2ms)
2025-7-25 11:04:46-debug: [Build Memory track]: 查询 Asset Bundle start:200.10MB, end 199.82MB, increase: -287.11KB
2025-7-25 11:04:46-debug: 查询 Asset Bundle start, progress: 5%
2025-7-25 11:04:46-log: run build task 查询 Asset Bundle success in 2 ms√, progress: 5%
2025-7-25 11:04:46-debug: // ---- build task 查询 Asset Bundle ----
2025-7-25 11:04:46-log: run build task 查询 Asset Bundle success in √, progress: 10%
2025-7-25 11:04:46-debug: [Build Memory track]: 查询 Asset Bundle start:199.84MB, end 199.94MB, increase: 99.11KB
2025-7-25 11:04:46-debug: 整理部分构建选项内数据到 settings.json start, progress: 10%
2025-7-25 11:04:46-debug: // ---- build task 整理部分构建选项内数据到 settings.json ----
2025-7-25 11:04:46-log: run build task 整理部分构建选项内数据到 settings.json success in √, progress: 12%
2025-7-25 11:04:46-debug: [Build Memory track]: 整理部分构建选项内数据到 settings.json start:199.96MB, end 199.98MB, increase: 16.06KB
2025-7-25 11:04:46-debug: // ---- build task 填充脚本数据到 settings.json ----
2025-7-25 11:04:46-debug: 填充脚本数据到 settings.json start, progress: 12%
2025-7-25 11:04:46-log: run build task 填充脚本数据到 settings.json success in √, progress: 13%
2025-7-25 11:04:46-debug: [Build Memory track]: 填充脚本数据到 settings.json start:200.00MB, end 200.02MB, increase: 15.08KB
2025-7-25 11:04:46-debug: // ---- build task 整理部分构建选项内数据到 settings.json ----
2025-7-25 11:04:46-debug: 整理部分构建选项内数据到 settings.json start, progress: 13%
2025-7-25 11:04:46-debug: // ---- build task 整理部分构建选项内数据到 settings.json ---- (1ms)
2025-7-25 11:04:46-log: run build task 整理部分构建选项内数据到 settings.json success in 1 ms√, progress: 15%
2025-7-25 11:04:46-debug: [Build Memory track]: 整理部分构建选项内数据到 settings.json start:200.04MB, end 200.16MB, increase: 123.04KB
2025-7-25 11:04:57-debug: %cImport%c: /Users/zhao/Desktop/test/cocos-creator/PlaneFight/assets/Animations/Enemy2Hit.animbackground: #aaff85; color: #000;color: #000;
2025-7-25 11:04:57-debug: asset-db:reimport-asset638d7da6-1e77-46c1-a42c-209ee006ed0e (6ms)
2025-7-25 11:04:57-debug: Query all assets info in project
2025-7-25 11:04:57-debug: init custom config: keepNodeUuid: false, useCache: true
2025-7-25 11:04:57-debug: Skip compress image, progress: 0%
2025-7-25 11:04:57-debug: Init all bundles start..., progress: 0%
2025-7-25 11:04:57-debug: Num of bundles: 2..., progress: 0%
2025-7-25 11:04:57-debug: 查询 Asset Bundle start, progress: 0%
2025-7-25 11:04:57-debug: Init bundle root assets start..., progress: 0%
2025-7-25 11:04:57-debug: // ---- build task 查询 Asset Bundle ----
2025-7-25 11:04:57-debug: Query preload assets/scripts from cc.config.json: 60f7195c-ec2a-45eb-ba94-8955f60e81d0,1c02ae6f-4492-4915-b8f8-7492a3b1e4cd,810e96e4-e456-4468-9b59-f4e8f39732c0,efe8e2a3-eace-427b-b4f1-cb8a937ec77d,e9aa9a3e-5b2b-4ac7-a2c7-073de2b2b24f,8bbdbcdd-5cd4-4100-b6d5-b7c9625b6107,50f4348b-c883-4e2f-8f11-ce233b859fa1,fda095cb-831d-4601-ad94-846013963de8,f92806d7-1768-443f-afe8-12bcde84d0f0,dd3a144d-ab7f-41f0-82b8-2e43a090d496,f0416e68-0200-4b77-a926-4f9d16e494da,970b0598-bcb0-4714-91fb-2e81440dccd8,bcd64cc6-2dd9-43f6-abbe-66318d332032,d930590d-bb92-4cc8-8bd1-23cd027f9edf,a3cd009f-0ab0-420d-9278-b9fdab939bbc,6a2d0734-bd9e-4ddf-946e-caa52498cb75,c27215d8-6835-4b68-bfbb-bdeac6100c04,b5d6115f-0370-4d7c-aad3-c194cc71cf98,871c3b6c-7379-419d-bda3-794b239ab90d,ff9b0199-ce04-4cfe-86cc-6c719f08d6e4,de1c2107-70c8-4021-8459-6399f24d01c6,cbf30902-517f-40dc-af90-a550bac27cf1
2025-7-25 11:04:57-debug:   Number of all scenes: 1
2025-7-25 11:04:57-debug:   Number of all scripts: 14
2025-7-25 11:04:57-debug:   Number of other assets: 510
2025-7-25 11:04:57-debug: Init bundle root assets success..., progress: 0%
2025-7-25 11:04:57-debug: // ---- build task 查询 Asset Bundle ---- (1ms)
2025-7-25 11:04:57-log: run build task 查询 Asset Bundle success in 1 ms√, progress: 5%
2025-7-25 11:04:57-debug: [Build Memory track]: 查询 Asset Bundle start:199.87MB, end 200.50MB, increase: 645.44KB
2025-7-25 11:04:57-debug: 查询 Asset Bundle start, progress: 5%
2025-7-25 11:04:57-debug: // ---- build task 查询 Asset Bundle ----
2025-7-25 11:04:57-debug: // ---- build task 查询 Asset Bundle ---- (1ms)
2025-7-25 11:04:57-debug: [Build Memory track]: 查询 Asset Bundle start:200.52MB, end 199.92MB, increase: -616.43KB
2025-7-25 11:04:57-debug: // ---- build task 整理部分构建选项内数据到 settings.json ----
2025-7-25 11:04:57-log: run build task 查询 Asset Bundle success in 1 ms√, progress: 10%
2025-7-25 11:04:57-debug: 整理部分构建选项内数据到 settings.json start, progress: 10%
2025-7-25 11:04:57-log: run build task 整理部分构建选项内数据到 settings.json success in √, progress: 12%
2025-7-25 11:04:57-debug: 填充脚本数据到 settings.json start, progress: 12%
2025-7-25 11:04:57-debug: [Build Memory track]: 整理部分构建选项内数据到 settings.json start:199.93MB, end 199.94MB, increase: 16.89KB
2025-7-25 11:04:57-debug: // ---- build task 填充脚本数据到 settings.json ----
2025-7-25 11:04:57-log: run build task 填充脚本数据到 settings.json success in √, progress: 13%
2025-7-25 11:04:57-debug: [Build Memory track]: 填充脚本数据到 settings.json start:199.97MB, end 199.98MB, increase: 15.62KB
2025-7-25 11:04:57-debug: 整理部分构建选项内数据到 settings.json start, progress: 13%
2025-7-25 11:04:57-debug: // ---- build task 整理部分构建选项内数据到 settings.json ----
2025-7-25 11:04:57-log: run build task 整理部分构建选项内数据到 settings.json success in √, progress: 15%
2025-7-25 11:04:57-debug: [Build Memory track]: 整理部分构建选项内数据到 settings.json start:200.01MB, end 200.13MB, increase: 124.66KB
2025-7-25 11:05:06-debug: %cImport%c: /Users/zhao/Desktop/test/cocos-creator/PlaneFight/assets/Animations/Enemy2Hit.animbackground: #aaff85; color: #000;color: #000;
2025-7-25 11:05:06-debug: asset-db:reimport-asset638d7da6-1e77-46c1-a42c-209ee006ed0e (4ms)
2025-7-25 11:05:14-debug: %cImport%c: /Users/zhao/Desktop/test/cocos-creator/PlaneFight/assets/Animations/Enemy1Hit.animbackground: #aaff85; color: #000;color: #000;
2025-7-25 11:05:14-debug: asset-db:reimport-assetf4464c5b-8c75-42c9-bf38-b1883a68da47 (3ms)
2025-7-25 11:05:15-debug: Query all assets info in project
2025-7-25 11:05:15-debug: init custom config: keepNodeUuid: false, useCache: true
2025-7-25 11:05:15-debug: Skip compress image, progress: 0%
2025-7-25 11:05:15-debug: Init all bundles start..., progress: 0%
2025-7-25 11:05:15-debug: // ---- build task 查询 Asset Bundle ----
2025-7-25 11:05:15-debug: 查询 Asset Bundle start, progress: 0%
2025-7-25 11:05:15-debug: Num of bundles: 2..., progress: 0%
2025-7-25 11:05:15-debug: Init bundle root assets start..., progress: 0%
2025-7-25 11:05:15-debug: Query preload assets/scripts from cc.config.json: 60f7195c-ec2a-45eb-ba94-8955f60e81d0,1c02ae6f-4492-4915-b8f8-7492a3b1e4cd,810e96e4-e456-4468-9b59-f4e8f39732c0,efe8e2a3-eace-427b-b4f1-cb8a937ec77d,e9aa9a3e-5b2b-4ac7-a2c7-073de2b2b24f,8bbdbcdd-5cd4-4100-b6d5-b7c9625b6107,50f4348b-c883-4e2f-8f11-ce233b859fa1,fda095cb-831d-4601-ad94-846013963de8,f92806d7-1768-443f-afe8-12bcde84d0f0,dd3a144d-ab7f-41f0-82b8-2e43a090d496,f0416e68-0200-4b77-a926-4f9d16e494da,970b0598-bcb0-4714-91fb-2e81440dccd8,bcd64cc6-2dd9-43f6-abbe-66318d332032,d930590d-bb92-4cc8-8bd1-23cd027f9edf,a3cd009f-0ab0-420d-9278-b9fdab939bbc,6a2d0734-bd9e-4ddf-946e-caa52498cb75,c27215d8-6835-4b68-bfbb-bdeac6100c04,b5d6115f-0370-4d7c-aad3-c194cc71cf98,871c3b6c-7379-419d-bda3-794b239ab90d,ff9b0199-ce04-4cfe-86cc-6c719f08d6e4,de1c2107-70c8-4021-8459-6399f24d01c6,cbf30902-517f-40dc-af90-a550bac27cf1
2025-7-25 11:05:15-debug: Init bundle root assets success..., progress: 0%
2025-7-25 11:05:15-debug:   Number of all scripts: 14
2025-7-25 11:05:15-debug:   Number of other assets: 510
2025-7-25 11:05:15-debug:   Number of all scenes: 1
2025-7-25 11:05:15-debug: // ---- build task 查询 Asset Bundle ---- (2ms)
2025-7-25 11:05:15-debug: [Build Memory track]: 查询 Asset Bundle start:200.06MB, end 200.68MB, increase: 637.26KB
2025-7-25 11:05:15-debug: 查询 Asset Bundle start, progress: 5%
2025-7-25 11:05:15-debug: // ---- build task 查询 Asset Bundle ----
2025-7-25 11:05:15-log: run build task 查询 Asset Bundle success in 2 ms√, progress: 5%
2025-7-25 11:05:15-log: run build task 查询 Asset Bundle success in √, progress: 10%
2025-7-25 11:05:15-debug: // ---- build task 整理部分构建选项内数据到 settings.json ----
2025-7-25 11:05:15-debug: [Build Memory track]: 查询 Asset Bundle start:200.71MB, end 200.02MB, increase: -701.59KB
2025-7-25 11:05:15-debug: 整理部分构建选项内数据到 settings.json start, progress: 10%
2025-7-25 11:05:15-log: run build task 整理部分构建选项内数据到 settings.json success in √, progress: 12%
2025-7-25 11:05:15-debug: 填充脚本数据到 settings.json start, progress: 12%
2025-7-25 11:05:15-debug: [Build Memory track]: 整理部分构建选项内数据到 settings.json start:200.05MB, end 200.06MB, increase: 15.47KB
2025-7-25 11:05:15-debug: // ---- build task 填充脚本数据到 settings.json ----
2025-7-25 11:05:15-log: run build task 填充脚本数据到 settings.json success in √, progress: 13%
2025-7-25 11:05:15-debug: 整理部分构建选项内数据到 settings.json start, progress: 13%
2025-7-25 11:05:15-debug: [Build Memory track]: 填充脚本数据到 settings.json start:200.09MB, end 200.10MB, increase: 16.17KB
2025-7-25 11:05:15-debug: // ---- build task 整理部分构建选项内数据到 settings.json ----
2025-7-25 11:05:15-log: run build task 整理部分构建选项内数据到 settings.json success in √, progress: 15%
2025-7-25 11:05:15-debug: [Build Memory track]: 整理部分构建选项内数据到 settings.json start:200.13MB, end 200.25MB, increase: 120.76KB
2025-7-25 11:09:02-debug: refresh db internal success
2025-7-25 11:09:02-debug: %cImport%c: /Users/zhao/Desktop/test/cocos-creator/PlaneFight/assets/Scripts/Enemy.tsbackground: #aaff85; color: #000;color: #000;
2025-7-25 11:09:02-debug: refresh db assets success
2025-7-25 11:09:02-debug: Run asset db hook engine-extends:afterRefresh ...
2025-7-25 11:09:02-debug: Run asset db hook engine-extends:afterRefresh success!
2025-7-25 11:09:02-debug: asset-db:refresh-all-database (40ms)
2025-7-25 11:09:02-debug: asset-db:worker-effect-data-processing (1ms)
2025-7-25 11:09:02-debug: asset-db-hook-engine-extends-afterRefresh (1ms)
2025-7-25 11:09:14-debug: refresh db internal success
2025-7-25 11:09:14-debug: refresh db assets success
2025-7-25 11:09:14-debug: Run asset db hook engine-extends:afterRefresh ...
2025-7-25 11:09:14-debug: Run asset db hook engine-extends:afterRefresh success!
2025-7-25 11:09:14-debug: asset-db:refresh-all-database (32ms)
2025-7-25 11:09:23-debug: %cImport%c: /Users/zhao/Desktop/test/cocos-creator/PlaneFight/assets/Prefabs/enemy1.prefabbackground: #aaff85; color: #000;color: #000;
2025-7-25 11:09:23-debug: asset-db:reimport-asset74b22468-4570-4af7-b957-72b163a29c91 (3ms)
2025-7-25 11:09:58-debug: Query all assets info in project
2025-7-25 11:09:58-debug: init custom config: keepNodeUuid: false, useCache: true
2025-7-25 11:09:58-debug: Skip compress image, progress: 0%
2025-7-25 11:09:58-debug: Init all bundles start..., progress: 0%
2025-7-25 11:09:58-debug: 查询 Asset Bundle start, progress: 0%
2025-7-25 11:09:58-debug: // ---- build task 查询 Asset Bundle ----
2025-7-25 11:09:58-debug: Init bundle root assets start..., progress: 0%
2025-7-25 11:09:58-debug: Num of bundles: 2..., progress: 0%
2025-7-25 11:09:58-debug: Query preload assets/scripts from cc.config.json: 60f7195c-ec2a-45eb-ba94-8955f60e81d0,1c02ae6f-4492-4915-b8f8-7492a3b1e4cd,810e96e4-e456-4468-9b59-f4e8f39732c0,efe8e2a3-eace-427b-b4f1-cb8a937ec77d,e9aa9a3e-5b2b-4ac7-a2c7-073de2b2b24f,8bbdbcdd-5cd4-4100-b6d5-b7c9625b6107,50f4348b-c883-4e2f-8f11-ce233b859fa1,fda095cb-831d-4601-ad94-846013963de8,f92806d7-1768-443f-afe8-12bcde84d0f0,dd3a144d-ab7f-41f0-82b8-2e43a090d496,f0416e68-0200-4b77-a926-4f9d16e494da,970b0598-bcb0-4714-91fb-2e81440dccd8,bcd64cc6-2dd9-43f6-abbe-66318d332032,d930590d-bb92-4cc8-8bd1-23cd027f9edf,a3cd009f-0ab0-420d-9278-b9fdab939bbc,6a2d0734-bd9e-4ddf-946e-caa52498cb75,c27215d8-6835-4b68-bfbb-bdeac6100c04,b5d6115f-0370-4d7c-aad3-c194cc71cf98,871c3b6c-7379-419d-bda3-794b239ab90d,ff9b0199-ce04-4cfe-86cc-6c719f08d6e4,de1c2107-70c8-4021-8459-6399f24d01c6,cbf30902-517f-40dc-af90-a550bac27cf1
2025-7-25 11:09:58-debug: Init bundle root assets success..., progress: 0%
2025-7-25 11:09:58-debug:   Number of all scripts: 14
2025-7-25 11:09:58-debug:   Number of other assets: 510
2025-7-25 11:09:58-debug:   Number of all scenes: 1
2025-7-25 11:09:58-debug: // ---- build task 查询 Asset Bundle ---- (1ms)
2025-7-25 11:09:58-log: run build task 查询 Asset Bundle success in 1 ms√, progress: 5%
2025-7-25 11:09:58-debug: [Build Memory track]: 查询 Asset Bundle start:201.65MB, end 201.36MB, increase: -292.53KB
2025-7-25 11:09:58-debug: 查询 Asset Bundle start, progress: 5%
2025-7-25 11:09:58-debug: // ---- build task 查询 Asset Bundle ----
2025-7-25 11:09:58-log: run build task 查询 Asset Bundle success in √, progress: 10%
2025-7-25 11:09:58-debug: [Build Memory track]: 查询 Asset Bundle start:201.39MB, end 201.48MB, increase: 100.06KB
2025-7-25 11:09:58-debug: // ---- build task 整理部分构建选项内数据到 settings.json ----
2025-7-25 11:09:58-debug: 整理部分构建选项内数据到 settings.json start, progress: 10%
2025-7-25 11:09:58-log: run build task 整理部分构建选项内数据到 settings.json success in √, progress: 12%
2025-7-25 11:09:58-debug: [Build Memory track]: 整理部分构建选项内数据到 settings.json start:201.51MB, end 201.52MB, increase: 16.01KB
2025-7-25 11:09:58-debug: // ---- build task 填充脚本数据到 settings.json ----
2025-7-25 11:09:58-debug: 填充脚本数据到 settings.json start, progress: 12%
2025-7-25 11:09:58-debug: // ---- build task 填充脚本数据到 settings.json ---- (1ms)
2025-7-25 11:09:58-debug: [Build Memory track]: 填充脚本数据到 settings.json start:201.55MB, end 201.57MB, increase: 24.51KB
2025-7-25 11:09:58-debug: 整理部分构建选项内数据到 settings.json start, progress: 13%
2025-7-25 11:09:58-log: run build task 填充脚本数据到 settings.json success in 1 ms√, progress: 13%
2025-7-25 11:09:58-debug: // ---- build task 整理部分构建选项内数据到 settings.json ----
2025-7-25 11:09:58-debug: // ---- build task 整理部分构建选项内数据到 settings.json ---- (1ms)
2025-7-25 11:09:58-log: run build task 整理部分构建选项内数据到 settings.json success in 1 ms√, progress: 15%
2025-7-25 11:09:58-debug: [Build Memory track]: 整理部分构建选项内数据到 settings.json start:201.60MB, end 201.02MB, increase: -595.12KB
2025-7-25 11:16:54-debug: refresh db internal success
2025-7-25 11:16:54-debug: refresh db assets success
2025-7-25 11:16:54-debug: Run asset db hook engine-extends:afterRefresh ...
2025-7-25 11:16:54-debug: Run asset db hook engine-extends:afterRefresh success!
2025-7-25 11:16:54-debug: asset-db:refresh-all-database (46ms)
2025-7-25 11:16:54-debug: asset-db:worker-effect-data-processing (1ms)
2025-7-25 11:16:54-debug: asset-db-hook-engine-extends-afterRefresh (2ms)
2025-7-25 11:17:03-debug: refresh db internal success
2025-7-25 11:17:03-debug: refresh db assets success
2025-7-25 11:17:03-debug: Run asset db hook engine-extends:afterRefresh ...
2025-7-25 11:17:03-debug: Run asset db hook engine-extends:afterRefresh success!
2025-7-25 11:17:03-debug: asset-db:refresh-all-database (31ms)
2025-7-25 11:17:03-debug: asset-db-hook-engine-extends-afterRefresh (1ms)
2025-7-25 11:17:03-debug: asset-db:worker-effect-data-processing (1ms)
2025-7-25 11:17:28-debug: refresh db internal success
2025-7-25 11:17:28-debug: refresh db assets success
2025-7-25 11:17:28-debug: Run asset db hook engine-extends:afterRefresh ...
2025-7-25 11:17:28-debug: Run asset db hook engine-extends:afterRefresh success!
2025-7-25 11:17:28-debug: asset-db:refresh-all-database (24ms)
2025-7-25 11:17:28-debug: asset-db:worker-effect-data-processing (1ms)
2025-7-25 11:17:28-debug: asset-db-hook-engine-extends-afterRefresh (1ms)
2025-7-25 11:19:21-debug: Query all assets info in project
2025-7-25 11:19:21-debug: init custom config: keepNodeUuid: false, useCache: true
2025-7-25 11:19:21-debug: Skip compress image, progress: 0%
2025-7-25 11:19:21-debug: Init all bundles start..., progress: 0%
2025-7-25 11:19:21-debug: // ---- build task 查询 Asset Bundle ----
2025-7-25 11:19:21-debug: Num of bundles: 2..., progress: 0%
2025-7-25 11:19:21-debug: Init bundle root assets start..., progress: 0%
2025-7-25 11:19:21-debug: 查询 Asset Bundle start, progress: 0%
2025-7-25 11:19:21-debug: Query preload assets/scripts from cc.config.json: 60f7195c-ec2a-45eb-ba94-8955f60e81d0,1c02ae6f-4492-4915-b8f8-7492a3b1e4cd,810e96e4-e456-4468-9b59-f4e8f39732c0,efe8e2a3-eace-427b-b4f1-cb8a937ec77d,e9aa9a3e-5b2b-4ac7-a2c7-073de2b2b24f,8bbdbcdd-5cd4-4100-b6d5-b7c9625b6107,50f4348b-c883-4e2f-8f11-ce233b859fa1,fda095cb-831d-4601-ad94-846013963de8,f92806d7-1768-443f-afe8-12bcde84d0f0,dd3a144d-ab7f-41f0-82b8-2e43a090d496,f0416e68-0200-4b77-a926-4f9d16e494da,970b0598-bcb0-4714-91fb-2e81440dccd8,bcd64cc6-2dd9-43f6-abbe-66318d332032,d930590d-bb92-4cc8-8bd1-23cd027f9edf,a3cd009f-0ab0-420d-9278-b9fdab939bbc,6a2d0734-bd9e-4ddf-946e-caa52498cb75,c27215d8-6835-4b68-bfbb-bdeac6100c04,b5d6115f-0370-4d7c-aad3-c194cc71cf98,871c3b6c-7379-419d-bda3-794b239ab90d,ff9b0199-ce04-4cfe-86cc-6c719f08d6e4,de1c2107-70c8-4021-8459-6399f24d01c6,cbf30902-517f-40dc-af90-a550bac27cf1
2025-7-25 11:19:21-debug:   Number of other assets: 510
2025-7-25 11:19:21-debug: Init bundle root assets success..., progress: 0%
2025-7-25 11:19:21-debug:   Number of all scenes: 1
2025-7-25 11:19:21-debug:   Number of all scripts: 14
2025-7-25 11:19:21-debug: // ---- build task 查询 Asset Bundle ---- (1ms)
2025-7-25 11:19:21-debug: [Build Memory track]: 查询 Asset Bundle start:202.40MB, end 202.15MB, increase: -251.67KB
2025-7-25 11:19:21-debug: // ---- build task 查询 Asset Bundle ----
2025-7-25 11:19:21-debug: 查询 Asset Bundle start, progress: 5%
2025-7-25 11:19:21-log: run build task 查询 Asset Bundle success in 1 ms√, progress: 5%
2025-7-25 11:19:21-debug: // ---- build task 查询 Asset Bundle ---- (1ms)
2025-7-25 11:19:21-debug: // ---- build task 整理部分构建选项内数据到 settings.json ----
2025-7-25 11:19:21-debug: [Build Memory track]: 查询 Asset Bundle start:202.17MB, end 202.28MB, increase: 108.08KB
2025-7-25 11:19:21-debug: 整理部分构建选项内数据到 settings.json start, progress: 10%
2025-7-25 11:19:21-log: run build task 查询 Asset Bundle success in 1 ms√, progress: 10%
2025-7-25 11:19:21-log: run build task 整理部分构建选项内数据到 settings.json success in √, progress: 12%
2025-7-25 11:19:21-debug: [Build Memory track]: 整理部分构建选项内数据到 settings.json start:202.31MB, end 202.32MB, increase: 16.69KB
2025-7-25 11:19:21-debug: 填充脚本数据到 settings.json start, progress: 12%
2025-7-25 11:19:21-debug: // ---- build task 填充脚本数据到 settings.json ----
2025-7-25 11:19:21-log: run build task 填充脚本数据到 settings.json success in √, progress: 13%
2025-7-25 11:19:21-debug: [Build Memory track]: 填充脚本数据到 settings.json start:202.35MB, end 202.36MB, increase: 15.82KB
2025-7-25 11:19:21-debug: 整理部分构建选项内数据到 settings.json start, progress: 13%
2025-7-25 11:19:21-debug: // ---- build task 整理部分构建选项内数据到 settings.json ----
2025-7-25 11:19:21-debug: // ---- build task 整理部分构建选项内数据到 settings.json ---- (1ms)
2025-7-25 11:19:21-log: run build task 整理部分构建选项内数据到 settings.json success in 1 ms√, progress: 15%
2025-7-25 11:19:21-debug: [Build Memory track]: 整理部分构建选项内数据到 settings.json start:202.39MB, end 202.51MB, increase: 122.50KB
2025-7-25 11:19:31-debug: refresh db internal success
2025-7-25 11:19:31-debug: refresh db assets success
2025-7-25 11:19:31-debug: Run asset db hook engine-extends:afterRefresh ...
2025-7-25 11:19:31-debug: Run asset db hook engine-extends:afterRefresh success!
2025-7-25 11:19:31-debug: asset-db:refresh-all-database (42ms)
2025-7-25 11:19:31-debug: asset-db:worker-effect-data-processing (1ms)
2025-7-25 11:19:31-debug: asset-db-hook-engine-extends-afterRefresh (1ms)
2025-7-25 11:19:46-debug: refresh db internal success
2025-7-25 11:19:46-debug: Run asset db hook engine-extends:afterRefresh ...
2025-7-25 11:19:46-debug: refresh db assets success
2025-7-25 11:19:46-debug: Run asset db hook engine-extends:afterRefresh success!
2025-7-25 11:19:46-debug: asset-db:refresh-all-database (23ms)
2025-7-25 11:19:46-debug: asset-db:worker-effect-data-processing (1ms)
2025-7-25 11:19:46-debug: asset-db-hook-engine-extends-afterRefresh (1ms)
2025-7-25 11:20:02-debug: refresh db internal success
2025-7-25 11:20:02-debug: refresh db assets success
2025-7-25 11:20:02-debug: Run asset db hook engine-extends:afterRefresh ...
2025-7-25 11:20:02-debug: Run asset db hook engine-extends:afterRefresh success!
2025-7-25 11:20:02-debug: asset-db:refresh-all-database (19ms)
2025-7-25 11:20:02-debug: asset-db:worker-effect-data-processing (1ms)
2025-7-25 11:20:02-debug: asset-db-hook-engine-extends-afterRefresh (1ms)
2025-7-25 11:21:18-debug: Query all assets info in project
2025-7-25 11:21:18-debug: init custom config: keepNodeUuid: false, useCache: true
2025-7-25 11:21:18-debug: Skip compress image, progress: 0%
2025-7-25 11:21:18-debug: Init all bundles start..., progress: 0%
2025-7-25 11:21:18-debug: Num of bundles: 2..., progress: 0%
2025-7-25 11:21:18-debug: // ---- build task 查询 Asset Bundle ----
2025-7-25 11:21:18-debug: 查询 Asset Bundle start, progress: 0%
2025-7-25 11:21:18-debug: Init bundle root assets start..., progress: 0%
2025-7-25 11:21:18-debug: Query preload assets/scripts from cc.config.json: 60f7195c-ec2a-45eb-ba94-8955f60e81d0,1c02ae6f-4492-4915-b8f8-7492a3b1e4cd,810e96e4-e456-4468-9b59-f4e8f39732c0,efe8e2a3-eace-427b-b4f1-cb8a937ec77d,e9aa9a3e-5b2b-4ac7-a2c7-073de2b2b24f,8bbdbcdd-5cd4-4100-b6d5-b7c9625b6107,50f4348b-c883-4e2f-8f11-ce233b859fa1,fda095cb-831d-4601-ad94-846013963de8,f92806d7-1768-443f-afe8-12bcde84d0f0,dd3a144d-ab7f-41f0-82b8-2e43a090d496,f0416e68-0200-4b77-a926-4f9d16e494da,970b0598-bcb0-4714-91fb-2e81440dccd8,bcd64cc6-2dd9-43f6-abbe-66318d332032,d930590d-bb92-4cc8-8bd1-23cd027f9edf,a3cd009f-0ab0-420d-9278-b9fdab939bbc,6a2d0734-bd9e-4ddf-946e-caa52498cb75,c27215d8-6835-4b68-bfbb-bdeac6100c04,b5d6115f-0370-4d7c-aad3-c194cc71cf98,871c3b6c-7379-419d-bda3-794b239ab90d,ff9b0199-ce04-4cfe-86cc-6c719f08d6e4,de1c2107-70c8-4021-8459-6399f24d01c6,cbf30902-517f-40dc-af90-a550bac27cf1
2025-7-25 11:21:18-debug: Init bundle root assets success..., progress: 0%
2025-7-25 11:21:18-debug:   Number of other assets: 510
2025-7-25 11:21:18-debug:   Number of all scripts: 14
2025-7-25 11:21:18-debug:   Number of all scenes: 1
2025-7-25 11:21:18-debug: // ---- build task 查询 Asset Bundle ---- (1ms)
2025-7-25 11:21:18-log: run build task 查询 Asset Bundle success in 1 ms√, progress: 5%
2025-7-25 11:21:18-debug: [Build Memory track]: 查询 Asset Bundle start:203.16MB, end 203.78MB, increase: 643.96KB
2025-7-25 11:21:18-debug: 查询 Asset Bundle start, progress: 5%
2025-7-25 11:21:18-debug: // ---- build task 查询 Asset Bundle ----
2025-7-25 11:21:18-debug: // ---- build task 查询 Asset Bundle ---- (1ms)
2025-7-25 11:21:18-log: run build task 查询 Asset Bundle success in 1 ms√, progress: 10%
2025-7-25 11:21:18-debug: 整理部分构建选项内数据到 settings.json start, progress: 10%
2025-7-25 11:21:18-debug: // ---- build task 整理部分构建选项内数据到 settings.json ----
2025-7-25 11:21:18-debug: [Build Memory track]: 查询 Asset Bundle start:203.81MB, end 203.13MB, increase: -696.75KB
2025-7-25 11:21:18-log: run build task 整理部分构建选项内数据到 settings.json success in √, progress: 12%
2025-7-25 11:21:18-debug: [Build Memory track]: 整理部分构建选项内数据到 settings.json start:203.15MB, end 203.17MB, increase: 16.08KB
2025-7-25 11:21:18-debug: 填充脚本数据到 settings.json start, progress: 12%
2025-7-25 11:21:18-debug: // ---- build task 填充脚本数据到 settings.json ----
2025-7-25 11:21:18-log: run build task 填充脚本数据到 settings.json success in √, progress: 13%
2025-7-25 11:21:18-debug: [Build Memory track]: 填充脚本数据到 settings.json start:203.19MB, end 203.21MB, increase: 15.97KB
2025-7-25 11:21:18-debug: 整理部分构建选项内数据到 settings.json start, progress: 13%
2025-7-25 11:21:18-debug: // ---- build task 整理部分构建选项内数据到 settings.json ----
2025-7-25 11:21:18-debug: // ---- build task 整理部分构建选项内数据到 settings.json ---- (1ms)
2025-7-25 11:21:18-debug: [Build Memory track]: 整理部分构建选项内数据到 settings.json start:203.23MB, end 203.37MB, increase: 139.19KB
2025-7-25 11:21:18-log: run build task 整理部分构建选项内数据到 settings.json success in 1 ms√, progress: 15%
2025-7-25 11:22:00-debug: refresh db internal success
2025-7-25 11:22:00-debug: refresh db assets success
2025-7-25 11:22:00-debug: Run asset db hook engine-extends:afterRefresh ...
2025-7-25 11:22:00-debug: Run asset db hook engine-extends:afterRefresh success!
2025-7-25 11:22:00-debug: asset-db:refresh-all-database (30ms)
2025-7-25 11:22:00-debug: asset-db-hook-engine-extends-afterRefresh (1ms)
2025-7-25 11:22:00-debug: asset-db:worker-effect-data-processing (1ms)
2025-7-25 11:22:21-debug: refresh db internal success
2025-7-25 11:22:21-debug: refresh db assets success
2025-7-25 11:22:21-debug: Run asset db hook engine-extends:afterRefresh ...
2025-7-25 11:22:21-debug: Run asset db hook engine-extends:afterRefresh success!
2025-7-25 11:22:21-debug: asset-db:refresh-all-database (20ms)
2025-7-25 11:22:21-debug: asset-db-hook-engine-extends-afterRefresh (1ms)
2025-7-25 11:22:30-debug: %cImport%c: /Users/zhao/Desktop/test/cocos-creator/PlaneFight/assets/Prefabs/TwoBullet.prefabbackground: #aaff85; color: #000;color: #000;
2025-7-25 11:22:30-debug: asset-db:reimport-asset079201a9-e808-4062-a800-65b69694b455 (4ms)
2025-7-25 11:22:57-debug: refresh db internal success
2025-7-25 11:22:57-debug: refresh db assets success
2025-7-25 11:22:57-debug: Run asset db hook engine-extends:afterRefresh ...
2025-7-25 11:22:57-debug: Run asset db hook engine-extends:afterRefresh success!
2025-7-25 11:22:57-debug: asset-db:refresh-all-database (26ms)
2025-7-25 11:22:57-debug: asset-db:worker-effect-data-processing (1ms)
2025-7-25 11:22:57-debug: asset-db-hook-engine-extends-afterRefresh (1ms)
2025-7-25 11:22:59-warn: 为更好地打开脚本，请在 {preferences} -> {program} -> {scriptEditor} 里配置打开脚本的应用程序
2025-7-25 11:23:03-debug: refresh db internal success
2025-7-25 11:23:03-debug: refresh db assets success
2025-7-25 11:23:03-debug: Run asset db hook engine-extends:afterRefresh ...
2025-7-25 11:23:03-debug: Run asset db hook engine-extends:afterRefresh success!
2025-7-25 11:23:03-debug: asset-db:refresh-all-database (26ms)
2025-7-25 11:23:03-debug: asset-db:worker-effect-data-processing (1ms)
2025-7-25 11:23:03-debug: asset-db-hook-engine-extends-afterRefresh (1ms)
2025-7-25 11:23:05-warn: 为更好地打开脚本，请在 {preferences} -> {program} -> {scriptEditor} 里配置打开脚本的应用程序
2025-7-25 11:23:12-debug: refresh db internal success
2025-7-25 11:23:12-debug: refresh db assets success
2025-7-25 11:23:12-debug: Run asset db hook engine-extends:afterRefresh ...
2025-7-25 11:23:12-debug: Run asset db hook engine-extends:afterRefresh success!
2025-7-25 11:23:12-debug: asset-db:refresh-all-database (29ms)
2025-7-25 11:25:08-debug: refresh db internal success
2025-7-25 11:25:08-debug: %cImport%c: /Users/zhao/Desktop/test/cocos-creator/PlaneFight/assets/Scripts/Player.tsbackground: #aaff85; color: #000;color: #000;
2025-7-25 11:25:08-debug: refresh db assets success
2025-7-25 11:25:08-debug: Run asset db hook engine-extends:afterRefresh ...
2025-7-25 11:25:08-debug: Run asset db hook engine-extends:afterRefresh success!
2025-7-25 11:25:08-debug: asset-db:refresh-all-database (40ms)
2025-7-25 11:25:08-debug: asset-db:worker-effect-data-processing (1ms)
2025-7-25 11:25:08-debug: asset-db-hook-engine-extends-afterRefresh (1ms)
2025-7-25 11:25:09-debug: Query all assets info in project
2025-7-25 11:25:09-debug: init custom config: keepNodeUuid: false, useCache: true
2025-7-25 11:25:09-debug: Skip compress image, progress: 0%
2025-7-25 11:25:09-debug: Init all bundles start..., progress: 0%
2025-7-25 11:25:09-debug: Init bundle root assets start..., progress: 0%
2025-7-25 11:25:09-debug: 查询 Asset Bundle start, progress: 0%
2025-7-25 11:25:09-debug: // ---- build task 查询 Asset Bundle ----
2025-7-25 11:25:09-debug: Num of bundles: 2..., progress: 0%
2025-7-25 11:25:09-debug: Query preload assets/scripts from cc.config.json: 60f7195c-ec2a-45eb-ba94-8955f60e81d0,1c02ae6f-4492-4915-b8f8-7492a3b1e4cd,810e96e4-e456-4468-9b59-f4e8f39732c0,efe8e2a3-eace-427b-b4f1-cb8a937ec77d,e9aa9a3e-5b2b-4ac7-a2c7-073de2b2b24f,8bbdbcdd-5cd4-4100-b6d5-b7c9625b6107,50f4348b-c883-4e2f-8f11-ce233b859fa1,fda095cb-831d-4601-ad94-846013963de8,f92806d7-1768-443f-afe8-12bcde84d0f0,dd3a144d-ab7f-41f0-82b8-2e43a090d496,f0416e68-0200-4b77-a926-4f9d16e494da,970b0598-bcb0-4714-91fb-2e81440dccd8,bcd64cc6-2dd9-43f6-abbe-66318d332032,d930590d-bb92-4cc8-8bd1-23cd027f9edf,a3cd009f-0ab0-420d-9278-b9fdab939bbc,6a2d0734-bd9e-4ddf-946e-caa52498cb75,c27215d8-6835-4b68-bfbb-bdeac6100c04,b5d6115f-0370-4d7c-aad3-c194cc71cf98,871c3b6c-7379-419d-bda3-794b239ab90d,ff9b0199-ce04-4cfe-86cc-6c719f08d6e4,de1c2107-70c8-4021-8459-6399f24d01c6,cbf30902-517f-40dc-af90-a550bac27cf1
2025-7-25 11:25:09-debug:   Number of other assets: 510
2025-7-25 11:25:09-debug:   Number of all scripts: 14
2025-7-25 11:25:09-debug: Init bundle root assets success..., progress: 0%
2025-7-25 11:25:09-debug:   Number of all scenes: 1
2025-7-25 11:25:09-debug: // ---- build task 查询 Asset Bundle ---- (1ms)
2025-7-25 11:25:09-debug: 查询 Asset Bundle start, progress: 5%
2025-7-25 11:25:09-debug: [Build Memory track]: 查询 Asset Bundle start:205.87MB, end 205.56MB, increase: -311.27KB
2025-7-25 11:25:09-log: run build task 查询 Asset Bundle success in 1 ms√, progress: 5%
2025-7-25 11:25:09-debug: // ---- build task 查询 Asset Bundle ----
2025-7-25 11:25:09-log: run build task 查询 Asset Bundle success in √, progress: 10%
2025-7-25 11:25:09-debug: 整理部分构建选项内数据到 settings.json start, progress: 10%
2025-7-25 11:25:09-debug: // ---- build task 整理部分构建选项内数据到 settings.json ----
2025-7-25 11:25:09-debug: [Build Memory track]: 查询 Asset Bundle start:205.59MB, end 205.69MB, increase: 99.73KB
2025-7-25 11:25:09-log: run build task 整理部分构建选项内数据到 settings.json success in √, progress: 12%
2025-7-25 11:25:09-debug: // ---- build task 填充脚本数据到 settings.json ----
2025-7-25 11:25:09-debug: [Build Memory track]: 整理部分构建选项内数据到 settings.json start:205.71MB, end 205.73MB, increase: 16.11KB
2025-7-25 11:25:09-debug: 填充脚本数据到 settings.json start, progress: 12%
2025-7-25 11:25:09-log: run build task 填充脚本数据到 settings.json success in √, progress: 13%
2025-7-25 11:25:09-debug: 整理部分构建选项内数据到 settings.json start, progress: 13%
2025-7-25 11:25:09-debug: [Build Memory track]: 填充脚本数据到 settings.json start:205.75MB, end 205.77MB, increase: 15.62KB
2025-7-25 11:25:09-debug: // ---- build task 整理部分构建选项内数据到 settings.json ----
2025-7-25 11:25:09-debug: // ---- build task 整理部分构建选项内数据到 settings.json ---- (1ms)
2025-7-25 11:25:09-log: run build task 整理部分构建选项内数据到 settings.json success in 1 ms√, progress: 15%
2025-7-25 11:25:09-debug: [Build Memory track]: 整理部分构建选项内数据到 settings.json start:205.79MB, end 205.91MB, increase: 122.47KB
2025-7-25 11:25:21-debug: refresh db internal success
2025-7-25 11:25:21-debug: refresh db assets success
2025-7-25 11:25:21-debug: Run asset db hook engine-extends:afterRefresh ...
2025-7-25 11:25:21-debug: Run asset db hook engine-extends:afterRefresh success!
2025-7-25 11:25:21-debug: asset-db:refresh-all-database (30ms)
2025-7-25 11:25:21-debug: asset-db:worker-effect-data-processing (1ms)
2025-7-25 11:25:21-debug: asset-db-hook-engine-extends-afterRefresh (1ms)
2025-7-25 11:25:25-debug: Query all assets info in project
2025-7-25 11:25:25-debug: init custom config: keepNodeUuid: false, useCache: true
2025-7-25 11:25:25-debug: Skip compress image, progress: 0%
2025-7-25 11:25:25-debug: Init all bundles start..., progress: 0%
2025-7-25 11:25:25-debug: Num of bundles: 2..., progress: 0%
2025-7-25 11:25:25-debug: 查询 Asset Bundle start, progress: 0%
2025-7-25 11:25:25-debug: Init bundle root assets start..., progress: 0%
2025-7-25 11:25:25-debug: // ---- build task 查询 Asset Bundle ----
2025-7-25 11:25:25-debug:   Number of all scenes: 1
2025-7-25 11:25:25-debug:   Number of all scripts: 14
2025-7-25 11:25:25-debug: Query preload assets/scripts from cc.config.json: 60f7195c-ec2a-45eb-ba94-8955f60e81d0,1c02ae6f-4492-4915-b8f8-7492a3b1e4cd,810e96e4-e456-4468-9b59-f4e8f39732c0,efe8e2a3-eace-427b-b4f1-cb8a937ec77d,e9aa9a3e-5b2b-4ac7-a2c7-073de2b2b24f,8bbdbcdd-5cd4-4100-b6d5-b7c9625b6107,50f4348b-c883-4e2f-8f11-ce233b859fa1,fda095cb-831d-4601-ad94-846013963de8,f92806d7-1768-443f-afe8-12bcde84d0f0,dd3a144d-ab7f-41f0-82b8-2e43a090d496,f0416e68-0200-4b77-a926-4f9d16e494da,970b0598-bcb0-4714-91fb-2e81440dccd8,bcd64cc6-2dd9-43f6-abbe-66318d332032,d930590d-bb92-4cc8-8bd1-23cd027f9edf,a3cd009f-0ab0-420d-9278-b9fdab939bbc,6a2d0734-bd9e-4ddf-946e-caa52498cb75,c27215d8-6835-4b68-bfbb-bdeac6100c04,b5d6115f-0370-4d7c-aad3-c194cc71cf98,871c3b6c-7379-419d-bda3-794b239ab90d,ff9b0199-ce04-4cfe-86cc-6c719f08d6e4,de1c2107-70c8-4021-8459-6399f24d01c6,cbf30902-517f-40dc-af90-a550bac27cf1
2025-7-25 11:25:25-debug: Init bundle root assets success..., progress: 0%
2025-7-25 11:25:25-debug:   Number of other assets: 510
2025-7-25 11:25:25-debug: // ---- build task 查询 Asset Bundle ---- (2ms)
2025-7-25 11:25:25-debug: 查询 Asset Bundle start, progress: 5%
2025-7-25 11:25:25-debug: // ---- build task 查询 Asset Bundle ----
2025-7-25 11:25:25-debug: [Build Memory track]: 查询 Asset Bundle start:206.73MB, end 206.60MB, increase: -133.46KB
2025-7-25 11:25:25-log: run build task 查询 Asset Bundle success in 2 ms√, progress: 5%
2025-7-25 11:25:25-log: run build task 查询 Asset Bundle success in √, progress: 10%
2025-7-25 11:25:25-debug: [Build Memory track]: 查询 Asset Bundle start:206.62MB, end 206.72MB, increase: 98.05KB
2025-7-25 11:25:25-debug: // ---- build task 整理部分构建选项内数据到 settings.json ----
2025-7-25 11:25:25-debug: 填充脚本数据到 settings.json start, progress: 12%
2025-7-25 11:25:25-debug: [Build Memory track]: 整理部分构建选项内数据到 settings.json start:206.74MB, end 206.04MB, increase: -717.34KB
2025-7-25 11:25:25-log: run build task 整理部分构建选项内数据到 settings.json success in 1 ms√, progress: 12%
2025-7-25 11:25:25-debug: 整理部分构建选项内数据到 settings.json start, progress: 10%
2025-7-25 11:25:25-debug: [Build Memory track]: 填充脚本数据到 settings.json start:206.07MB, end 206.08MB, increase: 13.72KB
2025-7-25 11:25:25-debug: // ---- build task 填充脚本数据到 settings.json ----
2025-7-25 11:25:25-debug: // ---- build task 整理部分构建选项内数据到 settings.json ----
2025-7-25 11:25:25-debug: 整理部分构建选项内数据到 settings.json start, progress: 13%
2025-7-25 11:25:25-log: run build task 填充脚本数据到 settings.json success in √, progress: 13%
2025-7-25 11:25:25-debug: // ---- build task 整理部分构建选项内数据到 settings.json ---- (1ms)
2025-7-25 11:25:25-debug: // ---- build task 整理部分构建选项内数据到 settings.json ---- (1ms)
2025-7-25 11:25:25-log: run build task 整理部分构建选项内数据到 settings.json success in 1 ms√, progress: 15%
2025-7-25 11:25:25-debug: [Build Memory track]: 整理部分构建选项内数据到 settings.json start:206.10MB, end 206.23MB, increase: 127.75KB
2025-7-25 11:25:50-debug: refresh db internal success
2025-7-25 11:25:50-debug: refresh db assets success
2025-7-25 11:25:50-debug: Run asset db hook engine-extends:afterRefresh success!
2025-7-25 11:25:50-debug: Run asset db hook engine-extends:afterRefresh ...
2025-7-25 11:25:50-debug: asset-db:refresh-all-database (25ms)
2025-7-25 11:25:50-debug: asset-db:worker-effect-data-processing (1ms)
2025-7-25 11:25:50-debug: asset-db-hook-engine-extends-afterRefresh (1ms)
2025-7-25 11:25:53-debug: refresh db internal success
2025-7-25 11:25:53-debug: refresh db assets success
2025-7-25 11:25:53-debug: Run asset db hook engine-extends:afterRefresh ...
2025-7-25 11:25:53-debug: Run asset db hook engine-extends:afterRefresh success!
2025-7-25 11:25:53-debug: asset-db:refresh-all-database (18ms)
2025-7-25 11:25:53-debug: asset-db-hook-engine-extends-afterRefresh (1ms)
2025-7-25 11:26:33-debug: Query all assets info in project
2025-7-25 11:26:33-debug: init custom config: keepNodeUuid: false, useCache: true
2025-7-25 11:26:33-debug: Skip compress image, progress: 0%
2025-7-25 11:26:33-debug: Init all bundles start..., progress: 0%
2025-7-25 11:26:33-debug: Num of bundles: 2..., progress: 0%
2025-7-25 11:26:33-debug: 查询 Asset Bundle start, progress: 0%
2025-7-25 11:26:33-debug: Init bundle root assets start..., progress: 0%
2025-7-25 11:26:33-debug: // ---- build task 查询 Asset Bundle ----
2025-7-25 11:26:33-debug: Query preload assets/scripts from cc.config.json: 60f7195c-ec2a-45eb-ba94-8955f60e81d0,1c02ae6f-4492-4915-b8f8-7492a3b1e4cd,810e96e4-e456-4468-9b59-f4e8f39732c0,efe8e2a3-eace-427b-b4f1-cb8a937ec77d,e9aa9a3e-5b2b-4ac7-a2c7-073de2b2b24f,8bbdbcdd-5cd4-4100-b6d5-b7c9625b6107,50f4348b-c883-4e2f-8f11-ce233b859fa1,fda095cb-831d-4601-ad94-846013963de8,f92806d7-1768-443f-afe8-12bcde84d0f0,dd3a144d-ab7f-41f0-82b8-2e43a090d496,f0416e68-0200-4b77-a926-4f9d16e494da,970b0598-bcb0-4714-91fb-2e81440dccd8,bcd64cc6-2dd9-43f6-abbe-66318d332032,d930590d-bb92-4cc8-8bd1-23cd027f9edf,a3cd009f-0ab0-420d-9278-b9fdab939bbc,6a2d0734-bd9e-4ddf-946e-caa52498cb75,c27215d8-6835-4b68-bfbb-bdeac6100c04,b5d6115f-0370-4d7c-aad3-c194cc71cf98,871c3b6c-7379-419d-bda3-794b239ab90d,ff9b0199-ce04-4cfe-86cc-6c719f08d6e4,de1c2107-70c8-4021-8459-6399f24d01c6,cbf30902-517f-40dc-af90-a550bac27cf1
2025-7-25 11:26:33-debug: Init bundle root assets success..., progress: 0%
2025-7-25 11:26:33-debug:   Number of all scripts: 14
2025-7-25 11:26:33-debug:   Number of other assets: 510
2025-7-25 11:26:33-debug:   Number of all scenes: 1
2025-7-25 11:26:33-debug: // ---- build task 查询 Asset Bundle ---- (1ms)
2025-7-25 11:26:33-log: run build task 查询 Asset Bundle success in 1 ms√, progress: 5%
2025-7-25 11:26:33-debug: [Build Memory track]: 查询 Asset Bundle start:206.91MB, end 207.54MB, increase: 641.58KB
2025-7-25 11:26:33-debug: 查询 Asset Bundle start, progress: 5%
2025-7-25 11:26:33-debug: // ---- build task 查询 Asset Bundle ----
2025-7-25 11:26:33-debug: // ---- build task 查询 Asset Bundle ---- (1ms)
2025-7-25 11:26:33-debug: // ---- build task 整理部分构建选项内数据到 settings.json ----
2025-7-25 11:26:33-debug: [Build Memory track]: 查询 Asset Bundle start:207.57MB, end 206.88MB, increase: -697.15KB
2025-7-25 11:26:33-debug: 整理部分构建选项内数据到 settings.json start, progress: 10%
2025-7-25 11:26:33-log: run build task 查询 Asset Bundle success in 1 ms√, progress: 10%
2025-7-25 11:26:33-log: run build task 整理部分构建选项内数据到 settings.json success in √, progress: 12%
2025-7-25 11:26:33-debug: [Build Memory track]: 整理部分构建选项内数据到 settings.json start:206.91MB, end 206.93MB, increase: 16.08KB
2025-7-25 11:26:33-debug: 填充脚本数据到 settings.json start, progress: 12%
2025-7-25 11:26:33-debug: // ---- build task 填充脚本数据到 settings.json ----
2025-7-25 11:26:33-log: run build task 填充脚本数据到 settings.json success in √, progress: 13%
2025-7-25 11:26:33-debug: [Build Memory track]: 填充脚本数据到 settings.json start:206.95MB, end 206.97MB, increase: 16.43KB
2025-7-25 11:26:33-debug: 整理部分构建选项内数据到 settings.json start, progress: 13%
2025-7-25 11:26:33-debug: // ---- build task 整理部分构建选项内数据到 settings.json ----
2025-7-25 11:26:33-debug: // ---- build task 整理部分构建选项内数据到 settings.json ---- (2ms)
2025-7-25 11:26:33-log: run build task 整理部分构建选项内数据到 settings.json success in 2 ms√, progress: 15%
2025-7-25 11:26:33-debug: [Build Memory track]: 整理部分构建选项内数据到 settings.json start:206.99MB, end 207.13MB, increase: 146.34KB
2025-7-25 11:27:01-debug: Query all assets info in project
2025-7-25 11:27:01-debug: init custom config: keepNodeUuid: false, useCache: true
2025-7-25 11:27:01-debug: Skip compress image, progress: 0%
2025-7-25 11:27:01-debug: Init all bundles start..., progress: 0%
2025-7-25 11:27:01-debug: Init bundle root assets start..., progress: 0%
2025-7-25 11:27:01-debug: 查询 Asset Bundle start, progress: 0%
2025-7-25 11:27:01-debug: // ---- build task 查询 Asset Bundle ----
2025-7-25 11:27:01-debug: Num of bundles: 2..., progress: 0%
2025-7-25 11:27:01-debug: Query preload assets/scripts from cc.config.json: 60f7195c-ec2a-45eb-ba94-8955f60e81d0,1c02ae6f-4492-4915-b8f8-7492a3b1e4cd,810e96e4-e456-4468-9b59-f4e8f39732c0,efe8e2a3-eace-427b-b4f1-cb8a937ec77d,e9aa9a3e-5b2b-4ac7-a2c7-073de2b2b24f,8bbdbcdd-5cd4-4100-b6d5-b7c9625b6107,50f4348b-c883-4e2f-8f11-ce233b859fa1,fda095cb-831d-4601-ad94-846013963de8,f92806d7-1768-443f-afe8-12bcde84d0f0,dd3a144d-ab7f-41f0-82b8-2e43a090d496,f0416e68-0200-4b77-a926-4f9d16e494da,970b0598-bcb0-4714-91fb-2e81440dccd8,bcd64cc6-2dd9-43f6-abbe-66318d332032,d930590d-bb92-4cc8-8bd1-23cd027f9edf,a3cd009f-0ab0-420d-9278-b9fdab939bbc,6a2d0734-bd9e-4ddf-946e-caa52498cb75,c27215d8-6835-4b68-bfbb-bdeac6100c04,b5d6115f-0370-4d7c-aad3-c194cc71cf98,871c3b6c-7379-419d-bda3-794b239ab90d,ff9b0199-ce04-4cfe-86cc-6c719f08d6e4,de1c2107-70c8-4021-8459-6399f24d01c6,cbf30902-517f-40dc-af90-a550bac27cf1
2025-7-25 11:27:01-debug: Init bundle root assets success..., progress: 0%
2025-7-25 11:27:01-debug:   Number of all scenes: 1
2025-7-25 11:27:01-debug:   Number of other assets: 510
2025-7-25 11:27:01-debug:   Number of all scripts: 14
2025-7-25 11:27:01-debug: // ---- build task 查询 Asset Bundle ---- (1ms)
2025-7-25 11:27:01-debug: [Build Memory track]: 查询 Asset Bundle start:207.64MB, end 207.35MB, increase: -294.70KB
2025-7-25 11:27:01-log: run build task 查询 Asset Bundle success in 1 ms√, progress: 5%
2025-7-25 11:27:01-debug: 查询 Asset Bundle start, progress: 5%
2025-7-25 11:27:01-debug: // ---- build task 查询 Asset Bundle ----
2025-7-25 11:27:01-log: run build task 查询 Asset Bundle success in √, progress: 10%
2025-7-25 11:27:01-debug: 整理部分构建选项内数据到 settings.json start, progress: 10%
2025-7-25 11:27:01-debug: [Build Memory track]: 查询 Asset Bundle start:207.38MB, end 207.48MB, increase: 100.14KB
2025-7-25 11:27:01-debug: // ---- build task 整理部分构建选项内数据到 settings.json ----
2025-7-25 11:27:01-log: run build task 整理部分构建选项内数据到 settings.json success in 1 ms√, progress: 12%
2025-7-25 11:27:01-debug: 填充脚本数据到 settings.json start, progress: 12%
2025-7-25 11:27:01-debug: // ---- build task 整理部分构建选项内数据到 settings.json ---- (1ms)
2025-7-25 11:27:01-debug: [Build Memory track]: 整理部分构建选项内数据到 settings.json start:207.50MB, end 207.52MB, increase: 22.86KB
2025-7-25 11:27:01-debug: // ---- build task 填充脚本数据到 settings.json ----
2025-7-25 11:27:01-debug: // ---- build task 填充脚本数据到 settings.json ---- (1ms)
2025-7-25 11:27:01-debug: [Build Memory track]: 填充脚本数据到 settings.json start:207.55MB, end 207.57MB, increase: 25.70KB
2025-7-25 11:27:01-log: run build task 填充脚本数据到 settings.json success in 1 ms√, progress: 13%
2025-7-25 11:27:01-debug: 整理部分构建选项内数据到 settings.json start, progress: 13%
2025-7-25 11:27:01-debug: // ---- build task 整理部分构建选项内数据到 settings.json ----
2025-7-25 11:27:01-debug: // ---- build task 整理部分构建选项内数据到 settings.json ---- (2ms)
2025-7-25 11:27:01-log: run build task 整理部分构建选项内数据到 settings.json success in 2 ms√, progress: 15%
2025-7-25 11:27:01-debug: [Build Memory track]: 整理部分构建选项内数据到 settings.json start:207.60MB, end 207.72MB, increase: 123.24KB
2025-7-25 11:27:17-debug: refresh db internal success
2025-7-25 11:27:17-debug: refresh db assets success
2025-7-25 11:27:17-debug: Run asset db hook engine-extends:afterRefresh ...
2025-7-25 11:27:17-debug: Run asset db hook engine-extends:afterRefresh success!
2025-7-25 11:27:17-debug: asset-db:refresh-all-database (35ms)
2025-7-25 11:27:17-debug: asset-db:worker-effect-data-processing (1ms)
2025-7-25 11:27:17-debug: asset-db-hook-engine-extends-afterRefresh (1ms)
2025-7-25 11:27:29-debug: refresh db internal success
2025-7-25 11:27:29-debug: refresh db assets success
2025-7-25 11:27:29-debug: Run asset db hook engine-extends:afterRefresh ...
2025-7-25 11:27:29-debug: Run asset db hook engine-extends:afterRefresh success!
2025-7-25 11:27:29-debug: asset-db:refresh-all-database (30ms)
2025-7-25 11:27:29-debug: asset-db-hook-engine-extends-afterRefresh (1ms)
2025-7-25 11:27:53-debug: refresh db internal success
2025-7-25 11:27:53-debug: %cImport%c: /Users/zhao/Desktop/test/cocos-creator/PlaneFight/assets/Scripts/Player.tsbackground: #aaff85; color: #000;color: #000;
2025-7-25 11:27:53-debug: refresh db assets success
2025-7-25 11:27:53-debug: Run asset db hook engine-extends:afterRefresh ...
2025-7-25 11:27:53-debug: Run asset db hook engine-extends:afterRefresh success!
2025-7-25 11:27:53-debug: asset-db:refresh-all-database (16ms)
2025-7-25 11:27:53-debug: asset-db:worker-effect-data-processing (1ms)
2025-7-25 11:27:53-debug: asset-db-hook-engine-extends-afterRefresh (1ms)
2025-7-25 11:27:54-debug: %cImport%c: /Users/zhao/Desktop/test/cocos-creator/PlaneFight/assets/Scenes/Start.scenebackground: #aaff85; color: #000;color: #000;
2025-7-25 11:27:54-debug: asset-db:reimport-asset2fda4d65-a1e9-4078-8250-de49b04cdc34 (6ms)
2025-7-25 11:27:54-debug: Query all assets info in project
2025-7-25 11:27:54-debug: init custom config: keepNodeUuid: false, useCache: true
2025-7-25 11:27:54-debug: Skip compress image, progress: 0%
2025-7-25 11:27:54-debug: Init all bundles start..., progress: 0%
2025-7-25 11:27:54-debug: Num of bundles: 2..., progress: 0%
2025-7-25 11:27:54-debug: 查询 Asset Bundle start, progress: 0%
2025-7-25 11:27:54-debug: // ---- build task 查询 Asset Bundle ----
2025-7-25 11:27:54-debug: Init bundle root assets start..., progress: 0%
2025-7-25 11:27:54-debug: Query preload assets/scripts from cc.config.json: 60f7195c-ec2a-45eb-ba94-8955f60e81d0,1c02ae6f-4492-4915-b8f8-7492a3b1e4cd,810e96e4-e456-4468-9b59-f4e8f39732c0,efe8e2a3-eace-427b-b4f1-cb8a937ec77d,e9aa9a3e-5b2b-4ac7-a2c7-073de2b2b24f,8bbdbcdd-5cd4-4100-b6d5-b7c9625b6107,50f4348b-c883-4e2f-8f11-ce233b859fa1,fda095cb-831d-4601-ad94-846013963de8,f92806d7-1768-443f-afe8-12bcde84d0f0,dd3a144d-ab7f-41f0-82b8-2e43a090d496,f0416e68-0200-4b77-a926-4f9d16e494da,970b0598-bcb0-4714-91fb-2e81440dccd8,bcd64cc6-2dd9-43f6-abbe-66318d332032,d930590d-bb92-4cc8-8bd1-23cd027f9edf,a3cd009f-0ab0-420d-9278-b9fdab939bbc,6a2d0734-bd9e-4ddf-946e-caa52498cb75,c27215d8-6835-4b68-bfbb-bdeac6100c04,b5d6115f-0370-4d7c-aad3-c194cc71cf98,871c3b6c-7379-419d-bda3-794b239ab90d,ff9b0199-ce04-4cfe-86cc-6c719f08d6e4,de1c2107-70c8-4021-8459-6399f24d01c6,cbf30902-517f-40dc-af90-a550bac27cf1
2025-7-25 11:27:54-debug: Init bundle root assets success..., progress: 0%
2025-7-25 11:27:54-debug:   Number of all scripts: 14
2025-7-25 11:27:54-debug:   Number of other assets: 510
2025-7-25 11:27:54-debug:   Number of all scenes: 1
2025-7-25 11:27:54-debug: // ---- build task 查询 Asset Bundle ---- (6ms)
2025-7-25 11:27:54-debug: [Build Memory track]: 查询 Asset Bundle start:208.53MB, end 208.25MB, increase: -289.63KB
2025-7-25 11:27:54-log: run build task 查询 Asset Bundle success in 6 ms√, progress: 5%
2025-7-25 11:27:54-debug: // ---- build task 查询 Asset Bundle ----
2025-7-25 11:27:54-debug: 查询 Asset Bundle start, progress: 5%
2025-7-25 11:27:54-debug: // ---- build task 查询 Asset Bundle ---- (3ms)
2025-7-25 11:27:54-log: run build task 查询 Asset Bundle success in 3 ms√, progress: 10%
2025-7-25 11:27:54-debug: [Build Memory track]: 查询 Asset Bundle start:208.27MB, end 208.38MB, increase: 108.37KB
2025-7-25 11:27:54-debug: 整理部分构建选项内数据到 settings.json start, progress: 10%
2025-7-25 11:27:54-debug: // ---- build task 整理部分构建选项内数据到 settings.json ----
2025-7-25 11:27:54-debug: // ---- build task 整理部分构建选项内数据到 settings.json ---- (2ms)
2025-7-25 11:27:54-log: run build task 整理部分构建选项内数据到 settings.json success in 2 ms√, progress: 12%
2025-7-25 11:27:54-debug: 填充脚本数据到 settings.json start, progress: 12%
2025-7-25 11:27:54-debug: [Build Memory track]: 整理部分构建选项内数据到 settings.json start:208.40MB, end 208.43MB, increase: 24.94KB
2025-7-25 11:27:54-debug: // ---- build task 填充脚本数据到 settings.json ----
2025-7-25 11:27:54-debug: // ---- build task 填充脚本数据到 settings.json ---- (1ms)
2025-7-25 11:27:54-debug: 整理部分构建选项内数据到 settings.json start, progress: 13%
2025-7-25 11:27:54-debug: // ---- build task 整理部分构建选项内数据到 settings.json ----
2025-7-25 11:27:54-log: run build task 填充脚本数据到 settings.json success in 1 ms√, progress: 13%
2025-7-25 11:27:54-debug: [Build Memory track]: 填充脚本数据到 settings.json start:208.45MB, end 208.47MB, increase: 24.27KB
2025-7-25 11:27:54-debug: // ---- build task 整理部分构建选项内数据到 settings.json ---- (3ms)
2025-7-25 11:27:54-log: run build task 整理部分构建选项内数据到 settings.json success in 3 ms√, progress: 15%
2025-7-25 11:27:54-debug: [Build Memory track]: 整理部分构建选项内数据到 settings.json start:208.50MB, end 208.62MB, increase: 123.00KB
2025-7-25 11:27:54-debug: Query all assets info in project
2025-7-25 11:27:54-debug: init custom config: keepNodeUuid: false, useCache: true
2025-7-25 11:27:54-debug: Skip compress image, progress: 0%
2025-7-25 11:27:54-debug: Init all bundles start..., progress: 0%
2025-7-25 11:27:54-debug: // ---- build task 查询 Asset Bundle ----
2025-7-25 11:27:54-debug: 查询 Asset Bundle start, progress: 0%
2025-7-25 11:27:54-debug: Num of bundles: 2..., progress: 0%
2025-7-25 11:27:54-debug: Init bundle root assets start..., progress: 0%
2025-7-25 11:27:54-debug: Query preload assets/scripts from cc.config.json: 60f7195c-ec2a-45eb-ba94-8955f60e81d0,1c02ae6f-4492-4915-b8f8-7492a3b1e4cd,810e96e4-e456-4468-9b59-f4e8f39732c0,efe8e2a3-eace-427b-b4f1-cb8a937ec77d,e9aa9a3e-5b2b-4ac7-a2c7-073de2b2b24f,8bbdbcdd-5cd4-4100-b6d5-b7c9625b6107,50f4348b-c883-4e2f-8f11-ce233b859fa1,fda095cb-831d-4601-ad94-846013963de8,f92806d7-1768-443f-afe8-12bcde84d0f0,dd3a144d-ab7f-41f0-82b8-2e43a090d496,f0416e68-0200-4b77-a926-4f9d16e494da,970b0598-bcb0-4714-91fb-2e81440dccd8,bcd64cc6-2dd9-43f6-abbe-66318d332032,d930590d-bb92-4cc8-8bd1-23cd027f9edf,a3cd009f-0ab0-420d-9278-b9fdab939bbc,6a2d0734-bd9e-4ddf-946e-caa52498cb75,c27215d8-6835-4b68-bfbb-bdeac6100c04,b5d6115f-0370-4d7c-aad3-c194cc71cf98,871c3b6c-7379-419d-bda3-794b239ab90d,ff9b0199-ce04-4cfe-86cc-6c719f08d6e4,de1c2107-70c8-4021-8459-6399f24d01c6,cbf30902-517f-40dc-af90-a550bac27cf1
2025-7-25 11:27:54-debug: Init bundle root assets success..., progress: 0%
2025-7-25 11:27:54-debug:   Number of all scenes: 1
2025-7-25 11:27:54-debug:   Number of other assets: 510
2025-7-25 11:27:54-debug:   Number of all scripts: 14
2025-7-25 11:27:55-debug: // ---- build task 查询 Asset Bundle ---- (2ms)
2025-7-25 11:27:55-debug: 查询 Asset Bundle start, progress: 5%
2025-7-25 11:27:55-debug: // ---- build task 查询 Asset Bundle ----
2025-7-25 11:27:55-debug: [Build Memory track]: 查询 Asset Bundle start:208.59MB, end 208.31MB, increase: -283.68KB
2025-7-25 11:27:55-log: run build task 查询 Asset Bundle success in 2 ms√, progress: 5%
2025-7-25 11:27:55-debug: // ---- build task 查询 Asset Bundle ---- (2ms)
2025-7-25 11:27:55-log: run build task 查询 Asset Bundle success in 2 ms√, progress: 10%
2025-7-25 11:27:55-debug: [Build Memory track]: 查询 Asset Bundle start:208.34MB, end 208.44MB, increase: 106.46KB
2025-7-25 11:27:55-debug: 整理部分构建选项内数据到 settings.json start, progress: 10%
2025-7-25 11:27:55-debug: // ---- build task 整理部分构建选项内数据到 settings.json ----
2025-7-25 11:27:55-debug: // ---- build task 整理部分构建选项内数据到 settings.json ---- (1ms)
2025-7-25 11:27:55-log: run build task 整理部分构建选项内数据到 settings.json success in 1 ms√, progress: 12%
2025-7-25 11:27:55-debug: [Build Memory track]: 整理部分构建选项内数据到 settings.json start:208.46MB, end 208.49MB, increase: 24.75KB
2025-7-25 11:27:55-debug: // ---- build task 填充脚本数据到 settings.json ----
2025-7-25 11:27:55-debug: 填充脚本数据到 settings.json start, progress: 12%
2025-7-25 11:27:55-debug: // ---- build task 填充脚本数据到 settings.json ---- (1ms)
2025-7-25 11:27:55-debug: 整理部分构建选项内数据到 settings.json start, progress: 13%
2025-7-25 11:27:55-debug: [Build Memory track]: 填充脚本数据到 settings.json start:208.51MB, end 208.54MB, increase: 24.00KB
2025-7-25 11:27:55-log: run build task 填充脚本数据到 settings.json success in 1 ms√, progress: 13%
2025-7-25 11:27:55-debug: // ---- build task 整理部分构建选项内数据到 settings.json ----
2025-7-25 11:27:55-debug: // ---- build task 整理部分构建选项内数据到 settings.json ---- (1ms)
2025-7-25 11:27:55-log: run build task 整理部分构建选项内数据到 settings.json success in 1 ms√, progress: 15%
2025-7-25 11:27:55-debug: [Build Memory track]: 整理部分构建选项内数据到 settings.json start:208.56MB, end 208.68MB, increase: 123.30KB
2025-7-25 11:27:56-debug: Query all assets info in project
2025-7-25 11:27:56-debug: init custom config: keepNodeUuid: false, useCache: true
2025-7-25 11:27:56-debug: Skip compress image, progress: 0%
2025-7-25 11:27:56-debug: Init all bundles start..., progress: 0%
2025-7-25 11:27:56-debug: // ---- build task 查询 Asset Bundle ----
2025-7-25 11:27:56-debug: 查询 Asset Bundle start, progress: 0%
2025-7-25 11:27:56-debug: Num of bundles: 2..., progress: 0%
2025-7-25 11:27:56-debug: Init bundle root assets start..., progress: 0%
2025-7-25 11:27:56-debug: Query preload assets/scripts from cc.config.json: 60f7195c-ec2a-45eb-ba94-8955f60e81d0,1c02ae6f-4492-4915-b8f8-7492a3b1e4cd,810e96e4-e456-4468-9b59-f4e8f39732c0,efe8e2a3-eace-427b-b4f1-cb8a937ec77d,e9aa9a3e-5b2b-4ac7-a2c7-073de2b2b24f,8bbdbcdd-5cd4-4100-b6d5-b7c9625b6107,50f4348b-c883-4e2f-8f11-ce233b859fa1,fda095cb-831d-4601-ad94-846013963de8,f92806d7-1768-443f-afe8-12bcde84d0f0,dd3a144d-ab7f-41f0-82b8-2e43a090d496,f0416e68-0200-4b77-a926-4f9d16e494da,970b0598-bcb0-4714-91fb-2e81440dccd8,bcd64cc6-2dd9-43f6-abbe-66318d332032,d930590d-bb92-4cc8-8bd1-23cd027f9edf,a3cd009f-0ab0-420d-9278-b9fdab939bbc,6a2d0734-bd9e-4ddf-946e-caa52498cb75,c27215d8-6835-4b68-bfbb-bdeac6100c04,b5d6115f-0370-4d7c-aad3-c194cc71cf98,871c3b6c-7379-419d-bda3-794b239ab90d,ff9b0199-ce04-4cfe-86cc-6c719f08d6e4,de1c2107-70c8-4021-8459-6399f24d01c6,cbf30902-517f-40dc-af90-a550bac27cf1
2025-7-25 11:27:56-debug: Init bundle root assets success..., progress: 0%
2025-7-25 11:27:56-debug:   Number of all scenes: 1
2025-7-25 11:27:56-debug:   Number of all scripts: 14
2025-7-25 11:27:56-debug:   Number of other assets: 510
2025-7-25 11:27:56-debug: // ---- build task 查询 Asset Bundle ---- (4ms)
2025-7-25 11:27:56-log: run build task 查询 Asset Bundle success in 4 ms√, progress: 5%
2025-7-25 11:27:56-debug: // ---- build task 查询 Asset Bundle ----
2025-7-25 11:27:56-debug: [Build Memory track]: 查询 Asset Bundle start:208.23MB, end 208.85MB, increase: 640.14KB
2025-7-25 11:27:56-debug: 查询 Asset Bundle start, progress: 5%
2025-7-25 11:27:56-debug: // ---- build task 查询 Asset Bundle ---- (4ms)
2025-7-25 11:27:56-debug: [Build Memory track]: 查询 Asset Bundle start:208.88MB, end 208.22MB, increase: -679.46KB
2025-7-25 11:27:56-log: run build task 查询 Asset Bundle success in 4 ms√, progress: 10%
2025-7-25 11:27:56-debug: // ---- build task 整理部分构建选项内数据到 settings.json ----
2025-7-25 11:27:56-debug: 整理部分构建选项内数据到 settings.json start, progress: 10%
2025-7-25 11:27:56-debug: [Build Memory track]: 整理部分构建选项内数据到 settings.json start:208.24MB, end 208.26MB, increase: 16.47KB
2025-7-25 11:27:56-log: run build task 整理部分构建选项内数据到 settings.json success in √, progress: 12%
2025-7-25 11:27:56-debug: 填充脚本数据到 settings.json start, progress: 12%
2025-7-25 11:27:56-debug: // ---- build task 填充脚本数据到 settings.json ----
2025-7-25 11:27:56-log: run build task 填充脚本数据到 settings.json success in √, progress: 13%
2025-7-25 11:27:56-debug: // ---- build task 整理部分构建选项内数据到 settings.json ----
2025-7-25 11:27:56-debug: [Build Memory track]: 填充脚本数据到 settings.json start:208.28MB, end 208.30MB, increase: 15.57KB
2025-7-25 11:27:56-debug: 整理部分构建选项内数据到 settings.json start, progress: 13%
2025-7-25 11:27:56-debug: // ---- build task 整理部分构建选项内数据到 settings.json ---- (1ms)
2025-7-25 11:27:56-log: run build task 整理部分构建选项内数据到 settings.json success in 1 ms√, progress: 15%
2025-7-25 11:27:56-debug: [Build Memory track]: 整理部分构建选项内数据到 settings.json start:208.32MB, end 208.46MB, increase: 138.01KB
2025-7-25 11:28:12-debug: Query all assets info in project
2025-7-25 11:28:12-debug: init custom config: keepNodeUuid: false, useCache: true
2025-7-25 11:28:12-debug: Skip compress image, progress: 0%
2025-7-25 11:28:12-debug: Init all bundles start..., progress: 0%
2025-7-25 11:28:12-debug: Num of bundles: 2..., progress: 0%
2025-7-25 11:28:12-debug: 查询 Asset Bundle start, progress: 0%
2025-7-25 11:28:12-debug: // ---- build task 查询 Asset Bundle ----
2025-7-25 11:28:12-debug: Init bundle root assets start..., progress: 0%
2025-7-25 11:28:12-debug: Query preload assets/scripts from cc.config.json: 60f7195c-ec2a-45eb-ba94-8955f60e81d0,1c02ae6f-4492-4915-b8f8-7492a3b1e4cd,810e96e4-e456-4468-9b59-f4e8f39732c0,efe8e2a3-eace-427b-b4f1-cb8a937ec77d,e9aa9a3e-5b2b-4ac7-a2c7-073de2b2b24f,8bbdbcdd-5cd4-4100-b6d5-b7c9625b6107,50f4348b-c883-4e2f-8f11-ce233b859fa1,fda095cb-831d-4601-ad94-846013963de8,f92806d7-1768-443f-afe8-12bcde84d0f0,dd3a144d-ab7f-41f0-82b8-2e43a090d496,f0416e68-0200-4b77-a926-4f9d16e494da,970b0598-bcb0-4714-91fb-2e81440dccd8,bcd64cc6-2dd9-43f6-abbe-66318d332032,d930590d-bb92-4cc8-8bd1-23cd027f9edf,a3cd009f-0ab0-420d-9278-b9fdab939bbc,6a2d0734-bd9e-4ddf-946e-caa52498cb75,c27215d8-6835-4b68-bfbb-bdeac6100c04,b5d6115f-0370-4d7c-aad3-c194cc71cf98,871c3b6c-7379-419d-bda3-794b239ab90d,ff9b0199-ce04-4cfe-86cc-6c719f08d6e4,de1c2107-70c8-4021-8459-6399f24d01c6,cbf30902-517f-40dc-af90-a550bac27cf1
2025-7-25 11:28:12-debug: Init bundle root assets success..., progress: 0%
2025-7-25 11:28:12-debug:   Number of other assets: 510
2025-7-25 11:28:12-debug:   Number of all scripts: 14
2025-7-25 11:28:12-debug:   Number of all scenes: 1
2025-7-25 11:28:12-debug: // ---- build task 查询 Asset Bundle ---- (3ms)
2025-7-25 11:28:12-debug: // ---- build task 查询 Asset Bundle ----
2025-7-25 11:28:12-debug: [Build Memory track]: 查询 Asset Bundle start:208.79MB, end 208.52MB, increase: -270.78KB
2025-7-25 11:28:12-debug: 查询 Asset Bundle start, progress: 5%
2025-7-25 11:28:12-log: run build task 查询 Asset Bundle success in 3 ms√, progress: 5%
2025-7-25 11:28:12-debug: // ---- build task 查询 Asset Bundle ---- (1ms)
2025-7-25 11:28:12-debug: 整理部分构建选项内数据到 settings.json start, progress: 10%
2025-7-25 11:28:12-log: run build task 查询 Asset Bundle success in 1 ms√, progress: 10%
2025-7-25 11:28:12-debug: [Build Memory track]: 查询 Asset Bundle start:208.55MB, end 208.65MB, increase: 107.47KB
2025-7-25 11:28:12-debug: // ---- build task 整理部分构建选项内数据到 settings.json ----
2025-7-25 11:28:12-log: run build task 整理部分构建选项内数据到 settings.json success in √, progress: 12%
2025-7-25 11:28:12-debug: [Build Memory track]: 整理部分构建选项内数据到 settings.json start:208.68MB, end 208.70MB, increase: 16.52KB
2025-7-25 11:28:12-debug: 填充脚本数据到 settings.json start, progress: 12%
2025-7-25 11:28:12-debug: // ---- build task 填充脚本数据到 settings.json ----
2025-7-25 11:28:12-log: run build task 填充脚本数据到 settings.json success in √, progress: 13%
2025-7-25 11:28:12-debug: 整理部分构建选项内数据到 settings.json start, progress: 13%
2025-7-25 11:28:12-debug: // ---- build task 整理部分构建选项内数据到 settings.json ----
2025-7-25 11:28:12-debug: [Build Memory track]: 填充脚本数据到 settings.json start:208.72MB, end 208.74MB, increase: 15.68KB
2025-7-25 11:28:12-debug: // ---- build task 整理部分构建选项内数据到 settings.json ---- (2ms)
2025-7-25 11:28:12-log: run build task 整理部分构建选项内数据到 settings.json success in 2 ms√, progress: 15%
2025-7-25 11:28:12-debug: [Build Memory track]: 整理部分构建选项内数据到 settings.json start:208.76MB, end 208.88MB, increase: 122.26KB
2025-7-25 11:28:14-debug: Query all assets info in project
2025-7-25 11:28:14-debug: init custom config: keepNodeUuid: false, useCache: true
2025-7-25 11:28:14-debug: Skip compress image, progress: 0%
2025-7-25 11:28:14-debug: Init all bundles start..., progress: 0%
2025-7-25 11:28:14-debug: Num of bundles: 2..., progress: 0%
2025-7-25 11:28:14-debug: 查询 Asset Bundle start, progress: 0%
2025-7-25 11:28:14-debug: // ---- build task 查询 Asset Bundle ----
2025-7-25 11:28:14-debug: Init bundle root assets start..., progress: 0%
2025-7-25 11:28:14-debug: Query preload assets/scripts from cc.config.json: 60f7195c-ec2a-45eb-ba94-8955f60e81d0,1c02ae6f-4492-4915-b8f8-7492a3b1e4cd,810e96e4-e456-4468-9b59-f4e8f39732c0,efe8e2a3-eace-427b-b4f1-cb8a937ec77d,e9aa9a3e-5b2b-4ac7-a2c7-073de2b2b24f,8bbdbcdd-5cd4-4100-b6d5-b7c9625b6107,50f4348b-c883-4e2f-8f11-ce233b859fa1,fda095cb-831d-4601-ad94-846013963de8,f92806d7-1768-443f-afe8-12bcde84d0f0,dd3a144d-ab7f-41f0-82b8-2e43a090d496,f0416e68-0200-4b77-a926-4f9d16e494da,970b0598-bcb0-4714-91fb-2e81440dccd8,bcd64cc6-2dd9-43f6-abbe-66318d332032,d930590d-bb92-4cc8-8bd1-23cd027f9edf,a3cd009f-0ab0-420d-9278-b9fdab939bbc,6a2d0734-bd9e-4ddf-946e-caa52498cb75,c27215d8-6835-4b68-bfbb-bdeac6100c04,b5d6115f-0370-4d7c-aad3-c194cc71cf98,871c3b6c-7379-419d-bda3-794b239ab90d,ff9b0199-ce04-4cfe-86cc-6c719f08d6e4,de1c2107-70c8-4021-8459-6399f24d01c6,cbf30902-517f-40dc-af90-a550bac27cf1
2025-7-25 11:28:14-debug: Init bundle root assets success..., progress: 0%
2025-7-25 11:28:14-debug:   Number of all scripts: 14
2025-7-25 11:28:14-debug:   Number of other assets: 510
2025-7-25 11:28:14-debug:   Number of all scenes: 1
2025-7-25 11:28:14-log: run build task 查询 Asset Bundle success in 3 ms√, progress: 5%
2025-7-25 11:28:14-debug: // ---- build task 查询 Asset Bundle ----
2025-7-25 11:28:14-debug: [Build Memory track]: 查询 Asset Bundle start:208.40MB, end 209.02MB, increase: 639.73KB
2025-7-25 11:28:14-debug: // ---- build task 查询 Asset Bundle ---- (3ms)
2025-7-25 11:28:14-debug: 查询 Asset Bundle start, progress: 5%
2025-7-25 11:28:14-debug: // ---- build task 查询 Asset Bundle ---- (2ms)
2025-7-25 11:28:14-log: run build task 查询 Asset Bundle success in 2 ms√, progress: 10%
2025-7-25 11:28:14-debug: [Build Memory track]: 查询 Asset Bundle start:209.05MB, end 208.36MB, increase: -697.84KB
2025-7-25 11:28:14-debug: 整理部分构建选项内数据到 settings.json start, progress: 10%
2025-7-25 11:28:14-debug: // ---- build task 整理部分构建选项内数据到 settings.json ----
2025-7-25 11:28:14-debug: // ---- build task 整理部分构建选项内数据到 settings.json ---- (1ms)
2025-7-25 11:28:14-debug: // ---- build task 填充脚本数据到 settings.json ----
2025-7-25 11:28:14-debug: [Build Memory track]: 整理部分构建选项内数据到 settings.json start:208.39MB, end 208.41MB, increase: 24.71KB
2025-7-25 11:28:14-debug: 填充脚本数据到 settings.json start, progress: 12%
2025-7-25 11:28:14-log: run build task 整理部分构建选项内数据到 settings.json success in 1 ms√, progress: 12%
2025-7-25 11:28:14-debug: // ---- build task 填充脚本数据到 settings.json ---- (1ms)
2025-7-25 11:28:14-debug: [Build Memory track]: 填充脚本数据到 settings.json start:208.44MB, end 208.46MB, increase: 24.32KB
2025-7-25 11:28:14-log: run build task 填充脚本数据到 settings.json success in 1 ms√, progress: 13%
2025-7-25 11:28:14-debug: 整理部分构建选项内数据到 settings.json start, progress: 13%
2025-7-25 11:28:14-debug: // ---- build task 整理部分构建选项内数据到 settings.json ----
2025-7-25 11:28:14-debug: // ---- build task 整理部分构建选项内数据到 settings.json ---- (2ms)
2025-7-25 11:28:14-log: run build task 整理部分构建选项内数据到 settings.json success in 2 ms√, progress: 15%
2025-7-25 11:28:14-debug: [Build Memory track]: 整理部分构建选项内数据到 settings.json start:208.49MB, end 208.61MB, increase: 123.01KB
2025-7-25 11:28:14-debug: Query all assets info in project
2025-7-25 11:28:14-debug: init custom config: keepNodeUuid: false, useCache: true
2025-7-25 11:28:14-debug: Skip compress image, progress: 0%
2025-7-25 11:28:14-debug: Init all bundles start..., progress: 0%
2025-7-25 11:28:14-debug: 查询 Asset Bundle start, progress: 0%
2025-7-25 11:28:14-debug: Num of bundles: 2..., progress: 0%
2025-7-25 11:28:14-debug: // ---- build task 查询 Asset Bundle ----
2025-7-25 11:28:14-debug: Init bundle root assets start..., progress: 0%
2025-7-25 11:28:14-debug:   Number of all scenes: 1
2025-7-25 11:28:14-debug: Init bundle root assets success..., progress: 0%
2025-7-25 11:28:14-debug: Query preload assets/scripts from cc.config.json: 60f7195c-ec2a-45eb-ba94-8955f60e81d0,1c02ae6f-4492-4915-b8f8-7492a3b1e4cd,810e96e4-e456-4468-9b59-f4e8f39732c0,efe8e2a3-eace-427b-b4f1-cb8a937ec77d,e9aa9a3e-5b2b-4ac7-a2c7-073de2b2b24f,8bbdbcdd-5cd4-4100-b6d5-b7c9625b6107,50f4348b-c883-4e2f-8f11-ce233b859fa1,fda095cb-831d-4601-ad94-846013963de8,f92806d7-1768-443f-afe8-12bcde84d0f0,dd3a144d-ab7f-41f0-82b8-2e43a090d496,f0416e68-0200-4b77-a926-4f9d16e494da,970b0598-bcb0-4714-91fb-2e81440dccd8,bcd64cc6-2dd9-43f6-abbe-66318d332032,d930590d-bb92-4cc8-8bd1-23cd027f9edf,a3cd009f-0ab0-420d-9278-b9fdab939bbc,6a2d0734-bd9e-4ddf-946e-caa52498cb75,c27215d8-6835-4b68-bfbb-bdeac6100c04,b5d6115f-0370-4d7c-aad3-c194cc71cf98,871c3b6c-7379-419d-bda3-794b239ab90d,ff9b0199-ce04-4cfe-86cc-6c719f08d6e4,de1c2107-70c8-4021-8459-6399f24d01c6,cbf30902-517f-40dc-af90-a550bac27cf1
2025-7-25 11:28:14-debug:   Number of other assets: 510
2025-7-25 11:28:14-debug:   Number of all scripts: 14
2025-7-25 11:28:14-debug: [Build Memory track]: 查询 Asset Bundle start:208.87MB, end 208.60MB, increase: -279.89KB
2025-7-25 11:28:14-log: run build task 查询 Asset Bundle success in 1 ms√, progress: 5%
2025-7-25 11:28:14-debug: 查询 Asset Bundle start, progress: 5%
2025-7-25 11:28:14-debug: // ---- build task 查询 Asset Bundle ---- (1ms)
2025-7-25 11:28:14-debug: // ---- build task 查询 Asset Bundle ----
2025-7-25 11:28:14-log: run build task 查询 Asset Bundle success in 1 ms√, progress: 10%
2025-7-25 11:28:14-debug: 整理部分构建选项内数据到 settings.json start, progress: 10%
2025-7-25 11:28:14-log: run build task 整理部分构建选项内数据到 settings.json success in 1 ms√, progress: 12%
2025-7-25 11:28:14-debug: [Build Memory track]: 整理部分构建选项内数据到 settings.json start:208.75MB, end 208.77MB, increase: 20.91KB
2025-7-25 11:28:14-debug: // ---- build task 整理部分构建选项内数据到 settings.json ---- (1ms)
2025-7-25 11:28:14-debug: // ---- build task 整理部分构建选项内数据到 settings.json ----
2025-7-25 11:28:14-debug: // ---- build task 查询 Asset Bundle ---- (1ms)
2025-7-25 11:28:14-debug: 填充脚本数据到 settings.json start, progress: 12%
2025-7-25 11:28:14-debug: // ---- build task 填充脚本数据到 settings.json ----
2025-7-25 11:28:14-log: run build task 填充脚本数据到 settings.json success in √, progress: 13%
2025-7-25 11:28:14-debug: 整理部分构建选项内数据到 settings.json start, progress: 13%
2025-7-25 11:28:14-debug: [Build Memory track]: 查询 Asset Bundle start:208.62MB, end 208.73MB, increase: 106.38KB
2025-7-25 11:28:14-debug: [Build Memory track]: 填充脚本数据到 settings.json start:208.80MB, end 208.81MB, increase: 15.11KB
2025-7-25 11:28:14-debug: // ---- build task 整理部分构建选项内数据到 settings.json ----
2025-7-25 11:28:14-debug: // ---- build task 整理部分构建选项内数据到 settings.json ---- (1ms)
2025-7-25 11:28:14-log: run build task 整理部分构建选项内数据到 settings.json success in 1 ms√, progress: 15%
2025-7-25 11:28:14-debug: [Build Memory track]: 整理部分构建选项内数据到 settings.json start:208.84MB, end 208.96MB, increase: 127.06KB
2025-7-25 11:28:17-debug: Query all assets info in project
2025-7-25 11:28:17-debug: init custom config: keepNodeUuid: false, useCache: true
2025-7-25 11:28:17-debug: Skip compress image, progress: 0%
2025-7-25 11:28:17-debug: Init all bundles start..., progress: 0%
2025-7-25 11:28:17-debug: Init bundle root assets start..., progress: 0%
2025-7-25 11:28:17-debug: 查询 Asset Bundle start, progress: 0%
2025-7-25 11:28:17-debug: // ---- build task 查询 Asset Bundle ----
2025-7-25 11:28:17-debug: Num of bundles: 2..., progress: 0%
2025-7-25 11:28:17-debug: Query preload assets/scripts from cc.config.json: 60f7195c-ec2a-45eb-ba94-8955f60e81d0,1c02ae6f-4492-4915-b8f8-7492a3b1e4cd,810e96e4-e456-4468-9b59-f4e8f39732c0,efe8e2a3-eace-427b-b4f1-cb8a937ec77d,e9aa9a3e-5b2b-4ac7-a2c7-073de2b2b24f,8bbdbcdd-5cd4-4100-b6d5-b7c9625b6107,50f4348b-c883-4e2f-8f11-ce233b859fa1,fda095cb-831d-4601-ad94-846013963de8,f92806d7-1768-443f-afe8-12bcde84d0f0,dd3a144d-ab7f-41f0-82b8-2e43a090d496,f0416e68-0200-4b77-a926-4f9d16e494da,970b0598-bcb0-4714-91fb-2e81440dccd8,bcd64cc6-2dd9-43f6-abbe-66318d332032,d930590d-bb92-4cc8-8bd1-23cd027f9edf,a3cd009f-0ab0-420d-9278-b9fdab939bbc,6a2d0734-bd9e-4ddf-946e-caa52498cb75,c27215d8-6835-4b68-bfbb-bdeac6100c04,b5d6115f-0370-4d7c-aad3-c194cc71cf98,871c3b6c-7379-419d-bda3-794b239ab90d,ff9b0199-ce04-4cfe-86cc-6c719f08d6e4,de1c2107-70c8-4021-8459-6399f24d01c6,cbf30902-517f-40dc-af90-a550bac27cf1
2025-7-25 11:28:17-debug: Init bundle root assets success..., progress: 0%
2025-7-25 11:28:17-debug:   Number of all scenes: 1
2025-7-25 11:28:17-debug:   Number of other assets: 510
2025-7-25 11:28:17-debug:   Number of all scripts: 14
2025-7-25 11:28:17-debug: // ---- build task 查询 Asset Bundle ---- (2ms)
2025-7-25 11:28:17-debug: 查询 Asset Bundle start, progress: 5%
2025-7-25 11:28:17-debug: // ---- build task 查询 Asset Bundle ----
2025-7-25 11:28:17-debug: [Build Memory track]: 查询 Asset Bundle start:209.30MB, end 209.12MB, increase: -188.50KB
2025-7-25 11:28:17-log: run build task 查询 Asset Bundle success in 2 ms√, progress: 5%
2025-7-25 11:28:17-log: run build task 查询 Asset Bundle success in √, progress: 10%
2025-7-25 11:28:17-debug: [Build Memory track]: 查询 Asset Bundle start:209.14MB, end 209.24MB, increase: 99.58KB
2025-7-25 11:28:17-debug: 整理部分构建选项内数据到 settings.json start, progress: 10%
2025-7-25 11:28:17-debug: // ---- build task 整理部分构建选项内数据到 settings.json ----
2025-7-25 11:28:17-log: run build task 整理部分构建选项内数据到 settings.json success in √, progress: 12%
2025-7-25 11:28:17-debug: 填充脚本数据到 settings.json start, progress: 12%
2025-7-25 11:28:17-debug: // ---- build task 填充脚本数据到 settings.json ----
2025-7-25 11:28:17-debug: [Build Memory track]: 整理部分构建选项内数据到 settings.json start:209.27MB, end 208.55MB, increase: -736.51KB
2025-7-25 11:28:17-log: run build task 填充脚本数据到 settings.json success in √, progress: 13%
2025-7-25 11:28:17-debug: [Build Memory track]: 填充脚本数据到 settings.json start:208.57MB, end 208.59MB, increase: 16.94KB
2025-7-25 11:28:17-debug: 整理部分构建选项内数据到 settings.json start, progress: 13%
2025-7-25 11:28:17-debug: // ---- build task 整理部分构建选项内数据到 settings.json ----
2025-7-25 11:28:17-debug: // ---- build task 整理部分构建选项内数据到 settings.json ---- (2ms)
2025-7-25 11:28:17-log: run build task 整理部分构建选项内数据到 settings.json success in 2 ms√, progress: 15%
2025-7-25 11:28:17-debug: [Build Memory track]: 整理部分构建选项内数据到 settings.json start:208.78MB, end 208.74MB, increase: -31.68KB
2025-7-25 11:28:18-debug: refresh db internal success
2025-7-25 11:28:18-debug: refresh db assets success
2025-7-25 11:28:18-debug: Run asset db hook engine-extends:afterRefresh ...
2025-7-25 11:28:18-debug: Run asset db hook engine-extends:afterRefresh success!
2025-7-25 11:28:18-debug: asset-db:refresh-all-database (14ms)
2025-7-25 11:28:18-debug: asset-db:worker-effect-data-processing (1ms)
2025-7-25 11:28:18-debug: asset-db-hook-engine-extends-afterRefresh (1ms)
2025-7-25 11:28:19-debug: Query all assets info in project
2025-7-25 11:28:19-debug: init custom config: keepNodeUuid: false, useCache: true
2025-7-25 11:28:19-debug: Skip compress image, progress: 0%
2025-7-25 11:28:19-debug: Num of bundles: 2..., progress: 0%
2025-7-25 11:28:19-debug: Init all bundles start..., progress: 0%
2025-7-25 11:28:19-debug: // ---- build task 查询 Asset Bundle ----
2025-7-25 11:28:19-debug: Init bundle root assets start..., progress: 0%
2025-7-25 11:28:19-debug: 查询 Asset Bundle start, progress: 0%
2025-7-25 11:28:19-debug: Query preload assets/scripts from cc.config.json: 60f7195c-ec2a-45eb-ba94-8955f60e81d0,1c02ae6f-4492-4915-b8f8-7492a3b1e4cd,810e96e4-e456-4468-9b59-f4e8f39732c0,efe8e2a3-eace-427b-b4f1-cb8a937ec77d,e9aa9a3e-5b2b-4ac7-a2c7-073de2b2b24f,8bbdbcdd-5cd4-4100-b6d5-b7c9625b6107,50f4348b-c883-4e2f-8f11-ce233b859fa1,fda095cb-831d-4601-ad94-846013963de8,f92806d7-1768-443f-afe8-12bcde84d0f0,dd3a144d-ab7f-41f0-82b8-2e43a090d496,f0416e68-0200-4b77-a926-4f9d16e494da,970b0598-bcb0-4714-91fb-2e81440dccd8,bcd64cc6-2dd9-43f6-abbe-66318d332032,d930590d-bb92-4cc8-8bd1-23cd027f9edf,a3cd009f-0ab0-420d-9278-b9fdab939bbc,6a2d0734-bd9e-4ddf-946e-caa52498cb75,c27215d8-6835-4b68-bfbb-bdeac6100c04,b5d6115f-0370-4d7c-aad3-c194cc71cf98,871c3b6c-7379-419d-bda3-794b239ab90d,ff9b0199-ce04-4cfe-86cc-6c719f08d6e4,de1c2107-70c8-4021-8459-6399f24d01c6,cbf30902-517f-40dc-af90-a550bac27cf1
2025-7-25 11:28:19-debug: Init bundle root assets success..., progress: 0%
2025-7-25 11:28:19-debug:   Number of all scripts: 14
2025-7-25 11:28:19-debug:   Number of other assets: 510
2025-7-25 11:28:19-debug:   Number of all scenes: 1
2025-7-25 11:28:19-debug: // ---- build task 查询 Asset Bundle ---- (3ms)
2025-7-25 11:28:19-log: run build task 查询 Asset Bundle success in 3 ms√, progress: 5%
2025-7-25 11:28:19-debug: 查询 Asset Bundle start, progress: 5%
2025-7-25 11:28:19-debug: // ---- build task 查询 Asset Bundle ----
2025-7-25 11:28:19-debug: [Build Memory track]: 查询 Asset Bundle start:210.42MB, end 209.71MB, increase: -731.87KB
2025-7-25 11:28:19-debug: // ---- build task 查询 Asset Bundle ---- (1ms)
2025-7-25 11:28:19-log: run build task 查询 Asset Bundle success in 1 ms√, progress: 10%
2025-7-25 11:28:19-debug: 整理部分构建选项内数据到 settings.json start, progress: 10%
2025-7-25 11:28:19-debug: [Build Memory track]: 查询 Asset Bundle start:209.73MB, end 209.84MB, increase: 107.83KB
2025-7-25 11:28:19-debug: // ---- build task 整理部分构建选项内数据到 settings.json ----
2025-7-25 11:28:19-log: run build task 整理部分构建选项内数据到 settings.json success in 1 ms√, progress: 12%
2025-7-25 11:28:19-debug: [Build Memory track]: 整理部分构建选项内数据到 settings.json start:209.86MB, end 209.89MB, increase: 23.07KB
2025-7-25 11:28:19-debug: // ---- build task 整理部分构建选项内数据到 settings.json ---- (1ms)
2025-7-25 11:28:19-debug: 填充脚本数据到 settings.json start, progress: 12%
2025-7-25 11:28:19-debug: // ---- build task 填充脚本数据到 settings.json ----
2025-7-25 11:28:19-log: run build task 填充脚本数据到 settings.json success in √, progress: 13%
2025-7-25 11:28:19-debug: [Build Memory track]: 填充脚本数据到 settings.json start:209.91MB, end 209.93MB, increase: 17.68KB
2025-7-25 11:28:19-debug: // ---- build task 整理部分构建选项内数据到 settings.json ----
2025-7-25 11:28:19-debug: 整理部分构建选项内数据到 settings.json start, progress: 13%
2025-7-25 11:28:19-debug: // ---- build task 整理部分构建选项内数据到 settings.json ---- (1ms)
2025-7-25 11:28:19-log: run build task 整理部分构建选项内数据到 settings.json success in 1 ms√, progress: 15%
2025-7-25 11:28:19-debug: [Build Memory track]: 整理部分构建选项内数据到 settings.json start:209.95MB, end 210.08MB, increase: 133.54KB
2025-7-25 11:28:21-debug: refresh db internal success
2025-7-25 11:28:21-debug: refresh db assets success
2025-7-25 11:28:21-debug: Run asset db hook engine-extends:afterRefresh ...
2025-7-25 11:28:21-debug: Run asset db hook engine-extends:afterRefresh success!
2025-7-25 11:28:21-debug: asset-db:refresh-all-database (20ms)
2025-7-25 11:28:23-debug: Query all assets info in project
2025-7-25 11:28:23-debug: init custom config: keepNodeUuid: false, useCache: true
2025-7-25 11:28:23-debug: Skip compress image, progress: 0%
2025-7-25 11:28:23-debug: Init all bundles start..., progress: 0%
2025-7-25 11:28:23-debug: Num of bundles: 2..., progress: 0%
2025-7-25 11:28:23-debug: 查询 Asset Bundle start, progress: 0%
2025-7-25 11:28:23-debug: // ---- build task 查询 Asset Bundle ----
2025-7-25 11:28:23-debug: Init bundle root assets start..., progress: 0%
2025-7-25 11:28:23-debug: Query preload assets/scripts from cc.config.json: 60f7195c-ec2a-45eb-ba94-8955f60e81d0,1c02ae6f-4492-4915-b8f8-7492a3b1e4cd,810e96e4-e456-4468-9b59-f4e8f39732c0,efe8e2a3-eace-427b-b4f1-cb8a937ec77d,e9aa9a3e-5b2b-4ac7-a2c7-073de2b2b24f,8bbdbcdd-5cd4-4100-b6d5-b7c9625b6107,50f4348b-c883-4e2f-8f11-ce233b859fa1,fda095cb-831d-4601-ad94-846013963de8,f92806d7-1768-443f-afe8-12bcde84d0f0,dd3a144d-ab7f-41f0-82b8-2e43a090d496,f0416e68-0200-4b77-a926-4f9d16e494da,970b0598-bcb0-4714-91fb-2e81440dccd8,bcd64cc6-2dd9-43f6-abbe-66318d332032,d930590d-bb92-4cc8-8bd1-23cd027f9edf,a3cd009f-0ab0-420d-9278-b9fdab939bbc,6a2d0734-bd9e-4ddf-946e-caa52498cb75,c27215d8-6835-4b68-bfbb-bdeac6100c04,b5d6115f-0370-4d7c-aad3-c194cc71cf98,871c3b6c-7379-419d-bda3-794b239ab90d,ff9b0199-ce04-4cfe-86cc-6c719f08d6e4,de1c2107-70c8-4021-8459-6399f24d01c6,cbf30902-517f-40dc-af90-a550bac27cf1
2025-7-25 11:28:23-debug:   Number of other assets: 510
2025-7-25 11:28:23-debug: Init bundle root assets success..., progress: 0%
2025-7-25 11:28:23-debug:   Number of all scripts: 14
2025-7-25 11:28:23-debug:   Number of all scenes: 1
2025-7-25 11:28:23-debug: // ---- build task 查询 Asset Bundle ---- (1ms)
2025-7-25 11:28:23-debug: [Build Memory track]: 查询 Asset Bundle start:209.61MB, end 210.23MB, increase: 634.83KB
2025-7-25 11:28:23-debug: 查询 Asset Bundle start, progress: 5%
2025-7-25 11:28:23-log: run build task 查询 Asset Bundle success in 1 ms√, progress: 5%
2025-7-25 11:28:23-debug: // ---- build task 查询 Asset Bundle ----
2025-7-25 11:28:23-debug: // ---- build task 查询 Asset Bundle ---- (1ms)
2025-7-25 11:28:23-log: run build task 查询 Asset Bundle success in 1 ms√, progress: 10%
2025-7-25 11:28:23-debug: 整理部分构建选项内数据到 settings.json start, progress: 10%
2025-7-25 11:28:23-debug: [Build Memory track]: 查询 Asset Bundle start:210.25MB, end 210.36MB, increase: 108.51KB
2025-7-25 11:28:23-debug: // ---- build task 整理部分构建选项内数据到 settings.json ----
2025-7-25 11:28:23-log: run build task 整理部分构建选项内数据到 settings.json success in √, progress: 12%
2025-7-25 11:28:23-debug: [Build Memory track]: 整理部分构建选项内数据到 settings.json start:210.39MB, end 210.40MB, increase: 16.49KB
2025-7-25 11:28:23-debug: 填充脚本数据到 settings.json start, progress: 12%
2025-7-25 11:28:23-debug: // ---- build task 填充脚本数据到 settings.json ----
2025-7-25 11:28:23-log: run build task 填充脚本数据到 settings.json success in √, progress: 13%
2025-7-25 11:28:23-debug: [Build Memory track]: 填充脚本数据到 settings.json start:210.43MB, end 210.44MB, increase: 15.63KB
2025-7-25 11:28:23-debug: 整理部分构建选项内数据到 settings.json start, progress: 13%
2025-7-25 11:28:23-debug: // ---- build task 整理部分构建选项内数据到 settings.json ----
2025-7-25 11:28:23-debug: // ---- build task 整理部分构建选项内数据到 settings.json ---- (1ms)
2025-7-25 11:28:23-log: run build task 整理部分构建选项内数据到 settings.json success in 1 ms√, progress: 15%
2025-7-25 11:28:23-debug: [Build Memory track]: 整理部分构建选项内数据到 settings.json start:210.47MB, end 210.60MB, increase: 133.92KB
2025-7-25 11:28:33-debug: refresh db internal success
2025-7-25 11:28:33-debug: refresh db assets success
2025-7-25 11:28:33-debug: Run asset db hook engine-extends:afterRefresh ...
2025-7-25 11:28:33-debug: Run asset db hook engine-extends:afterRefresh success!
2025-7-25 11:28:33-debug: asset-db:refresh-all-database (31ms)
2025-7-25 11:28:33-debug: asset-db:worker-effect-data-processing (1ms)
2025-7-25 11:28:33-debug: asset-db-hook-engine-extends-afterRefresh (1ms)
2025-7-25 11:29:01-debug: refresh db internal success
2025-7-25 11:29:01-debug: refresh db assets success
2025-7-25 11:29:01-debug: Run asset db hook engine-extends:afterRefresh ...
2025-7-25 11:29:01-debug: Run asset db hook engine-extends:afterRefresh success!
2025-7-25 11:29:01-debug: asset-db:refresh-all-database (15ms)
2025-7-25 11:29:01-debug: asset-db-hook-engine-extends-afterRefresh (1ms)
2025-7-25 11:31:21-debug: Query all assets info in project
2025-7-25 11:31:21-debug: init custom config: keepNodeUuid: false, useCache: true
2025-7-25 11:31:21-debug: Skip compress image, progress: 0%
2025-7-25 11:31:21-debug: Init all bundles start..., progress: 0%
2025-7-25 11:31:21-debug: Num of bundles: 2..., progress: 0%
2025-7-25 11:31:21-debug: 查询 Asset Bundle start, progress: 0%
2025-7-25 11:31:21-debug: // ---- build task 查询 Asset Bundle ----
2025-7-25 11:31:21-debug: Init bundle root assets start..., progress: 0%
2025-7-25 11:31:21-debug: Query preload assets/scripts from cc.config.json: 60f7195c-ec2a-45eb-ba94-8955f60e81d0,1c02ae6f-4492-4915-b8f8-7492a3b1e4cd,810e96e4-e456-4468-9b59-f4e8f39732c0,efe8e2a3-eace-427b-b4f1-cb8a937ec77d,e9aa9a3e-5b2b-4ac7-a2c7-073de2b2b24f,8bbdbcdd-5cd4-4100-b6d5-b7c9625b6107,50f4348b-c883-4e2f-8f11-ce233b859fa1,fda095cb-831d-4601-ad94-846013963de8,f92806d7-1768-443f-afe8-12bcde84d0f0,dd3a144d-ab7f-41f0-82b8-2e43a090d496,f0416e68-0200-4b77-a926-4f9d16e494da,970b0598-bcb0-4714-91fb-2e81440dccd8,bcd64cc6-2dd9-43f6-abbe-66318d332032,d930590d-bb92-4cc8-8bd1-23cd027f9edf,a3cd009f-0ab0-420d-9278-b9fdab939bbc,6a2d0734-bd9e-4ddf-946e-caa52498cb75,c27215d8-6835-4b68-bfbb-bdeac6100c04,b5d6115f-0370-4d7c-aad3-c194cc71cf98,871c3b6c-7379-419d-bda3-794b239ab90d,ff9b0199-ce04-4cfe-86cc-6c719f08d6e4,de1c2107-70c8-4021-8459-6399f24d01c6,cbf30902-517f-40dc-af90-a550bac27cf1
2025-7-25 11:31:21-debug: Init bundle root assets success..., progress: 0%
2025-7-25 11:31:21-debug:   Number of all scripts: 14
2025-7-25 11:31:21-debug:   Number of other assets: 510
2025-7-25 11:31:21-debug:   Number of all scenes: 1
2025-7-25 11:31:21-debug: // ---- build task 查询 Asset Bundle ---- (1ms)
2025-7-25 11:31:21-debug: // ---- build task 查询 Asset Bundle ----
2025-7-25 11:31:21-log: run build task 查询 Asset Bundle success in 1 ms√, progress: 5%
2025-7-25 11:31:21-debug: 查询 Asset Bundle start, progress: 5%
2025-7-25 11:31:21-debug: [Build Memory track]: 查询 Asset Bundle start:210.38MB, end 211.01MB, increase: 637.54KB
2025-7-25 11:31:21-log: run build task 查询 Asset Bundle success in √, progress: 10%
2025-7-25 11:31:21-debug: [Build Memory track]: 查询 Asset Bundle start:211.03MB, end 210.34MB, increase: -704.29KB
2025-7-25 11:31:21-debug: 整理部分构建选项内数据到 settings.json start, progress: 10%
2025-7-25 11:31:21-debug: // ---- build task 整理部分构建选项内数据到 settings.json ----
2025-7-25 11:31:21-debug: // ---- build task 整理部分构建选项内数据到 settings.json ---- (1ms)
2025-7-25 11:31:21-debug: // ---- build task 填充脚本数据到 settings.json ----
2025-7-25 11:31:21-log: run build task 整理部分构建选项内数据到 settings.json success in 1 ms√, progress: 12%
2025-7-25 11:31:21-debug: 填充脚本数据到 settings.json start, progress: 12%
2025-7-25 11:31:21-debug: [Build Memory track]: 整理部分构建选项内数据到 settings.json start:210.37MB, end 210.39MB, increase: 24.00KB
2025-7-25 11:31:21-log: run build task 填充脚本数据到 settings.json success in √, progress: 13%
2025-7-25 11:31:21-debug: [Build Memory track]: 填充脚本数据到 settings.json start:210.42MB, end 210.43MB, increase: 16.20KB
2025-7-25 11:31:21-debug: 整理部分构建选项内数据到 settings.json start, progress: 13%
2025-7-25 11:31:21-debug: // ---- build task 整理部分构建选项内数据到 settings.json ----
2025-7-25 11:31:21-log: run build task 整理部分构建选项内数据到 settings.json success in √, progress: 15%
2025-7-25 11:31:21-debug: [Build Memory track]: 整理部分构建选项内数据到 settings.json start:210.46MB, end 210.59MB, increase: 131.10KB
2025-7-25 11:31:33-debug: %cImport%c: /Users/zhao/Desktop/test/cocos-creator/PlaneFight/assets/Prefabs/TwoBullet.prefabbackground: #aaff85; color: #000;color: #000;
2025-7-25 11:31:33-debug: asset-db:reimport-asset079201a9-e808-4062-a800-65b69694b455 (3ms)
2025-7-25 11:32:03-debug: %cImport%c: /Users/zhao/Desktop/test/cocos-creator/PlaneFight/assets/Prefabs/bullet1.prefabbackground: #aaff85; color: #000;color: #000;
2025-7-25 11:32:03-debug: asset-db:reimport-asset13ccfaba-f106-4cc4-82f9-186df7dd0073 (2ms)
2025-7-25 11:32:18-debug: refresh db internal success
2025-7-25 11:32:18-debug: refresh db assets success
2025-7-25 11:32:18-debug: Run asset db hook engine-extends:afterRefresh ...
2025-7-25 11:32:18-debug: Run asset db hook engine-extends:afterRefresh success!
2025-7-25 11:32:18-debug: asset-db:refresh-all-database (19ms)
2025-7-25 11:32:18-debug: asset-db:worker-effect-data-processing (1ms)
2025-7-25 11:32:18-debug: asset-db-hook-engine-extends-afterRefresh (1ms)
2025-7-25 11:32:22-debug: refresh db internal success
2025-7-25 11:32:22-debug: refresh db assets success
2025-7-25 11:32:22-debug: Run asset db hook engine-extends:afterRefresh ...
2025-7-25 11:32:22-debug: Run asset db hook engine-extends:afterRefresh success!
2025-7-25 11:32:22-debug: asset-db:refresh-all-database (22ms)
2025-7-25 11:32:22-debug: asset-db-hook-engine-extends-afterRefresh (1ms)
2025-7-25 11:33:03-debug: refresh db internal success
2025-7-25 11:33:03-debug: %cImport%c: /Users/zhao/Desktop/test/cocos-creator/PlaneFight/assets/Scripts/Player.tsbackground: #aaff85; color: #000;color: #000;
2025-7-25 11:33:03-debug: refresh db assets success
2025-7-25 11:33:03-debug: Run asset db hook engine-extends:afterRefresh ...
2025-7-25 11:33:03-debug: Run asset db hook engine-extends:afterRefresh success!
2025-7-25 11:33:03-debug: asset-db:refresh-all-database (32ms)
2025-7-25 11:33:03-debug: asset-db:worker-effect-data-processing (1ms)
2025-7-25 11:33:03-debug: asset-db-hook-engine-extends-afterRefresh (1ms)
2025-7-25 11:33:04-debug: %cImport%c: /Users/zhao/Desktop/test/cocos-creator/PlaneFight/assets/Scenes/Start.scenebackground: #aaff85; color: #000;color: #000;
2025-7-25 11:33:04-debug: asset-db:reimport-asset2fda4d65-a1e9-4078-8250-de49b04cdc34 (6ms)
2025-7-25 11:33:05-debug: Query all assets info in project
2025-7-25 11:33:05-debug: init custom config: keepNodeUuid: false, useCache: true
2025-7-25 11:33:05-debug: Skip compress image, progress: 0%
2025-7-25 11:33:05-debug: Init all bundles start..., progress: 0%
2025-7-25 11:33:05-debug: Num of bundles: 2..., progress: 0%
2025-7-25 11:33:05-debug: // ---- build task 查询 Asset Bundle ----
2025-7-25 11:33:05-debug: 查询 Asset Bundle start, progress: 0%
2025-7-25 11:33:05-debug: Init bundle root assets start..., progress: 0%
2025-7-25 11:33:05-debug: Query preload assets/scripts from cc.config.json: 60f7195c-ec2a-45eb-ba94-8955f60e81d0,1c02ae6f-4492-4915-b8f8-7492a3b1e4cd,810e96e4-e456-4468-9b59-f4e8f39732c0,efe8e2a3-eace-427b-b4f1-cb8a937ec77d,e9aa9a3e-5b2b-4ac7-a2c7-073de2b2b24f,8bbdbcdd-5cd4-4100-b6d5-b7c9625b6107,50f4348b-c883-4e2f-8f11-ce233b859fa1,fda095cb-831d-4601-ad94-846013963de8,f92806d7-1768-443f-afe8-12bcde84d0f0,dd3a144d-ab7f-41f0-82b8-2e43a090d496,f0416e68-0200-4b77-a926-4f9d16e494da,970b0598-bcb0-4714-91fb-2e81440dccd8,bcd64cc6-2dd9-43f6-abbe-66318d332032,d930590d-bb92-4cc8-8bd1-23cd027f9edf,a3cd009f-0ab0-420d-9278-b9fdab939bbc,6a2d0734-bd9e-4ddf-946e-caa52498cb75,c27215d8-6835-4b68-bfbb-bdeac6100c04,b5d6115f-0370-4d7c-aad3-c194cc71cf98,871c3b6c-7379-419d-bda3-794b239ab90d,ff9b0199-ce04-4cfe-86cc-6c719f08d6e4,de1c2107-70c8-4021-8459-6399f24d01c6,cbf30902-517f-40dc-af90-a550bac27cf1
2025-7-25 11:33:05-debug:   Number of all scenes: 1
2025-7-25 11:33:05-debug:   Number of all scripts: 14
2025-7-25 11:33:05-debug:   Number of other assets: 510
2025-7-25 11:33:05-debug: Init bundle root assets success..., progress: 0%
2025-7-25 11:33:05-debug: // ---- build task 查询 Asset Bundle ---- (1ms)
2025-7-25 11:33:05-log: run build task 查询 Asset Bundle success in 1 ms√, progress: 5%
2025-7-25 11:33:05-debug: [Build Memory track]: 查询 Asset Bundle start:211.49MB, end 212.11MB, increase: 635.89KB
2025-7-25 11:33:05-debug: 查询 Asset Bundle start, progress: 5%
2025-7-25 11:33:05-debug: // ---- build task 查询 Asset Bundle ----
2025-7-25 11:33:05-debug: // ---- build task 查询 Asset Bundle ---- (1ms)
2025-7-25 11:33:05-debug: 整理部分构建选项内数据到 settings.json start, progress: 10%
2025-7-25 11:33:05-debug: // ---- build task 整理部分构建选项内数据到 settings.json ----
2025-7-25 11:33:05-debug: [Build Memory track]: 查询 Asset Bundle start:212.14MB, end 211.46MB, increase: -691.41KB
2025-7-25 11:33:05-log: run build task 查询 Asset Bundle success in 1 ms√, progress: 10%
2025-7-25 11:33:05-log: run build task 整理部分构建选项内数据到 settings.json success in √, progress: 12%
2025-7-25 11:33:05-debug: [Build Memory track]: 整理部分构建选项内数据到 settings.json start:211.49MB, end 211.50MB, increase: 15.38KB
2025-7-25 11:33:05-debug: 填充脚本数据到 settings.json start, progress: 12%
2025-7-25 11:33:05-debug: // ---- build task 填充脚本数据到 settings.json ----
2025-7-25 11:33:05-log: run build task 填充脚本数据到 settings.json success in √, progress: 13%
2025-7-25 11:33:05-debug: // ---- build task 整理部分构建选项内数据到 settings.json ----
2025-7-25 11:33:05-debug: 整理部分构建选项内数据到 settings.json start, progress: 13%
2025-7-25 11:33:05-debug: [Build Memory track]: 填充脚本数据到 settings.json start:211.53MB, end 211.54MB, increase: 16.54KB
2025-7-25 11:33:05-debug: // ---- build task 整理部分构建选项内数据到 settings.json ---- (2ms)
2025-7-25 11:33:05-log: run build task 整理部分构建选项内数据到 settings.json success in 2 ms√, progress: 15%
2025-7-25 11:33:05-debug: [Build Memory track]: 整理部分构建选项内数据到 settings.json start:211.57MB, end 211.70MB, increase: 139.33KB
2025-7-25 11:33:09-debug: %cImport%c: /Users/zhao/Desktop/test/cocos-creator/PlaneFight/assets/Scenes/Start.scenebackground: #aaff85; color: #000;color: #000;
2025-7-25 11:33:09-debug: asset-db:reimport-asset2fda4d65-a1e9-4078-8250-de49b04cdc34 (1ms)
2025-7-25 11:33:09-debug: %cImport%c: /Users/zhao/Desktop/test/cocos-creator/PlaneFight/assets/Scenes/Start.scenebackground: #aaff85; color: #000;color: #000;
2025-7-25 11:33:09-debug: asset-db:reimport-asset2fda4d65-a1e9-4078-8250-de49b04cdc34 (2ms)
2025-7-25 11:33:11-debug: Query all assets info in project
2025-7-25 11:33:11-debug: init custom config: keepNodeUuid: false, useCache: true
2025-7-25 11:33:11-debug: Skip compress image, progress: 0%
2025-7-25 11:33:11-debug: Init all bundles start..., progress: 0%
2025-7-25 11:33:11-debug: // ---- build task 查询 Asset Bundle ----
2025-7-25 11:33:11-debug: Num of bundles: 2..., progress: 0%
2025-7-25 11:33:11-debug: 查询 Asset Bundle start, progress: 0%
2025-7-25 11:33:11-debug: Init bundle root assets start..., progress: 0%
2025-7-25 11:33:11-debug: Query preload assets/scripts from cc.config.json: 60f7195c-ec2a-45eb-ba94-8955f60e81d0,1c02ae6f-4492-4915-b8f8-7492a3b1e4cd,810e96e4-e456-4468-9b59-f4e8f39732c0,efe8e2a3-eace-427b-b4f1-cb8a937ec77d,e9aa9a3e-5b2b-4ac7-a2c7-073de2b2b24f,8bbdbcdd-5cd4-4100-b6d5-b7c9625b6107,50f4348b-c883-4e2f-8f11-ce233b859fa1,fda095cb-831d-4601-ad94-846013963de8,f92806d7-1768-443f-afe8-12bcde84d0f0,dd3a144d-ab7f-41f0-82b8-2e43a090d496,f0416e68-0200-4b77-a926-4f9d16e494da,970b0598-bcb0-4714-91fb-2e81440dccd8,bcd64cc6-2dd9-43f6-abbe-66318d332032,d930590d-bb92-4cc8-8bd1-23cd027f9edf,a3cd009f-0ab0-420d-9278-b9fdab939bbc,6a2d0734-bd9e-4ddf-946e-caa52498cb75,c27215d8-6835-4b68-bfbb-bdeac6100c04,b5d6115f-0370-4d7c-aad3-c194cc71cf98,871c3b6c-7379-419d-bda3-794b239ab90d,ff9b0199-ce04-4cfe-86cc-6c719f08d6e4,de1c2107-70c8-4021-8459-6399f24d01c6,cbf30902-517f-40dc-af90-a550bac27cf1
2025-7-25 11:33:11-debug: Init bundle root assets success..., progress: 0%
2025-7-25 11:33:11-debug:   Number of all scripts: 14
2025-7-25 11:33:11-debug:   Number of other assets: 510
2025-7-25 11:33:11-debug:   Number of all scenes: 1
2025-7-25 11:33:11-debug: // ---- build task 查询 Asset Bundle ---- (1ms)
2025-7-25 11:33:11-debug: [Build Memory track]: 查询 Asset Bundle start:212.35MB, end 212.20MB, increase: -156.61KB
2025-7-25 11:33:11-debug: 查询 Asset Bundle start, progress: 5%
2025-7-25 11:33:11-debug: // ---- build task 查询 Asset Bundle ----
2025-7-25 11:33:11-log: run build task 查询 Asset Bundle success in 1 ms√, progress: 5%
2025-7-25 11:33:11-log: run build task 查询 Asset Bundle success in √, progress: 10%
2025-7-25 11:33:11-debug: [Build Memory track]: 查询 Asset Bundle start:212.22MB, end 212.32MB, increase: 99.36KB
2025-7-25 11:33:11-debug: 整理部分构建选项内数据到 settings.json start, progress: 10%
2025-7-25 11:33:11-debug: // ---- build task 整理部分构建选项内数据到 settings.json ----
2025-7-25 11:33:11-log: run build task 整理部分构建选项内数据到 settings.json success in √, progress: 12%
2025-7-25 11:33:11-debug: [Build Memory track]: 整理部分构建选项内数据到 settings.json start:212.34MB, end 211.63MB, increase: -734.39KB
2025-7-25 11:33:11-debug: // ---- build task 填充脚本数据到 settings.json ----
2025-7-25 11:33:11-debug: 填充脚本数据到 settings.json start, progress: 12%
2025-7-25 11:33:11-log: run build task 填充脚本数据到 settings.json success in √, progress: 13%
2025-7-25 11:33:11-debug: [Build Memory track]: 填充脚本数据到 settings.json start:211.65MB, end 211.67MB, increase: 16.33KB
2025-7-25 11:33:11-debug: // ---- build task 整理部分构建选项内数据到 settings.json ----
2025-7-25 11:33:11-debug: 整理部分构建选项内数据到 settings.json start, progress: 13%
2025-7-25 11:33:11-debug: // ---- build task 整理部分构建选项内数据到 settings.json ---- (1ms)
2025-7-25 11:33:11-log: run build task 整理部分构建选项内数据到 settings.json success in 1 ms√, progress: 15%
2025-7-25 11:33:11-debug: [Build Memory track]: 整理部分构建选项内数据到 settings.json start:211.69MB, end 211.81MB, increase: 122.42KB
2025-7-25 11:33:36-debug: refresh db internal success
2025-7-25 11:33:36-debug: %cImport%c: /Users/zhao/Desktop/test/cocos-creator/PlaneFight/assets/Scripts/Player.tsbackground: #aaff85; color: #000;color: #000;
2025-7-25 11:33:36-debug: refresh db assets success
2025-7-25 11:33:36-debug: Run asset db hook engine-extends:afterRefresh ...
2025-7-25 11:33:36-debug: Run asset db hook engine-extends:afterRefresh success!
2025-7-25 11:33:36-debug: asset-db:refresh-all-database (31ms)
2025-7-25 11:33:36-debug: asset-db:worker-effect-data-processing (1ms)
2025-7-25 11:33:36-debug: asset-db-hook-engine-extends-afterRefresh (1ms)
2025-7-25 11:33:50-debug: Query all assets info in project
2025-7-25 11:33:50-debug: init custom config: keepNodeUuid: false, useCache: true
2025-7-25 11:33:50-debug: Skip compress image, progress: 0%
2025-7-25 11:33:50-debug: Init all bundles start..., progress: 0%
2025-7-25 11:33:50-debug: 查询 Asset Bundle start, progress: 0%
2025-7-25 11:33:50-debug: // ---- build task 查询 Asset Bundle ----
2025-7-25 11:33:50-debug: Num of bundles: 2..., progress: 0%
2025-7-25 11:33:50-debug: Init bundle root assets start..., progress: 0%
2025-7-25 11:33:50-debug: Query preload assets/scripts from cc.config.json: 60f7195c-ec2a-45eb-ba94-8955f60e81d0,1c02ae6f-4492-4915-b8f8-7492a3b1e4cd,810e96e4-e456-4468-9b59-f4e8f39732c0,efe8e2a3-eace-427b-b4f1-cb8a937ec77d,e9aa9a3e-5b2b-4ac7-a2c7-073de2b2b24f,8bbdbcdd-5cd4-4100-b6d5-b7c9625b6107,50f4348b-c883-4e2f-8f11-ce233b859fa1,fda095cb-831d-4601-ad94-846013963de8,f92806d7-1768-443f-afe8-12bcde84d0f0,dd3a144d-ab7f-41f0-82b8-2e43a090d496,f0416e68-0200-4b77-a926-4f9d16e494da,970b0598-bcb0-4714-91fb-2e81440dccd8,bcd64cc6-2dd9-43f6-abbe-66318d332032,d930590d-bb92-4cc8-8bd1-23cd027f9edf,a3cd009f-0ab0-420d-9278-b9fdab939bbc,6a2d0734-bd9e-4ddf-946e-caa52498cb75,c27215d8-6835-4b68-bfbb-bdeac6100c04,b5d6115f-0370-4d7c-aad3-c194cc71cf98,871c3b6c-7379-419d-bda3-794b239ab90d,ff9b0199-ce04-4cfe-86cc-6c719f08d6e4,de1c2107-70c8-4021-8459-6399f24d01c6,cbf30902-517f-40dc-af90-a550bac27cf1
2025-7-25 11:33:50-debug: Init bundle root assets success..., progress: 0%
2025-7-25 11:33:50-debug:   Number of all scripts: 14
2025-7-25 11:33:50-debug:   Number of other assets: 510
2025-7-25 11:33:50-debug:   Number of all scenes: 1
2025-7-25 11:33:50-debug: // ---- build task 查询 Asset Bundle ---- (1ms)
2025-7-25 11:33:50-log: run build task 查询 Asset Bundle success in 1 ms√, progress: 5%
2025-7-25 11:33:50-debug: [Build Memory track]: 查询 Asset Bundle start:212.50MB, end 212.20MB, increase: -307.26KB
2025-7-25 11:33:50-debug: // ---- build task 查询 Asset Bundle ----
2025-7-25 11:33:50-debug: 查询 Asset Bundle start, progress: 5%
2025-7-25 11:33:50-debug: // ---- build task 查询 Asset Bundle ---- (1ms)
2025-7-25 11:33:50-debug: [Build Memory track]: 查询 Asset Bundle start:212.23MB, end 212.33MB, increase: 107.49KB
2025-7-25 11:33:50-log: run build task 查询 Asset Bundle success in 1 ms√, progress: 10%
2025-7-25 11:33:50-debug: 整理部分构建选项内数据到 settings.json start, progress: 10%
2025-7-25 11:33:50-debug: // ---- build task 整理部分构建选项内数据到 settings.json ----
2025-7-25 11:33:50-log: run build task 整理部分构建选项内数据到 settings.json success in √, progress: 12%
2025-7-25 11:33:50-debug: [Build Memory track]: 整理部分构建选项内数据到 settings.json start:212.36MB, end 212.37MB, increase: 15.85KB
2025-7-25 11:33:50-debug: 填充脚本数据到 settings.json start, progress: 12%
2025-7-25 11:33:50-debug: // ---- build task 填充脚本数据到 settings.json ----
2025-7-25 11:33:50-log: run build task 填充脚本数据到 settings.json success in √, progress: 13%
2025-7-25 11:33:50-debug: [Build Memory track]: 填充脚本数据到 settings.json start:212.40MB, end 212.41MB, increase: 14.96KB
2025-7-25 11:33:50-debug: 整理部分构建选项内数据到 settings.json start, progress: 13%
2025-7-25 11:33:50-debug: // ---- build task 整理部分构建选项内数据到 settings.json ----
2025-7-25 11:33:50-log: run build task 整理部分构建选项内数据到 settings.json success in 1 ms√, progress: 15%
2025-7-25 11:33:50-debug: // ---- build task 整理部分构建选项内数据到 settings.json ---- (1ms)
2025-7-25 11:33:50-debug: [Build Memory track]: 整理部分构建选项内数据到 settings.json start:212.44MB, end 212.56MB, increase: 123.45KB
2025-7-25 11:34:42-debug: refresh db internal success
2025-7-25 11:34:42-debug: %cImport%c: /Users/zhao/Desktop/test/cocos-creator/PlaneFight/assets/Scripts/Player.tsbackground: #aaff85; color: #000;color: #000;
2025-7-25 11:34:42-debug: refresh db assets success
2025-7-25 11:34:42-debug: Run asset db hook engine-extends:afterRefresh ...
2025-7-25 11:34:42-debug: Run asset db hook engine-extends:afterRefresh success!
2025-7-25 11:34:42-debug: asset-db:refresh-all-database (20ms)
2025-7-25 11:34:42-debug: asset-db:worker-effect-data-processing (1ms)
2025-7-25 11:34:42-debug: asset-db-hook-engine-extends-afterRefresh (1ms)
2025-7-25 11:34:44-debug: Query all assets info in project
2025-7-25 11:34:44-debug: init custom config: keepNodeUuid: false, useCache: true
2025-7-25 11:34:44-debug: Skip compress image, progress: 0%
2025-7-25 11:34:44-debug: Init all bundles start..., progress: 0%
2025-7-25 11:34:44-debug: Num of bundles: 2..., progress: 0%
2025-7-25 11:34:44-debug: Init bundle root assets start..., progress: 0%
2025-7-25 11:34:44-debug: 查询 Asset Bundle start, progress: 0%
2025-7-25 11:34:44-debug: // ---- build task 查询 Asset Bundle ----
2025-7-25 11:34:44-debug: Query preload assets/scripts from cc.config.json: 60f7195c-ec2a-45eb-ba94-8955f60e81d0,1c02ae6f-4492-4915-b8f8-7492a3b1e4cd,810e96e4-e456-4468-9b59-f4e8f39732c0,efe8e2a3-eace-427b-b4f1-cb8a937ec77d,e9aa9a3e-5b2b-4ac7-a2c7-073de2b2b24f,8bbdbcdd-5cd4-4100-b6d5-b7c9625b6107,50f4348b-c883-4e2f-8f11-ce233b859fa1,fda095cb-831d-4601-ad94-846013963de8,f92806d7-1768-443f-afe8-12bcde84d0f0,dd3a144d-ab7f-41f0-82b8-2e43a090d496,f0416e68-0200-4b77-a926-4f9d16e494da,970b0598-bcb0-4714-91fb-2e81440dccd8,bcd64cc6-2dd9-43f6-abbe-66318d332032,d930590d-bb92-4cc8-8bd1-23cd027f9edf,a3cd009f-0ab0-420d-9278-b9fdab939bbc,6a2d0734-bd9e-4ddf-946e-caa52498cb75,c27215d8-6835-4b68-bfbb-bdeac6100c04,b5d6115f-0370-4d7c-aad3-c194cc71cf98,871c3b6c-7379-419d-bda3-794b239ab90d,ff9b0199-ce04-4cfe-86cc-6c719f08d6e4,de1c2107-70c8-4021-8459-6399f24d01c6,cbf30902-517f-40dc-af90-a550bac27cf1
2025-7-25 11:34:44-debug:   Number of other assets: 510
2025-7-25 11:34:44-debug:   Number of all scripts: 14
2025-7-25 11:34:44-debug: Init bundle root assets success..., progress: 0%
2025-7-25 11:34:44-debug:   Number of all scenes: 1
2025-7-25 11:34:44-debug: // ---- build task 查询 Asset Bundle ---- (2ms)
2025-7-25 11:34:44-log: run build task 查询 Asset Bundle success in 2 ms√, progress: 5%
2025-7-25 11:34:44-debug: 查询 Asset Bundle start, progress: 5%
2025-7-25 11:34:44-debug: [Build Memory track]: 查询 Asset Bundle start:212.83MB, end 212.54MB, increase: -297.34KB
2025-7-25 11:34:44-debug: // ---- build task 查询 Asset Bundle ----
2025-7-25 11:34:44-log: run build task 查询 Asset Bundle success in √, progress: 10%
2025-7-25 11:34:44-debug: [Build Memory track]: 查询 Asset Bundle start:212.56MB, end 212.66MB, increase: 99.32KB
2025-7-25 11:34:44-debug: 整理部分构建选项内数据到 settings.json start, progress: 10%
2025-7-25 11:34:44-debug: // ---- build task 整理部分构建选项内数据到 settings.json ----
2025-7-25 11:34:44-log: run build task 整理部分构建选项内数据到 settings.json success in √, progress: 12%
2025-7-25 11:34:44-debug: // ---- build task 填充脚本数据到 settings.json ----
2025-7-25 11:34:44-debug: 填充脚本数据到 settings.json start, progress: 12%
2025-7-25 11:34:44-debug: [Build Memory track]: 整理部分构建选项内数据到 settings.json start:212.68MB, end 212.70MB, increase: 15.96KB
2025-7-25 11:34:44-log: run build task 填充脚本数据到 settings.json success in √, progress: 13%
2025-7-25 11:34:44-debug: // ---- build task 整理部分构建选项内数据到 settings.json ----
2025-7-25 11:34:44-debug: 整理部分构建选项内数据到 settings.json start, progress: 13%
2025-7-25 11:34:44-debug: [Build Memory track]: 填充脚本数据到 settings.json start:212.72MB, end 212.74MB, increase: 15.50KB
2025-7-25 11:34:44-log: run build task 整理部分构建选项内数据到 settings.json success in √, progress: 15%
2025-7-25 11:34:44-debug: [Build Memory track]: 整理部分构建选项内数据到 settings.json start:212.76MB, end 212.89MB, increase: 126.64KB
2025-7-25 11:35:05-debug: %cImport%c: /Users/zhao/Desktop/test/cocos-creator/PlaneFight/assets/Scenes/Start.scenebackground: #aaff85; color: #000;color: #000;
2025-7-25 11:35:05-debug: asset-db:reimport-asset2fda4d65-a1e9-4078-8250-de49b04cdc34 (4ms)
2025-7-25 11:35:11-debug: %cImport%c: /Users/zhao/Desktop/test/cocos-creator/PlaneFight/assets/Scenes/Start.scenebackground: #aaff85; color: #000;color: #000;
2025-7-25 11:35:11-debug: asset-db:reimport-asset2fda4d65-a1e9-4078-8250-de49b04cdc34 (4ms)
2025-7-25 11:35:12-debug: Query all assets info in project
2025-7-25 11:35:12-debug: init custom config: keepNodeUuid: false, useCache: true
2025-7-25 11:35:12-debug: Skip compress image, progress: 0%
2025-7-25 11:35:12-debug: Init all bundles start..., progress: 0%
2025-7-25 11:35:12-debug: Num of bundles: 2..., progress: 0%
2025-7-25 11:35:12-debug: 查询 Asset Bundle start, progress: 0%
2025-7-25 11:35:12-debug: // ---- build task 查询 Asset Bundle ----
2025-7-25 11:35:12-debug: Init bundle root assets start..., progress: 0%
2025-7-25 11:35:12-debug: Query preload assets/scripts from cc.config.json: 60f7195c-ec2a-45eb-ba94-8955f60e81d0,1c02ae6f-4492-4915-b8f8-7492a3b1e4cd,810e96e4-e456-4468-9b59-f4e8f39732c0,efe8e2a3-eace-427b-b4f1-cb8a937ec77d,e9aa9a3e-5b2b-4ac7-a2c7-073de2b2b24f,8bbdbcdd-5cd4-4100-b6d5-b7c9625b6107,50f4348b-c883-4e2f-8f11-ce233b859fa1,fda095cb-831d-4601-ad94-846013963de8,f92806d7-1768-443f-afe8-12bcde84d0f0,dd3a144d-ab7f-41f0-82b8-2e43a090d496,f0416e68-0200-4b77-a926-4f9d16e494da,970b0598-bcb0-4714-91fb-2e81440dccd8,bcd64cc6-2dd9-43f6-abbe-66318d332032,d930590d-bb92-4cc8-8bd1-23cd027f9edf,a3cd009f-0ab0-420d-9278-b9fdab939bbc,6a2d0734-bd9e-4ddf-946e-caa52498cb75,c27215d8-6835-4b68-bfbb-bdeac6100c04,b5d6115f-0370-4d7c-aad3-c194cc71cf98,871c3b6c-7379-419d-bda3-794b239ab90d,ff9b0199-ce04-4cfe-86cc-6c719f08d6e4,de1c2107-70c8-4021-8459-6399f24d01c6,cbf30902-517f-40dc-af90-a550bac27cf1
2025-7-25 11:35:12-debug:   Number of other assets: 510
2025-7-25 11:35:12-debug: Init bundle root assets success..., progress: 0%
2025-7-25 11:35:12-debug:   Number of all scripts: 14
2025-7-25 11:35:12-debug:   Number of all scenes: 1
2025-7-25 11:35:12-debug: // ---- build task 查询 Asset Bundle ---- (1ms)
2025-7-25 11:35:12-debug: [Build Memory track]: 查询 Asset Bundle start:213.25MB, end 213.10MB, increase: -155.87KB
2025-7-25 11:35:12-debug: 查询 Asset Bundle start, progress: 5%
2025-7-25 11:35:12-debug: // ---- build task 查询 Asset Bundle ----
2025-7-25 11:35:12-log: run build task 查询 Asset Bundle success in 1 ms√, progress: 5%
2025-7-25 11:35:12-log: run build task 查询 Asset Bundle success in √, progress: 10%
2025-7-25 11:35:12-debug: [Build Memory track]: 查询 Asset Bundle start:213.12MB, end 213.22MB, increase: 99.47KB
2025-7-25 11:35:12-debug: 整理部分构建选项内数据到 settings.json start, progress: 10%
2025-7-25 11:35:12-debug: // ---- build task 整理部分构建选项内数据到 settings.json ----
2025-7-25 11:35:12-log: run build task 整理部分构建选项内数据到 settings.json success in √, progress: 12%
2025-7-25 11:35:12-debug: [Build Memory track]: 整理部分构建选项内数据到 settings.json start:213.24MB, end 212.54MB, increase: -721.05KB
2025-7-25 11:35:12-debug: // ---- build task 填充脚本数据到 settings.json ----
2025-7-25 11:35:12-debug: 填充脚本数据到 settings.json start, progress: 12%
2025-7-25 11:35:12-log: run build task 填充脚本数据到 settings.json success in √, progress: 13%
2025-7-25 11:35:12-debug: [Build Memory track]: 填充脚本数据到 settings.json start:212.56MB, end 212.58MB, increase: 16.22KB
2025-7-25 11:35:12-debug: // ---- build task 整理部分构建选项内数据到 settings.json ----
2025-7-25 11:35:12-debug: 整理部分构建选项内数据到 settings.json start, progress: 13%
2025-7-25 11:35:12-log: run build task 整理部分构建选项内数据到 settings.json success in √, progress: 15%
2025-7-25 11:35:12-debug: [Build Memory track]: 整理部分构建选项内数据到 settings.json start:212.60MB, end 212.72MB, increase: 114.18KB
2025-7-25 11:35:43-debug: refresh db internal success
2025-7-25 11:35:43-debug: %cImport%c: /Users/zhao/Desktop/test/cocos-creator/PlaneFight/assets/Scripts/Player.tsbackground: #aaff85; color: #000;color: #000;
2025-7-25 11:35:43-debug: refresh db assets success
2025-7-25 11:35:43-debug: Run asset db hook engine-extends:afterRefresh ...
2025-7-25 11:35:43-debug: Run asset db hook engine-extends:afterRefresh success!
2025-7-25 11:35:43-debug: asset-db:refresh-all-database (27ms)
2025-7-25 11:35:43-debug: asset-db:worker-effect-data-processing (1ms)
2025-7-25 11:35:43-debug: asset-db-hook-engine-extends-afterRefresh (1ms)
2025-7-25 11:35:44-debug: %cImport%c: /Users/zhao/Desktop/test/cocos-creator/PlaneFight/assets/Scenes/Start.scenebackground: #aaff85; color: #000;color: #000;
2025-7-25 11:35:44-debug: asset-db:reimport-asset2fda4d65-a1e9-4078-8250-de49b04cdc34 (8ms)
2025-7-25 11:35:44-debug: Query all assets info in project
2025-7-25 11:35:44-debug: init custom config: keepNodeUuid: false, useCache: true
2025-7-25 11:35:44-debug: Skip compress image, progress: 0%
2025-7-25 11:35:44-debug: Init all bundles start..., progress: 0%
2025-7-25 11:35:44-debug: 查询 Asset Bundle start, progress: 0%
2025-7-25 11:35:44-debug: // ---- build task 查询 Asset Bundle ----
2025-7-25 11:35:44-debug: Num of bundles: 2..., progress: 0%
2025-7-25 11:35:44-debug: Init bundle root assets start..., progress: 0%
2025-7-25 11:35:44-debug: Query preload assets/scripts from cc.config.json: 60f7195c-ec2a-45eb-ba94-8955f60e81d0,1c02ae6f-4492-4915-b8f8-7492a3b1e4cd,810e96e4-e456-4468-9b59-f4e8f39732c0,efe8e2a3-eace-427b-b4f1-cb8a937ec77d,e9aa9a3e-5b2b-4ac7-a2c7-073de2b2b24f,8bbdbcdd-5cd4-4100-b6d5-b7c9625b6107,50f4348b-c883-4e2f-8f11-ce233b859fa1,fda095cb-831d-4601-ad94-846013963de8,f92806d7-1768-443f-afe8-12bcde84d0f0,dd3a144d-ab7f-41f0-82b8-2e43a090d496,f0416e68-0200-4b77-a926-4f9d16e494da,970b0598-bcb0-4714-91fb-2e81440dccd8,bcd64cc6-2dd9-43f6-abbe-66318d332032,d930590d-bb92-4cc8-8bd1-23cd027f9edf,a3cd009f-0ab0-420d-9278-b9fdab939bbc,6a2d0734-bd9e-4ddf-946e-caa52498cb75,c27215d8-6835-4b68-bfbb-bdeac6100c04,b5d6115f-0370-4d7c-aad3-c194cc71cf98,871c3b6c-7379-419d-bda3-794b239ab90d,ff9b0199-ce04-4cfe-86cc-6c719f08d6e4,de1c2107-70c8-4021-8459-6399f24d01c6,cbf30902-517f-40dc-af90-a550bac27cf1
2025-7-25 11:35:44-debug: Init bundle root assets success..., progress: 0%
2025-7-25 11:35:44-debug:   Number of all scripts: 14
2025-7-25 11:35:44-debug:   Number of other assets: 510
2025-7-25 11:35:44-debug:   Number of all scenes: 1
2025-7-25 11:35:44-debug: // ---- build task 查询 Asset Bundle ---- (1ms)
2025-7-25 11:35:44-debug: [Build Memory track]: 查询 Asset Bundle start:213.05MB, end 213.67MB, increase: 640.15KB
2025-7-25 11:35:44-debug: // ---- build task 查询 Asset Bundle ----
2025-7-25 11:35:44-debug: 查询 Asset Bundle start, progress: 5%
2025-7-25 11:35:44-log: run build task 查询 Asset Bundle success in 1 ms√, progress: 5%
2025-7-25 11:35:44-debug: // ---- build task 查询 Asset Bundle ---- (1ms)
2025-7-25 11:35:44-debug: // ---- build task 整理部分构建选项内数据到 settings.json ----
2025-7-25 11:35:44-debug: [Build Memory track]: 查询 Asset Bundle start:213.70MB, end 213.02MB, increase: -692.64KB
2025-7-25 11:35:44-debug: 整理部分构建选项内数据到 settings.json start, progress: 10%
2025-7-25 11:35:44-log: run build task 查询 Asset Bundle success in 1 ms√, progress: 10%
2025-7-25 11:35:44-log: run build task 整理部分构建选项内数据到 settings.json success in √, progress: 12%
2025-7-25 11:35:44-debug: [Build Memory track]: 整理部分构建选项内数据到 settings.json start:213.04MB, end 213.06MB, increase: 16.66KB
2025-7-25 11:35:44-debug: 填充脚本数据到 settings.json start, progress: 12%
2025-7-25 11:35:44-debug: // ---- build task 填充脚本数据到 settings.json ----
2025-7-25 11:35:44-log: run build task 填充脚本数据到 settings.json success in √, progress: 13%
2025-7-25 11:35:44-debug: [Build Memory track]: 填充脚本数据到 settings.json start:213.09MB, end 213.10MB, increase: 15.47KB
2025-7-25 11:35:44-debug: 整理部分构建选项内数据到 settings.json start, progress: 13%
2025-7-25 11:35:44-debug: // ---- build task 整理部分构建选项内数据到 settings.json ----
2025-7-25 11:35:44-debug: // ---- build task 整理部分构建选项内数据到 settings.json ---- (1ms)
2025-7-25 11:35:44-log: run build task 整理部分构建选项内数据到 settings.json success in 1 ms√, progress: 15%
2025-7-25 11:35:44-debug: [Build Memory track]: 整理部分构建选项内数据到 settings.json start:213.13MB, end 213.26MB, increase: 139.30KB
2025-7-25 11:36:06-debug: refresh db internal success
2025-7-25 11:36:06-debug: %cImport%c: /Users/zhao/Desktop/test/cocos-creator/PlaneFight/assets/Scripts/Player.tsbackground: #aaff85; color: #000;color: #000;
2025-7-25 11:36:06-debug: refresh db assets success
2025-7-25 11:36:06-debug: Run asset db hook engine-extends:afterRefresh ...
2025-7-25 11:36:06-debug: Run asset db hook engine-extends:afterRefresh success!
2025-7-25 11:36:06-debug: asset-db:refresh-all-database (27ms)
2025-7-25 11:36:06-debug: asset-db:worker-effect-data-processing (1ms)
2025-7-25 11:36:06-debug: asset-db-hook-engine-extends-afterRefresh (1ms)
2025-7-25 11:36:06-debug: %cImport%c: /Users/zhao/Desktop/test/cocos-creator/PlaneFight/assets/Scenes/Start.scenebackground: #aaff85; color: #000;color: #000;
2025-7-25 11:36:06-debug: asset-db:reimport-asset2fda4d65-a1e9-4078-8250-de49b04cdc34 (5ms)
2025-7-25 11:36:07-debug: Query all assets info in project
2025-7-25 11:36:07-debug: init custom config: keepNodeUuid: false, useCache: true
2025-7-25 11:36:07-debug: Skip compress image, progress: 0%
2025-7-25 11:36:07-debug: Init all bundles start..., progress: 0%
2025-7-25 11:36:07-debug: Init bundle root assets start..., progress: 0%
2025-7-25 11:36:07-debug: 查询 Asset Bundle start, progress: 0%
2025-7-25 11:36:07-debug: // ---- build task 查询 Asset Bundle ----
2025-7-25 11:36:07-debug: Num of bundles: 2..., progress: 0%
2025-7-25 11:36:07-debug: Query preload assets/scripts from cc.config.json: 60f7195c-ec2a-45eb-ba94-8955f60e81d0,1c02ae6f-4492-4915-b8f8-7492a3b1e4cd,810e96e4-e456-4468-9b59-f4e8f39732c0,efe8e2a3-eace-427b-b4f1-cb8a937ec77d,e9aa9a3e-5b2b-4ac7-a2c7-073de2b2b24f,8bbdbcdd-5cd4-4100-b6d5-b7c9625b6107,50f4348b-c883-4e2f-8f11-ce233b859fa1,fda095cb-831d-4601-ad94-846013963de8,f92806d7-1768-443f-afe8-12bcde84d0f0,dd3a144d-ab7f-41f0-82b8-2e43a090d496,f0416e68-0200-4b77-a926-4f9d16e494da,970b0598-bcb0-4714-91fb-2e81440dccd8,bcd64cc6-2dd9-43f6-abbe-66318d332032,d930590d-bb92-4cc8-8bd1-23cd027f9edf,a3cd009f-0ab0-420d-9278-b9fdab939bbc,6a2d0734-bd9e-4ddf-946e-caa52498cb75,c27215d8-6835-4b68-bfbb-bdeac6100c04,b5d6115f-0370-4d7c-aad3-c194cc71cf98,871c3b6c-7379-419d-bda3-794b239ab90d,ff9b0199-ce04-4cfe-86cc-6c719f08d6e4,de1c2107-70c8-4021-8459-6399f24d01c6,cbf30902-517f-40dc-af90-a550bac27cf1
2025-7-25 11:36:07-debug:   Number of all scenes: 1
2025-7-25 11:36:07-debug:   Number of all scripts: 14
2025-7-25 11:36:07-debug:   Number of other assets: 510
2025-7-25 11:36:07-debug: Init bundle root assets success..., progress: 0%
2025-7-25 11:36:07-debug: // ---- build task 查询 Asset Bundle ---- (1ms)
2025-7-25 11:36:07-debug: // ---- build task 查询 Asset Bundle ----
2025-7-25 11:36:07-debug: [Build Memory track]: 查询 Asset Bundle start:213.51MB, end 214.13MB, increase: 637.91KB
2025-7-25 11:36:07-debug: 查询 Asset Bundle start, progress: 5%
2025-7-25 11:36:07-log: run build task 查询 Asset Bundle success in 1 ms√, progress: 5%
2025-7-25 11:36:07-debug: // ---- build task 查询 Asset Bundle ---- (1ms)
2025-7-25 11:36:07-log: run build task 查询 Asset Bundle success in 1 ms√, progress: 10%
2025-7-25 11:36:07-debug: [Build Memory track]: 查询 Asset Bundle start:214.15MB, end 213.47MB, increase: -705.10KB
2025-7-25 11:36:07-debug: // ---- build task 整理部分构建选项内数据到 settings.json ----
2025-7-25 11:36:07-debug: 整理部分构建选项内数据到 settings.json start, progress: 10%
2025-7-25 11:36:07-log: run build task 整理部分构建选项内数据到 settings.json success in √, progress: 12%
2025-7-25 11:36:07-debug: 填充脚本数据到 settings.json start, progress: 12%
2025-7-25 11:36:07-debug: [Build Memory track]: 整理部分构建选项内数据到 settings.json start:213.49MB, end 213.51MB, increase: 15.50KB
2025-7-25 11:36:07-debug: // ---- build task 填充脚本数据到 settings.json ----
2025-7-25 11:36:07-debug: // ---- build task 填充脚本数据到 settings.json ---- (1ms)
2025-7-25 11:36:07-debug: // ---- build task 整理部分构建选项内数据到 settings.json ----
2025-7-25 11:36:07-debug: [Build Memory track]: 填充脚本数据到 settings.json start:213.53MB, end 213.55MB, increase: 24.07KB
2025-7-25 11:36:07-debug: 整理部分构建选项内数据到 settings.json start, progress: 13%
2025-7-25 11:36:07-log: run build task 填充脚本数据到 settings.json success in 1 ms√, progress: 13%
2025-7-25 11:36:07-log: run build task 整理部分构建选项内数据到 settings.json success in √, progress: 15%
2025-7-25 11:36:07-debug: [Build Memory track]: 整理部分构建选项内数据到 settings.json start:213.58MB, end 213.88MB, increase: 311.48KB
2025-7-25 11:36:15-debug: refresh db internal success
2025-7-25 11:36:15-debug: %cImport%c: /Users/zhao/Desktop/test/cocos-creator/PlaneFight/assets/Scripts/Player.tsbackground: #aaff85; color: #000;color: #000;
2025-7-25 11:36:15-debug: refresh db assets success
2025-7-25 11:36:15-debug: Run asset db hook engine-extends:afterRefresh ...
2025-7-25 11:36:15-debug: Run asset db hook engine-extends:afterRefresh success!
2025-7-25 11:36:15-debug: asset-db:refresh-all-database (32ms)
2025-7-25 11:36:15-debug: asset-db:worker-effect-data-processing (1ms)
2025-7-25 11:36:15-debug: asset-db-hook-engine-extends-afterRefresh (1ms)
2025-7-25 11:36:15-debug: %cImport%c: /Users/zhao/Desktop/test/cocos-creator/PlaneFight/assets/Scenes/Start.scenebackground: #aaff85; color: #000;color: #000;
2025-7-25 11:36:15-debug: asset-db:reimport-asset2fda4d65-a1e9-4078-8250-de49b04cdc34 (4ms)
2025-7-25 11:36:15-debug: Query all assets info in project
2025-7-25 11:36:15-debug: init custom config: keepNodeUuid: false, useCache: true
2025-7-25 11:36:15-debug: Skip compress image, progress: 0%
2025-7-25 11:36:15-debug: Init all bundles start..., progress: 0%
2025-7-25 11:36:15-debug: Num of bundles: 2..., progress: 0%
2025-7-25 11:36:15-debug: 查询 Asset Bundle start, progress: 0%
2025-7-25 11:36:15-debug: // ---- build task 查询 Asset Bundle ----
2025-7-25 11:36:15-debug: Init bundle root assets start..., progress: 0%
2025-7-25 11:36:15-debug: Query preload assets/scripts from cc.config.json: 60f7195c-ec2a-45eb-ba94-8955f60e81d0,1c02ae6f-4492-4915-b8f8-7492a3b1e4cd,810e96e4-e456-4468-9b59-f4e8f39732c0,efe8e2a3-eace-427b-b4f1-cb8a937ec77d,e9aa9a3e-5b2b-4ac7-a2c7-073de2b2b24f,8bbdbcdd-5cd4-4100-b6d5-b7c9625b6107,50f4348b-c883-4e2f-8f11-ce233b859fa1,fda095cb-831d-4601-ad94-846013963de8,f92806d7-1768-443f-afe8-12bcde84d0f0,dd3a144d-ab7f-41f0-82b8-2e43a090d496,f0416e68-0200-4b77-a926-4f9d16e494da,970b0598-bcb0-4714-91fb-2e81440dccd8,bcd64cc6-2dd9-43f6-abbe-66318d332032,d930590d-bb92-4cc8-8bd1-23cd027f9edf,a3cd009f-0ab0-420d-9278-b9fdab939bbc,6a2d0734-bd9e-4ddf-946e-caa52498cb75,c27215d8-6835-4b68-bfbb-bdeac6100c04,b5d6115f-0370-4d7c-aad3-c194cc71cf98,871c3b6c-7379-419d-bda3-794b239ab90d,ff9b0199-ce04-4cfe-86cc-6c719f08d6e4,de1c2107-70c8-4021-8459-6399f24d01c6,cbf30902-517f-40dc-af90-a550bac27cf1
2025-7-25 11:36:15-debug: Init bundle root assets success..., progress: 0%
2025-7-25 11:36:15-debug:   Number of all scripts: 14
2025-7-25 11:36:15-debug:   Number of other assets: 510
2025-7-25 11:36:15-debug:   Number of all scenes: 1
2025-7-25 11:36:15-debug: // ---- build task 查询 Asset Bundle ---- (1ms)
2025-7-25 11:36:15-debug: [Build Memory track]: 查询 Asset Bundle start:214.52MB, end 214.21MB, increase: -319.93KB
2025-7-25 11:36:15-log: run build task 查询 Asset Bundle success in 1 ms√, progress: 5%
2025-7-25 11:36:15-debug: 查询 Asset Bundle start, progress: 5%
2025-7-25 11:36:15-debug: // ---- build task 查询 Asset Bundle ----
2025-7-25 11:36:15-log: run build task 查询 Asset Bundle success in √, progress: 10%
2025-7-25 11:36:15-debug: [Build Memory track]: 查询 Asset Bundle start:214.23MB, end 214.33MB, increase: 99.03KB
2025-7-25 11:36:15-debug: 整理部分构建选项内数据到 settings.json start, progress: 10%
2025-7-25 11:36:15-debug: // ---- build task 整理部分构建选项内数据到 settings.json ----
2025-7-25 11:36:15-log: run build task 整理部分构建选项内数据到 settings.json success in √, progress: 12%
2025-7-25 11:36:15-debug: 填充脚本数据到 settings.json start, progress: 12%
2025-7-25 11:36:15-debug: [Build Memory track]: 整理部分构建选项内数据到 settings.json start:214.35MB, end 214.37MB, increase: 14.72KB
2025-7-25 11:36:15-debug: // ---- build task 填充脚本数据到 settings.json ----
2025-7-25 11:36:15-log: run build task 填充脚本数据到 settings.json success in √, progress: 13%
2025-7-25 11:36:15-debug: [Build Memory track]: 填充脚本数据到 settings.json start:214.39MB, end 214.41MB, increase: 16.46KB
2025-7-25 11:36:15-debug: 整理部分构建选项内数据到 settings.json start, progress: 13%
2025-7-25 11:36:15-debug: // ---- build task 整理部分构建选项内数据到 settings.json ----
2025-7-25 11:36:15-debug: // ---- build task 整理部分构建选项内数据到 settings.json ---- (1ms)
2025-7-25 11:36:15-log: run build task 整理部分构建选项内数据到 settings.json success in 1 ms√, progress: 15%
2025-7-25 11:36:15-debug: [Build Memory track]: 整理部分构建选项内数据到 settings.json start:214.43MB, end 214.55MB, increase: 122.13KB
2025-7-25 11:36:31-debug: refresh db internal success
2025-7-25 11:36:31-debug: refresh db assets success
2025-7-25 11:36:31-debug: Run asset db hook engine-extends:afterRefresh ...
2025-7-25 11:36:31-debug: Run asset db hook engine-extends:afterRefresh success!
2025-7-25 11:36:31-debug: asset-db:refresh-all-database (24ms)
2025-7-25 11:36:31-debug: asset-db:worker-effect-data-processing (1ms)
2025-7-25 11:36:31-debug: asset-db-hook-engine-extends-afterRefresh (1ms)
2025-7-25 11:36:32-debug: Query all assets info in project
2025-7-25 11:36:32-debug: init custom config: keepNodeUuid: false, useCache: true
2025-7-25 11:36:32-debug: Skip compress image, progress: 0%
2025-7-25 11:36:32-debug: Init all bundles start..., progress: 0%
2025-7-25 11:36:32-debug: Num of bundles: 2..., progress: 0%
2025-7-25 11:36:32-debug: 查询 Asset Bundle start, progress: 0%
2025-7-25 11:36:32-debug: // ---- build task 查询 Asset Bundle ----
2025-7-25 11:36:32-debug: Init bundle root assets start..., progress: 0%
2025-7-25 11:36:32-debug: Query preload assets/scripts from cc.config.json: 60f7195c-ec2a-45eb-ba94-8955f60e81d0,1c02ae6f-4492-4915-b8f8-7492a3b1e4cd,810e96e4-e456-4468-9b59-f4e8f39732c0,efe8e2a3-eace-427b-b4f1-cb8a937ec77d,e9aa9a3e-5b2b-4ac7-a2c7-073de2b2b24f,8bbdbcdd-5cd4-4100-b6d5-b7c9625b6107,50f4348b-c883-4e2f-8f11-ce233b859fa1,fda095cb-831d-4601-ad94-846013963de8,f92806d7-1768-443f-afe8-12bcde84d0f0,dd3a144d-ab7f-41f0-82b8-2e43a090d496,f0416e68-0200-4b77-a926-4f9d16e494da,970b0598-bcb0-4714-91fb-2e81440dccd8,bcd64cc6-2dd9-43f6-abbe-66318d332032,d930590d-bb92-4cc8-8bd1-23cd027f9edf,a3cd009f-0ab0-420d-9278-b9fdab939bbc,6a2d0734-bd9e-4ddf-946e-caa52498cb75,c27215d8-6835-4b68-bfbb-bdeac6100c04,b5d6115f-0370-4d7c-aad3-c194cc71cf98,871c3b6c-7379-419d-bda3-794b239ab90d,ff9b0199-ce04-4cfe-86cc-6c719f08d6e4,de1c2107-70c8-4021-8459-6399f24d01c6,cbf30902-517f-40dc-af90-a550bac27cf1
2025-7-25 11:36:32-debug: Init bundle root assets success..., progress: 0%
2025-7-25 11:36:32-debug:   Number of all scripts: 14
2025-7-25 11:36:32-debug:   Number of other assets: 510
2025-7-25 11:36:32-debug:   Number of all scenes: 1
2025-7-25 11:36:32-debug: // ---- build task 查询 Asset Bundle ---- (1ms)
2025-7-25 11:36:32-log: run build task 查询 Asset Bundle success in 1 ms√, progress: 5%
2025-7-25 11:36:32-debug: [Build Memory track]: 查询 Asset Bundle start:215.18MB, end 215.00MB, increase: -181.36KB
2025-7-25 11:36:32-debug: // ---- build task 查询 Asset Bundle ----
2025-7-25 11:36:32-debug: 查询 Asset Bundle start, progress: 5%
2025-7-25 11:36:32-log: run build task 查询 Asset Bundle success in √, progress: 10%
2025-7-25 11:36:32-debug: [Build Memory track]: 查询 Asset Bundle start:215.03MB, end 215.12MB, increase: 99.26KB
2025-7-25 11:36:32-debug: 整理部分构建选项内数据到 settings.json start, progress: 10%
2025-7-25 11:36:32-debug: // ---- build task 整理部分构建选项内数据到 settings.json ----
2025-7-25 11:36:32-log: run build task 整理部分构建选项内数据到 settings.json success in √, progress: 12%
2025-7-25 11:36:32-debug: [Build Memory track]: 整理部分构建选项内数据到 settings.json start:215.15MB, end 215.16MB, increase: 15.94KB
2025-7-25 11:36:32-debug: 填充脚本数据到 settings.json start, progress: 12%
2025-7-25 11:36:32-debug: // ---- build task 填充脚本数据到 settings.json ----
2025-7-25 11:36:32-log: run build task 填充脚本数据到 settings.json success in √, progress: 13%
2025-7-25 11:36:32-debug: [Build Memory track]: 填充脚本数据到 settings.json start:215.19MB, end 214.45MB, increase: -756.90KB
2025-7-25 11:36:32-debug: // ---- build task 整理部分构建选项内数据到 settings.json ----
2025-7-25 11:36:32-debug: 整理部分构建选项内数据到 settings.json start, progress: 13%
2025-7-25 11:36:32-log: run build task 整理部分构建选项内数据到 settings.json success in √, progress: 15%
2025-7-25 11:36:32-debug: [Build Memory track]: 整理部分构建选项内数据到 settings.json start:214.47MB, end 214.59MB, increase: 115.13KB
2025-7-25 11:37:08-debug: refresh db internal success
2025-7-25 11:37:08-debug: %cImport%c: /Users/zhao/Desktop/test/cocos-creator/PlaneFight/assets/Scripts/Player.tsbackground: #aaff85; color: #000;color: #000;
2025-7-25 11:37:08-debug: refresh db assets success
2025-7-25 11:37:08-debug: Run asset db hook engine-extends:afterRefresh ...
2025-7-25 11:37:08-debug: Run asset db hook engine-extends:afterRefresh success!
2025-7-25 11:37:08-debug: asset-db:refresh-all-database (38ms)
2025-7-25 11:37:08-debug: asset-db-hook-engine-extends-afterRefresh (1ms)
2025-7-25 11:37:08-debug: %cImport%c: /Users/zhao/Desktop/test/cocos-creator/PlaneFight/assets/Scenes/Start.scenebackground: #aaff85; color: #000;color: #000;
2025-7-25 11:37:08-debug: asset-db:reimport-asset2fda4d65-a1e9-4078-8250-de49b04cdc34 (5ms)
2025-7-25 11:37:09-debug: Query all assets info in project
2025-7-25 11:37:09-debug: init custom config: keepNodeUuid: false, useCache: true
2025-7-25 11:37:09-debug: Skip compress image, progress: 0%
2025-7-25 11:37:09-debug: Init all bundles start..., progress: 0%
2025-7-25 11:37:09-debug: // ---- build task 查询 Asset Bundle ----
2025-7-25 11:37:09-debug: Init bundle root assets start..., progress: 0%
2025-7-25 11:37:09-debug: Num of bundles: 2..., progress: 0%
2025-7-25 11:37:09-debug: 查询 Asset Bundle start, progress: 0%
2025-7-25 11:37:09-debug: Query preload assets/scripts from cc.config.json: 60f7195c-ec2a-45eb-ba94-8955f60e81d0,1c02ae6f-4492-4915-b8f8-7492a3b1e4cd,810e96e4-e456-4468-9b59-f4e8f39732c0,efe8e2a3-eace-427b-b4f1-cb8a937ec77d,e9aa9a3e-5b2b-4ac7-a2c7-073de2b2b24f,8bbdbcdd-5cd4-4100-b6d5-b7c9625b6107,50f4348b-c883-4e2f-8f11-ce233b859fa1,fda095cb-831d-4601-ad94-846013963de8,f92806d7-1768-443f-afe8-12bcde84d0f0,dd3a144d-ab7f-41f0-82b8-2e43a090d496,f0416e68-0200-4b77-a926-4f9d16e494da,970b0598-bcb0-4714-91fb-2e81440dccd8,bcd64cc6-2dd9-43f6-abbe-66318d332032,d930590d-bb92-4cc8-8bd1-23cd027f9edf,a3cd009f-0ab0-420d-9278-b9fdab939bbc,6a2d0734-bd9e-4ddf-946e-caa52498cb75,c27215d8-6835-4b68-bfbb-bdeac6100c04,b5d6115f-0370-4d7c-aad3-c194cc71cf98,871c3b6c-7379-419d-bda3-794b239ab90d,ff9b0199-ce04-4cfe-86cc-6c719f08d6e4,de1c2107-70c8-4021-8459-6399f24d01c6,cbf30902-517f-40dc-af90-a550bac27cf1
2025-7-25 11:37:09-debug: Init bundle root assets success..., progress: 0%
2025-7-25 11:37:09-debug:   Number of all scenes: 1
2025-7-25 11:37:09-debug:   Number of all scripts: 14
2025-7-25 11:37:09-debug:   Number of other assets: 510
2025-7-25 11:37:09-debug: // ---- build task 查询 Asset Bundle ---- (2ms)
2025-7-25 11:37:09-debug: [Build Memory track]: 查询 Asset Bundle start:215.27MB, end 215.02MB, increase: -253.68KB
2025-7-25 11:37:09-debug: // ---- build task 查询 Asset Bundle ----
2025-7-25 11:37:09-debug: 查询 Asset Bundle start, progress: 5%
2025-7-25 11:37:09-log: run build task 查询 Asset Bundle success in 2 ms√, progress: 5%
2025-7-25 11:37:09-log: run build task 查询 Asset Bundle success in √, progress: 10%
2025-7-25 11:37:09-debug: [Build Memory track]: 查询 Asset Bundle start:215.04MB, end 215.14MB, increase: 99.95KB
2025-7-25 11:37:09-debug: 整理部分构建选项内数据到 settings.json start, progress: 10%
2025-7-25 11:37:09-debug: // ---- build task 整理部分构建选项内数据到 settings.json ----
2025-7-25 11:37:09-log: run build task 整理部分构建选项内数据到 settings.json success in √, progress: 12%
2025-7-25 11:37:09-debug: [Build Memory track]: 整理部分构建选项内数据到 settings.json start:215.17MB, end 215.18MB, increase: 15.82KB
2025-7-25 11:37:09-debug: 填充脚本数据到 settings.json start, progress: 12%
2025-7-25 11:37:09-debug: // ---- build task 填充脚本数据到 settings.json ----
2025-7-25 11:37:09-log: run build task 填充脚本数据到 settings.json success in √, progress: 13%
2025-7-25 11:37:09-debug: 整理部分构建选项内数据到 settings.json start, progress: 13%
2025-7-25 11:37:09-debug: // ---- build task 整理部分构建选项内数据到 settings.json ----
2025-7-25 11:37:09-debug: [Build Memory track]: 填充脚本数据到 settings.json start:215.21MB, end 215.22MB, increase: 15.47KB
2025-7-25 11:37:09-debug: // ---- build task 整理部分构建选项内数据到 settings.json ---- (1ms)
2025-7-25 11:37:09-log: run build task 整理部分构建选项内数据到 settings.json success in 1 ms√, progress: 15%
2025-7-25 11:37:09-debug: [Build Memory track]: 整理部分构建选项内数据到 settings.json start:215.25MB, end 215.36MB, increase: 122.10KB
2025-7-25 11:37:20-debug: refresh db internal success
2025-7-25 11:37:20-debug: %cImport%c: /Users/zhao/Desktop/test/cocos-creator/PlaneFight/assets/Scripts/Player.tsbackground: #aaff85; color: #000;color: #000;
2025-7-25 11:37:20-debug: refresh db assets success
2025-7-25 11:37:20-debug: Run asset db hook engine-extends:afterRefresh ...
2025-7-25 11:37:20-debug: Run asset db hook engine-extends:afterRefresh success!
2025-7-25 11:37:20-debug: asset-db:refresh-all-database (20ms)
2025-7-25 11:37:20-debug: asset-db-hook-engine-extends-afterRefresh (1ms)
2025-7-25 11:37:20-debug: asset-db:worker-effect-data-processing (1ms)
2025-7-25 11:37:23-debug: Query all assets info in project
2025-7-25 11:37:23-debug: init custom config: keepNodeUuid: false, useCache: true
2025-7-25 11:37:23-debug: Skip compress image, progress: 0%
2025-7-25 11:37:23-debug: Init all bundles start..., progress: 0%
2025-7-25 11:37:23-debug: Num of bundles: 2..., progress: 0%
2025-7-25 11:37:23-debug: 查询 Asset Bundle start, progress: 0%
2025-7-25 11:37:23-debug: Init bundle root assets start..., progress: 0%
2025-7-25 11:37:23-debug: // ---- build task 查询 Asset Bundle ----
2025-7-25 11:37:23-debug: Query preload assets/scripts from cc.config.json: 60f7195c-ec2a-45eb-ba94-8955f60e81d0,1c02ae6f-4492-4915-b8f8-7492a3b1e4cd,810e96e4-e456-4468-9b59-f4e8f39732c0,efe8e2a3-eace-427b-b4f1-cb8a937ec77d,e9aa9a3e-5b2b-4ac7-a2c7-073de2b2b24f,8bbdbcdd-5cd4-4100-b6d5-b7c9625b6107,50f4348b-c883-4e2f-8f11-ce233b859fa1,fda095cb-831d-4601-ad94-846013963de8,f92806d7-1768-443f-afe8-12bcde84d0f0,dd3a144d-ab7f-41f0-82b8-2e43a090d496,f0416e68-0200-4b77-a926-4f9d16e494da,970b0598-bcb0-4714-91fb-2e81440dccd8,bcd64cc6-2dd9-43f6-abbe-66318d332032,d930590d-bb92-4cc8-8bd1-23cd027f9edf,a3cd009f-0ab0-420d-9278-b9fdab939bbc,6a2d0734-bd9e-4ddf-946e-caa52498cb75,c27215d8-6835-4b68-bfbb-bdeac6100c04,b5d6115f-0370-4d7c-aad3-c194cc71cf98,871c3b6c-7379-419d-bda3-794b239ab90d,ff9b0199-ce04-4cfe-86cc-6c719f08d6e4,de1c2107-70c8-4021-8459-6399f24d01c6,cbf30902-517f-40dc-af90-a550bac27cf1
2025-7-25 11:37:23-debug: Init bundle root assets success..., progress: 0%
2025-7-25 11:37:23-debug:   Number of all scripts: 14
2025-7-25 11:37:23-debug:   Number of other assets: 510
2025-7-25 11:37:23-debug:   Number of all scenes: 1
2025-7-25 11:37:23-debug: // ---- build task 查询 Asset Bundle ---- (1ms)
2025-7-25 11:37:23-debug: // ---- build task 查询 Asset Bundle ----
2025-7-25 11:37:23-debug: [Build Memory track]: 查询 Asset Bundle start:215.77MB, end 215.46MB, increase: -310.39KB
2025-7-25 11:37:23-debug: 查询 Asset Bundle start, progress: 5%
2025-7-25 11:37:23-log: run build task 查询 Asset Bundle success in 1 ms√, progress: 5%
2025-7-25 11:37:23-debug: // ---- build task 查询 Asset Bundle ---- (1ms)
2025-7-25 11:37:23-debug: [Build Memory track]: 查询 Asset Bundle start:215.49MB, end 215.59MB, increase: 106.76KB
2025-7-25 11:37:23-debug: // ---- build task 整理部分构建选项内数据到 settings.json ----
2025-7-25 11:37:23-log: run build task 查询 Asset Bundle success in 1 ms√, progress: 10%
2025-7-25 11:37:23-debug: 整理部分构建选项内数据到 settings.json start, progress: 10%
2025-7-25 11:37:23-log: run build task 整理部分构建选项内数据到 settings.json success in √, progress: 12%
2025-7-25 11:37:23-debug: [Build Memory track]: 整理部分构建选项内数据到 settings.json start:215.62MB, end 215.63MB, increase: 16.64KB
2025-7-25 11:37:23-debug: 填充脚本数据到 settings.json start, progress: 12%
2025-7-25 11:37:23-debug: // ---- build task 填充脚本数据到 settings.json ----
2025-7-25 11:37:23-log: run build task 填充脚本数据到 settings.json success in √, progress: 13%
2025-7-25 11:37:23-debug: [Build Memory track]: 填充脚本数据到 settings.json start:215.66MB, end 215.67MB, increase: 15.20KB
2025-7-25 11:37:23-debug: 整理部分构建选项内数据到 settings.json start, progress: 13%
2025-7-25 11:37:23-debug: // ---- build task 整理部分构建选项内数据到 settings.json ----
2025-7-25 11:37:23-debug: // ---- build task 整理部分构建选项内数据到 settings.json ---- (1ms)
2025-7-25 11:37:23-log: run build task 整理部分构建选项内数据到 settings.json success in 1 ms√, progress: 15%
2025-7-25 11:37:23-debug: [Build Memory track]: 整理部分构建选项内数据到 settings.json start:215.70MB, end 215.82MB, increase: 127.59KB
