2025-7-26 09:54:52-debug: start **** info
2025-7-26 09:54:52-log: Cannot access game frame or container.
2025-7-26 09:54:52-debug: asset-db:require-engine-code (481ms)
2025-7-26 09:54:52-log: [bullet]:bullet wasm lib loaded.
2025-7-26 09:54:52-log: [box2d]:box2d wasm lib loaded.
2025-7-26 09:54:52-log: meshopt wasm decoder initialized
2025-7-26 09:54:52-log: Cocos Creator v3.8.6
2025-7-26 09:54:52-debug: [Assets Memory track]: asset-db-plugin-register: programming start:80.91MB, end 88.61MB, increase: 7.70MB
2025-7-26 09:54:54-debug: [Assets Memory track]: asset-db-plugin-register: builder start:88.64MB, end 224.62MB, increase: 135.98MB
2025-7-26 09:54:54-debug: [Assets Memory track]: asset-db-plugin-register: engine-extends start:224.82MB, end 227.72MB, increase: 2.90MB
2025-7-26 09:54:54-debug: [Assets Memory track]: asset-db-plugin-register: project start:80.78MB, end 227.88MB, increase: 147.10MB
2025-7-26 09:54:54-debug: [Assets Memory track]: asset-db:worker-init: initPlugin start:80.09MB, end 228.33MB, increase: 148.24MB
2025-7-26 09:54:52-log: Forward render pipeline initialized.
2025-7-26 09:54:52-debug: [Assets Memory track]: asset-db:worker-init: initEngine start:29.60MB, end 80.07MB, increase: 50.47MB
2025-7-26 09:54:52-log: Using legacy pipeline
2025-7-26 09:54:54-debug: run package(oppo-mini-game) handler(enable) start
2025-7-26 09:54:54-debug: run package(oppo-mini-game) handler(enable) success!
2025-7-26 09:54:54-debug: run package(runtime-dev-tools) handler(enable) success!
2025-7-26 09:54:54-debug: run package(taobao-mini-game) handler(enable) start
2025-7-26 09:54:54-debug: run package(taobao-mini-game) handler(enable) success!
2025-7-26 09:54:54-debug: run package(vivo-mini-game) handler(enable) success!
2025-7-26 09:54:54-debug: run package(web-desktop) handler(enable) start
2025-7-26 09:54:54-debug: run package(web-desktop) handler(enable) success!
2025-7-26 09:54:54-debug: run package(web-mobile) handler(enable) success!
2025-7-26 09:54:54-debug: run package(wechatgame) handler(enable) start
2025-7-26 09:54:54-debug: run package(wechatgame) handler(enable) success!
2025-7-26 09:54:54-debug: run package(wechatprogram) handler(enable) start
2025-7-26 09:54:54-debug: run package(wechatprogram) handler(enable) success!
2025-7-26 09:54:54-debug: run package(windows) handler(enable) start
2025-7-26 09:54:54-debug: run package(vivo-mini-game) handler(enable) start
2025-7-26 09:54:54-debug: run package(xiaomi-quick-game) handler(enable) start
2025-7-26 09:54:54-debug: run package(xiaomi-quick-game) handler(enable) success!
2025-7-26 09:54:54-debug: run package(cocos-service) handler(enable) start
2025-7-26 09:54:54-debug: run package(cocos-service) handler(enable) success!
2025-7-26 09:54:54-debug: run package(runtime-dev-tools) handler(enable) start
2025-7-26 09:54:54-debug: run package(windows) handler(enable) success!
2025-7-26 09:54:54-debug: run package(im-plugin) handler(enable) start
2025-7-26 09:54:54-debug: run package(fix-asset-default-userdata) handler(enable) success!
2025-7-26 09:54:54-debug: run package(fix-asset-default-userdata) handler(enable) start
2025-7-26 09:54:54-debug: run package(placeholder) handler(enable) success!
2025-7-26 09:54:54-debug: run package(web-mobile) handler(enable) start
2025-7-26 09:54:54-debug: run package(im-plugin) handler(enable) success!
2025-7-26 09:54:54-debug: run package(placeholder) handler(enable) start
2025-7-26 09:54:54-debug: asset-db:worker-init: initPlugin (1207ms)
2025-7-26 09:54:54-debug: [Assets Memory track]: asset-db:worker-init start:29.59MB, end 228.93MB, increase: 199.34MB
2025-7-26 09:54:54-debug: Run asset db hook programming:beforePreStart ...
2025-7-26 09:54:54-debug: Run asset db hook programming:beforePreStart success!
2025-7-26 09:54:54-debug: Run asset db hook engine-extends:beforePreStart ...
2025-7-26 09:54:54-debug: Run asset db hook engine-extends:beforePreStart success!
2025-7-26 09:54:54-debug: asset-db:worker-init (1788ms)
2025-7-26 09:54:54-debug: asset-db-hook-programming-beforePreStart (55ms)
2025-7-26 09:54:54-debug: asset-db-hook-engine-extends-beforePreStart (54ms)
2025-7-26 09:54:54-debug: Preimport db internal success
2025-7-26 09:54:54-debug: %cImport%c: /Users/zhao/Desktop/test/cocos-creator/PlaneFight/assets/Scripts/Player.tsbackground: #aaff85; color: #000;color: #000;
2025-7-26 09:54:54-debug: Preimport db assets success
2025-7-26 09:54:54-debug: Run asset db hook programming:afterPreStart ...
2025-7-26 09:54:54-debug: starting packer-driver...
2025-7-26 09:54:54-debug: initialize scripting environment...
2025-7-26 09:54:54-debug: [[Executor]] prepare before lock
2025-7-26 09:54:54-debug: Set detail map pack:///resolution-detail-map.json: {}
2025-7-26 09:54:54-debug: [[Executor]] prepare after unlock
2025-7-26 09:54:54-debug: Start up the 'internal' database...
2025-7-26 09:54:54-debug: Run asset db hook engine-extends:afterPreStart ...
2025-7-26 09:54:54-debug: Run asset db hook engine-extends:afterPreStart success!
2025-7-26 09:54:54-debug: Run asset db hook programming:afterPreStart success!
2025-7-26 09:54:54-debug: asset-db-hook-programming-afterPreStart (297ms)
2025-7-26 09:54:54-debug: asset-db:worker-effect-data-processing (155ms)
2025-7-26 09:54:54-debug: asset-db-hook-engine-extends-afterPreStart (155ms)
2025-7-26 09:54:54-debug: [Assets Memory track]: asset-db:worker-startup-database[internal] start:229.01MB, end 243.01MB, increase: 14.00MB
2025-7-26 09:54:54-debug: Start up the 'assets' database...
2025-7-26 09:54:54-debug: asset-db:worker-startup-database[internal] (437ms)
2025-7-26 09:54:54-debug: [Assets Memory track]: asset-db:worker-startup-database[assets] start:231.74MB, end 244.60MB, increase: 12.86MB
2025-7-26 09:54:54-debug: lazy register asset handler text
2025-7-26 09:54:54-debug: lazy register asset handler json
2025-7-26 09:54:54-debug: lazy register asset handler spine-data
2025-7-26 09:54:54-debug: lazy register asset handler dragonbones
2025-7-26 09:54:54-debug: lazy register asset handler dragonbones-atlas
2025-7-26 09:54:54-debug: lazy register asset handler terrain
2025-7-26 09:54:54-debug: lazy register asset handler javascript
2025-7-26 09:54:54-debug: lazy register asset handler typescript
2025-7-26 09:54:54-debug: lazy register asset handler scene
2025-7-26 09:54:54-debug: lazy register asset handler prefab
2025-7-26 09:54:54-debug: lazy register asset handler tiled-map
2025-7-26 09:54:54-debug: lazy register asset handler sprite-frame
2025-7-26 09:54:54-debug: lazy register asset handler buffer
2025-7-26 09:54:54-debug: lazy register asset handler sign-image
2025-7-26 09:54:54-debug: lazy register asset handler image
2025-7-26 09:54:54-debug: lazy register asset handler alpha-image
2025-7-26 09:54:54-debug: lazy register asset handler texture
2025-7-26 09:54:54-debug: lazy register asset handler texture-cube
2025-7-26 09:54:54-debug: lazy register asset handler erp-texture-cube
2025-7-26 09:54:54-debug: lazy register asset handler render-texture
2025-7-26 09:54:54-debug: lazy register asset handler texture-cube-face
2025-7-26 09:54:54-debug: lazy register asset handler rt-sprite-frame
2025-7-26 09:54:54-debug: lazy register asset handler gltf
2025-7-26 09:54:54-debug: lazy register asset handler gltf-mesh
2025-7-26 09:54:54-debug: lazy register asset handler gltf-animation
2025-7-26 09:54:54-debug: lazy register asset handler gltf-skeleton
2025-7-26 09:54:54-debug: lazy register asset handler gltf-material
2025-7-26 09:54:54-debug: lazy register asset handler *
2025-7-26 09:54:54-debug: lazy register asset handler gltf-scene
2025-7-26 09:54:54-debug: lazy register asset handler fbx
2025-7-26 09:54:54-debug: lazy register asset handler material
2025-7-26 09:54:54-debug: lazy register asset handler physics-material
2025-7-26 09:54:54-debug: lazy register asset handler effect
2025-7-26 09:54:54-debug: lazy register asset handler effect-header
2025-7-26 09:54:54-debug: lazy register asset handler audio-clip
2025-7-26 09:54:54-debug: lazy register asset handler animation-clip
2025-7-26 09:54:54-debug: lazy register asset handler gltf-embeded-image
2025-7-26 09:54:54-debug: lazy register asset handler animation-graph-variant
2025-7-26 09:54:54-debug: lazy register asset handler animation-mask
2025-7-26 09:54:54-debug: lazy register asset handler ttf-font
2025-7-26 09:54:54-debug: lazy register asset handler bitmap-font
2025-7-26 09:54:54-debug: lazy register asset handler particle
2025-7-26 09:54:54-debug: lazy register asset handler sprite-atlas
2025-7-26 09:54:54-debug: lazy register asset handler auto-atlas
2025-7-26 09:54:54-debug: lazy register asset handler label-atlas
2025-7-26 09:54:54-debug: lazy register asset handler render-pipeline
2025-7-26 09:54:54-debug: lazy register asset handler render-stage
2025-7-26 09:54:54-debug: lazy register asset handler render-flow
2025-7-26 09:54:54-debug: lazy register asset handler instantiation-material
2025-7-26 09:54:54-debug: lazy register asset handler instantiation-mesh
2025-7-26 09:54:54-debug: lazy register asset handler instantiation-skeleton
2025-7-26 09:54:54-debug: lazy register asset handler instantiation-animation
2025-7-26 09:54:54-debug: lazy register asset handler video-clip
2025-7-26 09:54:54-debug: [Assets Memory track]: asset-db:worker-init: startup start:227.68MB, end 244.62MB, increase: 16.94MB
2025-7-26 09:54:54-debug: lazy register asset handler directory
2025-7-26 09:54:54-debug: lazy register asset handler animation-graph
2025-7-26 09:54:54-debug: asset-db:worker-startup-database[assets] (391ms)
2025-7-26 09:54:54-debug: asset-db:start-database (469ms)
2025-7-26 09:54:54-debug: asset-db:ready (3591ms)
2025-7-26 09:54:54-debug: fix the bug of updateDefaultUserData
2025-7-26 09:54:54-debug: init worker message success
2025-7-26 09:54:54-debug: programming:execute-script (1ms)
2025-7-26 09:54:54-debug: [Build Memory track]: builder:worker-init start:242.50MB, end 254.96MB, increase: 12.46MB
2025-7-26 09:54:54-debug: builder:worker-init (207ms)
2025-7-26 09:54:57-debug: refresh db internal success
2025-7-26 09:54:57-debug: refresh db assets success
2025-7-26 09:54:57-debug: Run asset db hook engine-extends:afterRefresh ...
2025-7-26 09:54:57-debug: Run asset db hook engine-extends:afterRefresh success!
2025-7-26 09:54:57-debug: asset-db:refresh-all-database (28ms)
2025-7-26 09:54:57-debug: asset-db:worker-effect-data-processing (1ms)
2025-7-26 09:54:57-debug: asset-db-hook-engine-extends-afterRefresh (1ms)
2025-7-26 09:55:26-debug: refresh db internal success
2025-7-26 09:55:26-debug: refresh db assets success
2025-7-26 09:55:26-debug: Run asset db hook engine-extends:afterRefresh ...
2025-7-26 09:55:26-debug: Run asset db hook engine-extends:afterRefresh success!
2025-7-26 09:55:26-debug: asset-db:refresh-all-database (39ms)
2025-7-26 09:55:31-debug: Query all assets info in project
2025-7-26 09:55:31-debug: init custom config: keepNodeUuid: false, useCache: true
2025-7-26 09:55:31-debug: Skip compress image, progress: 0%
2025-7-26 09:55:31-debug: Init all bundles start..., progress: 0%
2025-7-26 09:55:31-debug: 查询 Asset Bundle start, progress: 0%
2025-7-26 09:55:31-debug: Num of bundles: 2..., progress: 0%
2025-7-26 09:55:31-debug: // ---- build task 查询 Asset Bundle ----
2025-7-26 09:55:31-debug: Init bundle root assets start..., progress: 0%
2025-7-26 09:55:31-debug: Query preload assets/scripts from cc.config.json: 60f7195c-ec2a-45eb-ba94-8955f60e81d0,1c02ae6f-4492-4915-b8f8-7492a3b1e4cd,810e96e4-e456-4468-9b59-f4e8f39732c0,efe8e2a3-eace-427b-b4f1-cb8a937ec77d,e9aa9a3e-5b2b-4ac7-a2c7-073de2b2b24f,8bbdbcdd-5cd4-4100-b6d5-b7c9625b6107,50f4348b-c883-4e2f-8f11-ce233b859fa1,fda095cb-831d-4601-ad94-846013963de8,f92806d7-1768-443f-afe8-12bcde84d0f0,dd3a144d-ab7f-41f0-82b8-2e43a090d496,f0416e68-0200-4b77-a926-4f9d16e494da,970b0598-bcb0-4714-91fb-2e81440dccd8,bcd64cc6-2dd9-43f6-abbe-66318d332032,d930590d-bb92-4cc8-8bd1-23cd027f9edf,a3cd009f-0ab0-420d-9278-b9fdab939bbc,6a2d0734-bd9e-4ddf-946e-caa52498cb75,c27215d8-6835-4b68-bfbb-bdeac6100c04,b5d6115f-0370-4d7c-aad3-c194cc71cf98,871c3b6c-7379-419d-bda3-794b239ab90d,ff9b0199-ce04-4cfe-86cc-6c719f08d6e4,de1c2107-70c8-4021-8459-6399f24d01c6,cbf30902-517f-40dc-af90-a550bac27cf1
2025-7-26 09:55:31-debug: Init bundle root assets success..., progress: 0%
2025-7-26 09:55:31-debug:   Number of all scripts: 14
2025-7-26 09:55:31-debug:   Number of other assets: 510
2025-7-26 09:55:31-debug:   Number of all scenes: 1
2025-7-26 09:55:31-debug: // ---- build task 查询 Asset Bundle ---- (2ms)
2025-7-26 09:55:31-log: run build task 查询 Asset Bundle success in 2 ms√, progress: 5%
2025-7-26 09:55:31-debug: 查询 Asset Bundle start, progress: 5%
2025-7-26 09:55:31-debug: // ---- build task 查询 Asset Bundle ----
2025-7-26 09:55:31-debug: [Build Memory track]: 查询 Asset Bundle start:198.04MB, end 198.76MB, increase: 740.17KB
2025-7-26 09:55:31-debug: // ---- build task 查询 Asset Bundle ---- (1ms)
2025-7-26 09:55:31-log: run build task 查询 Asset Bundle success in 1 ms√, progress: 10%
2025-7-26 09:55:31-debug: [Build Memory track]: 查询 Asset Bundle start:198.79MB, end 197.42MB, increase: -1408.55KB
2025-7-26 09:55:31-debug: 整理部分构建选项内数据到 settings.json start, progress: 10%
2025-7-26 09:55:31-debug: // ---- build task 整理部分构建选项内数据到 settings.json ----
2025-7-26 09:55:31-log: run build task 整理部分构建选项内数据到 settings.json success in √, progress: 12%
2025-7-26 09:55:31-debug: [Build Memory track]: 整理部分构建选项内数据到 settings.json start:197.59MB, end 197.47MB, increase: -122.93KB
2025-7-26 09:55:31-debug: 填充脚本数据到 settings.json start, progress: 12%
2025-7-26 09:55:31-debug: // ---- build task 填充脚本数据到 settings.json ----
2025-7-26 09:55:31-debug: // ---- build task 填充脚本数据到 settings.json ---- (1ms)
2025-7-26 09:55:31-log: run build task 填充脚本数据到 settings.json success in 1 ms√, progress: 13%
2025-7-26 09:55:31-debug: 整理部分构建选项内数据到 settings.json start, progress: 13%
2025-7-26 09:55:31-debug: // ---- build task 整理部分构建选项内数据到 settings.json ----
2025-7-26 09:55:31-debug: [Build Memory track]: 填充脚本数据到 settings.json start:197.51MB, end 197.55MB, increase: 41.40KB
2025-7-26 09:55:31-debug: // ---- build task 整理部分构建选项内数据到 settings.json ---- (1ms)
2025-7-26 09:55:31-log: run build task 整理部分构建选项内数据到 settings.json success in 1 ms√, progress: 15%
2025-7-26 09:55:31-debug: [Build Memory track]: 整理部分构建选项内数据到 settings.json start:197.58MB, end 197.72MB, increase: 144.49KB
2025-7-26 09:55:31-debug: Query all assets info in project
2025-7-26 09:55:31-debug: Query all assets info in project
2025-7-26 09:55:31-debug: init custom config: keepNodeUuid: false, useCache: true
2025-7-26 09:55:31-debug: init custom config: keepNodeUuid: false, useCache: true
2025-7-26 09:55:31-debug: Skip compress image, progress: 0%
2025-7-26 09:55:31-debug: Skip compress image, progress: 0%
2025-7-26 09:55:31-debug: Init all bundles start..., progress: 0%
2025-7-26 09:55:31-debug: Num of bundles: 2..., progress: 0%
2025-7-26 09:55:31-debug: 查询 Asset Bundle start, progress: 0%
2025-7-26 09:55:31-debug: Init bundle root assets start..., progress: 0%
2025-7-26 09:55:31-debug: // ---- build task 查询 Asset Bundle ----
2025-7-26 09:55:31-debug: Init all bundles start..., progress: 0%
2025-7-26 09:55:31-debug: 查询 Asset Bundle start, progress: 0%
2025-7-26 09:55:31-debug: Num of bundles: 2..., progress: 0%
2025-7-26 09:55:31-debug: // ---- build task 查询 Asset Bundle ----
2025-7-26 09:55:31-debug: Init bundle root assets start..., progress: 0%
2025-7-26 09:55:31-debug: Query preload assets/scripts from cc.config.json: 60f7195c-ec2a-45eb-ba94-8955f60e81d0,1c02ae6f-4492-4915-b8f8-7492a3b1e4cd,810e96e4-e456-4468-9b59-f4e8f39732c0,efe8e2a3-eace-427b-b4f1-cb8a937ec77d,e9aa9a3e-5b2b-4ac7-a2c7-073de2b2b24f,8bbdbcdd-5cd4-4100-b6d5-b7c9625b6107,50f4348b-c883-4e2f-8f11-ce233b859fa1,fda095cb-831d-4601-ad94-846013963de8,f92806d7-1768-443f-afe8-12bcde84d0f0,dd3a144d-ab7f-41f0-82b8-2e43a090d496,f0416e68-0200-4b77-a926-4f9d16e494da,970b0598-bcb0-4714-91fb-2e81440dccd8,bcd64cc6-2dd9-43f6-abbe-66318d332032,d930590d-bb92-4cc8-8bd1-23cd027f9edf,a3cd009f-0ab0-420d-9278-b9fdab939bbc,6a2d0734-bd9e-4ddf-946e-caa52498cb75,c27215d8-6835-4b68-bfbb-bdeac6100c04,b5d6115f-0370-4d7c-aad3-c194cc71cf98,871c3b6c-7379-419d-bda3-794b239ab90d,ff9b0199-ce04-4cfe-86cc-6c719f08d6e4,de1c2107-70c8-4021-8459-6399f24d01c6,cbf30902-517f-40dc-af90-a550bac27cf1
2025-7-26 09:55:31-debug: Init bundle root assets success..., progress: 0%
2025-7-26 09:55:31-debug:   Number of all scenes: 1
2025-7-26 09:55:31-debug:   Number of other assets: 510
2025-7-26 09:55:31-debug:   Number of all scripts: 14
2025-7-26 09:55:31-debug: // ---- build task 查询 Asset Bundle ---- (2ms)
2025-7-26 09:55:31-log: run build task 查询 Asset Bundle success in 2 ms√, progress: 5%
2025-7-26 09:55:31-debug: [Build Memory track]: 查询 Asset Bundle start:199.01MB, end 197.61MB, increase: -1431.70KB
2025-7-26 09:55:31-debug: // ---- build task 查询 Asset Bundle ----
2025-7-26 09:55:31-debug: 查询 Asset Bundle start, progress: 5%
2025-7-26 09:55:31-debug: Query preload assets/scripts from cc.config.json: 60f7195c-ec2a-45eb-ba94-8955f60e81d0,1c02ae6f-4492-4915-b8f8-7492a3b1e4cd,810e96e4-e456-4468-9b59-f4e8f39732c0,efe8e2a3-eace-427b-b4f1-cb8a937ec77d,e9aa9a3e-5b2b-4ac7-a2c7-073de2b2b24f,8bbdbcdd-5cd4-4100-b6d5-b7c9625b6107,50f4348b-c883-4e2f-8f11-ce233b859fa1,fda095cb-831d-4601-ad94-846013963de8,f92806d7-1768-443f-afe8-12bcde84d0f0,dd3a144d-ab7f-41f0-82b8-2e43a090d496,f0416e68-0200-4b77-a926-4f9d16e494da,970b0598-bcb0-4714-91fb-2e81440dccd8,bcd64cc6-2dd9-43f6-abbe-66318d332032,d930590d-bb92-4cc8-8bd1-23cd027f9edf,a3cd009f-0ab0-420d-9278-b9fdab939bbc,6a2d0734-bd9e-4ddf-946e-caa52498cb75,c27215d8-6835-4b68-bfbb-bdeac6100c04,b5d6115f-0370-4d7c-aad3-c194cc71cf98,871c3b6c-7379-419d-bda3-794b239ab90d,ff9b0199-ce04-4cfe-86cc-6c719f08d6e4,de1c2107-70c8-4021-8459-6399f24d01c6,cbf30902-517f-40dc-af90-a550bac27cf1
2025-7-26 09:55:31-debug:   Number of all scenes: 1
2025-7-26 09:55:31-debug:   Number of all scripts: 14
2025-7-26 09:55:31-debug:   Number of other assets: 510
2025-7-26 09:55:31-debug: Init bundle root assets success..., progress: 0%
2025-7-26 09:55:31-debug: // ---- build task 查询 Asset Bundle ---- (1ms)
2025-7-26 09:55:31-log: run build task 查询 Asset Bundle success in 1 ms√, progress: 5%
2025-7-26 09:55:31-debug: 查询 Asset Bundle start, progress: 5%
2025-7-26 09:55:31-debug: // ---- build task 查询 Asset Bundle ----
2025-7-26 09:55:31-debug: [Build Memory track]: 查询 Asset Bundle start:197.64MB, end 199.49MB, increase: 1.84MB
2025-7-26 09:55:31-debug: // ---- build task 查询 Asset Bundle ---- (1ms)
2025-7-26 09:55:31-log: run build task 查询 Asset Bundle success in 1 ms√, progress: 10%
2025-7-26 09:55:31-debug: [Build Memory track]: 查询 Asset Bundle start:198.80MB, end 198.57MB, increase: -241.31KB
2025-7-26 09:55:31-debug: 整理部分构建选项内数据到 settings.json start, progress: 10%
2025-7-26 09:55:31-debug: // ---- build task 整理部分构建选项内数据到 settings.json ----
2025-7-26 09:55:31-log: run build task 查询 Asset Bundle success in √, progress: 10%
2025-7-26 09:55:31-debug: 整理部分构建选项内数据到 settings.json start, progress: 10%
2025-7-26 09:55:31-debug: // ---- build task 整理部分构建选项内数据到 settings.json ----
2025-7-26 09:55:31-log: run build task 整理部分构建选项内数据到 settings.json success in √, progress: 12%
2025-7-26 09:55:31-debug: 填充脚本数据到 settings.json start, progress: 12%
2025-7-26 09:55:31-debug: // ---- build task 填充脚本数据到 settings.json ----
2025-7-26 09:55:31-debug: [Build Memory track]: 整理部分构建选项内数据到 settings.json start:198.65MB, end 198.66MB, increase: 16.59KB
2025-7-26 09:55:31-log: run build task 整理部分构建选项内数据到 settings.json success in √, progress: 12%
2025-7-26 09:55:31-debug: 填充脚本数据到 settings.json start, progress: 12%
2025-7-26 09:55:31-debug: // ---- build task 填充脚本数据到 settings.json ----
2025-7-26 09:55:31-log: run build task 填充脚本数据到 settings.json success in √, progress: 13%
2025-7-26 09:55:31-debug: 整理部分构建选项内数据到 settings.json start, progress: 13%
2025-7-26 09:55:31-debug: // ---- build task 整理部分构建选项内数据到 settings.json ----
2025-7-26 09:55:31-debug: [Build Memory track]: 填充脚本数据到 settings.json start:198.73MB, end 198.75MB, increase: 17.72KB
2025-7-26 09:55:31-log: run build task 填充脚本数据到 settings.json success in √, progress: 13%
2025-7-26 09:55:31-debug: 整理部分构建选项内数据到 settings.json start, progress: 13%
2025-7-26 09:55:31-debug: // ---- build task 整理部分构建选项内数据到 settings.json ----
2025-7-26 09:55:31-debug: // ---- build task 整理部分构建选项内数据到 settings.json ---- (1ms)
2025-7-26 09:55:31-debug: [Build Memory track]: 整理部分构建选项内数据到 settings.json start:198.82MB, end 199.05MB, increase: 239.19KB
2025-7-26 09:55:31-log: run build task 整理部分构建选项内数据到 settings.json success in 1 ms√, progress: 15%
2025-7-26 09:55:31-log: run build task 整理部分构建选项内数据到 settings.json success in √, progress: 15%
2025-7-26 09:56:17-warn: 为更好地打开脚本，请在 {preferences} -> {program} -> {scriptEditor} 里配置打开脚本的应用程序
2025-7-26 09:56:25-debug: refresh db internal success
2025-7-26 09:56:25-debug: refresh db assets success
2025-7-26 09:56:25-debug: Run asset db hook engine-extends:afterRefresh ...
2025-7-26 09:56:25-debug: Run asset db hook engine-extends:afterRefresh success!
2025-7-26 09:56:25-debug: asset-db:refresh-all-database (34ms)
2025-7-26 09:56:25-debug: asset-db:worker-effect-data-processing (1ms)
2025-7-26 09:56:25-debug: asset-db-hook-engine-extends-afterRefresh (1ms)
2025-7-26 09:56:50-debug: refresh db internal success
2025-7-26 09:56:50-debug: %cImport%c: /Users/zhao/Desktop/test/cocos-creator/PlaneFight/assets/Scripts/Player.tsbackground: #aaff85; color: #000;color: #000;
2025-7-26 09:56:50-debug: refresh db assets success
2025-7-26 09:56:50-debug: Run asset db hook engine-extends:afterRefresh ...
2025-7-26 09:56:50-debug: Run asset db hook engine-extends:afterRefresh success!
2025-7-26 09:56:50-debug: asset-db:refresh-all-database (36ms)
2025-7-26 09:56:50-debug: asset-db:worker-effect-data-processing (1ms)
2025-7-26 09:56:50-debug: asset-db-hook-engine-extends-afterRefresh (1ms)
2025-7-26 09:56:52-debug: %cImport%c: /Users/zhao/Desktop/test/cocos-creator/PlaneFight/assets/Scenes/Start.scenebackground: #aaff85; color: #000;color: #000;
2025-7-26 09:56:52-debug: asset-db:reimport-asset2fda4d65-a1e9-4078-8250-de49b04cdc34 (5ms)
2025-7-26 09:56:54-debug: Query all assets info in project
2025-7-26 09:56:54-debug: init custom config: keepNodeUuid: false, useCache: true
2025-7-26 09:56:54-debug: Skip compress image, progress: 0%
2025-7-26 09:56:54-debug: Init all bundles start..., progress: 0%
2025-7-26 09:56:54-debug: // ---- build task 查询 Asset Bundle ----
2025-7-26 09:56:54-debug: 查询 Asset Bundle start, progress: 0%
2025-7-26 09:56:54-debug: Init bundle root assets start..., progress: 0%
2025-7-26 09:56:54-debug: Num of bundles: 2..., progress: 0%
2025-7-26 09:56:54-debug: Query preload assets/scripts from cc.config.json: 60f7195c-ec2a-45eb-ba94-8955f60e81d0,1c02ae6f-4492-4915-b8f8-7492a3b1e4cd,810e96e4-e456-4468-9b59-f4e8f39732c0,efe8e2a3-eace-427b-b4f1-cb8a937ec77d,e9aa9a3e-5b2b-4ac7-a2c7-073de2b2b24f,8bbdbcdd-5cd4-4100-b6d5-b7c9625b6107,50f4348b-c883-4e2f-8f11-ce233b859fa1,fda095cb-831d-4601-ad94-846013963de8,f92806d7-1768-443f-afe8-12bcde84d0f0,dd3a144d-ab7f-41f0-82b8-2e43a090d496,f0416e68-0200-4b77-a926-4f9d16e494da,970b0598-bcb0-4714-91fb-2e81440dccd8,bcd64cc6-2dd9-43f6-abbe-66318d332032,d930590d-bb92-4cc8-8bd1-23cd027f9edf,a3cd009f-0ab0-420d-9278-b9fdab939bbc,6a2d0734-bd9e-4ddf-946e-caa52498cb75,c27215d8-6835-4b68-bfbb-bdeac6100c04,b5d6115f-0370-4d7c-aad3-c194cc71cf98,871c3b6c-7379-419d-bda3-794b239ab90d,ff9b0199-ce04-4cfe-86cc-6c719f08d6e4,de1c2107-70c8-4021-8459-6399f24d01c6,cbf30902-517f-40dc-af90-a550bac27cf1
2025-7-26 09:56:54-debug: Init bundle root assets success..., progress: 0%
2025-7-26 09:56:54-debug:   Number of all scripts: 14
2025-7-26 09:56:54-debug:   Number of other assets: 510
2025-7-26 09:56:54-debug:   Number of all scenes: 1
2025-7-26 09:56:54-debug: // ---- build task 查询 Asset Bundle ---- (1ms)
2025-7-26 09:56:54-debug: [Build Memory track]: 查询 Asset Bundle start:200.20MB, end 200.84MB, increase: 656.54KB
2025-7-26 09:56:54-debug: 查询 Asset Bundle start, progress: 5%
2025-7-26 09:56:54-debug: // ---- build task 查询 Asset Bundle ----
2025-7-26 09:56:54-log: run build task 查询 Asset Bundle success in 1 ms√, progress: 5%
2025-7-26 09:56:54-debug: // ---- build task 查询 Asset Bundle ---- (1ms)
2025-7-26 09:56:54-log: run build task 查询 Asset Bundle success in 1 ms√, progress: 10%
2025-7-26 09:56:54-debug: [Build Memory track]: 查询 Asset Bundle start:200.88MB, end 200.25MB, increase: -637.31KB
2025-7-26 09:56:54-debug: // ---- build task 整理部分构建选项内数据到 settings.json ----
2025-7-26 09:56:54-debug: 整理部分构建选项内数据到 settings.json start, progress: 10%
2025-7-26 09:56:54-log: run build task 整理部分构建选项内数据到 settings.json success in √, progress: 12%
2025-7-26 09:56:54-debug: [Build Memory track]: 整理部分构建选项内数据到 settings.json start:200.29MB, end 200.30MB, increase: 17.71KB
2025-7-26 09:56:54-debug: 填充脚本数据到 settings.json start, progress: 12%
2025-7-26 09:56:54-debug: // ---- build task 填充脚本数据到 settings.json ----
2025-7-26 09:56:54-log: run build task 填充脚本数据到 settings.json success in √, progress: 13%
2025-7-26 09:56:54-debug: [Build Memory track]: 填充脚本数据到 settings.json start:200.33MB, end 200.35MB, increase: 18.36KB
2025-7-26 09:56:54-debug: // ---- build task 整理部分构建选项内数据到 settings.json ----
2025-7-26 09:56:54-debug: 整理部分构建选项内数据到 settings.json start, progress: 13%
2025-7-26 09:56:54-log: run build task 整理部分构建选项内数据到 settings.json success in √, progress: 15%
2025-7-26 09:56:54-debug: [Build Memory track]: 整理部分构建选项内数据到 settings.json start:200.38MB, end 200.50MB, increase: 121.24KB
2025-7-26 09:57:21-debug: refresh db internal success
2025-7-26 09:57:21-debug: %cImport%c: /Users/zhao/Desktop/test/cocos-creator/PlaneFight/assets/Scripts/Player.tsbackground: #aaff85; color: #000;color: #000;
2025-7-26 09:57:21-debug: refresh db assets success
2025-7-26 09:57:21-debug: Run asset db hook engine-extends:afterRefresh ...
2025-7-26 09:57:21-debug: Run asset db hook engine-extends:afterRefresh success!
2025-7-26 09:57:21-debug: asset-db:refresh-all-database (23ms)
2025-7-26 09:57:21-debug: asset-db:worker-effect-data-processing (1ms)
2025-7-26 09:57:21-debug: asset-db-hook-engine-extends-afterRefresh (1ms)
2025-7-26 09:57:22-debug: %cImport%c: /Users/zhao/Desktop/test/cocos-creator/PlaneFight/assets/Scenes/Start.scenebackground: #aaff85; color: #000;color: #000;
2025-7-26 09:57:22-debug: asset-db:reimport-asset2fda4d65-a1e9-4078-8250-de49b04cdc34 (4ms)
2025-7-26 09:57:25-debug: Query all assets info in project
2025-7-26 09:57:25-debug: init custom config: keepNodeUuid: false, useCache: true
2025-7-26 09:57:25-debug: Skip compress image, progress: 0%
2025-7-26 09:57:25-debug: Init all bundles start..., progress: 0%
2025-7-26 09:57:25-debug: 查询 Asset Bundle start, progress: 0%
2025-7-26 09:57:25-debug: // ---- build task 查询 Asset Bundle ----
2025-7-26 09:57:25-debug: Init bundle root assets start..., progress: 0%
2025-7-26 09:57:25-debug: Num of bundles: 2..., progress: 0%
2025-7-26 09:57:25-debug: Query preload assets/scripts from cc.config.json: 60f7195c-ec2a-45eb-ba94-8955f60e81d0,1c02ae6f-4492-4915-b8f8-7492a3b1e4cd,810e96e4-e456-4468-9b59-f4e8f39732c0,efe8e2a3-eace-427b-b4f1-cb8a937ec77d,e9aa9a3e-5b2b-4ac7-a2c7-073de2b2b24f,8bbdbcdd-5cd4-4100-b6d5-b7c9625b6107,50f4348b-c883-4e2f-8f11-ce233b859fa1,fda095cb-831d-4601-ad94-846013963de8,f92806d7-1768-443f-afe8-12bcde84d0f0,dd3a144d-ab7f-41f0-82b8-2e43a090d496,f0416e68-0200-4b77-a926-4f9d16e494da,970b0598-bcb0-4714-91fb-2e81440dccd8,bcd64cc6-2dd9-43f6-abbe-66318d332032,d930590d-bb92-4cc8-8bd1-23cd027f9edf,a3cd009f-0ab0-420d-9278-b9fdab939bbc,6a2d0734-bd9e-4ddf-946e-caa52498cb75,c27215d8-6835-4b68-bfbb-bdeac6100c04,b5d6115f-0370-4d7c-aad3-c194cc71cf98,871c3b6c-7379-419d-bda3-794b239ab90d,ff9b0199-ce04-4cfe-86cc-6c719f08d6e4,de1c2107-70c8-4021-8459-6399f24d01c6,cbf30902-517f-40dc-af90-a550bac27cf1
2025-7-26 09:57:25-debug:   Number of other assets: 510
2025-7-26 09:57:25-debug:   Number of all scenes: 1
2025-7-26 09:57:25-debug:   Number of all scripts: 14
2025-7-26 09:57:25-debug: Init bundle root assets success..., progress: 0%
2025-7-26 09:57:25-debug: // ---- build task 查询 Asset Bundle ---- (1ms)
2025-7-26 09:57:25-log: run build task 查询 Asset Bundle success in 1 ms√, progress: 5%
2025-7-26 09:57:25-debug: [Build Memory track]: 查询 Asset Bundle start:202.01MB, end 201.78MB, increase: -230.45KB
2025-7-26 09:57:25-debug: 查询 Asset Bundle start, progress: 5%
2025-7-26 09:57:25-debug: // ---- build task 查询 Asset Bundle ----
2025-7-26 09:57:25-debug: // ---- build task 查询 Asset Bundle ---- (1ms)
2025-7-26 09:57:25-log: run build task 查询 Asset Bundle success in 1 ms√, progress: 10%
2025-7-26 09:57:25-debug: // ---- build task 整理部分构建选项内数据到 settings.json ----
2025-7-26 09:57:25-debug: [Build Memory track]: 查询 Asset Bundle start:201.81MB, end 201.92MB, increase: 112.00KB
2025-7-26 09:57:25-debug: 整理部分构建选项内数据到 settings.json start, progress: 10%
2025-7-26 09:57:25-log: run build task 整理部分构建选项内数据到 settings.json success in √, progress: 12%
2025-7-26 09:57:25-debug: 填充脚本数据到 settings.json start, progress: 12%
2025-7-26 09:57:25-debug: [Build Memory track]: 整理部分构建选项内数据到 settings.json start:201.95MB, end 201.98MB, increase: 26.55KB
2025-7-26 09:57:25-debug: // ---- build task 填充脚本数据到 settings.json ----
2025-7-26 09:57:25-log: run build task 填充脚本数据到 settings.json success in √, progress: 13%
2025-7-26 09:57:25-debug: // ---- build task 整理部分构建选项内数据到 settings.json ----
2025-7-26 09:57:25-debug: 整理部分构建选项内数据到 settings.json start, progress: 13%
2025-7-26 09:57:25-debug: [Build Memory track]: 填充脚本数据到 settings.json start:202.02MB, end 202.03MB, increase: 18.76KB
2025-7-26 09:57:25-debug: // ---- build task 整理部分构建选项内数据到 settings.json ---- (1ms)
2025-7-26 09:57:25-log: run build task 整理部分构建选项内数据到 settings.json success in 1 ms√, progress: 15%
2025-7-26 09:57:25-debug: [Build Memory track]: 整理部分构建选项内数据到 settings.json start:202.07MB, end 202.19MB, increase: 127.30KB
2025-7-26 09:57:46-debug: refresh db internal success
2025-7-26 09:57:46-debug: refresh db assets success
2025-7-26 09:57:46-debug: Run asset db hook engine-extends:afterRefresh ...
2025-7-26 09:57:46-debug: Run asset db hook engine-extends:afterRefresh success!
2025-7-26 09:57:46-debug: asset-db:refresh-all-database (33ms)
2025-7-26 09:57:46-debug: asset-db:worker-effect-data-processing (1ms)
2025-7-26 09:57:46-debug: asset-db-hook-engine-extends-afterRefresh (1ms)
2025-7-26 09:58:28-debug: refresh db internal success
2025-7-26 09:58:28-debug: refresh db assets success
2025-7-26 09:58:28-debug: asset-db:refresh-all-database (27ms)
2025-7-26 09:58:28-debug: asset-db-hook-engine-extends-afterRefresh (1ms)
2025-7-26 09:58:28-debug: asset-db:worker-effect-data-processing (1ms)
2025-7-26 09:58:28-debug: Run asset db hook engine-extends:afterRefresh ...
2025-7-26 09:58:28-debug: Run asset db hook engine-extends:afterRefresh success!
2025-7-26 09:58:37-debug: refresh db internal success
2025-7-26 09:58:37-debug: refresh db assets success
2025-7-26 09:58:37-debug: Run asset db hook engine-extends:afterRefresh ...
2025-7-26 09:58:37-debug: Run asset db hook engine-extends:afterRefresh success!
2025-7-26 09:58:37-debug: asset-db:refresh-all-database (33ms)
2025-7-26 09:58:37-debug: asset-db:worker-effect-data-processing (1ms)
2025-7-26 09:58:37-debug: asset-db-hook-engine-extends-afterRefresh (1ms)
2025-7-26 09:58:44-debug: refresh db internal success
2025-7-26 09:58:44-debug: refresh db assets success
2025-7-26 09:58:44-debug: Run asset db hook engine-extends:afterRefresh ...
2025-7-26 09:58:44-debug: Run asset db hook engine-extends:afterRefresh success!
2025-7-26 09:58:44-debug: asset-db:refresh-all-database (32ms)
2025-7-26 09:59:25-debug: refresh db internal success
2025-7-26 09:59:25-debug: %cImport%c: /Users/zhao/Desktop/test/cocos-creator/PlaneFight/assets/Scripts/Player.tsbackground: #aaff85; color: #000;color: #000;
2025-7-26 09:59:25-debug: refresh db assets success
2025-7-26 09:59:25-debug: Run asset db hook engine-extends:afterRefresh ...
2025-7-26 09:59:25-debug: Run asset db hook engine-extends:afterRefresh success!
2025-7-26 09:59:25-debug: asset-db:refresh-all-database (30ms)
2025-7-26 09:59:25-debug: asset-db:worker-effect-data-processing (1ms)
2025-7-26 09:59:25-debug: asset-db-hook-engine-extends-afterRefresh (1ms)
2025-7-26 09:59:27-debug: Query all assets info in project
2025-7-26 09:59:27-debug: init custom config: keepNodeUuid: false, useCache: true
2025-7-26 09:59:27-debug: Skip compress image, progress: 0%
2025-7-26 09:59:27-debug: Init all bundles start..., progress: 0%
2025-7-26 09:59:27-debug: Num of bundles: 2..., progress: 0%
2025-7-26 09:59:27-debug: Init bundle root assets start..., progress: 0%
2025-7-26 09:59:27-debug: // ---- build task 查询 Asset Bundle ----
2025-7-26 09:59:27-debug: 查询 Asset Bundle start, progress: 0%
2025-7-26 09:59:27-debug: Query preload assets/scripts from cc.config.json: 60f7195c-ec2a-45eb-ba94-8955f60e81d0,1c02ae6f-4492-4915-b8f8-7492a3b1e4cd,810e96e4-e456-4468-9b59-f4e8f39732c0,efe8e2a3-eace-427b-b4f1-cb8a937ec77d,e9aa9a3e-5b2b-4ac7-a2c7-073de2b2b24f,8bbdbcdd-5cd4-4100-b6d5-b7c9625b6107,50f4348b-c883-4e2f-8f11-ce233b859fa1,fda095cb-831d-4601-ad94-846013963de8,f92806d7-1768-443f-afe8-12bcde84d0f0,dd3a144d-ab7f-41f0-82b8-2e43a090d496,f0416e68-0200-4b77-a926-4f9d16e494da,970b0598-bcb0-4714-91fb-2e81440dccd8,bcd64cc6-2dd9-43f6-abbe-66318d332032,d930590d-bb92-4cc8-8bd1-23cd027f9edf,a3cd009f-0ab0-420d-9278-b9fdab939bbc,6a2d0734-bd9e-4ddf-946e-caa52498cb75,c27215d8-6835-4b68-bfbb-bdeac6100c04,b5d6115f-0370-4d7c-aad3-c194cc71cf98,871c3b6c-7379-419d-bda3-794b239ab90d,ff9b0199-ce04-4cfe-86cc-6c719f08d6e4,de1c2107-70c8-4021-8459-6399f24d01c6,cbf30902-517f-40dc-af90-a550bac27cf1
2025-7-26 09:59:27-debug:   Number of other assets: 510
2025-7-26 09:59:27-debug:   Number of all scripts: 14
2025-7-26 09:59:27-debug: Init bundle root assets success..., progress: 0%
2025-7-26 09:59:27-debug:   Number of all scenes: 1
2025-7-26 09:59:27-debug: // ---- build task 查询 Asset Bundle ---- (1ms)
2025-7-26 09:59:27-debug: // ---- build task 查询 Asset Bundle ----
2025-7-26 09:59:27-debug: 查询 Asset Bundle start, progress: 5%
2025-7-26 09:59:27-debug: [Build Memory track]: 查询 Asset Bundle start:204.29MB, end 204.94MB, increase: 663.99KB
2025-7-26 09:59:27-log: run build task 查询 Asset Bundle success in 1 ms√, progress: 5%
2025-7-26 09:59:27-debug: // ---- build task 查询 Asset Bundle ---- (1ms)
2025-7-26 09:59:27-log: run build task 查询 Asset Bundle success in 1 ms√, progress: 10%
2025-7-26 09:59:27-debug: 整理部分构建选项内数据到 settings.json start, progress: 10%
2025-7-26 09:59:27-debug: [Build Memory track]: 查询 Asset Bundle start:204.97MB, end 204.34MB, increase: -644.57KB
2025-7-26 09:59:27-debug: // ---- build task 整理部分构建选项内数据到 settings.json ----
2025-7-26 09:59:27-log: run build task 整理部分构建选项内数据到 settings.json success in √, progress: 12%
2025-7-26 09:59:27-debug: // ---- build task 填充脚本数据到 settings.json ----
2025-7-26 09:59:27-debug: 填充脚本数据到 settings.json start, progress: 12%
2025-7-26 09:59:27-debug: [Build Memory track]: 整理部分构建选项内数据到 settings.json start:204.38MB, end 204.39MB, increase: 18.61KB
2025-7-26 09:59:27-log: run build task 填充脚本数据到 settings.json success in √, progress: 13%
2025-7-26 09:59:27-debug: [Build Memory track]: 填充脚本数据到 settings.json start:204.43MB, end 204.44MB, increase: 17.55KB
2025-7-26 09:59:27-debug: 整理部分构建选项内数据到 settings.json start, progress: 13%
2025-7-26 09:59:27-debug: // ---- build task 整理部分构建选项内数据到 settings.json ----
2025-7-26 09:59:27-debug: // ---- build task 整理部分构建选项内数据到 settings.json ---- (1ms)
2025-7-26 09:59:27-log: run build task 整理部分构建选项内数据到 settings.json success in 1 ms√, progress: 15%
2025-7-26 09:59:27-debug: [Build Memory track]: 整理部分构建选项内数据到 settings.json start:204.48MB, end 204.61MB, increase: 134.80KB
2025-7-26 10:00:18-debug: refresh db internal success
2025-7-26 10:00:18-debug: %cImport%c: /Users/zhao/Desktop/test/cocos-creator/PlaneFight/assets/Scripts/Player.tsbackground: #aaff85; color: #000;color: #000;
2025-7-26 10:00:18-debug: refresh db assets success
2025-7-26 10:00:18-debug: Run asset db hook engine-extends:afterRefresh ...
2025-7-26 10:00:18-debug: Run asset db hook engine-extends:afterRefresh success!
2025-7-26 10:00:18-debug: asset-db-hook-engine-extends-afterRefresh (1ms)
2025-7-26 10:00:18-debug: asset-db:refresh-all-database (24ms)
2025-7-26 10:00:19-debug: %cImport%c: /Users/zhao/Desktop/test/cocos-creator/PlaneFight/assets/Prefabs/TwoBullet.prefabbackground: #aaff85; color: #000;color: #000;
2025-7-26 10:00:19-debug: asset-db:reimport-asset079201a9-e808-4062-a800-65b69694b455 (2ms)
2025-7-26 10:00:19-debug: %cImport%c: /Users/zhao/Desktop/test/cocos-creator/PlaneFight/assets/Prefabs/TwoBullet.prefabbackground: #aaff85; color: #000;color: #000;
2025-7-26 10:00:19-debug: asset-db:reimport-asset079201a9-e808-4062-a800-65b69694b455 (3ms)
2025-7-26 10:00:19-debug: %cImport%c: /Users/zhao/Desktop/test/cocos-creator/PlaneFight/assets/Prefabs/TwoBullet.prefabbackground: #aaff85; color: #000;color: #000;
2025-7-26 10:00:19-debug: asset-db:reimport-asset079201a9-e808-4062-a800-65b69694b455 (4ms)
2025-7-26 10:00:21-debug: Query all assets info in project
2025-7-26 10:00:21-debug: init custom config: keepNodeUuid: false, useCache: true
2025-7-26 10:00:21-debug: Skip compress image, progress: 0%
2025-7-26 10:00:21-debug: Init all bundles start..., progress: 0%
2025-7-26 10:00:21-debug: 查询 Asset Bundle start, progress: 0%
2025-7-26 10:00:21-debug: Num of bundles: 2..., progress: 0%
2025-7-26 10:00:21-debug: // ---- build task 查询 Asset Bundle ----
2025-7-26 10:00:21-debug: Init bundle root assets start..., progress: 0%
2025-7-26 10:00:21-debug: Query preload assets/scripts from cc.config.json: 60f7195c-ec2a-45eb-ba94-8955f60e81d0,1c02ae6f-4492-4915-b8f8-7492a3b1e4cd,810e96e4-e456-4468-9b59-f4e8f39732c0,efe8e2a3-eace-427b-b4f1-cb8a937ec77d,e9aa9a3e-5b2b-4ac7-a2c7-073de2b2b24f,8bbdbcdd-5cd4-4100-b6d5-b7c9625b6107,50f4348b-c883-4e2f-8f11-ce233b859fa1,fda095cb-831d-4601-ad94-846013963de8,f92806d7-1768-443f-afe8-12bcde84d0f0,dd3a144d-ab7f-41f0-82b8-2e43a090d496,f0416e68-0200-4b77-a926-4f9d16e494da,970b0598-bcb0-4714-91fb-2e81440dccd8,bcd64cc6-2dd9-43f6-abbe-66318d332032,d930590d-bb92-4cc8-8bd1-23cd027f9edf,a3cd009f-0ab0-420d-9278-b9fdab939bbc,6a2d0734-bd9e-4ddf-946e-caa52498cb75,c27215d8-6835-4b68-bfbb-bdeac6100c04,b5d6115f-0370-4d7c-aad3-c194cc71cf98,871c3b6c-7379-419d-bda3-794b239ab90d,ff9b0199-ce04-4cfe-86cc-6c719f08d6e4,de1c2107-70c8-4021-8459-6399f24d01c6,cbf30902-517f-40dc-af90-a550bac27cf1
2025-7-26 10:00:21-debug: Init bundle root assets success..., progress: 0%
2025-7-26 10:00:21-debug:   Number of all scripts: 14
2025-7-26 10:00:21-debug:   Number of other assets: 510
2025-7-26 10:00:21-debug:   Number of all scenes: 1
2025-7-26 10:00:21-debug: // ---- build task 查询 Asset Bundle ---- (1ms)
2025-7-26 10:00:21-debug: 查询 Asset Bundle start, progress: 5%
2025-7-26 10:00:21-debug: [Build Memory track]: 查询 Asset Bundle start:205.50MB, end 205.25MB, increase: -252.30KB
2025-7-26 10:00:21-debug: // ---- build task 查询 Asset Bundle ----
2025-7-26 10:00:21-log: run build task 查询 Asset Bundle success in 1 ms√, progress: 5%
2025-7-26 10:00:21-debug: // ---- build task 查询 Asset Bundle ---- (1ms)
2025-7-26 10:00:21-debug: [Build Memory track]: 查询 Asset Bundle start:205.28MB, end 205.38MB, increase: 109.66KB
2025-7-26 10:00:21-debug: // ---- build task 整理部分构建选项内数据到 settings.json ----
2025-7-26 10:00:21-log: run build task 查询 Asset Bundle success in 1 ms√, progress: 10%
2025-7-26 10:00:21-debug: 整理部分构建选项内数据到 settings.json start, progress: 10%
2025-7-26 10:00:21-log: run build task 整理部分构建选项内数据到 settings.json success in √, progress: 12%
2025-7-26 10:00:21-debug: // ---- build task 填充脚本数据到 settings.json ----
2025-7-26 10:00:21-debug: [Build Memory track]: 整理部分构建选项内数据到 settings.json start:205.41MB, end 205.43MB, increase: 17.42KB
2025-7-26 10:00:21-debug: 填充脚本数据到 settings.json start, progress: 12%
2025-7-26 10:00:21-log: run build task 填充脚本数据到 settings.json success in √, progress: 13%
2025-7-26 10:00:21-debug: 整理部分构建选项内数据到 settings.json start, progress: 13%
2025-7-26 10:00:21-debug: [Build Memory track]: 填充脚本数据到 settings.json start:205.45MB, end 205.47MB, increase: 15.27KB
2025-7-26 10:00:21-debug: // ---- build task 整理部分构建选项内数据到 settings.json ----
2025-7-26 10:00:21-debug: // ---- build task 整理部分构建选项内数据到 settings.json ---- (1ms)
2025-7-26 10:00:21-debug: [Build Memory track]: 整理部分构建选项内数据到 settings.json start:205.49MB, end 205.62MB, increase: 134.41KB
2025-7-26 10:00:21-log: run build task 整理部分构建选项内数据到 settings.json success in 1 ms√, progress: 15%
2025-7-26 10:02:19-debug: Query all assets info in project
2025-7-26 10:02:19-debug: init custom config: keepNodeUuid: false, useCache: true
2025-7-26 10:02:19-debug: Skip compress image, progress: 0%
2025-7-26 10:02:19-debug: Init all bundles start..., progress: 0%
2025-7-26 10:02:19-debug: Num of bundles: 2..., progress: 0%
2025-7-26 10:02:19-debug: // ---- build task 查询 Asset Bundle ----
2025-7-26 10:02:19-debug: Init bundle root assets start..., progress: 0%
2025-7-26 10:02:19-debug: 查询 Asset Bundle start, progress: 0%
2025-7-26 10:02:19-debug: Query preload assets/scripts from cc.config.json: 60f7195c-ec2a-45eb-ba94-8955f60e81d0,1c02ae6f-4492-4915-b8f8-7492a3b1e4cd,810e96e4-e456-4468-9b59-f4e8f39732c0,efe8e2a3-eace-427b-b4f1-cb8a937ec77d,e9aa9a3e-5b2b-4ac7-a2c7-073de2b2b24f,8bbdbcdd-5cd4-4100-b6d5-b7c9625b6107,50f4348b-c883-4e2f-8f11-ce233b859fa1,fda095cb-831d-4601-ad94-846013963de8,f92806d7-1768-443f-afe8-12bcde84d0f0,dd3a144d-ab7f-41f0-82b8-2e43a090d496,f0416e68-0200-4b77-a926-4f9d16e494da,970b0598-bcb0-4714-91fb-2e81440dccd8,bcd64cc6-2dd9-43f6-abbe-66318d332032,d930590d-bb92-4cc8-8bd1-23cd027f9edf,a3cd009f-0ab0-420d-9278-b9fdab939bbc,6a2d0734-bd9e-4ddf-946e-caa52498cb75,c27215d8-6835-4b68-bfbb-bdeac6100c04,b5d6115f-0370-4d7c-aad3-c194cc71cf98,871c3b6c-7379-419d-bda3-794b239ab90d,ff9b0199-ce04-4cfe-86cc-6c719f08d6e4,de1c2107-70c8-4021-8459-6399f24d01c6,cbf30902-517f-40dc-af90-a550bac27cf1
2025-7-26 10:02:19-debug:   Number of all scenes: 1
2025-7-26 10:02:19-debug:   Number of all scripts: 14
2025-7-26 10:02:19-debug:   Number of other assets: 510
2025-7-26 10:02:19-debug: [Build Memory track]: 查询 Asset Bundle start:205.48MB, end 205.29MB, increase: -196.91KB
2025-7-26 10:02:19-debug: // ---- build task 查询 Asset Bundle ----
2025-7-26 10:02:19-debug: 查询 Asset Bundle start, progress: 5%
2025-7-26 10:02:19-debug: // ---- build task 查询 Asset Bundle ---- (2ms)
2025-7-26 10:02:19-log: run build task 查询 Asset Bundle success in 2 ms√, progress: 5%
2025-7-26 10:02:19-debug: Init bundle root assets success..., progress: 0%
2025-7-26 10:02:19-debug: [Build Memory track]: 查询 Asset Bundle start:205.31MB, end 205.42MB, increase: 110.39KB
2025-7-26 10:02:19-log: run build task 整理部分构建选项内数据到 settings.json success in √, progress: 12%
2025-7-26 10:02:19-debug: 填充脚本数据到 settings.json start, progress: 12%
2025-7-26 10:02:19-debug: 整理部分构建选项内数据到 settings.json start, progress: 10%
2025-7-26 10:02:19-debug: // ---- build task 整理部分构建选项内数据到 settings.json ----
2025-7-26 10:02:19-debug: // ---- build task 查询 Asset Bundle ---- (1ms)
2025-7-26 10:02:19-log: run build task 查询 Asset Bundle success in 1 ms√, progress: 10%
2025-7-26 10:02:19-debug: // ---- build task 填充脚本数据到 settings.json ---- (1ms)
2025-7-26 10:02:19-debug: [Build Memory track]: 填充脚本数据到 settings.json start:205.48MB, end 205.51MB, increase: 25.04KB
2025-7-26 10:02:19-debug: [Build Memory track]: 整理部分构建选项内数据到 settings.json start:205.44MB, end 205.46MB, increase: 12.89KB
2025-7-26 10:02:19-log: run build task 填充脚本数据到 settings.json success in 1 ms√, progress: 13%
2025-7-26 10:02:19-debug: // ---- build task 整理部分构建选项内数据到 settings.json ----
2025-7-26 10:02:19-debug: // ---- build task 填充脚本数据到 settings.json ----
2025-7-26 10:02:19-debug: 整理部分构建选项内数据到 settings.json start, progress: 13%
2025-7-26 10:02:19-debug: // ---- build task 整理部分构建选项内数据到 settings.json ---- (1ms)
2025-7-26 10:02:19-log: run build task 整理部分构建选项内数据到 settings.json success in 1 ms√, progress: 15%
2025-7-26 10:02:19-debug: [Build Memory track]: 整理部分构建选项内数据到 settings.json start:205.53MB, end 205.66MB, increase: 128.50KB
2025-7-26 10:02:45-debug: refresh db internal success
2025-7-26 10:02:45-debug: refresh db assets success
2025-7-26 10:02:45-debug: Run asset db hook engine-extends:afterRefresh ...
2025-7-26 10:02:45-debug: Run asset db hook engine-extends:afterRefresh success!
2025-7-26 10:02:45-debug: asset-db:refresh-all-database (32ms)
2025-7-26 10:02:45-debug: asset-db:worker-effect-data-processing (1ms)
2025-7-26 10:02:45-debug: asset-db-hook-engine-extends-afterRefresh (1ms)
2025-7-26 10:02:50-debug: refresh db internal success
2025-7-26 10:02:50-debug: refresh db assets success
2025-7-26 10:02:50-debug: Run asset db hook engine-extends:afterRefresh ...
2025-7-26 10:02:50-debug: Run asset db hook engine-extends:afterRefresh success!
2025-7-26 10:02:50-debug: asset-db:refresh-all-database (29ms)
2025-7-26 10:04:03-debug: refresh db internal success
2025-7-26 10:04:03-debug: refresh db assets success
2025-7-26 10:04:03-debug: Run asset db hook engine-extends:afterRefresh ...
2025-7-26 10:04:03-debug: Run asset db hook engine-extends:afterRefresh success!
2025-7-26 10:04:03-debug: asset-db:refresh-all-database (30ms)
2025-7-26 10:04:03-debug: asset-db-hook-engine-extends-afterRefresh (1ms)
2025-7-26 10:04:31-debug: refresh db internal success
2025-7-26 10:04:31-debug: %cImport%c: /Users/zhao/Desktop/test/cocos-creator/PlaneFight/assets/Scripts/Player.tsbackground: #aaff85; color: #000;color: #000;
2025-7-26 10:04:31-debug: refresh db assets success
2025-7-26 10:04:31-debug: Run asset db hook engine-extends:afterRefresh ...
2025-7-26 10:04:31-debug: Run asset db hook engine-extends:afterRefresh success!
2025-7-26 10:04:31-debug: asset-db:refresh-all-database (32ms)
2025-7-26 10:04:31-debug: asset-db:worker-effect-data-processing (1ms)
2025-7-26 10:04:31-debug: asset-db-hook-engine-extends-afterRefresh (1ms)
2025-7-26 10:04:31-debug: Query all assets info in project
2025-7-26 10:04:31-debug: init custom config: keepNodeUuid: false, useCache: true
2025-7-26 10:04:31-debug: Skip compress image, progress: 0%
2025-7-26 10:04:31-debug: Init all bundles start..., progress: 0%
2025-7-26 10:04:31-debug: // ---- build task 查询 Asset Bundle ----
2025-7-26 10:04:31-debug: Init bundle root assets start..., progress: 0%
2025-7-26 10:04:31-debug: 查询 Asset Bundle start, progress: 0%
2025-7-26 10:04:31-debug: Num of bundles: 2..., progress: 0%
2025-7-26 10:04:31-debug: Query preload assets/scripts from cc.config.json: 60f7195c-ec2a-45eb-ba94-8955f60e81d0,1c02ae6f-4492-4915-b8f8-7492a3b1e4cd,810e96e4-e456-4468-9b59-f4e8f39732c0,efe8e2a3-eace-427b-b4f1-cb8a937ec77d,e9aa9a3e-5b2b-4ac7-a2c7-073de2b2b24f,8bbdbcdd-5cd4-4100-b6d5-b7c9625b6107,50f4348b-c883-4e2f-8f11-ce233b859fa1,fda095cb-831d-4601-ad94-846013963de8,f92806d7-1768-443f-afe8-12bcde84d0f0,dd3a144d-ab7f-41f0-82b8-2e43a090d496,f0416e68-0200-4b77-a926-4f9d16e494da,970b0598-bcb0-4714-91fb-2e81440dccd8,bcd64cc6-2dd9-43f6-abbe-66318d332032,d930590d-bb92-4cc8-8bd1-23cd027f9edf,a3cd009f-0ab0-420d-9278-b9fdab939bbc,6a2d0734-bd9e-4ddf-946e-caa52498cb75,c27215d8-6835-4b68-bfbb-bdeac6100c04,b5d6115f-0370-4d7c-aad3-c194cc71cf98,871c3b6c-7379-419d-bda3-794b239ab90d,ff9b0199-ce04-4cfe-86cc-6c719f08d6e4,de1c2107-70c8-4021-8459-6399f24d01c6,cbf30902-517f-40dc-af90-a550bac27cf1
2025-7-26 10:04:31-debug:   Number of all scenes: 1
2025-7-26 10:04:31-debug:   Number of other assets: 510
2025-7-26 10:04:31-debug: Init bundle root assets success..., progress: 0%
2025-7-26 10:04:31-debug:   Number of all scripts: 14
2025-7-26 10:04:31-log: run build task 查询 Asset Bundle success in 2 ms√, progress: 5%
2025-7-26 10:04:31-debug: // ---- build task 查询 Asset Bundle ----
2025-7-26 10:04:31-debug: [Build Memory track]: 查询 Asset Bundle start:207.35MB, end 206.96MB, increase: -400.58KB
2025-7-26 10:04:31-debug: // ---- build task 查询 Asset Bundle ---- (2ms)
2025-7-26 10:04:31-debug: 查询 Asset Bundle start, progress: 5%
2025-7-26 10:04:31-debug: // ---- build task 查询 Asset Bundle ---- (1ms)
2025-7-26 10:04:31-log: run build task 查询 Asset Bundle success in 1 ms√, progress: 10%
2025-7-26 10:04:31-debug: [Build Memory track]: 查询 Asset Bundle start:206.98MB, end 207.12MB, increase: 135.38KB
2025-7-26 10:04:31-debug: 整理部分构建选项内数据到 settings.json start, progress: 10%
2025-7-26 10:04:31-debug: // ---- build task 整理部分构建选项内数据到 settings.json ----
2025-7-26 10:04:31-debug: // ---- build task 整理部分构建选项内数据到 settings.json ---- (1ms)
2025-7-26 10:04:31-log: run build task 整理部分构建选项内数据到 settings.json success in 1 ms√, progress: 12%
2025-7-26 10:04:31-debug: [Build Memory track]: 整理部分构建选项内数据到 settings.json start:207.14MB, end 207.16MB, increase: 22.09KB
2025-7-26 10:04:31-debug: 填充脚本数据到 settings.json start, progress: 12%
2025-7-26 10:04:31-debug: // ---- build task 填充脚本数据到 settings.json ----
2025-7-26 10:04:31-debug: // ---- build task 填充脚本数据到 settings.json ---- (1ms)
2025-7-26 10:04:31-debug: [Build Memory track]: 填充脚本数据到 settings.json start:207.19MB, end 207.21MB, increase: 27.14KB
2025-7-26 10:04:31-debug: 整理部分构建选项内数据到 settings.json start, progress: 13%
2025-7-26 10:04:31-log: run build task 填充脚本数据到 settings.json success in 1 ms√, progress: 13%
2025-7-26 10:04:31-debug: // ---- build task 整理部分构建选项内数据到 settings.json ----
2025-7-26 10:04:31-log: run build task 整理部分构建选项内数据到 settings.json success in 1 ms√, progress: 15%
2025-7-26 10:04:31-debug: [Build Memory track]: 整理部分构建选项内数据到 settings.json start:207.24MB, end 207.36MB, increase: 127.96KB
2025-7-26 10:04:31-debug: // ---- build task 整理部分构建选项内数据到 settings.json ---- (1ms)
2025-7-26 10:04:34-warn: 为更好地打开脚本，请在 {preferences} -> {program} -> {scriptEditor} 里配置打开脚本的应用程序
2025-7-26 10:04:44-debug: refresh db internal success
2025-7-26 10:04:44-debug: refresh db assets success
2025-7-26 10:04:44-debug: Run asset db hook engine-extends:afterRefresh ...
2025-7-26 10:04:44-debug: Run asset db hook engine-extends:afterRefresh success!
2025-7-26 10:04:44-debug: asset-db:refresh-all-database (26ms)
2025-7-26 10:05:45-debug: refresh db internal success
2025-7-26 10:05:45-debug: %cImport%c: /Users/zhao/Desktop/test/cocos-creator/PlaneFight/assets/Scripts/Reward.tsbackground: #aaff85; color: #000;color: #000;
2025-7-26 10:05:45-debug: refresh db assets success
2025-7-26 10:05:45-debug: Run asset db hook engine-extends:afterRefresh ...
2025-7-26 10:05:45-debug: Run asset db hook engine-extends:afterRefresh success!
2025-7-26 10:05:45-debug: asset-db:refresh-all-database (24ms)
2025-7-26 10:05:45-debug: Query all assets info in project
2025-7-26 10:05:45-debug: init custom config: keepNodeUuid: false, useCache: true
2025-7-26 10:05:45-debug: Skip compress image, progress: 0%
2025-7-26 10:05:45-debug: Init all bundles start..., progress: 0%
2025-7-26 10:05:45-debug: 查询 Asset Bundle start, progress: 0%
2025-7-26 10:05:45-debug: Num of bundles: 2..., progress: 0%
2025-7-26 10:05:45-debug: // ---- build task 查询 Asset Bundle ----
2025-7-26 10:05:45-debug: Init bundle root assets start..., progress: 0%
2025-7-26 10:05:45-debug: Query preload assets/scripts from cc.config.json: 60f7195c-ec2a-45eb-ba94-8955f60e81d0,1c02ae6f-4492-4915-b8f8-7492a3b1e4cd,810e96e4-e456-4468-9b59-f4e8f39732c0,efe8e2a3-eace-427b-b4f1-cb8a937ec77d,e9aa9a3e-5b2b-4ac7-a2c7-073de2b2b24f,8bbdbcdd-5cd4-4100-b6d5-b7c9625b6107,50f4348b-c883-4e2f-8f11-ce233b859fa1,fda095cb-831d-4601-ad94-846013963de8,f92806d7-1768-443f-afe8-12bcde84d0f0,dd3a144d-ab7f-41f0-82b8-2e43a090d496,f0416e68-0200-4b77-a926-4f9d16e494da,970b0598-bcb0-4714-91fb-2e81440dccd8,bcd64cc6-2dd9-43f6-abbe-66318d332032,d930590d-bb92-4cc8-8bd1-23cd027f9edf,a3cd009f-0ab0-420d-9278-b9fdab939bbc,6a2d0734-bd9e-4ddf-946e-caa52498cb75,c27215d8-6835-4b68-bfbb-bdeac6100c04,b5d6115f-0370-4d7c-aad3-c194cc71cf98,871c3b6c-7379-419d-bda3-794b239ab90d,ff9b0199-ce04-4cfe-86cc-6c719f08d6e4,de1c2107-70c8-4021-8459-6399f24d01c6,cbf30902-517f-40dc-af90-a550bac27cf1
2025-7-26 10:05:45-debug:   Number of all scripts: 14
2025-7-26 10:05:45-debug:   Number of other assets: 510
2025-7-26 10:05:45-debug: Init bundle root assets success..., progress: 0%
2025-7-26 10:05:45-debug:   Number of all scenes: 1
2025-7-26 10:05:45-debug: // ---- build task 查询 Asset Bundle ---- (4ms)
2025-7-26 10:05:45-debug: // ---- build task 查询 Asset Bundle ----
2025-7-26 10:05:45-log: run build task 查询 Asset Bundle success in 4 ms√, progress: 5%
2025-7-26 10:05:45-debug: [Build Memory track]: 查询 Asset Bundle start:207.99MB, end 207.75MB, increase: -251.54KB
2025-7-26 10:05:45-debug: 查询 Asset Bundle start, progress: 5%
2025-7-26 10:05:45-debug: // ---- build task 查询 Asset Bundle ---- (1ms)
2025-7-26 10:05:45-log: run build task 查询 Asset Bundle success in 1 ms√, progress: 10%
2025-7-26 10:05:45-debug: [Build Memory track]: 查询 Asset Bundle start:207.77MB, end 207.88MB, increase: 107.57KB
2025-7-26 10:05:45-debug: 整理部分构建选项内数据到 settings.json start, progress: 10%
2025-7-26 10:05:45-debug: // ---- build task 整理部分构建选项内数据到 settings.json ----
2025-7-26 10:05:45-debug: // ---- build task 整理部分构建选项内数据到 settings.json ---- (1ms)
2025-7-26 10:05:45-debug: [Build Memory track]: 整理部分构建选项内数据到 settings.json start:207.90MB, end 207.93MB, increase: 24.32KB
2025-7-26 10:05:45-debug: 填充脚本数据到 settings.json start, progress: 12%
2025-7-26 10:05:45-log: run build task 整理部分构建选项内数据到 settings.json success in 1 ms√, progress: 12%
2025-7-26 10:05:45-debug: // ---- build task 填充脚本数据到 settings.json ----
2025-7-26 10:05:45-log: run build task 填充脚本数据到 settings.json success in √, progress: 13%
2025-7-26 10:05:45-debug: [Build Memory track]: 填充脚本数据到 settings.json start:207.95MB, end 207.96MB, increase: 13.86KB
2025-7-26 10:05:45-debug: 整理部分构建选项内数据到 settings.json start, progress: 13%
2025-7-26 10:05:45-debug: // ---- build task 整理部分构建选项内数据到 settings.json ----
2025-7-26 10:05:45-debug: // ---- build task 整理部分构建选项内数据到 settings.json ---- (2ms)
2025-7-26 10:05:45-log: run build task 整理部分构建选项内数据到 settings.json success in 2 ms√, progress: 15%
2025-7-26 10:05:45-debug: [Build Memory track]: 整理部分构建选项内数据到 settings.json start:207.99MB, end 208.11MB, increase: 128.85KB
2025-7-26 10:15:55-debug: refresh db internal success
2025-7-26 10:15:55-debug: %cImport%c: /Users/zhao/Desktop/test/cocos-creator/PlaneFight/assets/Scripts/Player.tsbackground: #aaff85; color: #000;color: #000;
2025-7-26 10:15:55-debug: refresh db assets success
2025-7-26 10:15:55-debug: Run asset db hook engine-extends:afterRefresh ...
2025-7-26 10:15:55-debug: Run asset db hook engine-extends:afterRefresh success!
2025-7-26 10:15:55-debug: asset-db:refresh-all-database (43ms)
2025-7-26 10:15:55-debug: asset-db:worker-effect-data-processing (1ms)
2025-7-26 10:15:55-debug: asset-db-hook-engine-extends-afterRefresh (1ms)
2025-7-26 10:15:56-debug: Query all assets info in project
2025-7-26 10:15:56-debug: init custom config: keepNodeUuid: false, useCache: true
2025-7-26 10:15:56-debug: Skip compress image, progress: 0%
2025-7-26 10:15:56-debug: Init all bundles start..., progress: 0%
2025-7-26 10:15:56-debug: Init bundle root assets start..., progress: 0%
2025-7-26 10:15:56-debug: Num of bundles: 2..., progress: 0%
2025-7-26 10:15:56-debug: 查询 Asset Bundle start, progress: 0%
2025-7-26 10:15:56-debug: // ---- build task 查询 Asset Bundle ----
2025-7-26 10:15:56-debug: Query preload assets/scripts from cc.config.json: 60f7195c-ec2a-45eb-ba94-8955f60e81d0,1c02ae6f-4492-4915-b8f8-7492a3b1e4cd,810e96e4-e456-4468-9b59-f4e8f39732c0,efe8e2a3-eace-427b-b4f1-cb8a937ec77d,e9aa9a3e-5b2b-4ac7-a2c7-073de2b2b24f,8bbdbcdd-5cd4-4100-b6d5-b7c9625b6107,50f4348b-c883-4e2f-8f11-ce233b859fa1,fda095cb-831d-4601-ad94-846013963de8,f92806d7-1768-443f-afe8-12bcde84d0f0,dd3a144d-ab7f-41f0-82b8-2e43a090d496,f0416e68-0200-4b77-a926-4f9d16e494da,970b0598-bcb0-4714-91fb-2e81440dccd8,bcd64cc6-2dd9-43f6-abbe-66318d332032,d930590d-bb92-4cc8-8bd1-23cd027f9edf,a3cd009f-0ab0-420d-9278-b9fdab939bbc,6a2d0734-bd9e-4ddf-946e-caa52498cb75,c27215d8-6835-4b68-bfbb-bdeac6100c04,b5d6115f-0370-4d7c-aad3-c194cc71cf98,871c3b6c-7379-419d-bda3-794b239ab90d,ff9b0199-ce04-4cfe-86cc-6c719f08d6e4,de1c2107-70c8-4021-8459-6399f24d01c6,cbf30902-517f-40dc-af90-a550bac27cf1
2025-7-26 10:15:56-debug:   Number of all scenes: 1
2025-7-26 10:15:56-debug:   Number of other assets: 510
2025-7-26 10:15:56-debug:   Number of all scripts: 14
2025-7-26 10:15:56-debug: Init bundle root assets success..., progress: 0%
2025-7-26 10:15:56-debug: // ---- build task 查询 Asset Bundle ---- (3ms)
2025-7-26 10:15:56-debug: // ---- build task 查询 Asset Bundle ----
2025-7-26 10:15:56-debug: [Build Memory track]: 查询 Asset Bundle start:208.38MB, end 208.12MB, increase: -267.98KB
2025-7-26 10:15:56-debug: 查询 Asset Bundle start, progress: 5%
2025-7-26 10:15:56-log: run build task 查询 Asset Bundle success in 3 ms√, progress: 5%
2025-7-26 10:15:56-debug: // ---- build task 查询 Asset Bundle ---- (1ms)
2025-7-26 10:15:56-debug: [Build Memory track]: 查询 Asset Bundle start:208.14MB, end 208.25MB, increase: 107.60KB
2025-7-26 10:15:56-debug: 整理部分构建选项内数据到 settings.json start, progress: 10%
2025-7-26 10:15:56-debug: // ---- build task 整理部分构建选项内数据到 settings.json ----
2025-7-26 10:15:56-log: run build task 查询 Asset Bundle success in 1 ms√, progress: 10%
2025-7-26 10:15:56-debug: [Build Memory track]: 整理部分构建选项内数据到 settings.json start:208.27MB, end 208.29MB, increase: 15.79KB
2025-7-26 10:15:56-log: run build task 整理部分构建选项内数据到 settings.json success in √, progress: 12%
2025-7-26 10:15:56-debug: 填充脚本数据到 settings.json start, progress: 12%
2025-7-26 10:15:56-debug: // ---- build task 填充脚本数据到 settings.json ----
2025-7-26 10:15:56-log: run build task 填充脚本数据到 settings.json success in 1 ms√, progress: 13%
2025-7-26 10:15:56-debug: [Build Memory track]: 填充脚本数据到 settings.json start:208.32MB, end 208.34MB, increase: 22.73KB
2025-7-26 10:15:56-debug: // ---- build task 整理部分构建选项内数据到 settings.json ----
2025-7-26 10:15:56-debug: 整理部分构建选项内数据到 settings.json start, progress: 13%
2025-7-26 10:15:56-debug: // ---- build task 填充脚本数据到 settings.json ---- (1ms)
2025-7-26 10:15:56-debug: // ---- build task 整理部分构建选项内数据到 settings.json ---- (1ms)
2025-7-26 10:15:56-debug: [Build Memory track]: 整理部分构建选项内数据到 settings.json start:208.37MB, end 208.50MB, increase: 129.87KB
2025-7-26 10:15:56-log: run build task 整理部分构建选项内数据到 settings.json success in 1 ms√, progress: 15%
2025-7-26 10:15:56-debug: Query all assets info in project
2025-7-26 10:15:56-debug: init custom config: keepNodeUuid: false, useCache: true
2025-7-26 10:15:56-debug: Skip compress image, progress: 0%
2025-7-26 10:15:56-debug: Init all bundles start..., progress: 0%
2025-7-26 10:15:56-debug: // ---- build task 查询 Asset Bundle ----
2025-7-26 10:15:56-debug: 查询 Asset Bundle start, progress: 0%
2025-7-26 10:15:56-debug: Init bundle root assets start..., progress: 0%
2025-7-26 10:15:56-debug: Num of bundles: 2..., progress: 0%
2025-7-26 10:15:56-debug: Query preload assets/scripts from cc.config.json: 60f7195c-ec2a-45eb-ba94-8955f60e81d0,1c02ae6f-4492-4915-b8f8-7492a3b1e4cd,810e96e4-e456-4468-9b59-f4e8f39732c0,efe8e2a3-eace-427b-b4f1-cb8a937ec77d,e9aa9a3e-5b2b-4ac7-a2c7-073de2b2b24f,8bbdbcdd-5cd4-4100-b6d5-b7c9625b6107,50f4348b-c883-4e2f-8f11-ce233b859fa1,fda095cb-831d-4601-ad94-846013963de8,f92806d7-1768-443f-afe8-12bcde84d0f0,dd3a144d-ab7f-41f0-82b8-2e43a090d496,f0416e68-0200-4b77-a926-4f9d16e494da,970b0598-bcb0-4714-91fb-2e81440dccd8,bcd64cc6-2dd9-43f6-abbe-66318d332032,d930590d-bb92-4cc8-8bd1-23cd027f9edf,a3cd009f-0ab0-420d-9278-b9fdab939bbc,6a2d0734-bd9e-4ddf-946e-caa52498cb75,c27215d8-6835-4b68-bfbb-bdeac6100c04,b5d6115f-0370-4d7c-aad3-c194cc71cf98,871c3b6c-7379-419d-bda3-794b239ab90d,ff9b0199-ce04-4cfe-86cc-6c719f08d6e4,de1c2107-70c8-4021-8459-6399f24d01c6,cbf30902-517f-40dc-af90-a550bac27cf1
2025-7-26 10:15:56-debug:   Number of all scripts: 14
2025-7-26 10:15:56-debug: // ---- build task 查询 Asset Bundle ---- (2ms)
2025-7-26 10:15:56-log: run build task 查询 Asset Bundle success in 2 ms√, progress: 5%
2025-7-26 10:15:56-debug: Init bundle root assets success..., progress: 0%
2025-7-26 10:15:56-debug: // ---- build task 查询 Asset Bundle ----
2025-7-26 10:15:56-debug: [Build Memory track]: 查询 Asset Bundle start:208.84MB, end 208.76MB, increase: -79.19KB
2025-7-26 10:15:56-debug:   Number of all scenes: 1
2025-7-26 10:15:56-debug: 查询 Asset Bundle start, progress: 5%
2025-7-26 10:15:56-debug:   Number of other assets: 510
2025-7-26 10:15:56-debug: // ---- build task 查询 Asset Bundle ---- (1ms)
2025-7-26 10:15:56-log: run build task 查询 Asset Bundle success in 1 ms√, progress: 10%
2025-7-26 10:15:56-debug: [Build Memory track]: 查询 Asset Bundle start:208.78MB, end 208.91MB, increase: 130.04KB
2025-7-26 10:15:56-debug: 整理部分构建选项内数据到 settings.json start, progress: 10%
2025-7-26 10:15:56-debug: // ---- build task 整理部分构建选项内数据到 settings.json ----
2025-7-26 10:15:56-log: run build task 整理部分构建选项内数据到 settings.json success in √, progress: 12%
2025-7-26 10:15:56-debug: [Build Memory track]: 整理部分构建选项内数据到 settings.json start:208.94MB, end 208.23MB, increase: -720.46KB
2025-7-26 10:15:56-debug: 填充脚本数据到 settings.json start, progress: 12%
2025-7-26 10:15:56-debug: // ---- build task 填充脚本数据到 settings.json ----
2025-7-26 10:15:56-debug: // ---- build task 填充脚本数据到 settings.json ---- (1ms)
2025-7-26 10:15:56-log: run build task 填充脚本数据到 settings.json success in 1 ms√, progress: 13%
2025-7-26 10:15:56-debug: 整理部分构建选项内数据到 settings.json start, progress: 13%
2025-7-26 10:15:56-debug: // ---- build task 整理部分构建选项内数据到 settings.json ----
2025-7-26 10:15:56-debug: [Build Memory track]: 填充脚本数据到 settings.json start:208.26MB, end 208.28MB, increase: 22.88KB
2025-7-26 10:15:56-debug: // ---- build task 整理部分构建选项内数据到 settings.json ---- (2ms)
2025-7-26 10:15:56-debug: [Build Memory track]: 整理部分构建选项内数据到 settings.json start:208.30MB, end 208.44MB, increase: 135.46KB
2025-7-26 10:15:56-log: run build task 整理部分构建选项内数据到 settings.json success in 2 ms√, progress: 15%
2025-7-26 10:15:57-debug: refresh db internal success
2025-7-26 10:15:57-debug: refresh db assets success
2025-7-26 10:15:57-debug: Run asset db hook engine-extends:afterRefresh ...
2025-7-26 10:15:57-debug: Run asset db hook engine-extends:afterRefresh success!
2025-7-26 10:15:57-debug: asset-db:refresh-all-database (13ms)
2025-7-26 10:16:00-debug: refresh db internal success
2025-7-26 10:16:00-debug: refresh db assets success
2025-7-26 10:16:00-debug: Run asset db hook engine-extends:afterRefresh ...
2025-7-26 10:16:00-debug: Run asset db hook engine-extends:afterRefresh success!
2025-7-26 10:16:00-debug: asset-db:refresh-all-database (29ms)
2025-7-26 10:16:00-debug: %cImport%c: /Users/zhao/Desktop/test/cocos-creator/PlaneFight/assets/Prefabs/Blow.prefabbackground: #aaff85; color: #000;color: #000;
2025-7-26 10:16:00-debug: asset-db:reimport-asset03181f81-4bf2-4f84-9ca2-f56f9a7dfbd0 (2ms)
2025-7-26 10:16:02-debug: Query all assets info in project
2025-7-26 10:16:02-debug: init custom config: keepNodeUuid: false, useCache: true
2025-7-26 10:16:02-debug: Skip compress image, progress: 0%
2025-7-26 10:16:02-debug: Init all bundles start..., progress: 0%
2025-7-26 10:16:02-debug: Num of bundles: 2..., progress: 0%
2025-7-26 10:16:02-debug: // ---- build task 查询 Asset Bundle ----
2025-7-26 10:16:02-debug: 查询 Asset Bundle start, progress: 0%
2025-7-26 10:16:02-debug: Init bundle root assets start..., progress: 0%
2025-7-26 10:16:02-debug: Query preload assets/scripts from cc.config.json: 60f7195c-ec2a-45eb-ba94-8955f60e81d0,1c02ae6f-4492-4915-b8f8-7492a3b1e4cd,810e96e4-e456-4468-9b59-f4e8f39732c0,efe8e2a3-eace-427b-b4f1-cb8a937ec77d,e9aa9a3e-5b2b-4ac7-a2c7-073de2b2b24f,8bbdbcdd-5cd4-4100-b6d5-b7c9625b6107,50f4348b-c883-4e2f-8f11-ce233b859fa1,fda095cb-831d-4601-ad94-846013963de8,f92806d7-1768-443f-afe8-12bcde84d0f0,dd3a144d-ab7f-41f0-82b8-2e43a090d496,f0416e68-0200-4b77-a926-4f9d16e494da,970b0598-bcb0-4714-91fb-2e81440dccd8,bcd64cc6-2dd9-43f6-abbe-66318d332032,d930590d-bb92-4cc8-8bd1-23cd027f9edf,a3cd009f-0ab0-420d-9278-b9fdab939bbc,6a2d0734-bd9e-4ddf-946e-caa52498cb75,c27215d8-6835-4b68-bfbb-bdeac6100c04,b5d6115f-0370-4d7c-aad3-c194cc71cf98,871c3b6c-7379-419d-bda3-794b239ab90d,ff9b0199-ce04-4cfe-86cc-6c719f08d6e4,de1c2107-70c8-4021-8459-6399f24d01c6,cbf30902-517f-40dc-af90-a550bac27cf1
2025-7-26 10:16:02-debug: Init bundle root assets success..., progress: 0%
2025-7-26 10:16:02-debug:   Number of all scripts: 14
2025-7-26 10:16:02-debug:   Number of other assets: 510
2025-7-26 10:16:02-debug:   Number of all scenes: 1
2025-7-26 10:16:02-debug: // ---- build task 查询 Asset Bundle ---- (2ms)
2025-7-26 10:16:02-log: run build task 查询 Asset Bundle success in 2 ms√, progress: 5%
2025-7-26 10:16:02-debug: // ---- build task 查询 Asset Bundle ----
2025-7-26 10:16:02-debug: 查询 Asset Bundle start, progress: 5%
2025-7-26 10:16:02-debug: [Build Memory track]: 查询 Asset Bundle start:209.14MB, end 209.79MB, increase: 662.92KB
2025-7-26 10:16:02-log: run build task 查询 Asset Bundle success in √, progress: 10%
2025-7-26 10:16:02-debug: 整理部分构建选项内数据到 settings.json start, progress: 10%
2025-7-26 10:16:02-debug: [Build Memory track]: 查询 Asset Bundle start:209.82MB, end 209.91MB, increase: 99.03KB
2025-7-26 10:16:02-debug: // ---- build task 整理部分构建选项内数据到 settings.json ----
2025-7-26 10:16:02-log: run build task 整理部分构建选项内数据到 settings.json success in √, progress: 12%
2025-7-26 10:16:02-debug: [Build Memory track]: 整理部分构建选项内数据到 settings.json start:209.94MB, end 209.96MB, increase: 15.43KB
2025-7-26 10:16:02-debug: 填充脚本数据到 settings.json start, progress: 12%
2025-7-26 10:16:02-debug: // ---- build task 填充脚本数据到 settings.json ----
2025-7-26 10:16:02-log: run build task 填充脚本数据到 settings.json success in √, progress: 13%
2025-7-26 10:16:02-debug: 整理部分构建选项内数据到 settings.json start, progress: 13%
2025-7-26 10:16:02-debug: // ---- build task 整理部分构建选项内数据到 settings.json ----
2025-7-26 10:16:02-debug: [Build Memory track]: 填充脚本数据到 settings.json start:209.98MB, end 210.00MB, increase: 15.06KB
2025-7-26 10:16:02-log: run build task 整理部分构建选项内数据到 settings.json success in √, progress: 15%
2025-7-26 10:16:02-debug: [Build Memory track]: 整理部分构建选项内数据到 settings.json start:210.02MB, end 210.14MB, increase: 125.90KB
2025-7-26 10:16:44-debug: refresh db internal success
2025-7-26 10:16:44-debug: refresh db assets success
2025-7-26 10:16:44-debug: Run asset db hook engine-extends:afterRefresh ...
2025-7-26 10:16:44-debug: Run asset db hook engine-extends:afterRefresh success!
2025-7-26 10:16:44-debug: asset-db:refresh-all-database (29ms)
2025-7-26 10:16:44-debug: asset-db-hook-engine-extends-afterRefresh (1ms)
2025-7-26 10:16:56-debug: refresh db internal success
2025-7-26 10:16:56-debug: %cImport%c: /Users/zhao/Desktop/test/cocos-creator/PlaneFight/assets/Scripts/Player.tsbackground: #aaff85; color: #000;color: #000;
2025-7-26 10:16:56-debug: refresh db assets success
2025-7-26 10:16:56-debug: Run asset db hook engine-extends:afterRefresh ...
2025-7-26 10:16:56-debug: Run asset db hook engine-extends:afterRefresh success!
2025-7-26 10:16:56-debug: asset-db:refresh-all-database (30ms)
2025-7-26 10:16:58-debug: Query all assets info in project
2025-7-26 10:16:58-debug: init custom config: keepNodeUuid: false, useCache: true
2025-7-26 10:16:58-debug: Skip compress image, progress: 0%
2025-7-26 10:16:58-debug: Init all bundles start..., progress: 0%
2025-7-26 10:16:58-debug: Num of bundles: 2..., progress: 0%
2025-7-26 10:16:58-debug: 查询 Asset Bundle start, progress: 0%
2025-7-26 10:16:58-debug: // ---- build task 查询 Asset Bundle ----
2025-7-26 10:16:58-debug: Init bundle root assets start..., progress: 0%
2025-7-26 10:16:58-debug:   Number of all scripts: 14
2025-7-26 10:16:58-debug:   Number of all scenes: 1
2025-7-26 10:16:58-debug: Query preload assets/scripts from cc.config.json: 60f7195c-ec2a-45eb-ba94-8955f60e81d0,1c02ae6f-4492-4915-b8f8-7492a3b1e4cd,810e96e4-e456-4468-9b59-f4e8f39732c0,efe8e2a3-eace-427b-b4f1-cb8a937ec77d,e9aa9a3e-5b2b-4ac7-a2c7-073de2b2b24f,8bbdbcdd-5cd4-4100-b6d5-b7c9625b6107,50f4348b-c883-4e2f-8f11-ce233b859fa1,fda095cb-831d-4601-ad94-846013963de8,f92806d7-1768-443f-afe8-12bcde84d0f0,dd3a144d-ab7f-41f0-82b8-2e43a090d496,f0416e68-0200-4b77-a926-4f9d16e494da,970b0598-bcb0-4714-91fb-2e81440dccd8,bcd64cc6-2dd9-43f6-abbe-66318d332032,d930590d-bb92-4cc8-8bd1-23cd027f9edf,a3cd009f-0ab0-420d-9278-b9fdab939bbc,6a2d0734-bd9e-4ddf-946e-caa52498cb75,c27215d8-6835-4b68-bfbb-bdeac6100c04,b5d6115f-0370-4d7c-aad3-c194cc71cf98,871c3b6c-7379-419d-bda3-794b239ab90d,ff9b0199-ce04-4cfe-86cc-6c719f08d6e4,de1c2107-70c8-4021-8459-6399f24d01c6,cbf30902-517f-40dc-af90-a550bac27cf1
2025-7-26 10:16:58-debug:   Number of other assets: 510
2025-7-26 10:16:58-debug: Init bundle root assets success..., progress: 0%
2025-7-26 10:16:58-log: run build task 查询 Asset Bundle success in 1 ms√, progress: 5%
2025-7-26 10:16:58-debug: 查询 Asset Bundle start, progress: 5%
2025-7-26 10:16:58-debug: // ---- build task 查询 Asset Bundle ----
2025-7-26 10:16:58-debug: // ---- build task 查询 Asset Bundle ---- (1ms)
2025-7-26 10:16:58-debug: [Build Memory track]: 查询 Asset Bundle start:210.13MB, end 209.85MB, increase: -293.02KB
2025-7-26 10:16:58-log: run build task 查询 Asset Bundle success in 1 ms√, progress: 10%
2025-7-26 10:16:58-debug: // ---- build task 查询 Asset Bundle ---- (1ms)
2025-7-26 10:16:58-debug: [Build Memory track]: 查询 Asset Bundle start:209.87MB, end 209.98MB, increase: 109.79KB
2025-7-26 10:16:58-debug: 整理部分构建选项内数据到 settings.json start, progress: 10%
2025-7-26 10:16:58-debug: // ---- build task 整理部分构建选项内数据到 settings.json ----
2025-7-26 10:16:58-log: run build task 整理部分构建选项内数据到 settings.json success in √, progress: 12%
2025-7-26 10:16:58-debug: // ---- build task 填充脚本数据到 settings.json ----
2025-7-26 10:16:58-debug: 填充脚本数据到 settings.json start, progress: 12%
2025-7-26 10:16:58-debug: [Build Memory track]: 整理部分构建选项内数据到 settings.json start:210.00MB, end 210.02MB, increase: 14.98KB
2025-7-26 10:16:58-log: run build task 填充脚本数据到 settings.json success in √, progress: 13%
2025-7-26 10:16:58-debug: // ---- build task 整理部分构建选项内数据到 settings.json ----
2025-7-26 10:16:58-debug: [Build Memory track]: 填充脚本数据到 settings.json start:210.04MB, end 210.06MB, increase: 15.45KB
2025-7-26 10:16:58-debug: 整理部分构建选项内数据到 settings.json start, progress: 13%
2025-7-26 10:16:58-log: run build task 整理部分构建选项内数据到 settings.json success in 1 ms√, progress: 15%
2025-7-26 10:16:58-debug: [Build Memory track]: 整理部分构建选项内数据到 settings.json start:210.08MB, end 210.20MB, increase: 122.81KB
2025-7-26 10:16:58-debug: // ---- build task 整理部分构建选项内数据到 settings.json ---- (1ms)
2025-7-26 10:17:05-debug: refresh db internal success
2025-7-26 10:17:05-debug: refresh db assets success
2025-7-26 10:17:05-debug: Run asset db hook engine-extends:afterRefresh ...
2025-7-26 10:17:05-debug: Run asset db hook engine-extends:afterRefresh success!
2025-7-26 10:17:05-debug: asset-db:refresh-all-database (15ms)
2025-7-26 10:18:57-debug: refresh db internal success
2025-7-26 10:18:57-debug: %cImport%c: /Users/zhao/Desktop/test/cocos-creator/PlaneFight/assets/Scripts/Player.tsbackground: #aaff85; color: #000;color: #000;
2025-7-26 10:18:57-debug: refresh db assets success
2025-7-26 10:18:57-debug: Run asset db hook engine-extends:afterRefresh success!
2025-7-26 10:18:57-debug: Run asset db hook engine-extends:afterRefresh ...
2025-7-26 10:18:57-debug: asset-db:refresh-all-database (29ms)
2025-7-26 10:18:57-debug: asset-db-hook-engine-extends-afterRefresh (1ms)
2025-7-26 10:18:57-debug: asset-db:worker-effect-data-processing (1ms)
2025-7-26 10:18:59-debug: Query all assets info in project
2025-7-26 10:18:59-debug: init custom config: keepNodeUuid: false, useCache: true
2025-7-26 10:18:59-debug: Skip compress image, progress: 0%
2025-7-26 10:18:59-debug: Init all bundles start..., progress: 0%
2025-7-26 10:18:59-debug: // ---- build task 查询 Asset Bundle ----
2025-7-26 10:18:59-debug: 查询 Asset Bundle start, progress: 0%
2025-7-26 10:18:59-debug: Num of bundles: 2..., progress: 0%
2025-7-26 10:18:59-debug: Init bundle root assets start..., progress: 0%
2025-7-26 10:18:59-debug: Query preload assets/scripts from cc.config.json: 60f7195c-ec2a-45eb-ba94-8955f60e81d0,1c02ae6f-4492-4915-b8f8-7492a3b1e4cd,810e96e4-e456-4468-9b59-f4e8f39732c0,efe8e2a3-eace-427b-b4f1-cb8a937ec77d,e9aa9a3e-5b2b-4ac7-a2c7-073de2b2b24f,8bbdbcdd-5cd4-4100-b6d5-b7c9625b6107,50f4348b-c883-4e2f-8f11-ce233b859fa1,fda095cb-831d-4601-ad94-846013963de8,f92806d7-1768-443f-afe8-12bcde84d0f0,dd3a144d-ab7f-41f0-82b8-2e43a090d496,f0416e68-0200-4b77-a926-4f9d16e494da,970b0598-bcb0-4714-91fb-2e81440dccd8,bcd64cc6-2dd9-43f6-abbe-66318d332032,d930590d-bb92-4cc8-8bd1-23cd027f9edf,a3cd009f-0ab0-420d-9278-b9fdab939bbc,6a2d0734-bd9e-4ddf-946e-caa52498cb75,c27215d8-6835-4b68-bfbb-bdeac6100c04,b5d6115f-0370-4d7c-aad3-c194cc71cf98,871c3b6c-7379-419d-bda3-794b239ab90d,ff9b0199-ce04-4cfe-86cc-6c719f08d6e4,de1c2107-70c8-4021-8459-6399f24d01c6,cbf30902-517f-40dc-af90-a550bac27cf1
2025-7-26 10:18:59-debug:   Number of all scenes: 1
2025-7-26 10:18:59-debug: Init bundle root assets success..., progress: 0%
2025-7-26 10:18:59-debug:   Number of all scripts: 14
2025-7-26 10:18:59-debug:   Number of other assets: 510
2025-7-26 10:18:59-debug: // ---- build task 查询 Asset Bundle ---- (1ms)
2025-7-26 10:18:59-debug: 查询 Asset Bundle start, progress: 5%
2025-7-26 10:18:59-log: run build task 查询 Asset Bundle success in 1 ms√, progress: 5%
2025-7-26 10:18:59-debug: // ---- build task 查询 Asset Bundle ----
2025-7-26 10:18:59-debug: [Build Memory track]: 查询 Asset Bundle start:210.84MB, end 210.56MB, increase: -294.43KB
2025-7-26 10:18:59-debug: // ---- build task 查询 Asset Bundle ---- (1ms)
2025-7-26 10:18:59-log: run build task 查询 Asset Bundle success in 1 ms√, progress: 10%
2025-7-26 10:18:59-debug: 整理部分构建选项内数据到 settings.json start, progress: 10%
2025-7-26 10:18:59-debug: // ---- build task 整理部分构建选项内数据到 settings.json ----
2025-7-26 10:18:59-debug: [Build Memory track]: 查询 Asset Bundle start:210.58MB, end 210.69MB, increase: 106.86KB
2025-7-26 10:18:59-log: run build task 整理部分构建选项内数据到 settings.json success in √, progress: 12%
2025-7-26 10:18:59-debug: // ---- build task 填充脚本数据到 settings.json ----
2025-7-26 10:18:59-debug: [Build Memory track]: 整理部分构建选项内数据到 settings.json start:210.71MB, end 210.73MB, increase: 16.41KB
2025-7-26 10:18:59-debug: 填充脚本数据到 settings.json start, progress: 12%
2025-7-26 10:18:59-log: run build task 填充脚本数据到 settings.json success in √, progress: 13%
2025-7-26 10:18:59-debug: // ---- build task 整理部分构建选项内数据到 settings.json ----
2025-7-26 10:18:59-debug: 整理部分构建选项内数据到 settings.json start, progress: 13%
2025-7-26 10:18:59-debug: [Build Memory track]: 填充脚本数据到 settings.json start:210.75MB, end 210.77MB, increase: 15.10KB
2025-7-26 10:18:59-debug: // ---- build task 整理部分构建选项内数据到 settings.json ---- (1ms)
2025-7-26 10:18:59-log: run build task 整理部分构建选项内数据到 settings.json success in 1 ms√, progress: 15%
2025-7-26 10:18:59-debug: [Build Memory track]: 整理部分构建选项内数据到 settings.json start:210.79MB, end 210.91MB, increase: 122.01KB
2025-7-26 10:19:43-debug: refresh db internal success
2025-7-26 10:19:43-debug: refresh db assets success
2025-7-26 10:19:43-debug: Run asset db hook engine-extends:afterRefresh ...
2025-7-26 10:19:43-debug: Run asset db hook engine-extends:afterRefresh success!
2025-7-26 10:19:43-debug: asset-db:refresh-all-database (20ms)
2025-7-26 10:19:43-debug: asset-db:worker-effect-data-processing (1ms)
2025-7-26 10:19:43-debug: asset-db-hook-engine-extends-afterRefresh (1ms)
2025-7-26 10:20:12-debug: refresh db internal success
2025-7-26 10:20:12-debug: refresh db assets success
2025-7-26 10:20:12-debug: Run asset db hook engine-extends:afterRefresh ...
2025-7-26 10:20:12-debug: Run asset db hook engine-extends:afterRefresh success!
2025-7-26 10:20:12-debug: asset-db:refresh-all-database (22ms)
2025-7-26 10:20:23-debug: %cImport%c: /Users/zhao/Desktop/test/cocos-creator/PlaneFight/assets/Prefabs/Blow.prefabbackground: #aaff85; color: #000;color: #000;
2025-7-26 10:20:23-debug: asset-db:reimport-asset03181f81-4bf2-4f84-9ca2-f56f9a7dfbd0 (5ms)
2025-7-26 10:20:24-debug: %cImport%c: /Users/zhao/Desktop/test/cocos-creator/PlaneFight/assets/Scenes/Start.scenebackground: #aaff85; color: #000;color: #000;
2025-7-26 10:20:24-debug: asset-db:reimport-asset2fda4d65-a1e9-4078-8250-de49b04cdc34 (6ms)
2025-7-26 10:20:25-debug: Query all assets info in project
2025-7-26 10:20:25-debug: init custom config: keepNodeUuid: false, useCache: true
2025-7-26 10:20:25-debug: Skip compress image, progress: 0%
2025-7-26 10:20:25-debug: Init all bundles start..., progress: 0%
2025-7-26 10:20:25-debug: Num of bundles: 2..., progress: 0%
2025-7-26 10:20:25-debug: 查询 Asset Bundle start, progress: 0%
2025-7-26 10:20:25-debug: // ---- build task 查询 Asset Bundle ----
2025-7-26 10:20:25-debug: Init bundle root assets start..., progress: 0%
2025-7-26 10:20:25-debug: Query preload assets/scripts from cc.config.json: 60f7195c-ec2a-45eb-ba94-8955f60e81d0,1c02ae6f-4492-4915-b8f8-7492a3b1e4cd,810e96e4-e456-4468-9b59-f4e8f39732c0,efe8e2a3-eace-427b-b4f1-cb8a937ec77d,e9aa9a3e-5b2b-4ac7-a2c7-073de2b2b24f,8bbdbcdd-5cd4-4100-b6d5-b7c9625b6107,50f4348b-c883-4e2f-8f11-ce233b859fa1,fda095cb-831d-4601-ad94-846013963de8,f92806d7-1768-443f-afe8-12bcde84d0f0,dd3a144d-ab7f-41f0-82b8-2e43a090d496,f0416e68-0200-4b77-a926-4f9d16e494da,970b0598-bcb0-4714-91fb-2e81440dccd8,bcd64cc6-2dd9-43f6-abbe-66318d332032,d930590d-bb92-4cc8-8bd1-23cd027f9edf,a3cd009f-0ab0-420d-9278-b9fdab939bbc,6a2d0734-bd9e-4ddf-946e-caa52498cb75,c27215d8-6835-4b68-bfbb-bdeac6100c04,b5d6115f-0370-4d7c-aad3-c194cc71cf98,871c3b6c-7379-419d-bda3-794b239ab90d,ff9b0199-ce04-4cfe-86cc-6c719f08d6e4,de1c2107-70c8-4021-8459-6399f24d01c6,cbf30902-517f-40dc-af90-a550bac27cf1
2025-7-26 10:20:25-debug: Init bundle root assets success..., progress: 0%
2025-7-26 10:20:25-debug:   Number of all scenes: 1
2025-7-26 10:20:25-debug:   Number of other assets: 510
2025-7-26 10:20:25-debug:   Number of all scripts: 14
2025-7-26 10:20:25-debug: // ---- build task 查询 Asset Bundle ---- (1ms)
2025-7-26 10:20:25-log: run build task 查询 Asset Bundle success in 1 ms√, progress: 5%
2025-7-26 10:20:25-debug: 查询 Asset Bundle start, progress: 5%
2025-7-26 10:20:25-debug: [Build Memory track]: 查询 Asset Bundle start:211.77MB, end 211.51MB, increase: -259.95KB
2025-7-26 10:20:25-debug: // ---- build task 查询 Asset Bundle ----
2025-7-26 10:20:25-debug: // ---- build task 查询 Asset Bundle ---- (1ms)
2025-7-26 10:20:25-debug: // ---- build task 整理部分构建选项内数据到 settings.json ----
2025-7-26 10:20:25-debug: [Build Memory track]: 查询 Asset Bundle start:211.54MB, end 211.64MB, increase: 109.97KB
2025-7-26 10:20:25-debug: 整理部分构建选项内数据到 settings.json start, progress: 10%
2025-7-26 10:20:25-log: run build task 查询 Asset Bundle success in 1 ms√, progress: 10%
2025-7-26 10:20:25-log: run build task 整理部分构建选项内数据到 settings.json success in √, progress: 12%
2025-7-26 10:20:25-debug: 填充脚本数据到 settings.json start, progress: 12%
2025-7-26 10:20:25-debug: [Build Memory track]: 整理部分构建选项内数据到 settings.json start:211.67MB, end 211.68MB, increase: 16.25KB
2025-7-26 10:20:25-debug: // ---- build task 填充脚本数据到 settings.json ----
2025-7-26 10:20:25-log: run build task 填充脚本数据到 settings.json success in √, progress: 13%
2025-7-26 10:20:25-debug: // ---- build task 整理部分构建选项内数据到 settings.json ----
2025-7-26 10:20:25-debug: 整理部分构建选项内数据到 settings.json start, progress: 13%
2025-7-26 10:20:25-debug: [Build Memory track]: 填充脚本数据到 settings.json start:211.71MB, end 211.72MB, increase: 15.07KB
2025-7-26 10:20:25-debug: // ---- build task 整理部分构建选项内数据到 settings.json ---- (1ms)
2025-7-26 10:20:25-log: run build task 整理部分构建选项内数据到 settings.json success in 1 ms√, progress: 15%
2025-7-26 10:20:25-debug: [Build Memory track]: 整理部分构建选项内数据到 settings.json start:211.75MB, end 211.87MB, increase: 121.95KB
2025-7-26 10:21:03-debug: refresh db internal success
2025-7-26 10:21:03-debug: refresh db assets success
2025-7-26 10:21:03-debug: Run asset db hook engine-extends:afterRefresh ...
2025-7-26 10:21:03-debug: Run asset db hook engine-extends:afterRefresh success!
2025-7-26 10:21:03-debug: asset-db:refresh-all-database (29ms)
2025-7-26 10:48:23-debug: refresh db internal success
2025-7-26 10:48:23-debug: %cImport%c: /Users/zhao/Desktop/test/cocos-creator/PlaneFight/assets/Scripts/Player.tsbackground: #aaff85; color: #000;color: #000;
2025-7-26 10:48:23-debug: refresh db assets success
2025-7-26 10:48:23-debug: Run asset db hook engine-extends:afterRefresh ...
2025-7-26 10:48:23-debug: Run asset db hook engine-extends:afterRefresh success!
2025-7-26 10:48:23-debug: asset-db:refresh-all-database (43ms)
2025-7-26 10:48:23-debug: asset-db-hook-engine-extends-afterRefresh (1ms)
2025-7-26 10:48:28-debug: Query all assets info in project
2025-7-26 10:48:28-debug: init custom config: keepNodeUuid: false, useCache: true
2025-7-26 10:48:28-debug: Skip compress image, progress: 0%
2025-7-26 10:48:28-debug: Init all bundles start..., progress: 0%
2025-7-26 10:48:28-debug: // ---- build task 查询 Asset Bundle ----
2025-7-26 10:48:28-debug: Num of bundles: 2..., progress: 0%
2025-7-26 10:48:28-debug: 查询 Asset Bundle start, progress: 0%
2025-7-26 10:48:28-debug: Init bundle root assets start..., progress: 0%
2025-7-26 10:48:28-debug: Query preload assets/scripts from cc.config.json: 60f7195c-ec2a-45eb-ba94-8955f60e81d0,1c02ae6f-4492-4915-b8f8-7492a3b1e4cd,810e96e4-e456-4468-9b59-f4e8f39732c0,efe8e2a3-eace-427b-b4f1-cb8a937ec77d,e9aa9a3e-5b2b-4ac7-a2c7-073de2b2b24f,8bbdbcdd-5cd4-4100-b6d5-b7c9625b6107,50f4348b-c883-4e2f-8f11-ce233b859fa1,fda095cb-831d-4601-ad94-846013963de8,f92806d7-1768-443f-afe8-12bcde84d0f0,dd3a144d-ab7f-41f0-82b8-2e43a090d496,f0416e68-0200-4b77-a926-4f9d16e494da,970b0598-bcb0-4714-91fb-2e81440dccd8,bcd64cc6-2dd9-43f6-abbe-66318d332032,d930590d-bb92-4cc8-8bd1-23cd027f9edf,a3cd009f-0ab0-420d-9278-b9fdab939bbc,6a2d0734-bd9e-4ddf-946e-caa52498cb75,c27215d8-6835-4b68-bfbb-bdeac6100c04,b5d6115f-0370-4d7c-aad3-c194cc71cf98,871c3b6c-7379-419d-bda3-794b239ab90d,ff9b0199-ce04-4cfe-86cc-6c719f08d6e4,de1c2107-70c8-4021-8459-6399f24d01c6,cbf30902-517f-40dc-af90-a550bac27cf1
2025-7-26 10:48:28-debug: Init bundle root assets success..., progress: 0%
2025-7-26 10:48:28-debug:   Number of all scripts: 14
2025-7-26 10:48:28-debug:   Number of other assets: 510
2025-7-26 10:48:28-debug:   Number of all scenes: 1
2025-7-26 10:48:28-debug: // ---- build task 查询 Asset Bundle ---- (1ms)
2025-7-26 10:48:28-log: run build task 查询 Asset Bundle success in 1 ms√, progress: 5%
2025-7-26 10:48:28-debug: [Build Memory track]: 查询 Asset Bundle start:212.84MB, end 212.55MB, increase: -303.55KB
2025-7-26 10:48:28-debug: 查询 Asset Bundle start, progress: 5%
2025-7-26 10:48:28-debug: // ---- build task 查询 Asset Bundle ----
2025-7-26 10:48:28-debug: // ---- build task 查询 Asset Bundle ---- (1ms)
2025-7-26 10:48:28-debug: 整理部分构建选项内数据到 settings.json start, progress: 10%
2025-7-26 10:48:28-debug: [Build Memory track]: 查询 Asset Bundle start:212.57MB, end 212.68MB, increase: 109.34KB
2025-7-26 10:48:28-debug: // ---- build task 整理部分构建选项内数据到 settings.json ----
2025-7-26 10:48:28-log: run build task 查询 Asset Bundle success in 1 ms√, progress: 10%
2025-7-26 10:48:28-log: run build task 整理部分构建选项内数据到 settings.json success in √, progress: 12%
2025-7-26 10:48:28-debug: [Build Memory track]: 整理部分构建选项内数据到 settings.json start:212.70MB, end 212.72MB, increase: 15.44KB
2025-7-26 10:48:28-debug: 填充脚本数据到 settings.json start, progress: 12%
2025-7-26 10:48:28-debug: // ---- build task 填充脚本数据到 settings.json ----
2025-7-26 10:48:28-log: run build task 填充脚本数据到 settings.json success in √, progress: 13%
2025-7-26 10:48:28-debug: [Build Memory track]: 填充脚本数据到 settings.json start:212.74MB, end 212.76MB, increase: 15.48KB
2025-7-26 10:48:28-debug: // ---- build task 整理部分构建选项内数据到 settings.json ----
2025-7-26 10:48:28-debug: 整理部分构建选项内数据到 settings.json start, progress: 13%
2025-7-26 10:48:28-debug: // ---- build task 整理部分构建选项内数据到 settings.json ---- (1ms)
2025-7-26 10:48:28-log: run build task 整理部分构建选项内数据到 settings.json success in 1 ms√, progress: 15%
2025-7-26 10:48:28-debug: [Build Memory track]: 整理部分构建选项内数据到 settings.json start:212.78MB, end 212.90MB, increase: 122.33KB
2025-7-26 10:48:57-debug: refresh db internal success
2025-7-26 10:48:57-debug: %cImport%c: /Users/zhao/Desktop/test/cocos-creator/PlaneFight/assets/Scripts/Player.tsbackground: #aaff85; color: #000;color: #000;
2025-7-26 10:48:57-debug: refresh db assets success
2025-7-26 10:48:57-debug: Run asset db hook engine-extends:afterRefresh ...
2025-7-26 10:48:57-debug: Run asset db hook engine-extends:afterRefresh success!
2025-7-26 10:48:57-debug: asset-db:refresh-all-database (25ms)
2025-7-26 10:48:57-debug: asset-db-hook-engine-extends-afterRefresh (1ms)
2025-7-26 10:49:10-debug: refresh db internal success
2025-7-26 10:49:10-debug: refresh db assets success
2025-7-26 10:49:10-debug: Run asset db hook engine-extends:afterRefresh ...
2025-7-26 10:49:10-debug: Run asset db hook engine-extends:afterRefresh success!
2025-7-26 10:49:10-debug: asset-db:refresh-all-database (29ms)
2025-7-26 10:50:18-debug: Query all assets info in project
2025-7-26 10:50:18-debug: init custom config: keepNodeUuid: false, useCache: true
2025-7-26 10:50:18-debug: Skip compress image, progress: 0%
2025-7-26 10:50:18-debug: Init all bundles start..., progress: 0%
2025-7-26 10:50:18-debug: Num of bundles: 2..., progress: 0%
2025-7-26 10:50:18-debug: // ---- build task 查询 Asset Bundle ----
2025-7-26 10:50:18-debug: 查询 Asset Bundle start, progress: 0%
2025-7-26 10:50:18-debug: Init bundle root assets start..., progress: 0%
2025-7-26 10:50:18-debug: Query preload assets/scripts from cc.config.json: 60f7195c-ec2a-45eb-ba94-8955f60e81d0,1c02ae6f-4492-4915-b8f8-7492a3b1e4cd,810e96e4-e456-4468-9b59-f4e8f39732c0,efe8e2a3-eace-427b-b4f1-cb8a937ec77d,e9aa9a3e-5b2b-4ac7-a2c7-073de2b2b24f,8bbdbcdd-5cd4-4100-b6d5-b7c9625b6107,50f4348b-c883-4e2f-8f11-ce233b859fa1,fda095cb-831d-4601-ad94-846013963de8,f92806d7-1768-443f-afe8-12bcde84d0f0,dd3a144d-ab7f-41f0-82b8-2e43a090d496,f0416e68-0200-4b77-a926-4f9d16e494da,970b0598-bcb0-4714-91fb-2e81440dccd8,bcd64cc6-2dd9-43f6-abbe-66318d332032,d930590d-bb92-4cc8-8bd1-23cd027f9edf,a3cd009f-0ab0-420d-9278-b9fdab939bbc,6a2d0734-bd9e-4ddf-946e-caa52498cb75,c27215d8-6835-4b68-bfbb-bdeac6100c04,b5d6115f-0370-4d7c-aad3-c194cc71cf98,871c3b6c-7379-419d-bda3-794b239ab90d,ff9b0199-ce04-4cfe-86cc-6c719f08d6e4,de1c2107-70c8-4021-8459-6399f24d01c6,cbf30902-517f-40dc-af90-a550bac27cf1
2025-7-26 10:50:18-debug: Init bundle root assets success..., progress: 0%
2025-7-26 10:50:18-debug:   Number of all scripts: 14
2025-7-26 10:50:18-debug:   Number of other assets: 510
2025-7-26 10:50:18-debug:   Number of all scenes: 1
2025-7-26 10:50:18-debug: // ---- build task 查询 Asset Bundle ---- (1ms)
2025-7-26 10:50:18-debug: [Build Memory track]: 查询 Asset Bundle start:214.45MB, end 214.31MB, increase: -140.82KB
2025-7-26 10:50:18-debug: 查询 Asset Bundle start, progress: 5%
2025-7-26 10:50:18-log: run build task 查询 Asset Bundle success in 1 ms√, progress: 5%
2025-7-26 10:50:18-debug: // ---- build task 查询 Asset Bundle ----
2025-7-26 10:50:18-debug: // ---- build task 查询 Asset Bundle ---- (1ms)
2025-7-26 10:50:18-debug: [Build Memory track]: 查询 Asset Bundle start:214.33MB, end 214.44MB, increase: 106.88KB
2025-7-26 10:50:18-debug: 整理部分构建选项内数据到 settings.json start, progress: 10%
2025-7-26 10:50:18-log: run build task 查询 Asset Bundle success in 1 ms√, progress: 10%
2025-7-26 10:50:18-debug: // ---- build task 整理部分构建选项内数据到 settings.json ----
2025-7-26 10:50:18-debug: [Build Memory track]: 整理部分构建选项内数据到 settings.json start:214.46MB, end 213.74MB, increase: -742.06KB
2025-7-26 10:50:18-log: run build task 整理部分构建选项内数据到 settings.json success in √, progress: 12%
2025-7-26 10:50:18-debug: 填充脚本数据到 settings.json start, progress: 12%
2025-7-26 10:50:18-debug: // ---- build task 填充脚本数据到 settings.json ----
2025-7-26 10:50:18-log: run build task 填充脚本数据到 settings.json success in √, progress: 13%
2025-7-26 10:50:18-debug: [Build Memory track]: 填充脚本数据到 settings.json start:213.76MB, end 213.78MB, increase: 14.41KB
2025-7-26 10:50:18-debug: 整理部分构建选项内数据到 settings.json start, progress: 13%
2025-7-26 10:50:18-debug: // ---- build task 整理部分构建选项内数据到 settings.json ----
2025-7-26 10:50:18-log: run build task 整理部分构建选项内数据到 settings.json success in √, progress: 15%
2025-7-26 10:50:18-debug: [Build Memory track]: 整理部分构建选项内数据到 settings.json start:213.80MB, end 213.91MB, increase: 114.53KB
2025-7-26 10:50:28-debug: %cImport%c: /Users/zhao/Desktop/test/cocos-creator/PlaneFight/assets/Scenes/Start.scenebackground: #aaff85; color: #000;color: #000;
2025-7-26 10:50:28-debug: asset-db:reimport-asset2fda4d65-a1e9-4078-8250-de49b04cdc34 (4ms)
2025-7-26 10:50:28-debug: Query all assets info in project
2025-7-26 10:50:28-debug: init custom config: keepNodeUuid: false, useCache: true
2025-7-26 10:50:28-debug: Skip compress image, progress: 0%
2025-7-26 10:50:28-debug: Init all bundles start..., progress: 0%
2025-7-26 10:50:28-debug: // ---- build task 查询 Asset Bundle ----
2025-7-26 10:50:28-debug: 查询 Asset Bundle start, progress: 0%
2025-7-26 10:50:28-debug: Num of bundles: 2..., progress: 0%
2025-7-26 10:50:28-debug: Init bundle root assets start..., progress: 0%
2025-7-26 10:50:28-debug: Query preload assets/scripts from cc.config.json: 60f7195c-ec2a-45eb-ba94-8955f60e81d0,1c02ae6f-4492-4915-b8f8-7492a3b1e4cd,810e96e4-e456-4468-9b59-f4e8f39732c0,efe8e2a3-eace-427b-b4f1-cb8a937ec77d,e9aa9a3e-5b2b-4ac7-a2c7-073de2b2b24f,8bbdbcdd-5cd4-4100-b6d5-b7c9625b6107,50f4348b-c883-4e2f-8f11-ce233b859fa1,fda095cb-831d-4601-ad94-846013963de8,f92806d7-1768-443f-afe8-12bcde84d0f0,dd3a144d-ab7f-41f0-82b8-2e43a090d496,f0416e68-0200-4b77-a926-4f9d16e494da,970b0598-bcb0-4714-91fb-2e81440dccd8,bcd64cc6-2dd9-43f6-abbe-66318d332032,d930590d-bb92-4cc8-8bd1-23cd027f9edf,a3cd009f-0ab0-420d-9278-b9fdab939bbc,6a2d0734-bd9e-4ddf-946e-caa52498cb75,c27215d8-6835-4b68-bfbb-bdeac6100c04,b5d6115f-0370-4d7c-aad3-c194cc71cf98,871c3b6c-7379-419d-bda3-794b239ab90d,ff9b0199-ce04-4cfe-86cc-6c719f08d6e4,de1c2107-70c8-4021-8459-6399f24d01c6,cbf30902-517f-40dc-af90-a550bac27cf1
2025-7-26 10:50:28-debug:   Number of all scripts: 14
2025-7-26 10:50:28-debug:   Number of all scenes: 1
2025-7-26 10:50:28-debug:   Number of other assets: 510
2025-7-26 10:50:28-debug: Init bundle root assets success..., progress: 0%
2025-7-26 10:50:28-debug: // ---- build task 查询 Asset Bundle ---- (1ms)
2025-7-26 10:50:28-log: run build task 查询 Asset Bundle success in 1 ms√, progress: 5%
2025-7-26 10:50:28-debug: // ---- build task 查询 Asset Bundle ----
2025-7-26 10:50:28-debug: 查询 Asset Bundle start, progress: 5%
2025-7-26 10:50:28-debug: [Build Memory track]: 查询 Asset Bundle start:214.38MB, end 214.14MB, increase: -252.35KB
2025-7-26 10:50:28-debug: // ---- build task 查询 Asset Bundle ---- (1ms)
2025-7-26 10:50:28-log: run build task 查询 Asset Bundle success in 1 ms√, progress: 10%
2025-7-26 10:50:28-debug: [Build Memory track]: 查询 Asset Bundle start:214.16MB, end 214.27MB, increase: 112.90KB
2025-7-26 10:50:28-debug: 整理部分构建选项内数据到 settings.json start, progress: 10%
2025-7-26 10:50:28-debug: // ---- build task 整理部分构建选项内数据到 settings.json ----
2025-7-26 10:50:28-debug: [Build Memory track]: 整理部分构建选项内数据到 settings.json start:214.30MB, end 214.31MB, increase: 16.59KB
2025-7-26 10:50:28-log: run build task 整理部分构建选项内数据到 settings.json success in √, progress: 12%
2025-7-26 10:50:28-debug: 填充脚本数据到 settings.json start, progress: 12%
2025-7-26 10:50:28-debug: // ---- build task 填充脚本数据到 settings.json ----
2025-7-26 10:50:28-log: run build task 填充脚本数据到 settings.json success in √, progress: 13%
2025-7-26 10:50:28-debug: 整理部分构建选项内数据到 settings.json start, progress: 13%
2025-7-26 10:50:28-debug: [Build Memory track]: 填充脚本数据到 settings.json start:214.34MB, end 214.35MB, increase: 15.28KB
2025-7-26 10:50:28-debug: // ---- build task 整理部分构建选项内数据到 settings.json ----
2025-7-26 10:50:28-debug: // ---- build task 整理部分构建选项内数据到 settings.json ---- (1ms)
2025-7-26 10:50:28-log: run build task 整理部分构建选项内数据到 settings.json success in 1 ms√, progress: 15%
2025-7-26 10:50:28-debug: [Build Memory track]: 整理部分构建选项内数据到 settings.json start:214.38MB, end 214.50MB, increase: 123.06KB
2025-7-26 10:51:25-debug: refresh db internal success
2025-7-26 10:51:25-debug: %cImport%c: /Users/zhao/Desktop/test/cocos-creator/PlaneFight/assets/Scripts/Player.tsbackground: #aaff85; color: #000;color: #000;
2025-7-26 10:51:25-debug: refresh db assets success
2025-7-26 10:51:25-debug: Run asset db hook engine-extends:afterRefresh ...
2025-7-26 10:51:25-debug: Run asset db hook engine-extends:afterRefresh success!
2025-7-26 10:51:25-debug: asset-db:refresh-all-database (32ms)
2025-7-26 10:51:25-debug: asset-db:worker-effect-data-processing (1ms)
2025-7-26 10:51:25-debug: asset-db-hook-engine-extends-afterRefresh (1ms)
2025-7-26 10:51:30-debug: refresh db internal success
2025-7-26 10:51:30-debug: %cImport%c: /Users/zhao/Desktop/test/cocos-creator/PlaneFight/assets/Scripts/Player.tsbackground: #aaff85; color: #000;color: #000;
2025-7-26 10:51:30-debug: refresh db assets success
2025-7-26 10:51:30-debug: Run asset db hook engine-extends:afterRefresh success!
2025-7-26 10:51:30-debug: asset-db-hook-engine-extends-afterRefresh (1ms)
2025-7-26 10:51:30-debug: Run asset db hook engine-extends:afterRefresh ...
2025-7-26 10:51:30-debug: asset-db:refresh-all-database (33ms)
2025-7-26 10:51:30-debug: asset-db:worker-effect-data-processing (1ms)
2025-7-26 10:51:31-debug: %cImport%c: /Users/zhao/Desktop/test/cocos-creator/PlaneFight/assets/Scenes/Start.scenebackground: #aaff85; color: #000;color: #000;
2025-7-26 10:51:31-debug: asset-db:reimport-asset2fda4d65-a1e9-4078-8250-de49b04cdc34 (6ms)
2025-7-26 10:51:33-debug: Query all assets info in project
2025-7-26 10:51:33-debug: init custom config: keepNodeUuid: false, useCache: true
2025-7-26 10:51:33-debug: Skip compress image, progress: 0%
2025-7-26 10:51:33-debug: Init all bundles start..., progress: 0%
2025-7-26 10:51:33-debug: Num of bundles: 2..., progress: 0%
2025-7-26 10:51:33-debug: 查询 Asset Bundle start, progress: 0%
2025-7-26 10:51:33-debug: // ---- build task 查询 Asset Bundle ----
2025-7-26 10:51:33-debug: Init bundle root assets start..., progress: 0%
2025-7-26 10:51:33-debug: Query preload assets/scripts from cc.config.json: 60f7195c-ec2a-45eb-ba94-8955f60e81d0,1c02ae6f-4492-4915-b8f8-7492a3b1e4cd,810e96e4-e456-4468-9b59-f4e8f39732c0,efe8e2a3-eace-427b-b4f1-cb8a937ec77d,e9aa9a3e-5b2b-4ac7-a2c7-073de2b2b24f,8bbdbcdd-5cd4-4100-b6d5-b7c9625b6107,50f4348b-c883-4e2f-8f11-ce233b859fa1,fda095cb-831d-4601-ad94-846013963de8,f92806d7-1768-443f-afe8-12bcde84d0f0,dd3a144d-ab7f-41f0-82b8-2e43a090d496,f0416e68-0200-4b77-a926-4f9d16e494da,970b0598-bcb0-4714-91fb-2e81440dccd8,bcd64cc6-2dd9-43f6-abbe-66318d332032,d930590d-bb92-4cc8-8bd1-23cd027f9edf,a3cd009f-0ab0-420d-9278-b9fdab939bbc,6a2d0734-bd9e-4ddf-946e-caa52498cb75,c27215d8-6835-4b68-bfbb-bdeac6100c04,b5d6115f-0370-4d7c-aad3-c194cc71cf98,871c3b6c-7379-419d-bda3-794b239ab90d,ff9b0199-ce04-4cfe-86cc-6c719f08d6e4,de1c2107-70c8-4021-8459-6399f24d01c6,cbf30902-517f-40dc-af90-a550bac27cf1
2025-7-26 10:51:33-debug:   Number of all scenes: 1
2025-7-26 10:51:33-debug:   Number of other assets: 510
2025-7-26 10:51:33-debug: Init bundle root assets success..., progress: 0%
2025-7-26 10:51:33-debug:   Number of all scripts: 14
2025-7-26 10:51:33-debug: // ---- build task 查询 Asset Bundle ---- (2ms)
2025-7-26 10:51:33-log: run build task 查询 Asset Bundle success in 2 ms√, progress: 5%
2025-7-26 10:51:33-debug: [Build Memory track]: 查询 Asset Bundle start:198.03MB, end 198.68MB, increase: 666.83KB
2025-7-26 10:51:33-debug: 查询 Asset Bundle start, progress: 5%
2025-7-26 10:51:33-debug: // ---- build task 查询 Asset Bundle ----
2025-7-26 10:51:33-log: run build task 查询 Asset Bundle success in √, progress: 10%
2025-7-26 10:51:33-debug: 整理部分构建选项内数据到 settings.json start, progress: 10%
2025-7-26 10:51:33-debug: [Build Memory track]: 查询 Asset Bundle start:198.71MB, end 198.81MB, increase: 101.75KB
2025-7-26 10:51:33-debug: // ---- build task 整理部分构建选项内数据到 settings.json ----
2025-7-26 10:51:33-log: run build task 整理部分构建选项内数据到 settings.json success in √, progress: 12%
2025-7-26 10:51:33-debug: 填充脚本数据到 settings.json start, progress: 12%
2025-7-26 10:51:33-debug: // ---- build task 填充脚本数据到 settings.json ----
2025-7-26 10:51:33-debug: [Build Memory track]: 整理部分构建选项内数据到 settings.json start:198.83MB, end 198.85MB, increase: 15.89KB
2025-7-26 10:51:33-log: run build task 填充脚本数据到 settings.json success in √, progress: 13%
2025-7-26 10:51:33-debug: [Build Memory track]: 填充脚本数据到 settings.json start:198.87MB, end 198.89MB, increase: 15.09KB
2025-7-26 10:51:33-debug: 整理部分构建选项内数据到 settings.json start, progress: 13%
2025-7-26 10:51:33-debug: // ---- build task 整理部分构建选项内数据到 settings.json ----
2025-7-26 10:51:33-debug: // ---- build task 整理部分构建选项内数据到 settings.json ---- (1ms)
2025-7-26 10:51:33-log: run build task 整理部分构建选项内数据到 settings.json success in 1 ms√, progress: 15%
2025-7-26 10:51:33-debug: [Build Memory track]: 整理部分构建选项内数据到 settings.json start:198.91MB, end 199.05MB, increase: 145.19KB
2025-7-26 10:51:48-debug: refresh db internal success
2025-7-26 10:51:48-debug: %cImport%c: /Users/zhao/Desktop/test/cocos-creator/PlaneFight/assets/Scripts/Player.tsbackground: #aaff85; color: #000;color: #000;
2025-7-26 10:51:48-debug: refresh db assets success
2025-7-26 10:51:48-debug: Run asset db hook engine-extends:afterRefresh ...
2025-7-26 10:51:48-debug: Run asset db hook engine-extends:afterRefresh success!
2025-7-26 10:51:48-debug: asset-db:refresh-all-database (27ms)
2025-7-26 10:51:49-debug: %cImport%c: /Users/zhao/Desktop/test/cocos-creator/PlaneFight/assets/Scenes/Start.scenebackground: #aaff85; color: #000;color: #000;
2025-7-26 10:51:49-debug: asset-db:reimport-asset2fda4d65-a1e9-4078-8250-de49b04cdc34 (5ms)
2025-7-26 10:51:50-debug: Query all assets info in project
2025-7-26 10:51:50-debug: init custom config: keepNodeUuid: false, useCache: true
2025-7-26 10:51:50-debug: Skip compress image, progress: 0%
2025-7-26 10:51:50-debug: Init all bundles start..., progress: 0%
2025-7-26 10:51:50-debug: // ---- build task 查询 Asset Bundle ----
2025-7-26 10:51:50-debug: 查询 Asset Bundle start, progress: 0%
2025-7-26 10:51:50-debug: Init bundle root assets start..., progress: 0%
2025-7-26 10:51:50-debug: Num of bundles: 2..., progress: 0%
2025-7-26 10:51:50-debug: Query preload assets/scripts from cc.config.json: 60f7195c-ec2a-45eb-ba94-8955f60e81d0,1c02ae6f-4492-4915-b8f8-7492a3b1e4cd,810e96e4-e456-4468-9b59-f4e8f39732c0,efe8e2a3-eace-427b-b4f1-cb8a937ec77d,e9aa9a3e-5b2b-4ac7-a2c7-073de2b2b24f,8bbdbcdd-5cd4-4100-b6d5-b7c9625b6107,50f4348b-c883-4e2f-8f11-ce233b859fa1,fda095cb-831d-4601-ad94-846013963de8,f92806d7-1768-443f-afe8-12bcde84d0f0,dd3a144d-ab7f-41f0-82b8-2e43a090d496,f0416e68-0200-4b77-a926-4f9d16e494da,970b0598-bcb0-4714-91fb-2e81440dccd8,bcd64cc6-2dd9-43f6-abbe-66318d332032,d930590d-bb92-4cc8-8bd1-23cd027f9edf,a3cd009f-0ab0-420d-9278-b9fdab939bbc,6a2d0734-bd9e-4ddf-946e-caa52498cb75,c27215d8-6835-4b68-bfbb-bdeac6100c04,b5d6115f-0370-4d7c-aad3-c194cc71cf98,871c3b6c-7379-419d-bda3-794b239ab90d,ff9b0199-ce04-4cfe-86cc-6c719f08d6e4,de1c2107-70c8-4021-8459-6399f24d01c6,cbf30902-517f-40dc-af90-a550bac27cf1
2025-7-26 10:51:50-debug: Init bundle root assets success..., progress: 0%
2025-7-26 10:51:50-debug:   Number of other assets: 510
2025-7-26 10:51:50-debug:   Number of all scripts: 14
2025-7-26 10:51:50-debug:   Number of all scenes: 1
2025-7-26 10:51:50-debug: // ---- build task 查询 Asset Bundle ---- (1ms)
2025-7-26 10:51:50-debug: [Build Memory track]: 查询 Asset Bundle start:198.33MB, end 198.97MB, increase: 648.74KB
2025-7-26 10:51:50-log: run build task 查询 Asset Bundle success in 1 ms√, progress: 5%
2025-7-26 10:51:50-debug: 查询 Asset Bundle start, progress: 5%
2025-7-26 10:51:50-debug: // ---- build task 查询 Asset Bundle ----
2025-7-26 10:51:50-debug: // ---- build task 查询 Asset Bundle ---- (1ms)
2025-7-26 10:51:50-log: run build task 查询 Asset Bundle success in 1 ms√, progress: 10%
2025-7-26 10:51:50-debug: 整理部分构建选项内数据到 settings.json start, progress: 10%
2025-7-26 10:51:50-debug: [Build Memory track]: 查询 Asset Bundle start:199.00MB, end 198.41MB, increase: -609.67KB
2025-7-26 10:51:50-debug: // ---- build task 整理部分构建选项内数据到 settings.json ----
2025-7-26 10:51:50-log: run build task 整理部分构建选项内数据到 settings.json success in √, progress: 12%
2025-7-26 10:51:50-debug: [Build Memory track]: 整理部分构建选项内数据到 settings.json start:198.43MB, end 198.45MB, increase: 16.92KB
2025-7-26 10:51:50-debug: // ---- build task 填充脚本数据到 settings.json ----
2025-7-26 10:51:50-debug: 填充脚本数据到 settings.json start, progress: 12%
2025-7-26 10:51:50-log: run build task 填充脚本数据到 settings.json success in √, progress: 13%
2025-7-26 10:51:50-debug: [Build Memory track]: 填充脚本数据到 settings.json start:198.47MB, end 198.49MB, increase: 15.05KB
2025-7-26 10:51:50-debug: 整理部分构建选项内数据到 settings.json start, progress: 13%
2025-7-26 10:51:50-debug: // ---- build task 整理部分构建选项内数据到 settings.json ----
2025-7-26 10:51:50-debug: // ---- build task 整理部分构建选项内数据到 settings.json ---- (1ms)
2025-7-26 10:51:50-log: run build task 整理部分构建选项内数据到 settings.json success in 1 ms√, progress: 15%
2025-7-26 10:51:50-debug: [Build Memory track]: 整理部分构建选项内数据到 settings.json start:198.51MB, end 198.63MB, increase: 123.79KB
2025-7-26 10:52:17-debug: refresh db internal success
2025-7-26 10:52:17-debug: refresh db assets success
2025-7-26 10:52:17-debug: Run asset db hook engine-extends:afterRefresh ...
2025-7-26 10:52:17-debug: Run asset db hook engine-extends:afterRefresh success!
2025-7-26 10:52:17-debug: asset-db:refresh-all-database (26ms)
2025-7-26 10:52:17-debug: asset-db-hook-engine-extends-afterRefresh (1ms)
2025-7-26 10:52:48-debug: refresh db internal success
2025-7-26 10:52:48-debug: %cImport%c: /Users/zhao/Desktop/test/cocos-creator/PlaneFight/assets/Scripts/Player.tsbackground: #aaff85; color: #000;color: #000;
2025-7-26 10:52:48-debug: refresh db assets success
2025-7-26 10:52:48-debug: Run asset db hook engine-extends:afterRefresh ...
2025-7-26 10:52:48-debug: Run asset db hook engine-extends:afterRefresh success!
2025-7-26 10:52:48-debug: asset-db:refresh-all-database (22ms)
2025-7-26 10:52:49-debug: %cImport%c: /Users/zhao/Desktop/test/cocos-creator/PlaneFight/assets/Scenes/Start.scenebackground: #aaff85; color: #000;color: #000;
2025-7-26 10:52:49-debug: asset-db:reimport-asset2fda4d65-a1e9-4078-8250-de49b04cdc34 (2ms)
2025-7-26 10:52:49-debug: %cImport%c: /Users/zhao/Desktop/test/cocos-creator/PlaneFight/assets/Scenes/Start.scenebackground: #aaff85; color: #000;color: #000;
2025-7-26 10:52:49-debug: asset-db:reimport-asset2fda4d65-a1e9-4078-8250-de49b04cdc34 (4ms)
2025-7-26 10:52:51-debug: Query all assets info in project
2025-7-26 10:52:51-debug: init custom config: keepNodeUuid: false, useCache: true
2025-7-26 10:52:51-debug: Skip compress image, progress: 0%
2025-7-26 10:52:51-debug: Init all bundles start..., progress: 0%
2025-7-26 10:52:51-debug: Num of bundles: 2..., progress: 0%
2025-7-26 10:52:51-debug: 查询 Asset Bundle start, progress: 0%
2025-7-26 10:52:51-debug: // ---- build task 查询 Asset Bundle ----
2025-7-26 10:52:51-debug: Init bundle root assets start..., progress: 0%
2025-7-26 10:52:51-debug: Query preload assets/scripts from cc.config.json: 60f7195c-ec2a-45eb-ba94-8955f60e81d0,1c02ae6f-4492-4915-b8f8-7492a3b1e4cd,810e96e4-e456-4468-9b59-f4e8f39732c0,efe8e2a3-eace-427b-b4f1-cb8a937ec77d,e9aa9a3e-5b2b-4ac7-a2c7-073de2b2b24f,8bbdbcdd-5cd4-4100-b6d5-b7c9625b6107,50f4348b-c883-4e2f-8f11-ce233b859fa1,fda095cb-831d-4601-ad94-846013963de8,f92806d7-1768-443f-afe8-12bcde84d0f0,dd3a144d-ab7f-41f0-82b8-2e43a090d496,f0416e68-0200-4b77-a926-4f9d16e494da,970b0598-bcb0-4714-91fb-2e81440dccd8,bcd64cc6-2dd9-43f6-abbe-66318d332032,d930590d-bb92-4cc8-8bd1-23cd027f9edf,a3cd009f-0ab0-420d-9278-b9fdab939bbc,6a2d0734-bd9e-4ddf-946e-caa52498cb75,c27215d8-6835-4b68-bfbb-bdeac6100c04,b5d6115f-0370-4d7c-aad3-c194cc71cf98,871c3b6c-7379-419d-bda3-794b239ab90d,ff9b0199-ce04-4cfe-86cc-6c719f08d6e4,de1c2107-70c8-4021-8459-6399f24d01c6,cbf30902-517f-40dc-af90-a550bac27cf1
2025-7-26 10:52:51-debug: Init bundle root assets success..., progress: 0%
2025-7-26 10:52:51-debug:   Number of all scripts: 14
2025-7-26 10:52:51-debug:   Number of other assets: 510
2025-7-26 10:52:51-debug:   Number of all scenes: 1
2025-7-26 10:52:51-debug: // ---- build task 查询 Asset Bundle ---- (2ms)
2025-7-26 10:52:51-debug: [Build Memory track]: 查询 Asset Bundle start:199.65MB, end 199.39MB, increase: -265.41KB
2025-7-26 10:52:51-log: run build task 查询 Asset Bundle success in 2 ms√, progress: 5%
2025-7-26 10:52:51-debug: // ---- build task 查询 Asset Bundle ----
2025-7-26 10:52:51-debug: 查询 Asset Bundle start, progress: 5%
2025-7-26 10:52:51-log: run build task 查询 Asset Bundle success in √, progress: 10%
2025-7-26 10:52:51-debug: [Build Memory track]: 查询 Asset Bundle start:199.42MB, end 199.52MB, increase: 99.68KB
2025-7-26 10:52:51-debug: 整理部分构建选项内数据到 settings.json start, progress: 10%
2025-7-26 10:52:51-debug: // ---- build task 整理部分构建选项内数据到 settings.json ----
2025-7-26 10:52:51-log: run build task 整理部分构建选项内数据到 settings.json success in √, progress: 12%
2025-7-26 10:52:51-debug: [Build Memory track]: 整理部分构建选项内数据到 settings.json start:199.54MB, end 199.56MB, increase: 16.11KB
2025-7-26 10:52:51-debug: 填充脚本数据到 settings.json start, progress: 12%
2025-7-26 10:52:51-debug: // ---- build task 填充脚本数据到 settings.json ----
2025-7-26 10:52:51-debug: // ---- build task 填充脚本数据到 settings.json ---- (1ms)
2025-7-26 10:52:51-debug: [Build Memory track]: 填充脚本数据到 settings.json start:199.58MB, end 199.61MB, increase: 26.09KB
2025-7-26 10:52:51-debug: 整理部分构建选项内数据到 settings.json start, progress: 13%
2025-7-26 10:52:51-debug: // ---- build task 整理部分构建选项内数据到 settings.json ----
2025-7-26 10:52:51-log: run build task 填充脚本数据到 settings.json success in 1 ms√, progress: 13%
2025-7-26 10:52:51-log: run build task 整理部分构建选项内数据到 settings.json success in √, progress: 15%
2025-7-26 10:52:51-debug: [Build Memory track]: 整理部分构建选项内数据到 settings.json start:199.63MB, end 199.75MB, increase: 116.21KB
2025-7-26 10:52:57-debug: Query all assets info in project
2025-7-26 10:52:57-debug: init custom config: keepNodeUuid: false, useCache: true
2025-7-26 10:52:57-debug: Skip compress image, progress: 0%
2025-7-26 10:52:57-debug: Init all bundles start..., progress: 0%
2025-7-26 10:52:57-debug: 查询 Asset Bundle start, progress: 0%
2025-7-26 10:52:57-debug: Num of bundles: 2..., progress: 0%
2025-7-26 10:52:57-debug: Init bundle root assets start..., progress: 0%
2025-7-26 10:52:57-debug: // ---- build task 查询 Asset Bundle ----
2025-7-26 10:52:57-debug: Query preload assets/scripts from cc.config.json: 60f7195c-ec2a-45eb-ba94-8955f60e81d0,1c02ae6f-4492-4915-b8f8-7492a3b1e4cd,810e96e4-e456-4468-9b59-f4e8f39732c0,efe8e2a3-eace-427b-b4f1-cb8a937ec77d,e9aa9a3e-5b2b-4ac7-a2c7-073de2b2b24f,8bbdbcdd-5cd4-4100-b6d5-b7c9625b6107,50f4348b-c883-4e2f-8f11-ce233b859fa1,fda095cb-831d-4601-ad94-846013963de8,f92806d7-1768-443f-afe8-12bcde84d0f0,dd3a144d-ab7f-41f0-82b8-2e43a090d496,f0416e68-0200-4b77-a926-4f9d16e494da,970b0598-bcb0-4714-91fb-2e81440dccd8,bcd64cc6-2dd9-43f6-abbe-66318d332032,d930590d-bb92-4cc8-8bd1-23cd027f9edf,a3cd009f-0ab0-420d-9278-b9fdab939bbc,6a2d0734-bd9e-4ddf-946e-caa52498cb75,c27215d8-6835-4b68-bfbb-bdeac6100c04,b5d6115f-0370-4d7c-aad3-c194cc71cf98,871c3b6c-7379-419d-bda3-794b239ab90d,ff9b0199-ce04-4cfe-86cc-6c719f08d6e4,de1c2107-70c8-4021-8459-6399f24d01c6,cbf30902-517f-40dc-af90-a550bac27cf1
2025-7-26 10:52:57-debug:   Number of other assets: 510
2025-7-26 10:52:57-debug:   Number of all scripts: 14
2025-7-26 10:52:57-debug: Init bundle root assets success..., progress: 0%
2025-7-26 10:52:57-debug:   Number of all scenes: 1
2025-7-26 10:52:57-debug: // ---- build task 查询 Asset Bundle ---- (2ms)
2025-7-26 10:52:57-log: run build task 查询 Asset Bundle success in 2 ms√, progress: 5%
2025-7-26 10:52:57-debug: // ---- build task 查询 Asset Bundle ----
2025-7-26 10:52:57-debug: 查询 Asset Bundle start, progress: 5%
2025-7-26 10:52:57-debug: [Build Memory track]: 查询 Asset Bundle start:199.62MB, end 199.34MB, increase: -281.30KB
2025-7-26 10:52:57-debug: [Build Memory track]: 查询 Asset Bundle start:199.37MB, end 199.47MB, increase: 99.38KB
2025-7-26 10:52:57-debug: // ---- build task 整理部分构建选项内数据到 settings.json ----
2025-7-26 10:52:57-log: run build task 查询 Asset Bundle success in √, progress: 10%
2025-7-26 10:52:57-debug: 整理部分构建选项内数据到 settings.json start, progress: 10%
2025-7-26 10:52:57-log: run build task 整理部分构建选项内数据到 settings.json success in √, progress: 12%
2025-7-26 10:52:57-debug: [Build Memory track]: 整理部分构建选项内数据到 settings.json start:199.49MB, end 199.51MB, increase: 15.90KB
2025-7-26 10:52:57-debug: 填充脚本数据到 settings.json start, progress: 12%
2025-7-26 10:52:57-debug: // ---- build task 填充脚本数据到 settings.json ----
2025-7-26 10:52:57-log: run build task 填充脚本数据到 settings.json success in √, progress: 13%
2025-7-26 10:52:57-debug: 整理部分构建选项内数据到 settings.json start, progress: 13%
2025-7-26 10:52:57-debug: // ---- build task 整理部分构建选项内数据到 settings.json ----
2025-7-26 10:52:57-debug: [Build Memory track]: 填充脚本数据到 settings.json start:199.53MB, end 199.55MB, increase: 15.88KB
2025-7-26 10:52:57-debug: // ---- build task 整理部分构建选项内数据到 settings.json ---- (2ms)
2025-7-26 10:52:57-log: run build task 整理部分构建选项内数据到 settings.json success in 2 ms√, progress: 15%
2025-7-26 10:52:57-debug: [Build Memory track]: 整理部分构建选项内数据到 settings.json start:199.57MB, end 199.69MB, increase: 122.55KB
2025-7-26 10:53:09-debug: refresh db internal success
2025-7-26 10:53:09-debug: refresh db assets success
2025-7-26 10:53:09-debug: Run asset db hook engine-extends:afterRefresh ...
2025-7-26 10:53:09-debug: Run asset db hook engine-extends:afterRefresh success!
2025-7-26 10:53:09-debug: asset-db:refresh-all-database (32ms)
2025-7-26 10:53:09-debug: asset-db:worker-effect-data-processing (1ms)
2025-7-26 10:53:09-debug: asset-db-hook-engine-extends-afterRefresh (1ms)
2025-7-26 10:53:38-debug: refresh db internal success
2025-7-26 10:53:38-debug: refresh db assets success
2025-7-26 10:53:38-debug: Run asset db hook engine-extends:afterRefresh ...
2025-7-26 10:53:38-debug: Run asset db hook engine-extends:afterRefresh success!
2025-7-26 10:53:38-debug: asset-db:refresh-all-database (29ms)
2025-7-26 10:53:52-debug: refresh db internal success
2025-7-26 10:53:52-debug: %cImport%c: /Users/zhao/Desktop/test/cocos-creator/PlaneFight/assets/Scripts/Player.tsbackground: #aaff85; color: #000;color: #000;
2025-7-26 10:53:52-debug: refresh db assets success
2025-7-26 10:53:52-debug: Run asset db hook engine-extends:afterRefresh ...
2025-7-26 10:53:52-debug: Run asset db hook engine-extends:afterRefresh success!
2025-7-26 10:53:52-debug: asset-db:refresh-all-database (22ms)
2025-7-26 10:53:52-debug: asset-db-hook-engine-extends-afterRefresh (1ms)
2025-7-26 10:53:52-debug: asset-db:worker-effect-data-processing (1ms)
2025-7-26 10:53:52-debug: %cImport%c: /Users/zhao/Desktop/test/cocos-creator/PlaneFight/assets/Scenes/Start.scenebackground: #aaff85; color: #000;color: #000;
2025-7-26 10:53:52-debug: asset-db:reimport-asset2fda4d65-a1e9-4078-8250-de49b04cdc34 (3ms)
2025-7-26 10:53:53-debug: Query all assets info in project
2025-7-26 10:53:53-debug: init custom config: keepNodeUuid: false, useCache: true
2025-7-26 10:53:53-debug: Skip compress image, progress: 0%
2025-7-26 10:53:53-debug: Init all bundles start..., progress: 0%
2025-7-26 10:53:53-debug: Num of bundles: 2..., progress: 0%
2025-7-26 10:53:53-debug: // ---- build task 查询 Asset Bundle ----
2025-7-26 10:53:53-debug: 查询 Asset Bundle start, progress: 0%
2025-7-26 10:53:53-debug: Init bundle root assets start..., progress: 0%
2025-7-26 10:53:53-debug: Query preload assets/scripts from cc.config.json: 60f7195c-ec2a-45eb-ba94-8955f60e81d0,1c02ae6f-4492-4915-b8f8-7492a3b1e4cd,810e96e4-e456-4468-9b59-f4e8f39732c0,efe8e2a3-eace-427b-b4f1-cb8a937ec77d,e9aa9a3e-5b2b-4ac7-a2c7-073de2b2b24f,8bbdbcdd-5cd4-4100-b6d5-b7c9625b6107,50f4348b-c883-4e2f-8f11-ce233b859fa1,fda095cb-831d-4601-ad94-846013963de8,f92806d7-1768-443f-afe8-12bcde84d0f0,dd3a144d-ab7f-41f0-82b8-2e43a090d496,f0416e68-0200-4b77-a926-4f9d16e494da,970b0598-bcb0-4714-91fb-2e81440dccd8,bcd64cc6-2dd9-43f6-abbe-66318d332032,d930590d-bb92-4cc8-8bd1-23cd027f9edf,a3cd009f-0ab0-420d-9278-b9fdab939bbc,6a2d0734-bd9e-4ddf-946e-caa52498cb75,c27215d8-6835-4b68-bfbb-bdeac6100c04,b5d6115f-0370-4d7c-aad3-c194cc71cf98,871c3b6c-7379-419d-bda3-794b239ab90d,ff9b0199-ce04-4cfe-86cc-6c719f08d6e4,de1c2107-70c8-4021-8459-6399f24d01c6,cbf30902-517f-40dc-af90-a550bac27cf1
2025-7-26 10:53:53-debug: Init bundle root assets success..., progress: 0%
2025-7-26 10:53:53-debug:   Number of all scenes: 1
2025-7-26 10:53:53-debug:   Number of all scripts: 14
2025-7-26 10:53:53-debug: // ---- build task 查询 Asset Bundle ---- (3ms)
2025-7-26 10:53:53-log: run build task 查询 Asset Bundle success in 3 ms√, progress: 5%
2025-7-26 10:53:53-debug: [Build Memory track]: 查询 Asset Bundle start:201.00MB, end 200.73MB, increase: -281.03KB
2025-7-26 10:53:53-debug: // ---- build task 查询 Asset Bundle ----
2025-7-26 10:53:53-debug: 查询 Asset Bundle start, progress: 5%
2025-7-26 10:53:53-debug:   Number of other assets: 510
2025-7-26 10:53:53-debug: // ---- build task 查询 Asset Bundle ---- (1ms)
2025-7-26 10:53:53-debug: [Build Memory track]: 查询 Asset Bundle start:200.75MB, end 200.86MB, increase: 108.27KB
2025-7-26 10:53:53-log: run build task 查询 Asset Bundle success in 1 ms√, progress: 10%
2025-7-26 10:53:53-debug: 整理部分构建选项内数据到 settings.json start, progress: 10%
2025-7-26 10:53:53-debug: // ---- build task 整理部分构建选项内数据到 settings.json ----
2025-7-26 10:53:53-log: run build task 整理部分构建选项内数据到 settings.json success in √, progress: 12%
2025-7-26 10:53:53-debug: [Build Memory track]: 整理部分构建选项内数据到 settings.json start:200.88MB, end 200.90MB, increase: 15.98KB
2025-7-26 10:53:53-debug: 填充脚本数据到 settings.json start, progress: 12%
2025-7-26 10:53:53-debug: // ---- build task 填充脚本数据到 settings.json ----
2025-7-26 10:53:53-debug: // ---- build task 填充脚本数据到 settings.json ---- (1ms)
2025-7-26 10:53:53-log: run build task 填充脚本数据到 settings.json success in 1 ms√, progress: 13%
2025-7-26 10:53:53-debug: [Build Memory track]: 填充脚本数据到 settings.json start:200.92MB, end 200.95MB, increase: 24.27KB
2025-7-26 10:53:53-debug: 整理部分构建选项内数据到 settings.json start, progress: 13%
2025-7-26 10:53:53-debug: // ---- build task 整理部分构建选项内数据到 settings.json ----
2025-7-26 10:53:53-debug: // ---- build task 整理部分构建选项内数据到 settings.json ---- (2ms)
2025-7-26 10:53:53-log: run build task 整理部分构建选项内数据到 settings.json success in 2 ms√, progress: 15%
2025-7-26 10:53:53-debug: [Build Memory track]: 整理部分构建选项内数据到 settings.json start:200.97MB, end 201.09MB, increase: 124.56KB
2025-7-26 10:53:55-debug: Query all assets info in project
2025-7-26 10:53:55-debug: init custom config: keepNodeUuid: false, useCache: true
2025-7-26 10:53:55-debug: Skip compress image, progress: 0%
2025-7-26 10:53:55-debug: Init all bundles start..., progress: 0%
2025-7-26 10:53:55-debug: Num of bundles: 2..., progress: 0%
2025-7-26 10:53:55-debug: Init bundle root assets start..., progress: 0%
2025-7-26 10:53:55-debug: 查询 Asset Bundle start, progress: 0%
2025-7-26 10:53:55-debug: // ---- build task 查询 Asset Bundle ----
2025-7-26 10:53:55-debug: Query preload assets/scripts from cc.config.json: 60f7195c-ec2a-45eb-ba94-8955f60e81d0,1c02ae6f-4492-4915-b8f8-7492a3b1e4cd,810e96e4-e456-4468-9b59-f4e8f39732c0,efe8e2a3-eace-427b-b4f1-cb8a937ec77d,e9aa9a3e-5b2b-4ac7-a2c7-073de2b2b24f,8bbdbcdd-5cd4-4100-b6d5-b7c9625b6107,50f4348b-c883-4e2f-8f11-ce233b859fa1,fda095cb-831d-4601-ad94-846013963de8,f92806d7-1768-443f-afe8-12bcde84d0f0,dd3a144d-ab7f-41f0-82b8-2e43a090d496,f0416e68-0200-4b77-a926-4f9d16e494da,970b0598-bcb0-4714-91fb-2e81440dccd8,bcd64cc6-2dd9-43f6-abbe-66318d332032,d930590d-bb92-4cc8-8bd1-23cd027f9edf,a3cd009f-0ab0-420d-9278-b9fdab939bbc,6a2d0734-bd9e-4ddf-946e-caa52498cb75,c27215d8-6835-4b68-bfbb-bdeac6100c04,b5d6115f-0370-4d7c-aad3-c194cc71cf98,871c3b6c-7379-419d-bda3-794b239ab90d,ff9b0199-ce04-4cfe-86cc-6c719f08d6e4,de1c2107-70c8-4021-8459-6399f24d01c6,cbf30902-517f-40dc-af90-a550bac27cf1
2025-7-26 10:53:55-debug: Init bundle root assets success..., progress: 0%
2025-7-26 10:53:55-debug:   Number of all scenes: 1
2025-7-26 10:53:55-debug:   Number of other assets: 510
2025-7-26 10:53:55-debug:   Number of all scripts: 14
2025-7-26 10:53:55-debug: // ---- build task 查询 Asset Bundle ---- (3ms)
2025-7-26 10:53:55-log: run build task 查询 Asset Bundle success in 3 ms√, progress: 5%
2025-7-26 10:53:55-debug: [Build Memory track]: 查询 Asset Bundle start:200.71MB, end 200.55MB, increase: -163.32KB
2025-7-26 10:53:55-debug: // ---- build task 查询 Asset Bundle ----
2025-7-26 10:53:55-debug: 查询 Asset Bundle start, progress: 5%
2025-7-26 10:53:55-debug: // ---- build task 查询 Asset Bundle ---- (1ms)
2025-7-26 10:53:55-debug: // ---- build task 整理部分构建选项内数据到 settings.json ----
2025-7-26 10:53:55-debug: [Build Memory track]: 查询 Asset Bundle start:200.58MB, end 200.68MB, increase: 107.86KB
2025-7-26 10:53:55-debug: 整理部分构建选项内数据到 settings.json start, progress: 10%
2025-7-26 10:53:55-log: run build task 查询 Asset Bundle success in 1 ms√, progress: 10%
2025-7-26 10:53:55-log: run build task 整理部分构建选项内数据到 settings.json success in √, progress: 12%
2025-7-26 10:53:55-debug: [Build Memory track]: 整理部分构建选项内数据到 settings.json start:200.71MB, end 200.72MB, increase: 16.78KB
2025-7-26 10:53:55-debug: 填充脚本数据到 settings.json start, progress: 12%
2025-7-26 10:53:55-debug: // ---- build task 填充脚本数据到 settings.json ----
2025-7-26 10:53:55-log: run build task 填充脚本数据到 settings.json success in √, progress: 13%
2025-7-26 10:53:55-debug: [Build Memory track]: 填充脚本数据到 settings.json start:200.75MB, end 200.76MB, increase: 15.82KB
2025-7-26 10:53:55-debug: 整理部分构建选项内数据到 settings.json start, progress: 13%
2025-7-26 10:53:55-debug: // ---- build task 整理部分构建选项内数据到 settings.json ----
2025-7-26 10:53:55-debug: // ---- build task 整理部分构建选项内数据到 settings.json ---- (2ms)
2025-7-26 10:53:55-log: run build task 整理部分构建选项内数据到 settings.json success in 2 ms√, progress: 15%
2025-7-26 10:53:55-debug: [Build Memory track]: 整理部分构建选项内数据到 settings.json start:200.79MB, end 200.91MB, increase: 122.50KB
2025-7-26 10:54:18-debug: refresh db internal success
2025-7-26 10:54:18-debug: %cImport%c: /Users/zhao/Desktop/test/cocos-creator/PlaneFight/assets/Scripts/Player.tsbackground: #aaff85; color: #000;color: #000;
2025-7-26 10:54:18-debug: refresh db assets success
2025-7-26 10:54:18-debug: Run asset db hook engine-extends:afterRefresh success!
2025-7-26 10:54:18-debug: Run asset db hook engine-extends:afterRefresh ...
2025-7-26 10:54:18-debug: asset-db:refresh-all-database (35ms)
2025-7-26 10:54:18-debug: asset-db-hook-engine-extends-afterRefresh (1ms)
2025-7-26 10:54:18-debug: asset-db:worker-effect-data-processing (1ms)
2025-7-26 10:54:18-debug: %cImport%c: /Users/zhao/Desktop/test/cocos-creator/PlaneFight/assets/Scenes/Start.scenebackground: #aaff85; color: #000;color: #000;
2025-7-26 10:54:18-debug: asset-db:reimport-asset2fda4d65-a1e9-4078-8250-de49b04cdc34 (3ms)
2025-7-26 10:54:19-debug: %cImport%c: /Users/zhao/Desktop/test/cocos-creator/PlaneFight/assets/Scenes/Start.scenebackground: #aaff85; color: #000;color: #000;
2025-7-26 10:54:19-debug: asset-db:reimport-asset2fda4d65-a1e9-4078-8250-de49b04cdc34 (4ms)
2025-7-26 10:54:20-debug: Query all assets info in project
2025-7-26 10:54:20-debug: init custom config: keepNodeUuid: false, useCache: true
2025-7-26 10:54:20-debug: Skip compress image, progress: 0%
2025-7-26 10:54:20-debug: Init all bundles start..., progress: 0%
2025-7-26 10:54:20-debug: 查询 Asset Bundle start, progress: 0%
2025-7-26 10:54:20-debug: Init bundle root assets start..., progress: 0%
2025-7-26 10:54:20-debug: // ---- build task 查询 Asset Bundle ----
2025-7-26 10:54:20-debug: Num of bundles: 2..., progress: 0%
2025-7-26 10:54:20-debug: Query preload assets/scripts from cc.config.json: 60f7195c-ec2a-45eb-ba94-8955f60e81d0,1c02ae6f-4492-4915-b8f8-7492a3b1e4cd,810e96e4-e456-4468-9b59-f4e8f39732c0,efe8e2a3-eace-427b-b4f1-cb8a937ec77d,e9aa9a3e-5b2b-4ac7-a2c7-073de2b2b24f,8bbdbcdd-5cd4-4100-b6d5-b7c9625b6107,50f4348b-c883-4e2f-8f11-ce233b859fa1,fda095cb-831d-4601-ad94-846013963de8,f92806d7-1768-443f-afe8-12bcde84d0f0,dd3a144d-ab7f-41f0-82b8-2e43a090d496,f0416e68-0200-4b77-a926-4f9d16e494da,970b0598-bcb0-4714-91fb-2e81440dccd8,bcd64cc6-2dd9-43f6-abbe-66318d332032,d930590d-bb92-4cc8-8bd1-23cd027f9edf,a3cd009f-0ab0-420d-9278-b9fdab939bbc,6a2d0734-bd9e-4ddf-946e-caa52498cb75,c27215d8-6835-4b68-bfbb-bdeac6100c04,b5d6115f-0370-4d7c-aad3-c194cc71cf98,871c3b6c-7379-419d-bda3-794b239ab90d,ff9b0199-ce04-4cfe-86cc-6c719f08d6e4,de1c2107-70c8-4021-8459-6399f24d01c6,cbf30902-517f-40dc-af90-a550bac27cf1
2025-7-26 10:54:20-debug:   Number of all scenes: 1
2025-7-26 10:54:20-debug:   Number of other assets: 510
2025-7-26 10:54:20-debug:   Number of all scripts: 14
2025-7-26 10:54:20-debug: Init bundle root assets success..., progress: 0%
2025-7-26 10:54:20-debug: // ---- build task 查询 Asset Bundle ---- (1ms)
2025-7-26 10:54:20-debug: [Build Memory track]: 查询 Asset Bundle start:201.15MB, end 201.78MB, increase: 638.34KB
2025-7-26 10:54:20-log: run build task 查询 Asset Bundle success in 1 ms√, progress: 5%
2025-7-26 10:54:20-debug: 查询 Asset Bundle start, progress: 5%
2025-7-26 10:54:20-debug: // ---- build task 查询 Asset Bundle ----
2025-7-26 10:54:20-debug: // ---- build task 查询 Asset Bundle ---- (1ms)
2025-7-26 10:54:20-log: run build task 查询 Asset Bundle success in 1 ms√, progress: 10%
2025-7-26 10:54:20-debug: [Build Memory track]: 查询 Asset Bundle start:201.80MB, end 201.18MB, increase: -639.32KB
2025-7-26 10:54:20-debug: 整理部分构建选项内数据到 settings.json start, progress: 10%
2025-7-26 10:54:20-debug: // ---- build task 整理部分构建选项内数据到 settings.json ----
2025-7-26 10:54:20-log: run build task 整理部分构建选项内数据到 settings.json success in √, progress: 12%
2025-7-26 10:54:20-debug: 填充脚本数据到 settings.json start, progress: 12%
2025-7-26 10:54:20-debug: // ---- build task 填充脚本数据到 settings.json ----
2025-7-26 10:54:20-debug: [Build Memory track]: 整理部分构建选项内数据到 settings.json start:201.20MB, end 201.22MB, increase: 14.98KB
2025-7-26 10:54:20-log: run build task 填充脚本数据到 settings.json success in √, progress: 13%
2025-7-26 10:54:20-debug: [Build Memory track]: 填充脚本数据到 settings.json start:201.24MB, end 201.26MB, increase: 17.50KB
2025-7-26 10:54:20-debug: // ---- build task 整理部分构建选项内数据到 settings.json ----
2025-7-26 10:54:20-debug: 整理部分构建选项内数据到 settings.json start, progress: 13%
2025-7-26 10:54:20-debug: // ---- build task 整理部分构建选项内数据到 settings.json ---- (3ms)
2025-7-26 10:54:20-log: run build task 整理部分构建选项内数据到 settings.json success in 3 ms√, progress: 15%
2025-7-26 10:54:20-debug: [Build Memory track]: 整理部分构建选项内数据到 settings.json start:201.29MB, end 201.41MB, increase: 126.38KB
2025-7-26 10:54:20-debug: Query all assets info in project
2025-7-26 10:54:20-debug: init custom config: keepNodeUuid: false, useCache: true
2025-7-26 10:54:20-debug: Skip compress image, progress: 0%
2025-7-26 10:54:20-debug: Init all bundles start..., progress: 0%
2025-7-26 10:54:20-debug: Num of bundles: 2..., progress: 0%
2025-7-26 10:54:20-debug: // ---- build task 查询 Asset Bundle ----
2025-7-26 10:54:20-debug: 查询 Asset Bundle start, progress: 0%
2025-7-26 10:54:20-debug: Init bundle root assets start..., progress: 0%
2025-7-26 10:54:20-debug: Query preload assets/scripts from cc.config.json: 60f7195c-ec2a-45eb-ba94-8955f60e81d0,1c02ae6f-4492-4915-b8f8-7492a3b1e4cd,810e96e4-e456-4468-9b59-f4e8f39732c0,efe8e2a3-eace-427b-b4f1-cb8a937ec77d,e9aa9a3e-5b2b-4ac7-a2c7-073de2b2b24f,8bbdbcdd-5cd4-4100-b6d5-b7c9625b6107,50f4348b-c883-4e2f-8f11-ce233b859fa1,fda095cb-831d-4601-ad94-846013963de8,f92806d7-1768-443f-afe8-12bcde84d0f0,dd3a144d-ab7f-41f0-82b8-2e43a090d496,f0416e68-0200-4b77-a926-4f9d16e494da,970b0598-bcb0-4714-91fb-2e81440dccd8,bcd64cc6-2dd9-43f6-abbe-66318d332032,d930590d-bb92-4cc8-8bd1-23cd027f9edf,a3cd009f-0ab0-420d-9278-b9fdab939bbc,6a2d0734-bd9e-4ddf-946e-caa52498cb75,c27215d8-6835-4b68-bfbb-bdeac6100c04,b5d6115f-0370-4d7c-aad3-c194cc71cf98,871c3b6c-7379-419d-bda3-794b239ab90d,ff9b0199-ce04-4cfe-86cc-6c719f08d6e4,de1c2107-70c8-4021-8459-6399f24d01c6,cbf30902-517f-40dc-af90-a550bac27cf1
2025-7-26 10:54:20-debug:   Number of other assets: 510
2025-7-26 10:54:20-debug: Init bundle root assets success..., progress: 0%
2025-7-26 10:54:20-debug:   Number of all scenes: 1
2025-7-26 10:54:20-debug:   Number of all scripts: 14
2025-7-26 10:54:20-log: run build task 查询 Asset Bundle success in 2 ms√, progress: 5%
2025-7-26 10:54:20-debug: 查询 Asset Bundle start, progress: 5%
2025-7-26 10:54:20-debug: // ---- build task 查询 Asset Bundle ---- (2ms)
2025-7-26 10:54:20-debug: [Build Memory track]: 查询 Asset Bundle start:201.68MB, end 201.42MB, increase: -256.25KB
2025-7-26 10:54:20-debug: // ---- build task 查询 Asset Bundle ----
2025-7-26 10:54:20-debug: // ---- build task 查询 Asset Bundle ---- (1ms)
2025-7-26 10:54:20-log: run build task 查询 Asset Bundle success in 1 ms√, progress: 10%
2025-7-26 10:54:20-debug: 整理部分构建选项内数据到 settings.json start, progress: 10%
2025-7-26 10:54:20-debug: // ---- build task 整理部分构建选项内数据到 settings.json ----
2025-7-26 10:54:20-debug: [Build Memory track]: 查询 Asset Bundle start:201.45MB, end 201.56MB, increase: 108.35KB
2025-7-26 10:54:20-log: run build task 整理部分构建选项内数据到 settings.json success in 1 ms√, progress: 12%
2025-7-26 10:54:20-debug: [Build Memory track]: 整理部分构建选项内数据到 settings.json start:201.58MB, end 201.60MB, increase: 24.76KB
2025-7-26 10:54:20-debug: // ---- build task 整理部分构建选项内数据到 settings.json ---- (1ms)
2025-7-26 10:54:20-debug: 填充脚本数据到 settings.json start, progress: 12%
2025-7-26 10:54:20-debug: // ---- build task 填充脚本数据到 settings.json ----
2025-7-26 10:54:20-debug: [Build Memory track]: 填充脚本数据到 settings.json start:201.63MB, end 201.65MB, increase: 16.76KB
2025-7-26 10:54:20-debug: 整理部分构建选项内数据到 settings.json start, progress: 13%
2025-7-26 10:54:20-debug: // ---- build task 整理部分构建选项内数据到 settings.json ----
2025-7-26 10:54:20-log: run build task 填充脚本数据到 settings.json success in √, progress: 13%
2025-7-26 10:54:20-debug: // ---- build task 整理部分构建选项内数据到 settings.json ---- (1ms)
2025-7-26 10:54:20-log: run build task 整理部分构建选项内数据到 settings.json success in 1 ms√, progress: 15%
2025-7-26 10:54:20-debug: [Build Memory track]: 整理部分构建选项内数据到 settings.json start:201.67MB, end 201.79MB, increase: 127.28KB
2025-7-26 10:54:32-debug: refresh db internal success
2025-7-26 10:54:32-debug: refresh db assets success
2025-7-26 10:54:32-debug: Run asset db hook engine-extends:afterRefresh ...
2025-7-26 10:54:32-debug: Run asset db hook engine-extends:afterRefresh success!
2025-7-26 10:54:32-debug: asset-db:refresh-all-database (32ms)
2025-7-26 10:54:34-debug: refresh db internal success
2025-7-26 10:54:34-debug: refresh db assets success
2025-7-26 10:54:34-debug: Run asset db hook engine-extends:afterRefresh ...
2025-7-26 10:54:34-debug: Run asset db hook engine-extends:afterRefresh success!
2025-7-26 10:54:34-debug: asset-db:refresh-all-database (31ms)
2025-7-26 10:54:34-debug: asset-db-hook-engine-extends-afterRefresh (1ms)
2025-7-26 10:54:34-debug: asset-db:worker-effect-data-processing (1ms)
2025-7-26 10:56:12-debug: refresh db internal success
2025-7-26 10:56:12-debug: %cImport%c: /Users/zhao/Desktop/test/cocos-creator/PlaneFight/assets/Scripts/Player.tsbackground: #aaff85; color: #000;color: #000;
2025-7-26 10:56:12-debug: refresh db assets success
2025-7-26 10:56:12-debug: Run asset db hook engine-extends:afterRefresh ...
2025-7-26 10:56:12-debug: Run asset db hook engine-extends:afterRefresh success!
2025-7-26 10:56:12-debug: asset-db:refresh-all-database (33ms)
2025-7-26 10:56:12-debug: asset-db:worker-effect-data-processing (1ms)
2025-7-26 10:56:12-debug: asset-db-hook-engine-extends-afterRefresh (1ms)
2025-7-26 10:56:12-debug: %cImport%c: /Users/zhao/Desktop/test/cocos-creator/PlaneFight/assets/Scenes/Start.scenebackground: #aaff85; color: #000;color: #000;
2025-7-26 10:56:12-debug: asset-db:reimport-asset2fda4d65-a1e9-4078-8250-de49b04cdc34 (2ms)
2025-7-26 10:56:13-debug: Query all assets info in project
2025-7-26 10:56:13-debug: Skip compress image, progress: 0%
2025-7-26 10:56:13-debug: init custom config: keepNodeUuid: false, useCache: true
2025-7-26 10:56:13-debug: Init all bundles start..., progress: 0%
2025-7-26 10:56:13-debug: 查询 Asset Bundle start, progress: 0%
2025-7-26 10:56:13-debug: Init bundle root assets start..., progress: 0%
2025-7-26 10:56:13-debug: Num of bundles: 2..., progress: 0%
2025-7-26 10:56:13-debug: // ---- build task 查询 Asset Bundle ----
2025-7-26 10:56:13-debug: Query preload assets/scripts from cc.config.json: 60f7195c-ec2a-45eb-ba94-8955f60e81d0,1c02ae6f-4492-4915-b8f8-7492a3b1e4cd,810e96e4-e456-4468-9b59-f4e8f39732c0,efe8e2a3-eace-427b-b4f1-cb8a937ec77d,e9aa9a3e-5b2b-4ac7-a2c7-073de2b2b24f,8bbdbcdd-5cd4-4100-b6d5-b7c9625b6107,50f4348b-c883-4e2f-8f11-ce233b859fa1,fda095cb-831d-4601-ad94-846013963de8,f92806d7-1768-443f-afe8-12bcde84d0f0,dd3a144d-ab7f-41f0-82b8-2e43a090d496,f0416e68-0200-4b77-a926-4f9d16e494da,970b0598-bcb0-4714-91fb-2e81440dccd8,bcd64cc6-2dd9-43f6-abbe-66318d332032,d930590d-bb92-4cc8-8bd1-23cd027f9edf,a3cd009f-0ab0-420d-9278-b9fdab939bbc,6a2d0734-bd9e-4ddf-946e-caa52498cb75,c27215d8-6835-4b68-bfbb-bdeac6100c04,b5d6115f-0370-4d7c-aad3-c194cc71cf98,871c3b6c-7379-419d-bda3-794b239ab90d,ff9b0199-ce04-4cfe-86cc-6c719f08d6e4,de1c2107-70c8-4021-8459-6399f24d01c6,cbf30902-517f-40dc-af90-a550bac27cf1
2025-7-26 10:56:13-debug:   Number of all scenes: 1
2025-7-26 10:56:13-debug:   Number of all scripts: 14
2025-7-26 10:56:13-debug:   Number of other assets: 510
2025-7-26 10:56:13-debug: Init bundle root assets success..., progress: 0%
2025-7-26 10:56:13-debug: // ---- build task 查询 Asset Bundle ---- (13ms)
2025-7-26 10:56:13-debug: [Build Memory track]: 查询 Asset Bundle start:202.98MB, end 202.69MB, increase: -296.98KB
2025-7-26 10:56:13-log: run build task 查询 Asset Bundle success in 13 ms√, progress: 5%
2025-7-26 10:56:13-debug: 查询 Asset Bundle start, progress: 5%
2025-7-26 10:56:13-debug: // ---- build task 查询 Asset Bundle ----
2025-7-26 10:56:13-log: run build task 查询 Asset Bundle success in 1 ms√, progress: 10%
2025-7-26 10:56:13-debug: // ---- build task 查询 Asset Bundle ---- (1ms)
2025-7-26 10:56:13-debug: [Build Memory track]: 查询 Asset Bundle start:202.71MB, end 202.82MB, increase: 107.41KB
2025-7-26 10:56:13-debug: 整理部分构建选项内数据到 settings.json start, progress: 10%
2025-7-26 10:56:13-debug: // ---- build task 整理部分构建选项内数据到 settings.json ----
2025-7-26 10:56:13-debug: // ---- build task 整理部分构建选项内数据到 settings.json ---- (1ms)
2025-7-26 10:56:13-log: run build task 整理部分构建选项内数据到 settings.json success in 1 ms√, progress: 12%
2025-7-26 10:56:13-debug: 填充脚本数据到 settings.json start, progress: 12%
2025-7-26 10:56:13-debug: [Build Memory track]: 整理部分构建选项内数据到 settings.json start:202.84MB, end 202.87MB, increase: 24.88KB
2025-7-26 10:56:13-debug: // ---- build task 填充脚本数据到 settings.json ----
2025-7-26 10:56:13-log: run build task 填充脚本数据到 settings.json success in √, progress: 13%
2025-7-26 10:56:13-debug: [Build Memory track]: 填充脚本数据到 settings.json start:202.89MB, end 202.91MB, increase: 16.56KB
2025-7-26 10:56:13-debug: 整理部分构建选项内数据到 settings.json start, progress: 13%
2025-7-26 10:56:13-debug: // ---- build task 整理部分构建选项内数据到 settings.json ----
2025-7-26 10:56:13-debug: // ---- build task 整理部分构建选项内数据到 settings.json ---- (2ms)
2025-7-26 10:56:13-debug: [Build Memory track]: 整理部分构建选项内数据到 settings.json start:202.93MB, end 203.06MB, increase: 134.34KB
2025-7-26 10:56:13-log: run build task 整理部分构建选项内数据到 settings.json success in 2 ms√, progress: 15%
2025-7-26 10:56:14-debug: Query all assets info in project
2025-7-26 10:56:14-debug: init custom config: keepNodeUuid: false, useCache: true
2025-7-26 10:56:14-debug: Skip compress image, progress: 0%
2025-7-26 10:56:14-debug: Init all bundles start..., progress: 0%
2025-7-26 10:56:14-debug: Num of bundles: 2..., progress: 0%
2025-7-26 10:56:14-debug: 查询 Asset Bundle start, progress: 0%
2025-7-26 10:56:14-debug: // ---- build task 查询 Asset Bundle ----
2025-7-26 10:56:14-debug: Init bundle root assets start..., progress: 0%
2025-7-26 10:56:14-debug: Query preload assets/scripts from cc.config.json: 60f7195c-ec2a-45eb-ba94-8955f60e81d0,1c02ae6f-4492-4915-b8f8-7492a3b1e4cd,810e96e4-e456-4468-9b59-f4e8f39732c0,efe8e2a3-eace-427b-b4f1-cb8a937ec77d,e9aa9a3e-5b2b-4ac7-a2c7-073de2b2b24f,8bbdbcdd-5cd4-4100-b6d5-b7c9625b6107,50f4348b-c883-4e2f-8f11-ce233b859fa1,fda095cb-831d-4601-ad94-846013963de8,f92806d7-1768-443f-afe8-12bcde84d0f0,dd3a144d-ab7f-41f0-82b8-2e43a090d496,f0416e68-0200-4b77-a926-4f9d16e494da,970b0598-bcb0-4714-91fb-2e81440dccd8,bcd64cc6-2dd9-43f6-abbe-66318d332032,d930590d-bb92-4cc8-8bd1-23cd027f9edf,a3cd009f-0ab0-420d-9278-b9fdab939bbc,6a2d0734-bd9e-4ddf-946e-caa52498cb75,c27215d8-6835-4b68-bfbb-bdeac6100c04,b5d6115f-0370-4d7c-aad3-c194cc71cf98,871c3b6c-7379-419d-bda3-794b239ab90d,ff9b0199-ce04-4cfe-86cc-6c719f08d6e4,de1c2107-70c8-4021-8459-6399f24d01c6,cbf30902-517f-40dc-af90-a550bac27cf1
2025-7-26 10:56:14-debug: Init bundle root assets success..., progress: 0%
2025-7-26 10:56:14-debug:   Number of all scenes: 1
2025-7-26 10:56:14-debug:   Number of all scripts: 14
2025-7-26 10:56:14-debug:   Number of other assets: 510
2025-7-26 10:56:14-log: run build task 查询 Asset Bundle success in 2 ms√, progress: 5%
2025-7-26 10:56:14-debug: [Build Memory track]: 查询 Asset Bundle start:203.04MB, end 202.78MB, increase: -268.59KB
2025-7-26 10:56:14-debug: 查询 Asset Bundle start, progress: 5%
2025-7-26 10:56:14-debug: // ---- build task 查询 Asset Bundle ----
2025-7-26 10:56:14-debug: // ---- build task 查询 Asset Bundle ---- (2ms)
2025-7-26 10:56:14-debug: // ---- build task 查询 Asset Bundle ---- (1ms)
2025-7-26 10:56:14-log: run build task 查询 Asset Bundle success in 1 ms√, progress: 10%
2025-7-26 10:56:14-debug: 整理部分构建选项内数据到 settings.json start, progress: 10%
2025-7-26 10:56:14-debug: // ---- build task 整理部分构建选项内数据到 settings.json ----
2025-7-26 10:56:14-debug: [Build Memory track]: 查询 Asset Bundle start:202.80MB, end 202.91MB, increase: 106.48KB
2025-7-26 10:56:14-log: run build task 整理部分构建选项内数据到 settings.json success in √, progress: 12%
2025-7-26 10:56:14-debug: [Build Memory track]: 整理部分构建选项内数据到 settings.json start:202.93MB, end 202.95MB, increase: 15.01KB
2025-7-26 10:56:14-debug: 填充脚本数据到 settings.json start, progress: 12%
2025-7-26 10:56:14-debug: // ---- build task 填充脚本数据到 settings.json ----
2025-7-26 10:56:14-log: run build task 填充脚本数据到 settings.json success in √, progress: 13%
2025-7-26 10:56:14-debug: [Build Memory track]: 填充脚本数据到 settings.json start:202.97MB, end 202.99MB, increase: 17.47KB
2025-7-26 10:56:14-debug: 整理部分构建选项内数据到 settings.json start, progress: 13%
2025-7-26 10:56:14-debug: // ---- build task 整理部分构建选项内数据到 settings.json ----
2025-7-26 10:56:14-debug: // ---- build task 整理部分构建选项内数据到 settings.json ---- (1ms)
2025-7-26 10:56:14-log: run build task 整理部分构建选项内数据到 settings.json success in 1 ms√, progress: 15%
2025-7-26 10:56:14-debug: [Build Memory track]: 整理部分构建选项内数据到 settings.json start:203.01MB, end 203.14MB, increase: 125.29KB
2025-7-26 10:56:33-debug: refresh db internal success
2025-7-26 10:56:33-debug: refresh db assets success
2025-7-26 10:56:33-debug: Run asset db hook engine-extends:afterRefresh ...
2025-7-26 10:56:33-debug: Run asset db hook engine-extends:afterRefresh success!
2025-7-26 10:56:33-debug: asset-db:refresh-all-database (30ms)
2025-7-26 10:56:33-debug: asset-db:worker-effect-data-processing (1ms)
2025-7-26 10:56:33-debug: asset-db-hook-engine-extends-afterRefresh (1ms)
2025-7-26 10:56:33-debug: %cImport%c: /Users/zhao/Desktop/test/cocos-creator/PlaneFight/assets/Scenes/Start.scenebackground: #aaff85; color: #000;color: #000;
2025-7-26 10:56:33-debug: asset-db:reimport-asset2fda4d65-a1e9-4078-8250-de49b04cdc34 (4ms)
2025-7-26 10:56:34-debug: Query all assets info in project
2025-7-26 10:56:34-debug: init custom config: keepNodeUuid: false, useCache: true
2025-7-26 10:56:34-debug: Skip compress image, progress: 0%
2025-7-26 10:56:34-debug: Init all bundles start..., progress: 0%
2025-7-26 10:56:34-debug: Init bundle root assets start..., progress: 0%
2025-7-26 10:56:34-debug: 查询 Asset Bundle start, progress: 0%
2025-7-26 10:56:34-debug: // ---- build task 查询 Asset Bundle ----
2025-7-26 10:56:34-debug: Num of bundles: 2..., progress: 0%
2025-7-26 10:56:34-debug: Query preload assets/scripts from cc.config.json: 60f7195c-ec2a-45eb-ba94-8955f60e81d0,1c02ae6f-4492-4915-b8f8-7492a3b1e4cd,810e96e4-e456-4468-9b59-f4e8f39732c0,efe8e2a3-eace-427b-b4f1-cb8a937ec77d,e9aa9a3e-5b2b-4ac7-a2c7-073de2b2b24f,8bbdbcdd-5cd4-4100-b6d5-b7c9625b6107,50f4348b-c883-4e2f-8f11-ce233b859fa1,fda095cb-831d-4601-ad94-846013963de8,f92806d7-1768-443f-afe8-12bcde84d0f0,dd3a144d-ab7f-41f0-82b8-2e43a090d496,f0416e68-0200-4b77-a926-4f9d16e494da,970b0598-bcb0-4714-91fb-2e81440dccd8,bcd64cc6-2dd9-43f6-abbe-66318d332032,d930590d-bb92-4cc8-8bd1-23cd027f9edf,a3cd009f-0ab0-420d-9278-b9fdab939bbc,6a2d0734-bd9e-4ddf-946e-caa52498cb75,c27215d8-6835-4b68-bfbb-bdeac6100c04,b5d6115f-0370-4d7c-aad3-c194cc71cf98,871c3b6c-7379-419d-bda3-794b239ab90d,ff9b0199-ce04-4cfe-86cc-6c719f08d6e4,de1c2107-70c8-4021-8459-6399f24d01c6,cbf30902-517f-40dc-af90-a550bac27cf1
2025-7-26 10:56:34-debug: Init bundle root assets success..., progress: 0%
2025-7-26 10:56:34-debug:   Number of all scripts: 14
2025-7-26 10:56:34-debug:   Number of other assets: 510
2025-7-26 10:56:34-debug:   Number of all scenes: 1
2025-7-26 10:56:34-debug: // ---- build task 查询 Asset Bundle ---- (3ms)
2025-7-26 10:56:34-debug: [Build Memory track]: 查询 Asset Bundle start:203.07MB, end 202.81MB, increase: -268.89KB
2025-7-26 10:56:34-log: run build task 查询 Asset Bundle success in 3 ms√, progress: 5%
2025-7-26 10:56:34-debug: 查询 Asset Bundle start, progress: 5%
2025-7-26 10:56:34-debug: // ---- build task 查询 Asset Bundle ----
2025-7-26 10:56:34-debug: // ---- build task 查询 Asset Bundle ---- (2ms)
2025-7-26 10:56:34-log: run build task 查询 Asset Bundle success in 2 ms√, progress: 10%
2025-7-26 10:56:34-debug: [Build Memory track]: 查询 Asset Bundle start:202.83MB, end 202.94MB, increase: 108.24KB
2025-7-26 10:56:34-debug: 整理部分构建选项内数据到 settings.json start, progress: 10%
2025-7-26 10:56:34-debug: // ---- build task 整理部分构建选项内数据到 settings.json ----
2025-7-26 10:56:34-log: run build task 整理部分构建选项内数据到 settings.json success in √, progress: 12%
2025-7-26 10:56:34-debug: [Build Memory track]: 整理部分构建选项内数据到 settings.json start:202.97MB, end 202.98MB, increase: 16.42KB
2025-7-26 10:56:34-debug: 填充脚本数据到 settings.json start, progress: 12%
2025-7-26 10:56:34-debug: // ---- build task 填充脚本数据到 settings.json ----
2025-7-26 10:56:34-log: run build task 填充脚本数据到 settings.json success in √, progress: 13%
2025-7-26 10:56:34-debug: [Build Memory track]: 填充脚本数据到 settings.json start:203.01MB, end 203.02MB, increase: 16.07KB
2025-7-26 10:56:34-debug: 整理部分构建选项内数据到 settings.json start, progress: 13%
2025-7-26 10:56:34-debug: // ---- build task 整理部分构建选项内数据到 settings.json ----
2025-7-26 10:56:34-debug: [Build Memory track]: 整理部分构建选项内数据到 settings.json start:203.05MB, end 203.17MB, increase: 122.67KB
2025-7-26 10:56:34-log: run build task 整理部分构建选项内数据到 settings.json success in 2 ms√, progress: 15%
2025-7-26 10:56:34-debug: // ---- build task 整理部分构建选项内数据到 settings.json ---- (2ms)
2025-7-26 10:56:36-debug: Query all assets info in project
2025-7-26 10:56:36-debug: init custom config: keepNodeUuid: false, useCache: true
2025-7-26 10:56:36-debug: Skip compress image, progress: 0%
2025-7-26 10:56:36-debug: Init all bundles start..., progress: 0%
2025-7-26 10:56:36-debug: // ---- build task 查询 Asset Bundle ----
2025-7-26 10:56:36-debug: 查询 Asset Bundle start, progress: 0%
2025-7-26 10:56:36-debug: Num of bundles: 2..., progress: 0%
2025-7-26 10:56:36-debug: Init bundle root assets start..., progress: 0%
2025-7-26 10:56:36-debug: Query preload assets/scripts from cc.config.json: 60f7195c-ec2a-45eb-ba94-8955f60e81d0,1c02ae6f-4492-4915-b8f8-7492a3b1e4cd,810e96e4-e456-4468-9b59-f4e8f39732c0,efe8e2a3-eace-427b-b4f1-cb8a937ec77d,e9aa9a3e-5b2b-4ac7-a2c7-073de2b2b24f,8bbdbcdd-5cd4-4100-b6d5-b7c9625b6107,50f4348b-c883-4e2f-8f11-ce233b859fa1,fda095cb-831d-4601-ad94-846013963de8,f92806d7-1768-443f-afe8-12bcde84d0f0,dd3a144d-ab7f-41f0-82b8-2e43a090d496,f0416e68-0200-4b77-a926-4f9d16e494da,970b0598-bcb0-4714-91fb-2e81440dccd8,bcd64cc6-2dd9-43f6-abbe-66318d332032,d930590d-bb92-4cc8-8bd1-23cd027f9edf,a3cd009f-0ab0-420d-9278-b9fdab939bbc,6a2d0734-bd9e-4ddf-946e-caa52498cb75,c27215d8-6835-4b68-bfbb-bdeac6100c04,b5d6115f-0370-4d7c-aad3-c194cc71cf98,871c3b6c-7379-419d-bda3-794b239ab90d,ff9b0199-ce04-4cfe-86cc-6c719f08d6e4,de1c2107-70c8-4021-8459-6399f24d01c6,cbf30902-517f-40dc-af90-a550bac27cf1
2025-7-26 10:56:36-debug:   Number of all scenes: 1
2025-7-26 10:56:36-debug:   Number of all scripts: 14
2025-7-26 10:56:36-debug: Init bundle root assets success..., progress: 0%
2025-7-26 10:56:36-debug:   Number of other assets: 510
2025-7-26 10:56:36-log: run build task 查询 Asset Bundle success in 1 ms√, progress: 5%
2025-7-26 10:56:36-debug: 查询 Asset Bundle start, progress: 5%
2025-7-26 10:56:36-debug: [Build Memory track]: 查询 Asset Bundle start:203.61MB, end 203.44MB, increase: -173.27KB
2025-7-26 10:56:36-debug: // ---- build task 查询 Asset Bundle ---- (1ms)
2025-7-26 10:56:36-debug: // ---- build task 查询 Asset Bundle ----
2025-7-26 10:56:36-log: run build task 查询 Asset Bundle success in √, progress: 10%
2025-7-26 10:56:36-debug: 整理部分构建选项内数据到 settings.json start, progress: 10%
2025-7-26 10:56:36-debug: [Build Memory track]: 查询 Asset Bundle start:203.46MB, end 203.56MB, increase: 100.47KB
2025-7-26 10:56:36-debug: // ---- build task 整理部分构建选项内数据到 settings.json ----
2025-7-26 10:56:36-log: run build task 整理部分构建选项内数据到 settings.json success in √, progress: 12%
2025-7-26 10:56:36-debug: [Build Memory track]: 整理部分构建选项内数据到 settings.json start:203.59MB, end 202.87MB, increase: -735.18KB
2025-7-26 10:56:36-debug: 填充脚本数据到 settings.json start, progress: 12%
2025-7-26 10:56:36-debug: // ---- build task 填充脚本数据到 settings.json ----
2025-7-26 10:56:36-log: run build task 填充脚本数据到 settings.json success in √, progress: 13%
2025-7-26 10:56:36-debug: 整理部分构建选项内数据到 settings.json start, progress: 13%
2025-7-26 10:56:36-debug: // ---- build task 整理部分构建选项内数据到 settings.json ----
2025-7-26 10:56:36-debug: [Build Memory track]: 填充脚本数据到 settings.json start:202.89MB, end 202.91MB, increase: 16.58KB
2025-7-26 10:56:36-log: run build task 整理部分构建选项内数据到 settings.json success in √, progress: 15%
2025-7-26 10:56:36-debug: [Build Memory track]: 整理部分构建选项内数据到 settings.json start:202.93MB, end 203.05MB, increase: 114.64KB
2025-7-26 10:56:43-debug: refresh db internal success
2025-7-26 10:56:43-debug: refresh db assets success
2025-7-26 10:56:43-debug: Run asset db hook engine-extends:afterRefresh ...
2025-7-26 10:56:43-debug: Run asset db hook engine-extends:afterRefresh success!
2025-7-26 10:56:43-debug: asset-db:refresh-all-database (30ms)
2025-7-26 10:57:09-debug: refresh db internal success
2025-7-26 10:57:09-debug: refresh db assets success
2025-7-26 10:57:09-debug: Run asset db hook engine-extends:afterRefresh success!
2025-7-26 10:57:09-debug: Run asset db hook engine-extends:afterRefresh ...
2025-7-26 10:57:09-debug: asset-db:refresh-all-database (29ms)
2025-7-26 10:57:09-debug: asset-db:worker-effect-data-processing (1ms)
2025-7-26 10:57:09-debug: asset-db-hook-engine-extends-afterRefresh (1ms)
2025-7-26 10:57:10-debug: %cImport%c: /Users/zhao/Desktop/test/cocos-creator/PlaneFight/assets/Scenes/Start.scenebackground: #aaff85; color: #000;color: #000;
2025-7-26 10:57:10-debug: asset-db:reimport-asset2fda4d65-a1e9-4078-8250-de49b04cdc34 (6ms)
2025-7-26 10:57:11-debug: Query all assets info in project
2025-7-26 10:57:11-debug: init custom config: keepNodeUuid: false, useCache: true
2025-7-26 10:57:11-debug: Skip compress image, progress: 0%
2025-7-26 10:57:11-debug: Num of bundles: 2..., progress: 0%
2025-7-26 10:57:11-debug: 查询 Asset Bundle start, progress: 0%
2025-7-26 10:57:11-debug: Init all bundles start..., progress: 0%
2025-7-26 10:57:11-debug: Init bundle root assets start..., progress: 0%
2025-7-26 10:57:11-debug: // ---- build task 查询 Asset Bundle ----
2025-7-26 10:57:11-debug: Query preload assets/scripts from cc.config.json: 60f7195c-ec2a-45eb-ba94-8955f60e81d0,1c02ae6f-4492-4915-b8f8-7492a3b1e4cd,810e96e4-e456-4468-9b59-f4e8f39732c0,efe8e2a3-eace-427b-b4f1-cb8a937ec77d,e9aa9a3e-5b2b-4ac7-a2c7-073de2b2b24f,8bbdbcdd-5cd4-4100-b6d5-b7c9625b6107,50f4348b-c883-4e2f-8f11-ce233b859fa1,fda095cb-831d-4601-ad94-846013963de8,f92806d7-1768-443f-afe8-12bcde84d0f0,dd3a144d-ab7f-41f0-82b8-2e43a090d496,f0416e68-0200-4b77-a926-4f9d16e494da,970b0598-bcb0-4714-91fb-2e81440dccd8,bcd64cc6-2dd9-43f6-abbe-66318d332032,d930590d-bb92-4cc8-8bd1-23cd027f9edf,a3cd009f-0ab0-420d-9278-b9fdab939bbc,6a2d0734-bd9e-4ddf-946e-caa52498cb75,c27215d8-6835-4b68-bfbb-bdeac6100c04,b5d6115f-0370-4d7c-aad3-c194cc71cf98,871c3b6c-7379-419d-bda3-794b239ab90d,ff9b0199-ce04-4cfe-86cc-6c719f08d6e4,de1c2107-70c8-4021-8459-6399f24d01c6,cbf30902-517f-40dc-af90-a550bac27cf1
2025-7-26 10:57:11-debug:   Number of all scenes: 1
2025-7-26 10:57:11-debug:   Number of other assets: 510
2025-7-26 10:57:11-debug:   Number of all scripts: 14
2025-7-26 10:57:11-debug: Init bundle root assets success..., progress: 0%
2025-7-26 10:57:11-log: run build task 查询 Asset Bundle success in 12 ms√, progress: 5%
2025-7-26 10:57:11-debug: [Build Memory track]: 查询 Asset Bundle start:204.25MB, end 203.98MB, increase: -276.12KB
2025-7-26 10:57:11-debug: 查询 Asset Bundle start, progress: 5%
2025-7-26 10:57:11-debug: // ---- build task 查询 Asset Bundle ---- (12ms)
2025-7-26 10:57:11-debug: // ---- build task 查询 Asset Bundle ----
2025-7-26 10:57:11-debug: // ---- build task 查询 Asset Bundle ---- (1ms)
2025-7-26 10:57:11-debug: // ---- build task 整理部分构建选项内数据到 settings.json ----
2025-7-26 10:57:11-debug: [Build Memory track]: 查询 Asset Bundle start:204.00MB, end 204.11MB, increase: 108.24KB
2025-7-26 10:57:11-debug: 整理部分构建选项内数据到 settings.json start, progress: 10%
2025-7-26 10:57:11-log: run build task 查询 Asset Bundle success in 1 ms√, progress: 10%
2025-7-26 10:57:11-debug: // ---- build task 整理部分构建选项内数据到 settings.json ---- (1ms)
2025-7-26 10:57:11-debug: // ---- build task 填充脚本数据到 settings.json ----
2025-7-26 10:57:11-debug: [Build Memory track]: 整理部分构建选项内数据到 settings.json start:204.13MB, end 204.16MB, increase: 24.88KB
2025-7-26 10:57:11-log: run build task 整理部分构建选项内数据到 settings.json success in 1 ms√, progress: 12%
2025-7-26 10:57:11-debug: 填充脚本数据到 settings.json start, progress: 12%
2025-7-26 10:57:11-debug: // ---- build task 填充脚本数据到 settings.json ---- (1ms)
2025-7-26 10:57:11-log: run build task 填充脚本数据到 settings.json success in 1 ms√, progress: 13%
2025-7-26 10:57:11-debug: [Build Memory track]: 填充脚本数据到 settings.json start:204.18MB, end 204.20MB, increase: 24.55KB
2025-7-26 10:57:11-debug: 整理部分构建选项内数据到 settings.json start, progress: 13%
2025-7-26 10:57:11-debug: // ---- build task 整理部分构建选项内数据到 settings.json ----
2025-7-26 10:57:11-debug: // ---- build task 整理部分构建选项内数据到 settings.json ---- (1ms)
2025-7-26 10:57:11-log: run build task 整理部分构建选项内数据到 settings.json success in 1 ms√, progress: 15%
2025-7-26 10:57:11-debug: [Build Memory track]: 整理部分构建选项内数据到 settings.json start:204.23MB, end 204.35MB, increase: 125.64KB
2025-7-26 10:57:12-debug: Query all assets info in project
2025-7-26 10:57:12-debug: init custom config: keepNodeUuid: false, useCache: true
2025-7-26 10:57:12-debug: Skip compress image, progress: 0%
2025-7-26 10:57:12-debug: Init all bundles start..., progress: 0%
2025-7-26 10:57:12-debug: Num of bundles: 2..., progress: 0%
2025-7-26 10:57:12-debug: // ---- build task 查询 Asset Bundle ----
2025-7-26 10:57:12-debug: 查询 Asset Bundle start, progress: 0%
2025-7-26 10:57:12-debug: Init bundle root assets start..., progress: 0%
2025-7-26 10:57:12-debug: Query preload assets/scripts from cc.config.json: 60f7195c-ec2a-45eb-ba94-8955f60e81d0,1c02ae6f-4492-4915-b8f8-7492a3b1e4cd,810e96e4-e456-4468-9b59-f4e8f39732c0,efe8e2a3-eace-427b-b4f1-cb8a937ec77d,e9aa9a3e-5b2b-4ac7-a2c7-073de2b2b24f,8bbdbcdd-5cd4-4100-b6d5-b7c9625b6107,50f4348b-c883-4e2f-8f11-ce233b859fa1,fda095cb-831d-4601-ad94-846013963de8,f92806d7-1768-443f-afe8-12bcde84d0f0,dd3a144d-ab7f-41f0-82b8-2e43a090d496,f0416e68-0200-4b77-a926-4f9d16e494da,970b0598-bcb0-4714-91fb-2e81440dccd8,bcd64cc6-2dd9-43f6-abbe-66318d332032,d930590d-bb92-4cc8-8bd1-23cd027f9edf,a3cd009f-0ab0-420d-9278-b9fdab939bbc,6a2d0734-bd9e-4ddf-946e-caa52498cb75,c27215d8-6835-4b68-bfbb-bdeac6100c04,b5d6115f-0370-4d7c-aad3-c194cc71cf98,871c3b6c-7379-419d-bda3-794b239ab90d,ff9b0199-ce04-4cfe-86cc-6c719f08d6e4,de1c2107-70c8-4021-8459-6399f24d01c6,cbf30902-517f-40dc-af90-a550bac27cf1
2025-7-26 10:57:12-debug:   Number of all scripts: 14
2025-7-26 10:57:12-debug:   Number of other assets: 510
2025-7-26 10:57:12-debug: Init bundle root assets success..., progress: 0%
2025-7-26 10:57:12-debug:   Number of all scenes: 1
2025-7-26 10:57:12-debug: // ---- build task 查询 Asset Bundle ---- (1ms)
2025-7-26 10:57:12-debug: [Build Memory track]: 查询 Asset Bundle start:204.02MB, end 204.64MB, increase: 636.40KB
2025-7-26 10:57:12-log: run build task 查询 Asset Bundle success in 1 ms√, progress: 5%
2025-7-26 10:57:12-debug: // ---- build task 查询 Asset Bundle ----
2025-7-26 10:57:12-debug: 查询 Asset Bundle start, progress: 5%
2025-7-26 10:57:12-debug: // ---- build task 查询 Asset Bundle ---- (1ms)
2025-7-26 10:57:12-debug: // ---- build task 整理部分构建选项内数据到 settings.json ----
2025-7-26 10:57:12-log: run build task 查询 Asset Bundle success in 1 ms√, progress: 10%
2025-7-26 10:57:12-debug: 整理部分构建选项内数据到 settings.json start, progress: 10%
2025-7-26 10:57:12-debug: [Build Memory track]: 查询 Asset Bundle start:204.66MB, end 204.06MB, increase: -621.95KB
2025-7-26 10:57:12-log: run build task 整理部分构建选项内数据到 settings.json success in √, progress: 12%
2025-7-26 10:57:12-debug: [Build Memory track]: 整理部分构建选项内数据到 settings.json start:204.08MB, end 204.10MB, increase: 16.69KB
2025-7-26 10:57:12-debug: 填充脚本数据到 settings.json start, progress: 12%
2025-7-26 10:57:12-debug: // ---- build task 填充脚本数据到 settings.json ----
2025-7-26 10:57:12-log: run build task 填充脚本数据到 settings.json success in √, progress: 13%
2025-7-26 10:57:12-debug: [Build Memory track]: 填充脚本数据到 settings.json start:204.12MB, end 204.14MB, increase: 15.79KB
2025-7-26 10:57:12-debug: 整理部分构建选项内数据到 settings.json start, progress: 13%
2025-7-26 10:57:12-debug: // ---- build task 整理部分构建选项内数据到 settings.json ----
2025-7-26 10:57:12-debug: // ---- build task 整理部分构建选项内数据到 settings.json ---- (1ms)
2025-7-26 10:57:12-log: run build task 整理部分构建选项内数据到 settings.json success in 1 ms√, progress: 15%
2025-7-26 10:57:12-debug: [Build Memory track]: 整理部分构建选项内数据到 settings.json start:204.16MB, end 204.28MB, increase: 122.50KB
2025-7-26 10:57:43-debug: refresh db internal success
2025-7-26 10:57:43-debug: %cImport%c: /Users/zhao/Desktop/test/cocos-creator/PlaneFight/assets/Scripts/Player.tsbackground: #aaff85; color: #000;color: #000;
2025-7-26 10:57:43-debug: refresh db assets success
2025-7-26 10:57:43-debug: Run asset db hook engine-extends:afterRefresh ...
2025-7-26 10:57:43-debug: Run asset db hook engine-extends:afterRefresh success!
2025-7-26 10:57:43-debug: asset-db:refresh-all-database (32ms)
2025-7-26 10:57:43-debug: asset-db-hook-engine-extends-afterRefresh (1ms)
2025-7-26 10:57:44-debug: Query all assets info in project
2025-7-26 10:57:44-debug: init custom config: keepNodeUuid: false, useCache: true
2025-7-26 10:57:44-debug: Skip compress image, progress: 0%
2025-7-26 10:57:44-debug: Init all bundles start..., progress: 0%
2025-7-26 10:57:44-debug: Num of bundles: 2..., progress: 0%
2025-7-26 10:57:44-debug: 查询 Asset Bundle start, progress: 0%
2025-7-26 10:57:44-debug: // ---- build task 查询 Asset Bundle ----
2025-7-26 10:57:44-debug: Init bundle root assets start..., progress: 0%
2025-7-26 10:57:44-debug: Query preload assets/scripts from cc.config.json: 60f7195c-ec2a-45eb-ba94-8955f60e81d0,1c02ae6f-4492-4915-b8f8-7492a3b1e4cd,810e96e4-e456-4468-9b59-f4e8f39732c0,efe8e2a3-eace-427b-b4f1-cb8a937ec77d,e9aa9a3e-5b2b-4ac7-a2c7-073de2b2b24f,8bbdbcdd-5cd4-4100-b6d5-b7c9625b6107,50f4348b-c883-4e2f-8f11-ce233b859fa1,fda095cb-831d-4601-ad94-846013963de8,f92806d7-1768-443f-afe8-12bcde84d0f0,dd3a144d-ab7f-41f0-82b8-2e43a090d496,f0416e68-0200-4b77-a926-4f9d16e494da,970b0598-bcb0-4714-91fb-2e81440dccd8,bcd64cc6-2dd9-43f6-abbe-66318d332032,d930590d-bb92-4cc8-8bd1-23cd027f9edf,a3cd009f-0ab0-420d-9278-b9fdab939bbc,6a2d0734-bd9e-4ddf-946e-caa52498cb75,c27215d8-6835-4b68-bfbb-bdeac6100c04,b5d6115f-0370-4d7c-aad3-c194cc71cf98,871c3b6c-7379-419d-bda3-794b239ab90d,ff9b0199-ce04-4cfe-86cc-6c719f08d6e4,de1c2107-70c8-4021-8459-6399f24d01c6,cbf30902-517f-40dc-af90-a550bac27cf1
2025-7-26 10:57:44-debug: Init bundle root assets success..., progress: 0%
2025-7-26 10:57:44-debug:   Number of all scripts: 14
2025-7-26 10:57:44-debug:   Number of other assets: 510
2025-7-26 10:57:44-debug:   Number of all scenes: 1
2025-7-26 10:57:44-debug: // ---- build task 查询 Asset Bundle ---- (3ms)
2025-7-26 10:57:44-debug: // ---- build task 查询 Asset Bundle ----
2025-7-26 10:57:44-debug: [Build Memory track]: 查询 Asset Bundle start:204.68MB, end 204.38MB, increase: -310.66KB
2025-7-26 10:57:44-debug: 查询 Asset Bundle start, progress: 5%
2025-7-26 10:57:44-log: run build task 查询 Asset Bundle success in 3 ms√, progress: 5%
2025-7-26 10:57:44-debug: // ---- build task 查询 Asset Bundle ---- (3ms)
2025-7-26 10:57:44-debug: // ---- build task 整理部分构建选项内数据到 settings.json ----
2025-7-26 10:57:44-debug: [Build Memory track]: 查询 Asset Bundle start:204.40MB, end 204.51MB, increase: 108.27KB
2025-7-26 10:57:44-debug: 整理部分构建选项内数据到 settings.json start, progress: 10%
2025-7-26 10:57:44-log: run build task 查询 Asset Bundle success in 3 ms√, progress: 10%
2025-7-26 10:57:44-log: run build task 整理部分构建选项内数据到 settings.json success in √, progress: 12%
2025-7-26 10:57:44-debug: [Build Memory track]: 整理部分构建选项内数据到 settings.json start:204.53MB, end 204.55MB, increase: 16.98KB
2025-7-26 10:57:44-debug: 填充脚本数据到 settings.json start, progress: 12%
2025-7-26 10:57:44-debug: // ---- build task 填充脚本数据到 settings.json ----
2025-7-26 10:57:44-log: run build task 填充脚本数据到 settings.json success in √, progress: 13%
2025-7-26 10:57:44-debug: [Build Memory track]: 填充脚本数据到 settings.json start:204.58MB, end 204.59MB, increase: 15.64KB
2025-7-26 10:57:44-debug: 整理部分构建选项内数据到 settings.json start, progress: 13%
2025-7-26 10:57:44-debug: // ---- build task 整理部分构建选项内数据到 settings.json ----
2025-7-26 10:57:44-debug: // ---- build task 整理部分构建选项内数据到 settings.json ---- (2ms)
2025-7-26 10:57:44-log: run build task 整理部分构建选项内数据到 settings.json success in 2 ms√, progress: 15%
2025-7-26 10:57:44-debug: [Build Memory track]: 整理部分构建选项内数据到 settings.json start:204.62MB, end 204.74MB, increase: 122.50KB
2025-7-26 10:57:52-debug: refresh db internal success
2025-7-26 10:57:52-debug: refresh db assets success
2025-7-26 10:57:52-debug: Run asset db hook engine-extends:afterRefresh success!
2025-7-26 10:57:52-debug: Run asset db hook engine-extends:afterRefresh ...
2025-7-26 10:57:52-debug: asset-db:refresh-all-database (30ms)
2025-7-26 10:57:52-debug: asset-db:worker-effect-data-processing (1ms)
2025-7-26 10:57:52-debug: asset-db-hook-engine-extends-afterRefresh (1ms)
2025-7-26 10:58:00-warn: 为更好地打开脚本，请在 {preferences} -> {program} -> {scriptEditor} 里配置打开脚本的应用程序
2025-7-26 10:59:08-debug: refresh db internal success
2025-7-26 10:59:08-debug: %cImport%c: /Users/zhao/Desktop/test/cocos-creator/PlaneFight/assets/Scripts/Enemy.tsbackground: #aaff85; color: #000;color: #000;
2025-7-26 10:59:08-debug: %cImport%c: /Users/zhao/Desktop/test/cocos-creator/PlaneFight/assets/Scripts/Player.tsbackground: #aaff85; color: #000;color: #000;
2025-7-26 10:59:08-debug: refresh db assets success
2025-7-26 10:59:08-debug: Run asset db hook engine-extends:afterRefresh ...
2025-7-26 10:59:08-debug: Run asset db hook engine-extends:afterRefresh success!
2025-7-26 10:59:08-debug: asset-db:refresh-all-database (26ms)
2025-7-26 10:59:08-debug: asset-db:worker-effect-data-processing (1ms)
2025-7-26 10:59:08-debug: asset-db-hook-engine-extends-afterRefresh (1ms)
2025-7-26 10:59:09-debug: Query all assets info in project
2025-7-26 10:59:09-debug: init custom config: keepNodeUuid: false, useCache: true
2025-7-26 10:59:09-debug: Skip compress image, progress: 0%
2025-7-26 10:59:09-debug: Init all bundles start..., progress: 0%
2025-7-26 10:59:09-debug: 查询 Asset Bundle start, progress: 0%
2025-7-26 10:59:09-debug: Num of bundles: 2..., progress: 0%
2025-7-26 10:59:09-debug: // ---- build task 查询 Asset Bundle ----
2025-7-26 10:59:09-debug: Init bundle root assets start..., progress: 0%
2025-7-26 10:59:09-debug: Query preload assets/scripts from cc.config.json: 60f7195c-ec2a-45eb-ba94-8955f60e81d0,1c02ae6f-4492-4915-b8f8-7492a3b1e4cd,810e96e4-e456-4468-9b59-f4e8f39732c0,efe8e2a3-eace-427b-b4f1-cb8a937ec77d,e9aa9a3e-5b2b-4ac7-a2c7-073de2b2b24f,8bbdbcdd-5cd4-4100-b6d5-b7c9625b6107,50f4348b-c883-4e2f-8f11-ce233b859fa1,fda095cb-831d-4601-ad94-846013963de8,f92806d7-1768-443f-afe8-12bcde84d0f0,dd3a144d-ab7f-41f0-82b8-2e43a090d496,f0416e68-0200-4b77-a926-4f9d16e494da,970b0598-bcb0-4714-91fb-2e81440dccd8,bcd64cc6-2dd9-43f6-abbe-66318d332032,d930590d-bb92-4cc8-8bd1-23cd027f9edf,a3cd009f-0ab0-420d-9278-b9fdab939bbc,6a2d0734-bd9e-4ddf-946e-caa52498cb75,c27215d8-6835-4b68-bfbb-bdeac6100c04,b5d6115f-0370-4d7c-aad3-c194cc71cf98,871c3b6c-7379-419d-bda3-794b239ab90d,ff9b0199-ce04-4cfe-86cc-6c719f08d6e4,de1c2107-70c8-4021-8459-6399f24d01c6,cbf30902-517f-40dc-af90-a550bac27cf1
2025-7-26 10:59:09-debug:   Number of all scenes: 1
2025-7-26 10:59:09-debug:   Number of all scripts: 14
2025-7-26 10:59:09-debug:   Number of other assets: 510
2025-7-26 10:59:09-debug: Init bundle root assets success..., progress: 0%
2025-7-26 10:59:09-debug: // ---- build task 查询 Asset Bundle ---- (4ms)
2025-7-26 10:59:09-debug: 查询 Asset Bundle start, progress: 5%
2025-7-26 10:59:09-debug: // ---- build task 查询 Asset Bundle ----
2025-7-26 10:59:09-debug: [Build Memory track]: 查询 Asset Bundle start:205.61MB, end 205.29MB, increase: -326.43KB
2025-7-26 10:59:09-log: run build task 查询 Asset Bundle success in 4 ms√, progress: 5%
2025-7-26 10:59:09-debug: // ---- build task 查询 Asset Bundle ---- (1ms)
2025-7-26 10:59:09-debug: // ---- build task 整理部分构建选项内数据到 settings.json ----
2025-7-26 10:59:09-debug: [Build Memory track]: 查询 Asset Bundle start:205.31MB, end 205.42MB, increase: 108.40KB
2025-7-26 10:59:09-debug: 整理部分构建选项内数据到 settings.json start, progress: 10%
2025-7-26 10:59:09-log: run build task 查询 Asset Bundle success in 1 ms√, progress: 10%
2025-7-26 10:59:09-debug: // ---- build task 整理部分构建选项内数据到 settings.json ---- (1ms)
2025-7-26 10:59:09-log: run build task 整理部分构建选项内数据到 settings.json success in 1 ms√, progress: 12%
2025-7-26 10:59:09-debug: [Build Memory track]: 整理部分构建选项内数据到 settings.json start:205.44MB, end 205.47MB, increase: 25.01KB
2025-7-26 10:59:09-debug: 填充脚本数据到 settings.json start, progress: 12%
2025-7-26 10:59:09-debug: // ---- build task 填充脚本数据到 settings.json ----
2025-7-26 10:59:09-log: run build task 填充脚本数据到 settings.json success in √, progress: 13%
2025-7-26 10:59:09-debug: 整理部分构建选项内数据到 settings.json start, progress: 13%
2025-7-26 10:59:09-debug: // ---- build task 整理部分构建选项内数据到 settings.json ----
2025-7-26 10:59:09-debug: [Build Memory track]: 填充脚本数据到 settings.json start:205.49MB, end 205.51MB, increase: 15.92KB
2025-7-26 10:59:09-debug: // ---- build task 整理部分构建选项内数据到 settings.json ---- (3ms)
2025-7-26 10:59:09-log: run build task 整理部分构建选项内数据到 settings.json success in 3 ms√, progress: 15%
2025-7-26 10:59:09-debug: [Build Memory track]: 整理部分构建选项内数据到 settings.json start:205.53MB, end 205.65MB, increase: 123.94KB
2025-7-26 10:59:10-debug: %cImport%c: /Users/zhao/Desktop/test/cocos-creator/PlaneFight/assets/Scenes/Start.scenebackground: #aaff85; color: #000;color: #000;
2025-7-26 10:59:10-debug: asset-db:reimport-asset2fda4d65-a1e9-4078-8250-de49b04cdc34 (7ms)
2025-7-26 10:59:11-debug: Query all assets info in project
2025-7-26 10:59:11-debug: init custom config: keepNodeUuid: false, useCache: true
2025-7-26 10:59:11-debug: Skip compress image, progress: 0%
2025-7-26 10:59:11-debug: Init all bundles start..., progress: 0%
2025-7-26 10:59:11-debug: Num of bundles: 2..., progress: 0%
2025-7-26 10:59:11-debug: 查询 Asset Bundle start, progress: 0%
2025-7-26 10:59:11-debug: // ---- build task 查询 Asset Bundle ----
2025-7-26 10:59:11-debug: Init bundle root assets start..., progress: 0%
2025-7-26 10:59:11-debug: Query preload assets/scripts from cc.config.json: 60f7195c-ec2a-45eb-ba94-8955f60e81d0,1c02ae6f-4492-4915-b8f8-7492a3b1e4cd,810e96e4-e456-4468-9b59-f4e8f39732c0,efe8e2a3-eace-427b-b4f1-cb8a937ec77d,e9aa9a3e-5b2b-4ac7-a2c7-073de2b2b24f,8bbdbcdd-5cd4-4100-b6d5-b7c9625b6107,50f4348b-c883-4e2f-8f11-ce233b859fa1,fda095cb-831d-4601-ad94-846013963de8,f92806d7-1768-443f-afe8-12bcde84d0f0,dd3a144d-ab7f-41f0-82b8-2e43a090d496,f0416e68-0200-4b77-a926-4f9d16e494da,970b0598-bcb0-4714-91fb-2e81440dccd8,bcd64cc6-2dd9-43f6-abbe-66318d332032,d930590d-bb92-4cc8-8bd1-23cd027f9edf,a3cd009f-0ab0-420d-9278-b9fdab939bbc,6a2d0734-bd9e-4ddf-946e-caa52498cb75,c27215d8-6835-4b68-bfbb-bdeac6100c04,b5d6115f-0370-4d7c-aad3-c194cc71cf98,871c3b6c-7379-419d-bda3-794b239ab90d,ff9b0199-ce04-4cfe-86cc-6c719f08d6e4,de1c2107-70c8-4021-8459-6399f24d01c6,cbf30902-517f-40dc-af90-a550bac27cf1
2025-7-26 10:59:11-debug: Init bundle root assets success..., progress: 0%
2025-7-26 10:59:11-debug:   Number of all scripts: 14
2025-7-26 10:59:11-debug:   Number of other assets: 510
2025-7-26 10:59:11-debug:   Number of all scenes: 1
2025-7-26 10:59:11-debug: // ---- build task 查询 Asset Bundle ---- (3ms)
2025-7-26 10:59:11-log: run build task 查询 Asset Bundle success in 3 ms√, progress: 5%
2025-7-26 10:59:11-debug: [Build Memory track]: 查询 Asset Bundle start:205.93MB, end 205.77MB, increase: -164.24KB
2025-7-26 10:59:11-debug: 查询 Asset Bundle start, progress: 5%
2025-7-26 10:59:11-debug: // ---- build task 查询 Asset Bundle ----
2025-7-26 10:59:11-debug: // ---- build task 查询 Asset Bundle ---- (1ms)
2025-7-26 10:59:11-debug: // ---- build task 整理部分构建选项内数据到 settings.json ----
2025-7-26 10:59:11-debug: [Build Memory track]: 查询 Asset Bundle start:205.80MB, end 205.90MB, increase: 107.70KB
2025-7-26 10:59:11-debug: 整理部分构建选项内数据到 settings.json start, progress: 10%
2025-7-26 10:59:11-log: run build task 查询 Asset Bundle success in 1 ms√, progress: 10%
2025-7-26 10:59:11-log: run build task 整理部分构建选项内数据到 settings.json success in √, progress: 12%
2025-7-26 10:59:11-debug: [Build Memory track]: 整理部分构建选项内数据到 settings.json start:205.93MB, end 205.19MB, increase: -750.41KB
2025-7-26 10:59:11-debug: 填充脚本数据到 settings.json start, progress: 12%
2025-7-26 10:59:11-debug: // ---- build task 填充脚本数据到 settings.json ----
2025-7-26 10:59:11-log: run build task 填充脚本数据到 settings.json success in √, progress: 13%
2025-7-26 10:59:11-debug: [Build Memory track]: 填充脚本数据到 settings.json start:205.22MB, end 205.23MB, increase: 16.26KB
2025-7-26 10:59:11-debug: 整理部分构建选项内数据到 settings.json start, progress: 13%
2025-7-26 10:59:11-debug: // ---- build task 整理部分构建选项内数据到 settings.json ----
2025-7-26 10:59:11-debug: // ---- build task 整理部分构建选项内数据到 settings.json ---- (2ms)
2025-7-26 10:59:11-log: run build task 整理部分构建选项内数据到 settings.json success in 2 ms√, progress: 15%
2025-7-26 10:59:11-debug: [Build Memory track]: 整理部分构建选项内数据到 settings.json start:205.26MB, end 205.38MB, increase: 122.52KB
2025-7-26 10:59:11-debug: Query all assets info in project
2025-7-26 10:59:11-debug: init custom config: keepNodeUuid: false, useCache: true
2025-7-26 10:59:11-debug: Skip compress image, progress: 0%
2025-7-26 10:59:11-debug: Init all bundles start..., progress: 0%
2025-7-26 10:59:11-debug: Init bundle root assets start..., progress: 0%
2025-7-26 10:59:11-debug: 查询 Asset Bundle start, progress: 0%
2025-7-26 10:59:11-debug: // ---- build task 查询 Asset Bundle ----
2025-7-26 10:59:11-debug: Num of bundles: 2..., progress: 0%
2025-7-26 10:59:11-debug: Query preload assets/scripts from cc.config.json: 60f7195c-ec2a-45eb-ba94-8955f60e81d0,1c02ae6f-4492-4915-b8f8-7492a3b1e4cd,810e96e4-e456-4468-9b59-f4e8f39732c0,efe8e2a3-eace-427b-b4f1-cb8a937ec77d,e9aa9a3e-5b2b-4ac7-a2c7-073de2b2b24f,8bbdbcdd-5cd4-4100-b6d5-b7c9625b6107,50f4348b-c883-4e2f-8f11-ce233b859fa1,fda095cb-831d-4601-ad94-846013963de8,f92806d7-1768-443f-afe8-12bcde84d0f0,dd3a144d-ab7f-41f0-82b8-2e43a090d496,f0416e68-0200-4b77-a926-4f9d16e494da,970b0598-bcb0-4714-91fb-2e81440dccd8,bcd64cc6-2dd9-43f6-abbe-66318d332032,d930590d-bb92-4cc8-8bd1-23cd027f9edf,a3cd009f-0ab0-420d-9278-b9fdab939bbc,6a2d0734-bd9e-4ddf-946e-caa52498cb75,c27215d8-6835-4b68-bfbb-bdeac6100c04,b5d6115f-0370-4d7c-aad3-c194cc71cf98,871c3b6c-7379-419d-bda3-794b239ab90d,ff9b0199-ce04-4cfe-86cc-6c719f08d6e4,de1c2107-70c8-4021-8459-6399f24d01c6,cbf30902-517f-40dc-af90-a550bac27cf1
2025-7-26 10:59:11-debug: Init bundle root assets success..., progress: 0%
2025-7-26 10:59:11-debug:   Number of all scenes: 1
2025-7-26 10:59:11-debug:   Number of other assets: 510
2025-7-26 10:59:11-debug:   Number of all scripts: 14
2025-7-26 10:59:11-debug: // ---- build task 查询 Asset Bundle ---- (1ms)
2025-7-26 10:59:11-log: run build task 查询 Asset Bundle success in 1 ms√, progress: 5%
2025-7-26 10:59:11-debug: 查询 Asset Bundle start, progress: 5%
2025-7-26 10:59:11-debug: [Build Memory track]: 查询 Asset Bundle start:205.88MB, end 205.65MB, increase: -241.40KB
2025-7-26 10:59:11-debug: // ---- build task 查询 Asset Bundle ----
2025-7-26 10:59:11-debug: // ---- build task 查询 Asset Bundle ---- (1ms)
2025-7-26 10:59:11-log: run build task 查询 Asset Bundle success in 1 ms√, progress: 10%
2025-7-26 10:59:11-debug: [Build Memory track]: 查询 Asset Bundle start:205.67MB, end 205.78MB, increase: 107.80KB
2025-7-26 10:59:11-debug: // ---- build task 整理部分构建选项内数据到 settings.json ----
2025-7-26 10:59:11-debug: 整理部分构建选项内数据到 settings.json start, progress: 10%
2025-7-26 10:59:11-debug: [Build Memory track]: 整理部分构建选项内数据到 settings.json start:205.80MB, end 205.82MB, increase: 16.47KB
2025-7-26 10:59:11-log: run build task 整理部分构建选项内数据到 settings.json success in √, progress: 12%
2025-7-26 10:59:11-debug: // ---- build task 填充脚本数据到 settings.json ----
2025-7-26 10:59:11-debug: 填充脚本数据到 settings.json start, progress: 12%
2025-7-26 10:59:11-log: run build task 填充脚本数据到 settings.json success in √, progress: 13%
2025-7-26 10:59:11-debug: [Build Memory track]: 填充脚本数据到 settings.json start:205.84MB, end 205.86MB, increase: 14.91KB
2025-7-26 10:59:11-debug: // ---- build task 整理部分构建选项内数据到 settings.json ----
2025-7-26 10:59:11-debug: 整理部分构建选项内数据到 settings.json start, progress: 13%
2025-7-26 10:59:11-debug: // ---- build task 整理部分构建选项内数据到 settings.json ---- (1ms)
2025-7-26 10:59:11-debug: [Build Memory track]: 整理部分构建选项内数据到 settings.json start:205.88MB, end 205.31MB, increase: -581.77KB
2025-7-26 10:59:11-log: run build task 整理部分构建选项内数据到 settings.json success in 1 ms√, progress: 15%
2025-7-26 10:59:36-debug: refresh db internal success
2025-7-26 10:59:36-debug: %cImport%c: /Users/zhao/Desktop/test/cocos-creator/PlaneFight/assets/Scripts/Player.tsbackground: #aaff85; color: #000;color: #000;
2025-7-26 10:59:36-debug: %cImport%c: /Users/zhao/Desktop/test/cocos-creator/PlaneFight/assets/Scripts/Enemy.tsbackground: #aaff85; color: #000;color: #000;
2025-7-26 10:59:36-debug: refresh db assets success
2025-7-26 10:59:36-debug: Run asset db hook engine-extends:afterRefresh ...
2025-7-26 10:59:36-debug: Run asset db hook engine-extends:afterRefresh success!
2025-7-26 10:59:36-debug: asset-db:worker-effect-data-processing (1ms)
2025-7-26 10:59:36-debug: asset-db:refresh-all-database (26ms)
2025-7-26 10:59:36-debug: asset-db-hook-engine-extends-afterRefresh (1ms)
2025-7-26 10:59:36-debug: Query all assets info in project
2025-7-26 10:59:36-debug: init custom config: keepNodeUuid: false, useCache: true
2025-7-26 10:59:36-debug: Skip compress image, progress: 0%
2025-7-26 10:59:36-debug: Init all bundles start..., progress: 0%
2025-7-26 10:59:36-debug: Num of bundles: 2..., progress: 0%
2025-7-26 10:59:36-debug: Init bundle root assets start..., progress: 0%
2025-7-26 10:59:36-debug: // ---- build task 查询 Asset Bundle ----
2025-7-26 10:59:36-debug: 查询 Asset Bundle start, progress: 0%
2025-7-26 10:59:36-debug: Query preload assets/scripts from cc.config.json: 60f7195c-ec2a-45eb-ba94-8955f60e81d0,1c02ae6f-4492-4915-b8f8-7492a3b1e4cd,810e96e4-e456-4468-9b59-f4e8f39732c0,efe8e2a3-eace-427b-b4f1-cb8a937ec77d,e9aa9a3e-5b2b-4ac7-a2c7-073de2b2b24f,8bbdbcdd-5cd4-4100-b6d5-b7c9625b6107,50f4348b-c883-4e2f-8f11-ce233b859fa1,fda095cb-831d-4601-ad94-846013963de8,f92806d7-1768-443f-afe8-12bcde84d0f0,dd3a144d-ab7f-41f0-82b8-2e43a090d496,f0416e68-0200-4b77-a926-4f9d16e494da,970b0598-bcb0-4714-91fb-2e81440dccd8,bcd64cc6-2dd9-43f6-abbe-66318d332032,d930590d-bb92-4cc8-8bd1-23cd027f9edf,a3cd009f-0ab0-420d-9278-b9fdab939bbc,6a2d0734-bd9e-4ddf-946e-caa52498cb75,c27215d8-6835-4b68-bfbb-bdeac6100c04,b5d6115f-0370-4d7c-aad3-c194cc71cf98,871c3b6c-7379-419d-bda3-794b239ab90d,ff9b0199-ce04-4cfe-86cc-6c719f08d6e4,de1c2107-70c8-4021-8459-6399f24d01c6,cbf30902-517f-40dc-af90-a550bac27cf1
2025-7-26 10:59:36-debug:   Number of other assets: 510
2025-7-26 10:59:36-debug:   Number of all scripts: 14
2025-7-26 10:59:36-debug: Init bundle root assets success..., progress: 0%
2025-7-26 10:59:36-debug:   Number of all scenes: 1
2025-7-26 10:59:36-debug: // ---- build task 查询 Asset Bundle ---- (4ms)
2025-7-26 10:59:36-debug: [Build Memory track]: 查询 Asset Bundle start:206.43MB, end 206.14MB, increase: -306.41KB
2025-7-26 10:59:36-debug: 查询 Asset Bundle start, progress: 5%
2025-7-26 10:59:36-debug: // ---- build task 查询 Asset Bundle ----
2025-7-26 10:59:36-log: run build task 查询 Asset Bundle success in 4 ms√, progress: 5%
2025-7-26 10:59:36-debug: // ---- build task 查询 Asset Bundle ---- (2ms)
2025-7-26 10:59:36-log: run build task 查询 Asset Bundle success in 2 ms√, progress: 10%
2025-7-26 10:59:36-debug: [Build Memory track]: 查询 Asset Bundle start:206.16MB, end 206.26MB, increase: 107.41KB
2025-7-26 10:59:36-debug: // ---- build task 整理部分构建选项内数据到 settings.json ----
2025-7-26 10:59:36-debug: 整理部分构建选项内数据到 settings.json start, progress: 10%
2025-7-26 10:59:36-log: run build task 整理部分构建选项内数据到 settings.json success in √, progress: 12%
2025-7-26 10:59:36-debug: // ---- build task 填充脚本数据到 settings.json ----
2025-7-26 10:59:36-debug: 填充脚本数据到 settings.json start, progress: 12%
2025-7-26 10:59:36-debug: [Build Memory track]: 整理部分构建选项内数据到 settings.json start:206.29MB, end 206.31MB, increase: 16.29KB
2025-7-26 10:59:36-log: run build task 填充脚本数据到 settings.json success in √, progress: 13%
2025-7-26 10:59:36-debug: // ---- build task 整理部分构建选项内数据到 settings.json ----
2025-7-26 10:59:36-debug: [Build Memory track]: 填充脚本数据到 settings.json start:206.33MB, end 206.34MB, increase: 14.01KB
2025-7-26 10:59:36-debug: 整理部分构建选项内数据到 settings.json start, progress: 13%
2025-7-26 10:59:36-debug: // ---- build task 整理部分构建选项内数据到 settings.json ---- (5ms)
2025-7-26 10:59:36-log: run build task 整理部分构建选项内数据到 settings.json success in 5 ms√, progress: 15%
2025-7-26 10:59:36-debug: [Build Memory track]: 整理部分构建选项内数据到 settings.json start:206.37MB, end 206.50MB, increase: 133.19KB
2025-7-26 10:59:38-debug: Query all assets info in project
2025-7-26 10:59:38-debug: init custom config: keepNodeUuid: false, useCache: true
2025-7-26 10:59:38-debug: Skip compress image, progress: 0%
2025-7-26 10:59:38-debug: Init all bundles start..., progress: 0%
2025-7-26 10:59:38-debug: Init bundle root assets start..., progress: 0%
2025-7-26 10:59:38-debug: Num of bundles: 2..., progress: 0%
2025-7-26 10:59:38-debug: // ---- build task 查询 Asset Bundle ----
2025-7-26 10:59:38-debug: 查询 Asset Bundle start, progress: 0%
2025-7-26 10:59:38-debug: Query preload assets/scripts from cc.config.json: 60f7195c-ec2a-45eb-ba94-8955f60e81d0,1c02ae6f-4492-4915-b8f8-7492a3b1e4cd,810e96e4-e456-4468-9b59-f4e8f39732c0,efe8e2a3-eace-427b-b4f1-cb8a937ec77d,e9aa9a3e-5b2b-4ac7-a2c7-073de2b2b24f,8bbdbcdd-5cd4-4100-b6d5-b7c9625b6107,50f4348b-c883-4e2f-8f11-ce233b859fa1,fda095cb-831d-4601-ad94-846013963de8,f92806d7-1768-443f-afe8-12bcde84d0f0,dd3a144d-ab7f-41f0-82b8-2e43a090d496,f0416e68-0200-4b77-a926-4f9d16e494da,970b0598-bcb0-4714-91fb-2e81440dccd8,bcd64cc6-2dd9-43f6-abbe-66318d332032,d930590d-bb92-4cc8-8bd1-23cd027f9edf,a3cd009f-0ab0-420d-9278-b9fdab939bbc,6a2d0734-bd9e-4ddf-946e-caa52498cb75,c27215d8-6835-4b68-bfbb-bdeac6100c04,b5d6115f-0370-4d7c-aad3-c194cc71cf98,871c3b6c-7379-419d-bda3-794b239ab90d,ff9b0199-ce04-4cfe-86cc-6c719f08d6e4,de1c2107-70c8-4021-8459-6399f24d01c6,cbf30902-517f-40dc-af90-a550bac27cf1
2025-7-26 10:59:38-debug: Init bundle root assets success..., progress: 0%
2025-7-26 10:59:38-debug:   Number of all scenes: 1
2025-7-26 10:59:38-debug:   Number of other assets: 510
2025-7-26 10:59:38-debug:   Number of all scripts: 14
2025-7-26 10:59:38-debug: // ---- build task 查询 Asset Bundle ---- (2ms)
2025-7-26 10:59:38-log: run build task 查询 Asset Bundle success in 2 ms√, progress: 5%
2025-7-26 10:59:38-debug: 查询 Asset Bundle start, progress: 5%
2025-7-26 10:59:38-debug: [Build Memory track]: 查询 Asset Bundle start:206.11MB, end 206.74MB, increase: 642.67KB
2025-7-26 10:59:38-debug: // ---- build task 查询 Asset Bundle ----
2025-7-26 10:59:38-debug: 整理部分构建选项内数据到 settings.json start, progress: 10%
2025-7-26 10:59:38-debug: [Build Memory track]: 查询 Asset Bundle start:206.76MB, end 206.07MB, increase: -712.88KB
2025-7-26 10:59:38-log: run build task 查询 Asset Bundle success in √, progress: 10%
2025-7-26 10:59:38-debug: // ---- build task 整理部分构建选项内数据到 settings.json ----
2025-7-26 10:59:38-debug: [Build Memory track]: 整理部分构建选项内数据到 settings.json start:206.09MB, end 206.11MB, increase: 14.45KB
2025-7-26 10:59:38-debug: // ---- build task 填充脚本数据到 settings.json ----
2025-7-26 10:59:38-log: run build task 整理部分构建选项内数据到 settings.json success in √, progress: 12%
2025-7-26 10:59:38-debug: 填充脚本数据到 settings.json start, progress: 12%
2025-7-26 10:59:38-debug: [Build Memory track]: 填充脚本数据到 settings.json start:206.13MB, end 206.15MB, increase: 17.02KB
2025-7-26 10:59:38-debug: 整理部分构建选项内数据到 settings.json start, progress: 13%
2025-7-26 10:59:38-log: run build task 填充脚本数据到 settings.json success in √, progress: 13%
2025-7-26 10:59:38-debug: // ---- build task 整理部分构建选项内数据到 settings.json ----
2025-7-26 10:59:38-debug: [Build Memory track]: 整理部分构建选项内数据到 settings.json start:206.17MB, end 206.31MB, increase: 136.42KB
2025-7-26 10:59:38-log: run build task 整理部分构建选项内数据到 settings.json success in 1 ms√, progress: 15%
2025-7-26 10:59:38-debug: // ---- build task 整理部分构建选项内数据到 settings.json ---- (1ms)
2025-7-26 11:00:00-debug: refresh db internal success
2025-7-26 11:00:00-debug: refresh db assets success
2025-7-26 11:00:00-debug: Run asset db hook engine-extends:afterRefresh ...
2025-7-26 11:00:00-debug: Run asset db hook engine-extends:afterRefresh success!
2025-7-26 11:00:00-debug: asset-db:refresh-all-database (31ms)
2025-7-26 11:00:56-debug: refresh db internal success
2025-7-26 11:00:56-debug: %cImport%c: /Users/zhao/Desktop/test/cocos-creator/PlaneFight/assets/Scripts/Enemy.tsbackground: #aaff85; color: #000;color: #000;
2025-7-26 11:00:56-debug: refresh db assets success
2025-7-26 11:00:56-debug: Run asset db hook engine-extends:afterRefresh ...
2025-7-26 11:00:56-debug: Run asset db hook engine-extends:afterRefresh success!
2025-7-26 11:00:56-debug: asset-db:refresh-all-database (26ms)
2025-7-26 11:00:56-debug: asset-db:worker-effect-data-processing (1ms)
2025-7-26 11:00:56-debug: asset-db-hook-engine-extends-afterRefresh (1ms)
2025-7-26 11:00:56-debug: %cImport%c: /Users/zhao/Desktop/test/cocos-creator/PlaneFight/assets/Scenes/Start.scenebackground: #aaff85; color: #000;color: #000;
2025-7-26 11:00:56-debug: asset-db:reimport-asset2fda4d65-a1e9-4078-8250-de49b04cdc34 (2ms)
2025-7-26 11:00:57-debug: Query all assets info in project
2025-7-26 11:00:57-debug: init custom config: keepNodeUuid: false, useCache: true
2025-7-26 11:00:57-debug: Skip compress image, progress: 0%
2025-7-26 11:00:57-debug: Init all bundles start..., progress: 0%
2025-7-26 11:00:57-debug: 查询 Asset Bundle start, progress: 0%
2025-7-26 11:00:57-debug: Num of bundles: 2..., progress: 0%
2025-7-26 11:00:57-debug: // ---- build task 查询 Asset Bundle ----
2025-7-26 11:00:57-debug: Init bundle root assets start..., progress: 0%
2025-7-26 11:00:57-debug: Query preload assets/scripts from cc.config.json: 60f7195c-ec2a-45eb-ba94-8955f60e81d0,1c02ae6f-4492-4915-b8f8-7492a3b1e4cd,810e96e4-e456-4468-9b59-f4e8f39732c0,efe8e2a3-eace-427b-b4f1-cb8a937ec77d,e9aa9a3e-5b2b-4ac7-a2c7-073de2b2b24f,8bbdbcdd-5cd4-4100-b6d5-b7c9625b6107,50f4348b-c883-4e2f-8f11-ce233b859fa1,fda095cb-831d-4601-ad94-846013963de8,f92806d7-1768-443f-afe8-12bcde84d0f0,dd3a144d-ab7f-41f0-82b8-2e43a090d496,f0416e68-0200-4b77-a926-4f9d16e494da,970b0598-bcb0-4714-91fb-2e81440dccd8,bcd64cc6-2dd9-43f6-abbe-66318d332032,d930590d-bb92-4cc8-8bd1-23cd027f9edf,a3cd009f-0ab0-420d-9278-b9fdab939bbc,6a2d0734-bd9e-4ddf-946e-caa52498cb75,c27215d8-6835-4b68-bfbb-bdeac6100c04,b5d6115f-0370-4d7c-aad3-c194cc71cf98,871c3b6c-7379-419d-bda3-794b239ab90d,ff9b0199-ce04-4cfe-86cc-6c719f08d6e4,de1c2107-70c8-4021-8459-6399f24d01c6,cbf30902-517f-40dc-af90-a550bac27cf1
2025-7-26 11:00:57-debug: Init bundle root assets success..., progress: 0%
2025-7-26 11:00:57-debug:   Number of all scenes: 1
2025-7-26 11:00:57-debug: 查询 Asset Bundle start, progress: 5%
2025-7-26 11:00:57-debug: // ---- build task 查询 Asset Bundle ----
2025-7-26 11:00:57-log: run build task 查询 Asset Bundle success in 2 ms√, progress: 5%
2025-7-26 11:00:57-debug:   Number of all scripts: 14
2025-7-26 11:00:57-debug: // ---- build task 查询 Asset Bundle ---- (2ms)
2025-7-26 11:00:57-debug:   Number of other assets: 510
2025-7-26 11:00:57-debug: [Build Memory track]: 查询 Asset Bundle start:207.58MB, end 207.25MB, increase: -336.62KB
2025-7-26 11:00:57-debug: // ---- build task 查询 Asset Bundle ---- (1ms)
2025-7-26 11:00:57-debug: // ---- build task 整理部分构建选项内数据到 settings.json ----
2025-7-26 11:00:57-debug: 整理部分构建选项内数据到 settings.json start, progress: 10%
2025-7-26 11:00:57-debug: [Build Memory track]: 查询 Asset Bundle start:207.28MB, end 207.39MB, increase: 109.93KB
2025-7-26 11:00:57-log: run build task 查询 Asset Bundle success in 1 ms√, progress: 10%
2025-7-26 11:00:57-debug: // ---- build task 整理部分构建选项内数据到 settings.json ---- (1ms)
2025-7-26 11:00:57-log: run build task 整理部分构建选项内数据到 settings.json success in 1 ms√, progress: 12%
2025-7-26 11:00:57-debug: [Build Memory track]: 整理部分构建选项内数据到 settings.json start:207.41MB, end 207.44MB, increase: 24.71KB
2025-7-26 11:00:57-debug: 填充脚本数据到 settings.json start, progress: 12%
2025-7-26 11:00:57-debug: // ---- build task 填充脚本数据到 settings.json ----
2025-7-26 11:00:57-log: run build task 填充脚本数据到 settings.json success in √, progress: 13%
2025-7-26 11:00:57-debug: [Build Memory track]: 填充脚本数据到 settings.json start:207.46MB, end 207.48MB, increase: 16.33KB
2025-7-26 11:00:57-debug: 整理部分构建选项内数据到 settings.json start, progress: 13%
2025-7-26 11:00:57-debug: // ---- build task 整理部分构建选项内数据到 settings.json ----
2025-7-26 11:00:57-debug: // ---- build task 整理部分构建选项内数据到 settings.json ---- (2ms)
2025-7-26 11:00:57-log: run build task 整理部分构建选项内数据到 settings.json success in 2 ms√, progress: 15%
2025-7-26 11:00:57-debug: [Build Memory track]: 整理部分构建选项内数据到 settings.json start:207.50MB, end 207.77MB, increase: 272.22KB
2025-7-26 11:01:11-debug: refresh db internal success
2025-7-26 11:01:11-debug: refresh db assets success
2025-7-26 11:01:11-debug: Run asset db hook engine-extends:afterRefresh success!
2025-7-26 11:01:11-debug: Run asset db hook engine-extends:afterRefresh ...
2025-7-26 11:01:11-debug: asset-db:refresh-all-database (30ms)
2025-7-26 11:01:11-debug: asset-db:worker-effect-data-processing (1ms)
2025-7-26 11:01:11-debug: asset-db-hook-engine-extends-afterRefresh (1ms)
2025-7-26 11:01:34-debug: refresh db internal success
2025-7-26 11:01:34-debug: %cImport%c: /Users/zhao/Desktop/test/cocos-creator/PlaneFight/assets/Scripts/Enemy.tsbackground: #aaff85; color: #000;color: #000;
2025-7-26 11:01:34-debug: %cImport%c: /Users/zhao/Desktop/test/cocos-creator/PlaneFight/assets/Scripts/Player.tsbackground: #aaff85; color: #000;color: #000;
2025-7-26 11:01:34-debug: refresh db assets success
2025-7-26 11:01:34-debug: Run asset db hook engine-extends:afterRefresh ...
2025-7-26 11:01:34-debug: Run asset db hook engine-extends:afterRefresh success!
2025-7-26 11:01:34-debug: asset-db:refresh-all-database (31ms)
2025-7-26 11:01:34-debug: asset-db:worker-effect-data-processing (1ms)
2025-7-26 11:01:34-debug: asset-db-hook-engine-extends-afterRefresh (1ms)
2025-7-26 11:01:35-debug: %cImport%c: /Users/zhao/Desktop/test/cocos-creator/PlaneFight/assets/Scenes/Start.scenebackground: #aaff85; color: #000;color: #000;
2025-7-26 11:01:35-debug: asset-db:reimport-asset2fda4d65-a1e9-4078-8250-de49b04cdc34 (2ms)
2025-7-26 11:01:35-debug: %cImport%c: /Users/zhao/Desktop/test/cocos-creator/PlaneFight/assets/Scenes/Start.scenebackground: #aaff85; color: #000;color: #000;
2025-7-26 11:01:35-debug: asset-db:reimport-asset2fda4d65-a1e9-4078-8250-de49b04cdc34 (2ms)
2025-7-26 11:01:36-debug: Query all assets info in project
2025-7-26 11:01:36-debug: init custom config: keepNodeUuid: false, useCache: true
2025-7-26 11:01:36-debug: Skip compress image, progress: 0%
2025-7-26 11:01:36-debug: Init all bundles start..., progress: 0%
2025-7-26 11:01:36-debug: Num of bundles: 2..., progress: 0%
2025-7-26 11:01:36-debug: 查询 Asset Bundle start, progress: 0%
2025-7-26 11:01:36-debug: // ---- build task 查询 Asset Bundle ----
2025-7-26 11:01:36-debug: Init bundle root assets start..., progress: 0%
2025-7-26 11:01:36-debug: Query preload assets/scripts from cc.config.json: 60f7195c-ec2a-45eb-ba94-8955f60e81d0,1c02ae6f-4492-4915-b8f8-7492a3b1e4cd,810e96e4-e456-4468-9b59-f4e8f39732c0,efe8e2a3-eace-427b-b4f1-cb8a937ec77d,e9aa9a3e-5b2b-4ac7-a2c7-073de2b2b24f,8bbdbcdd-5cd4-4100-b6d5-b7c9625b6107,50f4348b-c883-4e2f-8f11-ce233b859fa1,fda095cb-831d-4601-ad94-846013963de8,f92806d7-1768-443f-afe8-12bcde84d0f0,dd3a144d-ab7f-41f0-82b8-2e43a090d496,f0416e68-0200-4b77-a926-4f9d16e494da,970b0598-bcb0-4714-91fb-2e81440dccd8,bcd64cc6-2dd9-43f6-abbe-66318d332032,d930590d-bb92-4cc8-8bd1-23cd027f9edf,a3cd009f-0ab0-420d-9278-b9fdab939bbc,6a2d0734-bd9e-4ddf-946e-caa52498cb75,c27215d8-6835-4b68-bfbb-bdeac6100c04,b5d6115f-0370-4d7c-aad3-c194cc71cf98,871c3b6c-7379-419d-bda3-794b239ab90d,ff9b0199-ce04-4cfe-86cc-6c719f08d6e4,de1c2107-70c8-4021-8459-6399f24d01c6,cbf30902-517f-40dc-af90-a550bac27cf1
2025-7-26 11:01:36-debug:   Number of all scripts: 14
2025-7-26 11:01:36-debug:   Number of other assets: 510
2025-7-26 11:01:36-debug: Init bundle root assets success..., progress: 0%
2025-7-26 11:01:36-debug:   Number of all scenes: 1
2025-7-26 11:01:36-debug: // ---- build task 查询 Asset Bundle ---- (2ms)
2025-7-26 11:01:36-debug: [Build Memory track]: 查询 Asset Bundle start:207.70MB, end 208.33MB, increase: 638.33KB
2025-7-26 11:01:36-debug: 查询 Asset Bundle start, progress: 5%
2025-7-26 11:01:36-debug: // ---- build task 查询 Asset Bundle ----
2025-7-26 11:01:36-log: run build task 查询 Asset Bundle success in 2 ms√, progress: 5%
2025-7-26 11:01:36-debug: // ---- build task 查询 Asset Bundle ---- (2ms)
2025-7-26 11:01:36-debug: // ---- build task 整理部分构建选项内数据到 settings.json ----
2025-7-26 11:01:36-log: run build task 查询 Asset Bundle success in 2 ms√, progress: 10%
2025-7-26 11:01:36-debug: [Build Memory track]: 查询 Asset Bundle start:208.35MB, end 207.70MB, increase: -666.24KB
2025-7-26 11:01:36-debug: 整理部分构建选项内数据到 settings.json start, progress: 10%
2025-7-26 11:01:36-debug: // ---- build task 整理部分构建选项内数据到 settings.json ---- (1ms)
2025-7-26 11:01:36-debug: // ---- build task 填充脚本数据到 settings.json ----
2025-7-26 11:01:36-log: run build task 整理部分构建选项内数据到 settings.json success in 1 ms√, progress: 12%
2025-7-26 11:01:36-debug: [Build Memory track]: 整理部分构建选项内数据到 settings.json start:207.73MB, end 207.75MB, increase: 24.80KB
2025-7-26 11:01:36-debug: 填充脚本数据到 settings.json start, progress: 12%
2025-7-26 11:01:36-debug: // ---- build task 填充脚本数据到 settings.json ---- (1ms)
2025-7-26 11:01:36-debug: // ---- build task 整理部分构建选项内数据到 settings.json ----
2025-7-26 11:01:36-log: run build task 填充脚本数据到 settings.json success in 1 ms√, progress: 13%
2025-7-26 11:01:36-debug: [Build Memory track]: 填充脚本数据到 settings.json start:207.77MB, end 207.80MB, increase: 22.11KB
2025-7-26 11:01:36-debug: 整理部分构建选项内数据到 settings.json start, progress: 13%
2025-7-26 11:01:36-debug: // ---- build task 整理部分构建选项内数据到 settings.json ---- (3ms)
2025-7-26 11:01:36-log: run build task 整理部分构建选项内数据到 settings.json success in 3 ms√, progress: 15%
2025-7-26 11:01:36-debug: [Build Memory track]: 整理部分构建选项内数据到 settings.json start:207.82MB, end 207.94MB, increase: 125.38KB
2025-7-26 11:01:45-debug: refresh db internal success
2025-7-26 11:01:45-debug: refresh db assets success
2025-7-26 11:01:45-debug: Run asset db hook engine-extends:afterRefresh success!
2025-7-26 11:01:45-debug: Run asset db hook engine-extends:afterRefresh ...
2025-7-26 11:01:45-debug: asset-db:refresh-all-database (31ms)
2025-7-26 11:01:45-debug: asset-db-hook-engine-extends-afterRefresh (1ms)
2025-7-26 11:01:45-debug: asset-db:worker-effect-data-processing (1ms)
2025-7-26 11:01:53-debug: Query all assets info in project
2025-7-26 11:01:53-debug: init custom config: keepNodeUuid: false, useCache: true
2025-7-26 11:01:53-debug: Skip compress image, progress: 0%
2025-7-26 11:01:53-debug: Init all bundles start..., progress: 0%
2025-7-26 11:01:53-debug: // ---- build task 查询 Asset Bundle ----
2025-7-26 11:01:53-debug: Num of bundles: 2..., progress: 0%
2025-7-26 11:01:53-debug: Init bundle root assets start..., progress: 0%
2025-7-26 11:01:53-debug: 查询 Asset Bundle start, progress: 0%
2025-7-26 11:01:53-debug: Query preload assets/scripts from cc.config.json: 60f7195c-ec2a-45eb-ba94-8955f60e81d0,1c02ae6f-4492-4915-b8f8-7492a3b1e4cd,810e96e4-e456-4468-9b59-f4e8f39732c0,efe8e2a3-eace-427b-b4f1-cb8a937ec77d,e9aa9a3e-5b2b-4ac7-a2c7-073de2b2b24f,8bbdbcdd-5cd4-4100-b6d5-b7c9625b6107,50f4348b-c883-4e2f-8f11-ce233b859fa1,fda095cb-831d-4601-ad94-846013963de8,f92806d7-1768-443f-afe8-12bcde84d0f0,dd3a144d-ab7f-41f0-82b8-2e43a090d496,f0416e68-0200-4b77-a926-4f9d16e494da,970b0598-bcb0-4714-91fb-2e81440dccd8,bcd64cc6-2dd9-43f6-abbe-66318d332032,d930590d-bb92-4cc8-8bd1-23cd027f9edf,a3cd009f-0ab0-420d-9278-b9fdab939bbc,6a2d0734-bd9e-4ddf-946e-caa52498cb75,c27215d8-6835-4b68-bfbb-bdeac6100c04,b5d6115f-0370-4d7c-aad3-c194cc71cf98,871c3b6c-7379-419d-bda3-794b239ab90d,ff9b0199-ce04-4cfe-86cc-6c719f08d6e4,de1c2107-70c8-4021-8459-6399f24d01c6,cbf30902-517f-40dc-af90-a550bac27cf1
2025-7-26 11:01:53-debug: Init bundle root assets success..., progress: 0%
2025-7-26 11:01:53-debug:   Number of all scenes: 1
2025-7-26 11:01:53-debug:   Number of other assets: 510
2025-7-26 11:01:53-debug:   Number of all scripts: 14
2025-7-26 11:01:53-log: run build task 查询 Asset Bundle success in 1 ms√, progress: 5%
2025-7-26 11:01:53-debug: // ---- build task 查询 Asset Bundle ---- (1ms)
2025-7-26 11:01:53-debug: [Build Memory track]: 查询 Asset Bundle start:208.96MB, end 208.79MB, increase: -167.97KB
2025-7-26 11:01:53-debug: 查询 Asset Bundle start, progress: 5%
2025-7-26 11:01:53-debug: // ---- build task 查询 Asset Bundle ----
2025-7-26 11:01:53-log: run build task 查询 Asset Bundle success in √, progress: 10%
2025-7-26 11:01:53-debug: [Build Memory track]: 查询 Asset Bundle start:208.82MB, end 208.92MB, increase: 100.17KB
2025-7-26 11:01:53-debug: 整理部分构建选项内数据到 settings.json start, progress: 10%
2025-7-26 11:01:53-debug: // ---- build task 整理部分构建选项内数据到 settings.json ----
2025-7-26 11:01:53-log: run build task 整理部分构建选项内数据到 settings.json success in √, progress: 12%
2025-7-26 11:01:53-debug: [Build Memory track]: 整理部分构建选项内数据到 settings.json start:208.94MB, end 208.22MB, increase: -739.69KB
2025-7-26 11:01:53-debug: 填充脚本数据到 settings.json start, progress: 12%
2025-7-26 11:01:53-debug: // ---- build task 填充脚本数据到 settings.json ----
2025-7-26 11:01:53-log: run build task 填充脚本数据到 settings.json success in √, progress: 13%
2025-7-26 11:01:53-debug: // ---- build task 整理部分构建选项内数据到 settings.json ----
2025-7-26 11:01:53-debug: 整理部分构建选项内数据到 settings.json start, progress: 13%
2025-7-26 11:01:53-debug: [Build Memory track]: 填充脚本数据到 settings.json start:208.24MB, end 208.55MB, increase: 317.94KB
2025-7-26 11:01:53-log: run build task 整理部分构建选项内数据到 settings.json success in √, progress: 15%
2025-7-26 11:01:53-debug: [Build Memory track]: 整理部分构建选项内数据到 settings.json start:208.58MB, end 208.41MB, increase: -168.43KB
2025-7-26 11:02:09-debug: refresh db internal success
2025-7-26 11:02:09-debug: refresh db assets success
2025-7-26 11:02:09-debug: Run asset db hook engine-extends:afterRefresh ...
2025-7-26 11:02:09-debug: Run asset db hook engine-extends:afterRefresh success!
2025-7-26 11:02:09-debug: asset-db:refresh-all-database (31ms)
2025-7-26 11:02:09-debug: asset-db:worker-effect-data-processing (1ms)
2025-7-26 11:02:09-debug: asset-db-hook-engine-extends-afterRefresh (1ms)
2025-7-26 11:02:36-debug: refresh db internal success
2025-7-26 11:02:36-debug: refresh db assets success
2025-7-26 11:02:36-debug: Run asset db hook engine-extends:afterRefresh ...
2025-7-26 11:02:36-debug: Run asset db hook engine-extends:afterRefresh success!
2025-7-26 11:02:36-debug: asset-db:refresh-all-database (25ms)
2025-7-26 11:04:15-debug: start refresh asset from /Users/zhao/Desktop/test/cocos-creator/PlaneFight/assets/Animations/PlayerDown.anim...
2025-7-26 11:04:15-debug: %cImport%c: /Users/zhao/Desktop/test/cocos-creator/PlaneFight/assets/Animations/PlayerDown.animbackground: #aaff85; color: #000;color: #000;
2025-7-26 11:04:15-debug: refresh asset /Users/zhao/Desktop/test/cocos-creator/PlaneFight/assets/Animations success
2025-7-26 11:04:16-debug: %cImport%c: /Users/zhao/Desktop/test/cocos-creator/PlaneFight/assets/Animationsbackground: #aaff85; color: #000;color: #000;
2025-7-26 11:04:16-debug: refresh db internal success
2025-7-26 11:04:16-debug: refresh db assets success
2025-7-26 11:04:16-debug: Run asset db hook engine-extends:afterRefresh ...
2025-7-26 11:04:16-debug: Run asset db hook engine-extends:afterRefresh success!
2025-7-26 11:04:16-debug: asset-db:refresh-all-database (15ms)
2025-7-26 11:04:16-debug: asset-db:worker-effect-data-processing (1ms)
2025-7-26 11:04:16-debug: asset-db-hook-engine-extends-afterRefresh (1ms)
2025-7-26 11:04:55-debug: %cImport%c: /Users/zhao/Desktop/test/cocos-creator/PlaneFight/assets/Animations/PlayerDown.animbackground: #aaff85; color: #000;color: #000;
2025-7-26 11:04:55-debug: asset-db:reimport-asset37a5050d-80ba-4203-b625-975da4f03074 (4ms)
2025-7-26 11:06:46-debug: %cImport%c: /Users/zhao/Desktop/test/cocos-creator/PlaneFight/assets/Animations/PlayerDown.animbackground: #aaff85; color: #000;color: #000;
2025-7-26 11:06:46-debug: asset-db:reimport-asset37a5050d-80ba-4203-b625-975da4f03074 (3ms)
2025-7-26 11:06:53-debug: refresh db internal success
2025-7-26 11:06:53-debug: refresh db assets success
2025-7-26 11:06:53-debug: Run asset db hook engine-extends:afterRefresh ...
2025-7-26 11:06:53-debug: Run asset db hook engine-extends:afterRefresh success!
2025-7-26 11:06:53-debug: asset-db:refresh-all-database (24ms)
2025-7-26 11:06:53-debug: asset-db:worker-effect-data-processing (1ms)
2025-7-26 11:06:53-debug: asset-db-hook-engine-extends-afterRefresh (1ms)
2025-7-26 11:06:57-debug: Query all assets info in project
2025-7-26 11:06:57-debug: init custom config: keepNodeUuid: false, useCache: true
2025-7-26 11:06:57-debug: Skip compress image, progress: 0%
2025-7-26 11:06:57-debug: Init all bundles start..., progress: 0%
2025-7-26 11:06:57-debug: // ---- build task 查询 Asset Bundle ----
2025-7-26 11:06:57-debug: 查询 Asset Bundle start, progress: 0%
2025-7-26 11:06:57-debug: Init bundle root assets start..., progress: 0%
2025-7-26 11:06:57-debug: Num of bundles: 2..., progress: 0%
2025-7-26 11:06:57-debug: Query preload assets/scripts from cc.config.json: 60f7195c-ec2a-45eb-ba94-8955f60e81d0,1c02ae6f-4492-4915-b8f8-7492a3b1e4cd,810e96e4-e456-4468-9b59-f4e8f39732c0,efe8e2a3-eace-427b-b4f1-cb8a937ec77d,e9aa9a3e-5b2b-4ac7-a2c7-073de2b2b24f,8bbdbcdd-5cd4-4100-b6d5-b7c9625b6107,50f4348b-c883-4e2f-8f11-ce233b859fa1,fda095cb-831d-4601-ad94-846013963de8,f92806d7-1768-443f-afe8-12bcde84d0f0,dd3a144d-ab7f-41f0-82b8-2e43a090d496,f0416e68-0200-4b77-a926-4f9d16e494da,970b0598-bcb0-4714-91fb-2e81440dccd8,bcd64cc6-2dd9-43f6-abbe-66318d332032,d930590d-bb92-4cc8-8bd1-23cd027f9edf,a3cd009f-0ab0-420d-9278-b9fdab939bbc,6a2d0734-bd9e-4ddf-946e-caa52498cb75,c27215d8-6835-4b68-bfbb-bdeac6100c04,b5d6115f-0370-4d7c-aad3-c194cc71cf98,871c3b6c-7379-419d-bda3-794b239ab90d,ff9b0199-ce04-4cfe-86cc-6c719f08d6e4,de1c2107-70c8-4021-8459-6399f24d01c6,cbf30902-517f-40dc-af90-a550bac27cf1
2025-7-26 11:06:57-debug: Init bundle root assets success..., progress: 0%
2025-7-26 11:06:57-debug:   Number of other assets: 511
2025-7-26 11:06:57-debug:   Number of all scripts: 14
2025-7-26 11:06:57-debug:   Number of all scenes: 1
2025-7-26 11:06:57-debug: // ---- build task 查询 Asset Bundle ---- (2ms)
2025-7-26 11:06:57-debug: 查询 Asset Bundle start, progress: 5%
2025-7-26 11:06:57-debug: [Build Memory track]: 查询 Asset Bundle start:211.57MB, end 212.21MB, increase: 656.84KB
2025-7-26 11:06:57-log: run build task 查询 Asset Bundle success in 2 ms√, progress: 5%
2025-7-26 11:06:57-debug: // ---- build task 查询 Asset Bundle ----
2025-7-26 11:06:57-log: run build task 查询 Asset Bundle success in √, progress: 10%
2025-7-26 11:06:57-debug: [Build Memory track]: 查询 Asset Bundle start:212.23MB, end 211.57MB, increase: -681.77KB
2025-7-26 11:06:57-debug: 整理部分构建选项内数据到 settings.json start, progress: 10%
2025-7-26 11:06:57-debug: // ---- build task 整理部分构建选项内数据到 settings.json ----
2025-7-26 11:06:57-debug: // ---- build task 整理部分构建选项内数据到 settings.json ---- (1ms)
2025-7-26 11:06:57-log: run build task 整理部分构建选项内数据到 settings.json success in 1 ms√, progress: 12%
2025-7-26 11:06:57-debug: [Build Memory track]: 整理部分构建选项内数据到 settings.json start:211.59MB, end 211.61MB, increase: 22.93KB
2025-7-26 11:06:57-debug: // ---- build task 填充脚本数据到 settings.json ----
2025-7-26 11:06:57-debug: 填充脚本数据到 settings.json start, progress: 12%
2025-7-26 11:06:57-log: run build task 填充脚本数据到 settings.json success in √, progress: 13%
2025-7-26 11:06:57-debug: [Build Memory track]: 填充脚本数据到 settings.json start:211.64MB, end 211.65MB, increase: 16.02KB
2025-7-26 11:06:57-debug: 整理部分构建选项内数据到 settings.json start, progress: 13%
2025-7-26 11:06:57-debug: // ---- build task 整理部分构建选项内数据到 settings.json ----
2025-7-26 11:06:57-debug: // ---- build task 整理部分构建选项内数据到 settings.json ---- (1ms)
2025-7-26 11:06:57-log: run build task 整理部分构建选项内数据到 settings.json success in 1 ms√, progress: 15%
2025-7-26 11:06:57-debug: [Build Memory track]: 整理部分构建选项内数据到 settings.json start:211.68MB, end 211.81MB, increase: 137.44KB
2025-7-26 11:11:43-debug: %cImport%c: /Users/zhao/Desktop/test/cocos-creator/PlaneFight/assets/Animations/PlayerDown.animbackground: #aaff85; color: #000;color: #000;
2025-7-26 11:11:43-debug: asset-db:reimport-asset37a5050d-80ba-4203-b625-975da4f03074 (5ms)
2025-7-26 11:12:53-debug: %cImport%c: /Users/zhao/Desktop/test/cocos-creator/PlaneFight/assets/Animations/PlayerDown.animbackground: #aaff85; color: #000;color: #000;
2025-7-26 11:12:53-debug: asset-db:reimport-asset37a5050d-80ba-4203-b625-975da4f03074 (3ms)
2025-7-26 11:13:06-debug: %cImport%c: /Users/zhao/Desktop/test/cocos-creator/PlaneFight/assets/Scenes/Start.scenebackground: #aaff85; color: #000;color: #000;
2025-7-26 11:13:06-debug: asset-db:reimport-asset2fda4d65-a1e9-4078-8250-de49b04cdc34 (7ms)
2025-7-26 11:13:07-debug: Query all assets info in project
2025-7-26 11:13:07-debug: init custom config: keepNodeUuid: false, useCache: true
2025-7-26 11:13:07-debug: Skip compress image, progress: 0%
2025-7-26 11:13:07-debug: Init all bundles start..., progress: 0%
2025-7-26 11:13:07-debug: Init bundle root assets start..., progress: 0%
2025-7-26 11:13:07-debug: 查询 Asset Bundle start, progress: 0%
2025-7-26 11:13:07-debug: // ---- build task 查询 Asset Bundle ----
2025-7-26 11:13:07-debug: Num of bundles: 2..., progress: 0%
2025-7-26 11:13:07-debug: Query preload assets/scripts from cc.config.json: 60f7195c-ec2a-45eb-ba94-8955f60e81d0,1c02ae6f-4492-4915-b8f8-7492a3b1e4cd,810e96e4-e456-4468-9b59-f4e8f39732c0,efe8e2a3-eace-427b-b4f1-cb8a937ec77d,e9aa9a3e-5b2b-4ac7-a2c7-073de2b2b24f,8bbdbcdd-5cd4-4100-b6d5-b7c9625b6107,50f4348b-c883-4e2f-8f11-ce233b859fa1,fda095cb-831d-4601-ad94-846013963de8,f92806d7-1768-443f-afe8-12bcde84d0f0,dd3a144d-ab7f-41f0-82b8-2e43a090d496,f0416e68-0200-4b77-a926-4f9d16e494da,970b0598-bcb0-4714-91fb-2e81440dccd8,bcd64cc6-2dd9-43f6-abbe-66318d332032,d930590d-bb92-4cc8-8bd1-23cd027f9edf,a3cd009f-0ab0-420d-9278-b9fdab939bbc,6a2d0734-bd9e-4ddf-946e-caa52498cb75,c27215d8-6835-4b68-bfbb-bdeac6100c04,b5d6115f-0370-4d7c-aad3-c194cc71cf98,871c3b6c-7379-419d-bda3-794b239ab90d,ff9b0199-ce04-4cfe-86cc-6c719f08d6e4,de1c2107-70c8-4021-8459-6399f24d01c6,cbf30902-517f-40dc-af90-a550bac27cf1
2025-7-26 11:13:07-debug:   Number of all scenes: 1
2025-7-26 11:13:07-debug:   Number of other assets: 511
2025-7-26 11:13:07-debug:   Number of all scripts: 14
2025-7-26 11:13:07-debug: Init bundle root assets success..., progress: 0%
2025-7-26 11:13:07-debug: // ---- build task 查询 Asset Bundle ---- (4ms)
2025-7-26 11:13:07-debug: // ---- build task 查询 Asset Bundle ----
2025-7-26 11:13:07-debug: [Build Memory track]: 查询 Asset Bundle start:211.97MB, end 212.59MB, increase: 635.82KB
2025-7-26 11:13:07-debug: 查询 Asset Bundle start, progress: 5%
2025-7-26 11:13:07-log: run build task 查询 Asset Bundle success in 4 ms√, progress: 5%
2025-7-26 11:13:07-debug: // ---- build task 查询 Asset Bundle ---- (3ms)
2025-7-26 11:13:07-debug: // ---- build task 整理部分构建选项内数据到 settings.json ----
2025-7-26 11:13:07-debug: 整理部分构建选项内数据到 settings.json start, progress: 10%
2025-7-26 11:13:07-debug: [Build Memory track]: 查询 Asset Bundle start:212.61MB, end 212.00MB, increase: -629.66KB
2025-7-26 11:13:07-log: run build task 查询 Asset Bundle success in 3 ms√, progress: 10%
2025-7-26 11:13:07-debug: // ---- build task 整理部分构建选项内数据到 settings.json ---- (1ms)
2025-7-26 11:13:07-debug: // ---- build task 填充脚本数据到 settings.json ----
2025-7-26 11:13:07-debug: [Build Memory track]: 整理部分构建选项内数据到 settings.json start:212.02MB, end 212.05MB, increase: 24.14KB
2025-7-26 11:13:07-debug: 填充脚本数据到 settings.json start, progress: 12%
2025-7-26 11:13:07-log: run build task 整理部分构建选项内数据到 settings.json success in 1 ms√, progress: 12%
2025-7-26 11:13:07-log: run build task 填充脚本数据到 settings.json success in √, progress: 13%
2025-7-26 11:13:07-debug: [Build Memory track]: 填充脚本数据到 settings.json start:212.07MB, end 212.09MB, increase: 15.71KB
2025-7-26 11:13:07-debug: 整理部分构建选项内数据到 settings.json start, progress: 13%
2025-7-26 11:13:07-debug: // ---- build task 整理部分构建选项内数据到 settings.json ----
2025-7-26 11:13:07-debug: // ---- build task 整理部分构建选项内数据到 settings.json ---- (1ms)
2025-7-26 11:13:07-log: run build task 整理部分构建选项内数据到 settings.json success in 1 ms√, progress: 15%
2025-7-26 11:13:07-debug: [Build Memory track]: 整理部分构建选项内数据到 settings.json start:212.11MB, end 212.23MB, increase: 121.78KB
2025-7-26 11:13:45-debug: %cImport%c: /Users/zhao/Desktop/test/cocos-creator/PlaneFight/assets/Animations/PlayerDown.animbackground: #aaff85; color: #000;color: #000;
2025-7-26 11:13:45-debug: asset-db:reimport-asset37a5050d-80ba-4203-b625-975da4f03074 (3ms)
2025-7-26 11:13:46-debug: Query all assets info in project
2025-7-26 11:13:46-debug: init custom config: keepNodeUuid: false, useCache: true
2025-7-26 11:13:46-debug: Skip compress image, progress: 0%
2025-7-26 11:13:46-debug: Init all bundles start..., progress: 0%
2025-7-26 11:13:46-debug: Num of bundles: 2..., progress: 0%
2025-7-26 11:13:46-debug: 查询 Asset Bundle start, progress: 0%
2025-7-26 11:13:46-debug: // ---- build task 查询 Asset Bundle ----
2025-7-26 11:13:46-debug: Init bundle root assets start..., progress: 0%
2025-7-26 11:13:46-debug: Query preload assets/scripts from cc.config.json: 60f7195c-ec2a-45eb-ba94-8955f60e81d0,1c02ae6f-4492-4915-b8f8-7492a3b1e4cd,810e96e4-e456-4468-9b59-f4e8f39732c0,efe8e2a3-eace-427b-b4f1-cb8a937ec77d,e9aa9a3e-5b2b-4ac7-a2c7-073de2b2b24f,8bbdbcdd-5cd4-4100-b6d5-b7c9625b6107,50f4348b-c883-4e2f-8f11-ce233b859fa1,fda095cb-831d-4601-ad94-846013963de8,f92806d7-1768-443f-afe8-12bcde84d0f0,dd3a144d-ab7f-41f0-82b8-2e43a090d496,f0416e68-0200-4b77-a926-4f9d16e494da,970b0598-bcb0-4714-91fb-2e81440dccd8,bcd64cc6-2dd9-43f6-abbe-66318d332032,d930590d-bb92-4cc8-8bd1-23cd027f9edf,a3cd009f-0ab0-420d-9278-b9fdab939bbc,6a2d0734-bd9e-4ddf-946e-caa52498cb75,c27215d8-6835-4b68-bfbb-bdeac6100c04,b5d6115f-0370-4d7c-aad3-c194cc71cf98,871c3b6c-7379-419d-bda3-794b239ab90d,ff9b0199-ce04-4cfe-86cc-6c719f08d6e4,de1c2107-70c8-4021-8459-6399f24d01c6,cbf30902-517f-40dc-af90-a550bac27cf1
2025-7-26 11:13:46-debug:   Number of all scenes: 1
2025-7-26 11:13:46-debug:   Number of other assets: 511
2025-7-26 11:13:46-debug: Init bundle root assets success..., progress: 0%
2025-7-26 11:13:46-debug:   Number of all scripts: 14
2025-7-26 11:13:46-debug: // ---- build task 查询 Asset Bundle ---- (1ms)
2025-7-26 11:13:46-log: run build task 查询 Asset Bundle success in 1 ms√, progress: 5%
2025-7-26 11:13:46-debug: // ---- build task 查询 Asset Bundle ----
2025-7-26 11:13:46-debug: 查询 Asset Bundle start, progress: 5%
2025-7-26 11:13:46-debug: [Build Memory track]: 查询 Asset Bundle start:212.37MB, end 212.08MB, increase: -292.30KB
2025-7-26 11:13:46-log: run build task 查询 Asset Bundle success in 1 ms√, progress: 10%
2025-7-26 11:13:46-debug: // ---- build task 整理部分构建选项内数据到 settings.json ----
2025-7-26 11:13:46-debug: [Build Memory track]: 查询 Asset Bundle start:212.11MB, end 212.21MB, increase: 107.46KB
2025-7-26 11:13:46-debug: 整理部分构建选项内数据到 settings.json start, progress: 10%
2025-7-26 11:13:46-debug: // ---- build task 查询 Asset Bundle ---- (1ms)
2025-7-26 11:13:46-log: run build task 整理部分构建选项内数据到 settings.json success in √, progress: 12%
2025-7-26 11:13:46-debug: [Build Memory track]: 整理部分构建选项内数据到 settings.json start:212.24MB, end 212.25MB, increase: 15.85KB
2025-7-26 11:13:46-debug: 填充脚本数据到 settings.json start, progress: 12%
2025-7-26 11:13:46-debug: // ---- build task 填充脚本数据到 settings.json ----
2025-7-26 11:13:46-debug: // ---- build task 填充脚本数据到 settings.json ---- (1ms)
2025-7-26 11:13:46-debug: [Build Memory track]: 填充脚本数据到 settings.json start:212.28MB, end 212.30MB, increase: 22.82KB
2025-7-26 11:13:46-debug: // ---- build task 整理部分构建选项内数据到 settings.json ----
2025-7-26 11:13:46-log: run build task 填充脚本数据到 settings.json success in 1 ms√, progress: 13%
2025-7-26 11:13:46-debug: 整理部分构建选项内数据到 settings.json start, progress: 13%
2025-7-26 11:13:46-debug: // ---- build task 整理部分构建选项内数据到 settings.json ---- (1ms)
2025-7-26 11:13:46-log: run build task 整理部分构建选项内数据到 settings.json success in 1 ms√, progress: 15%
2025-7-26 11:13:46-debug: [Build Memory track]: 整理部分构建选项内数据到 settings.json start:212.32MB, end 212.44MB, increase: 122.81KB
2025-7-26 11:14:12-debug: refresh db internal success
2025-7-26 11:14:12-debug: refresh db assets success
2025-7-26 11:14:12-debug: Run asset db hook engine-extends:afterRefresh ...
2025-7-26 11:14:12-debug: Run asset db hook engine-extends:afterRefresh success!
2025-7-26 11:14:12-debug: asset-db:refresh-all-database (32ms)
2025-7-26 11:15:17-debug: refresh db internal success
2025-7-26 11:15:17-debug: refresh db assets success
2025-7-26 11:15:17-debug: Run asset db hook engine-extends:afterRefresh ...
2025-7-26 11:15:17-debug: Run asset db hook engine-extends:afterRefresh success!
2025-7-26 11:15:17-debug: asset-db:refresh-all-database (31ms)
2025-7-26 11:15:22-debug: refresh db internal success
2025-7-26 11:15:22-debug: refresh db assets success
2025-7-26 11:15:22-debug: Run asset db hook engine-extends:afterRefresh success!
2025-7-26 11:15:22-debug: Run asset db hook engine-extends:afterRefresh ...
2025-7-26 11:15:22-debug: asset-db:refresh-all-database (29ms)
2025-7-26 11:15:22-debug: asset-db:worker-effect-data-processing (1ms)
2025-7-26 11:15:22-debug: asset-db-hook-engine-extends-afterRefresh (1ms)
2025-7-26 11:15:24-debug: %cImport%c: /Users/zhao/Desktop/test/cocos-creator/PlaneFight/assets/Animations/Hero.animbackground: #aaff85; color: #000;color: #000;
2025-7-26 11:15:24-debug: asset-db:reimport-assetf1583a37-718a-4a94-bedd-4bf16c54d1cd (5ms)
2025-7-26 11:15:24-debug: %cImport%c: /Users/zhao/Desktop/test/cocos-creator/PlaneFight/assets/Animations/Hero.animbackground: #aaff85; color: #000;color: #000;
2025-7-26 11:15:24-debug: asset-db:reimport-assetf1583a37-718a-4a94-bedd-4bf16c54d1cd (3ms)
2025-7-26 11:15:52-debug: %cImport%c: /Users/zhao/Desktop/test/cocos-creator/PlaneFight/assets/Animations/Hero.animbackground: #aaff85; color: #000;color: #000;
2025-7-26 11:15:52-debug: asset-db:reimport-assetf1583a37-718a-4a94-bedd-4bf16c54d1cd (5ms)
2025-7-26 11:16:37-debug: refresh db internal success
2025-7-26 11:16:37-debug: %cImport%c: /Users/zhao/Desktop/test/cocos-creator/PlaneFight/assets/Scripts/Player.tsbackground: #aaff85; color: #000;color: #000;
2025-7-26 11:16:37-debug: refresh db assets success
2025-7-26 11:16:37-debug: Run asset db hook engine-extends:afterRefresh ...
2025-7-26 11:16:37-debug: Run asset db hook engine-extends:afterRefresh success!
2025-7-26 11:16:37-debug: asset-db:refresh-all-database (32ms)
2025-7-26 11:16:37-debug: asset-db-hook-engine-extends-afterRefresh (1ms)
2025-7-26 11:16:37-debug: Query all assets info in project
2025-7-26 11:16:37-debug: init custom config: keepNodeUuid: false, useCache: true
2025-7-26 11:16:37-debug: Skip compress image, progress: 0%
2025-7-26 11:16:37-debug: Init all bundles start..., progress: 0%
2025-7-26 11:16:37-debug: Num of bundles: 2..., progress: 0%
2025-7-26 11:16:37-debug: 查询 Asset Bundle start, progress: 0%
2025-7-26 11:16:37-debug: // ---- build task 查询 Asset Bundle ----
2025-7-26 11:16:37-debug: Init bundle root assets start..., progress: 0%
2025-7-26 11:16:37-debug: Query preload assets/scripts from cc.config.json: 60f7195c-ec2a-45eb-ba94-8955f60e81d0,1c02ae6f-4492-4915-b8f8-7492a3b1e4cd,810e96e4-e456-4468-9b59-f4e8f39732c0,efe8e2a3-eace-427b-b4f1-cb8a937ec77d,e9aa9a3e-5b2b-4ac7-a2c7-073de2b2b24f,8bbdbcdd-5cd4-4100-b6d5-b7c9625b6107,50f4348b-c883-4e2f-8f11-ce233b859fa1,fda095cb-831d-4601-ad94-846013963de8,f92806d7-1768-443f-afe8-12bcde84d0f0,dd3a144d-ab7f-41f0-82b8-2e43a090d496,f0416e68-0200-4b77-a926-4f9d16e494da,970b0598-bcb0-4714-91fb-2e81440dccd8,bcd64cc6-2dd9-43f6-abbe-66318d332032,d930590d-bb92-4cc8-8bd1-23cd027f9edf,a3cd009f-0ab0-420d-9278-b9fdab939bbc,6a2d0734-bd9e-4ddf-946e-caa52498cb75,c27215d8-6835-4b68-bfbb-bdeac6100c04,b5d6115f-0370-4d7c-aad3-c194cc71cf98,871c3b6c-7379-419d-bda3-794b239ab90d,ff9b0199-ce04-4cfe-86cc-6c719f08d6e4,de1c2107-70c8-4021-8459-6399f24d01c6,cbf30902-517f-40dc-af90-a550bac27cf1
2025-7-26 11:16:37-debug:   Number of other assets: 511
2025-7-26 11:16:37-debug:   Number of all scripts: 14
2025-7-26 11:16:37-debug: Init bundle root assets success..., progress: 0%
2025-7-26 11:16:37-debug:   Number of all scenes: 1
2025-7-26 11:16:37-debug: // ---- build task 查询 Asset Bundle ---- (6ms)
2025-7-26 11:16:37-log: run build task 查询 Asset Bundle success in 6 ms√, progress: 5%
2025-7-26 11:16:37-debug: [Build Memory track]: 查询 Asset Bundle start:216.01MB, end 215.71MB, increase: -306.77KB
2025-7-26 11:16:37-debug: 查询 Asset Bundle start, progress: 5%
2025-7-26 11:16:37-debug: // ---- build task 查询 Asset Bundle ----
2025-7-26 11:16:37-log: run build task 查询 Asset Bundle success in 3 ms√, progress: 10%
2025-7-26 11:16:37-debug: // ---- build task 整理部分构建选项内数据到 settings.json ----
2025-7-26 11:16:37-debug: [Build Memory track]: 查询 Asset Bundle start:215.73MB, end 215.84MB, increase: 107.48KB
2025-7-26 11:16:37-debug: 整理部分构建选项内数据到 settings.json start, progress: 10%
2025-7-26 11:16:37-debug: // ---- build task 查询 Asset Bundle ---- (3ms)
2025-7-26 11:16:37-debug: // ---- build task 整理部分构建选项内数据到 settings.json ---- (1ms)
2025-7-26 11:16:37-log: run build task 整理部分构建选项内数据到 settings.json success in 1 ms√, progress: 12%
2025-7-26 11:16:37-debug: 填充脚本数据到 settings.json start, progress: 12%
2025-7-26 11:16:37-debug: // ---- build task 填充脚本数据到 settings.json ----
2025-7-26 11:16:37-debug: [Build Memory track]: 整理部分构建选项内数据到 settings.json start:215.86MB, end 215.88MB, increase: 22.71KB
2025-7-26 11:16:37-debug: [Build Memory track]: 填充脚本数据到 settings.json start:215.91MB, end 215.93MB, increase: 16.37KB
2025-7-26 11:16:37-debug: // ---- build task 整理部分构建选项内数据到 settings.json ----
2025-7-26 11:16:37-log: run build task 填充脚本数据到 settings.json success in √, progress: 13%
2025-7-26 11:16:37-debug: 整理部分构建选项内数据到 settings.json start, progress: 13%
2025-7-26 11:16:37-log: run build task 整理部分构建选项内数据到 settings.json success in 2 ms√, progress: 15%
2025-7-26 11:16:37-debug: // ---- build task 整理部分构建选项内数据到 settings.json ---- (2ms)
2025-7-26 11:16:37-debug: [Build Memory track]: 整理部分构建选项内数据到 settings.json start:215.95MB, end 216.08MB, increase: 129.31KB
2025-7-26 11:16:38-debug: Query all assets info in project
2025-7-26 11:16:38-debug: init custom config: keepNodeUuid: false, useCache: true
2025-7-26 11:16:38-debug: Skip compress image, progress: 0%
2025-7-26 11:16:38-debug: Init all bundles start..., progress: 0%
2025-7-26 11:16:38-debug: Num of bundles: 2..., progress: 0%
2025-7-26 11:16:38-debug: 查询 Asset Bundle start, progress: 0%
2025-7-26 11:16:38-debug: // ---- build task 查询 Asset Bundle ----
2025-7-26 11:16:38-debug: Init bundle root assets start..., progress: 0%
2025-7-26 11:16:38-debug: Query preload assets/scripts from cc.config.json: 60f7195c-ec2a-45eb-ba94-8955f60e81d0,1c02ae6f-4492-4915-b8f8-7492a3b1e4cd,810e96e4-e456-4468-9b59-f4e8f39732c0,efe8e2a3-eace-427b-b4f1-cb8a937ec77d,e9aa9a3e-5b2b-4ac7-a2c7-073de2b2b24f,8bbdbcdd-5cd4-4100-b6d5-b7c9625b6107,50f4348b-c883-4e2f-8f11-ce233b859fa1,fda095cb-831d-4601-ad94-846013963de8,f92806d7-1768-443f-afe8-12bcde84d0f0,dd3a144d-ab7f-41f0-82b8-2e43a090d496,f0416e68-0200-4b77-a926-4f9d16e494da,970b0598-bcb0-4714-91fb-2e81440dccd8,bcd64cc6-2dd9-43f6-abbe-66318d332032,d930590d-bb92-4cc8-8bd1-23cd027f9edf,a3cd009f-0ab0-420d-9278-b9fdab939bbc,6a2d0734-bd9e-4ddf-946e-caa52498cb75,c27215d8-6835-4b68-bfbb-bdeac6100c04,b5d6115f-0370-4d7c-aad3-c194cc71cf98,871c3b6c-7379-419d-bda3-794b239ab90d,ff9b0199-ce04-4cfe-86cc-6c719f08d6e4,de1c2107-70c8-4021-8459-6399f24d01c6,cbf30902-517f-40dc-af90-a550bac27cf1
2025-7-26 11:16:38-debug: Init bundle root assets success..., progress: 0%
2025-7-26 11:16:38-debug:   Number of all scripts: 14
2025-7-26 11:16:38-debug:   Number of other assets: 511
2025-7-26 11:16:38-debug:   Number of all scenes: 1
2025-7-26 11:16:38-debug: // ---- build task 查询 Asset Bundle ---- (2ms)
2025-7-26 11:16:38-log: run build task 查询 Asset Bundle success in 2 ms√, progress: 5%
2025-7-26 11:16:38-debug: 查询 Asset Bundle start, progress: 5%
2025-7-26 11:16:38-debug: [Build Memory track]: 查询 Asset Bundle start:216.39MB, end 216.23MB, increase: -156.98KB
2025-7-26 11:16:38-debug: // ---- build task 查询 Asset Bundle ----
2025-7-26 11:16:38-log: run build task 查询 Asset Bundle success in √, progress: 10%
2025-7-26 11:16:38-debug: 整理部分构建选项内数据到 settings.json start, progress: 10%
2025-7-26 11:16:38-debug: [Build Memory track]: 查询 Asset Bundle start:216.26MB, end 216.35MB, increase: 98.26KB
2025-7-26 11:16:38-debug: // ---- build task 整理部分构建选项内数据到 settings.json ----
2025-7-26 11:16:38-log: run build task 整理部分构建选项内数据到 settings.json success in 1 ms√, progress: 12%
2025-7-26 11:16:38-debug: [Build Memory track]: 整理部分构建选项内数据到 settings.json start:216.38MB, end 215.66MB, increase: -736.82KB
2025-7-26 11:16:38-debug: // ---- build task 填充脚本数据到 settings.json ----
2025-7-26 11:16:38-debug: // ---- build task 整理部分构建选项内数据到 settings.json ---- (1ms)
2025-7-26 11:16:38-debug: 填充脚本数据到 settings.json start, progress: 12%
2025-7-26 11:16:38-log: run build task 填充脚本数据到 settings.json success in √, progress: 13%
2025-7-26 11:16:38-debug: [Build Memory track]: 填充脚本数据到 settings.json start:215.69MB, end 215.70MB, increase: 16.21KB
2025-7-26 11:16:38-debug: 整理部分构建选项内数据到 settings.json start, progress: 13%
2025-7-26 11:16:38-debug: // ---- build task 整理部分构建选项内数据到 settings.json ----
2025-7-26 11:16:38-log: run build task 整理部分构建选项内数据到 settings.json success in 1 ms√, progress: 15%
2025-7-26 11:16:38-debug: // ---- build task 整理部分构建选项内数据到 settings.json ---- (1ms)
2025-7-26 11:16:38-debug: [Build Memory track]: 整理部分构建选项内数据到 settings.json start:215.73MB, end 215.85MB, increase: 122.57KB
2025-7-26 11:16:50-debug: refresh db internal success
2025-7-26 11:16:50-debug: refresh db assets success
2025-7-26 11:16:50-debug: Run asset db hook engine-extends:afterRefresh ...
2025-7-26 11:16:50-debug: Run asset db hook engine-extends:afterRefresh success!
2025-7-26 11:16:50-debug: asset-db:refresh-all-database (30ms)
2025-7-26 11:16:50-debug: asset-db-hook-engine-extends-afterRefresh (1ms)
2025-7-26 11:17:32-debug: refresh db internal success
2025-7-26 11:17:32-debug: Run asset db hook engine-extends:afterRefresh ...
2025-7-26 11:17:32-debug: refresh db assets success
2025-7-26 11:17:32-debug: Run asset db hook engine-extends:afterRefresh success!
2025-7-26 11:17:32-debug: asset-db:refresh-all-database (20ms)
2025-7-26 11:18:00-debug: refresh db internal success
2025-7-26 11:18:00-debug: %cImport%c: /Users/zhao/Desktop/test/cocos-creator/PlaneFight/assets/Scripts/Player.tsbackground: #aaff85; color: #000;color: #000;
2025-7-26 11:18:00-debug: refresh db assets success
2025-7-26 11:18:00-debug: Run asset db hook engine-extends:afterRefresh ...
2025-7-26 11:18:00-debug: asset-db-hook-engine-extends-afterRefresh (1ms)
2025-7-26 11:18:00-debug: Run asset db hook engine-extends:afterRefresh success!
2025-7-26 11:18:00-debug: asset-db:worker-effect-data-processing (1ms)
2025-7-26 11:18:00-debug: asset-db:refresh-all-database (48ms)
2025-7-26 11:18:00-debug: %cImport%c: /Users/zhao/Desktop/test/cocos-creator/PlaneFight/assets/Scenes/Start.scenebackground: #aaff85; color: #000;color: #000;
2025-7-26 11:18:01-debug: asset-db:reimport-asset2fda4d65-a1e9-4078-8250-de49b04cdc34 (4ms)
2025-7-26 11:18:01-debug: Query all assets info in project
2025-7-26 11:18:01-debug: init custom config: keepNodeUuid: false, useCache: true
2025-7-26 11:18:01-debug: Skip compress image, progress: 0%
2025-7-26 11:18:01-debug: Init all bundles start..., progress: 0%
2025-7-26 11:18:01-debug: // ---- build task 查询 Asset Bundle ----
2025-7-26 11:18:01-debug: 查询 Asset Bundle start, progress: 0%
2025-7-26 11:18:01-debug: Init bundle root assets start..., progress: 0%
2025-7-26 11:18:01-debug: Num of bundles: 2..., progress: 0%
2025-7-26 11:18:01-debug: Query preload assets/scripts from cc.config.json: 60f7195c-ec2a-45eb-ba94-8955f60e81d0,1c02ae6f-4492-4915-b8f8-7492a3b1e4cd,810e96e4-e456-4468-9b59-f4e8f39732c0,efe8e2a3-eace-427b-b4f1-cb8a937ec77d,e9aa9a3e-5b2b-4ac7-a2c7-073de2b2b24f,8bbdbcdd-5cd4-4100-b6d5-b7c9625b6107,50f4348b-c883-4e2f-8f11-ce233b859fa1,fda095cb-831d-4601-ad94-846013963de8,f92806d7-1768-443f-afe8-12bcde84d0f0,dd3a144d-ab7f-41f0-82b8-2e43a090d496,f0416e68-0200-4b77-a926-4f9d16e494da,970b0598-bcb0-4714-91fb-2e81440dccd8,bcd64cc6-2dd9-43f6-abbe-66318d332032,d930590d-bb92-4cc8-8bd1-23cd027f9edf,a3cd009f-0ab0-420d-9278-b9fdab939bbc,6a2d0734-bd9e-4ddf-946e-caa52498cb75,c27215d8-6835-4b68-bfbb-bdeac6100c04,b5d6115f-0370-4d7c-aad3-c194cc71cf98,871c3b6c-7379-419d-bda3-794b239ab90d,ff9b0199-ce04-4cfe-86cc-6c719f08d6e4,de1c2107-70c8-4021-8459-6399f24d01c6,cbf30902-517f-40dc-af90-a550bac27cf1
2025-7-26 11:18:01-debug: Init bundle root assets success..., progress: 0%
2025-7-26 11:18:01-debug:   Number of all scenes: 1
2025-7-26 11:18:01-debug:   Number of all scripts: 14
2025-7-26 11:18:01-debug:   Number of other assets: 511
2025-7-26 11:18:01-debug: // ---- build task 查询 Asset Bundle ---- (2ms)
2025-7-26 11:18:01-log: run build task 查询 Asset Bundle success in 2 ms√, progress: 5%
2025-7-26 11:18:01-debug: 查询 Asset Bundle start, progress: 5%
2025-7-26 11:18:01-debug: // ---- build task 查询 Asset Bundle ----
2025-7-26 11:18:01-debug: [Build Memory track]: 查询 Asset Bundle start:198.08MB, end 198.03MB, increase: -54.54KB
2025-7-26 11:18:01-debug: // ---- build task 查询 Asset Bundle ---- (4ms)
2025-7-26 11:18:01-debug: // ---- build task 整理部分构建选项内数据到 settings.json ----
2025-7-26 11:18:01-debug: 整理部分构建选项内数据到 settings.json start, progress: 10%
2025-7-26 11:18:01-debug: [Build Memory track]: 查询 Asset Bundle start:198.06MB, end 198.16MB, increase: 107.71KB
2025-7-26 11:18:01-log: run build task 查询 Asset Bundle success in 4 ms√, progress: 10%
2025-7-26 11:18:01-log: run build task 整理部分构建选项内数据到 settings.json success in 1 ms√, progress: 12%
2025-7-26 11:18:01-debug: // ---- build task 整理部分构建选项内数据到 settings.json ---- (1ms)
2025-7-26 11:18:01-debug: [Build Memory track]: 整理部分构建选项内数据到 settings.json start:198.19MB, end 198.21MB, increase: 24.16KB
2025-7-26 11:18:01-debug: 填充脚本数据到 settings.json start, progress: 12%
2025-7-26 11:18:01-debug: // ---- build task 填充脚本数据到 settings.json ----
2025-7-26 11:18:01-log: run build task 填充脚本数据到 settings.json success in √, progress: 13%
2025-7-26 11:18:01-debug: [Build Memory track]: 填充脚本数据到 settings.json start:198.23MB, end 198.25MB, increase: 15.52KB
2025-7-26 11:18:01-debug: // ---- build task 整理部分构建选项内数据到 settings.json ----
2025-7-26 11:18:01-debug: 整理部分构建选项内数据到 settings.json start, progress: 13%
2025-7-26 11:18:01-debug: // ---- build task 整理部分构建选项内数据到 settings.json ---- (2ms)
2025-7-26 11:18:01-log: run build task 整理部分构建选项内数据到 settings.json success in 2 ms√, progress: 15%
2025-7-26 11:18:01-debug: [Build Memory track]: 整理部分构建选项内数据到 settings.json start:198.27MB, end 198.40MB, increase: 126.54KB
2025-7-26 11:18:01-debug: Query all assets info in project
2025-7-26 11:18:01-debug: Skip compress image, progress: 0%
2025-7-26 11:18:01-debug: init custom config: keepNodeUuid: false, useCache: true
2025-7-26 11:18:01-debug: Init all bundles start..., progress: 0%
2025-7-26 11:18:01-debug: Num of bundles: 2..., progress: 0%
2025-7-26 11:18:01-debug: Init bundle root assets start..., progress: 0%
2025-7-26 11:18:01-debug: 查询 Asset Bundle start, progress: 0%
2025-7-26 11:18:01-debug: // ---- build task 查询 Asset Bundle ----
2025-7-26 11:18:01-debug: Query preload assets/scripts from cc.config.json: 60f7195c-ec2a-45eb-ba94-8955f60e81d0,1c02ae6f-4492-4915-b8f8-7492a3b1e4cd,810e96e4-e456-4468-9b59-f4e8f39732c0,efe8e2a3-eace-427b-b4f1-cb8a937ec77d,e9aa9a3e-5b2b-4ac7-a2c7-073de2b2b24f,8bbdbcdd-5cd4-4100-b6d5-b7c9625b6107,50f4348b-c883-4e2f-8f11-ce233b859fa1,fda095cb-831d-4601-ad94-846013963de8,f92806d7-1768-443f-afe8-12bcde84d0f0,dd3a144d-ab7f-41f0-82b8-2e43a090d496,f0416e68-0200-4b77-a926-4f9d16e494da,970b0598-bcb0-4714-91fb-2e81440dccd8,bcd64cc6-2dd9-43f6-abbe-66318d332032,d930590d-bb92-4cc8-8bd1-23cd027f9edf,a3cd009f-0ab0-420d-9278-b9fdab939bbc,6a2d0734-bd9e-4ddf-946e-caa52498cb75,c27215d8-6835-4b68-bfbb-bdeac6100c04,b5d6115f-0370-4d7c-aad3-c194cc71cf98,871c3b6c-7379-419d-bda3-794b239ab90d,ff9b0199-ce04-4cfe-86cc-6c719f08d6e4,de1c2107-70c8-4021-8459-6399f24d01c6,cbf30902-517f-40dc-af90-a550bac27cf1
2025-7-26 11:18:01-debug:   Number of all scenes: 1
2025-7-26 11:18:01-debug:   Number of all scripts: 14
2025-7-26 11:18:01-debug:   Number of other assets: 511
2025-7-26 11:18:01-debug: Init bundle root assets success..., progress: 0%
2025-7-26 11:18:01-debug: // ---- build task 查询 Asset Bundle ---- (2ms)
2025-7-26 11:18:01-debug: [Build Memory track]: 查询 Asset Bundle start:198.82MB, end 198.69MB, increase: -130.66KB
2025-7-26 11:18:01-log: run build task 查询 Asset Bundle success in 2 ms√, progress: 5%
2025-7-26 11:18:01-debug: // ---- build task 查询 Asset Bundle ----
2025-7-26 11:18:01-debug: 查询 Asset Bundle start, progress: 5%
2025-7-26 11:18:01-log: run build task 查询 Asset Bundle success in √, progress: 10%
2025-7-26 11:18:01-debug: [Build Memory track]: 查询 Asset Bundle start:198.71MB, end 198.81MB, increase: 101.42KB
2025-7-26 11:18:01-debug: 整理部分构建选项内数据到 settings.json start, progress: 10%
2025-7-26 11:18:01-debug: // ---- build task 整理部分构建选项内数据到 settings.json ----
2025-7-26 11:18:01-debug: // ---- build task 整理部分构建选项内数据到 settings.json ---- (1ms)
2025-7-26 11:18:01-log: run build task 整理部分构建选项内数据到 settings.json success in 1 ms√, progress: 12%
2025-7-26 11:18:01-debug: [Build Memory track]: 整理部分构建选项内数据到 settings.json start:198.84MB, end 198.17MB, increase: -688.53KB
2025-7-26 11:18:01-debug: // ---- build task 填充脚本数据到 settings.json ----
2025-7-26 11:18:01-debug: 填充脚本数据到 settings.json start, progress: 12%
2025-7-26 11:18:01-log: run build task 填充脚本数据到 settings.json success in √, progress: 13%
2025-7-26 11:18:01-debug: // ---- build task 整理部分构建选项内数据到 settings.json ----
2025-7-26 11:18:01-debug: [Build Memory track]: 填充脚本数据到 settings.json start:198.21MB, end 198.22MB, increase: 15.43KB
2025-7-26 11:18:01-debug: 整理部分构建选项内数据到 settings.json start, progress: 13%
2025-7-26 11:18:01-log: run build task 整理部分构建选项内数据到 settings.json success in 1 ms√, progress: 15%
2025-7-26 11:18:01-debug: // ---- build task 整理部分构建选项内数据到 settings.json ---- (1ms)
2025-7-26 11:18:01-debug: [Build Memory track]: 整理部分构建选项内数据到 settings.json start:198.25MB, end 198.37MB, increase: 123.41KB
2025-7-26 11:18:01-debug: Query all assets info in project
2025-7-26 11:18:01-debug: init custom config: keepNodeUuid: false, useCache: true
2025-7-26 11:18:01-debug: Skip compress image, progress: 0%
2025-7-26 11:18:01-debug: Init all bundles start..., progress: 0%
2025-7-26 11:18:01-debug: Init bundle root assets start..., progress: 0%
2025-7-26 11:18:01-debug: Num of bundles: 2..., progress: 0%
2025-7-26 11:18:01-debug: 查询 Asset Bundle start, progress: 0%
2025-7-26 11:18:01-debug: // ---- build task 查询 Asset Bundle ----
2025-7-26 11:18:01-debug: Query preload assets/scripts from cc.config.json: 60f7195c-ec2a-45eb-ba94-8955f60e81d0,1c02ae6f-4492-4915-b8f8-7492a3b1e4cd,810e96e4-e456-4468-9b59-f4e8f39732c0,efe8e2a3-eace-427b-b4f1-cb8a937ec77d,e9aa9a3e-5b2b-4ac7-a2c7-073de2b2b24f,8bbdbcdd-5cd4-4100-b6d5-b7c9625b6107,50f4348b-c883-4e2f-8f11-ce233b859fa1,fda095cb-831d-4601-ad94-846013963de8,f92806d7-1768-443f-afe8-12bcde84d0f0,dd3a144d-ab7f-41f0-82b8-2e43a090d496,f0416e68-0200-4b77-a926-4f9d16e494da,970b0598-bcb0-4714-91fb-2e81440dccd8,bcd64cc6-2dd9-43f6-abbe-66318d332032,d930590d-bb92-4cc8-8bd1-23cd027f9edf,a3cd009f-0ab0-420d-9278-b9fdab939bbc,6a2d0734-bd9e-4ddf-946e-caa52498cb75,c27215d8-6835-4b68-bfbb-bdeac6100c04,b5d6115f-0370-4d7c-aad3-c194cc71cf98,871c3b6c-7379-419d-bda3-794b239ab90d,ff9b0199-ce04-4cfe-86cc-6c719f08d6e4,de1c2107-70c8-4021-8459-6399f24d01c6,cbf30902-517f-40dc-af90-a550bac27cf1
2025-7-26 11:18:01-debug: Init bundle root assets success..., progress: 0%
2025-7-26 11:18:01-debug: // ---- build task 查询 Asset Bundle ---- (3ms)
2025-7-26 11:18:01-log: run build task 查询 Asset Bundle success in 3 ms√, progress: 5%
2025-7-26 11:18:01-debug: [Build Memory track]: 查询 Asset Bundle start:198.92MB, end 198.64MB, increase: -279.21KB
2025-7-26 11:18:01-debug: 查询 Asset Bundle start, progress: 5%
2025-7-26 11:18:01-debug: // ---- build task 查询 Asset Bundle ----
2025-7-26 11:18:01-debug:   Number of all scripts: 14
2025-7-26 11:18:01-debug:   Number of other assets: 511
2025-7-26 11:18:01-debug:   Number of all scenes: 1
2025-7-26 11:18:01-debug: // ---- build task 查询 Asset Bundle ---- (2ms)
2025-7-26 11:18:01-log: run build task 查询 Asset Bundle success in 2 ms√, progress: 10%
2025-7-26 11:18:01-debug: [Build Memory track]: 查询 Asset Bundle start:198.67MB, end 198.77MB, increase: 108.33KB
2025-7-26 11:18:01-debug: 整理部分构建选项内数据到 settings.json start, progress: 10%
2025-7-26 11:18:01-debug: // ---- build task 整理部分构建选项内数据到 settings.json ----
2025-7-26 11:18:01-log: run build task 整理部分构建选项内数据到 settings.json success in √, progress: 12%
2025-7-26 11:18:01-debug: [Build Memory track]: 整理部分构建选项内数据到 settings.json start:198.80MB, end 198.81MB, increase: 14.74KB
2025-7-26 11:18:01-debug: // ---- build task 填充脚本数据到 settings.json ---- (1ms)
2025-7-26 11:18:01-debug: [Build Memory track]: 填充脚本数据到 settings.json start:198.84MB, end 198.86MB, increase: 21.43KB
2025-7-26 11:18:01-debug: 填充脚本数据到 settings.json start, progress: 12%
2025-7-26 11:18:01-log: run build task 填充脚本数据到 settings.json success in 1 ms√, progress: 13%
2025-7-26 11:18:01-debug: // ---- build task 填充脚本数据到 settings.json ----
2025-7-26 11:18:01-debug: // ---- build task 整理部分构建选项内数据到 settings.json ----
2025-7-26 11:18:01-debug: 整理部分构建选项内数据到 settings.json start, progress: 13%
2025-7-26 11:18:01-debug: // ---- build task 整理部分构建选项内数据到 settings.json ---- (4ms)
2025-7-26 11:18:01-debug: [Build Memory track]: 整理部分构建选项内数据到 settings.json start:198.88MB, end 199.02MB, increase: 139.73KB
2025-7-26 11:18:01-log: run build task 整理部分构建选项内数据到 settings.json success in 4 ms√, progress: 15%
2025-7-26 11:18:21-debug: refresh db internal success
2025-7-26 11:18:21-debug: %cImport%c: /Users/zhao/Desktop/test/cocos-creator/PlaneFight/assets/Scripts/Player.tsbackground: #aaff85; color: #000;color: #000;
2025-7-26 11:18:21-debug: refresh db assets success
2025-7-26 11:18:21-debug: Run asset db hook engine-extends:afterRefresh ...
2025-7-26 11:18:21-debug: Run asset db hook engine-extends:afterRefresh success!
2025-7-26 11:18:21-debug: asset-db:refresh-all-database (28ms)
2025-7-26 11:18:21-debug: asset-db:worker-effect-data-processing (1ms)
2025-7-26 11:18:21-debug: asset-db-hook-engine-extends-afterRefresh (2ms)
2025-7-26 11:18:22-debug: Query all assets info in project
2025-7-26 11:18:22-debug: init custom config: keepNodeUuid: false, useCache: true
2025-7-26 11:18:22-debug: Skip compress image, progress: 0%
2025-7-26 11:18:22-debug: Num of bundles: 2..., progress: 0%
2025-7-26 11:18:22-debug: Init all bundles start..., progress: 0%
2025-7-26 11:18:22-debug: // ---- build task 查询 Asset Bundle ----
2025-7-26 11:18:22-debug: 查询 Asset Bundle start, progress: 0%
2025-7-26 11:18:22-debug: Init bundle root assets start..., progress: 0%
2025-7-26 11:18:22-debug: Query preload assets/scripts from cc.config.json: 60f7195c-ec2a-45eb-ba94-8955f60e81d0,1c02ae6f-4492-4915-b8f8-7492a3b1e4cd,810e96e4-e456-4468-9b59-f4e8f39732c0,efe8e2a3-eace-427b-b4f1-cb8a937ec77d,e9aa9a3e-5b2b-4ac7-a2c7-073de2b2b24f,8bbdbcdd-5cd4-4100-b6d5-b7c9625b6107,50f4348b-c883-4e2f-8f11-ce233b859fa1,fda095cb-831d-4601-ad94-846013963de8,f92806d7-1768-443f-afe8-12bcde84d0f0,dd3a144d-ab7f-41f0-82b8-2e43a090d496,f0416e68-0200-4b77-a926-4f9d16e494da,970b0598-bcb0-4714-91fb-2e81440dccd8,bcd64cc6-2dd9-43f6-abbe-66318d332032,d930590d-bb92-4cc8-8bd1-23cd027f9edf,a3cd009f-0ab0-420d-9278-b9fdab939bbc,6a2d0734-bd9e-4ddf-946e-caa52498cb75,c27215d8-6835-4b68-bfbb-bdeac6100c04,b5d6115f-0370-4d7c-aad3-c194cc71cf98,871c3b6c-7379-419d-bda3-794b239ab90d,ff9b0199-ce04-4cfe-86cc-6c719f08d6e4,de1c2107-70c8-4021-8459-6399f24d01c6,cbf30902-517f-40dc-af90-a550bac27cf1
2025-7-26 11:18:22-debug:   Number of all scenes: 1
2025-7-26 11:18:22-debug:   Number of other assets: 511
2025-7-26 11:18:22-debug:   Number of all scripts: 14
2025-7-26 11:18:22-debug: Init bundle root assets success..., progress: 0%
2025-7-26 11:18:22-debug: // ---- build task 查询 Asset Bundle ---- (7ms)
2025-7-26 11:18:22-log: run build task 查询 Asset Bundle success in 7 ms√, progress: 5%
2025-7-26 11:18:22-debug: [Build Memory track]: 查询 Asset Bundle start:199.35MB, end 199.09MB, increase: -269.50KB
2025-7-26 11:18:22-debug: // ---- build task 查询 Asset Bundle ----
2025-7-26 11:18:22-debug: 查询 Asset Bundle start, progress: 5%
2025-7-26 11:18:22-debug: // ---- build task 查询 Asset Bundle ---- (1ms)
2025-7-26 11:18:22-log: run build task 查询 Asset Bundle success in 1 ms√, progress: 10%
2025-7-26 11:18:22-debug: // ---- build task 整理部分构建选项内数据到 settings.json ----
2025-7-26 11:18:22-debug: [Build Memory track]: 查询 Asset Bundle start:199.11MB, end 199.22MB, increase: 105.63KB
2025-7-26 11:18:22-log: run build task 整理部分构建选项内数据到 settings.json success in 1 ms√, progress: 12%
2025-7-26 11:18:22-debug: // ---- build task 整理部分构建选项内数据到 settings.json ---- (1ms)
2025-7-26 11:18:22-debug: [Build Memory track]: 整理部分构建选项内数据到 settings.json start:199.24MB, end 199.26MB, increase: 21.11KB
2025-7-26 11:18:22-debug: 填充脚本数据到 settings.json start, progress: 12%
2025-7-26 11:18:22-debug: // ---- build task 填充脚本数据到 settings.json ----
2025-7-26 11:18:22-debug: 整理部分构建选项内数据到 settings.json start, progress: 10%
2025-7-26 11:18:22-debug: // ---- build task 填充脚本数据到 settings.json ---- (3ms)
2025-7-26 11:18:22-debug: // ---- build task 整理部分构建选项内数据到 settings.json ----
2025-7-26 11:18:22-debug: [Build Memory track]: 填充脚本数据到 settings.json start:199.29MB, end 199.31MB, increase: 26.45KB
2025-7-26 11:18:22-debug: 整理部分构建选项内数据到 settings.json start, progress: 13%
2025-7-26 11:18:22-log: run build task 填充脚本数据到 settings.json success in 3 ms√, progress: 13%
2025-7-26 11:18:22-log: run build task 整理部分构建选项内数据到 settings.json success in 3 ms√, progress: 15%
2025-7-26 11:18:22-debug: [Build Memory track]: 整理部分构建选项内数据到 settings.json start:199.34MB, end 199.46MB, increase: 124.10KB
2025-7-26 11:18:22-debug: // ---- build task 整理部分构建选项内数据到 settings.json ---- (3ms)
2025-7-26 11:18:23-debug: Query all assets info in project
2025-7-26 11:18:23-debug: Skip compress image, progress: 0%
2025-7-26 11:18:23-debug: init custom config: keepNodeUuid: false, useCache: true
2025-7-26 11:18:23-debug: Init all bundles start..., progress: 0%
2025-7-26 11:18:23-debug: Num of bundles: 2..., progress: 0%
2025-7-26 11:18:23-debug: // ---- build task 查询 Asset Bundle ----
2025-7-26 11:18:23-debug: 查询 Asset Bundle start, progress: 0%
2025-7-26 11:18:23-debug: Init bundle root assets start..., progress: 0%
2025-7-26 11:18:23-debug: Query preload assets/scripts from cc.config.json: 60f7195c-ec2a-45eb-ba94-8955f60e81d0,1c02ae6f-4492-4915-b8f8-7492a3b1e4cd,810e96e4-e456-4468-9b59-f4e8f39732c0,efe8e2a3-eace-427b-b4f1-cb8a937ec77d,e9aa9a3e-5b2b-4ac7-a2c7-073de2b2b24f,8bbdbcdd-5cd4-4100-b6d5-b7c9625b6107,50f4348b-c883-4e2f-8f11-ce233b859fa1,fda095cb-831d-4601-ad94-846013963de8,f92806d7-1768-443f-afe8-12bcde84d0f0,dd3a144d-ab7f-41f0-82b8-2e43a090d496,f0416e68-0200-4b77-a926-4f9d16e494da,970b0598-bcb0-4714-91fb-2e81440dccd8,bcd64cc6-2dd9-43f6-abbe-66318d332032,d930590d-bb92-4cc8-8bd1-23cd027f9edf,a3cd009f-0ab0-420d-9278-b9fdab939bbc,6a2d0734-bd9e-4ddf-946e-caa52498cb75,c27215d8-6835-4b68-bfbb-bdeac6100c04,b5d6115f-0370-4d7c-aad3-c194cc71cf98,871c3b6c-7379-419d-bda3-794b239ab90d,ff9b0199-ce04-4cfe-86cc-6c719f08d6e4,de1c2107-70c8-4021-8459-6399f24d01c6,cbf30902-517f-40dc-af90-a550bac27cf1
2025-7-26 11:18:23-debug:   Number of all scenes: 1
2025-7-26 11:18:23-debug:   Number of all scripts: 14
2025-7-26 11:18:23-debug:   Number of other assets: 511
2025-7-26 11:18:23-debug: Init bundle root assets success..., progress: 0%
2025-7-26 11:18:23-debug: // ---- build task 查询 Asset Bundle ---- (2ms)
2025-7-26 11:18:23-log: run build task 查询 Asset Bundle success in 2 ms√, progress: 5%
2025-7-26 11:18:23-debug: [Build Memory track]: 查询 Asset Bundle start:199.61MB, end 199.36MB, increase: -264.32KB
2025-7-26 11:18:23-debug: 查询 Asset Bundle start, progress: 5%
2025-7-26 11:18:23-debug: // ---- build task 查询 Asset Bundle ----
2025-7-26 11:18:23-log: run build task 查询 Asset Bundle success in 5 ms√, progress: 10%
2025-7-26 11:18:23-debug: 整理部分构建选项内数据到 settings.json start, progress: 10%
2025-7-26 11:18:23-debug: // ---- build task 整理部分构建选项内数据到 settings.json ----
2025-7-26 11:18:23-debug: [Build Memory track]: 查询 Asset Bundle start:199.38MB, end 199.49MB, increase: 108.27KB
2025-7-26 11:18:23-debug: // ---- build task 查询 Asset Bundle ---- (5ms)
2025-7-26 11:18:23-debug: 填充脚本数据到 settings.json start, progress: 12%
2025-7-26 11:18:23-debug: [Build Memory track]: 整理部分构建选项内数据到 settings.json start:199.51MB, end 199.53MB, increase: 15.73KB
2025-7-26 11:18:23-log: run build task 整理部分构建选项内数据到 settings.json success in √, progress: 12%
2025-7-26 11:18:23-debug: // ---- build task 填充脚本数据到 settings.json ----
2025-7-26 11:18:23-debug: 整理部分构建选项内数据到 settings.json start, progress: 13%
2025-7-26 11:18:23-debug: [Build Memory track]: 填充脚本数据到 settings.json start:199.55MB, end 199.56MB, increase: 13.71KB
2025-7-26 11:18:23-log: run build task 填充脚本数据到 settings.json success in √, progress: 13%
2025-7-26 11:18:23-debug: // ---- build task 整理部分构建选项内数据到 settings.json ----
2025-7-26 11:18:23-debug: // ---- build task 整理部分构建选项内数据到 settings.json ---- (2ms)
2025-7-26 11:18:23-log: run build task 整理部分构建选项内数据到 settings.json success in 2 ms√, progress: 15%
2025-7-26 11:18:23-debug: [Build Memory track]: 整理部分构建选项内数据到 settings.json start:199.59MB, end 199.76MB, increase: 173.52KB
2025-7-26 11:20:27-debug: refresh db internal success
2025-7-26 11:20:27-debug: %cImport%c: /Users/zhao/Desktop/test/cocos-creator/PlaneFight/assets/Scripts/Player.tsbackground: #aaff85; color: #000;color: #000;
2025-7-26 11:20:27-debug: refresh db assets success
2025-7-26 11:20:27-debug: Run asset db hook engine-extends:afterRefresh ...
2025-7-26 11:20:27-debug: Run asset db hook engine-extends:afterRefresh success!
2025-7-26 11:20:27-debug: asset-db:refresh-all-database (25ms)
2025-7-26 11:20:27-debug: asset-db:worker-effect-data-processing (1ms)
2025-7-26 11:20:27-debug: asset-db-hook-engine-extends-afterRefresh (1ms)
2025-7-26 11:20:27-debug: Query all assets info in project
2025-7-26 11:20:27-debug: init custom config: keepNodeUuid: false, useCache: true
2025-7-26 11:20:27-debug: Skip compress image, progress: 0%
2025-7-26 11:20:27-debug: Num of bundles: 2..., progress: 0%
2025-7-26 11:20:27-debug: Init all bundles start..., progress: 0%
2025-7-26 11:20:27-debug: 查询 Asset Bundle start, progress: 0%
2025-7-26 11:20:27-debug: Init bundle root assets start..., progress: 0%
2025-7-26 11:20:27-debug: // ---- build task 查询 Asset Bundle ----
2025-7-26 11:20:27-debug: Query all assets info in project
2025-7-26 11:20:27-debug: Query preload assets/scripts from cc.config.json: 60f7195c-ec2a-45eb-ba94-8955f60e81d0,1c02ae6f-4492-4915-b8f8-7492a3b1e4cd,810e96e4-e456-4468-9b59-f4e8f39732c0,efe8e2a3-eace-427b-b4f1-cb8a937ec77d,e9aa9a3e-5b2b-4ac7-a2c7-073de2b2b24f,8bbdbcdd-5cd4-4100-b6d5-b7c9625b6107,50f4348b-c883-4e2f-8f11-ce233b859fa1,fda095cb-831d-4601-ad94-846013963de8,f92806d7-1768-443f-afe8-12bcde84d0f0,dd3a144d-ab7f-41f0-82b8-2e43a090d496,f0416e68-0200-4b77-a926-4f9d16e494da,970b0598-bcb0-4714-91fb-2e81440dccd8,bcd64cc6-2dd9-43f6-abbe-66318d332032,d930590d-bb92-4cc8-8bd1-23cd027f9edf,a3cd009f-0ab0-420d-9278-b9fdab939bbc,6a2d0734-bd9e-4ddf-946e-caa52498cb75,c27215d8-6835-4b68-bfbb-bdeac6100c04,b5d6115f-0370-4d7c-aad3-c194cc71cf98,871c3b6c-7379-419d-bda3-794b239ab90d,ff9b0199-ce04-4cfe-86cc-6c719f08d6e4,de1c2107-70c8-4021-8459-6399f24d01c6,cbf30902-517f-40dc-af90-a550bac27cf1
2025-7-26 11:20:27-debug:   Number of all scenes: 1
2025-7-26 11:20:27-debug:   Number of other assets: 511
2025-7-26 11:20:27-debug: Init bundle root assets success..., progress: 0%
2025-7-26 11:20:27-debug:   Number of all scripts: 14
2025-7-26 11:20:27-log: run build task 查询 Asset Bundle success in 10 ms√, progress: 5%
2025-7-26 11:20:27-debug: [Build Memory track]: 查询 Asset Bundle start:199.80MB, end 199.56MB, increase: -244.41KB
2025-7-26 11:20:27-debug: 查询 Asset Bundle start, progress: 5%
2025-7-26 11:20:27-debug: // ---- build task 查询 Asset Bundle ---- (10ms)
2025-7-26 11:20:27-debug: // ---- build task 查询 Asset Bundle ----
2025-7-26 11:20:27-debug: // ---- build task 查询 Asset Bundle ---- (1ms)
2025-7-26 11:20:27-debug: // ---- build task 整理部分构建选项内数据到 settings.json ----
2025-7-26 11:20:27-debug: 整理部分构建选项内数据到 settings.json start, progress: 10%
2025-7-26 11:20:27-debug: [Build Memory track]: 查询 Asset Bundle start:199.59MB, end 199.70MB, increase: 113.03KB
2025-7-26 11:20:27-log: run build task 查询 Asset Bundle success in 1 ms√, progress: 10%
2025-7-26 11:20:27-log: run build task 整理部分构建选项内数据到 settings.json success in √, progress: 12%
2025-7-26 11:20:27-debug: // ---- build task 填充脚本数据到 settings.json ----
2025-7-26 11:20:27-debug: 填充脚本数据到 settings.json start, progress: 12%
2025-7-26 11:20:27-debug: [Build Memory track]: 整理部分构建选项内数据到 settings.json start:199.73MB, end 199.74MB, increase: 15.69KB
2025-7-26 11:20:27-debug: [Build Memory track]: 填充脚本数据到 settings.json start:199.77MB, end 199.78MB, increase: 17.30KB
2025-7-26 11:20:27-debug: // ---- build task 整理部分构建选项内数据到 settings.json ----
2025-7-26 11:20:27-debug: 整理部分构建选项内数据到 settings.json start, progress: 13%
2025-7-26 11:20:27-log: run build task 填充脚本数据到 settings.json success in √, progress: 13%
2025-7-26 11:20:27-debug: Skip compress image, progress: 0%
2025-7-26 11:20:27-debug: init custom config: keepNodeUuid: false, useCache: true
2025-7-26 11:20:27-debug: // ---- build task 整理部分构建选项内数据到 settings.json ---- (10ms)
2025-7-26 11:20:27-debug: [Build Memory track]: 整理部分构建选项内数据到 settings.json start:199.81MB, end 200.12MB, increase: 317.14KB
2025-7-26 11:20:27-log: run build task 整理部分构建选项内数据到 settings.json success in 10 ms√, progress: 15%
2025-7-26 11:20:27-debug: Init all bundles start..., progress: 0%
2025-7-26 11:20:27-debug: Num of bundles: 2..., progress: 0%
2025-7-26 11:20:27-debug: 查询 Asset Bundle start, progress: 0%
2025-7-26 11:20:27-debug: // ---- build task 查询 Asset Bundle ----
2025-7-26 11:20:27-debug: Init bundle root assets start..., progress: 0%
2025-7-26 11:20:27-debug: Query preload assets/scripts from cc.config.json: 60f7195c-ec2a-45eb-ba94-8955f60e81d0,1c02ae6f-4492-4915-b8f8-7492a3b1e4cd,810e96e4-e456-4468-9b59-f4e8f39732c0,efe8e2a3-eace-427b-b4f1-cb8a937ec77d,e9aa9a3e-5b2b-4ac7-a2c7-073de2b2b24f,8bbdbcdd-5cd4-4100-b6d5-b7c9625b6107,50f4348b-c883-4e2f-8f11-ce233b859fa1,fda095cb-831d-4601-ad94-846013963de8,f92806d7-1768-443f-afe8-12bcde84d0f0,dd3a144d-ab7f-41f0-82b8-2e43a090d496,f0416e68-0200-4b77-a926-4f9d16e494da,970b0598-bcb0-4714-91fb-2e81440dccd8,bcd64cc6-2dd9-43f6-abbe-66318d332032,d930590d-bb92-4cc8-8bd1-23cd027f9edf,a3cd009f-0ab0-420d-9278-b9fdab939bbc,6a2d0734-bd9e-4ddf-946e-caa52498cb75,c27215d8-6835-4b68-bfbb-bdeac6100c04,b5d6115f-0370-4d7c-aad3-c194cc71cf98,871c3b6c-7379-419d-bda3-794b239ab90d,ff9b0199-ce04-4cfe-86cc-6c719f08d6e4,de1c2107-70c8-4021-8459-6399f24d01c6,cbf30902-517f-40dc-af90-a550bac27cf1
2025-7-26 11:20:27-log: run build task 查询 Asset Bundle success in 3 ms√, progress: 5%
2025-7-26 11:20:27-debug: [Build Memory track]: 查询 Asset Bundle start:199.53MB, end 200.15MB, increase: 636.45KB
2025-7-26 11:20:27-debug: Init bundle root assets success..., progress: 0%
2025-7-26 11:20:27-debug: // ---- build task 查询 Asset Bundle ----
2025-7-26 11:20:27-debug: // ---- build task 查询 Asset Bundle ---- (3ms)
2025-7-26 11:20:27-debug:   Number of all scripts: 14
2025-7-26 11:20:27-debug: 查询 Asset Bundle start, progress: 5%
2025-7-26 11:20:27-debug:   Number of all scenes: 1
2025-7-26 11:20:27-debug:   Number of other assets: 511
2025-7-26 11:20:27-debug: // ---- build task 查询 Asset Bundle ---- (3ms)
2025-7-26 11:20:27-debug: [Build Memory track]: 查询 Asset Bundle start:200.18MB, end 199.51MB, increase: -687.90KB
2025-7-26 11:20:27-log: run build task 查询 Asset Bundle success in 3 ms√, progress: 10%
2025-7-26 11:20:27-debug: 整理部分构建选项内数据到 settings.json start, progress: 10%
2025-7-26 11:20:27-log: run build task 整理部分构建选项内数据到 settings.json success in √, progress: 12%
2025-7-26 11:20:27-debug: [Build Memory track]: 整理部分构建选项内数据到 settings.json start:199.53MB, end 199.55MB, increase: 14.04KB
2025-7-26 11:20:27-debug: 填充脚本数据到 settings.json start, progress: 12%
2025-7-26 11:20:27-debug: // ---- build task 填充脚本数据到 settings.json ----
2025-7-26 11:20:27-debug: [Build Memory track]: 填充脚本数据到 settings.json start:199.57MB, end 199.58MB, increase: 12.75KB
2025-7-26 11:20:27-log: run build task 填充脚本数据到 settings.json success in √, progress: 13%
2025-7-26 11:20:27-debug: 整理部分构建选项内数据到 settings.json start, progress: 13%
2025-7-26 11:20:27-debug: // ---- build task 整理部分构建选项内数据到 settings.json ----
2025-7-26 11:20:27-debug: // ---- build task 整理部分构建选项内数据到 settings.json ----
2025-7-26 11:20:27-debug: [Build Memory track]: 整理部分构建选项内数据到 settings.json start:199.61MB, end 199.73MB, increase: 129.18KB
2025-7-26 11:20:27-log: run build task 整理部分构建选项内数据到 settings.json success in 1 ms√, progress: 15%
2025-7-26 11:20:27-debug: // ---- build task 整理部分构建选项内数据到 settings.json ---- (1ms)
2025-7-26 11:20:34-debug: %cImport%c: /Users/zhao/Desktop/test/cocos-creator/PlaneFight/assets/Scenes/Start.scenebackground: #aaff85; color: #000;color: #000;
2025-7-26 11:20:34-debug: asset-db:reimport-asset2fda4d65-a1e9-4078-8250-de49b04cdc34 (4ms)
2025-7-26 11:20:35-debug: Query all assets info in project
2025-7-26 11:20:35-debug: init custom config: keepNodeUuid: false, useCache: true
2025-7-26 11:20:35-debug: Skip compress image, progress: 0%
2025-7-26 11:20:35-debug: Init all bundles start..., progress: 0%
2025-7-26 11:20:35-debug: Num of bundles: 2..., progress: 0%
2025-7-26 11:20:35-debug: // ---- build task 查询 Asset Bundle ----
2025-7-26 11:20:35-debug: Init bundle root assets start..., progress: 0%
2025-7-26 11:20:35-debug: 查询 Asset Bundle start, progress: 0%
2025-7-26 11:20:35-debug: Query preload assets/scripts from cc.config.json: 60f7195c-ec2a-45eb-ba94-8955f60e81d0,1c02ae6f-4492-4915-b8f8-7492a3b1e4cd,810e96e4-e456-4468-9b59-f4e8f39732c0,efe8e2a3-eace-427b-b4f1-cb8a937ec77d,e9aa9a3e-5b2b-4ac7-a2c7-073de2b2b24f,8bbdbcdd-5cd4-4100-b6d5-b7c9625b6107,50f4348b-c883-4e2f-8f11-ce233b859fa1,fda095cb-831d-4601-ad94-846013963de8,f92806d7-1768-443f-afe8-12bcde84d0f0,dd3a144d-ab7f-41f0-82b8-2e43a090d496,f0416e68-0200-4b77-a926-4f9d16e494da,970b0598-bcb0-4714-91fb-2e81440dccd8,bcd64cc6-2dd9-43f6-abbe-66318d332032,d930590d-bb92-4cc8-8bd1-23cd027f9edf,a3cd009f-0ab0-420d-9278-b9fdab939bbc,6a2d0734-bd9e-4ddf-946e-caa52498cb75,c27215d8-6835-4b68-bfbb-bdeac6100c04,b5d6115f-0370-4d7c-aad3-c194cc71cf98,871c3b6c-7379-419d-bda3-794b239ab90d,ff9b0199-ce04-4cfe-86cc-6c719f08d6e4,de1c2107-70c8-4021-8459-6399f24d01c6,cbf30902-517f-40dc-af90-a550bac27cf1
2025-7-26 11:20:35-debug: Init bundle root assets success..., progress: 0%
2025-7-26 11:20:35-debug:   Number of all scenes: 1
2025-7-26 11:20:35-debug: // ---- build task 查询 Asset Bundle ---- (4ms)
2025-7-26 11:20:35-debug: 查询 Asset Bundle start, progress: 5%
2025-7-26 11:20:35-debug: // ---- build task 查询 Asset Bundle ----
2025-7-26 11:20:35-debug: [Build Memory track]: 查询 Asset Bundle start:200.40MB, end 200.24MB, increase: -161.33KB
2025-7-26 11:20:35-debug:   Number of all scripts: 14
2025-7-26 11:20:35-log: run build task 查询 Asset Bundle success in 4 ms√, progress: 5%
2025-7-26 11:20:35-debug:   Number of other assets: 511
2025-7-26 11:20:35-log: run build task 查询 Asset Bundle success in 1 ms√, progress: 10%
2025-7-26 11:20:35-debug: [Build Memory track]: 查询 Asset Bundle start:200.26MB, end 200.37MB, increase: 105.35KB
2025-7-26 11:20:35-debug: 整理部分构建选项内数据到 settings.json start, progress: 10%
2025-7-26 11:20:35-debug: // ---- build task 整理部分构建选项内数据到 settings.json ----
2025-7-26 11:20:35-debug: // ---- build task 查询 Asset Bundle ---- (1ms)
2025-7-26 11:20:35-log: run build task 整理部分构建选项内数据到 settings.json success in √, progress: 12%
2025-7-26 11:20:35-debug: [Build Memory track]: 整理部分构建选项内数据到 settings.json start:200.39MB, end 199.66MB, increase: -748.44KB
2025-7-26 11:20:35-debug: 填充脚本数据到 settings.json start, progress: 12%
2025-7-26 11:20:35-debug: // ---- build task 填充脚本数据到 settings.json ----
2025-7-26 11:20:35-debug: // ---- build task 填充脚本数据到 settings.json ---- (1ms)
2025-7-26 11:20:35-debug: // ---- build task 整理部分构建选项内数据到 settings.json ----
2025-7-26 11:20:35-debug: [Build Memory track]: 填充脚本数据到 settings.json start:199.69MB, end 199.71MB, increase: 23.38KB
2025-7-26 11:20:35-debug: 整理部分构建选项内数据到 settings.json start, progress: 13%
2025-7-26 11:20:35-log: run build task 填充脚本数据到 settings.json success in 1 ms√, progress: 13%
2025-7-26 11:20:35-debug: // ---- build task 整理部分构建选项内数据到 settings.json ---- (1ms)
2025-7-26 11:20:35-log: run build task 整理部分构建选项内数据到 settings.json success in 1 ms√, progress: 15%
2025-7-26 11:20:35-debug: [Build Memory track]: 整理部分构建选项内数据到 settings.json start:199.73MB, end 199.85MB, increase: 123.62KB
2025-7-26 11:20:36-debug: refresh db internal success
2025-7-26 11:20:36-debug: refresh db assets success
2025-7-26 11:20:36-debug: Run asset db hook engine-extends:afterRefresh ...
2025-7-26 11:20:36-debug: Run asset db hook engine-extends:afterRefresh success!
2025-7-26 11:20:36-debug: asset-db:refresh-all-database (19ms)
2025-7-26 11:20:36-debug: asset-db:worker-effect-data-processing (1ms)
2025-7-26 11:20:36-debug: asset-db-hook-engine-extends-afterRefresh (1ms)
2025-7-26 11:20:37-debug: Query all assets info in project
2025-7-26 11:20:37-debug: init custom config: keepNodeUuid: false, useCache: true
2025-7-26 11:20:37-debug: Skip compress image, progress: 0%
2025-7-26 11:20:37-debug: Init all bundles start..., progress: 0%
2025-7-26 11:20:37-debug: Num of bundles: 2..., progress: 0%
2025-7-26 11:20:37-debug: 查询 Asset Bundle start, progress: 0%
2025-7-26 11:20:37-debug: // ---- build task 查询 Asset Bundle ----
2025-7-26 11:20:37-debug: Init bundle root assets start..., progress: 0%
2025-7-26 11:20:37-debug: Query preload assets/scripts from cc.config.json: 60f7195c-ec2a-45eb-ba94-8955f60e81d0,1c02ae6f-4492-4915-b8f8-7492a3b1e4cd,810e96e4-e456-4468-9b59-f4e8f39732c0,efe8e2a3-eace-427b-b4f1-cb8a937ec77d,e9aa9a3e-5b2b-4ac7-a2c7-073de2b2b24f,8bbdbcdd-5cd4-4100-b6d5-b7c9625b6107,50f4348b-c883-4e2f-8f11-ce233b859fa1,fda095cb-831d-4601-ad94-846013963de8,f92806d7-1768-443f-afe8-12bcde84d0f0,dd3a144d-ab7f-41f0-82b8-2e43a090d496,f0416e68-0200-4b77-a926-4f9d16e494da,970b0598-bcb0-4714-91fb-2e81440dccd8,bcd64cc6-2dd9-43f6-abbe-66318d332032,d930590d-bb92-4cc8-8bd1-23cd027f9edf,a3cd009f-0ab0-420d-9278-b9fdab939bbc,6a2d0734-bd9e-4ddf-946e-caa52498cb75,c27215d8-6835-4b68-bfbb-bdeac6100c04,b5d6115f-0370-4d7c-aad3-c194cc71cf98,871c3b6c-7379-419d-bda3-794b239ab90d,ff9b0199-ce04-4cfe-86cc-6c719f08d6e4,de1c2107-70c8-4021-8459-6399f24d01c6,cbf30902-517f-40dc-af90-a550bac27cf1
2025-7-26 11:20:37-debug:   Number of other assets: 511
2025-7-26 11:20:37-debug: Init bundle root assets success..., progress: 0%
2025-7-26 11:20:37-debug:   Number of all scripts: 14
2025-7-26 11:20:37-debug:   Number of all scenes: 1
2025-7-26 11:20:37-debug: // ---- build task 查询 Asset Bundle ---- (1ms)
2025-7-26 11:20:37-log: run build task 查询 Asset Bundle success in 1 ms√, progress: 5%
2025-7-26 11:20:37-debug: [Build Memory track]: 查询 Asset Bundle start:200.89MB, end 200.72MB, increase: -167.11KB
2025-7-26 11:20:37-debug: // ---- build task 查询 Asset Bundle ----
2025-7-26 11:20:37-debug: 查询 Asset Bundle start, progress: 5%
2025-7-26 11:20:37-debug: // ---- build task 查询 Asset Bundle ---- (1ms)
2025-7-26 11:20:37-debug: // ---- build task 整理部分构建选项内数据到 settings.json ----
2025-7-26 11:20:37-debug: [Build Memory track]: 查询 Asset Bundle start:200.75MB, end 200.85MB, increase: 106.78KB
2025-7-26 11:20:37-log: run build task 查询 Asset Bundle success in 1 ms√, progress: 10%
2025-7-26 11:20:37-debug: 整理部分构建选项内数据到 settings.json start, progress: 10%
2025-7-26 11:20:37-log: run build task 整理部分构建选项内数据到 settings.json success in √, progress: 12%
2025-7-26 11:20:37-debug: [Build Memory track]: 整理部分构建选项内数据到 settings.json start:200.88MB, end 200.16MB, increase: -732.87KB
2025-7-26 11:20:37-debug: 填充脚本数据到 settings.json start, progress: 12%
2025-7-26 11:20:37-debug: // ---- build task 填充脚本数据到 settings.json ----
2025-7-26 11:20:37-log: run build task 填充脚本数据到 settings.json success in √, progress: 13%
2025-7-26 11:20:37-debug: [Build Memory track]: 填充脚本数据到 settings.json start:200.19MB, end 200.20MB, increase: 15.87KB
2025-7-26 11:20:37-debug: 整理部分构建选项内数据到 settings.json start, progress: 13%
2025-7-26 11:20:37-debug: // ---- build task 整理部分构建选项内数据到 settings.json ----
2025-7-26 11:20:37-debug: // ---- build task 整理部分构建选项内数据到 settings.json ---- (1ms)
2025-7-26 11:20:37-log: run build task 整理部分构建选项内数据到 settings.json success in 1 ms√, progress: 15%
2025-7-26 11:20:37-debug: [Build Memory track]: 整理部分构建选项内数据到 settings.json start:200.23MB, end 200.35MB, increase: 121.67KB
2025-7-26 11:21:00-debug: refresh db internal success
2025-7-26 11:21:00-debug: refresh db assets success
2025-7-26 11:21:00-debug: Run asset db hook engine-extends:afterRefresh ...
2025-7-26 11:21:00-debug: Run asset db hook engine-extends:afterRefresh success!
2025-7-26 11:21:00-debug: asset-db:refresh-all-database (26ms)
2025-7-26 11:21:52-debug: refresh db internal success
2025-7-26 11:21:52-debug: %cImport%c: /Users/zhao/Desktop/test/cocos-creator/PlaneFight/assets/Scripts/Player.tsbackground: #aaff85; color: #000;color: #000;
2025-7-26 11:21:52-debug: refresh db assets success
2025-7-26 11:21:52-debug: Run asset db hook engine-extends:afterRefresh ...
2025-7-26 11:21:52-debug: Run asset db hook engine-extends:afterRefresh success!
2025-7-26 11:21:52-debug: asset-db:refresh-all-database (30ms)
2025-7-26 11:21:52-debug: %cImport%c: /Users/zhao/Desktop/test/cocos-creator/PlaneFight/assets/Scenes/Start.scenebackground: #aaff85; color: #000;color: #000;
2025-7-26 11:21:52-debug: asset-db:reimport-asset2fda4d65-a1e9-4078-8250-de49b04cdc34 (5ms)
2025-7-26 11:21:52-debug: Query all assets info in project
2025-7-26 11:21:52-debug: init custom config: keepNodeUuid: false, useCache: true
2025-7-26 11:21:52-debug: Skip compress image, progress: 0%
2025-7-26 11:21:52-debug: Init all bundles start..., progress: 0%
2025-7-26 11:21:52-debug: // ---- build task 查询 Asset Bundle ----
2025-7-26 11:21:52-debug: 查询 Asset Bundle start, progress: 0%
2025-7-26 11:21:52-debug: Num of bundles: 2..., progress: 0%
2025-7-26 11:21:52-debug: Init bundle root assets start..., progress: 0%
2025-7-26 11:21:52-debug: Query preload assets/scripts from cc.config.json: 60f7195c-ec2a-45eb-ba94-8955f60e81d0,1c02ae6f-4492-4915-b8f8-7492a3b1e4cd,810e96e4-e456-4468-9b59-f4e8f39732c0,efe8e2a3-eace-427b-b4f1-cb8a937ec77d,e9aa9a3e-5b2b-4ac7-a2c7-073de2b2b24f,8bbdbcdd-5cd4-4100-b6d5-b7c9625b6107,50f4348b-c883-4e2f-8f11-ce233b859fa1,fda095cb-831d-4601-ad94-846013963de8,f92806d7-1768-443f-afe8-12bcde84d0f0,dd3a144d-ab7f-41f0-82b8-2e43a090d496,f0416e68-0200-4b77-a926-4f9d16e494da,970b0598-bcb0-4714-91fb-2e81440dccd8,bcd64cc6-2dd9-43f6-abbe-66318d332032,d930590d-bb92-4cc8-8bd1-23cd027f9edf,a3cd009f-0ab0-420d-9278-b9fdab939bbc,6a2d0734-bd9e-4ddf-946e-caa52498cb75,c27215d8-6835-4b68-bfbb-bdeac6100c04,b5d6115f-0370-4d7c-aad3-c194cc71cf98,871c3b6c-7379-419d-bda3-794b239ab90d,ff9b0199-ce04-4cfe-86cc-6c719f08d6e4,de1c2107-70c8-4021-8459-6399f24d01c6,cbf30902-517f-40dc-af90-a550bac27cf1
2025-7-26 11:21:52-debug:   Number of other assets: 511
2025-7-26 11:21:52-debug:   Number of all scenes: 1
2025-7-26 11:21:52-debug: Init bundle root assets success..., progress: 0%
2025-7-26 11:21:52-debug:   Number of all scripts: 14
2025-7-26 11:21:52-debug: [Build Memory track]: 查询 Asset Bundle start:201.53MB, end 201.19MB, increase: -348.72KB
2025-7-26 11:21:52-debug: // ---- build task 查询 Asset Bundle ----
2025-7-26 11:21:52-debug: 查询 Asset Bundle start, progress: 5%
2025-7-26 11:21:52-debug: // ---- build task 查询 Asset Bundle ---- (5ms)
2025-7-26 11:21:52-log: run build task 查询 Asset Bundle success in 5 ms√, progress: 5%
2025-7-26 11:21:52-debug: // ---- build task 查询 Asset Bundle ---- (1ms)
2025-7-26 11:21:52-debug: [Build Memory track]: 查询 Asset Bundle start:201.22MB, end 201.32MB, increase: 105.23KB
2025-7-26 11:21:52-log: run build task 查询 Asset Bundle success in 1 ms√, progress: 10%
2025-7-26 11:21:52-debug: 整理部分构建选项内数据到 settings.json start, progress: 10%
2025-7-26 11:21:52-debug: // ---- build task 整理部分构建选项内数据到 settings.json ----
2025-7-26 11:21:52-log: run build task 整理部分构建选项内数据到 settings.json success in √, progress: 12%
2025-7-26 11:21:52-debug: [Build Memory track]: 整理部分构建选项内数据到 settings.json start:201.34MB, end 201.36MB, increase: 14.24KB
2025-7-26 11:21:52-debug: 填充脚本数据到 settings.json start, progress: 12%
2025-7-26 11:21:52-debug: // ---- build task 填充脚本数据到 settings.json ----
2025-7-26 11:21:52-log: run build task 填充脚本数据到 settings.json success in √, progress: 13%
2025-7-26 11:21:52-debug: // ---- build task 整理部分构建选项内数据到 settings.json ----
2025-7-26 11:21:52-debug: [Build Memory track]: 填充脚本数据到 settings.json start:201.38MB, end 201.40MB, increase: 16.42KB
2025-7-26 11:21:52-debug: 整理部分构建选项内数据到 settings.json start, progress: 13%
2025-7-26 11:21:52-debug: // ---- build task 整理部分构建选项内数据到 settings.json ---- (2ms)
2025-7-26 11:21:52-log: run build task 整理部分构建选项内数据到 settings.json success in 2 ms√, progress: 15%
2025-7-26 11:21:52-debug: [Build Memory track]: 整理部分构建选项内数据到 settings.json start:201.42MB, end 201.54MB, increase: 121.80KB
2025-7-26 11:21:53-debug: Query all assets info in project
2025-7-26 11:21:53-debug: Skip compress image, progress: 0%
2025-7-26 11:21:53-debug: init custom config: keepNodeUuid: false, useCache: true
2025-7-26 11:21:53-debug: Init all bundles start..., progress: 0%
2025-7-26 11:21:53-debug: Num of bundles: 2..., progress: 0%
2025-7-26 11:21:53-debug: 查询 Asset Bundle start, progress: 0%
2025-7-26 11:21:53-debug: // ---- build task 查询 Asset Bundle ----
2025-7-26 11:21:53-debug: Init bundle root assets start..., progress: 0%
2025-7-26 11:21:53-debug: Query preload assets/scripts from cc.config.json: 60f7195c-ec2a-45eb-ba94-8955f60e81d0,1c02ae6f-4492-4915-b8f8-7492a3b1e4cd,810e96e4-e456-4468-9b59-f4e8f39732c0,efe8e2a3-eace-427b-b4f1-cb8a937ec77d,e9aa9a3e-5b2b-4ac7-a2c7-073de2b2b24f,8bbdbcdd-5cd4-4100-b6d5-b7c9625b6107,50f4348b-c883-4e2f-8f11-ce233b859fa1,fda095cb-831d-4601-ad94-846013963de8,f92806d7-1768-443f-afe8-12bcde84d0f0,dd3a144d-ab7f-41f0-82b8-2e43a090d496,f0416e68-0200-4b77-a926-4f9d16e494da,970b0598-bcb0-4714-91fb-2e81440dccd8,bcd64cc6-2dd9-43f6-abbe-66318d332032,d930590d-bb92-4cc8-8bd1-23cd027f9edf,a3cd009f-0ab0-420d-9278-b9fdab939bbc,6a2d0734-bd9e-4ddf-946e-caa52498cb75,c27215d8-6835-4b68-bfbb-bdeac6100c04,b5d6115f-0370-4d7c-aad3-c194cc71cf98,871c3b6c-7379-419d-bda3-794b239ab90d,ff9b0199-ce04-4cfe-86cc-6c719f08d6e4,de1c2107-70c8-4021-8459-6399f24d01c6,cbf30902-517f-40dc-af90-a550bac27cf1
2025-7-26 11:21:53-debug:   Number of all scenes: 1
2025-7-26 11:21:53-debug: Init bundle root assets success..., progress: 0%
2025-7-26 11:21:53-debug:   Number of other assets: 511
2025-7-26 11:21:53-debug: // ---- build task 查询 Asset Bundle ---- (2ms)
2025-7-26 11:21:53-log: run build task 查询 Asset Bundle success in 2 ms√, progress: 5%
2025-7-26 11:21:53-debug: [Build Memory track]: 查询 Asset Bundle start:201.24MB, end 201.07MB, increase: -176.83KB
2025-7-26 11:21:53-debug: 查询 Asset Bundle start, progress: 5%
2025-7-26 11:21:53-debug: // ---- build task 查询 Asset Bundle ----
2025-7-26 11:21:53-debug:   Number of all scripts: 14
2025-7-26 11:21:53-log: run build task 查询 Asset Bundle success in √, progress: 10%
2025-7-26 11:21:53-debug: 整理部分构建选项内数据到 settings.json start, progress: 10%
2025-7-26 11:21:53-debug: [Build Memory track]: 查询 Asset Bundle start:201.09MB, end 201.19MB, increase: 99.33KB
2025-7-26 11:21:53-debug: // ---- build task 整理部分构建选项内数据到 settings.json ----
2025-7-26 11:21:53-log: run build task 整理部分构建选项内数据到 settings.json success in √, progress: 12%
2025-7-26 11:21:53-debug: [Build Memory track]: 整理部分构建选项内数据到 settings.json start:201.21MB, end 201.23MB, increase: 15.53KB
2025-7-26 11:21:53-debug: 填充脚本数据到 settings.json start, progress: 12%
2025-7-26 11:21:53-debug: // ---- build task 填充脚本数据到 settings.json ----
2025-7-26 11:21:53-debug: [Build Memory track]: 填充脚本数据到 settings.json start:201.25MB, end 201.27MB, increase: 14.93KB
2025-7-26 11:21:53-debug: 整理部分构建选项内数据到 settings.json start, progress: 13%
2025-7-26 11:21:53-debug: // ---- build task 整理部分构建选项内数据到 settings.json ----
2025-7-26 11:21:53-log: run build task 填充脚本数据到 settings.json success in √, progress: 13%
2025-7-26 11:21:53-log: run build task 整理部分构建选项内数据到 settings.json success in 1 ms√, progress: 15%
2025-7-26 11:21:53-debug: // ---- build task 整理部分构建选项内数据到 settings.json ---- (1ms)
2025-7-26 11:21:53-debug: [Build Memory track]: 整理部分构建选项内数据到 settings.json start:201.29MB, end 201.41MB, increase: 121.72KB
2025-7-26 11:21:53-debug: Query all assets info in project
2025-7-26 11:21:53-debug: init custom config: keepNodeUuid: false, useCache: true
2025-7-26 11:21:53-debug: Skip compress image, progress: 0%
2025-7-26 11:21:53-debug: Init all bundles start..., progress: 0%
2025-7-26 11:21:53-debug: Init bundle root assets start..., progress: 0%
2025-7-26 11:21:53-debug: Num of bundles: 2..., progress: 0%
2025-7-26 11:21:53-debug: // ---- build task 查询 Asset Bundle ----
2025-7-26 11:21:53-debug: 查询 Asset Bundle start, progress: 0%
2025-7-26 11:21:53-debug: Query preload assets/scripts from cc.config.json: 60f7195c-ec2a-45eb-ba94-8955f60e81d0,1c02ae6f-4492-4915-b8f8-7492a3b1e4cd,810e96e4-e456-4468-9b59-f4e8f39732c0,efe8e2a3-eace-427b-b4f1-cb8a937ec77d,e9aa9a3e-5b2b-4ac7-a2c7-073de2b2b24f,8bbdbcdd-5cd4-4100-b6d5-b7c9625b6107,50f4348b-c883-4e2f-8f11-ce233b859fa1,fda095cb-831d-4601-ad94-846013963de8,f92806d7-1768-443f-afe8-12bcde84d0f0,dd3a144d-ab7f-41f0-82b8-2e43a090d496,f0416e68-0200-4b77-a926-4f9d16e494da,970b0598-bcb0-4714-91fb-2e81440dccd8,bcd64cc6-2dd9-43f6-abbe-66318d332032,d930590d-bb92-4cc8-8bd1-23cd027f9edf,a3cd009f-0ab0-420d-9278-b9fdab939bbc,6a2d0734-bd9e-4ddf-946e-caa52498cb75,c27215d8-6835-4b68-bfbb-bdeac6100c04,b5d6115f-0370-4d7c-aad3-c194cc71cf98,871c3b6c-7379-419d-bda3-794b239ab90d,ff9b0199-ce04-4cfe-86cc-6c719f08d6e4,de1c2107-70c8-4021-8459-6399f24d01c6,cbf30902-517f-40dc-af90-a550bac27cf1
2025-7-26 11:21:53-debug:   Number of other assets: 511
2025-7-26 11:21:53-debug:   Number of all scenes: 1
2025-7-26 11:21:53-debug:   Number of all scripts: 14
2025-7-26 11:21:53-debug: Init bundle root assets success..., progress: 0%
2025-7-26 11:21:53-debug: // ---- build task 查询 Asset Bundle ---- (5ms)
2025-7-26 11:21:53-debug: [Build Memory track]: 查询 Asset Bundle start:201.62MB, end 201.31MB, increase: -318.54KB
2025-7-26 11:21:53-debug: // ---- build task 查询 Asset Bundle ----
2025-7-26 11:21:53-debug: 查询 Asset Bundle start, progress: 5%
2025-7-26 11:21:53-log: run build task 查询 Asset Bundle success in 5 ms√, progress: 5%
2025-7-26 11:21:53-debug: // ---- build task 查询 Asset Bundle ---- (3ms)
2025-7-26 11:21:53-debug: 整理部分构建选项内数据到 settings.json start, progress: 10%
2025-7-26 11:21:53-debug: [Build Memory track]: 查询 Asset Bundle start:201.33MB, end 201.43MB, increase: 104.99KB
2025-7-26 11:21:53-debug: // ---- build task 整理部分构建选项内数据到 settings.json ----
2025-7-26 11:21:53-log: run build task 查询 Asset Bundle success in 3 ms√, progress: 10%
2025-7-26 11:21:53-log: run build task 整理部分构建选项内数据到 settings.json success in 1 ms√, progress: 12%
2025-7-26 11:21:53-debug: // ---- build task 整理部分构建选项内数据到 settings.json ---- (1ms)
2025-7-26 11:21:53-debug: // ---- build task 填充脚本数据到 settings.json ----
2025-7-26 11:21:53-debug: 填充脚本数据到 settings.json start, progress: 12%
2025-7-26 11:21:53-debug: [Build Memory track]: 整理部分构建选项内数据到 settings.json start:201.46MB, end 201.48MB, increase: 23.34KB
2025-7-26 11:21:53-debug: [Build Memory track]: 填充脚本数据到 settings.json start:201.51MB, end 201.52MB, increase: 15.50KB
2025-7-26 11:21:53-debug: 整理部分构建选项内数据到 settings.json start, progress: 13%
2025-7-26 11:21:53-debug: // ---- build task 整理部分构建选项内数据到 settings.json ----
2025-7-26 11:21:53-log: run build task 填充脚本数据到 settings.json success in √, progress: 13%
2025-7-26 11:21:53-debug: // ---- build task 整理部分构建选项内数据到 settings.json ---- (3ms)
2025-7-26 11:21:53-log: run build task 整理部分构建选项内数据到 settings.json success in 3 ms√, progress: 15%
2025-7-26 11:21:53-debug: [Build Memory track]: 整理部分构建选项内数据到 settings.json start:201.55MB, end 201.67MB, increase: 121.51KB
2025-7-26 11:22:07-debug: refresh db internal success
2025-7-26 11:22:07-debug: refresh db assets success
2025-7-26 11:22:07-debug: Run asset db hook engine-extends:afterRefresh ...
2025-7-26 11:22:07-debug: Run asset db hook engine-extends:afterRefresh success!
2025-7-26 11:22:07-debug: asset-db:refresh-all-database (25ms)
2025-7-26 11:22:56-debug: Query all assets info in project
2025-7-26 11:22:56-debug: init custom config: keepNodeUuid: false, useCache: true
2025-7-26 11:22:56-debug: Skip compress image, progress: 0%
2025-7-26 11:22:56-debug: Init all bundles start..., progress: 0%
2025-7-26 11:22:56-debug: Init bundle root assets start..., progress: 0%
2025-7-26 11:22:56-debug: 查询 Asset Bundle start, progress: 0%
2025-7-26 11:22:56-debug: // ---- build task 查询 Asset Bundle ----
2025-7-26 11:22:56-debug: Num of bundles: 2..., progress: 0%
2025-7-26 11:22:56-debug: Query preload assets/scripts from cc.config.json: 60f7195c-ec2a-45eb-ba94-8955f60e81d0,1c02ae6f-4492-4915-b8f8-7492a3b1e4cd,810e96e4-e456-4468-9b59-f4e8f39732c0,efe8e2a3-eace-427b-b4f1-cb8a937ec77d,e9aa9a3e-5b2b-4ac7-a2c7-073de2b2b24f,8bbdbcdd-5cd4-4100-b6d5-b7c9625b6107,50f4348b-c883-4e2f-8f11-ce233b859fa1,fda095cb-831d-4601-ad94-846013963de8,f92806d7-1768-443f-afe8-12bcde84d0f0,dd3a144d-ab7f-41f0-82b8-2e43a090d496,f0416e68-0200-4b77-a926-4f9d16e494da,970b0598-bcb0-4714-91fb-2e81440dccd8,bcd64cc6-2dd9-43f6-abbe-66318d332032,d930590d-bb92-4cc8-8bd1-23cd027f9edf,a3cd009f-0ab0-420d-9278-b9fdab939bbc,6a2d0734-bd9e-4ddf-946e-caa52498cb75,c27215d8-6835-4b68-bfbb-bdeac6100c04,b5d6115f-0370-4d7c-aad3-c194cc71cf98,871c3b6c-7379-419d-bda3-794b239ab90d,ff9b0199-ce04-4cfe-86cc-6c719f08d6e4,de1c2107-70c8-4021-8459-6399f24d01c6,cbf30902-517f-40dc-af90-a550bac27cf1
2025-7-26 11:22:56-debug: Init bundle root assets success..., progress: 0%
2025-7-26 11:22:56-debug:   Number of all scripts: 14
2025-7-26 11:22:56-debug:   Number of other assets: 511
2025-7-26 11:22:56-debug:   Number of all scenes: 1
2025-7-26 11:22:56-debug: // ---- build task 查询 Asset Bundle ---- (1ms)
2025-7-26 11:22:56-debug: [Build Memory track]: 查询 Asset Bundle start:201.80MB, end 201.63MB, increase: -174.33KB
2025-7-26 11:22:56-debug: // ---- build task 查询 Asset Bundle ----
2025-7-26 11:22:56-log: run build task 查询 Asset Bundle success in 1 ms√, progress: 5%
2025-7-26 11:22:56-debug: 查询 Asset Bundle start, progress: 5%
2025-7-26 11:22:56-debug: // ---- build task 查询 Asset Bundle ---- (1ms)
2025-7-26 11:22:56-debug: [Build Memory track]: 查询 Asset Bundle start:201.65MB, end 201.76MB, increase: 107.39KB
2025-7-26 11:22:56-debug: // ---- build task 整理部分构建选项内数据到 settings.json ----
2025-7-26 11:22:56-log: run build task 查询 Asset Bundle success in 1 ms√, progress: 10%
2025-7-26 11:22:56-debug: 整理部分构建选项内数据到 settings.json start, progress: 10%
2025-7-26 11:22:56-log: run build task 整理部分构建选项内数据到 settings.json success in √, progress: 12%
2025-7-26 11:22:56-debug: 填充脚本数据到 settings.json start, progress: 12%
2025-7-26 11:22:56-debug: [Build Memory track]: 整理部分构建选项内数据到 settings.json start:201.78MB, end 201.80MB, increase: 16.44KB
2025-7-26 11:22:56-debug: // ---- build task 填充脚本数据到 settings.json ----
2025-7-26 11:22:56-log: run build task 填充脚本数据到 settings.json success in √, progress: 13%
2025-7-26 11:22:56-debug: // ---- build task 整理部分构建选项内数据到 settings.json ----
2025-7-26 11:22:56-debug: 整理部分构建选项内数据到 settings.json start, progress: 13%
2025-7-26 11:22:56-debug: [Build Memory track]: 填充脚本数据到 settings.json start:201.82MB, end 201.84MB, increase: 15.13KB
2025-7-26 11:22:56-log: run build task 整理部分构建选项内数据到 settings.json success in √, progress: 15%
2025-7-26 11:22:56-debug: [Build Memory track]: 整理部分构建选项内数据到 settings.json start:201.86MB, end 201.97MB, increase: 113.96KB
2025-7-26 11:23:05-debug: %cImport%c: /Users/zhao/Desktop/test/cocos-creator/PlaneFight/assets/Animations/PlayerDown.animbackground: #aaff85; color: #000;color: #000;
2025-7-26 11:23:05-debug: asset-db:reimport-asset37a5050d-80ba-4203-b625-975da4f03074 (3ms)
2025-7-26 11:23:05-debug: %cImport%c: /Users/zhao/Desktop/test/cocos-creator/PlaneFight/assets/Animations/PlayerDown.animbackground: #aaff85; color: #000;color: #000;
2025-7-26 11:23:05-debug: asset-db:reimport-asset37a5050d-80ba-4203-b625-975da4f03074 (2ms)
2025-7-26 11:23:07-debug: %cImport%c: /Users/zhao/Desktop/test/cocos-creator/PlaneFight/assets/Animations/PlayerDown.animbackground: #aaff85; color: #000;color: #000;
2025-7-26 11:23:07-debug: asset-db:reimport-asset37a5050d-80ba-4203-b625-975da4f03074 (3ms)
2025-7-26 11:23:08-debug: %cImport%c: /Users/zhao/Desktop/test/cocos-creator/PlaneFight/assets/Scenes/Start.scenebackground: #aaff85; color: #000;color: #000;
2025-7-26 11:23:08-debug: asset-db:reimport-asset2fda4d65-a1e9-4078-8250-de49b04cdc34 (4ms)
2025-7-26 11:23:09-debug: Query all assets info in project
2025-7-26 11:23:09-debug: init custom config: keepNodeUuid: false, useCache: true
2025-7-26 11:23:09-debug: Skip compress image, progress: 0%
2025-7-26 11:23:09-debug: Init all bundles start..., progress: 0%
2025-7-26 11:23:09-debug: Num of bundles: 2..., progress: 0%
2025-7-26 11:23:09-debug: Init bundle root assets start..., progress: 0%
2025-7-26 11:23:09-debug: // ---- build task 查询 Asset Bundle ----
2025-7-26 11:23:09-debug: 查询 Asset Bundle start, progress: 0%
2025-7-26 11:23:09-debug: Query preload assets/scripts from cc.config.json: 60f7195c-ec2a-45eb-ba94-8955f60e81d0,1c02ae6f-4492-4915-b8f8-7492a3b1e4cd,810e96e4-e456-4468-9b59-f4e8f39732c0,efe8e2a3-eace-427b-b4f1-cb8a937ec77d,e9aa9a3e-5b2b-4ac7-a2c7-073de2b2b24f,8bbdbcdd-5cd4-4100-b6d5-b7c9625b6107,50f4348b-c883-4e2f-8f11-ce233b859fa1,fda095cb-831d-4601-ad94-846013963de8,f92806d7-1768-443f-afe8-12bcde84d0f0,dd3a144d-ab7f-41f0-82b8-2e43a090d496,f0416e68-0200-4b77-a926-4f9d16e494da,970b0598-bcb0-4714-91fb-2e81440dccd8,bcd64cc6-2dd9-43f6-abbe-66318d332032,d930590d-bb92-4cc8-8bd1-23cd027f9edf,a3cd009f-0ab0-420d-9278-b9fdab939bbc,6a2d0734-bd9e-4ddf-946e-caa52498cb75,c27215d8-6835-4b68-bfbb-bdeac6100c04,b5d6115f-0370-4d7c-aad3-c194cc71cf98,871c3b6c-7379-419d-bda3-794b239ab90d,ff9b0199-ce04-4cfe-86cc-6c719f08d6e4,de1c2107-70c8-4021-8459-6399f24d01c6,cbf30902-517f-40dc-af90-a550bac27cf1
2025-7-26 11:23:09-debug:   Number of all scenes: 1
2025-7-26 11:23:09-debug:   Number of other assets: 511
2025-7-26 11:23:09-debug:   Number of all scripts: 14
2025-7-26 11:23:09-debug: Init bundle root assets success..., progress: 0%
2025-7-26 11:23:09-debug: // ---- build task 查询 Asset Bundle ---- (2ms)
2025-7-26 11:23:09-debug: 查询 Asset Bundle start, progress: 5%
2025-7-26 11:23:09-log: run build task 查询 Asset Bundle success in 2 ms√, progress: 5%
2025-7-26 11:23:09-debug: [Build Memory track]: 查询 Asset Bundle start:202.46MB, end 202.15MB, increase: -312.04KB
2025-7-26 11:23:09-debug: // ---- build task 查询 Asset Bundle ----
2025-7-26 11:23:09-log: run build task 查询 Asset Bundle success in √, progress: 10%
2025-7-26 11:23:09-debug: [Build Memory track]: 查询 Asset Bundle start:202.18MB, end 202.27MB, increase: 98.95KB
2025-7-26 11:23:09-debug: 整理部分构建选项内数据到 settings.json start, progress: 10%
2025-7-26 11:23:09-debug: // ---- build task 整理部分构建选项内数据到 settings.json ----
2025-7-26 11:23:09-log: run build task 整理部分构建选项内数据到 settings.json success in √, progress: 12%
2025-7-26 11:23:09-debug: 填充脚本数据到 settings.json start, progress: 12%
2025-7-26 11:23:09-debug: // ---- build task 填充脚本数据到 settings.json ----
2025-7-26 11:23:09-debug: [Build Memory track]: 整理部分构建选项内数据到 settings.json start:202.30MB, end 202.31MB, increase: 14.70KB
2025-7-26 11:23:09-log: run build task 填充脚本数据到 settings.json success in √, progress: 13%
2025-7-26 11:23:09-debug: [Build Memory track]: 填充脚本数据到 settings.json start:202.34MB, end 202.35MB, increase: 16.12KB
2025-7-26 11:23:09-debug: 整理部分构建选项内数据到 settings.json start, progress: 13%
2025-7-26 11:23:09-debug: // ---- build task 整理部分构建选项内数据到 settings.json ----
2025-7-26 11:23:09-debug: // ---- build task 整理部分构建选项内数据到 settings.json ---- (1ms)
2025-7-26 11:23:09-log: run build task 整理部分构建选项内数据到 settings.json success in 1 ms√, progress: 15%
2025-7-26 11:23:09-debug: [Build Memory track]: 整理部分构建选项内数据到 settings.json start:202.38MB, end 202.50MB, increase: 124.99KB
2025-7-26 11:23:09-debug: Query all assets info in project
2025-7-26 11:23:09-debug: init custom config: keepNodeUuid: false, useCache: true
2025-7-26 11:23:09-debug: Skip compress image, progress: 0%
2025-7-26 11:23:09-debug: Init all bundles start..., progress: 0%
2025-7-26 11:23:09-debug: // ---- build task 查询 Asset Bundle ----
2025-7-26 11:23:09-debug: Num of bundles: 2..., progress: 0%
2025-7-26 11:23:09-debug: Init bundle root assets start..., progress: 0%
2025-7-26 11:23:09-debug: 查询 Asset Bundle start, progress: 0%
2025-7-26 11:23:09-debug: Query preload assets/scripts from cc.config.json: 60f7195c-ec2a-45eb-ba94-8955f60e81d0,1c02ae6f-4492-4915-b8f8-7492a3b1e4cd,810e96e4-e456-4468-9b59-f4e8f39732c0,efe8e2a3-eace-427b-b4f1-cb8a937ec77d,e9aa9a3e-5b2b-4ac7-a2c7-073de2b2b24f,8bbdbcdd-5cd4-4100-b6d5-b7c9625b6107,50f4348b-c883-4e2f-8f11-ce233b859fa1,fda095cb-831d-4601-ad94-846013963de8,f92806d7-1768-443f-afe8-12bcde84d0f0,dd3a144d-ab7f-41f0-82b8-2e43a090d496,f0416e68-0200-4b77-a926-4f9d16e494da,970b0598-bcb0-4714-91fb-2e81440dccd8,bcd64cc6-2dd9-43f6-abbe-66318d332032,d930590d-bb92-4cc8-8bd1-23cd027f9edf,a3cd009f-0ab0-420d-9278-b9fdab939bbc,6a2d0734-bd9e-4ddf-946e-caa52498cb75,c27215d8-6835-4b68-bfbb-bdeac6100c04,b5d6115f-0370-4d7c-aad3-c194cc71cf98,871c3b6c-7379-419d-bda3-794b239ab90d,ff9b0199-ce04-4cfe-86cc-6c719f08d6e4,de1c2107-70c8-4021-8459-6399f24d01c6,cbf30902-517f-40dc-af90-a550bac27cf1
2025-7-26 11:23:09-debug:   Number of all scenes: 1
2025-7-26 11:23:09-debug:   Number of other assets: 511
2025-7-26 11:23:09-debug: Init bundle root assets success..., progress: 0%
2025-7-26 11:23:09-debug:   Number of all scripts: 14
2025-7-26 11:23:09-debug: // ---- build task 查询 Asset Bundle ---- (5ms)
2025-7-26 11:23:09-log: run build task 查询 Asset Bundle success in 5 ms√, progress: 5%
2025-7-26 11:23:09-debug: [Build Memory track]: 查询 Asset Bundle start:202.46MB, end 202.19MB, increase: -279.57KB
2025-7-26 11:23:09-debug: 查询 Asset Bundle start, progress: 5%
2025-7-26 11:23:09-debug: // ---- build task 查询 Asset Bundle ----
2025-7-26 11:23:09-debug: // ---- build task 查询 Asset Bundle ---- (3ms)
2025-7-26 11:23:09-debug: 整理部分构建选项内数据到 settings.json start, progress: 10%
2025-7-26 11:23:09-debug: // ---- build task 整理部分构建选项内数据到 settings.json ----
2025-7-26 11:23:09-log: run build task 查询 Asset Bundle success in 3 ms√, progress: 10%
2025-7-26 11:23:09-debug: [Build Memory track]: 查询 Asset Bundle start:202.21MB, end 202.31MB, increase: 107.02KB
2025-7-26 11:23:09-debug: // ---- build task 整理部分构建选项内数据到 settings.json ---- (1ms)
2025-7-26 11:23:09-debug: 填充脚本数据到 settings.json start, progress: 12%
2025-7-26 11:23:09-debug: // ---- build task 填充脚本数据到 settings.json ----
2025-7-26 11:23:09-log: run build task 整理部分构建选项内数据到 settings.json success in 1 ms√, progress: 12%
2025-7-26 11:23:09-debug: [Build Memory track]: 整理部分构建选项内数据到 settings.json start:202.34MB, end 202.36MB, increase: 22.05KB
2025-7-26 11:23:09-debug: [Build Memory track]: 填充脚本数据到 settings.json start:202.39MB, end 202.40MB, increase: 17.72KB
2025-7-26 11:23:09-log: run build task 填充脚本数据到 settings.json success in √, progress: 13%
2025-7-26 11:23:09-debug: 整理部分构建选项内数据到 settings.json start, progress: 13%
2025-7-26 11:23:09-debug: // ---- build task 整理部分构建选项内数据到 settings.json ----
2025-7-26 11:23:09-debug: // ---- build task 整理部分构建选项内数据到 settings.json ---- (1ms)
2025-7-26 11:23:09-debug: [Build Memory track]: 整理部分构建选项内数据到 settings.json start:202.43MB, end 202.55MB, increase: 122.24KB
2025-7-26 11:23:09-log: run build task 整理部分构建选项内数据到 settings.json success in 1 ms√, progress: 15%
2025-7-26 11:23:43-debug: refresh db internal success
2025-7-26 11:23:43-debug: refresh db assets success
2025-7-26 11:23:43-debug: Run asset db hook engine-extends:afterRefresh ...
2025-7-26 11:23:43-debug: Run asset db hook engine-extends:afterRefresh success!
2025-7-26 11:23:43-debug: asset-db:refresh-all-database (44ms)
2025-7-26 11:23:43-debug: asset-db:worker-effect-data-processing (1ms)
2025-7-26 11:23:43-debug: asset-db-hook-engine-extends-afterRefresh (1ms)
2025-7-26 11:23:59-debug: Query all assets info in project
2025-7-26 11:23:59-debug: init custom config: keepNodeUuid: false, useCache: true
2025-7-26 11:23:59-debug: Skip compress image, progress: 0%
2025-7-26 11:23:59-debug: Init all bundles start..., progress: 0%
2025-7-26 11:23:59-debug: Num of bundles: 2..., progress: 0%
2025-7-26 11:23:59-debug: // ---- build task 查询 Asset Bundle ----
2025-7-26 11:23:59-debug: 查询 Asset Bundle start, progress: 0%
2025-7-26 11:23:59-debug: Init bundle root assets start..., progress: 0%
2025-7-26 11:23:59-debug: Query preload assets/scripts from cc.config.json: 60f7195c-ec2a-45eb-ba94-8955f60e81d0,1c02ae6f-4492-4915-b8f8-7492a3b1e4cd,810e96e4-e456-4468-9b59-f4e8f39732c0,efe8e2a3-eace-427b-b4f1-cb8a937ec77d,e9aa9a3e-5b2b-4ac7-a2c7-073de2b2b24f,8bbdbcdd-5cd4-4100-b6d5-b7c9625b6107,50f4348b-c883-4e2f-8f11-ce233b859fa1,fda095cb-831d-4601-ad94-846013963de8,f92806d7-1768-443f-afe8-12bcde84d0f0,dd3a144d-ab7f-41f0-82b8-2e43a090d496,f0416e68-0200-4b77-a926-4f9d16e494da,970b0598-bcb0-4714-91fb-2e81440dccd8,bcd64cc6-2dd9-43f6-abbe-66318d332032,d930590d-bb92-4cc8-8bd1-23cd027f9edf,a3cd009f-0ab0-420d-9278-b9fdab939bbc,6a2d0734-bd9e-4ddf-946e-caa52498cb75,c27215d8-6835-4b68-bfbb-bdeac6100c04,b5d6115f-0370-4d7c-aad3-c194cc71cf98,871c3b6c-7379-419d-bda3-794b239ab90d,ff9b0199-ce04-4cfe-86cc-6c719f08d6e4,de1c2107-70c8-4021-8459-6399f24d01c6,cbf30902-517f-40dc-af90-a550bac27cf1
2025-7-26 11:23:59-debug:   Number of other assets: 511
2025-7-26 11:23:59-debug:   Number of all scripts: 14
2025-7-26 11:23:59-debug: Init bundle root assets success..., progress: 0%
2025-7-26 11:23:59-debug:   Number of all scenes: 1
2025-7-26 11:23:59-debug: // ---- build task 查询 Asset Bundle ---- (1ms)
2025-7-26 11:23:59-debug: 查询 Asset Bundle start, progress: 5%
2025-7-26 11:23:59-debug: // ---- build task 查询 Asset Bundle ----
2025-7-26 11:23:59-debug: [Build Memory track]: 查询 Asset Bundle start:202.18MB, end 202.80MB, increase: 635.44KB
2025-7-26 11:23:59-log: run build task 查询 Asset Bundle success in 1 ms√, progress: 5%
2025-7-26 11:23:59-debug: // ---- build task 查询 Asset Bundle ---- (1ms)
2025-7-26 11:23:59-debug: 整理部分构建选项内数据到 settings.json start, progress: 10%
2025-7-26 11:23:59-debug: [Build Memory track]: 查询 Asset Bundle start:202.83MB, end 202.18MB, increase: -660.43KB
2025-7-26 11:23:59-log: run build task 查询 Asset Bundle success in 1 ms√, progress: 10%
2025-7-26 11:23:59-debug: // ---- build task 整理部分构建选项内数据到 settings.json ----
2025-7-26 11:23:59-log: run build task 整理部分构建选项内数据到 settings.json success in √, progress: 12%
2025-7-26 11:23:59-debug: [Build Memory track]: 整理部分构建选项内数据到 settings.json start:202.21MB, end 202.22MB, increase: 15.67KB
2025-7-26 11:23:59-debug: 填充脚本数据到 settings.json start, progress: 12%
2025-7-26 11:23:59-debug: // ---- build task 填充脚本数据到 settings.json ----
2025-7-26 11:23:59-debug: // ---- build task 填充脚本数据到 settings.json ---- (1ms)
2025-7-26 11:23:59-log: run build task 填充脚本数据到 settings.json success in 1 ms√, progress: 13%
2025-7-26 11:23:59-debug: // ---- build task 整理部分构建选项内数据到 settings.json ----
2025-7-26 11:23:59-debug: 整理部分构建选项内数据到 settings.json start, progress: 13%
2025-7-26 11:23:59-debug: [Build Memory track]: 填充脚本数据到 settings.json start:202.25MB, end 202.27MB, increase: 23.66KB
2025-7-26 11:23:59-log: run build task 整理部分构建选项内数据到 settings.json success in √, progress: 15%
2025-7-26 11:23:59-debug: [Build Memory track]: 整理部分构建选项内数据到 settings.json start:202.30MB, end 202.41MB, increase: 118.89KB
2025-7-26 11:24:35-debug: refresh db internal success
2025-7-26 11:24:35-debug: %cImport%c: /Users/zhao/Desktop/test/cocos-creator/PlaneFight/assets/Scripts/Player.tsbackground: #aaff85; color: #000;color: #000;
2025-7-26 11:24:35-debug: refresh db assets success
2025-7-26 11:24:35-debug: Run asset db hook engine-extends:afterRefresh ...
2025-7-26 11:24:35-debug: Run asset db hook engine-extends:afterRefresh success!
2025-7-26 11:24:35-debug: asset-db:refresh-all-database (30ms)
2025-7-26 11:24:35-debug: asset-db:worker-effect-data-processing (1ms)
2025-7-26 11:24:35-debug: asset-db-hook-engine-extends-afterRefresh (1ms)
2025-7-26 11:24:36-debug: Query all assets info in project
2025-7-26 11:24:36-debug: init custom config: keepNodeUuid: false, useCache: true
2025-7-26 11:24:36-debug: Skip compress image, progress: 0%
2025-7-26 11:24:36-debug: Init all bundles start..., progress: 0%
2025-7-26 11:24:36-debug: Num of bundles: 2..., progress: 0%
2025-7-26 11:24:36-debug: // ---- build task 查询 Asset Bundle ----
2025-7-26 11:24:36-debug: Init bundle root assets start..., progress: 0%
2025-7-26 11:24:36-debug: 查询 Asset Bundle start, progress: 0%
2025-7-26 11:24:36-debug: Query preload assets/scripts from cc.config.json: 60f7195c-ec2a-45eb-ba94-8955f60e81d0,1c02ae6f-4492-4915-b8f8-7492a3b1e4cd,810e96e4-e456-4468-9b59-f4e8f39732c0,efe8e2a3-eace-427b-b4f1-cb8a937ec77d,e9aa9a3e-5b2b-4ac7-a2c7-073de2b2b24f,8bbdbcdd-5cd4-4100-b6d5-b7c9625b6107,50f4348b-c883-4e2f-8f11-ce233b859fa1,fda095cb-831d-4601-ad94-846013963de8,f92806d7-1768-443f-afe8-12bcde84d0f0,dd3a144d-ab7f-41f0-82b8-2e43a090d496,f0416e68-0200-4b77-a926-4f9d16e494da,970b0598-bcb0-4714-91fb-2e81440dccd8,bcd64cc6-2dd9-43f6-abbe-66318d332032,d930590d-bb92-4cc8-8bd1-23cd027f9edf,a3cd009f-0ab0-420d-9278-b9fdab939bbc,6a2d0734-bd9e-4ddf-946e-caa52498cb75,c27215d8-6835-4b68-bfbb-bdeac6100c04,b5d6115f-0370-4d7c-aad3-c194cc71cf98,871c3b6c-7379-419d-bda3-794b239ab90d,ff9b0199-ce04-4cfe-86cc-6c719f08d6e4,de1c2107-70c8-4021-8459-6399f24d01c6,cbf30902-517f-40dc-af90-a550bac27cf1
2025-7-26 11:24:36-debug:   Number of all scenes: 1
2025-7-26 11:24:36-debug:   Number of all scripts: 14
2025-7-26 11:24:36-debug:   Number of other assets: 511
2025-7-26 11:24:36-debug: Init bundle root assets success..., progress: 0%
2025-7-26 11:24:36-debug: // ---- build task 查询 Asset Bundle ---- (3ms)
2025-7-26 11:24:36-debug: 查询 Asset Bundle start, progress: 5%
2025-7-26 11:24:36-log: run build task 查询 Asset Bundle success in 3 ms√, progress: 5%
2025-7-26 11:24:36-debug: // ---- build task 查询 Asset Bundle ----
2025-7-26 11:24:36-debug: [Build Memory track]: 查询 Asset Bundle start:202.89MB, end 202.62MB, increase: -277.05KB
2025-7-26 11:24:36-debug: // ---- build task 查询 Asset Bundle ---- (1ms)
2025-7-26 11:24:36-log: run build task 查询 Asset Bundle success in 1 ms√, progress: 10%
2025-7-26 11:24:36-debug: [Build Memory track]: 查询 Asset Bundle start:202.64MB, end 202.75MB, increase: 107.53KB
2025-7-26 11:24:36-debug: 整理部分构建选项内数据到 settings.json start, progress: 10%
2025-7-26 11:24:36-debug: // ---- build task 整理部分构建选项内数据到 settings.json ----
2025-7-26 11:24:36-debug: [Build Memory track]: 整理部分构建选项内数据到 settings.json start:202.77MB, end 202.79MB, increase: 15.77KB
2025-7-26 11:24:36-log: run build task 整理部分构建选项内数据到 settings.json success in √, progress: 12%
2025-7-26 11:24:36-debug: 填充脚本数据到 settings.json start, progress: 12%
2025-7-26 11:24:36-debug: // ---- build task 填充脚本数据到 settings.json ----
2025-7-26 11:24:36-debug: // ---- build task 填充脚本数据到 settings.json ---- (1ms)
2025-7-26 11:24:36-log: run build task 填充脚本数据到 settings.json success in 1 ms√, progress: 13%
2025-7-26 11:24:36-debug: [Build Memory track]: 填充脚本数据到 settings.json start:202.81MB, end 202.84MB, increase: 23.54KB
2025-7-26 11:24:36-debug: 整理部分构建选项内数据到 settings.json start, progress: 13%
2025-7-26 11:24:36-debug: // ---- build task 整理部分构建选项内数据到 settings.json ----
2025-7-26 11:24:36-debug: // ---- build task 整理部分构建选项内数据到 settings.json ---- (3ms)
2025-7-26 11:24:36-log: run build task 整理部分构建选项内数据到 settings.json success in 3 ms√, progress: 15%
2025-7-26 11:24:36-debug: [Build Memory track]: 整理部分构建选项内数据到 settings.json start:202.86MB, end 202.98MB, increase: 123.52KB
2025-7-26 11:24:37-debug: %cImport%c: /Users/zhao/Desktop/test/cocos-creator/PlaneFight/assets/Scenes/Start.scenebackground: #aaff85; color: #000;color: #000;
2025-7-26 11:24:37-debug: asset-db:reimport-asset2fda4d65-a1e9-4078-8250-de49b04cdc34 (5ms)
2025-7-26 11:24:37-debug: Query all assets info in project
2025-7-26 11:24:37-debug: init custom config: keepNodeUuid: false, useCache: true
2025-7-26 11:24:37-debug: Skip compress image, progress: 0%
2025-7-26 11:24:37-debug: Init all bundles start..., progress: 0%
2025-7-26 11:24:37-debug: Init bundle root assets start..., progress: 0%
2025-7-26 11:24:37-debug: 查询 Asset Bundle start, progress: 0%
2025-7-26 11:24:37-debug: // ---- build task 查询 Asset Bundle ----
2025-7-26 11:24:37-debug: Num of bundles: 2..., progress: 0%
2025-7-26 11:24:37-debug: Query preload assets/scripts from cc.config.json: 60f7195c-ec2a-45eb-ba94-8955f60e81d0,1c02ae6f-4492-4915-b8f8-7492a3b1e4cd,810e96e4-e456-4468-9b59-f4e8f39732c0,efe8e2a3-eace-427b-b4f1-cb8a937ec77d,e9aa9a3e-5b2b-4ac7-a2c7-073de2b2b24f,8bbdbcdd-5cd4-4100-b6d5-b7c9625b6107,50f4348b-c883-4e2f-8f11-ce233b859fa1,fda095cb-831d-4601-ad94-846013963de8,f92806d7-1768-443f-afe8-12bcde84d0f0,dd3a144d-ab7f-41f0-82b8-2e43a090d496,f0416e68-0200-4b77-a926-4f9d16e494da,970b0598-bcb0-4714-91fb-2e81440dccd8,bcd64cc6-2dd9-43f6-abbe-66318d332032,d930590d-bb92-4cc8-8bd1-23cd027f9edf,a3cd009f-0ab0-420d-9278-b9fdab939bbc,6a2d0734-bd9e-4ddf-946e-caa52498cb75,c27215d8-6835-4b68-bfbb-bdeac6100c04,b5d6115f-0370-4d7c-aad3-c194cc71cf98,871c3b6c-7379-419d-bda3-794b239ab90d,ff9b0199-ce04-4cfe-86cc-6c719f08d6e4,de1c2107-70c8-4021-8459-6399f24d01c6,cbf30902-517f-40dc-af90-a550bac27cf1
2025-7-26 11:24:37-debug:   Number of all scripts: 14
2025-7-26 11:24:37-debug:   Number of all scenes: 1
2025-7-26 11:24:37-debug:   Number of other assets: 511
2025-7-26 11:24:37-debug: Init bundle root assets success..., progress: 0%
2025-7-26 11:24:37-debug: // ---- build task 查询 Asset Bundle ---- (2ms)
2025-7-26 11:24:37-log: run build task 查询 Asset Bundle success in 2 ms√, progress: 5%
2025-7-26 11:24:37-debug: [Build Memory track]: 查询 Asset Bundle start:203.08MB, end 202.78MB, increase: -307.12KB
2025-7-26 11:24:37-debug: 查询 Asset Bundle start, progress: 5%
2025-7-26 11:24:37-debug: // ---- build task 查询 Asset Bundle ----
2025-7-26 11:24:37-log: run build task 查询 Asset Bundle success in 1 ms√, progress: 10%
2025-7-26 11:24:37-debug: // ---- build task 查询 Asset Bundle ---- (1ms)
2025-7-26 11:24:37-debug: [Build Memory track]: 查询 Asset Bundle start:202.81MB, end 202.91MB, increase: 107.36KB
2025-7-26 11:24:37-debug: // ---- build task 整理部分构建选项内数据到 settings.json ----
2025-7-26 11:24:37-debug: 整理部分构建选项内数据到 settings.json start, progress: 10%
2025-7-26 11:24:37-debug: 填充脚本数据到 settings.json start, progress: 12%
2025-7-26 11:24:37-debug: [Build Memory track]: 整理部分构建选项内数据到 settings.json start:202.94MB, end 202.95MB, increase: 16.37KB
2025-7-26 11:24:37-log: run build task 整理部分构建选项内数据到 settings.json success in √, progress: 12%
2025-7-26 11:24:37-debug: // ---- build task 填充脚本数据到 settings.json ----
2025-7-26 11:24:37-log: run build task 填充脚本数据到 settings.json success in √, progress: 13%
2025-7-26 11:24:37-debug: // ---- build task 整理部分构建选项内数据到 settings.json ----
2025-7-26 11:24:37-debug: [Build Memory track]: 填充脚本数据到 settings.json start:202.98MB, end 202.99MB, increase: 15.24KB
2025-7-26 11:24:37-debug: 整理部分构建选项内数据到 settings.json start, progress: 13%
2025-7-26 11:24:37-debug: // ---- build task 整理部分构建选项内数据到 settings.json ---- (1ms)
2025-7-26 11:24:37-debug: [Build Memory track]: 整理部分构建选项内数据到 settings.json start:203.02MB, end 203.15MB, increase: 139.61KB
2025-7-26 11:24:37-log: run build task 整理部分构建选项内数据到 settings.json success in 1 ms√, progress: 15%
2025-7-26 11:24:41-debug: %cImport%c: /Users/zhao/Desktop/test/cocos-creator/PlaneFight/assets/Scenes/Start.scenebackground: #aaff85; color: #000;color: #000;
2025-7-26 11:24:41-debug: asset-db:reimport-asset2fda4d65-a1e9-4078-8250-de49b04cdc34 (18ms)
2025-7-26 11:24:42-debug: Query all assets info in project
2025-7-26 11:24:42-debug: init custom config: keepNodeUuid: false, useCache: true
2025-7-26 11:24:42-debug: Skip compress image, progress: 0%
2025-7-26 11:24:42-debug: Init all bundles start..., progress: 0%
2025-7-26 11:24:42-debug: // ---- build task 查询 Asset Bundle ----
2025-7-26 11:24:42-debug: Init bundle root assets start..., progress: 0%
2025-7-26 11:24:42-debug: Num of bundles: 2..., progress: 0%
2025-7-26 11:24:42-debug: 查询 Asset Bundle start, progress: 0%
2025-7-26 11:24:42-debug: Query preload assets/scripts from cc.config.json: 60f7195c-ec2a-45eb-ba94-8955f60e81d0,1c02ae6f-4492-4915-b8f8-7492a3b1e4cd,810e96e4-e456-4468-9b59-f4e8f39732c0,efe8e2a3-eace-427b-b4f1-cb8a937ec77d,e9aa9a3e-5b2b-4ac7-a2c7-073de2b2b24f,8bbdbcdd-5cd4-4100-b6d5-b7c9625b6107,50f4348b-c883-4e2f-8f11-ce233b859fa1,fda095cb-831d-4601-ad94-846013963de8,f92806d7-1768-443f-afe8-12bcde84d0f0,dd3a144d-ab7f-41f0-82b8-2e43a090d496,f0416e68-0200-4b77-a926-4f9d16e494da,970b0598-bcb0-4714-91fb-2e81440dccd8,bcd64cc6-2dd9-43f6-abbe-66318d332032,d930590d-bb92-4cc8-8bd1-23cd027f9edf,a3cd009f-0ab0-420d-9278-b9fdab939bbc,6a2d0734-bd9e-4ddf-946e-caa52498cb75,c27215d8-6835-4b68-bfbb-bdeac6100c04,b5d6115f-0370-4d7c-aad3-c194cc71cf98,871c3b6c-7379-419d-bda3-794b239ab90d,ff9b0199-ce04-4cfe-86cc-6c719f08d6e4,de1c2107-70c8-4021-8459-6399f24d01c6,cbf30902-517f-40dc-af90-a550bac27cf1
2025-7-26 11:24:42-debug:   Number of all scripts: 14
2025-7-26 11:24:42-debug:   Number of all scenes: 1
2025-7-26 11:24:42-debug:   Number of other assets: 511
2025-7-26 11:24:42-debug: Init bundle root assets success..., progress: 0%
2025-7-26 11:24:42-log: run build task 查询 Asset Bundle success in 2 ms√, progress: 5%
2025-7-26 11:24:42-debug: // ---- build task 查询 Asset Bundle ----
2025-7-26 11:24:42-debug: // ---- build task 查询 Asset Bundle ---- (2ms)
2025-7-26 11:24:42-debug: 查询 Asset Bundle start, progress: 5%
2025-7-26 11:24:42-debug: [Build Memory track]: 查询 Asset Bundle start:203.36MB, end 203.06MB, increase: -308.67KB
2025-7-26 11:24:42-debug: // ---- build task 查询 Asset Bundle ---- (2ms)
2025-7-26 11:24:42-log: run build task 查询 Asset Bundle success in 2 ms√, progress: 10%
2025-7-26 11:24:42-debug: [Build Memory track]: 查询 Asset Bundle start:203.08MB, end 203.19MB, increase: 107.49KB
2025-7-26 11:24:42-debug: // ---- build task 整理部分构建选项内数据到 settings.json ----
2025-7-26 11:24:42-debug: 整理部分构建选项内数据到 settings.json start, progress: 10%
2025-7-26 11:24:42-debug: [Build Memory track]: 整理部分构建选项内数据到 settings.json start:203.21MB, end 203.23MB, increase: 15.99KB
2025-7-26 11:24:42-log: run build task 整理部分构建选项内数据到 settings.json success in √, progress: 12%
2025-7-26 11:24:42-debug: 填充脚本数据到 settings.json start, progress: 12%
2025-7-26 11:24:42-debug: // ---- build task 填充脚本数据到 settings.json ----
2025-7-26 11:24:42-log: run build task 填充脚本数据到 settings.json success in √, progress: 13%
2025-7-26 11:24:42-debug: [Build Memory track]: 填充脚本数据到 settings.json start:203.25MB, end 203.27MB, increase: 15.39KB
2025-7-26 11:24:42-debug: 整理部分构建选项内数据到 settings.json start, progress: 13%
2025-7-26 11:24:42-debug: // ---- build task 整理部分构建选项内数据到 settings.json ----
2025-7-26 11:24:42-debug: // ---- build task 整理部分构建选项内数据到 settings.json ---- (1ms)
2025-7-26 11:24:42-log: run build task 整理部分构建选项内数据到 settings.json success in 1 ms√, progress: 15%
2025-7-26 11:24:42-debug: [Build Memory track]: 整理部分构建选项内数据到 settings.json start:203.29MB, end 203.41MB, increase: 122.12KB
2025-7-26 11:24:43-debug: Query all assets info in project
2025-7-26 11:24:43-debug: init custom config: keepNodeUuid: false, useCache: true
2025-7-26 11:24:43-debug: Skip compress image, progress: 0%
2025-7-26 11:24:43-debug: Init all bundles start..., progress: 0%
2025-7-26 11:24:43-debug: Num of bundles: 2..., progress: 0%
2025-7-26 11:24:43-debug: 查询 Asset Bundle start, progress: 0%
2025-7-26 11:24:43-debug: // ---- build task 查询 Asset Bundle ----
2025-7-26 11:24:43-debug: Init bundle root assets start..., progress: 0%
2025-7-26 11:24:43-debug: Query preload assets/scripts from cc.config.json: 60f7195c-ec2a-45eb-ba94-8955f60e81d0,1c02ae6f-4492-4915-b8f8-7492a3b1e4cd,810e96e4-e456-4468-9b59-f4e8f39732c0,efe8e2a3-eace-427b-b4f1-cb8a937ec77d,e9aa9a3e-5b2b-4ac7-a2c7-073de2b2b24f,8bbdbcdd-5cd4-4100-b6d5-b7c9625b6107,50f4348b-c883-4e2f-8f11-ce233b859fa1,fda095cb-831d-4601-ad94-846013963de8,f92806d7-1768-443f-afe8-12bcde84d0f0,dd3a144d-ab7f-41f0-82b8-2e43a090d496,f0416e68-0200-4b77-a926-4f9d16e494da,970b0598-bcb0-4714-91fb-2e81440dccd8,bcd64cc6-2dd9-43f6-abbe-66318d332032,d930590d-bb92-4cc8-8bd1-23cd027f9edf,a3cd009f-0ab0-420d-9278-b9fdab939bbc,6a2d0734-bd9e-4ddf-946e-caa52498cb75,c27215d8-6835-4b68-bfbb-bdeac6100c04,b5d6115f-0370-4d7c-aad3-c194cc71cf98,871c3b6c-7379-419d-bda3-794b239ab90d,ff9b0199-ce04-4cfe-86cc-6c719f08d6e4,de1c2107-70c8-4021-8459-6399f24d01c6,cbf30902-517f-40dc-af90-a550bac27cf1
2025-7-26 11:24:43-debug: Init bundle root assets success..., progress: 0%
2025-7-26 11:24:43-debug:   Number of all scripts: 14
2025-7-26 11:24:43-debug:   Number of other assets: 511
2025-7-26 11:24:43-debug:   Number of all scenes: 1
2025-7-26 11:24:43-debug: // ---- build task 查询 Asset Bundle ---- (1ms)
2025-7-26 11:24:43-debug: 查询 Asset Bundle start, progress: 5%
2025-7-26 11:24:43-debug: // ---- build task 查询 Asset Bundle ----
2025-7-26 11:24:43-debug: [Build Memory track]: 查询 Asset Bundle start:203.05MB, end 202.83MB, increase: -229.57KB
2025-7-26 11:24:43-log: run build task 查询 Asset Bundle success in 1 ms√, progress: 5%
2025-7-26 11:24:43-debug: // ---- build task 查询 Asset Bundle ---- (1ms)
2025-7-26 11:24:43-debug: // ---- build task 整理部分构建选项内数据到 settings.json ----
2025-7-26 11:24:43-debug: [Build Memory track]: 查询 Asset Bundle start:202.85MB, end 202.96MB, increase: 107.42KB
2025-7-26 11:24:43-debug: 整理部分构建选项内数据到 settings.json start, progress: 10%
2025-7-26 11:24:43-log: run build task 查询 Asset Bundle success in 1 ms√, progress: 10%
2025-7-26 11:24:43-log: run build task 整理部分构建选项内数据到 settings.json success in √, progress: 12%
2025-7-26 11:24:43-debug: [Build Memory track]: 整理部分构建选项内数据到 settings.json start:202.98MB, end 203.00MB, increase: 16.32KB
2025-7-26 11:24:43-debug: 填充脚本数据到 settings.json start, progress: 12%
2025-7-26 11:24:43-debug: // ---- build task 填充脚本数据到 settings.json ----
2025-7-26 11:24:43-log: run build task 填充脚本数据到 settings.json success in √, progress: 13%
2025-7-26 11:24:43-debug: 整理部分构建选项内数据到 settings.json start, progress: 13%
2025-7-26 11:24:43-debug: // ---- build task 整理部分构建选项内数据到 settings.json ----
2025-7-26 11:24:43-debug: [Build Memory track]: 填充脚本数据到 settings.json start:203.02MB, end 203.04MB, increase: 15.23KB
2025-7-26 11:24:43-debug: // ---- build task 整理部分构建选项内数据到 settings.json ---- (1ms)
2025-7-26 11:24:43-log: run build task 整理部分构建选项内数据到 settings.json success in 1 ms√, progress: 15%
2025-7-26 11:24:43-debug: [Build Memory track]: 整理部分构建选项内数据到 settings.json start:203.06MB, end 203.18MB, increase: 121.82KB
2025-7-26 11:25:17-debug: refresh db internal success
2025-7-26 11:25:17-debug: %cImport%c: /Users/zhao/Desktop/test/cocos-creator/PlaneFight/assets/Scripts/Player.tsbackground: #aaff85; color: #000;color: #000;
2025-7-26 11:25:17-debug: refresh db assets success
2025-7-26 11:25:17-debug: Run asset db hook engine-extends:afterRefresh ...
2025-7-26 11:25:17-debug: Run asset db hook engine-extends:afterRefresh success!
2025-7-26 11:25:17-debug: asset-db:refresh-all-database (25ms)
2025-7-26 11:25:17-debug: asset-db:worker-effect-data-processing (1ms)
2025-7-26 11:25:17-debug: asset-db-hook-engine-extends-afterRefresh (2ms)
2025-7-26 11:25:18-debug: Query all assets info in project
2025-7-26 11:25:18-debug: init custom config: keepNodeUuid: false, useCache: true
2025-7-26 11:25:18-debug: Skip compress image, progress: 0%
2025-7-26 11:25:18-debug: Init all bundles start..., progress: 0%
2025-7-26 11:25:18-debug: Init bundle root assets start..., progress: 0%
2025-7-26 11:25:18-debug: 查询 Asset Bundle start, progress: 0%
2025-7-26 11:25:18-debug: // ---- build task 查询 Asset Bundle ----
2025-7-26 11:25:18-debug: Num of bundles: 2..., progress: 0%
2025-7-26 11:25:18-debug: Query preload assets/scripts from cc.config.json: 60f7195c-ec2a-45eb-ba94-8955f60e81d0,1c02ae6f-4492-4915-b8f8-7492a3b1e4cd,810e96e4-e456-4468-9b59-f4e8f39732c0,efe8e2a3-eace-427b-b4f1-cb8a937ec77d,e9aa9a3e-5b2b-4ac7-a2c7-073de2b2b24f,8bbdbcdd-5cd4-4100-b6d5-b7c9625b6107,50f4348b-c883-4e2f-8f11-ce233b859fa1,fda095cb-831d-4601-ad94-846013963de8,f92806d7-1768-443f-afe8-12bcde84d0f0,dd3a144d-ab7f-41f0-82b8-2e43a090d496,f0416e68-0200-4b77-a926-4f9d16e494da,970b0598-bcb0-4714-91fb-2e81440dccd8,bcd64cc6-2dd9-43f6-abbe-66318d332032,d930590d-bb92-4cc8-8bd1-23cd027f9edf,a3cd009f-0ab0-420d-9278-b9fdab939bbc,6a2d0734-bd9e-4ddf-946e-caa52498cb75,c27215d8-6835-4b68-bfbb-bdeac6100c04,b5d6115f-0370-4d7c-aad3-c194cc71cf98,871c3b6c-7379-419d-bda3-794b239ab90d,ff9b0199-ce04-4cfe-86cc-6c719f08d6e4,de1c2107-70c8-4021-8459-6399f24d01c6,cbf30902-517f-40dc-af90-a550bac27cf1
2025-7-26 11:25:18-debug:   Number of all scripts: 14
2025-7-26 11:25:18-debug:   Number of all scenes: 1
2025-7-26 11:25:18-debug:   Number of other assets: 511
2025-7-26 11:25:18-debug: Init bundle root assets success..., progress: 0%
2025-7-26 11:25:18-debug: // ---- build task 查询 Asset Bundle ---- (4ms)
2025-7-26 11:25:18-log: run build task 查询 Asset Bundle success in 4 ms√, progress: 5%
2025-7-26 11:25:18-debug: 查询 Asset Bundle start, progress: 5%
2025-7-26 11:25:18-debug: // ---- build task 查询 Asset Bundle ----
2025-7-26 11:25:18-debug: [Build Memory track]: 查询 Asset Bundle start:203.44MB, end 203.17MB, increase: -276.12KB
2025-7-26 11:25:18-log: run build task 查询 Asset Bundle success in 1 ms√, progress: 10%
2025-7-26 11:25:18-debug: // ---- build task 查询 Asset Bundle ---- (1ms)
2025-7-26 11:25:18-debug: [Build Memory track]: 查询 Asset Bundle start:203.20MB, end 203.30MB, increase: 105.65KB
2025-7-26 11:25:18-debug: 整理部分构建选项内数据到 settings.json start, progress: 10%
2025-7-26 11:25:18-debug: // ---- build task 整理部分构建选项内数据到 settings.json ----
2025-7-26 11:25:18-debug: [Build Memory track]: 整理部分构建选项内数据到 settings.json start:203.32MB, end 203.34MB, increase: 15.79KB
2025-7-26 11:25:18-log: run build task 整理部分构建选项内数据到 settings.json success in √, progress: 12%
2025-7-26 11:25:18-debug: 填充脚本数据到 settings.json start, progress: 12%
2025-7-26 11:25:18-debug: // ---- build task 填充脚本数据到 settings.json ----
2025-7-26 11:25:18-log: run build task 填充脚本数据到 settings.json success in √, progress: 13%
2025-7-26 11:25:18-debug: [Build Memory track]: 填充脚本数据到 settings.json start:203.36MB, end 203.38MB, increase: 14.70KB
2025-7-26 11:25:18-debug: 整理部分构建选项内数据到 settings.json start, progress: 13%
2025-7-26 11:25:18-debug: // ---- build task 整理部分构建选项内数据到 settings.json ----
2025-7-26 11:25:18-debug: // ---- build task 整理部分构建选项内数据到 settings.json ---- (1ms)
2025-7-26 11:25:18-debug: [Build Memory track]: 整理部分构建选项内数据到 settings.json start:203.40MB, end 203.52MB, increase: 122.78KB
2025-7-26 11:25:18-log: run build task 整理部分构建选项内数据到 settings.json success in 1 ms√, progress: 15%
2025-7-26 11:25:18-debug: %cImport%c: /Users/zhao/Desktop/test/cocos-creator/PlaneFight/assets/Scenes/Start.scenebackground: #aaff85; color: #000;color: #000;
2025-7-26 11:25:18-debug: asset-db:reimport-asset2fda4d65-a1e9-4078-8250-de49b04cdc34 (3ms)
2025-7-26 11:25:19-debug: Query all assets info in project
2025-7-26 11:25:19-debug: init custom config: keepNodeUuid: false, useCache: true
2025-7-26 11:25:19-debug: Skip compress image, progress: 0%
2025-7-26 11:25:19-debug: Init all bundles start..., progress: 0%
2025-7-26 11:25:19-debug: Num of bundles: 2..., progress: 0%
2025-7-26 11:25:19-debug: // ---- build task 查询 Asset Bundle ----
2025-7-26 11:25:19-debug: 查询 Asset Bundle start, progress: 0%
2025-7-26 11:25:19-debug: Init bundle root assets start..., progress: 0%
2025-7-26 11:25:19-debug: Query preload assets/scripts from cc.config.json: 60f7195c-ec2a-45eb-ba94-8955f60e81d0,1c02ae6f-4492-4915-b8f8-7492a3b1e4cd,810e96e4-e456-4468-9b59-f4e8f39732c0,efe8e2a3-eace-427b-b4f1-cb8a937ec77d,e9aa9a3e-5b2b-4ac7-a2c7-073de2b2b24f,8bbdbcdd-5cd4-4100-b6d5-b7c9625b6107,50f4348b-c883-4e2f-8f11-ce233b859fa1,fda095cb-831d-4601-ad94-846013963de8,f92806d7-1768-443f-afe8-12bcde84d0f0,dd3a144d-ab7f-41f0-82b8-2e43a090d496,f0416e68-0200-4b77-a926-4f9d16e494da,970b0598-bcb0-4714-91fb-2e81440dccd8,bcd64cc6-2dd9-43f6-abbe-66318d332032,d930590d-bb92-4cc8-8bd1-23cd027f9edf,a3cd009f-0ab0-420d-9278-b9fdab939bbc,6a2d0734-bd9e-4ddf-946e-caa52498cb75,c27215d8-6835-4b68-bfbb-bdeac6100c04,b5d6115f-0370-4d7c-aad3-c194cc71cf98,871c3b6c-7379-419d-bda3-794b239ab90d,ff9b0199-ce04-4cfe-86cc-6c719f08d6e4,de1c2107-70c8-4021-8459-6399f24d01c6,cbf30902-517f-40dc-af90-a550bac27cf1
2025-7-26 11:25:19-debug: Init bundle root assets success..., progress: 0%
2025-7-26 11:25:19-debug:   Number of all scenes: 1
2025-7-26 11:25:19-debug:   Number of other assets: 511
2025-7-26 11:25:19-debug:   Number of all scripts: 14
2025-7-26 11:25:19-debug: // ---- build task 查询 Asset Bundle ---- (2ms)
2025-7-26 11:25:19-debug: // ---- build task 查询 Asset Bundle ----
2025-7-26 11:25:19-debug: [Build Memory track]: 查询 Asset Bundle start:203.75MB, end 203.42MB, increase: -333.39KB
2025-7-26 11:25:19-log: run build task 查询 Asset Bundle success in 2 ms√, progress: 5%
2025-7-26 11:25:19-debug: 查询 Asset Bundle start, progress: 5%
2025-7-26 11:25:19-debug: // ---- build task 查询 Asset Bundle ---- (1ms)
2025-7-26 11:25:19-debug: [Build Memory track]: 查询 Asset Bundle start:203.45MB, end 203.55MB, increase: 107.57KB
2025-7-26 11:25:19-debug: 整理部分构建选项内数据到 settings.json start, progress: 10%
2025-7-26 11:25:19-debug: // ---- build task 整理部分构建选项内数据到 settings.json ----
2025-7-26 11:25:19-log: run build task 查询 Asset Bundle success in 1 ms√, progress: 10%
2025-7-26 11:25:19-debug: // ---- build task 整理部分构建选项内数据到 settings.json ---- (1ms)
2025-7-26 11:25:19-log: run build task 整理部分构建选项内数据到 settings.json success in 1 ms√, progress: 12%
2025-7-26 11:25:19-debug: [Build Memory track]: 整理部分构建选项内数据到 settings.json start:203.58MB, end 203.60MB, increase: 23.68KB
2025-7-26 11:25:19-debug: // ---- build task 填充脚本数据到 settings.json ----
2025-7-26 11:25:19-debug: 填充脚本数据到 settings.json start, progress: 12%
2025-7-26 11:25:19-log: run build task 填充脚本数据到 settings.json success in √, progress: 13%
2025-7-26 11:25:19-debug: [Build Memory track]: 填充脚本数据到 settings.json start:203.63MB, end 203.64MB, increase: 16.30KB
2025-7-26 11:25:19-debug: 整理部分构建选项内数据到 settings.json start, progress: 13%
2025-7-26 11:25:19-debug: // ---- build task 整理部分构建选项内数据到 settings.json ----
2025-7-26 11:25:19-debug: // ---- build task 整理部分构建选项内数据到 settings.json ---- (1ms)
2025-7-26 11:25:19-log: run build task 整理部分构建选项内数据到 settings.json success in 1 ms√, progress: 15%
2025-7-26 11:25:19-debug: [Build Memory track]: 整理部分构建选项内数据到 settings.json start:203.67MB, end 203.79MB, increase: 122.12KB
2025-7-26 11:25:19-debug: Query all assets info in project
2025-7-26 11:25:19-debug: init custom config: keepNodeUuid: false, useCache: true
2025-7-26 11:25:19-debug: Skip compress image, progress: 0%
2025-7-26 11:25:19-debug: Init all bundles start..., progress: 0%
2025-7-26 11:25:19-debug: Num of bundles: 2..., progress: 0%
2025-7-26 11:25:19-debug: Init bundle root assets start..., progress: 0%
2025-7-26 11:25:19-debug: // ---- build task 查询 Asset Bundle ----
2025-7-26 11:25:19-debug: 查询 Asset Bundle start, progress: 0%
2025-7-26 11:25:19-debug: Query preload assets/scripts from cc.config.json: 60f7195c-ec2a-45eb-ba94-8955f60e81d0,1c02ae6f-4492-4915-b8f8-7492a3b1e4cd,810e96e4-e456-4468-9b59-f4e8f39732c0,efe8e2a3-eace-427b-b4f1-cb8a937ec77d,e9aa9a3e-5b2b-4ac7-a2c7-073de2b2b24f,8bbdbcdd-5cd4-4100-b6d5-b7c9625b6107,50f4348b-c883-4e2f-8f11-ce233b859fa1,fda095cb-831d-4601-ad94-846013963de8,f92806d7-1768-443f-afe8-12bcde84d0f0,dd3a144d-ab7f-41f0-82b8-2e43a090d496,f0416e68-0200-4b77-a926-4f9d16e494da,970b0598-bcb0-4714-91fb-2e81440dccd8,bcd64cc6-2dd9-43f6-abbe-66318d332032,d930590d-bb92-4cc8-8bd1-23cd027f9edf,a3cd009f-0ab0-420d-9278-b9fdab939bbc,6a2d0734-bd9e-4ddf-946e-caa52498cb75,c27215d8-6835-4b68-bfbb-bdeac6100c04,b5d6115f-0370-4d7c-aad3-c194cc71cf98,871c3b6c-7379-419d-bda3-794b239ab90d,ff9b0199-ce04-4cfe-86cc-6c719f08d6e4,de1c2107-70c8-4021-8459-6399f24d01c6,cbf30902-517f-40dc-af90-a550bac27cf1
2025-7-26 11:25:19-debug:   Number of all scripts: 14
2025-7-26 11:25:19-debug:   Number of other assets: 511
2025-7-26 11:25:19-debug: // ---- build task 查询 Asset Bundle ---- (6ms)
2025-7-26 11:25:19-debug: [Build Memory track]: 查询 Asset Bundle start:203.27MB, end 203.89MB, increase: 635.81KB
2025-7-26 11:25:19-debug: Init bundle root assets success..., progress: 0%
2025-7-26 11:25:19-debug:   Number of all scenes: 1
2025-7-26 11:25:19-debug: 查询 Asset Bundle start, progress: 5%
2025-7-26 11:25:19-debug: // ---- build task 查询 Asset Bundle ----
2025-7-26 11:25:19-log: run build task 查询 Asset Bundle success in 6 ms√, progress: 5%
2025-7-26 11:25:19-debug: // ---- build task 查询 Asset Bundle ---- (2ms)
2025-7-26 11:25:19-debug: [Build Memory track]: 查询 Asset Bundle start:203.91MB, end 203.24MB, increase: -687.32KB
2025-7-26 11:25:19-debug: 整理部分构建选项内数据到 settings.json start, progress: 10%
2025-7-26 11:25:19-log: run build task 查询 Asset Bundle success in 2 ms√, progress: 10%
2025-7-26 11:25:19-debug: // ---- build task 整理部分构建选项内数据到 settings.json ----
2025-7-26 11:25:19-log: run build task 整理部分构建选项内数据到 settings.json success in 1 ms√, progress: 12%
2025-7-26 11:25:19-debug: // ---- build task 整理部分构建选项内数据到 settings.json ---- (1ms)
2025-7-26 11:25:19-debug: 填充脚本数据到 settings.json start, progress: 12%
2025-7-26 11:25:19-debug: // ---- build task 填充脚本数据到 settings.json ----
2025-7-26 11:25:19-debug: [Build Memory track]: 整理部分构建选项内数据到 settings.json start:203.26MB, end 203.29MB, increase: 22.19KB
2025-7-26 11:25:19-debug: // ---- build task 填充脚本数据到 settings.json ---- (1ms)
2025-7-26 11:25:19-log: run build task 填充脚本数据到 settings.json success in 1 ms√, progress: 13%
2025-7-26 11:25:19-debug: [Build Memory track]: 填充脚本数据到 settings.json start:203.31MB, end 203.34MB, increase: 31.52KB
2025-7-26 11:25:19-debug: 整理部分构建选项内数据到 settings.json start, progress: 13%
2025-7-26 11:25:19-debug: // ---- build task 整理部分构建选项内数据到 settings.json ----
2025-7-26 11:25:19-debug: // ---- build task 整理部分构建选项内数据到 settings.json ---- (1ms)
2025-7-26 11:25:19-debug: [Build Memory track]: 整理部分构建选项内数据到 settings.json start:203.37MB, end 203.51MB, increase: 143.95KB
2025-7-26 11:25:19-log: run build task 整理部分构建选项内数据到 settings.json success in 1 ms√, progress: 15%
2025-7-26 11:25:30-debug: refresh db internal success
2025-7-26 11:25:30-debug: %cImport%c: /Users/zhao/Desktop/test/cocos-creator/PlaneFight/assets/Scripts/Player.tsbackground: #aaff85; color: #000;color: #000;
2025-7-26 11:25:30-debug: refresh db assets success
2025-7-26 11:25:30-debug: Run asset db hook engine-extends:afterRefresh ...
2025-7-26 11:25:30-debug: Run asset db hook engine-extends:afterRefresh success!
2025-7-26 11:25:30-debug: asset-db:refresh-all-database (20ms)
2025-7-26 11:25:30-debug: asset-db:worker-effect-data-processing (1ms)
2025-7-26 11:25:30-debug: asset-db-hook-engine-extends-afterRefresh (1ms)
2025-7-26 11:25:31-debug: Query all assets info in project
2025-7-26 11:25:31-debug: init custom config: keepNodeUuid: false, useCache: true
2025-7-26 11:25:31-debug: Skip compress image, progress: 0%
2025-7-26 11:25:31-debug: Init all bundles start..., progress: 0%
2025-7-26 11:25:31-debug: Num of bundles: 2..., progress: 0%
2025-7-26 11:25:31-debug: 查询 Asset Bundle start, progress: 0%
2025-7-26 11:25:31-debug: // ---- build task 查询 Asset Bundle ----
2025-7-26 11:25:31-debug: Init bundle root assets start..., progress: 0%
2025-7-26 11:25:31-debug: Query preload assets/scripts from cc.config.json: 60f7195c-ec2a-45eb-ba94-8955f60e81d0,1c02ae6f-4492-4915-b8f8-7492a3b1e4cd,810e96e4-e456-4468-9b59-f4e8f39732c0,efe8e2a3-eace-427b-b4f1-cb8a937ec77d,e9aa9a3e-5b2b-4ac7-a2c7-073de2b2b24f,8bbdbcdd-5cd4-4100-b6d5-b7c9625b6107,50f4348b-c883-4e2f-8f11-ce233b859fa1,fda095cb-831d-4601-ad94-846013963de8,f92806d7-1768-443f-afe8-12bcde84d0f0,dd3a144d-ab7f-41f0-82b8-2e43a090d496,f0416e68-0200-4b77-a926-4f9d16e494da,970b0598-bcb0-4714-91fb-2e81440dccd8,bcd64cc6-2dd9-43f6-abbe-66318d332032,d930590d-bb92-4cc8-8bd1-23cd027f9edf,a3cd009f-0ab0-420d-9278-b9fdab939bbc,6a2d0734-bd9e-4ddf-946e-caa52498cb75,c27215d8-6835-4b68-bfbb-bdeac6100c04,b5d6115f-0370-4d7c-aad3-c194cc71cf98,871c3b6c-7379-419d-bda3-794b239ab90d,ff9b0199-ce04-4cfe-86cc-6c719f08d6e4,de1c2107-70c8-4021-8459-6399f24d01c6,cbf30902-517f-40dc-af90-a550bac27cf1
2025-7-26 11:25:31-debug:   Number of all scripts: 14
2025-7-26 11:25:31-debug:   Number of all scenes: 1
2025-7-26 11:25:31-debug:   Number of other assets: 511
2025-7-26 11:25:31-debug: Init bundle root assets success..., progress: 0%
2025-7-26 11:25:31-debug: // ---- build task 查询 Asset Bundle ---- (3ms)
2025-7-26 11:25:31-debug: // ---- build task 查询 Asset Bundle ----
2025-7-26 11:25:31-debug: [Build Memory track]: 查询 Asset Bundle start:204.07MB, end 203.77MB, increase: -311.33KB
2025-7-26 11:25:31-debug: 查询 Asset Bundle start, progress: 5%
2025-7-26 11:25:31-log: run build task 查询 Asset Bundle success in 3 ms√, progress: 5%
2025-7-26 11:25:31-debug: // ---- build task 查询 Asset Bundle ---- (1ms)
2025-7-26 11:25:31-debug: 整理部分构建选项内数据到 settings.json start, progress: 10%
2025-7-26 11:25:31-debug: [Build Memory track]: 查询 Asset Bundle start:203.79MB, end 203.90MB, increase: 106.46KB
2025-7-26 11:25:31-debug: // ---- build task 整理部分构建选项内数据到 settings.json ----
2025-7-26 11:25:31-log: run build task 查询 Asset Bundle success in 1 ms√, progress: 10%
2025-7-26 11:25:31-log: run build task 整理部分构建选项内数据到 settings.json success in √, progress: 12%
2025-7-26 11:25:31-debug: 填充脚本数据到 settings.json start, progress: 12%
2025-7-26 11:25:31-debug: [Build Memory track]: 整理部分构建选项内数据到 settings.json start:203.92MB, end 203.94MB, increase: 15.21KB
2025-7-26 11:25:31-debug: // ---- build task 填充脚本数据到 settings.json ----
2025-7-26 11:25:31-log: run build task 填充脚本数据到 settings.json success in √, progress: 13%
2025-7-26 11:25:31-debug: [Build Memory track]: 填充脚本数据到 settings.json start:203.96MB, end 203.98MB, increase: 16.07KB
2025-7-26 11:25:31-debug: // ---- build task 整理部分构建选项内数据到 settings.json ----
2025-7-26 11:25:31-debug: 整理部分构建选项内数据到 settings.json start, progress: 13%
2025-7-26 11:25:31-debug: // ---- build task 整理部分构建选项内数据到 settings.json ---- (1ms)
2025-7-26 11:25:31-log: run build task 整理部分构建选项内数据到 settings.json success in 1 ms√, progress: 15%
2025-7-26 11:25:31-debug: [Build Memory track]: 整理部分构建选项内数据到 settings.json start:204.00MB, end 204.12MB, increase: 122.07KB
2025-7-26 11:25:47-debug: %cImport%c: /Users/zhao/Desktop/test/cocos-creator/PlaneFight/assets/Animations/PlayerDown.animbackground: #aaff85; color: #000;color: #000;
2025-7-26 11:25:47-debug: asset-db:reimport-asset37a5050d-80ba-4203-b625-975da4f03074 (4ms)
2025-7-26 11:25:48-debug: %cImport%c: /Users/zhao/Desktop/test/cocos-creator/PlaneFight/assets/Animations/PlayerDown.animbackground: #aaff85; color: #000;color: #000;
2025-7-26 11:25:48-debug: asset-db:reimport-asset37a5050d-80ba-4203-b625-975da4f03074 (2ms)
2025-7-26 11:25:52-debug: %cImport%c: /Users/zhao/Desktop/test/cocos-creator/PlaneFight/assets/Animations/PlayerDown.animbackground: #aaff85; color: #000;color: #000;
2025-7-26 11:25:52-debug: asset-db:reimport-asset37a5050d-80ba-4203-b625-975da4f03074 (2ms)
2025-7-26 11:25:55-debug: %cImport%c: /Users/zhao/Desktop/test/cocos-creator/PlaneFight/assets/Animations/PlayerDown.animbackground: #aaff85; color: #000;color: #000;
2025-7-26 11:25:55-debug: asset-db:reimport-asset37a5050d-80ba-4203-b625-975da4f03074 (1ms)
2025-7-26 11:25:56-debug: Query all assets info in project
2025-7-26 11:25:56-debug: init custom config: keepNodeUuid: false, useCache: true
2025-7-26 11:25:56-debug: Skip compress image, progress: 0%
2025-7-26 11:25:56-debug: Init all bundles start..., progress: 0%
2025-7-26 11:25:56-debug: Init bundle root assets start..., progress: 0%
2025-7-26 11:25:56-debug: 查询 Asset Bundle start, progress: 0%
2025-7-26 11:25:56-debug: // ---- build task 查询 Asset Bundle ----
2025-7-26 11:25:56-debug: Num of bundles: 2..., progress: 0%
2025-7-26 11:25:56-debug: Query preload assets/scripts from cc.config.json: 60f7195c-ec2a-45eb-ba94-8955f60e81d0,1c02ae6f-4492-4915-b8f8-7492a3b1e4cd,810e96e4-e456-4468-9b59-f4e8f39732c0,efe8e2a3-eace-427b-b4f1-cb8a937ec77d,e9aa9a3e-5b2b-4ac7-a2c7-073de2b2b24f,8bbdbcdd-5cd4-4100-b6d5-b7c9625b6107,50f4348b-c883-4e2f-8f11-ce233b859fa1,fda095cb-831d-4601-ad94-846013963de8,f92806d7-1768-443f-afe8-12bcde84d0f0,dd3a144d-ab7f-41f0-82b8-2e43a090d496,f0416e68-0200-4b77-a926-4f9d16e494da,970b0598-bcb0-4714-91fb-2e81440dccd8,bcd64cc6-2dd9-43f6-abbe-66318d332032,d930590d-bb92-4cc8-8bd1-23cd027f9edf,a3cd009f-0ab0-420d-9278-b9fdab939bbc,6a2d0734-bd9e-4ddf-946e-caa52498cb75,c27215d8-6835-4b68-bfbb-bdeac6100c04,b5d6115f-0370-4d7c-aad3-c194cc71cf98,871c3b6c-7379-419d-bda3-794b239ab90d,ff9b0199-ce04-4cfe-86cc-6c719f08d6e4,de1c2107-70c8-4021-8459-6399f24d01c6,cbf30902-517f-40dc-af90-a550bac27cf1
2025-7-26 11:25:56-debug: Init bundle root assets success..., progress: 0%
2025-7-26 11:25:56-debug:   Number of all scripts: 14
2025-7-26 11:25:56-debug:   Number of other assets: 511
2025-7-26 11:25:56-debug:   Number of all scenes: 1
2025-7-26 11:25:56-debug: // ---- build task 查询 Asset Bundle ---- (1ms)
2025-7-26 11:25:56-log: run build task 查询 Asset Bundle success in 1 ms√, progress: 5%
2025-7-26 11:25:56-debug: [Build Memory track]: 查询 Asset Bundle start:204.19MB, end 203.90MB, increase: -291.79KB
2025-7-26 11:25:56-debug: 查询 Asset Bundle start, progress: 5%
2025-7-26 11:25:56-debug: // ---- build task 查询 Asset Bundle ----
2025-7-26 11:25:56-log: run build task 查询 Asset Bundle success in 1 ms√, progress: 10%
2025-7-26 11:25:56-debug: // ---- build task 查询 Asset Bundle ---- (1ms)
2025-7-26 11:25:56-debug: 整理部分构建选项内数据到 settings.json start, progress: 10%
2025-7-26 11:25:56-debug: [Build Memory track]: 查询 Asset Bundle start:203.93MB, end 204.03MB, increase: 106.46KB
2025-7-26 11:25:56-debug: // ---- build task 整理部分构建选项内数据到 settings.json ----
2025-7-26 11:25:56-debug: [Build Memory track]: 整理部分构建选项内数据到 settings.json start:204.06MB, end 204.07MB, increase: 16.21KB
2025-7-26 11:25:56-debug: 填充脚本数据到 settings.json start, progress: 12%
2025-7-26 11:25:56-debug: // ---- build task 填充脚本数据到 settings.json ----
2025-7-26 11:25:56-log: run build task 整理部分构建选项内数据到 settings.json success in √, progress: 12%
2025-7-26 11:25:56-log: run build task 填充脚本数据到 settings.json success in √, progress: 13%
2025-7-26 11:25:56-debug: [Build Memory track]: 填充脚本数据到 settings.json start:204.10MB, end 204.11MB, increase: 15.49KB
2025-7-26 11:25:56-debug: // ---- build task 整理部分构建选项内数据到 settings.json ----
2025-7-26 11:25:56-debug: 整理部分构建选项内数据到 settings.json start, progress: 13%
2025-7-26 11:25:56-debug: // ---- build task 整理部分构建选项内数据到 settings.json ---- (1ms)
2025-7-26 11:25:56-debug: [Build Memory track]: 整理部分构建选项内数据到 settings.json start:204.14MB, end 204.26MB, increase: 128.32KB
2025-7-26 11:25:56-log: run build task 整理部分构建选项内数据到 settings.json success in 1 ms√, progress: 15%
2025-7-26 11:26:06-debug: refresh db internal success
2025-7-26 11:26:06-debug: refresh db assets success
2025-7-26 11:26:06-debug: Run asset db hook engine-extends:afterRefresh ...
2025-7-26 11:26:06-debug: Run asset db hook engine-extends:afterRefresh success!
2025-7-26 11:26:06-debug: asset-db:refresh-all-database (43ms)
2025-7-26 11:26:07-debug: Query all assets info in project
2025-7-26 11:26:07-debug: init custom config: keepNodeUuid: false, useCache: true
2025-7-26 11:26:07-debug: Skip compress image, progress: 0%
2025-7-26 11:26:07-debug: Init all bundles start..., progress: 0%
2025-7-26 11:26:07-debug: Num of bundles: 2..., progress: 0%
2025-7-26 11:26:07-debug: 查询 Asset Bundle start, progress: 0%
2025-7-26 11:26:07-debug: // ---- build task 查询 Asset Bundle ----
2025-7-26 11:26:07-debug: Init bundle root assets start..., progress: 0%
2025-7-26 11:26:07-debug: Query preload assets/scripts from cc.config.json: 60f7195c-ec2a-45eb-ba94-8955f60e81d0,1c02ae6f-4492-4915-b8f8-7492a3b1e4cd,810e96e4-e456-4468-9b59-f4e8f39732c0,efe8e2a3-eace-427b-b4f1-cb8a937ec77d,e9aa9a3e-5b2b-4ac7-a2c7-073de2b2b24f,8bbdbcdd-5cd4-4100-b6d5-b7c9625b6107,50f4348b-c883-4e2f-8f11-ce233b859fa1,fda095cb-831d-4601-ad94-846013963de8,f92806d7-1768-443f-afe8-12bcde84d0f0,dd3a144d-ab7f-41f0-82b8-2e43a090d496,f0416e68-0200-4b77-a926-4f9d16e494da,970b0598-bcb0-4714-91fb-2e81440dccd8,bcd64cc6-2dd9-43f6-abbe-66318d332032,d930590d-bb92-4cc8-8bd1-23cd027f9edf,a3cd009f-0ab0-420d-9278-b9fdab939bbc,6a2d0734-bd9e-4ddf-946e-caa52498cb75,c27215d8-6835-4b68-bfbb-bdeac6100c04,b5d6115f-0370-4d7c-aad3-c194cc71cf98,871c3b6c-7379-419d-bda3-794b239ab90d,ff9b0199-ce04-4cfe-86cc-6c719f08d6e4,de1c2107-70c8-4021-8459-6399f24d01c6,cbf30902-517f-40dc-af90-a550bac27cf1
2025-7-26 11:26:07-debug: Init bundle root assets success..., progress: 0%
2025-7-26 11:26:07-debug:   Number of all scripts: 14
2025-7-26 11:26:07-debug:   Number of other assets: 511
2025-7-26 11:26:07-debug:   Number of all scenes: 1
2025-7-26 11:26:07-debug: // ---- build task 查询 Asset Bundle ---- (1ms)
2025-7-26 11:26:07-debug: [Build Memory track]: 查询 Asset Bundle start:205.09MB, end 204.95MB, increase: -142.82KB
2025-7-26 11:26:07-debug: 查询 Asset Bundle start, progress: 5%
2025-7-26 11:26:07-debug: // ---- build task 查询 Asset Bundle ----
2025-7-26 11:26:07-log: run build task 查询 Asset Bundle success in 1 ms√, progress: 5%
2025-7-26 11:26:07-debug: // ---- build task 查询 Asset Bundle ---- (1ms)
2025-7-26 11:26:07-debug: // ---- build task 整理部分构建选项内数据到 settings.json ----
2025-7-26 11:26:07-debug: [Build Memory track]: 查询 Asset Bundle start:204.97MB, end 205.08MB, increase: 106.51KB
2025-7-26 11:26:07-debug: 整理部分构建选项内数据到 settings.json start, progress: 10%
2025-7-26 11:26:07-log: run build task 查询 Asset Bundle success in 1 ms√, progress: 10%
2025-7-26 11:26:07-log: run build task 整理部分构建选项内数据到 settings.json success in √, progress: 12%
2025-7-26 11:26:07-debug: [Build Memory track]: 整理部分构建选项内数据到 settings.json start:205.10MB, end 204.37MB, increase: -746.60KB
2025-7-26 11:26:07-debug: 填充脚本数据到 settings.json start, progress: 12%
2025-7-26 11:26:07-debug: // ---- build task 填充脚本数据到 settings.json ----
2025-7-26 11:26:07-log: run build task 填充脚本数据到 settings.json success in √, progress: 13%
2025-7-26 11:26:07-debug: [Build Memory track]: 填充脚本数据到 settings.json start:204.40MB, end 204.41MB, increase: 15.98KB
2025-7-26 11:26:07-debug: 整理部分构建选项内数据到 settings.json start, progress: 13%
2025-7-26 11:26:07-debug: // ---- build task 整理部分构建选项内数据到 settings.json ----
2025-7-26 11:26:07-debug: // ---- build task 整理部分构建选项内数据到 settings.json ---- (1ms)
2025-7-26 11:26:07-log: run build task 整理部分构建选项内数据到 settings.json success in 1 ms√, progress: 15%
2025-7-26 11:26:07-debug: [Build Memory track]: 整理部分构建选项内数据到 settings.json start:204.44MB, end 204.56MB, increase: 121.91KB
2025-7-26 11:26:23-debug: refresh db internal success
2025-7-26 11:26:23-debug: refresh db assets success
2025-7-26 11:26:23-debug: Run asset db hook engine-extends:afterRefresh ...
2025-7-26 11:26:23-debug: Run asset db hook engine-extends:afterRefresh success!
2025-7-26 11:26:23-debug: asset-db:refresh-all-database (29ms)
2025-7-26 11:26:23-debug: asset-db:worker-effect-data-processing (1ms)
2025-7-26 11:26:23-debug: asset-db-hook-engine-extends-afterRefresh (1ms)
2025-7-26 11:26:27-debug: %cImport%c: /Users/zhao/Desktop/test/cocos-creator/PlaneFight/assets/Animations/PlayerDown.animbackground: #aaff85; color: #000;color: #000;
2025-7-26 11:26:27-debug: asset-db:reimport-asset37a5050d-80ba-4203-b625-975da4f03074 (3ms)
2025-7-26 11:26:29-debug: Query all assets info in project
2025-7-26 11:26:29-debug: init custom config: keepNodeUuid: false, useCache: true
2025-7-26 11:26:29-debug: Skip compress image, progress: 0%
2025-7-26 11:26:29-debug: Init all bundles start..., progress: 0%
2025-7-26 11:26:29-debug: 查询 Asset Bundle start, progress: 0%
2025-7-26 11:26:29-debug: // ---- build task 查询 Asset Bundle ----
2025-7-26 11:26:29-debug: Init bundle root assets start..., progress: 0%
2025-7-26 11:26:29-debug: Num of bundles: 2..., progress: 0%
2025-7-26 11:26:29-debug: Query preload assets/scripts from cc.config.json: 60f7195c-ec2a-45eb-ba94-8955f60e81d0,1c02ae6f-4492-4915-b8f8-7492a3b1e4cd,810e96e4-e456-4468-9b59-f4e8f39732c0,efe8e2a3-eace-427b-b4f1-cb8a937ec77d,e9aa9a3e-5b2b-4ac7-a2c7-073de2b2b24f,8bbdbcdd-5cd4-4100-b6d5-b7c9625b6107,50f4348b-c883-4e2f-8f11-ce233b859fa1,fda095cb-831d-4601-ad94-846013963de8,f92806d7-1768-443f-afe8-12bcde84d0f0,dd3a144d-ab7f-41f0-82b8-2e43a090d496,f0416e68-0200-4b77-a926-4f9d16e494da,970b0598-bcb0-4714-91fb-2e81440dccd8,bcd64cc6-2dd9-43f6-abbe-66318d332032,d930590d-bb92-4cc8-8bd1-23cd027f9edf,a3cd009f-0ab0-420d-9278-b9fdab939bbc,6a2d0734-bd9e-4ddf-946e-caa52498cb75,c27215d8-6835-4b68-bfbb-bdeac6100c04,b5d6115f-0370-4d7c-aad3-c194cc71cf98,871c3b6c-7379-419d-bda3-794b239ab90d,ff9b0199-ce04-4cfe-86cc-6c719f08d6e4,de1c2107-70c8-4021-8459-6399f24d01c6,cbf30902-517f-40dc-af90-a550bac27cf1
2025-7-26 11:26:29-debug:   Number of all scenes: 1
2025-7-26 11:26:29-debug:   Number of other assets: 511
2025-7-26 11:26:29-debug: // ---- build task 查询 Asset Bundle ---- (2ms)
2025-7-26 11:26:29-debug: Init bundle root assets success..., progress: 0%
2025-7-26 11:26:29-log: run build task 查询 Asset Bundle success in 2 ms√, progress: 5%
2025-7-26 11:26:29-debug: [Build Memory track]: 查询 Asset Bundle start:205.19MB, end 204.88MB, increase: -313.20KB
2025-7-26 11:26:29-debug: // ---- build task 查询 Asset Bundle ----
2025-7-26 11:26:29-debug: 查询 Asset Bundle start, progress: 5%
2025-7-26 11:26:29-debug:   Number of all scripts: 14
2025-7-26 11:26:29-debug: // ---- build task 查询 Asset Bundle ---- (1ms)
2025-7-26 11:26:29-debug: [Build Memory track]: 查询 Asset Bundle start:204.91MB, end 205.01MB, increase: 107.56KB
2025-7-26 11:26:29-debug: 整理部分构建选项内数据到 settings.json start, progress: 10%
2025-7-26 11:26:29-log: run build task 查询 Asset Bundle success in 1 ms√, progress: 10%
2025-7-26 11:26:29-debug: // ---- build task 整理部分构建选项内数据到 settings.json ----
2025-7-26 11:26:29-debug: [Build Memory track]: 整理部分构建选项内数据到 settings.json start:205.04MB, end 205.05MB, increase: 12.73KB
2025-7-26 11:26:29-debug: 整理部分构建选项内数据到 settings.json start, progress: 13%
2025-7-26 11:26:29-debug: // ---- build task 整理部分构建选项内数据到 settings.json ----
2025-7-26 11:26:29-log: run build task 填充脚本数据到 settings.json success in √, progress: 13%
2025-7-26 11:26:29-debug: // ---- build task 填充脚本数据到 settings.json ----
2025-7-26 11:26:29-debug: 填充脚本数据到 settings.json start, progress: 12%
2025-7-26 11:26:29-debug: [Build Memory track]: 填充脚本数据到 settings.json start:205.07MB, end 205.09MB, increase: 13.58KB
2025-7-26 11:26:29-log: run build task 整理部分构建选项内数据到 settings.json success in √, progress: 12%
2025-7-26 11:26:29-debug: // ---- build task 整理部分构建选项内数据到 settings.json ---- (3ms)
2025-7-26 11:26:29-log: run build task 整理部分构建选项内数据到 settings.json success in 3 ms√, progress: 15%
2025-7-26 11:26:29-debug: [Build Memory track]: 整理部分构建选项内数据到 settings.json start:205.11MB, end 205.24MB, increase: 128.71KB
2025-7-26 11:27:21-debug: %cImport%c: /Users/zhao/Desktop/test/cocos-creator/PlaneFight/assets/Scenes/Start.scenebackground: #aaff85; color: #000;color: #000;
2025-7-26 11:27:21-debug: asset-db:reimport-asset2fda4d65-a1e9-4078-8250-de49b04cdc34 (4ms)
2025-7-26 11:27:21-debug: Query all assets info in project
2025-7-26 11:27:21-debug: init custom config: keepNodeUuid: false, useCache: true
2025-7-26 11:27:21-debug: Skip compress image, progress: 0%
2025-7-26 11:27:21-debug: Init all bundles start..., progress: 0%
2025-7-26 11:27:21-debug: 查询 Asset Bundle start, progress: 0%
2025-7-26 11:27:21-debug: Num of bundles: 2..., progress: 0%
2025-7-26 11:27:21-debug: // ---- build task 查询 Asset Bundle ----
2025-7-26 11:27:21-debug: Init bundle root assets start..., progress: 0%
2025-7-26 11:27:21-debug: Query preload assets/scripts from cc.config.json: 60f7195c-ec2a-45eb-ba94-8955f60e81d0,1c02ae6f-4492-4915-b8f8-7492a3b1e4cd,810e96e4-e456-4468-9b59-f4e8f39732c0,efe8e2a3-eace-427b-b4f1-cb8a937ec77d,e9aa9a3e-5b2b-4ac7-a2c7-073de2b2b24f,8bbdbcdd-5cd4-4100-b6d5-b7c9625b6107,50f4348b-c883-4e2f-8f11-ce233b859fa1,fda095cb-831d-4601-ad94-846013963de8,f92806d7-1768-443f-afe8-12bcde84d0f0,dd3a144d-ab7f-41f0-82b8-2e43a090d496,f0416e68-0200-4b77-a926-4f9d16e494da,970b0598-bcb0-4714-91fb-2e81440dccd8,bcd64cc6-2dd9-43f6-abbe-66318d332032,d930590d-bb92-4cc8-8bd1-23cd027f9edf,a3cd009f-0ab0-420d-9278-b9fdab939bbc,6a2d0734-bd9e-4ddf-946e-caa52498cb75,c27215d8-6835-4b68-bfbb-bdeac6100c04,b5d6115f-0370-4d7c-aad3-c194cc71cf98,871c3b6c-7379-419d-bda3-794b239ab90d,ff9b0199-ce04-4cfe-86cc-6c719f08d6e4,de1c2107-70c8-4021-8459-6399f24d01c6,cbf30902-517f-40dc-af90-a550bac27cf1
2025-7-26 11:27:21-debug:   Number of all scenes: 1
2025-7-26 11:27:21-debug:   Number of all scripts: 14
2025-7-26 11:27:21-debug:   Number of other assets: 511
2025-7-26 11:27:21-debug: Init bundle root assets success..., progress: 0%
2025-7-26 11:27:21-debug: // ---- build task 查询 Asset Bundle ---- (4ms)
2025-7-26 11:27:21-log: run build task 查询 Asset Bundle success in 4 ms√, progress: 5%
2025-7-26 11:27:21-debug: 查询 Asset Bundle start, progress: 5%
2025-7-26 11:27:21-debug: // ---- build task 查询 Asset Bundle ----
2025-7-26 11:27:21-debug: [Build Memory track]: 查询 Asset Bundle start:204.95MB, end 205.57MB, increase: 638.49KB
2025-7-26 11:27:21-debug: // ---- build task 查询 Asset Bundle ---- (2ms)
2025-7-26 11:27:21-debug: // ---- build task 整理部分构建选项内数据到 settings.json ----
2025-7-26 11:27:21-debug: 整理部分构建选项内数据到 settings.json start, progress: 10%
2025-7-26 11:27:21-log: run build task 查询 Asset Bundle success in 2 ms√, progress: 10%
2025-7-26 11:27:21-debug: [Build Memory track]: 查询 Asset Bundle start:205.59MB, end 204.91MB, increase: -700.86KB
2025-7-26 11:27:21-debug: 填充脚本数据到 settings.json start, progress: 12%
2025-7-26 11:27:21-debug: // ---- build task 填充脚本数据到 settings.json ----
2025-7-26 11:27:21-log: run build task 整理部分构建选项内数据到 settings.json success in √, progress: 12%
2025-7-26 11:27:21-debug: [Build Memory track]: 整理部分构建选项内数据到 settings.json start:204.93MB, end 204.95MB, increase: 14.49KB
2025-7-26 11:27:21-debug: // ---- build task 填充脚本数据到 settings.json ---- (1ms)
2025-7-26 11:27:21-log: run build task 填充脚本数据到 settings.json success in 1 ms√, progress: 13%
2025-7-26 11:27:21-debug: 整理部分构建选项内数据到 settings.json start, progress: 13%
2025-7-26 11:27:21-debug: [Build Memory track]: 填充脚本数据到 settings.json start:204.97MB, end 205.00MB, increase: 24.49KB
2025-7-26 11:27:21-debug: // ---- build task 整理部分构建选项内数据到 settings.json ----
2025-7-26 11:27:21-debug: // ---- build task 整理部分构建选项内数据到 settings.json ---- (2ms)
2025-7-26 11:27:21-log: run build task 整理部分构建选项内数据到 settings.json success in 2 ms√, progress: 15%
2025-7-26 11:27:21-debug: [Build Memory track]: 整理部分构建选项内数据到 settings.json start:205.02MB, end 205.16MB, increase: 140.97KB
2025-7-26 11:27:22-debug: %cImport%c: /Users/zhao/Desktop/test/cocos-creator/PlaneFight/assets/Scenes/Start.scenebackground: #aaff85; color: #000;color: #000;
2025-7-26 11:27:22-debug: asset-db:reimport-asset2fda4d65-a1e9-4078-8250-de49b04cdc34 (2ms)
2025-7-26 11:27:22-debug: %cImport%c: /Users/zhao/Desktop/test/cocos-creator/PlaneFight/assets/Scenes/Start.scenebackground: #aaff85; color: #000;color: #000;
2025-7-26 11:27:22-debug: asset-db:reimport-asset2fda4d65-a1e9-4078-8250-de49b04cdc34 (2ms)
2025-7-26 11:27:22-debug: %cImport%c: /Users/zhao/Desktop/test/cocos-creator/PlaneFight/assets/Scenes/Start.scenebackground: #aaff85; color: #000;color: #000;
2025-7-26 11:27:22-debug: asset-db:reimport-asset2fda4d65-a1e9-4078-8250-de49b04cdc34 (4ms)
2025-7-26 11:27:23-debug: %cImport%c: /Users/zhao/Desktop/test/cocos-creator/PlaneFight/assets/Scenes/Start.scenebackground: #aaff85; color: #000;color: #000;
2025-7-26 11:27:23-debug: asset-db:reimport-asset2fda4d65-a1e9-4078-8250-de49b04cdc34 (6ms)
2025-7-26 11:27:23-debug: %cImport%c: /Users/zhao/Desktop/test/cocos-creator/PlaneFight/assets/Scenes/Start.scenebackground: #aaff85; color: #000;color: #000;
2025-7-26 11:27:23-debug: asset-db:reimport-asset2fda4d65-a1e9-4078-8250-de49b04cdc34 (6ms)
2025-7-26 11:27:23-debug: %cImport%c: /Users/zhao/Desktop/test/cocos-creator/PlaneFight/assets/Scenes/Start.scenebackground: #aaff85; color: #000;color: #000;
2025-7-26 11:27:23-debug: asset-db:reimport-asset2fda4d65-a1e9-4078-8250-de49b04cdc34 (5ms)
2025-7-26 11:27:24-debug: %cImport%c: /Users/zhao/Desktop/test/cocos-creator/PlaneFight/assets/Scenes/Start.scenebackground: #aaff85; color: #000;color: #000;
2025-7-26 11:27:24-debug: asset-db:reimport-asset2fda4d65-a1e9-4078-8250-de49b04cdc34 (3ms)
2025-7-26 11:27:24-debug: Query all assets info in project
2025-7-26 11:27:24-debug: init custom config: keepNodeUuid: false, useCache: true
2025-7-26 11:27:24-debug: Skip compress image, progress: 0%
2025-7-26 11:27:24-debug: Init all bundles start..., progress: 0%
2025-7-26 11:27:24-debug: Num of bundles: 2..., progress: 0%
2025-7-26 11:27:24-debug: 查询 Asset Bundle start, progress: 0%
2025-7-26 11:27:24-debug: // ---- build task 查询 Asset Bundle ----
2025-7-26 11:27:24-debug: Init bundle root assets start..., progress: 0%
2025-7-26 11:27:24-debug: Query preload assets/scripts from cc.config.json: 60f7195c-ec2a-45eb-ba94-8955f60e81d0,1c02ae6f-4492-4915-b8f8-7492a3b1e4cd,810e96e4-e456-4468-9b59-f4e8f39732c0,efe8e2a3-eace-427b-b4f1-cb8a937ec77d,e9aa9a3e-5b2b-4ac7-a2c7-073de2b2b24f,8bbdbcdd-5cd4-4100-b6d5-b7c9625b6107,50f4348b-c883-4e2f-8f11-ce233b859fa1,fda095cb-831d-4601-ad94-846013963de8,f92806d7-1768-443f-afe8-12bcde84d0f0,dd3a144d-ab7f-41f0-82b8-2e43a090d496,f0416e68-0200-4b77-a926-4f9d16e494da,970b0598-bcb0-4714-91fb-2e81440dccd8,bcd64cc6-2dd9-43f6-abbe-66318d332032,d930590d-bb92-4cc8-8bd1-23cd027f9edf,a3cd009f-0ab0-420d-9278-b9fdab939bbc,6a2d0734-bd9e-4ddf-946e-caa52498cb75,c27215d8-6835-4b68-bfbb-bdeac6100c04,b5d6115f-0370-4d7c-aad3-c194cc71cf98,871c3b6c-7379-419d-bda3-794b239ab90d,ff9b0199-ce04-4cfe-86cc-6c719f08d6e4,de1c2107-70c8-4021-8459-6399f24d01c6,cbf30902-517f-40dc-af90-a550bac27cf1
2025-7-26 11:27:24-debug:   Number of other assets: 511
2025-7-26 11:27:24-debug:   Number of all scripts: 14
2025-7-26 11:27:24-debug:   Number of all scenes: 1
2025-7-26 11:27:24-debug: Init bundle root assets success..., progress: 0%
2025-7-26 11:27:24-debug: // ---- build task 查询 Asset Bundle ---- (3ms)
2025-7-26 11:27:24-debug: 查询 Asset Bundle start, progress: 5%
2025-7-26 11:27:24-debug: // ---- build task 查询 Asset Bundle ----
2025-7-26 11:27:24-log: run build task 查询 Asset Bundle success in 3 ms√, progress: 5%
2025-7-26 11:27:24-debug: [Build Memory track]: 查询 Asset Bundle start:205.25MB, end 205.06MB, increase: -191.71KB
2025-7-26 11:27:24-debug: // ---- build task 查询 Asset Bundle ---- (1ms)
2025-7-26 11:27:24-debug: // ---- build task 整理部分构建选项内数据到 settings.json ----
2025-7-26 11:27:24-log: run build task 查询 Asset Bundle success in 1 ms√, progress: 10%
2025-7-26 11:27:24-debug: [Build Memory track]: 查询 Asset Bundle start:205.08MB, end 205.19MB, increase: 105.39KB
2025-7-26 11:27:24-debug: 整理部分构建选项内数据到 settings.json start, progress: 10%
2025-7-26 11:27:24-debug: [Build Memory track]: 整理部分构建选项内数据到 settings.json start:205.21MB, end 205.23MB, increase: 23.44KB
2025-7-26 11:27:24-debug: 填充脚本数据到 settings.json start, progress: 12%
2025-7-26 11:27:24-log: run build task 整理部分构建选项内数据到 settings.json success in 1 ms√, progress: 12%
2025-7-26 11:27:24-debug: // ---- build task 整理部分构建选项内数据到 settings.json ---- (1ms)
2025-7-26 11:27:24-debug: // ---- build task 填充脚本数据到 settings.json ----
2025-7-26 11:27:24-log: run build task 填充脚本数据到 settings.json success in 1 ms√, progress: 13%
2025-7-26 11:27:24-debug: [Build Memory track]: 填充脚本数据到 settings.json start:205.26MB, end 205.28MB, increase: 24.40KB
2025-7-26 11:27:24-debug: // ---- build task 填充脚本数据到 settings.json ---- (1ms)
2025-7-26 11:27:24-debug: 整理部分构建选项内数据到 settings.json start, progress: 13%
2025-7-26 11:27:24-debug: // ---- build task 整理部分构建选项内数据到 settings.json ----
2025-7-26 11:27:24-debug: // ---- build task 整理部分构建选项内数据到 settings.json ---- (1ms)
2025-7-26 11:27:24-log: run build task 整理部分构建选项内数据到 settings.json success in 1 ms√, progress: 15%
2025-7-26 11:27:24-debug: [Build Memory track]: 整理部分构建选项内数据到 settings.json start:205.31MB, end 205.43MB, increase: 122.58KB
2025-7-26 11:27:25-debug: %cImport%c: /Users/zhao/Desktop/test/cocos-creator/PlaneFight/assets/Scenes/Start.scenebackground: #aaff85; color: #000;color: #000;
2025-7-26 11:27:25-debug: asset-db:reimport-asset2fda4d65-a1e9-4078-8250-de49b04cdc34 (6ms)
