2025-7-24 09:48:37-debug: start **** info
2025-7-24 09:48:37-log: Cannot access game frame or container.
2025-7-24 09:48:37-debug: asset-db:require-engine-code (494ms)
2025-7-24 09:48:37-log: [box2d]:box2d wasm lib loaded.
2025-7-24 09:48:37-log: meshopt wasm decoder initialized
2025-7-24 09:48:37-log: [bullet]:bullet wasm lib loaded.
2025-7-24 09:48:37-log: Cocos Creator v3.8.6
2025-7-24 09:48:37-debug: [Assets Memory track]: asset-db-plugin-register: programming start:80.93MB, end 88.58MB, increase: 7.65MB
2025-7-24 09:48:38-debug: [Assets Memory track]: asset-db-plugin-register: builder start:88.61MB, end 229.69MB, increase: 141.08MB
2025-7-24 09:48:38-debug: [Assets Memory track]: asset-db-plugin-register: engine-extends start:224.71MB, end 227.48MB, increase: 2.76MB
2025-7-24 09:48:38-debug: [Assets Memory track]: asset-db-plugin-register: project start:80.81MB, end 227.64MB, increase: 146.83MB
2025-7-24 09:48:38-debug: [Assets Memory track]: asset-db:worker-init: initPlugin start:80.13MB, end 228.14MB, increase: 148.01MB
2025-7-24 09:48:37-debug: [Assets Memory track]: asset-db:worker-init: initEngine start:29.69MB, end 80.11MB, increase: 50.42MB
2025-7-24 09:48:37-log: Using legacy pipeline
2025-7-24 09:48:37-log: Forward render pipeline initialized.
2025-7-24 09:48:38-debug: run package(runtime-dev-tools) handler(enable) start
2025-7-24 09:48:38-debug: run package(vivo-mini-game) handler(enable) success!
2025-7-24 09:48:38-debug: run package(vivo-mini-game) handler(enable) start
2025-7-24 09:48:38-debug: run package(web-desktop) handler(enable) success!
2025-7-24 09:48:38-debug: run package(web-desktop) handler(enable) start
2025-7-24 09:48:38-debug: run package(web-mobile) handler(enable) success!
2025-7-24 09:48:38-debug: run package(web-mobile) handler(enable) start
2025-7-24 09:48:38-debug: run package(wechatgame) handler(enable) start
2025-7-24 09:48:38-debug: run package(wechatgame) handler(enable) success!
2025-7-24 09:48:38-debug: run package(wechatprogram) handler(enable) start
2025-7-24 09:48:38-debug: run package(taobao-mini-game) handler(enable) success!
2025-7-24 09:48:38-debug: run package(windows) handler(enable) success!
2025-7-24 09:48:38-debug: run package(windows) handler(enable) start
2025-7-24 09:48:38-debug: run package(xiaomi-quick-game) handler(enable) start
2025-7-24 09:48:38-debug: run package(xiaomi-quick-game) handler(enable) success!
2025-7-24 09:48:38-debug: run package(cocos-service) handler(enable) start
2025-7-24 09:48:38-debug: run package(cocos-service) handler(enable) success!
2025-7-24 09:48:38-debug: run package(im-plugin) handler(enable) start
2025-7-24 09:48:38-debug: run package(im-plugin) handler(enable) success!
2025-7-24 09:48:38-debug: run package(fix-asset-default-userdata) handler(enable) start
2025-7-24 09:48:38-debug: run package(fix-asset-default-userdata) handler(enable) success!
2025-7-24 09:48:38-debug: run package(wechatprogram) handler(enable) success!
2025-7-24 09:48:38-debug: run package(runtime-dev-tools) handler(enable) success!
2025-7-24 09:48:38-debug: run package(taobao-mini-game) handler(enable) start
2025-7-24 09:48:38-debug: run package(placeholder) handler(enable) start
2025-7-24 09:48:38-debug: run package(placeholder) handler(enable) success!
2025-7-24 09:48:38-debug: asset-db:worker-init: initPlugin (1449ms)
2025-7-24 09:48:38-debug: [Assets Memory track]: asset-db:worker-init start:29.68MB, end 228.59MB, increase: 198.91MB
2025-7-24 09:48:38-debug: Run asset db hook engine-extends:beforePreStart success!
2025-7-24 09:48:38-debug: Run asset db hook engine-extends:beforePreStart ...
2025-7-24 09:48:38-debug: Run asset db hook programming:beforePreStart success!
2025-7-24 09:48:38-debug: Run asset db hook programming:beforePreStart ...
2025-7-24 09:48:39-debug: asset-db:worker-init (2060ms)
2025-7-24 09:48:39-debug: asset-db-hook-programming-beforePreStart (62ms)
2025-7-24 09:48:39-debug: asset-db-hook-engine-extends-beforePreStart (62ms)
2025-7-24 09:48:39-debug: Preimport db internal success
2025-7-24 09:48:39-debug: %cImport%c: /Users/zhao/Desktop/test/cocos-creator/PlaneFight/assets/Scripts/Enemy.tsbackground: #aaff85; color: #000;color: #000;
2025-7-24 09:48:39-debug: Preimport db assets success
2025-7-24 09:48:39-debug: starting packer-driver...
2025-7-24 09:48:39-debug: Run asset db hook programming:afterPreStart ...
2025-7-24 09:48:39-debug: initialize scripting environment...
2025-7-24 09:48:39-debug: [[Executor]] prepare before lock
2025-7-24 09:48:39-debug: Set detail map pack:///resolution-detail-map.json: {}
2025-7-24 09:48:39-debug: [[Executor]] prepare after unlock
2025-7-24 09:48:39-debug: [Assets Memory track]: asset-db:worker-init: preStart start:228.60MB, end 232.08MB, increase: 3.48MB
2025-7-24 09:48:39-debug: Start up the 'internal' database...
2025-7-24 09:48:39-debug: asset-db-hook-programming-afterPreStart (305ms)
2025-7-24 09:48:39-debug: Run asset db hook programming:afterPreStart success!
2025-7-24 09:48:39-debug: Run asset db hook engine-extends:afterPreStart ...
2025-7-24 09:48:39-debug: Run asset db hook engine-extends:afterPreStart success!
2025-7-24 09:48:39-debug: asset-db-hook-engine-extends-afterPreStart (154ms)
2025-7-24 09:48:39-debug: asset-db:worker-effect-data-processing (154ms)
2025-7-24 09:48:39-debug: [Assets Memory track]: asset-db:worker-startup-database[internal] start:228.67MB, end 242.91MB, increase: 14.24MB
2025-7-24 09:48:39-debug: Start up the 'assets' database...
2025-7-24 09:48:39-debug: asset-db:worker-startup-database[internal] (447ms)
2025-7-24 09:48:39-debug: [Assets Memory track]: asset-db:worker-startup-database[assets] start:230.86MB, end 244.46MB, increase: 13.60MB
2025-7-24 09:48:39-debug: [Assets Memory track]: asset-db:worker-init: startup start:232.09MB, end 244.48MB, increase: 12.38MB
2025-7-24 09:48:39-debug: lazy register asset handler *
2025-7-24 09:48:39-debug: lazy register asset handler directory
2025-7-24 09:48:39-debug: lazy register asset handler text
2025-7-24 09:48:39-debug: lazy register asset handler json
2025-7-24 09:48:39-debug: lazy register asset handler terrain
2025-7-24 09:48:39-debug: lazy register asset handler javascript
2025-7-24 09:48:39-debug: lazy register asset handler typescript
2025-7-24 09:48:39-debug: lazy register asset handler scene
2025-7-24 09:48:39-debug: lazy register asset handler prefab
2025-7-24 09:48:39-debug: lazy register asset handler spine-data
2025-7-24 09:48:39-debug: lazy register asset handler tiled-map
2025-7-24 09:48:39-debug: lazy register asset handler buffer
2025-7-24 09:48:39-debug: lazy register asset handler image
2025-7-24 09:48:39-debug: lazy register asset handler sign-image
2025-7-24 09:48:39-debug: lazy register asset handler alpha-image
2025-7-24 09:48:39-debug: lazy register asset handler texture
2025-7-24 09:48:39-debug: lazy register asset handler dragonbones-atlas
2025-7-24 09:48:39-debug: lazy register asset handler dragonbones
2025-7-24 09:48:39-debug: lazy register asset handler render-texture
2025-7-24 09:48:39-debug: lazy register asset handler texture-cube-face
2025-7-24 09:48:39-debug: lazy register asset handler rt-sprite-frame
2025-7-24 09:48:39-debug: lazy register asset handler gltf
2025-7-24 09:48:39-debug: lazy register asset handler gltf-mesh
2025-7-24 09:48:39-debug: lazy register asset handler gltf-animation
2025-7-24 09:48:39-debug: lazy register asset handler gltf-material
2025-7-24 09:48:39-debug: lazy register asset handler gltf-skeleton
2025-7-24 09:48:39-debug: lazy register asset handler gltf-scene
2025-7-24 09:48:39-debug: lazy register asset handler gltf-embeded-image
2025-7-24 09:48:39-debug: lazy register asset handler fbx
2025-7-24 09:48:39-debug: lazy register asset handler material
2025-7-24 09:48:39-debug: lazy register asset handler physics-material
2025-7-24 09:48:39-debug: lazy register asset handler effect
2025-7-24 09:48:39-debug: lazy register asset handler effect-header
2025-7-24 09:48:39-debug: lazy register asset handler erp-texture-cube
2025-7-24 09:48:39-debug: lazy register asset handler animation-clip
2025-7-24 09:48:39-debug: lazy register asset handler animation-graph
2025-7-24 09:48:39-debug: lazy register asset handler animation-graph-variant
2025-7-24 09:48:39-debug: lazy register asset handler texture-cube
2025-7-24 09:48:39-debug: lazy register asset handler animation-mask
2025-7-24 09:48:39-debug: lazy register asset handler bitmap-font
2025-7-24 09:48:39-debug: lazy register asset handler particle
2025-7-24 09:48:39-debug: lazy register asset handler sprite-atlas
2025-7-24 09:48:39-debug: lazy register asset handler auto-atlas
2025-7-24 09:48:39-debug: lazy register asset handler label-atlas
2025-7-24 09:48:39-debug: lazy register asset handler render-pipeline
2025-7-24 09:48:39-debug: lazy register asset handler render-stage
2025-7-24 09:48:39-debug: lazy register asset handler render-flow
2025-7-24 09:48:39-debug: lazy register asset handler instantiation-material
2025-7-24 09:48:39-debug: lazy register asset handler instantiation-mesh
2025-7-24 09:48:39-debug: lazy register asset handler instantiation-skeleton
2025-7-24 09:48:39-debug: lazy register asset handler instantiation-animation
2025-7-24 09:48:39-debug: lazy register asset handler video-clip
2025-7-24 09:48:39-debug: lazy register asset handler ttf-font
2025-7-24 09:48:39-debug: lazy register asset handler audio-clip
2025-7-24 09:48:39-debug: lazy register asset handler sprite-frame
2025-7-24 09:48:39-debug: asset-db:worker-startup-database[assets] (393ms)
2025-7-24 09:48:39-debug: asset-db:start-database (478ms)
2025-7-24 09:48:39-debug: asset-db:ready (3891ms)
2025-7-24 09:48:39-debug: fix the bug of updateDefaultUserData
2025-7-24 09:48:39-debug: init worker message success
2025-7-24 09:48:39-debug: programming:execute-script (3ms)
2025-7-24 09:48:39-debug: [Build Memory track]: builder:worker-init start:242.25MB, end 254.79MB, increase: 12.54MB
2025-7-24 09:48:39-debug: builder:worker-init (202ms)
2025-7-24 09:48:44-debug: refresh db internal success
2025-7-24 09:48:44-debug: Run asset db hook engine-extends:afterRefresh ...
2025-7-24 09:48:44-debug: refresh db assets success
2025-7-24 09:48:44-debug: Run asset db hook engine-extends:afterRefresh success!
2025-7-24 09:48:44-debug: asset-db:refresh-all-database (23ms)
2025-7-24 09:52:51-debug: refresh db internal success
2025-7-24 09:52:51-debug: refresh db assets success
2025-7-24 09:52:51-debug: Run asset db hook engine-extends:afterRefresh ...
2025-7-24 09:52:51-debug: Run asset db hook engine-extends:afterRefresh success!
2025-7-24 09:52:51-debug: asset-db:worker-effect-data-processing (1ms)
2025-7-24 09:52:51-debug: asset-db:refresh-all-database (42ms)
2025-7-24 09:52:51-debug: asset-db-hook-engine-extends-afterRefresh (1ms)
2025-7-24 09:52:57-debug: Query all assets info in project
2025-7-24 09:52:57-debug: init custom config: keepNodeUuid: false, useCache: true
2025-7-24 09:52:57-debug: Skip compress image, progress: 0%
2025-7-24 09:52:57-debug: Init all bundles start..., progress: 0%
2025-7-24 09:52:57-debug: Init bundle root assets start..., progress: 0%
2025-7-24 09:52:57-debug: 查询 Asset Bundle start, progress: 0%
2025-7-24 09:52:57-debug: // ---- build task 查询 Asset Bundle ----
2025-7-24 09:52:57-debug: Num of bundles: 2..., progress: 0%
2025-7-24 09:52:57-debug: Query preload assets/scripts from cc.config.json: 60f7195c-ec2a-45eb-ba94-8955f60e81d0,1c02ae6f-4492-4915-b8f8-7492a3b1e4cd,810e96e4-e456-4468-9b59-f4e8f39732c0,efe8e2a3-eace-427b-b4f1-cb8a937ec77d,e9aa9a3e-5b2b-4ac7-a2c7-073de2b2b24f,8bbdbcdd-5cd4-4100-b6d5-b7c9625b6107,50f4348b-c883-4e2f-8f11-ce233b859fa1,fda095cb-831d-4601-ad94-846013963de8,f92806d7-1768-443f-afe8-12bcde84d0f0,dd3a144d-ab7f-41f0-82b8-2e43a090d496,f0416e68-0200-4b77-a926-4f9d16e494da,970b0598-bcb0-4714-91fb-2e81440dccd8,bcd64cc6-2dd9-43f6-abbe-66318d332032,d930590d-bb92-4cc8-8bd1-23cd027f9edf,a3cd009f-0ab0-420d-9278-b9fdab939bbc,6a2d0734-bd9e-4ddf-946e-caa52498cb75,c27215d8-6835-4b68-bfbb-bdeac6100c04,b5d6115f-0370-4d7c-aad3-c194cc71cf98,871c3b6c-7379-419d-bda3-794b239ab90d,ff9b0199-ce04-4cfe-86cc-6c719f08d6e4,de1c2107-70c8-4021-8459-6399f24d01c6,cbf30902-517f-40dc-af90-a550bac27cf1
2025-7-24 09:52:57-debug: Init bundle root assets success..., progress: 0%
2025-7-24 09:52:57-debug:   Number of all scripts: 14
2025-7-24 09:52:57-debug:   Number of other assets: 505
2025-7-24 09:52:57-debug:   Number of all scenes: 1
2025-7-24 09:52:57-debug: // ---- build task 查询 Asset Bundle ---- (4ms)
2025-7-24 09:52:57-debug: [Build Memory track]: 查询 Asset Bundle start:197.55MB, end 197.39MB, increase: -159.64KB
2025-7-24 09:52:57-debug: 查询 Asset Bundle start, progress: 5%
2025-7-24 09:52:57-log: run build task 查询 Asset Bundle success in 4 ms√, progress: 5%
2025-7-24 09:52:57-debug: // ---- build task 查询 Asset Bundle ----
2025-7-24 09:52:57-debug: // ---- build task 查询 Asset Bundle ---- (2ms)
2025-7-24 09:52:57-debug: 整理部分构建选项内数据到 settings.json start, progress: 10%
2025-7-24 09:52:57-log: run build task 查询 Asset Bundle success in 2 ms√, progress: 10%
2025-7-24 09:52:57-debug: // ---- build task 整理部分构建选项内数据到 settings.json ----
2025-7-24 09:52:57-debug: [Build Memory track]: 查询 Asset Bundle start:197.42MB, end 197.54MB, increase: 115.10KB
2025-7-24 09:52:57-log: run build task 整理部分构建选项内数据到 settings.json success in √, progress: 12%
2025-7-24 09:52:57-debug: 填充脚本数据到 settings.json start, progress: 12%
2025-7-24 09:52:57-debug: // ---- build task 填充脚本数据到 settings.json ----
2025-7-24 09:52:57-debug: [Build Memory track]: 整理部分构建选项内数据到 settings.json start:197.58MB, end 197.76MB, increase: 189.21KB
2025-7-24 09:52:57-debug: // ---- build task 填充脚本数据到 settings.json ---- (1ms)
2025-7-24 09:52:57-debug: // ---- build task 整理部分构建选项内数据到 settings.json ----
2025-7-24 09:52:57-log: run build task 填充脚本数据到 settings.json success in 1 ms√, progress: 13%
2025-7-24 09:52:57-debug: 整理部分构建选项内数据到 settings.json start, progress: 13%
2025-7-24 09:52:57-debug: [Build Memory track]: 填充脚本数据到 settings.json start:197.64MB, end 197.67MB, increase: 30.27KB
2025-7-24 09:52:57-debug: // ---- build task 整理部分构建选项内数据到 settings.json ---- (1ms)
2025-7-24 09:52:57-log: run build task 整理部分构建选项内数据到 settings.json success in 1 ms√, progress: 15%
2025-7-24 09:52:57-debug: [Build Memory track]: 整理部分构建选项内数据到 settings.json start:197.70MB, end 197.85MB, increase: 153.87KB
2025-7-24 09:52:57-debug: Query all assets info in project
2025-7-24 09:52:57-debug: Query all assets info in project
2025-7-24 09:52:57-debug: init custom config: keepNodeUuid: false, useCache: true
2025-7-24 09:52:57-debug: Skip compress image, progress: 0%
2025-7-24 09:52:57-debug: Skip compress image, progress: 0%
2025-7-24 09:52:57-debug: init custom config: keepNodeUuid: false, useCache: true
2025-7-24 09:52:57-debug: Init all bundles start..., progress: 0%
2025-7-24 09:52:57-debug: Num of bundles: 2..., progress: 0%
2025-7-24 09:52:57-debug: Init bundle root assets start..., progress: 0%
2025-7-24 09:52:57-debug: Init all bundles start..., progress: 0%
2025-7-24 09:52:57-debug: Num of bundles: 2..., progress: 0%
2025-7-24 09:52:57-debug: // ---- build task 查询 Asset Bundle ----
2025-7-24 09:52:57-debug: // ---- build task 查询 Asset Bundle ----
2025-7-24 09:52:57-debug: 查询 Asset Bundle start, progress: 0%
2025-7-24 09:52:57-debug: 查询 Asset Bundle start, progress: 0%
2025-7-24 09:52:57-debug: Init bundle root assets start..., progress: 0%
2025-7-24 09:52:57-debug: Query preload assets/scripts from cc.config.json: 60f7195c-ec2a-45eb-ba94-8955f60e81d0,1c02ae6f-4492-4915-b8f8-7492a3b1e4cd,810e96e4-e456-4468-9b59-f4e8f39732c0,efe8e2a3-eace-427b-b4f1-cb8a937ec77d,e9aa9a3e-5b2b-4ac7-a2c7-073de2b2b24f,8bbdbcdd-5cd4-4100-b6d5-b7c9625b6107,50f4348b-c883-4e2f-8f11-ce233b859fa1,fda095cb-831d-4601-ad94-846013963de8,f92806d7-1768-443f-afe8-12bcde84d0f0,dd3a144d-ab7f-41f0-82b8-2e43a090d496,f0416e68-0200-4b77-a926-4f9d16e494da,970b0598-bcb0-4714-91fb-2e81440dccd8,bcd64cc6-2dd9-43f6-abbe-66318d332032,d930590d-bb92-4cc8-8bd1-23cd027f9edf,a3cd009f-0ab0-420d-9278-b9fdab939bbc,6a2d0734-bd9e-4ddf-946e-caa52498cb75,c27215d8-6835-4b68-bfbb-bdeac6100c04,b5d6115f-0370-4d7c-aad3-c194cc71cf98,871c3b6c-7379-419d-bda3-794b239ab90d,ff9b0199-ce04-4cfe-86cc-6c719f08d6e4,de1c2107-70c8-4021-8459-6399f24d01c6,cbf30902-517f-40dc-af90-a550bac27cf1
2025-7-24 09:52:57-debug:   Number of other assets: 505
2025-7-24 09:52:57-debug:   Number of all scripts: 14
2025-7-24 09:52:57-debug: Init bundle root assets success..., progress: 0%
2025-7-24 09:52:57-debug:   Number of all scenes: 1
2025-7-24 09:52:57-debug: // ---- build task 查询 Asset Bundle ---- (2ms)
2025-7-24 09:52:57-log: run build task 查询 Asset Bundle success in 2 ms√, progress: 5%
2025-7-24 09:52:57-debug: [Build Memory track]: 查询 Asset Bundle start:198.28MB, end 197.97MB, increase: -318.54KB
2025-7-24 09:52:57-debug: // ---- build task 查询 Asset Bundle ----
2025-7-24 09:52:57-debug: 查询 Asset Bundle start, progress: 5%
2025-7-24 09:52:57-debug: Query preload assets/scripts from cc.config.json: 60f7195c-ec2a-45eb-ba94-8955f60e81d0,1c02ae6f-4492-4915-b8f8-7492a3b1e4cd,810e96e4-e456-4468-9b59-f4e8f39732c0,efe8e2a3-eace-427b-b4f1-cb8a937ec77d,e9aa9a3e-5b2b-4ac7-a2c7-073de2b2b24f,8bbdbcdd-5cd4-4100-b6d5-b7c9625b6107,50f4348b-c883-4e2f-8f11-ce233b859fa1,fda095cb-831d-4601-ad94-846013963de8,f92806d7-1768-443f-afe8-12bcde84d0f0,dd3a144d-ab7f-41f0-82b8-2e43a090d496,f0416e68-0200-4b77-a926-4f9d16e494da,970b0598-bcb0-4714-91fb-2e81440dccd8,bcd64cc6-2dd9-43f6-abbe-66318d332032,d930590d-bb92-4cc8-8bd1-23cd027f9edf,a3cd009f-0ab0-420d-9278-b9fdab939bbc,6a2d0734-bd9e-4ddf-946e-caa52498cb75,c27215d8-6835-4b68-bfbb-bdeac6100c04,b5d6115f-0370-4d7c-aad3-c194cc71cf98,871c3b6c-7379-419d-bda3-794b239ab90d,ff9b0199-ce04-4cfe-86cc-6c719f08d6e4,de1c2107-70c8-4021-8459-6399f24d01c6,cbf30902-517f-40dc-af90-a550bac27cf1
2025-7-24 09:52:57-debug: Init bundle root assets success..., progress: 0%
2025-7-24 09:52:57-debug:   Number of all scripts: 14
2025-7-24 09:52:57-debug:   Number of other assets: 505
2025-7-24 09:52:57-debug:   Number of all scenes: 1
2025-7-24 09:52:57-debug: // ---- build task 查询 Asset Bundle ---- (1ms)
2025-7-24 09:52:57-debug: // ---- build task 查询 Asset Bundle ----
2025-7-24 09:52:57-debug: 查询 Asset Bundle start, progress: 5%
2025-7-24 09:52:57-debug: [Build Memory track]: 查询 Asset Bundle start:198.00MB, end 197.86MB, increase: -143.58KB
2025-7-24 09:52:57-log: run build task 查询 Asset Bundle success in 1 ms√, progress: 5%
2025-7-24 09:52:57-log: run build task 查询 Asset Bundle success in √, progress: 10%
2025-7-24 09:52:57-debug: [Build Memory track]: 查询 Asset Bundle start:197.89MB, end 198.11MB, increase: 223.32KB
2025-7-24 09:52:57-debug: 整理部分构建选项内数据到 settings.json start, progress: 10%
2025-7-24 09:52:57-debug: // ---- build task 整理部分构建选项内数据到 settings.json ----
2025-7-24 09:52:57-log: run build task 整理部分构建选项内数据到 settings.json success in √, progress: 12%
2025-7-24 09:52:57-debug: // ---- build task 填充脚本数据到 settings.json ----
2025-7-24 09:52:57-debug: 填充脚本数据到 settings.json start, progress: 12%
2025-7-24 09:52:57-debug: [Build Memory track]: 整理部分构建选项内数据到 settings.json start:198.07MB, end 198.08MB, increase: 17.91KB
2025-7-24 09:52:57-debug: // ---- build task 填充脚本数据到 settings.json ---- (1ms)
2025-7-24 09:52:57-debug: [Build Memory track]: 填充脚本数据到 settings.json start:198.12MB, end 198.15MB, increase: 29.79KB
2025-7-24 09:52:57-log: run build task 填充脚本数据到 settings.json success in 1 ms√, progress: 13%
2025-7-24 09:52:57-debug: // ---- build task 整理部分构建选项内数据到 settings.json ----
2025-7-24 09:52:57-debug: 整理部分构建选项内数据到 settings.json start, progress: 13%
2025-7-24 09:52:57-debug: 整理部分构建选项内数据到 settings.json start, progress: 10%
2025-7-24 09:52:57-log: run build task 查询 Asset Bundle success in √, progress: 10%
2025-7-24 09:52:57-debug: // ---- build task 整理部分构建选项内数据到 settings.json ----
2025-7-24 09:52:57-debug: [Build Memory track]: 整理部分构建选项内数据到 settings.json start:198.21MB, end 198.23MB, increase: 22.42KB
2025-7-24 09:52:57-log: run build task 整理部分构建选项内数据到 settings.json success in √, progress: 12%
2025-7-24 09:52:57-debug: 填充脚本数据到 settings.json start, progress: 12%
2025-7-24 09:52:57-debug: // ---- build task 填充脚本数据到 settings.json ----
2025-7-24 09:52:57-log: run build task 填充脚本数据到 settings.json success in √, progress: 13%
2025-7-24 09:52:57-debug: [Build Memory track]: 填充脚本数据到 settings.json start:198.27MB, end 198.29MB, increase: 18.97KB
2025-7-24 09:52:57-debug: 整理部分构建选项内数据到 settings.json start, progress: 13%
2025-7-24 09:52:57-debug: // ---- build task 整理部分构建选项内数据到 settings.json ----
2025-7-24 09:52:57-debug: // ---- build task 整理部分构建选项内数据到 settings.json ---- (1ms)
2025-7-24 09:52:57-debug: [Build Memory track]: 整理部分构建选项内数据到 settings.json start:198.32MB, end 197.79MB, increase: -538.97KB
2025-7-24 09:52:57-log: run build task 整理部分构建选项内数据到 settings.json success in 1 ms√, progress: 15%
2025-7-24 09:52:57-log: run build task 整理部分构建选项内数据到 settings.json success in √, progress: 15%
2025-7-24 09:54:50-debug: refresh db internal success
2025-7-24 09:54:50-debug: refresh db assets success
2025-7-24 09:54:50-debug: Run asset db hook engine-extends:afterRefresh ...
2025-7-24 09:54:50-debug: Run asset db hook engine-extends:afterRefresh success!
2025-7-24 09:54:50-debug: asset-db:refresh-all-database (25ms)
2025-7-24 09:54:50-debug: asset-db:worker-effect-data-processing (1ms)
2025-7-24 09:54:50-debug: asset-db-hook-engine-extends-afterRefresh (1ms)
2025-7-24 09:54:54-debug: refresh db internal success
2025-7-24 09:54:54-debug: refresh db assets success
2025-7-24 09:54:54-debug: Run asset db hook engine-extends:afterRefresh ...
2025-7-24 09:54:54-debug: Run asset db hook engine-extends:afterRefresh success!
2025-7-24 09:54:54-debug: asset-db:refresh-all-database (16ms)
2025-7-24 09:54:54-debug: asset-db-hook-engine-extends-afterRefresh (1ms)
2025-7-24 09:54:54-debug: asset-db:worker-effect-data-processing (1ms)
2025-7-24 09:55:10-debug: refresh db internal success
2025-7-24 09:55:10-debug: refresh db assets success
2025-7-24 09:55:10-debug: Run asset db hook engine-extends:afterRefresh ...
2025-7-24 09:55:10-debug: Run asset db hook engine-extends:afterRefresh success!
2025-7-24 09:55:10-debug: asset-db:refresh-all-database (17ms)
2025-7-24 09:55:11-warn: 为更好地打开脚本，请在 {preferences} -> {program} -> {scriptEditor} 里配置打开脚本的应用程序
2025-7-24 10:01:41-debug: refresh db internal success
2025-7-24 10:01:41-debug: %cImport%c: /Users/zhao/Desktop/test/cocos-creator/PlaneFight/assets/Scripts/Enemy.tsbackground: #aaff85; color: #000;color: #000;
2025-7-24 10:01:41-debug: refresh db assets success
2025-7-24 10:01:41-debug: Run asset db hook engine-extends:afterRefresh ...
2025-7-24 10:01:41-debug: Run asset db hook engine-extends:afterRefresh success!
2025-7-24 10:01:41-debug: asset-db:refresh-all-database (43ms)
2025-7-24 10:01:41-debug: asset-db:worker-effect-data-processing (2ms)
2025-7-24 10:01:41-debug: asset-db-hook-engine-extends-afterRefresh (3ms)
2025-7-24 10:01:46-debug: refresh db internal success
2025-7-24 10:01:46-debug: refresh db assets success
2025-7-24 10:01:46-debug: Run asset db hook engine-extends:afterRefresh ...
2025-7-24 10:01:46-debug: Run asset db hook engine-extends:afterRefresh success!
2025-7-24 10:01:46-debug: asset-db:refresh-all-database (21ms)
2025-7-24 10:01:46-debug: asset-db:worker-effect-data-processing (1ms)
2025-7-24 10:01:46-debug: asset-db-hook-engine-extends-afterRefresh (1ms)
2025-7-24 10:01:49-debug: refresh db internal success
2025-7-24 10:01:49-debug: refresh db assets success
2025-7-24 10:01:49-debug: Run asset db hook engine-extends:afterRefresh ...
2025-7-24 10:01:49-debug: Run asset db hook engine-extends:afterRefresh success!
2025-7-24 10:01:49-debug: asset-db:refresh-all-database (23ms)
2025-7-24 10:01:49-debug: asset-db:worker-effect-data-processing (1ms)
2025-7-24 10:01:49-debug: asset-db-hook-engine-extends-afterRefresh (1ms)
2025-7-24 10:04:17-debug: refresh db internal success
2025-7-24 10:04:17-debug: %cImport%c: /Users/zhao/Desktop/test/cocos-creator/PlaneFight/assets/Scripts/Enemy.tsbackground: #aaff85; color: #000;color: #000;
2025-7-24 10:04:17-debug: refresh db assets success
2025-7-24 10:04:17-debug: Run asset db hook engine-extends:afterRefresh ...
2025-7-24 10:04:17-debug: Run asset db hook engine-extends:afterRefresh success!
2025-7-24 10:04:17-debug: asset-db:worker-effect-data-processing (3ms)
2025-7-24 10:04:17-debug: asset-db:refresh-all-database (46ms)
2025-7-24 10:04:17-debug: asset-db-hook-engine-extends-afterRefresh (4ms)
2025-7-24 10:08:36-debug: refresh db internal success
2025-7-24 10:08:36-debug: %cImport%c: /Users/zhao/Desktop/test/cocos-creator/PlaneFight/assets/Scripts/Enemy.tsbackground: #aaff85; color: #000;color: #000;
2025-7-24 10:08:36-debug: refresh db assets success
2025-7-24 10:08:36-debug: Run asset db hook engine-extends:afterRefresh ...
2025-7-24 10:08:36-debug: Run asset db hook engine-extends:afterRefresh success!
2025-7-24 10:08:36-debug: asset-db:refresh-all-database (47ms)
2025-7-24 10:08:36-debug: asset-db:worker-effect-data-processing (1ms)
2025-7-24 10:08:36-debug: asset-db-hook-engine-extends-afterRefresh (2ms)
2025-7-24 10:08:38-debug: Query all assets info in project
2025-7-24 10:08:38-debug: init custom config: keepNodeUuid: false, useCache: true
2025-7-24 10:08:38-debug: Skip compress image, progress: 0%
2025-7-24 10:08:38-debug: Init all bundles start..., progress: 0%
2025-7-24 10:08:38-debug: Num of bundles: 2..., progress: 0%
2025-7-24 10:08:38-debug: Init bundle root assets start..., progress: 0%
2025-7-24 10:08:38-debug: // ---- build task 查询 Asset Bundle ----
2025-7-24 10:08:38-debug: 查询 Asset Bundle start, progress: 0%
2025-7-24 10:08:38-debug: Query preload assets/scripts from cc.config.json: 60f7195c-ec2a-45eb-ba94-8955f60e81d0,1c02ae6f-4492-4915-b8f8-7492a3b1e4cd,810e96e4-e456-4468-9b59-f4e8f39732c0,efe8e2a3-eace-427b-b4f1-cb8a937ec77d,e9aa9a3e-5b2b-4ac7-a2c7-073de2b2b24f,8bbdbcdd-5cd4-4100-b6d5-b7c9625b6107,50f4348b-c883-4e2f-8f11-ce233b859fa1,fda095cb-831d-4601-ad94-846013963de8,f92806d7-1768-443f-afe8-12bcde84d0f0,dd3a144d-ab7f-41f0-82b8-2e43a090d496,f0416e68-0200-4b77-a926-4f9d16e494da,970b0598-bcb0-4714-91fb-2e81440dccd8,bcd64cc6-2dd9-43f6-abbe-66318d332032,d930590d-bb92-4cc8-8bd1-23cd027f9edf,a3cd009f-0ab0-420d-9278-b9fdab939bbc,6a2d0734-bd9e-4ddf-946e-caa52498cb75,c27215d8-6835-4b68-bfbb-bdeac6100c04,b5d6115f-0370-4d7c-aad3-c194cc71cf98,871c3b6c-7379-419d-bda3-794b239ab90d,ff9b0199-ce04-4cfe-86cc-6c719f08d6e4,de1c2107-70c8-4021-8459-6399f24d01c6,cbf30902-517f-40dc-af90-a550bac27cf1
2025-7-24 10:08:38-debug:   Number of other assets: 505
2025-7-24 10:08:38-debug:   Number of all scripts: 14
2025-7-24 10:08:38-debug: Init bundle root assets success..., progress: 0%
2025-7-24 10:08:38-debug:   Number of all scenes: 1
2025-7-24 10:08:38-debug: // ---- build task 查询 Asset Bundle ---- (1ms)
2025-7-24 10:08:38-debug: [Build Memory track]: 查询 Asset Bundle start:202.96MB, end 203.61MB, increase: 670.61KB
2025-7-24 10:08:38-debug: 查询 Asset Bundle start, progress: 5%
2025-7-24 10:08:38-debug: // ---- build task 查询 Asset Bundle ----
2025-7-24 10:08:38-log: run build task 查询 Asset Bundle success in 1 ms√, progress: 5%
2025-7-24 10:08:38-debug: // ---- build task 查询 Asset Bundle ---- (1ms)
2025-7-24 10:08:38-debug: [Build Memory track]: 查询 Asset Bundle start:203.65MB, end 203.02MB, increase: -642.56KB
2025-7-24 10:08:38-debug: 整理部分构建选项内数据到 settings.json start, progress: 10%
2025-7-24 10:08:38-debug: // ---- build task 整理部分构建选项内数据到 settings.json ----
2025-7-24 10:08:38-log: run build task 查询 Asset Bundle success in 1 ms√, progress: 10%
2025-7-24 10:08:38-log: run build task 整理部分构建选项内数据到 settings.json success in √, progress: 12%
2025-7-24 10:08:38-debug: 填充脚本数据到 settings.json start, progress: 12%
2025-7-24 10:08:38-debug: [Build Memory track]: 整理部分构建选项内数据到 settings.json start:203.06MB, end 203.07MB, increase: 18.47KB
2025-7-24 10:08:38-debug: // ---- build task 填充脚本数据到 settings.json ----
2025-7-24 10:08:38-log: run build task 填充脚本数据到 settings.json success in √, progress: 13%
2025-7-24 10:08:38-debug: [Build Memory track]: 填充脚本数据到 settings.json start:203.11MB, end 203.12MB, increase: 17.78KB
2025-7-24 10:08:38-debug: 整理部分构建选项内数据到 settings.json start, progress: 13%
2025-7-24 10:08:38-debug: // ---- build task 整理部分构建选项内数据到 settings.json ----
2025-7-24 10:08:38-debug: // ---- build task 整理部分构建选项内数据到 settings.json ---- (2ms)
2025-7-24 10:08:38-debug: [Build Memory track]: 整理部分构建选项内数据到 settings.json start:203.16MB, end 203.28MB, increase: 127.16KB
2025-7-24 10:08:38-log: run build task 整理部分构建选项内数据到 settings.json success in 2 ms√, progress: 15%
2025-7-24 10:08:47-debug: refresh db internal success
2025-7-24 10:08:47-debug: Run asset db hook engine-extends:afterRefresh ...
2025-7-24 10:08:47-debug: refresh db assets success
2025-7-24 10:08:47-debug: Run asset db hook engine-extends:afterRefresh success!
2025-7-24 10:08:47-debug: asset-db:refresh-all-database (22ms)
2025-7-24 10:08:47-debug: asset-db:worker-effect-data-processing (1ms)
2025-7-24 10:08:47-debug: asset-db-hook-engine-extends-afterRefresh (1ms)
2025-7-24 10:08:50-warn: 为更好地打开脚本，请在 {preferences} -> {program} -> {scriptEditor} 里配置打开脚本的应用程序
2025-7-24 10:09:02-debug: refresh db internal success
2025-7-24 10:09:02-debug: %cImport%c: /Users/zhao/Desktop/test/cocos-creator/PlaneFight/assets/Scripts/EnemyBox.tsbackground: #aaff85; color: #000;color: #000;
2025-7-24 10:09:02-debug: Run asset db hook engine-extends:afterRefresh ...
2025-7-24 10:09:02-debug: Run asset db hook engine-extends:afterRefresh success!
2025-7-24 10:09:02-debug: refresh db assets success
2025-7-24 10:09:02-debug: asset-db:refresh-all-database (30ms)
2025-7-24 10:09:02-debug: asset-db:worker-effect-data-processing (1ms)
2025-7-24 10:09:02-debug: asset-db-hook-engine-extends-afterRefresh (1ms)
2025-7-24 10:09:03-debug: %cImport%c: /Users/zhao/Desktop/test/cocos-creator/PlaneFight/assets/Scenes/Start.scenebackground: #aaff85; color: #000;color: #000;
2025-7-24 10:09:03-debug: asset-db:reimport-asset2fda4d65-a1e9-4078-8250-de49b04cdc34 (4ms)
2025-7-24 10:09:06-debug: Query all assets info in project
2025-7-24 10:09:06-debug: init custom config: keepNodeUuid: false, useCache: true
2025-7-24 10:09:06-debug: Skip compress image, progress: 0%
2025-7-24 10:09:06-debug: Init all bundles start..., progress: 0%
2025-7-24 10:09:06-debug: // ---- build task 查询 Asset Bundle ----
2025-7-24 10:09:06-debug: 查询 Asset Bundle start, progress: 0%
2025-7-24 10:09:06-debug: Num of bundles: 2..., progress: 0%
2025-7-24 10:09:06-debug: Init bundle root assets start..., progress: 0%
2025-7-24 10:09:06-debug: Query preload assets/scripts from cc.config.json: 60f7195c-ec2a-45eb-ba94-8955f60e81d0,1c02ae6f-4492-4915-b8f8-7492a3b1e4cd,810e96e4-e456-4468-9b59-f4e8f39732c0,efe8e2a3-eace-427b-b4f1-cb8a937ec77d,e9aa9a3e-5b2b-4ac7-a2c7-073de2b2b24f,8bbdbcdd-5cd4-4100-b6d5-b7c9625b6107,50f4348b-c883-4e2f-8f11-ce233b859fa1,fda095cb-831d-4601-ad94-846013963de8,f92806d7-1768-443f-afe8-12bcde84d0f0,dd3a144d-ab7f-41f0-82b8-2e43a090d496,f0416e68-0200-4b77-a926-4f9d16e494da,970b0598-bcb0-4714-91fb-2e81440dccd8,bcd64cc6-2dd9-43f6-abbe-66318d332032,d930590d-bb92-4cc8-8bd1-23cd027f9edf,a3cd009f-0ab0-420d-9278-b9fdab939bbc,6a2d0734-bd9e-4ddf-946e-caa52498cb75,c27215d8-6835-4b68-bfbb-bdeac6100c04,b5d6115f-0370-4d7c-aad3-c194cc71cf98,871c3b6c-7379-419d-bda3-794b239ab90d,ff9b0199-ce04-4cfe-86cc-6c719f08d6e4,de1c2107-70c8-4021-8459-6399f24d01c6,cbf30902-517f-40dc-af90-a550bac27cf1
2025-7-24 10:09:06-debug: Init bundle root assets success..., progress: 0%
2025-7-24 10:09:06-debug:   Number of all scripts: 14
2025-7-24 10:09:06-debug:   Number of other assets: 505
2025-7-24 10:09:06-debug:   Number of all scenes: 1
2025-7-24 10:09:06-debug: // ---- build task 查询 Asset Bundle ---- (1ms)
2025-7-24 10:09:06-log: run build task 查询 Asset Bundle success in 1 ms√, progress: 5%
2025-7-24 10:09:06-debug: [Build Memory track]: 查询 Asset Bundle start:204.60MB, end 204.38MB, increase: -226.30KB
2025-7-24 10:09:06-debug: 查询 Asset Bundle start, progress: 5%
2025-7-24 10:09:06-debug: // ---- build task 查询 Asset Bundle ----
2025-7-24 10:09:06-log: run build task 查询 Asset Bundle success in √, progress: 10%
2025-7-24 10:09:06-debug: [Build Memory track]: 查询 Asset Bundle start:204.41MB, end 204.51MB, increase: 103.33KB
2025-7-24 10:09:06-debug: 整理部分构建选项内数据到 settings.json start, progress: 10%
2025-7-24 10:09:06-debug: // ---- build task 整理部分构建选项内数据到 settings.json ----
2025-7-24 10:09:06-log: run build task 整理部分构建选项内数据到 settings.json success in √, progress: 12%
2025-7-24 10:09:06-debug: [Build Memory track]: 整理部分构建选项内数据到 settings.json start:204.54MB, end 204.57MB, increase: 31.13KB
2025-7-24 10:09:06-debug: // ---- build task 填充脚本数据到 settings.json ----
2025-7-24 10:09:06-debug: 填充脚本数据到 settings.json start, progress: 12%
2025-7-24 10:09:06-debug: // ---- build task 填充脚本数据到 settings.json ---- (1ms)
2025-7-24 10:09:06-log: run build task 填充脚本数据到 settings.json success in 1 ms√, progress: 13%
2025-7-24 10:09:06-debug: 整理部分构建选项内数据到 settings.json start, progress: 13%
2025-7-24 10:09:06-debug: [Build Memory track]: 填充脚本数据到 settings.json start:204.61MB, end 204.64MB, increase: 29.10KB
2025-7-24 10:09:06-debug: // ---- build task 整理部分构建选项内数据到 settings.json ----
2025-7-24 10:09:06-debug: // ---- build task 整理部分构建选项内数据到 settings.json ---- (1ms)
2025-7-24 10:09:06-log: run build task 整理部分构建选项内数据到 settings.json success in 1 ms√, progress: 15%
2025-7-24 10:09:06-debug: [Build Memory track]: 整理部分构建选项内数据到 settings.json start:204.67MB, end 204.79MB, increase: 128.93KB
2025-7-24 10:09:23-debug: refresh db internal success
2025-7-24 10:09:23-debug: %cImport%c: /Users/zhao/Desktop/test/cocos-creator/PlaneFight/assets/Scripts/EnemyBox.tsbackground: #aaff85; color: #000;color: #000;
2025-7-24 10:09:23-debug: refresh db assets success
2025-7-24 10:09:23-debug: Run asset db hook engine-extends:afterRefresh success!
2025-7-24 10:09:23-debug: Run asset db hook engine-extends:afterRefresh ...
2025-7-24 10:09:23-debug: asset-db:refresh-all-database (26ms)
2025-7-24 10:09:23-debug: asset-db:worker-effect-data-processing (1ms)
2025-7-24 10:09:23-debug: asset-db-hook-engine-extends-afterRefresh (1ms)
2025-7-24 10:09:24-debug: %cImport%c: /Users/zhao/Desktop/test/cocos-creator/PlaneFight/assets/Scenes/Start.scenebackground: #aaff85; color: #000;color: #000;
2025-7-24 10:09:24-debug: asset-db:reimport-asset2fda4d65-a1e9-4078-8250-de49b04cdc34 (5ms)
2025-7-24 10:09:25-debug: Query all assets info in project
2025-7-24 10:09:25-debug: init custom config: keepNodeUuid: false, useCache: true
2025-7-24 10:09:25-debug: Skip compress image, progress: 0%
2025-7-24 10:09:25-debug: Init all bundles start..., progress: 0%
2025-7-24 10:09:25-debug: 查询 Asset Bundle start, progress: 0%
2025-7-24 10:09:25-debug: // ---- build task 查询 Asset Bundle ----
2025-7-24 10:09:25-debug: Num of bundles: 2..., progress: 0%
2025-7-24 10:09:25-debug: Init bundle root assets start..., progress: 0%
2025-7-24 10:09:25-debug: Query preload assets/scripts from cc.config.json: 60f7195c-ec2a-45eb-ba94-8955f60e81d0,1c02ae6f-4492-4915-b8f8-7492a3b1e4cd,810e96e4-e456-4468-9b59-f4e8f39732c0,efe8e2a3-eace-427b-b4f1-cb8a937ec77d,e9aa9a3e-5b2b-4ac7-a2c7-073de2b2b24f,8bbdbcdd-5cd4-4100-b6d5-b7c9625b6107,50f4348b-c883-4e2f-8f11-ce233b859fa1,fda095cb-831d-4601-ad94-846013963de8,f92806d7-1768-443f-afe8-12bcde84d0f0,dd3a144d-ab7f-41f0-82b8-2e43a090d496,f0416e68-0200-4b77-a926-4f9d16e494da,970b0598-bcb0-4714-91fb-2e81440dccd8,bcd64cc6-2dd9-43f6-abbe-66318d332032,d930590d-bb92-4cc8-8bd1-23cd027f9edf,a3cd009f-0ab0-420d-9278-b9fdab939bbc,6a2d0734-bd9e-4ddf-946e-caa52498cb75,c27215d8-6835-4b68-bfbb-bdeac6100c04,b5d6115f-0370-4d7c-aad3-c194cc71cf98,871c3b6c-7379-419d-bda3-794b239ab90d,ff9b0199-ce04-4cfe-86cc-6c719f08d6e4,de1c2107-70c8-4021-8459-6399f24d01c6,cbf30902-517f-40dc-af90-a550bac27cf1
2025-7-24 10:09:25-debug:   Number of all scripts: 14
2025-7-24 10:09:25-debug: Init bundle root assets success..., progress: 0%
2025-7-24 10:09:25-debug:   Number of all scenes: 1
2025-7-24 10:09:25-debug:   Number of other assets: 505
2025-7-24 10:09:25-debug: // ---- build task 查询 Asset Bundle ---- (1ms)
2025-7-24 10:09:25-log: run build task 查询 Asset Bundle success in 1 ms√, progress: 5%
2025-7-24 10:09:25-debug: 查询 Asset Bundle start, progress: 5%
2025-7-24 10:09:25-debug: // ---- build task 查询 Asset Bundle ----
2025-7-24 10:09:25-debug: [Build Memory track]: 查询 Asset Bundle start:205.47MB, end 205.42MB, increase: -50.93KB
2025-7-24 10:09:25-debug: // ---- build task 查询 Asset Bundle ---- (1ms)
2025-7-24 10:09:25-log: run build task 查询 Asset Bundle success in 1 ms√, progress: 10%
2025-7-24 10:09:25-debug: [Build Memory track]: 查询 Asset Bundle start:205.45MB, end 205.56MB, increase: 112.30KB
2025-7-24 10:09:25-debug: 整理部分构建选项内数据到 settings.json start, progress: 10%
2025-7-24 10:09:25-debug: // ---- build task 整理部分构建选项内数据到 settings.json ----
2025-7-24 10:09:25-log: run build task 整理部分构建选项内数据到 settings.json success in √, progress: 12%
2025-7-24 10:09:25-debug: [Build Memory track]: 整理部分构建选项内数据到 settings.json start:205.59MB, end 205.61MB, increase: 18.75KB
2025-7-24 10:09:25-debug: 填充脚本数据到 settings.json start, progress: 12%
2025-7-24 10:09:25-debug: // ---- build task 填充脚本数据到 settings.json ----
2025-7-24 10:09:25-log: run build task 填充脚本数据到 settings.json success in √, progress: 13%
2025-7-24 10:09:25-debug: [Build Memory track]: 填充脚本数据到 settings.json start:205.64MB, end 205.66MB, increase: 21.95KB
2025-7-24 10:09:25-debug: 整理部分构建选项内数据到 settings.json start, progress: 13%
2025-7-24 10:09:25-debug: // ---- build task 整理部分构建选项内数据到 settings.json ----
2025-7-24 10:09:25-debug: // ---- build task 整理部分构建选项内数据到 settings.json ---- (1ms)
2025-7-24 10:09:25-log: run build task 整理部分构建选项内数据到 settings.json success in 1 ms√, progress: 15%
2025-7-24 10:09:25-debug: [Build Memory track]: 整理部分构建选项内数据到 settings.json start:205.70MB, end 205.82MB, increase: 131.25KB
2025-7-24 10:09:37-debug: refresh db internal success
2025-7-24 10:09:37-debug: %cImport%c: /Users/zhao/Desktop/test/cocos-creator/PlaneFight/assets/Scripts/EnemyBox.tsbackground: #aaff85; color: #000;color: #000;
2025-7-24 10:09:37-debug: refresh db assets success
2025-7-24 10:09:37-debug: Run asset db hook engine-extends:afterRefresh success!
2025-7-24 10:09:37-debug: Run asset db hook engine-extends:afterRefresh ...
2025-7-24 10:09:37-debug: asset-db:refresh-all-database (30ms)
2025-7-24 10:09:37-debug: asset-db:worker-effect-data-processing (1ms)
2025-7-24 10:09:37-debug: asset-db-hook-engine-extends-afterRefresh (1ms)
2025-7-24 10:09:37-debug: %cImport%c: /Users/zhao/Desktop/test/cocos-creator/PlaneFight/assets/Scenes/Start.scenebackground: #aaff85; color: #000;color: #000;
2025-7-24 10:09:37-debug: asset-db:reimport-asset2fda4d65-a1e9-4078-8250-de49b04cdc34 (4ms)
2025-7-24 10:09:38-debug: Query all assets info in project
2025-7-24 10:09:38-debug: init custom config: keepNodeUuid: false, useCache: true
2025-7-24 10:09:38-debug: Skip compress image, progress: 0%
2025-7-24 10:09:38-debug: Init all bundles start..., progress: 0%
2025-7-24 10:09:38-debug: // ---- build task 查询 Asset Bundle ----
2025-7-24 10:09:38-debug: 查询 Asset Bundle start, progress: 0%
2025-7-24 10:09:38-debug: Num of bundles: 2..., progress: 0%
2025-7-24 10:09:38-debug: Init bundle root assets start..., progress: 0%
2025-7-24 10:09:38-debug: Query preload assets/scripts from cc.config.json: 60f7195c-ec2a-45eb-ba94-8955f60e81d0,1c02ae6f-4492-4915-b8f8-7492a3b1e4cd,810e96e4-e456-4468-9b59-f4e8f39732c0,efe8e2a3-eace-427b-b4f1-cb8a937ec77d,e9aa9a3e-5b2b-4ac7-a2c7-073de2b2b24f,8bbdbcdd-5cd4-4100-b6d5-b7c9625b6107,50f4348b-c883-4e2f-8f11-ce233b859fa1,fda095cb-831d-4601-ad94-846013963de8,f92806d7-1768-443f-afe8-12bcde84d0f0,dd3a144d-ab7f-41f0-82b8-2e43a090d496,f0416e68-0200-4b77-a926-4f9d16e494da,970b0598-bcb0-4714-91fb-2e81440dccd8,bcd64cc6-2dd9-43f6-abbe-66318d332032,d930590d-bb92-4cc8-8bd1-23cd027f9edf,a3cd009f-0ab0-420d-9278-b9fdab939bbc,6a2d0734-bd9e-4ddf-946e-caa52498cb75,c27215d8-6835-4b68-bfbb-bdeac6100c04,b5d6115f-0370-4d7c-aad3-c194cc71cf98,871c3b6c-7379-419d-bda3-794b239ab90d,ff9b0199-ce04-4cfe-86cc-6c719f08d6e4,de1c2107-70c8-4021-8459-6399f24d01c6,cbf30902-517f-40dc-af90-a550bac27cf1
2025-7-24 10:09:38-debug: Init bundle root assets success..., progress: 0%
2025-7-24 10:09:38-debug:   Number of other assets: 505
2025-7-24 10:09:38-debug:   Number of all scripts: 14
2025-7-24 10:09:38-debug:   Number of all scenes: 1
2025-7-24 10:09:38-debug: // ---- build task 查询 Asset Bundle ---- (1ms)
2025-7-24 10:09:38-log: run build task 查询 Asset Bundle success in 1 ms√, progress: 5%
2025-7-24 10:09:38-debug: 查询 Asset Bundle start, progress: 5%
2025-7-24 10:09:38-debug: // ---- build task 查询 Asset Bundle ----
2025-7-24 10:09:38-debug: [Build Memory track]: 查询 Asset Bundle start:207.09MB, end 206.86MB, increase: -233.11KB
2025-7-24 10:09:38-debug: // ---- build task 查询 Asset Bundle ---- (1ms)
2025-7-24 10:09:38-debug: // ---- build task 整理部分构建选项内数据到 settings.json ----
2025-7-24 10:09:38-debug: [Build Memory track]: 查询 Asset Bundle start:206.89MB, end 206.99MB, increase: 106.86KB
2025-7-24 10:09:38-debug: 整理部分构建选项内数据到 settings.json start, progress: 10%
2025-7-24 10:09:38-log: run build task 查询 Asset Bundle success in 1 ms√, progress: 10%
2025-7-24 10:09:38-log: run build task 整理部分构建选项内数据到 settings.json success in √, progress: 12%
2025-7-24 10:09:38-debug: [Build Memory track]: 整理部分构建选项内数据到 settings.json start:207.02MB, end 207.04MB, increase: 15.86KB
2025-7-24 10:09:38-debug: 填充脚本数据到 settings.json start, progress: 12%
2025-7-24 10:09:38-debug: // ---- build task 填充脚本数据到 settings.json ----
2025-7-24 10:09:38-log: run build task 填充脚本数据到 settings.json success in √, progress: 13%
2025-7-24 10:09:38-debug: [Build Memory track]: 填充脚本数据到 settings.json start:207.06MB, end 207.08MB, increase: 15.60KB
2025-7-24 10:09:38-debug: 整理部分构建选项内数据到 settings.json start, progress: 13%
2025-7-24 10:09:38-debug: // ---- build task 整理部分构建选项内数据到 settings.json ----
2025-7-24 10:09:38-debug: // ---- build task 整理部分构建选项内数据到 settings.json ---- (1ms)
2025-7-24 10:09:38-log: run build task 整理部分构建选项内数据到 settings.json success in 1 ms√, progress: 15%
2025-7-24 10:09:38-debug: [Build Memory track]: 整理部分构建选项内数据到 settings.json start:207.10MB, end 207.22MB, increase: 125.18KB
2025-7-24 10:10:25-debug: refresh db internal success
2025-7-24 10:10:25-debug: %cImport%c: /Users/zhao/Desktop/test/cocos-creator/PlaneFight/assets/Scripts/EnemyBox.tsbackground: #aaff85; color: #000;color: #000;
2025-7-24 10:10:25-debug: refresh db assets success
2025-7-24 10:10:25-debug: Run asset db hook engine-extends:afterRefresh success!
2025-7-24 10:10:25-debug: Run asset db hook engine-extends:afterRefresh ...
2025-7-24 10:10:25-debug: asset-db:refresh-all-database (29ms)
2025-7-24 10:10:25-debug: asset-db:worker-effect-data-processing (1ms)
2025-7-24 10:10:25-debug: asset-db-hook-engine-extends-afterRefresh (1ms)
2025-7-24 10:10:35-debug: refresh db internal success
2025-7-24 10:10:35-debug: refresh db assets success
2025-7-24 10:10:35-debug: Run asset db hook engine-extends:afterRefresh ...
2025-7-24 10:10:35-debug: Run asset db hook engine-extends:afterRefresh success!
2025-7-24 10:10:35-debug: asset-db:refresh-all-database (31ms)
2025-7-24 10:10:35-debug: asset-db-hook-engine-extends-afterRefresh (1ms)
2025-7-24 10:10:35-debug: asset-db:worker-effect-data-processing (1ms)
2025-7-24 10:10:51-debug: refresh db internal success
2025-7-24 10:10:51-debug: %cImport%c: /Users/zhao/Desktop/test/cocos-creator/PlaneFight/assets/Scripts/EnemyBox.tsbackground: #aaff85; color: #000;color: #000;
2025-7-24 10:10:51-debug: refresh db assets success
2025-7-24 10:10:51-debug: Run asset db hook engine-extends:afterRefresh ...
2025-7-24 10:10:51-debug: Run asset db hook engine-extends:afterRefresh success!
2025-7-24 10:10:51-debug: asset-db:refresh-all-database (28ms)
2025-7-24 10:10:51-debug: asset-db-hook-engine-extends-afterRefresh (1ms)
2025-7-24 10:10:51-debug: %cImport%c: /Users/zhao/Desktop/test/cocos-creator/PlaneFight/assets/Scenes/Start.scenebackground: #aaff85; color: #000;color: #000;
2025-7-24 10:10:51-debug: asset-db:reimport-asset2fda4d65-a1e9-4078-8250-de49b04cdc34 (3ms)
2025-7-24 10:10:54-debug: %cImport%c: /Users/zhao/Desktop/test/cocos-creator/PlaneFight/assets/Scenes/Start.scenebackground: #aaff85; color: #000;color: #000;
2025-7-24 10:10:54-debug: asset-db:reimport-asset2fda4d65-a1e9-4078-8250-de49b04cdc34 (5ms)
2025-7-24 10:10:55-debug: Query all assets info in project
2025-7-24 10:10:55-debug: init custom config: keepNodeUuid: false, useCache: true
2025-7-24 10:10:55-debug: Skip compress image, progress: 0%
2025-7-24 10:10:55-debug: Init all bundles start..., progress: 0%
2025-7-24 10:10:55-debug: 查询 Asset Bundle start, progress: 0%
2025-7-24 10:10:55-debug: Num of bundles: 2..., progress: 0%
2025-7-24 10:10:55-debug: // ---- build task 查询 Asset Bundle ----
2025-7-24 10:10:55-debug: Init bundle root assets start..., progress: 0%
2025-7-24 10:10:55-debug: Query preload assets/scripts from cc.config.json: 60f7195c-ec2a-45eb-ba94-8955f60e81d0,1c02ae6f-4492-4915-b8f8-7492a3b1e4cd,810e96e4-e456-4468-9b59-f4e8f39732c0,efe8e2a3-eace-427b-b4f1-cb8a937ec77d,e9aa9a3e-5b2b-4ac7-a2c7-073de2b2b24f,8bbdbcdd-5cd4-4100-b6d5-b7c9625b6107,50f4348b-c883-4e2f-8f11-ce233b859fa1,fda095cb-831d-4601-ad94-846013963de8,f92806d7-1768-443f-afe8-12bcde84d0f0,dd3a144d-ab7f-41f0-82b8-2e43a090d496,f0416e68-0200-4b77-a926-4f9d16e494da,970b0598-bcb0-4714-91fb-2e81440dccd8,bcd64cc6-2dd9-43f6-abbe-66318d332032,d930590d-bb92-4cc8-8bd1-23cd027f9edf,a3cd009f-0ab0-420d-9278-b9fdab939bbc,6a2d0734-bd9e-4ddf-946e-caa52498cb75,c27215d8-6835-4b68-bfbb-bdeac6100c04,b5d6115f-0370-4d7c-aad3-c194cc71cf98,871c3b6c-7379-419d-bda3-794b239ab90d,ff9b0199-ce04-4cfe-86cc-6c719f08d6e4,de1c2107-70c8-4021-8459-6399f24d01c6,cbf30902-517f-40dc-af90-a550bac27cf1
2025-7-24 10:10:55-debug:   Number of all scripts: 14
2025-7-24 10:10:55-debug:   Number of other assets: 505
2025-7-24 10:10:55-debug: Init bundle root assets success..., progress: 0%
2025-7-24 10:10:55-debug:   Number of all scenes: 1
2025-7-24 10:10:55-log: run build task 查询 Asset Bundle success in 1 ms√, progress: 5%
2025-7-24 10:10:55-debug: // ---- build task 查询 Asset Bundle ---- (1ms)
2025-7-24 10:10:55-debug: // ---- build task 查询 Asset Bundle ----
2025-7-24 10:10:55-debug: 查询 Asset Bundle start, progress: 5%
2025-7-24 10:10:55-debug: [Build Memory track]: 查询 Asset Bundle start:209.14MB, end 209.77MB, increase: 648.19KB
2025-7-24 10:10:55-debug: // ---- build task 查询 Asset Bundle ---- (1ms)
2025-7-24 10:10:55-debug: 整理部分构建选项内数据到 settings.json start, progress: 10%
2025-7-24 10:10:55-debug: [Build Memory track]: 查询 Asset Bundle start:209.79MB, end 209.12MB, increase: -689.01KB
2025-7-24 10:10:55-debug: // ---- build task 整理部分构建选项内数据到 settings.json ----
2025-7-24 10:10:55-log: run build task 查询 Asset Bundle success in 1 ms√, progress: 10%
2025-7-24 10:10:55-log: run build task 整理部分构建选项内数据到 settings.json success in √, progress: 12%
2025-7-24 10:10:55-debug: // ---- build task 填充脚本数据到 settings.json ----
2025-7-24 10:10:55-debug: [Build Memory track]: 整理部分构建选项内数据到 settings.json start:209.15MB, end 209.16MB, increase: 16.16KB
2025-7-24 10:10:55-debug: 填充脚本数据到 settings.json start, progress: 12%
2025-7-24 10:10:55-log: run build task 填充脚本数据到 settings.json success in √, progress: 13%
2025-7-24 10:10:55-debug: [Build Memory track]: 填充脚本数据到 settings.json start:209.19MB, end 209.20MB, increase: 14.99KB
2025-7-24 10:10:55-debug: // ---- build task 整理部分构建选项内数据到 settings.json ----
2025-7-24 10:10:55-debug: 整理部分构建选项内数据到 settings.json start, progress: 13%
2025-7-24 10:10:55-debug: // ---- build task 整理部分构建选项内数据到 settings.json ---- (1ms)
2025-7-24 10:10:55-log: run build task 整理部分构建选项内数据到 settings.json success in 1 ms√, progress: 15%
2025-7-24 10:10:55-debug: [Build Memory track]: 整理部分构建选项内数据到 settings.json start:209.22MB, end 209.36MB, increase: 135.39KB
2025-7-24 10:11:06-debug: Query all assets info in project
2025-7-24 10:11:06-debug: init custom config: keepNodeUuid: false, useCache: true
2025-7-24 10:11:06-debug: Skip compress image, progress: 0%
2025-7-24 10:11:06-debug: Init all bundles start..., progress: 0%
2025-7-24 10:11:06-debug: // ---- build task 查询 Asset Bundle ----
2025-7-24 10:11:06-debug: Num of bundles: 2..., progress: 0%
2025-7-24 10:11:06-debug: 查询 Asset Bundle start, progress: 0%
2025-7-24 10:11:06-debug: Init bundle root assets start..., progress: 0%
2025-7-24 10:11:06-debug: Query preload assets/scripts from cc.config.json: 60f7195c-ec2a-45eb-ba94-8955f60e81d0,1c02ae6f-4492-4915-b8f8-7492a3b1e4cd,810e96e4-e456-4468-9b59-f4e8f39732c0,efe8e2a3-eace-427b-b4f1-cb8a937ec77d,e9aa9a3e-5b2b-4ac7-a2c7-073de2b2b24f,8bbdbcdd-5cd4-4100-b6d5-b7c9625b6107,50f4348b-c883-4e2f-8f11-ce233b859fa1,fda095cb-831d-4601-ad94-846013963de8,f92806d7-1768-443f-afe8-12bcde84d0f0,dd3a144d-ab7f-41f0-82b8-2e43a090d496,f0416e68-0200-4b77-a926-4f9d16e494da,970b0598-bcb0-4714-91fb-2e81440dccd8,bcd64cc6-2dd9-43f6-abbe-66318d332032,d930590d-bb92-4cc8-8bd1-23cd027f9edf,a3cd009f-0ab0-420d-9278-b9fdab939bbc,6a2d0734-bd9e-4ddf-946e-caa52498cb75,c27215d8-6835-4b68-bfbb-bdeac6100c04,b5d6115f-0370-4d7c-aad3-c194cc71cf98,871c3b6c-7379-419d-bda3-794b239ab90d,ff9b0199-ce04-4cfe-86cc-6c719f08d6e4,de1c2107-70c8-4021-8459-6399f24d01c6,cbf30902-517f-40dc-af90-a550bac27cf1
2025-7-24 10:11:06-debug:   Number of all scenes: 1
2025-7-24 10:11:06-debug:   Number of all scripts: 14
2025-7-24 10:11:06-debug:   Number of other assets: 505
2025-7-24 10:11:06-debug: Init bundle root assets success..., progress: 0%
2025-7-24 10:11:06-debug: // ---- build task 查询 Asset Bundle ---- (1ms)
2025-7-24 10:11:06-debug: // ---- build task 查询 Asset Bundle ----
2025-7-24 10:11:06-debug: [Build Memory track]: 查询 Asset Bundle start:209.99MB, end 209.38MB, increase: -628.79KB
2025-7-24 10:11:06-debug: 查询 Asset Bundle start, progress: 5%
2025-7-24 10:11:06-log: run build task 查询 Asset Bundle success in 1 ms√, progress: 5%
2025-7-24 10:11:06-debug: // ---- build task 查询 Asset Bundle ---- (2ms)
2025-7-24 10:11:06-log: run build task 查询 Asset Bundle success in 2 ms√, progress: 10%
2025-7-24 10:11:06-debug: [Build Memory track]: 查询 Asset Bundle start:209.40MB, end 209.52MB, increase: 117.34KB
2025-7-24 10:11:06-debug: 整理部分构建选项内数据到 settings.json start, progress: 10%
2025-7-24 10:11:06-log: run build task 整理部分构建选项内数据到 settings.json success in √, progress: 12%
2025-7-24 10:11:06-debug: // ---- build task 整理部分构建选项内数据到 settings.json ----
2025-7-24 10:11:06-debug: [Build Memory track]: 整理部分构建选项内数据到 settings.json start:209.55MB, end 209.56MB, increase: 13.53KB
2025-7-24 10:11:06-debug: 填充脚本数据到 settings.json start, progress: 12%
2025-7-24 10:11:06-log: run build task 填充脚本数据到 settings.json success in √, progress: 13%
2025-7-24 10:11:06-debug: 整理部分构建选项内数据到 settings.json start, progress: 13%
2025-7-24 10:11:06-debug: [Build Memory track]: 填充脚本数据到 settings.json start:209.58MB, end 209.60MB, increase: 14.64KB
2025-7-24 10:11:06-debug: // ---- build task 填充脚本数据到 settings.json ----
2025-7-24 10:11:06-debug: // ---- build task 整理部分构建选项内数据到 settings.json ----
2025-7-24 10:11:06-debug: // ---- build task 整理部分构建选项内数据到 settings.json ---- (1ms)
2025-7-24 10:11:06-log: run build task 整理部分构建选项内数据到 settings.json success in 1 ms√, progress: 15%
2025-7-24 10:11:06-debug: [Build Memory track]: 整理部分构建选项内数据到 settings.json start:209.62MB, end 209.75MB, increase: 132.10KB
2025-7-24 10:11:48-debug: refresh db internal success
2025-7-24 10:11:48-debug: refresh db assets success
2025-7-24 10:11:48-debug: Run asset db hook engine-extends:afterRefresh ...
2025-7-24 10:11:48-debug: Run asset db hook engine-extends:afterRefresh success!
2025-7-24 10:11:48-debug: asset-db:refresh-all-database (32ms)
2025-7-24 10:11:48-debug: asset-db:worker-effect-data-processing (1ms)
2025-7-24 10:11:48-debug: asset-db-hook-engine-extends-afterRefresh (1ms)
2025-7-24 10:11:53-debug: refresh db internal success
2025-7-24 10:11:53-debug: refresh db assets success
2025-7-24 10:11:53-debug: Run asset db hook engine-extends:afterRefresh ...
2025-7-24 10:11:53-debug: Run asset db hook engine-extends:afterRefresh success!
2025-7-24 10:11:53-debug: asset-db:refresh-all-database (22ms)
2025-7-24 10:11:53-debug: asset-db:worker-effect-data-processing (1ms)
2025-7-24 10:11:53-debug: asset-db-hook-engine-extends-afterRefresh (1ms)
2025-7-24 10:12:12-debug: refresh db internal success
2025-7-24 10:12:12-debug: %cImport%c: /Users/zhao/Desktop/test/cocos-creator/PlaneFight/assets/Scripts/Enemy.tsbackground: #aaff85; color: #000;color: #000;
2025-7-24 10:12:12-debug: %cImport%c: /Users/zhao/Desktop/test/cocos-creator/PlaneFight/assets/Scripts/EnemyBox.tsbackground: #aaff85; color: #000;color: #000;
2025-7-24 10:12:12-debug: refresh db assets success
2025-7-24 10:12:12-debug: Run asset db hook engine-extends:afterRefresh ...
2025-7-24 10:12:12-debug: Run asset db hook engine-extends:afterRefresh success!
2025-7-24 10:12:12-debug: asset-db:refresh-all-database (32ms)
2025-7-24 10:12:12-debug: asset-db-hook-engine-extends-afterRefresh (1ms)
2025-7-24 10:12:12-debug: asset-db:worker-effect-data-processing (1ms)
2025-7-24 10:12:13-debug: Query all assets info in project
2025-7-24 10:12:13-debug: init custom config: keepNodeUuid: false, useCache: true
2025-7-24 10:12:13-debug: Skip compress image, progress: 0%
2025-7-24 10:12:13-debug: Num of bundles: 2..., progress: 0%
2025-7-24 10:12:13-debug: 查询 Asset Bundle start, progress: 0%
2025-7-24 10:12:13-debug: // ---- build task 查询 Asset Bundle ----
2025-7-24 10:12:13-debug: Init bundle root assets start..., progress: 0%
2025-7-24 10:12:13-debug: Init all bundles start..., progress: 0%
2025-7-24 10:12:13-debug: Query preload assets/scripts from cc.config.json: 60f7195c-ec2a-45eb-ba94-8955f60e81d0,1c02ae6f-4492-4915-b8f8-7492a3b1e4cd,810e96e4-e456-4468-9b59-f4e8f39732c0,efe8e2a3-eace-427b-b4f1-cb8a937ec77d,e9aa9a3e-5b2b-4ac7-a2c7-073de2b2b24f,8bbdbcdd-5cd4-4100-b6d5-b7c9625b6107,50f4348b-c883-4e2f-8f11-ce233b859fa1,fda095cb-831d-4601-ad94-846013963de8,f92806d7-1768-443f-afe8-12bcde84d0f0,dd3a144d-ab7f-41f0-82b8-2e43a090d496,f0416e68-0200-4b77-a926-4f9d16e494da,970b0598-bcb0-4714-91fb-2e81440dccd8,bcd64cc6-2dd9-43f6-abbe-66318d332032,d930590d-bb92-4cc8-8bd1-23cd027f9edf,a3cd009f-0ab0-420d-9278-b9fdab939bbc,6a2d0734-bd9e-4ddf-946e-caa52498cb75,c27215d8-6835-4b68-bfbb-bdeac6100c04,b5d6115f-0370-4d7c-aad3-c194cc71cf98,871c3b6c-7379-419d-bda3-794b239ab90d,ff9b0199-ce04-4cfe-86cc-6c719f08d6e4,de1c2107-70c8-4021-8459-6399f24d01c6,cbf30902-517f-40dc-af90-a550bac27cf1
2025-7-24 10:12:13-debug:   Number of all scenes: 1
2025-7-24 10:12:13-debug:   Number of all scripts: 14
2025-7-24 10:12:13-debug:   Number of other assets: 505
2025-7-24 10:12:13-debug: Init bundle root assets success..., progress: 0%
2025-7-24 10:12:13-debug: // ---- build task 查询 Asset Bundle ---- (5ms)
2025-7-24 10:12:13-log: run build task 查询 Asset Bundle success in 5 ms√, progress: 5%
2025-7-24 10:12:13-debug: 查询 Asset Bundle start, progress: 5%
2025-7-24 10:12:13-debug: // ---- build task 查询 Asset Bundle ----
2025-7-24 10:12:13-debug: [Build Memory track]: 查询 Asset Bundle start:211.38MB, end 211.10MB, increase: -287.79KB
2025-7-24 10:12:13-debug: // ---- build task 查询 Asset Bundle ---- (4ms)
2025-7-24 10:12:13-log: run build task 查询 Asset Bundle success in 4 ms√, progress: 10%
2025-7-24 10:12:13-debug: [Build Memory track]: 查询 Asset Bundle start:211.13MB, end 211.25MB, increase: 129.61KB
2025-7-24 10:12:13-debug: 整理部分构建选项内数据到 settings.json start, progress: 10%
2025-7-24 10:12:13-debug: // ---- build task 整理部分构建选项内数据到 settings.json ----
2025-7-24 10:12:13-debug: // ---- build task 整理部分构建选项内数据到 settings.json ---- (1ms)
2025-7-24 10:12:13-debug: // ---- build task 填充脚本数据到 settings.json ----
2025-7-24 10:12:13-log: run build task 整理部分构建选项内数据到 settings.json success in 1 ms√, progress: 12%
2025-7-24 10:12:13-debug: [Build Memory track]: 整理部分构建选项内数据到 settings.json start:211.28MB, end 211.30MB, increase: 21.97KB
2025-7-24 10:12:13-debug: 填充脚本数据到 settings.json start, progress: 12%
2025-7-24 10:12:13-debug: // ---- build task 填充脚本数据到 settings.json ---- (1ms)
2025-7-24 10:12:13-log: run build task 填充脚本数据到 settings.json success in 1 ms√, progress: 13%
2025-7-24 10:12:13-debug: // ---- build task 整理部分构建选项内数据到 settings.json ----
2025-7-24 10:12:13-debug: [Build Memory track]: 填充脚本数据到 settings.json start:211.33MB, end 211.35MB, increase: 22.55KB
2025-7-24 10:12:13-debug: 整理部分构建选项内数据到 settings.json start, progress: 13%
2025-7-24 10:12:13-log: run build task 整理部分构建选项内数据到 settings.json success in 5 ms√, progress: 15%
2025-7-24 10:12:13-debug: // ---- build task 整理部分构建选项内数据到 settings.json ---- (5ms)
2025-7-24 10:12:13-debug: [Build Memory track]: 整理部分构建选项内数据到 settings.json start:211.37MB, end 210.80MB, increase: -585.02KB
2025-7-24 10:12:13-debug: %cImport%c: /Users/zhao/Desktop/test/cocos-creator/PlaneFight/assets/Scenes/Start.scenebackground: #aaff85; color: #000;color: #000;
2025-7-24 10:12:13-debug: asset-db:reimport-asset2fda4d65-a1e9-4078-8250-de49b04cdc34 (2ms)
2025-7-24 10:12:17-debug: Query all assets info in project
2025-7-24 10:12:17-debug: init custom config: keepNodeUuid: false, useCache: true
2025-7-24 10:12:17-debug: Skip compress image, progress: 0%
2025-7-24 10:12:17-debug: Init all bundles start..., progress: 0%
2025-7-24 10:12:17-debug: 查询 Asset Bundle start, progress: 0%
2025-7-24 10:12:17-debug: Num of bundles: 2..., progress: 0%
2025-7-24 10:12:17-debug: // ---- build task 查询 Asset Bundle ----
2025-7-24 10:12:17-debug: Init bundle root assets start..., progress: 0%
2025-7-24 10:12:17-debug: Query preload assets/scripts from cc.config.json: 60f7195c-ec2a-45eb-ba94-8955f60e81d0,1c02ae6f-4492-4915-b8f8-7492a3b1e4cd,810e96e4-e456-4468-9b59-f4e8f39732c0,efe8e2a3-eace-427b-b4f1-cb8a937ec77d,e9aa9a3e-5b2b-4ac7-a2c7-073de2b2b24f,8bbdbcdd-5cd4-4100-b6d5-b7c9625b6107,50f4348b-c883-4e2f-8f11-ce233b859fa1,fda095cb-831d-4601-ad94-846013963de8,f92806d7-1768-443f-afe8-12bcde84d0f0,dd3a144d-ab7f-41f0-82b8-2e43a090d496,f0416e68-0200-4b77-a926-4f9d16e494da,970b0598-bcb0-4714-91fb-2e81440dccd8,bcd64cc6-2dd9-43f6-abbe-66318d332032,d930590d-bb92-4cc8-8bd1-23cd027f9edf,a3cd009f-0ab0-420d-9278-b9fdab939bbc,6a2d0734-bd9e-4ddf-946e-caa52498cb75,c27215d8-6835-4b68-bfbb-bdeac6100c04,b5d6115f-0370-4d7c-aad3-c194cc71cf98,871c3b6c-7379-419d-bda3-794b239ab90d,ff9b0199-ce04-4cfe-86cc-6c719f08d6e4,de1c2107-70c8-4021-8459-6399f24d01c6,cbf30902-517f-40dc-af90-a550bac27cf1
2025-7-24 10:12:17-debug: Init bundle root assets success..., progress: 0%
2025-7-24 10:12:17-debug:   Number of all scripts: 14
2025-7-24 10:12:17-debug:   Number of other assets: 505
2025-7-24 10:12:17-debug:   Number of all scenes: 1
2025-7-24 10:12:17-debug: // ---- build task 查询 Asset Bundle ---- (4ms)
2025-7-24 10:12:17-debug: // ---- build task 查询 Asset Bundle ----
2025-7-24 10:12:17-debug: [Build Memory track]: 查询 Asset Bundle start:211.42MB, end 211.22MB, increase: -202.56KB
2025-7-24 10:12:17-debug: 查询 Asset Bundle start, progress: 5%
2025-7-24 10:12:17-log: run build task 查询 Asset Bundle success in 4 ms√, progress: 5%
2025-7-24 10:12:17-debug: // ---- build task 查询 Asset Bundle ---- (1ms)
2025-7-24 10:12:17-log: run build task 查询 Asset Bundle success in 1 ms√, progress: 10%
2025-7-24 10:12:17-debug: [Build Memory track]: 查询 Asset Bundle start:211.24MB, end 211.35MB, increase: 105.65KB
2025-7-24 10:12:17-debug: 整理部分构建选项内数据到 settings.json start, progress: 10%
2025-7-24 10:12:17-debug: // ---- build task 整理部分构建选项内数据到 settings.json ----
2025-7-24 10:12:17-debug: // ---- build task 整理部分构建选项内数据到 settings.json ---- (1ms)
2025-7-24 10:12:17-debug: 填充脚本数据到 settings.json start, progress: 12%
2025-7-24 10:12:17-debug: [Build Memory track]: 整理部分构建选项内数据到 settings.json start:211.37MB, end 211.39MB, increase: 22.84KB
2025-7-24 10:12:17-debug: // ---- build task 填充脚本数据到 settings.json ----
2025-7-24 10:12:17-log: run build task 整理部分构建选项内数据到 settings.json success in 1 ms√, progress: 12%
2025-7-24 10:12:17-debug: // ---- build task 填充脚本数据到 settings.json ---- (1ms)
2025-7-24 10:12:17-log: run build task 填充脚本数据到 settings.json success in 1 ms√, progress: 13%
2025-7-24 10:12:17-debug: [Build Memory track]: 填充脚本数据到 settings.json start:211.42MB, end 211.44MB, increase: 24.85KB
2025-7-24 10:12:17-debug: // ---- build task 整理部分构建选项内数据到 settings.json ----
2025-7-24 10:12:17-debug: 整理部分构建选项内数据到 settings.json start, progress: 13%
2025-7-24 10:12:17-log: run build task 整理部分构建选项内数据到 settings.json success in 3 ms√, progress: 15%
2025-7-24 10:12:17-debug: // ---- build task 整理部分构建选项内数据到 settings.json ---- (3ms)
2025-7-24 10:12:17-debug: [Build Memory track]: 整理部分构建选项内数据到 settings.json start:211.47MB, end 211.59MB, increase: 127.56KB
2025-7-24 10:12:20-debug: Query all assets info in project
2025-7-24 10:12:20-debug: Skip compress image, progress: 0%
2025-7-24 10:12:20-debug: init custom config: keepNodeUuid: false, useCache: true
2025-7-24 10:12:20-debug: Init all bundles start..., progress: 0%
2025-7-24 10:12:20-debug: Num of bundles: 2..., progress: 0%
2025-7-24 10:12:20-debug: 查询 Asset Bundle start, progress: 0%
2025-7-24 10:12:20-debug: // ---- build task 查询 Asset Bundle ----
2025-7-24 10:12:20-debug: Init bundle root assets start..., progress: 0%
2025-7-24 10:12:20-debug: Query preload assets/scripts from cc.config.json: 60f7195c-ec2a-45eb-ba94-8955f60e81d0,1c02ae6f-4492-4915-b8f8-7492a3b1e4cd,810e96e4-e456-4468-9b59-f4e8f39732c0,efe8e2a3-eace-427b-b4f1-cb8a937ec77d,e9aa9a3e-5b2b-4ac7-a2c7-073de2b2b24f,8bbdbcdd-5cd4-4100-b6d5-b7c9625b6107,50f4348b-c883-4e2f-8f11-ce233b859fa1,fda095cb-831d-4601-ad94-846013963de8,f92806d7-1768-443f-afe8-12bcde84d0f0,dd3a144d-ab7f-41f0-82b8-2e43a090d496,f0416e68-0200-4b77-a926-4f9d16e494da,970b0598-bcb0-4714-91fb-2e81440dccd8,bcd64cc6-2dd9-43f6-abbe-66318d332032,d930590d-bb92-4cc8-8bd1-23cd027f9edf,a3cd009f-0ab0-420d-9278-b9fdab939bbc,6a2d0734-bd9e-4ddf-946e-caa52498cb75,c27215d8-6835-4b68-bfbb-bdeac6100c04,b5d6115f-0370-4d7c-aad3-c194cc71cf98,871c3b6c-7379-419d-bda3-794b239ab90d,ff9b0199-ce04-4cfe-86cc-6c719f08d6e4,de1c2107-70c8-4021-8459-6399f24d01c6,cbf30902-517f-40dc-af90-a550bac27cf1
2025-7-24 10:12:20-debug: Init bundle root assets success..., progress: 0%
2025-7-24 10:12:20-debug:   Number of all scripts: 14
2025-7-24 10:12:20-debug:   Number of other assets: 505
2025-7-24 10:12:20-debug:   Number of all scenes: 1
2025-7-24 10:12:20-debug: // ---- build task 查询 Asset Bundle ---- (3ms)
2025-7-24 10:12:20-debug: // ---- build task 查询 Asset Bundle ----
2025-7-24 10:12:20-debug: [Build Memory track]: 查询 Asset Bundle start:211.57MB, end 211.29MB, increase: -288.22KB
2025-7-24 10:12:20-debug: 查询 Asset Bundle start, progress: 5%
2025-7-24 10:12:20-log: run build task 查询 Asset Bundle success in 3 ms√, progress: 5%
2025-7-24 10:12:20-debug: // ---- build task 查询 Asset Bundle ---- (1ms)
2025-7-24 10:12:20-debug: // ---- build task 整理部分构建选项内数据到 settings.json ----
2025-7-24 10:12:20-debug: [Build Memory track]: 查询 Asset Bundle start:211.31MB, end 211.41MB, increase: 106.19KB
2025-7-24 10:12:20-debug: 整理部分构建选项内数据到 settings.json start, progress: 10%
2025-7-24 10:12:20-log: run build task 查询 Asset Bundle success in 1 ms√, progress: 10%
2025-7-24 10:12:20-log: run build task 整理部分构建选项内数据到 settings.json success in √, progress: 12%
2025-7-24 10:12:20-debug: [Build Memory track]: 整理部分构建选项内数据到 settings.json start:211.44MB, end 211.46MB, increase: 15.89KB
2025-7-24 10:12:20-debug: 填充脚本数据到 settings.json start, progress: 12%
2025-7-24 10:12:20-debug: // ---- build task 填充脚本数据到 settings.json ----
2025-7-24 10:12:20-debug: // ---- build task 填充脚本数据到 settings.json ---- (1ms)
2025-7-24 10:12:20-log: run build task 填充脚本数据到 settings.json success in 1 ms√, progress: 13%
2025-7-24 10:12:20-debug: [Build Memory track]: 填充脚本数据到 settings.json start:211.48MB, end 211.50MB, increase: 23.20KB
2025-7-24 10:12:20-debug: 整理部分构建选项内数据到 settings.json start, progress: 13%
2025-7-24 10:12:20-debug: // ---- build task 整理部分构建选项内数据到 settings.json ----
2025-7-24 10:12:20-debug: // ---- build task 整理部分构建选项内数据到 settings.json ---- (1ms)
2025-7-24 10:12:20-log: run build task 整理部分构建选项内数据到 settings.json success in 1 ms√, progress: 15%
2025-7-24 10:12:20-debug: [Build Memory track]: 整理部分构建选项内数据到 settings.json start:211.53MB, end 211.65MB, increase: 123.02KB
2025-7-24 10:12:25-debug: refresh db internal success
2025-7-24 10:12:25-debug: refresh db assets success
2025-7-24 10:12:25-debug: Run asset db hook engine-extends:afterRefresh ...
2025-7-24 10:12:25-debug: Run asset db hook engine-extends:afterRefresh success!
2025-7-24 10:12:25-debug: asset-db:refresh-all-database (29ms)
2025-7-24 10:12:25-debug: asset-db:worker-effect-data-processing (1ms)
2025-7-24 10:12:25-debug: asset-db-hook-engine-extends-afterRefresh (1ms)
2025-7-24 10:13:03-debug: Query all assets info in project
2025-7-24 10:13:03-debug: init custom config: keepNodeUuid: false, useCache: true
2025-7-24 10:13:03-debug: Skip compress image, progress: 0%
2025-7-24 10:13:03-debug: Init all bundles start..., progress: 0%
2025-7-24 10:13:03-debug: Num of bundles: 2..., progress: 0%
2025-7-24 10:13:03-debug: 查询 Asset Bundle start, progress: 0%
2025-7-24 10:13:03-debug: Init bundle root assets start..., progress: 0%
2025-7-24 10:13:03-debug: // ---- build task 查询 Asset Bundle ----
2025-7-24 10:13:03-debug: Query preload assets/scripts from cc.config.json: 60f7195c-ec2a-45eb-ba94-8955f60e81d0,1c02ae6f-4492-4915-b8f8-7492a3b1e4cd,810e96e4-e456-4468-9b59-f4e8f39732c0,efe8e2a3-eace-427b-b4f1-cb8a937ec77d,e9aa9a3e-5b2b-4ac7-a2c7-073de2b2b24f,8bbdbcdd-5cd4-4100-b6d5-b7c9625b6107,50f4348b-c883-4e2f-8f11-ce233b859fa1,fda095cb-831d-4601-ad94-846013963de8,f92806d7-1768-443f-afe8-12bcde84d0f0,dd3a144d-ab7f-41f0-82b8-2e43a090d496,f0416e68-0200-4b77-a926-4f9d16e494da,970b0598-bcb0-4714-91fb-2e81440dccd8,bcd64cc6-2dd9-43f6-abbe-66318d332032,d930590d-bb92-4cc8-8bd1-23cd027f9edf,a3cd009f-0ab0-420d-9278-b9fdab939bbc,6a2d0734-bd9e-4ddf-946e-caa52498cb75,c27215d8-6835-4b68-bfbb-bdeac6100c04,b5d6115f-0370-4d7c-aad3-c194cc71cf98,871c3b6c-7379-419d-bda3-794b239ab90d,ff9b0199-ce04-4cfe-86cc-6c719f08d6e4,de1c2107-70c8-4021-8459-6399f24d01c6,cbf30902-517f-40dc-af90-a550bac27cf1
2025-7-24 10:13:03-debug:   Number of all scripts: 14
2025-7-24 10:13:03-debug: Init bundle root assets success..., progress: 0%
2025-7-24 10:13:03-debug:   Number of other assets: 505
2025-7-24 10:13:03-debug:   Number of all scenes: 1
2025-7-24 10:13:03-debug: // ---- build task 查询 Asset Bundle ---- (7ms)
2025-7-24 10:13:03-log: run build task 查询 Asset Bundle success in 7 ms√, progress: 5%
2025-7-24 10:13:03-debug: [Build Memory track]: 查询 Asset Bundle start:212.22MB, end 211.95MB, increase: -273.20KB
2025-7-24 10:13:03-debug: 查询 Asset Bundle start, progress: 5%
2025-7-24 10:13:03-debug: // ---- build task 查询 Asset Bundle ----
2025-7-24 10:13:03-debug: // ---- build task 查询 Asset Bundle ---- (3ms)
2025-7-24 10:13:03-log: run build task 查询 Asset Bundle success in 3 ms√, progress: 10%
2025-7-24 10:13:03-debug: [Build Memory track]: 查询 Asset Bundle start:211.97MB, end 212.08MB, increase: 104.95KB
2025-7-24 10:13:03-debug: 整理部分构建选项内数据到 settings.json start, progress: 10%
2025-7-24 10:13:03-debug: // ---- build task 整理部分构建选项内数据到 settings.json ----
2025-7-24 10:13:03-debug: [Build Memory track]: 整理部分构建选项内数据到 settings.json start:212.10MB, end 212.12MB, increase: 22.20KB
2025-7-24 10:13:03-debug: // ---- build task 填充脚本数据到 settings.json ----
2025-7-24 10:13:03-log: run build task 整理部分构建选项内数据到 settings.json success in 1 ms√, progress: 12%
2025-7-24 10:13:03-debug: 填充脚本数据到 settings.json start, progress: 12%
2025-7-24 10:13:03-debug: // ---- build task 整理部分构建选项内数据到 settings.json ---- (1ms)
2025-7-24 10:13:03-log: run build task 填充脚本数据到 settings.json success in 1 ms√, progress: 13%
2025-7-24 10:13:03-debug: 整理部分构建选项内数据到 settings.json start, progress: 13%
2025-7-24 10:13:03-debug: [Build Memory track]: 填充脚本数据到 settings.json start:212.15MB, end 212.17MB, increase: 23.48KB
2025-7-24 10:13:03-debug: // ---- build task 整理部分构建选项内数据到 settings.json ----
2025-7-24 10:13:03-debug: // ---- build task 填充脚本数据到 settings.json ---- (1ms)
2025-7-24 10:13:03-debug: // ---- build task 整理部分构建选项内数据到 settings.json ---- (3ms)
2025-7-24 10:13:03-log: run build task 整理部分构建选项内数据到 settings.json success in 3 ms√, progress: 15%
2025-7-24 10:13:03-debug: [Build Memory track]: 整理部分构建选项内数据到 settings.json start:212.20MB, end 211.63MB, increase: -576.33KB
2025-7-24 10:13:20-debug: refresh db internal success
2025-7-24 10:13:20-debug: %cImport%c: /Users/zhao/Desktop/test/cocos-creator/PlaneFight/assets/Scripts/Enemy.tsbackground: #aaff85; color: #000;color: #000;
2025-7-24 10:13:20-debug: refresh db assets success
2025-7-24 10:13:20-debug: Run asset db hook engine-extends:afterRefresh ...
2025-7-24 10:13:20-debug: Run asset db hook engine-extends:afterRefresh success!
2025-7-24 10:13:20-debug: asset-db:refresh-all-database (30ms)
2025-7-24 10:13:20-debug: asset-db:worker-effect-data-processing (1ms)
2025-7-24 10:13:20-debug: asset-db-hook-engine-extends-afterRefresh (2ms)
2025-7-24 10:13:21-debug: Query all assets info in project
2025-7-24 10:13:21-debug: init custom config: keepNodeUuid: false, useCache: true
2025-7-24 10:13:21-debug: Skip compress image, progress: 0%
2025-7-24 10:13:21-debug: Init all bundles start..., progress: 0%
2025-7-24 10:13:21-debug: // ---- build task 查询 Asset Bundle ----
2025-7-24 10:13:21-debug: 查询 Asset Bundle start, progress: 0%
2025-7-24 10:13:21-debug: Num of bundles: 2..., progress: 0%
2025-7-24 10:13:21-debug: Init bundle root assets start..., progress: 0%
2025-7-24 10:13:21-debug:   Number of all scenes: 1
2025-7-24 10:13:21-debug: // ---- build task 查询 Asset Bundle ---- (5ms)
2025-7-24 10:13:21-log: run build task 查询 Asset Bundle success in 5 ms√, progress: 5%
2025-7-24 10:13:21-debug: [Build Memory track]: 查询 Asset Bundle start:212.29MB, end 212.05MB, increase: -240.14KB
2025-7-24 10:13:21-debug: 查询 Asset Bundle start, progress: 5%
2025-7-24 10:13:21-debug: // ---- build task 查询 Asset Bundle ----
2025-7-24 10:13:21-debug: Query preload assets/scripts from cc.config.json: 60f7195c-ec2a-45eb-ba94-8955f60e81d0,1c02ae6f-4492-4915-b8f8-7492a3b1e4cd,810e96e4-e456-4468-9b59-f4e8f39732c0,efe8e2a3-eace-427b-b4f1-cb8a937ec77d,e9aa9a3e-5b2b-4ac7-a2c7-073de2b2b24f,8bbdbcdd-5cd4-4100-b6d5-b7c9625b6107,50f4348b-c883-4e2f-8f11-ce233b859fa1,fda095cb-831d-4601-ad94-846013963de8,f92806d7-1768-443f-afe8-12bcde84d0f0,dd3a144d-ab7f-41f0-82b8-2e43a090d496,f0416e68-0200-4b77-a926-4f9d16e494da,970b0598-bcb0-4714-91fb-2e81440dccd8,bcd64cc6-2dd9-43f6-abbe-66318d332032,d930590d-bb92-4cc8-8bd1-23cd027f9edf,a3cd009f-0ab0-420d-9278-b9fdab939bbc,6a2d0734-bd9e-4ddf-946e-caa52498cb75,c27215d8-6835-4b68-bfbb-bdeac6100c04,b5d6115f-0370-4d7c-aad3-c194cc71cf98,871c3b6c-7379-419d-bda3-794b239ab90d,ff9b0199-ce04-4cfe-86cc-6c719f08d6e4,de1c2107-70c8-4021-8459-6399f24d01c6,cbf30902-517f-40dc-af90-a550bac27cf1
2025-7-24 10:13:21-debug:   Number of all scripts: 14
2025-7-24 10:13:21-debug:   Number of other assets: 505
2025-7-24 10:13:21-debug: Init bundle root assets success..., progress: 0%
2025-7-24 10:13:21-log: run build task 查询 Asset Bundle success in 3 ms√, progress: 10%
2025-7-24 10:13:21-debug: // ---- build task 查询 Asset Bundle ---- (3ms)
2025-7-24 10:13:21-debug: [Build Memory track]: 查询 Asset Bundle start:212.08MB, end 212.19MB, increase: 110.64KB
2025-7-24 10:13:21-debug: 整理部分构建选项内数据到 settings.json start, progress: 10%
2025-7-24 10:13:21-debug: // ---- build task 整理部分构建选项内数据到 settings.json ----
2025-7-24 10:13:21-debug: // ---- build task 整理部分构建选项内数据到 settings.json ---- (1ms)
2025-7-24 10:13:21-debug: // ---- build task 填充脚本数据到 settings.json ----
2025-7-24 10:13:21-debug: 填充脚本数据到 settings.json start, progress: 12%
2025-7-24 10:13:21-debug: [Build Memory track]: 整理部分构建选项内数据到 settings.json start:212.21MB, end 212.23MB, increase: 24.16KB
2025-7-24 10:13:21-log: run build task 整理部分构建选项内数据到 settings.json success in 1 ms√, progress: 12%
2025-7-24 10:13:21-log: run build task 填充脚本数据到 settings.json success in √, progress: 13%
2025-7-24 10:13:21-debug: // ---- build task 整理部分构建选项内数据到 settings.json ----
2025-7-24 10:13:21-debug: 整理部分构建选项内数据到 settings.json start, progress: 13%
2025-7-24 10:13:21-debug: [Build Memory track]: 填充脚本数据到 settings.json start:212.26MB, end 212.27MB, increase: 14.58KB
2025-7-24 10:13:21-debug: // ---- build task 整理部分构建选项内数据到 settings.json ---- (3ms)
2025-7-24 10:13:21-log: run build task 整理部分构建选项内数据到 settings.json success in 3 ms√, progress: 15%
2025-7-24 10:13:21-debug: [Build Memory track]: 整理部分构建选项内数据到 settings.json start:212.30MB, end 212.42MB, increase: 122.88KB
2025-7-24 10:13:24-warn: 为更好地打开脚本，请在 {preferences} -> {program} -> {scriptEditor} 里配置打开脚本的应用程序
2025-7-24 10:13:29-debug: refresh db internal success
2025-7-24 10:13:29-debug: %cImport%c: /Users/zhao/Desktop/test/cocos-creator/PlaneFight/assets/Scripts/Player.tsbackground: #aaff85; color: #000;color: #000;
2025-7-24 10:13:29-debug: refresh db assets success
2025-7-24 10:13:29-debug: Run asset db hook engine-extends:afterRefresh ...
2025-7-24 10:13:29-debug: Run asset db hook engine-extends:afterRefresh success!
2025-7-24 10:13:29-debug: asset-db:refresh-all-database (28ms)
2025-7-24 10:13:29-debug: asset-db:worker-effect-data-processing (1ms)
2025-7-24 10:13:29-debug: asset-db-hook-engine-extends-afterRefresh (1ms)
2025-7-24 10:13:32-debug: refresh db internal success
2025-7-24 10:13:32-debug: %cImport%c: /Users/zhao/Desktop/test/cocos-creator/PlaneFight/assets/Scripts/Player.tsbackground: #aaff85; color: #000;color: #000;
2025-7-24 10:13:32-debug: refresh db assets success
2025-7-24 10:13:32-debug: Run asset db hook engine-extends:afterRefresh ...
2025-7-24 10:13:32-debug: Run asset db hook engine-extends:afterRefresh success!
2025-7-24 10:13:32-debug: asset-db:refresh-all-database (26ms)
2025-7-24 10:13:32-debug: asset-db-hook-engine-extends-afterRefresh (1ms)
2025-7-24 10:13:32-debug: asset-db:worker-effect-data-processing (1ms)
2025-7-24 10:13:33-debug: %cImport%c: /Users/zhao/Desktop/test/cocos-creator/PlaneFight/assets/Scenes/Start.scenebackground: #aaff85; color: #000;color: #000;
2025-7-24 10:13:33-debug: asset-db:reimport-asset2fda4d65-a1e9-4078-8250-de49b04cdc34 (5ms)
2025-7-24 10:13:35-debug: %cImport%c: /Users/zhao/Desktop/test/cocos-creator/PlaneFight/assets/Scenes/Start.scenebackground: #aaff85; color: #000;color: #000;
2025-7-24 10:13:35-debug: asset-db:reimport-asset2fda4d65-a1e9-4078-8250-de49b04cdc34 (6ms)
2025-7-24 10:13:46-debug: refresh db internal success
2025-7-24 10:13:46-debug: %cImport%c: /Users/zhao/Desktop/test/cocos-creator/PlaneFight/assets/Scripts/Player.tsbackground: #aaff85; color: #000;color: #000;
2025-7-24 10:13:46-debug: Run asset db hook engine-extends:afterRefresh ...
2025-7-24 10:13:46-debug: refresh db assets success
2025-7-24 10:13:46-debug: Run asset db hook engine-extends:afterRefresh success!
2025-7-24 10:13:46-debug: asset-db:refresh-all-database (29ms)
2025-7-24 10:13:46-debug: asset-db:worker-effect-data-processing (1ms)
2025-7-24 10:13:46-debug: asset-db-hook-engine-extends-afterRefresh (1ms)
2025-7-24 10:14:26-debug: refresh db internal success
2025-7-24 10:14:26-debug: refresh db assets success
2025-7-24 10:14:26-debug: Run asset db hook engine-extends:afterRefresh ...
2025-7-24 10:14:26-debug: Run asset db hook engine-extends:afterRefresh success!
2025-7-24 10:14:26-debug: asset-db:refresh-all-database (33ms)
2025-7-24 10:14:26-debug: asset-db:worker-effect-data-processing (1ms)
2025-7-24 10:14:26-debug: asset-db-hook-engine-extends-afterRefresh (1ms)
2025-7-24 10:14:34-debug: refresh db internal success
2025-7-24 10:14:34-debug: refresh db assets success
2025-7-24 10:14:34-debug: Run asset db hook engine-extends:afterRefresh ...
2025-7-24 10:14:34-debug: Run asset db hook engine-extends:afterRefresh success!
2025-7-24 10:14:34-debug: asset-db:refresh-all-database (31ms)
2025-7-24 10:17:43-debug: refresh db internal success
2025-7-24 10:17:43-debug: %cImport%c: /Users/zhao/Desktop/test/cocos-creator/PlaneFight/assets/Scripts/Enemy.tsbackground: #aaff85; color: #000;color: #000;
2025-7-24 10:17:43-debug: refresh db assets success
2025-7-24 10:17:43-debug: Run asset db hook engine-extends:afterRefresh ...
2025-7-24 10:17:43-debug: Run asset db hook engine-extends:afterRefresh success!
2025-7-24 10:17:43-debug: asset-db:refresh-all-database (44ms)
2025-7-24 10:17:43-debug: asset-db:worker-effect-data-processing (2ms)
2025-7-24 10:17:43-debug: asset-db-hook-engine-extends-afterRefresh (3ms)
2025-7-24 10:17:46-debug: %cImport%c: /Users/zhao/Desktop/test/cocos-creator/PlaneFight/assets/Scenes/Start.scenebackground: #aaff85; color: #000;color: #000;
2025-7-24 10:17:46-debug: asset-db:reimport-asset2fda4d65-a1e9-4078-8250-de49b04cdc34 (16ms)
2025-7-24 10:17:50-debug: Query all assets info in project
2025-7-24 10:17:50-debug: init custom config: keepNodeUuid: false, useCache: true
2025-7-24 10:17:50-debug: Skip compress image, progress: 0%
2025-7-24 10:17:50-debug: Init all bundles start..., progress: 0%
2025-7-24 10:17:50-debug: // ---- build task 查询 Asset Bundle ----
2025-7-24 10:17:50-debug: Num of bundles: 2..., progress: 0%
2025-7-24 10:17:50-debug: Init bundle root assets start..., progress: 0%
2025-7-24 10:17:50-debug: 查询 Asset Bundle start, progress: 0%
2025-7-24 10:17:50-debug: Query preload assets/scripts from cc.config.json: 60f7195c-ec2a-45eb-ba94-8955f60e81d0,1c02ae6f-4492-4915-b8f8-7492a3b1e4cd,810e96e4-e456-4468-9b59-f4e8f39732c0,efe8e2a3-eace-427b-b4f1-cb8a937ec77d,e9aa9a3e-5b2b-4ac7-a2c7-073de2b2b24f,8bbdbcdd-5cd4-4100-b6d5-b7c9625b6107,50f4348b-c883-4e2f-8f11-ce233b859fa1,fda095cb-831d-4601-ad94-846013963de8,f92806d7-1768-443f-afe8-12bcde84d0f0,dd3a144d-ab7f-41f0-82b8-2e43a090d496,f0416e68-0200-4b77-a926-4f9d16e494da,970b0598-bcb0-4714-91fb-2e81440dccd8,bcd64cc6-2dd9-43f6-abbe-66318d332032,d930590d-bb92-4cc8-8bd1-23cd027f9edf,a3cd009f-0ab0-420d-9278-b9fdab939bbc,6a2d0734-bd9e-4ddf-946e-caa52498cb75,c27215d8-6835-4b68-bfbb-bdeac6100c04,b5d6115f-0370-4d7c-aad3-c194cc71cf98,871c3b6c-7379-419d-bda3-794b239ab90d,ff9b0199-ce04-4cfe-86cc-6c719f08d6e4,de1c2107-70c8-4021-8459-6399f24d01c6,cbf30902-517f-40dc-af90-a550bac27cf1
2025-7-24 10:17:50-debug:   Number of other assets: 505
2025-7-24 10:17:50-debug:   Number of all scripts: 14
2025-7-24 10:17:50-debug: Init bundle root assets success..., progress: 0%
2025-7-24 10:17:50-debug:   Number of all scenes: 1
2025-7-24 10:17:50-debug: // ---- build task 查询 Asset Bundle ---- (4ms)
2025-7-24 10:17:50-log: run build task 查询 Asset Bundle success in 4 ms√, progress: 5%
2025-7-24 10:17:50-debug: 查询 Asset Bundle start, progress: 5%
2025-7-24 10:17:50-debug: // ---- build task 查询 Asset Bundle ----
2025-7-24 10:17:50-debug: [Build Memory track]: 查询 Asset Bundle start:197.82MB, end 197.54MB, increase: -283.88KB
2025-7-24 10:17:50-debug: // ---- build task 查询 Asset Bundle ---- (2ms)
2025-7-24 10:17:50-log: run build task 查询 Asset Bundle success in 2 ms√, progress: 10%
2025-7-24 10:17:50-debug: // ---- build task 整理部分构建选项内数据到 settings.json ----
2025-7-24 10:17:50-log: run build task 整理部分构建选项内数据到 settings.json success in √, progress: 12%
2025-7-24 10:17:50-debug: [Build Memory track]: 整理部分构建选项内数据到 settings.json start:197.71MB, end 197.72MB, increase: 15.99KB
2025-7-24 10:17:50-debug: 填充脚本数据到 settings.json start, progress: 12%
2025-7-24 10:17:50-debug: // ---- build task 填充脚本数据到 settings.json ----
2025-7-24 10:17:50-debug: 整理部分构建选项内数据到 settings.json start, progress: 10%
2025-7-24 10:17:50-debug: [Build Memory track]: 查询 Asset Bundle start:197.57MB, end 197.68MB, increase: 117.11KB
2025-7-24 10:17:50-log: run build task 填充脚本数据到 settings.json success in √, progress: 13%
2025-7-24 10:17:50-debug: [Build Memory track]: 填充脚本数据到 settings.json start:197.75MB, end 197.77MB, increase: 17.79KB
2025-7-24 10:17:50-debug: // ---- build task 整理部分构建选项内数据到 settings.json ----
2025-7-24 10:17:50-debug: 整理部分构建选项内数据到 settings.json start, progress: 13%
2025-7-24 10:17:50-debug: // ---- build task 整理部分构建选项内数据到 settings.json ---- (2ms)
2025-7-24 10:17:50-debug: [Build Memory track]: 整理部分构建选项内数据到 settings.json start:197.79MB, end 197.92MB, increase: 126.56KB
2025-7-24 10:17:50-log: run build task 整理部分构建选项内数据到 settings.json success in 2 ms√, progress: 15%
2025-7-24 10:18:07-debug: refresh db internal success
2025-7-24 10:18:07-debug: refresh db assets success
2025-7-24 10:18:07-debug: Run asset db hook engine-extends:afterRefresh ...
2025-7-24 10:18:07-debug: Run asset db hook engine-extends:afterRefresh success!
2025-7-24 10:18:07-debug: asset-db:refresh-all-database (36ms)
2025-7-24 10:18:07-debug: asset-db:worker-effect-data-processing (4ms)
2025-7-24 10:18:07-debug: asset-db-hook-engine-extends-afterRefresh (4ms)
2025-7-24 10:18:30-debug: refresh db internal success
2025-7-24 10:18:30-debug: %cImport%c: /Users/zhao/Desktop/test/cocos-creator/PlaneFight/assets/Scripts/Enemy.tsbackground: #aaff85; color: #000;color: #000;
2025-7-24 10:18:30-debug: refresh db assets success
2025-7-24 10:18:30-debug: Run asset db hook engine-extends:afterRefresh ...
2025-7-24 10:18:30-debug: Run asset db hook engine-extends:afterRefresh success!
2025-7-24 10:18:30-debug: asset-db:refresh-all-database (33ms)
2025-7-24 10:18:30-debug: asset-db:worker-effect-data-processing (1ms)
2025-7-24 10:18:30-debug: asset-db-hook-engine-extends-afterRefresh (1ms)
2025-7-24 10:18:30-debug: %cImport%c: /Users/zhao/Desktop/test/cocos-creator/PlaneFight/assets/Scenes/Start.scenebackground: #aaff85; color: #000;color: #000;
2025-7-24 10:18:30-debug: asset-db:reimport-asset2fda4d65-a1e9-4078-8250-de49b04cdc34 (3ms)
2025-7-24 10:18:31-debug: Query all assets info in project
2025-7-24 10:18:31-debug: init custom config: keepNodeUuid: false, useCache: true
2025-7-24 10:18:31-debug: Skip compress image, progress: 0%
2025-7-24 10:18:31-debug: Init all bundles start..., progress: 0%
2025-7-24 10:18:31-debug: Num of bundles: 2..., progress: 0%
2025-7-24 10:18:31-debug: // ---- build task 查询 Asset Bundle ----
2025-7-24 10:18:31-debug: 查询 Asset Bundle start, progress: 0%
2025-7-24 10:18:31-debug: Init bundle root assets start..., progress: 0%
2025-7-24 10:18:31-debug: Query preload assets/scripts from cc.config.json: 60f7195c-ec2a-45eb-ba94-8955f60e81d0,1c02ae6f-4492-4915-b8f8-7492a3b1e4cd,810e96e4-e456-4468-9b59-f4e8f39732c0,efe8e2a3-eace-427b-b4f1-cb8a937ec77d,e9aa9a3e-5b2b-4ac7-a2c7-073de2b2b24f,8bbdbcdd-5cd4-4100-b6d5-b7c9625b6107,50f4348b-c883-4e2f-8f11-ce233b859fa1,fda095cb-831d-4601-ad94-846013963de8,f92806d7-1768-443f-afe8-12bcde84d0f0,dd3a144d-ab7f-41f0-82b8-2e43a090d496,f0416e68-0200-4b77-a926-4f9d16e494da,970b0598-bcb0-4714-91fb-2e81440dccd8,bcd64cc6-2dd9-43f6-abbe-66318d332032,d930590d-bb92-4cc8-8bd1-23cd027f9edf,a3cd009f-0ab0-420d-9278-b9fdab939bbc,6a2d0734-bd9e-4ddf-946e-caa52498cb75,c27215d8-6835-4b68-bfbb-bdeac6100c04,b5d6115f-0370-4d7c-aad3-c194cc71cf98,871c3b6c-7379-419d-bda3-794b239ab90d,ff9b0199-ce04-4cfe-86cc-6c719f08d6e4,de1c2107-70c8-4021-8459-6399f24d01c6,cbf30902-517f-40dc-af90-a550bac27cf1
2025-7-24 10:18:31-debug:   Number of other assets: 505
2025-7-24 10:18:31-debug:   Number of all scenes: 1
2025-7-24 10:18:31-debug: Init bundle root assets success..., progress: 0%
2025-7-24 10:18:31-debug:   Number of all scripts: 14
2025-7-24 10:18:31-debug: // ---- build task 查询 Asset Bundle ---- (8ms)
2025-7-24 10:18:31-log: run build task 查询 Asset Bundle success in 8 ms√, progress: 5%
2025-7-24 10:18:31-debug: // ---- build task 查询 Asset Bundle ----
2025-7-24 10:18:31-debug: [Build Memory track]: 查询 Asset Bundle start:198.84MB, end 198.61MB, increase: -234.31KB
2025-7-24 10:18:31-debug: 查询 Asset Bundle start, progress: 5%
2025-7-24 10:18:31-debug: // ---- build task 查询 Asset Bundle ---- (1ms)
2025-7-24 10:18:31-log: run build task 查询 Asset Bundle success in 1 ms√, progress: 10%
2025-7-24 10:18:31-debug: [Build Memory track]: 查询 Asset Bundle start:198.64MB, end 198.74MB, increase: 105.41KB
2025-7-24 10:18:31-debug: 整理部分构建选项内数据到 settings.json start, progress: 10%
2025-7-24 10:18:31-debug: // ---- build task 整理部分构建选项内数据到 settings.json ----
2025-7-24 10:18:31-log: run build task 整理部分构建选项内数据到 settings.json success in √, progress: 12%
2025-7-24 10:18:31-debug: // ---- build task 填充脚本数据到 settings.json ----
2025-7-24 10:18:31-debug: [Build Memory track]: 整理部分构建选项内数据到 settings.json start:198.77MB, end 198.78MB, increase: 14.27KB
2025-7-24 10:18:31-debug: 填充脚本数据到 settings.json start, progress: 12%
2025-7-24 10:18:31-debug: // ---- build task 填充脚本数据到 settings.json ---- (1ms)
2025-7-24 10:18:31-log: run build task 填充脚本数据到 settings.json success in 1 ms√, progress: 13%
2025-7-24 10:18:31-debug: [Build Memory track]: 填充脚本数据到 settings.json start:198.81MB, end 198.83MB, increase: 25.08KB
2025-7-24 10:18:31-debug: // ---- build task 整理部分构建选项内数据到 settings.json ----
2025-7-24 10:18:31-debug: 整理部分构建选项内数据到 settings.json start, progress: 13%
2025-7-24 10:18:31-debug: // ---- build task 整理部分构建选项内数据到 settings.json ---- (2ms)
2025-7-24 10:18:31-log: run build task 整理部分构建选项内数据到 settings.json success in 2 ms√, progress: 15%
2025-7-24 10:18:31-debug: [Build Memory track]: 整理部分构建选项内数据到 settings.json start:198.85MB, end 198.97MB, increase: 122.59KB
2025-7-24 10:19:12-debug: refresh db internal success
2025-7-24 10:19:12-debug: refresh db assets success
2025-7-24 10:19:12-debug: Run asset db hook engine-extends:afterRefresh success!
2025-7-24 10:19:12-debug: Run asset db hook engine-extends:afterRefresh ...
2025-7-24 10:19:12-debug: asset-db:refresh-all-database (24ms)
2025-7-24 10:19:12-debug: asset-db:worker-effect-data-processing (1ms)
2025-7-24 10:19:12-debug: asset-db-hook-engine-extends-afterRefresh (1ms)
2025-7-24 10:27:15-debug: refresh db internal success
2025-7-24 10:27:15-debug: %cImport%c: /Users/zhao/Desktop/test/cocos-creator/PlaneFight/assets/Scripts/Enemy.tsbackground: #aaff85; color: #000;color: #000;
2025-7-24 10:27:15-debug: Run asset db hook engine-extends:afterRefresh ...
2025-7-24 10:27:15-debug: Run asset db hook engine-extends:afterRefresh success!
2025-7-24 10:27:15-debug: refresh db assets success
2025-7-24 10:27:15-debug: asset-db:refresh-all-database (44ms)
2025-7-24 10:27:15-debug: asset-db:worker-effect-data-processing (2ms)
2025-7-24 10:27:15-debug: asset-db-hook-engine-extends-afterRefresh (3ms)
2025-7-24 10:27:15-debug: %cImport%c: /Users/zhao/Desktop/test/cocos-creator/PlaneFight/assets/Scenes/Start.scenebackground: #aaff85; color: #000;color: #000;
2025-7-24 10:27:15-debug: asset-db:reimport-asset2fda4d65-a1e9-4078-8250-de49b04cdc34 (3ms)
2025-7-24 10:27:16-debug: Query all assets info in project
2025-7-24 10:27:16-debug: init custom config: keepNodeUuid: false, useCache: true
2025-7-24 10:27:16-debug: Skip compress image, progress: 0%
2025-7-24 10:27:16-debug: Init all bundles start..., progress: 0%
2025-7-24 10:27:16-debug: Num of bundles: 2..., progress: 0%
2025-7-24 10:27:16-debug: 查询 Asset Bundle start, progress: 0%
2025-7-24 10:27:16-debug: // ---- build task 查询 Asset Bundle ----
2025-7-24 10:27:16-debug: Init bundle root assets start..., progress: 0%
2025-7-24 10:27:16-debug: Query preload assets/scripts from cc.config.json: 60f7195c-ec2a-45eb-ba94-8955f60e81d0,1c02ae6f-4492-4915-b8f8-7492a3b1e4cd,810e96e4-e456-4468-9b59-f4e8f39732c0,efe8e2a3-eace-427b-b4f1-cb8a937ec77d,e9aa9a3e-5b2b-4ac7-a2c7-073de2b2b24f,8bbdbcdd-5cd4-4100-b6d5-b7c9625b6107,50f4348b-c883-4e2f-8f11-ce233b859fa1,fda095cb-831d-4601-ad94-846013963de8,f92806d7-1768-443f-afe8-12bcde84d0f0,dd3a144d-ab7f-41f0-82b8-2e43a090d496,f0416e68-0200-4b77-a926-4f9d16e494da,970b0598-bcb0-4714-91fb-2e81440dccd8,bcd64cc6-2dd9-43f6-abbe-66318d332032,d930590d-bb92-4cc8-8bd1-23cd027f9edf,a3cd009f-0ab0-420d-9278-b9fdab939bbc,6a2d0734-bd9e-4ddf-946e-caa52498cb75,c27215d8-6835-4b68-bfbb-bdeac6100c04,b5d6115f-0370-4d7c-aad3-c194cc71cf98,871c3b6c-7379-419d-bda3-794b239ab90d,ff9b0199-ce04-4cfe-86cc-6c719f08d6e4,de1c2107-70c8-4021-8459-6399f24d01c6,cbf30902-517f-40dc-af90-a550bac27cf1
2025-7-24 10:27:16-debug:   Number of other assets: 505
2025-7-24 10:27:16-debug:   Number of all scripts: 14
2025-7-24 10:27:16-debug: Init bundle root assets success..., progress: 0%
2025-7-24 10:27:16-debug:   Number of all scenes: 1
2025-7-24 10:27:16-debug: // ---- build task 查询 Asset Bundle ---- (5ms)
2025-7-24 10:27:16-log: run build task 查询 Asset Bundle success in 5 ms√, progress: 5%
2025-7-24 10:27:16-debug: [Build Memory track]: 查询 Asset Bundle start:199.71MB, end 199.49MB, increase: -230.10KB
2025-7-24 10:27:16-debug: 查询 Asset Bundle start, progress: 5%
2025-7-24 10:27:16-debug: // ---- build task 查询 Asset Bundle ----
2025-7-24 10:27:16-debug: // ---- build task 查询 Asset Bundle ---- (1ms)
2025-7-24 10:27:16-debug: [Build Memory track]: 查询 Asset Bundle start:199.51MB, end 199.62MB, increase: 107.32KB
2025-7-24 10:27:16-log: run build task 查询 Asset Bundle success in 1 ms√, progress: 10%
2025-7-24 10:27:16-debug: 整理部分构建选项内数据到 settings.json start, progress: 10%
2025-7-24 10:27:16-debug: // ---- build task 整理部分构建选项内数据到 settings.json ----
2025-7-24 10:27:16-log: run build task 整理部分构建选项内数据到 settings.json success in √, progress: 12%
2025-7-24 10:27:16-debug: 填充脚本数据到 settings.json start, progress: 12%
2025-7-24 10:27:16-debug: [Build Memory track]: 整理部分构建选项内数据到 settings.json start:199.64MB, end 199.66MB, increase: 13.55KB
2025-7-24 10:27:16-debug: // ---- build task 填充脚本数据到 settings.json ----
2025-7-24 10:27:16-debug: // ---- build task 填充脚本数据到 settings.json ---- (2ms)
2025-7-24 10:27:16-log: run build task 填充脚本数据到 settings.json success in 2 ms√, progress: 13%
2025-7-24 10:27:16-debug: [Build Memory track]: 填充脚本数据到 settings.json start:199.68MB, end 199.71MB, increase: 25.69KB
2025-7-24 10:27:16-debug: 整理部分构建选项内数据到 settings.json start, progress: 13%
2025-7-24 10:27:16-debug: // ---- build task 整理部分构建选项内数据到 settings.json ----
2025-7-24 10:27:16-debug: // ---- build task 整理部分构建选项内数据到 settings.json ---- (3ms)
2025-7-24 10:27:16-log: run build task 整理部分构建选项内数据到 settings.json success in 3 ms√, progress: 15%
2025-7-24 10:27:16-debug: [Build Memory track]: 整理部分构建选项内数据到 settings.json start:199.73MB, end 199.86MB, increase: 133.68KB
2025-7-24 10:27:16-debug: %cImport%c: /Users/zhao/Desktop/test/cocos-creator/PlaneFight/assets/Scenes/Start.scenebackground: #aaff85; color: #000;color: #000;
2025-7-24 10:27:16-debug: asset-db:reimport-asset2fda4d65-a1e9-4078-8250-de49b04cdc34 (3ms)
2025-7-24 10:27:17-debug: Query all assets info in project
2025-7-24 10:27:17-debug: init custom config: keepNodeUuid: false, useCache: true
2025-7-24 10:27:17-debug: Skip compress image, progress: 0%
2025-7-24 10:27:17-debug: Init all bundles start..., progress: 0%
2025-7-24 10:27:17-debug: Init bundle root assets start..., progress: 0%
2025-7-24 10:27:17-debug: 查询 Asset Bundle start, progress: 0%
2025-7-24 10:27:17-debug: // ---- build task 查询 Asset Bundle ----
2025-7-24 10:27:17-debug: Num of bundles: 2..., progress: 0%
2025-7-24 10:27:17-debug: Query preload assets/scripts from cc.config.json: 60f7195c-ec2a-45eb-ba94-8955f60e81d0,1c02ae6f-4492-4915-b8f8-7492a3b1e4cd,810e96e4-e456-4468-9b59-f4e8f39732c0,efe8e2a3-eace-427b-b4f1-cb8a937ec77d,e9aa9a3e-5b2b-4ac7-a2c7-073de2b2b24f,8bbdbcdd-5cd4-4100-b6d5-b7c9625b6107,50f4348b-c883-4e2f-8f11-ce233b859fa1,fda095cb-831d-4601-ad94-846013963de8,f92806d7-1768-443f-afe8-12bcde84d0f0,dd3a144d-ab7f-41f0-82b8-2e43a090d496,f0416e68-0200-4b77-a926-4f9d16e494da,970b0598-bcb0-4714-91fb-2e81440dccd8,bcd64cc6-2dd9-43f6-abbe-66318d332032,d930590d-bb92-4cc8-8bd1-23cd027f9edf,a3cd009f-0ab0-420d-9278-b9fdab939bbc,6a2d0734-bd9e-4ddf-946e-caa52498cb75,c27215d8-6835-4b68-bfbb-bdeac6100c04,b5d6115f-0370-4d7c-aad3-c194cc71cf98,871c3b6c-7379-419d-bda3-794b239ab90d,ff9b0199-ce04-4cfe-86cc-6c719f08d6e4,de1c2107-70c8-4021-8459-6399f24d01c6,cbf30902-517f-40dc-af90-a550bac27cf1
2025-7-24 10:27:17-debug: Init bundle root assets success..., progress: 0%
2025-7-24 10:27:17-debug:   Number of all scenes: 1
2025-7-24 10:27:17-debug:   Number of all scripts: 14
2025-7-24 10:27:17-debug:   Number of other assets: 505
2025-7-24 10:27:17-debug: // ---- build task 查询 Asset Bundle ---- (2ms)
2025-7-24 10:27:17-log: run build task 查询 Asset Bundle success in 2 ms√, progress: 5%
2025-7-24 10:27:17-debug: [Build Memory track]: 查询 Asset Bundle start:199.27MB, end 199.89MB, increase: 637.93KB
2025-7-24 10:27:17-debug: 查询 Asset Bundle start, progress: 5%
2025-7-24 10:27:17-debug: // ---- build task 查询 Asset Bundle ----
2025-7-24 10:27:17-debug: // ---- build task 查询 Asset Bundle ---- (2ms)
2025-7-24 10:27:17-debug: 整理部分构建选项内数据到 settings.json start, progress: 10%
2025-7-24 10:27:17-debug: // ---- build task 整理部分构建选项内数据到 settings.json ----
2025-7-24 10:27:17-debug: [Build Memory track]: 查询 Asset Bundle start:199.92MB, end 199.35MB, increase: -576.91KB
2025-7-24 10:27:17-log: run build task 查询 Asset Bundle success in 2 ms√, progress: 10%
2025-7-24 10:27:17-log: run build task 整理部分构建选项内数据到 settings.json success in 1 ms√, progress: 12%
2025-7-24 10:27:17-debug: [Build Memory track]: 整理部分构建选项内数据到 settings.json start:199.38MB, end 199.40MB, increase: 22.13KB
2025-7-24 10:27:17-debug: // ---- build task 整理部分构建选项内数据到 settings.json ---- (1ms)
2025-7-24 10:27:17-debug: 填充脚本数据到 settings.json start, progress: 12%
2025-7-24 10:27:17-debug: // ---- build task 填充脚本数据到 settings.json ----
2025-7-24 10:27:17-debug: // ---- build task 填充脚本数据到 settings.json ---- (1ms)
2025-7-24 10:27:17-debug: [Build Memory track]: 填充脚本数据到 settings.json start:199.43MB, end 199.45MB, increase: 27.23KB
2025-7-24 10:27:17-log: run build task 填充脚本数据到 settings.json success in 1 ms√, progress: 13%
2025-7-24 10:27:17-debug: 整理部分构建选项内数据到 settings.json start, progress: 13%
2025-7-24 10:27:17-debug: // ---- build task 整理部分构建选项内数据到 settings.json ----
2025-7-24 10:27:17-debug: // ---- build task 整理部分构建选项内数据到 settings.json ---- (2ms)
2025-7-24 10:27:17-log: run build task 整理部分构建选项内数据到 settings.json success in 2 ms√, progress: 15%
2025-7-24 10:27:17-debug: [Build Memory track]: 整理部分构建选项内数据到 settings.json start:199.48MB, end 199.60MB, increase: 122.63KB
2025-7-24 10:27:20-debug: Query all assets info in project
2025-7-24 10:27:20-debug: init custom config: keepNodeUuid: false, useCache: true
2025-7-24 10:27:20-debug: Skip compress image, progress: 0%
2025-7-24 10:27:20-debug: Init all bundles start..., progress: 0%
2025-7-24 10:27:20-debug: Init bundle root assets start..., progress: 0%
2025-7-24 10:27:20-debug: Num of bundles: 2..., progress: 0%
2025-7-24 10:27:20-debug: // ---- build task 查询 Asset Bundle ----
2025-7-24 10:27:20-debug: 查询 Asset Bundle start, progress: 0%
2025-7-24 10:27:20-debug: Query preload assets/scripts from cc.config.json: 60f7195c-ec2a-45eb-ba94-8955f60e81d0,1c02ae6f-4492-4915-b8f8-7492a3b1e4cd,810e96e4-e456-4468-9b59-f4e8f39732c0,efe8e2a3-eace-427b-b4f1-cb8a937ec77d,e9aa9a3e-5b2b-4ac7-a2c7-073de2b2b24f,8bbdbcdd-5cd4-4100-b6d5-b7c9625b6107,50f4348b-c883-4e2f-8f11-ce233b859fa1,fda095cb-831d-4601-ad94-846013963de8,f92806d7-1768-443f-afe8-12bcde84d0f0,dd3a144d-ab7f-41f0-82b8-2e43a090d496,f0416e68-0200-4b77-a926-4f9d16e494da,970b0598-bcb0-4714-91fb-2e81440dccd8,bcd64cc6-2dd9-43f6-abbe-66318d332032,d930590d-bb92-4cc8-8bd1-23cd027f9edf,a3cd009f-0ab0-420d-9278-b9fdab939bbc,6a2d0734-bd9e-4ddf-946e-caa52498cb75,c27215d8-6835-4b68-bfbb-bdeac6100c04,b5d6115f-0370-4d7c-aad3-c194cc71cf98,871c3b6c-7379-419d-bda3-794b239ab90d,ff9b0199-ce04-4cfe-86cc-6c719f08d6e4,de1c2107-70c8-4021-8459-6399f24d01c6,cbf30902-517f-40dc-af90-a550bac27cf1
2025-7-24 10:27:20-debug:   Number of other assets: 505
2025-7-24 10:27:20-debug: // ---- build task 查询 Asset Bundle ---- (3ms)
2025-7-24 10:27:20-log: run build task 查询 Asset Bundle success in 3 ms√, progress: 5%
2025-7-24 10:27:20-debug: [Build Memory track]: 查询 Asset Bundle start:199.62MB, end 199.41MB, increase: -220.19KB
2025-7-24 10:27:20-debug: 查询 Asset Bundle start, progress: 5%
2025-7-24 10:27:20-debug: // ---- build task 查询 Asset Bundle ----
2025-7-24 10:27:20-debug:   Number of all scenes: 1
2025-7-24 10:27:20-debug:   Number of all scripts: 14
2025-7-24 10:27:20-debug: Init bundle root assets success..., progress: 0%
2025-7-24 10:27:20-debug: // ---- build task 查询 Asset Bundle ---- (2ms)
2025-7-24 10:27:20-debug: // ---- build task 整理部分构建选项内数据到 settings.json ----
2025-7-24 10:27:20-log: run build task 查询 Asset Bundle success in 2 ms√, progress: 10%
2025-7-24 10:27:20-debug: [Build Memory track]: 查询 Asset Bundle start:199.43MB, end 199.54MB, increase: 108.89KB
2025-7-24 10:27:20-debug: 整理部分构建选项内数据到 settings.json start, progress: 10%
2025-7-24 10:27:20-log: run build task 整理部分构建选项内数据到 settings.json success in √, progress: 12%
2025-7-24 10:27:20-debug: 填充脚本数据到 settings.json start, progress: 12%
2025-7-24 10:27:20-debug: [Build Memory track]: 整理部分构建选项内数据到 settings.json start:199.56MB, end 199.58MB, increase: 16.30KB
2025-7-24 10:27:20-debug: // ---- build task 填充脚本数据到 settings.json ----
2025-7-24 10:27:20-log: run build task 填充脚本数据到 settings.json success in √, progress: 13%
2025-7-24 10:27:20-debug: [Build Memory track]: 填充脚本数据到 settings.json start:199.60MB, end 199.62MB, increase: 15.13KB
2025-7-24 10:27:20-debug: 整理部分构建选项内数据到 settings.json start, progress: 13%
2025-7-24 10:27:20-debug: // ---- build task 整理部分构建选项内数据到 settings.json ----
2025-7-24 10:27:20-debug: // ---- build task 整理部分构建选项内数据到 settings.json ---- (3ms)
2025-7-24 10:27:20-log: run build task 整理部分构建选项内数据到 settings.json success in 3 ms√, progress: 15%
2025-7-24 10:27:20-debug: [Build Memory track]: 整理部分构建选项内数据到 settings.json start:199.64MB, end 199.77MB, increase: 129.82KB
2025-7-24 10:27:22-debug: refresh db internal success
2025-7-24 10:27:22-debug: Run asset db hook engine-extends:afterRefresh ...
2025-7-24 10:27:22-debug: Run asset db hook engine-extends:afterRefresh success!
2025-7-24 10:27:22-debug: refresh db assets success
2025-7-24 10:27:22-debug: asset-db:refresh-all-database (20ms)
2025-7-24 10:27:22-debug: asset-db-hook-engine-extends-afterRefresh (1ms)
2025-7-24 10:27:22-debug: asset-db:worker-effect-data-processing (1ms)
2025-7-24 10:27:23-debug: Query all assets info in project
2025-7-24 10:27:23-debug: Skip compress image, progress: 0%
2025-7-24 10:27:23-debug: init custom config: keepNodeUuid: false, useCache: true
2025-7-24 10:27:23-debug: Init all bundles start..., progress: 0%
2025-7-24 10:27:23-debug: Num of bundles: 2..., progress: 0%
2025-7-24 10:27:23-debug: 查询 Asset Bundle start, progress: 0%
2025-7-24 10:27:23-debug: // ---- build task 查询 Asset Bundle ----
2025-7-24 10:27:23-debug: Init bundle root assets start..., progress: 0%
2025-7-24 10:27:23-debug: Query preload assets/scripts from cc.config.json: 60f7195c-ec2a-45eb-ba94-8955f60e81d0,1c02ae6f-4492-4915-b8f8-7492a3b1e4cd,810e96e4-e456-4468-9b59-f4e8f39732c0,efe8e2a3-eace-427b-b4f1-cb8a937ec77d,e9aa9a3e-5b2b-4ac7-a2c7-073de2b2b24f,8bbdbcdd-5cd4-4100-b6d5-b7c9625b6107,50f4348b-c883-4e2f-8f11-ce233b859fa1,fda095cb-831d-4601-ad94-846013963de8,f92806d7-1768-443f-afe8-12bcde84d0f0,dd3a144d-ab7f-41f0-82b8-2e43a090d496,f0416e68-0200-4b77-a926-4f9d16e494da,970b0598-bcb0-4714-91fb-2e81440dccd8,bcd64cc6-2dd9-43f6-abbe-66318d332032,d930590d-bb92-4cc8-8bd1-23cd027f9edf,a3cd009f-0ab0-420d-9278-b9fdab939bbc,6a2d0734-bd9e-4ddf-946e-caa52498cb75,c27215d8-6835-4b68-bfbb-bdeac6100c04,b5d6115f-0370-4d7c-aad3-c194cc71cf98,871c3b6c-7379-419d-bda3-794b239ab90d,ff9b0199-ce04-4cfe-86cc-6c719f08d6e4,de1c2107-70c8-4021-8459-6399f24d01c6,cbf30902-517f-40dc-af90-a550bac27cf1
2025-7-24 10:27:23-debug:   Number of all scenes: 1
2025-7-24 10:27:23-debug:   Number of all scripts: 14
2025-7-24 10:27:23-debug:   Number of other assets: 505
2025-7-24 10:27:23-debug: Init bundle root assets success..., progress: 0%
2025-7-24 10:27:23-debug: // ---- build task 查询 Asset Bundle ---- (3ms)
2025-7-24 10:27:23-debug: [Build Memory track]: 查询 Asset Bundle start:200.69MB, end 201.32MB, increase: 640.73KB
2025-7-24 10:27:23-log: run build task 查询 Asset Bundle success in 3 ms√, progress: 5%
2025-7-24 10:27:23-debug: 查询 Asset Bundle start, progress: 5%
2025-7-24 10:27:23-debug: // ---- build task 查询 Asset Bundle ----
2025-7-24 10:27:23-debug: // ---- build task 查询 Asset Bundle ---- (1ms)
2025-7-24 10:27:23-log: run build task 查询 Asset Bundle success in 1 ms√, progress: 10%
2025-7-24 10:27:23-debug: [Build Memory track]: 查询 Asset Bundle start:201.34MB, end 201.47MB, increase: 126.16KB
2025-7-24 10:27:23-debug: // ---- build task 整理部分构建选项内数据到 settings.json ----
2025-7-24 10:27:23-debug: 整理部分构建选项内数据到 settings.json start, progress: 10%
2025-7-24 10:27:23-log: run build task 整理部分构建选项内数据到 settings.json success in √, progress: 12%
2025-7-24 10:27:23-debug: [Build Memory track]: 整理部分构建选项内数据到 settings.json start:201.49MB, end 201.51MB, increase: 13.79KB
2025-7-24 10:27:23-debug: 整理部分构建选项内数据到 settings.json start, progress: 13%
2025-7-24 10:27:23-debug: [Build Memory track]: 填充脚本数据到 settings.json start:201.53MB, end 201.54MB, increase: 14.06KB
2025-7-24 10:27:23-debug: // ---- build task 填充脚本数据到 settings.json ----
2025-7-24 10:27:23-debug: 填充脚本数据到 settings.json start, progress: 12%
2025-7-24 10:27:23-log: run build task 填充脚本数据到 settings.json success in √, progress: 13%
2025-7-24 10:27:23-debug: // ---- build task 整理部分构建选项内数据到 settings.json ----
2025-7-24 10:27:23-debug: // ---- build task 整理部分构建选项内数据到 settings.json ---- (3ms)
2025-7-24 10:27:23-log: run build task 整理部分构建选项内数据到 settings.json success in 3 ms√, progress: 15%
2025-7-24 10:27:23-debug: [Build Memory track]: 整理部分构建选项内数据到 settings.json start:201.57MB, end 200.20MB, increase: -1406.63KB
2025-7-24 10:27:32-debug: refresh db internal success
2025-7-24 10:27:32-debug: refresh db assets success
2025-7-24 10:27:32-debug: Run asset db hook engine-extends:afterRefresh ...
2025-7-24 10:27:32-debug: Run asset db hook engine-extends:afterRefresh success!
2025-7-24 10:27:32-debug: asset-db:refresh-all-database (30ms)
2025-7-24 10:27:32-debug: asset-db:worker-effect-data-processing (1ms)
2025-7-24 10:27:32-debug: asset-db-hook-engine-extends-afterRefresh (1ms)
2025-7-24 10:27:41-debug: refresh db internal success
2025-7-24 10:27:41-debug: %cImport%c: /Users/zhao/Desktop/test/cocos-creator/PlaneFight/assets/Scripts/Enemy.tsbackground: #aaff85; color: #000;color: #000;
2025-7-24 10:27:41-debug: refresh db assets success
2025-7-24 10:27:41-debug: Run asset db hook engine-extends:afterRefresh success!
2025-7-24 10:27:41-debug: Run asset db hook engine-extends:afterRefresh ...
2025-7-24 10:27:41-debug: asset-db:refresh-all-database (26ms)
2025-7-24 10:27:41-debug: asset-db:worker-effect-data-processing (1ms)
2025-7-24 10:27:41-debug: asset-db-hook-engine-extends-afterRefresh (1ms)
2025-7-24 10:27:41-debug: %cImport%c: /Users/zhao/Desktop/test/cocos-creator/PlaneFight/assets/Scenes/Start.scenebackground: #aaff85; color: #000;color: #000;
2025-7-24 10:27:41-debug: asset-db:reimport-asset2fda4d65-a1e9-4078-8250-de49b04cdc34 (2ms)
2025-7-24 10:27:42-debug: Query all assets info in project
2025-7-24 10:27:42-debug: init custom config: keepNodeUuid: false, useCache: true
2025-7-24 10:27:42-debug: Skip compress image, progress: 0%
2025-7-24 10:27:42-debug: Init all bundles start..., progress: 0%
2025-7-24 10:27:42-debug: Num of bundles: 2..., progress: 0%
2025-7-24 10:27:42-debug: // ---- build task 查询 Asset Bundle ----
2025-7-24 10:27:42-debug: Init bundle root assets start..., progress: 0%
2025-7-24 10:27:42-debug: 查询 Asset Bundle start, progress: 0%
2025-7-24 10:27:42-debug: Query preload assets/scripts from cc.config.json: 60f7195c-ec2a-45eb-ba94-8955f60e81d0,1c02ae6f-4492-4915-b8f8-7492a3b1e4cd,810e96e4-e456-4468-9b59-f4e8f39732c0,efe8e2a3-eace-427b-b4f1-cb8a937ec77d,e9aa9a3e-5b2b-4ac7-a2c7-073de2b2b24f,8bbdbcdd-5cd4-4100-b6d5-b7c9625b6107,50f4348b-c883-4e2f-8f11-ce233b859fa1,fda095cb-831d-4601-ad94-846013963de8,f92806d7-1768-443f-afe8-12bcde84d0f0,dd3a144d-ab7f-41f0-82b8-2e43a090d496,f0416e68-0200-4b77-a926-4f9d16e494da,970b0598-bcb0-4714-91fb-2e81440dccd8,bcd64cc6-2dd9-43f6-abbe-66318d332032,d930590d-bb92-4cc8-8bd1-23cd027f9edf,a3cd009f-0ab0-420d-9278-b9fdab939bbc,6a2d0734-bd9e-4ddf-946e-caa52498cb75,c27215d8-6835-4b68-bfbb-bdeac6100c04,b5d6115f-0370-4d7c-aad3-c194cc71cf98,871c3b6c-7379-419d-bda3-794b239ab90d,ff9b0199-ce04-4cfe-86cc-6c719f08d6e4,de1c2107-70c8-4021-8459-6399f24d01c6,cbf30902-517f-40dc-af90-a550bac27cf1
2025-7-24 10:27:42-debug:   Number of all scenes: 1
2025-7-24 10:27:42-debug:   Number of other assets: 505
2025-7-24 10:27:42-debug:   Number of all scripts: 14
2025-7-24 10:27:42-debug: Init bundle root assets success..., progress: 0%
2025-7-24 10:27:42-log: run build task 查询 Asset Bundle success in 7 ms√, progress: 5%
2025-7-24 10:27:42-debug: [Build Memory track]: 查询 Asset Bundle start:201.27MB, end 201.04MB, increase: -234.88KB
2025-7-24 10:27:42-debug: 查询 Asset Bundle start, progress: 5%
2025-7-24 10:27:42-debug: // ---- build task 查询 Asset Bundle ----
2025-7-24 10:27:42-debug: // ---- build task 查询 Asset Bundle ---- (7ms)
2025-7-24 10:27:42-debug: // ---- build task 查询 Asset Bundle ---- (9ms)
2025-7-24 10:27:42-log: run build task 查询 Asset Bundle success in 9 ms√, progress: 10%
2025-7-24 10:27:42-debug: [Build Memory track]: 查询 Asset Bundle start:201.06MB, end 201.17MB, increase: 109.95KB
2025-7-24 10:27:42-debug: 整理部分构建选项内数据到 settings.json start, progress: 10%
2025-7-24 10:27:42-debug: // ---- build task 整理部分构建选项内数据到 settings.json ----
2025-7-24 10:27:42-debug: // ---- build task 整理部分构建选项内数据到 settings.json ---- (1ms)
2025-7-24 10:27:42-debug: // ---- build task 填充脚本数据到 settings.json ----
2025-7-24 10:27:42-debug: [Build Memory track]: 整理部分构建选项内数据到 settings.json start:201.20MB, end 201.22MB, increase: 24.84KB
2025-7-24 10:27:42-debug: 填充脚本数据到 settings.json start, progress: 12%
2025-7-24 10:27:42-debug: [Build Memory track]: 填充脚本数据到 settings.json start:201.24MB, end 201.26MB, increase: 14.34KB
2025-7-24 10:27:42-log: run build task 整理部分构建选项内数据到 settings.json success in 1 ms√, progress: 12%
2025-7-24 10:27:42-debug: 整理部分构建选项内数据到 settings.json start, progress: 13%
2025-7-24 10:27:42-log: run build task 填充脚本数据到 settings.json success in √, progress: 13%
2025-7-24 10:27:42-debug: // ---- build task 整理部分构建选项内数据到 settings.json ----
2025-7-24 10:27:42-log: run build task 整理部分构建选项内数据到 settings.json success in 1 ms√, progress: 15%
2025-7-24 10:27:42-debug: // ---- build task 整理部分构建选项内数据到 settings.json ---- (1ms)
2025-7-24 10:27:42-debug: [Build Memory track]: 整理部分构建选项内数据到 settings.json start:201.28MB, end 201.41MB, increase: 125.16KB
2025-7-24 10:27:42-debug: Query all assets info in project
2025-7-24 10:27:42-debug: init custom config: keepNodeUuid: false, useCache: true
2025-7-24 10:27:42-debug: Skip compress image, progress: 0%
2025-7-24 10:27:42-debug: Init all bundles start..., progress: 0%
2025-7-24 10:27:42-debug: // ---- build task 查询 Asset Bundle ----
2025-7-24 10:27:42-debug: 查询 Asset Bundle start, progress: 0%
2025-7-24 10:27:42-debug: Num of bundles: 2..., progress: 0%
2025-7-24 10:27:42-debug: Init bundle root assets start..., progress: 0%
2025-7-24 10:27:42-debug: Query preload assets/scripts from cc.config.json: 60f7195c-ec2a-45eb-ba94-8955f60e81d0,1c02ae6f-4492-4915-b8f8-7492a3b1e4cd,810e96e4-e456-4468-9b59-f4e8f39732c0,efe8e2a3-eace-427b-b4f1-cb8a937ec77d,e9aa9a3e-5b2b-4ac7-a2c7-073de2b2b24f,8bbdbcdd-5cd4-4100-b6d5-b7c9625b6107,50f4348b-c883-4e2f-8f11-ce233b859fa1,fda095cb-831d-4601-ad94-846013963de8,f92806d7-1768-443f-afe8-12bcde84d0f0,dd3a144d-ab7f-41f0-82b8-2e43a090d496,f0416e68-0200-4b77-a926-4f9d16e494da,970b0598-bcb0-4714-91fb-2e81440dccd8,bcd64cc6-2dd9-43f6-abbe-66318d332032,d930590d-bb92-4cc8-8bd1-23cd027f9edf,a3cd009f-0ab0-420d-9278-b9fdab939bbc,6a2d0734-bd9e-4ddf-946e-caa52498cb75,c27215d8-6835-4b68-bfbb-bdeac6100c04,b5d6115f-0370-4d7c-aad3-c194cc71cf98,871c3b6c-7379-419d-bda3-794b239ab90d,ff9b0199-ce04-4cfe-86cc-6c719f08d6e4,de1c2107-70c8-4021-8459-6399f24d01c6,cbf30902-517f-40dc-af90-a550bac27cf1
2025-7-24 10:27:42-debug:   Number of all scenes: 1
2025-7-24 10:27:42-debug:   Number of other assets: 505
2025-7-24 10:27:42-debug: Init bundle root assets success..., progress: 0%
2025-7-24 10:27:42-debug:   Number of all scripts: 14
2025-7-24 10:27:42-debug: // ---- build task 查询 Asset Bundle ---- (1ms)
2025-7-24 10:27:42-log: run build task 查询 Asset Bundle success in 1 ms√, progress: 5%
2025-7-24 10:27:42-debug: 查询 Asset Bundle start, progress: 5%
2025-7-24 10:27:42-debug: // ---- build task 查询 Asset Bundle ----
2025-7-24 10:27:42-debug: [Build Memory track]: 查询 Asset Bundle start:200.97MB, end 201.59MB, increase: 636.79KB
2025-7-24 10:27:42-debug: // ---- build task 查询 Asset Bundle ---- (1ms)
2025-7-24 10:27:42-log: run build task 查询 Asset Bundle success in 1 ms√, progress: 10%
2025-7-24 10:27:42-debug: 整理部分构建选项内数据到 settings.json start, progress: 10%
2025-7-24 10:27:42-debug: // ---- build task 整理部分构建选项内数据到 settings.json ----
2025-7-24 10:27:42-debug: [Build Memory track]: 查询 Asset Bundle start:201.62MB, end 201.01MB, increase: -623.58KB
2025-7-24 10:27:42-log: run build task 整理部分构建选项内数据到 settings.json success in √, progress: 12%
2025-7-24 10:27:42-debug: [Build Memory track]: 整理部分构建选项内数据到 settings.json start:201.03MB, end 201.05MB, increase: 16.92KB
2025-7-24 10:27:42-debug: 填充脚本数据到 settings.json start, progress: 12%
2025-7-24 10:27:42-debug: // ---- build task 填充脚本数据到 settings.json ----
2025-7-24 10:27:42-debug: // ---- build task 填充脚本数据到 settings.json ---- (1ms)
2025-7-24 10:27:42-debug: 整理部分构建选项内数据到 settings.json start, progress: 13%
2025-7-24 10:27:42-log: run build task 填充脚本数据到 settings.json success in 1 ms√, progress: 13%
2025-7-24 10:27:42-debug: [Build Memory track]: 填充脚本数据到 settings.json start:201.07MB, end 201.10MB, increase: 26.05KB
2025-7-24 10:27:42-debug: // ---- build task 整理部分构建选项内数据到 settings.json ----
2025-7-24 10:27:42-debug: // ---- build task 整理部分构建选项内数据到 settings.json ---- (1ms)
2025-7-24 10:27:42-log: run build task 整理部分构建选项内数据到 settings.json success in 1 ms√, progress: 15%
2025-7-24 10:27:42-debug: [Build Memory track]: 整理部分构建选项内数据到 settings.json start:201.12MB, end 201.24MB, increase: 124.30KB
2025-7-24 10:28:09-debug: refresh db internal success
2025-7-24 10:28:09-debug: refresh db assets success
2025-7-24 10:28:09-debug: Run asset db hook engine-extends:afterRefresh success!
2025-7-24 10:28:09-debug: Run asset db hook engine-extends:afterRefresh ...
2025-7-24 10:28:09-debug: asset-db:refresh-all-database (32ms)
2025-7-24 10:29:50-debug: refresh db internal success
2025-7-24 10:29:50-debug: refresh db assets success
2025-7-24 10:29:50-debug: Run asset db hook engine-extends:afterRefresh ...
2025-7-24 10:29:50-debug: Run asset db hook engine-extends:afterRefresh success!
2025-7-24 10:29:50-debug: asset-db:refresh-all-database (32ms)
2025-7-24 10:29:50-debug: asset-db-hook-engine-extends-afterRefresh (1ms)
2025-7-24 10:30:29-debug: refresh db internal success
2025-7-24 10:30:29-debug: refresh db assets success
2025-7-24 10:30:29-debug: Run asset db hook engine-extends:afterRefresh ...
2025-7-24 10:30:29-debug: Run asset db hook engine-extends:afterRefresh success!
2025-7-24 10:30:29-debug: asset-db:refresh-all-database (26ms)
2025-7-24 10:30:29-debug: asset-db:worker-effect-data-processing (1ms)
2025-7-24 10:30:29-debug: asset-db-hook-engine-extends-afterRefresh (1ms)
2025-7-24 10:30:43-debug: refresh db internal success
2025-7-24 10:30:43-debug: refresh db assets success
2025-7-24 10:30:43-debug: Run asset db hook engine-extends:afterRefresh ...
2025-7-24 10:30:43-debug: Run asset db hook engine-extends:afterRefresh success!
2025-7-24 10:30:43-debug: asset-db:refresh-all-database (28ms)
2025-7-24 10:30:43-debug: asset-db:worker-effect-data-processing (1ms)
2025-7-24 10:30:43-debug: asset-db-hook-engine-extends-afterRefresh (1ms)
2025-7-24 10:32:05-debug: refresh db internal success
2025-7-24 10:32:05-debug: refresh db assets success
2025-7-24 10:32:05-debug: Run asset db hook engine-extends:afterRefresh success!
2025-7-24 10:32:05-debug: Run asset db hook engine-extends:afterRefresh ...
2025-7-24 10:32:05-debug: asset-db:refresh-all-database (36ms)
2025-7-24 10:32:05-debug: asset-db-hook-engine-extends-afterRefresh (1ms)
2025-7-24 10:32:59-debug: refresh db internal success
2025-7-24 10:32:59-debug: refresh db assets success
2025-7-24 10:32:59-debug: Run asset db hook engine-extends:afterRefresh ...
2025-7-24 10:32:59-debug: Run asset db hook engine-extends:afterRefresh success!
2025-7-24 10:32:59-debug: asset-db:refresh-all-database (19ms)
2025-7-24 10:32:59-debug: asset-db:worker-effect-data-processing (1ms)
2025-7-24 10:32:59-debug: asset-db-hook-engine-extends-afterRefresh (1ms)
2025-7-24 10:35:21-debug: refresh db internal success
2025-7-24 10:35:21-debug: refresh db assets success
2025-7-24 10:35:21-debug: Run asset db hook engine-extends:afterRefresh ...
2025-7-24 10:35:21-debug: Run asset db hook engine-extends:afterRefresh success!
2025-7-24 10:35:21-debug: asset-db:refresh-all-database (31ms)
2025-7-24 10:35:21-debug: asset-db:worker-effect-data-processing (1ms)
2025-7-24 10:35:21-debug: asset-db-hook-engine-extends-afterRefresh (1ms)
2025-7-24 10:35:28-debug: refresh db internal success
2025-7-24 10:35:28-debug: refresh db assets success
2025-7-24 10:35:28-debug: Run asset db hook engine-extends:afterRefresh ...
2025-7-24 10:35:28-debug: Run asset db hook engine-extends:afterRefresh success!
2025-7-24 10:35:28-debug: asset-db:refresh-all-database (14ms)
2025-7-24 10:35:28-debug: asset-db:worker-effect-data-processing (1ms)
2025-7-24 10:35:28-debug: asset-db-hook-engine-extends-afterRefresh (1ms)
2025-7-24 10:35:32-debug: refresh db internal success
2025-7-24 10:35:32-debug: refresh db assets success
2025-7-24 10:35:32-debug: Run asset db hook engine-extends:afterRefresh ...
2025-7-24 10:35:32-debug: Run asset db hook engine-extends:afterRefresh success!
2025-7-24 10:35:32-debug: asset-db:refresh-all-database (18ms)
2025-7-24 10:35:32-debug: asset-db-hook-engine-extends-afterRefresh (1ms)
2025-7-24 10:35:32-debug: asset-db:worker-effect-data-processing (1ms)
2025-7-24 10:35:53-debug: refresh db internal success
2025-7-24 10:35:53-debug: refresh db assets success
2025-7-24 10:35:53-debug: Run asset db hook engine-extends:afterRefresh ...
2025-7-24 10:35:53-debug: Run asset db hook engine-extends:afterRefresh success!
2025-7-24 10:35:53-debug: asset-db:refresh-all-database (17ms)
2025-7-24 10:36:52-debug: %cImport%c: /Users/zhao/Desktop/test/cocos-creator/PlaneFight/assets/Prefabs/bullet1.prefabbackground: #aaff85; color: #000;color: #000;
2025-7-24 10:36:52-debug: asset-db:reimport-asset13ccfaba-f106-4cc4-82f9-186df7dd0073 (4ms)
2025-7-24 10:36:56-debug: refresh db internal success
2025-7-24 10:36:56-debug: refresh db assets success
2025-7-24 10:36:56-debug: Run asset db hook engine-extends:afterRefresh success!
2025-7-24 10:36:56-debug: Run asset db hook engine-extends:afterRefresh ...
2025-7-24 10:36:56-debug: asset-db:refresh-all-database (32ms)
2025-7-24 10:36:56-debug: asset-db:worker-effect-data-processing (1ms)
2025-7-24 10:36:56-debug: asset-db-hook-engine-extends-afterRefresh (1ms)
2025-7-24 10:36:57-debug: %cImport%c: /Users/zhao/Desktop/test/cocos-creator/PlaneFight/assets/Scenes/Start.scenebackground: #aaff85; color: #000;color: #000;
2025-7-24 10:36:57-debug: asset-db:reimport-asset2fda4d65-a1e9-4078-8250-de49b04cdc34 (9ms)
2025-7-24 10:36:57-debug: Query all assets info in project
2025-7-24 10:36:57-debug: init custom config: keepNodeUuid: false, useCache: true
2025-7-24 10:36:57-debug: Skip compress image, progress: 0%
2025-7-24 10:36:57-debug: 查询 Asset Bundle start, progress: 0%
2025-7-24 10:36:57-debug: // ---- build task 查询 Asset Bundle ----
2025-7-24 10:36:57-debug: Init bundle root assets start..., progress: 0%
2025-7-24 10:36:57-debug: Num of bundles: 2..., progress: 0%
2025-7-24 10:36:57-debug: Init all bundles start..., progress: 0%
2025-7-24 10:36:57-debug: Query preload assets/scripts from cc.config.json: 60f7195c-ec2a-45eb-ba94-8955f60e81d0,1c02ae6f-4492-4915-b8f8-7492a3b1e4cd,810e96e4-e456-4468-9b59-f4e8f39732c0,efe8e2a3-eace-427b-b4f1-cb8a937ec77d,e9aa9a3e-5b2b-4ac7-a2c7-073de2b2b24f,8bbdbcdd-5cd4-4100-b6d5-b7c9625b6107,50f4348b-c883-4e2f-8f11-ce233b859fa1,fda095cb-831d-4601-ad94-846013963de8,f92806d7-1768-443f-afe8-12bcde84d0f0,dd3a144d-ab7f-41f0-82b8-2e43a090d496,f0416e68-0200-4b77-a926-4f9d16e494da,970b0598-bcb0-4714-91fb-2e81440dccd8,bcd64cc6-2dd9-43f6-abbe-66318d332032,d930590d-bb92-4cc8-8bd1-23cd027f9edf,a3cd009f-0ab0-420d-9278-b9fdab939bbc,6a2d0734-bd9e-4ddf-946e-caa52498cb75,c27215d8-6835-4b68-bfbb-bdeac6100c04,b5d6115f-0370-4d7c-aad3-c194cc71cf98,871c3b6c-7379-419d-bda3-794b239ab90d,ff9b0199-ce04-4cfe-86cc-6c719f08d6e4,de1c2107-70c8-4021-8459-6399f24d01c6,cbf30902-517f-40dc-af90-a550bac27cf1
2025-7-24 10:36:57-log: run build task 查询 Asset Bundle success in 9 ms√, progress: 5%
2025-7-24 10:36:57-debug: [Build Memory track]: 查询 Asset Bundle start:205.16MB, end 204.94MB, increase: -228.51KB
2025-7-24 10:36:57-debug:   Number of other assets: 505
2025-7-24 10:36:57-debug: 查询 Asset Bundle start, progress: 5%
2025-7-24 10:36:57-debug: // ---- build task 查询 Asset Bundle ---- (9ms)
2025-7-24 10:36:57-debug: // ---- build task 查询 Asset Bundle ----
2025-7-24 10:36:57-debug:   Number of all scenes: 1
2025-7-24 10:36:57-debug: Init bundle root assets success..., progress: 0%
2025-7-24 10:36:57-debug:   Number of all scripts: 14
2025-7-24 10:36:57-log: run build task 查询 Asset Bundle success in 2 ms√, progress: 10%
2025-7-24 10:36:57-debug: [Build Memory track]: 查询 Asset Bundle start:204.96MB, end 205.07MB, increase: 109.93KB
2025-7-24 10:36:57-debug: 整理部分构建选项内数据到 settings.json start, progress: 10%
2025-7-24 10:36:57-debug: // ---- build task 整理部分构建选项内数据到 settings.json ----
2025-7-24 10:36:57-debug: // ---- build task 查询 Asset Bundle ---- (2ms)
2025-7-24 10:36:57-log: run build task 整理部分构建选项内数据到 settings.json success in √, progress: 12%
2025-7-24 10:36:57-debug: [Build Memory track]: 整理部分构建选项内数据到 settings.json start:205.10MB, end 205.11MB, increase: 14.71KB
2025-7-24 10:36:57-debug: 填充脚本数据到 settings.json start, progress: 12%
2025-7-24 10:36:57-debug: // ---- build task 填充脚本数据到 settings.json ----
2025-7-24 10:36:57-log: run build task 填充脚本数据到 settings.json success in √, progress: 13%
2025-7-24 10:36:57-debug: [Build Memory track]: 填充脚本数据到 settings.json start:205.14MB, end 205.15MB, increase: 13.06KB
2025-7-24 10:36:57-debug: 整理部分构建选项内数据到 settings.json start, progress: 13%
2025-7-24 10:36:57-debug: // ---- build task 整理部分构建选项内数据到 settings.json ----
2025-7-24 10:36:57-debug: // ---- build task 整理部分构建选项内数据到 settings.json ---- (4ms)
2025-7-24 10:36:57-debug: [Build Memory track]: 整理部分构建选项内数据到 settings.json start:205.17MB, end 205.30MB, increase: 126.94KB
2025-7-24 10:36:57-log: run build task 整理部分构建选项内数据到 settings.json success in 4 ms√, progress: 15%
2025-7-24 10:36:57-debug: Query all assets info in project
2025-7-24 10:36:57-debug: init custom config: keepNodeUuid: false, useCache: true
2025-7-24 10:36:57-debug: Skip compress image, progress: 0%
2025-7-24 10:36:57-debug: Init all bundles start..., progress: 0%
2025-7-24 10:36:57-debug: Num of bundles: 2..., progress: 0%
2025-7-24 10:36:57-debug: // ---- build task 查询 Asset Bundle ----
2025-7-24 10:36:57-debug: Init bundle root assets start..., progress: 0%
2025-7-24 10:36:57-debug: 查询 Asset Bundle start, progress: 0%
2025-7-24 10:36:57-debug: Query preload assets/scripts from cc.config.json: 60f7195c-ec2a-45eb-ba94-8955f60e81d0,1c02ae6f-4492-4915-b8f8-7492a3b1e4cd,810e96e4-e456-4468-9b59-f4e8f39732c0,efe8e2a3-eace-427b-b4f1-cb8a937ec77d,e9aa9a3e-5b2b-4ac7-a2c7-073de2b2b24f,8bbdbcdd-5cd4-4100-b6d5-b7c9625b6107,50f4348b-c883-4e2f-8f11-ce233b859fa1,fda095cb-831d-4601-ad94-846013963de8,f92806d7-1768-443f-afe8-12bcde84d0f0,dd3a144d-ab7f-41f0-82b8-2e43a090d496,f0416e68-0200-4b77-a926-4f9d16e494da,970b0598-bcb0-4714-91fb-2e81440dccd8,bcd64cc6-2dd9-43f6-abbe-66318d332032,d930590d-bb92-4cc8-8bd1-23cd027f9edf,a3cd009f-0ab0-420d-9278-b9fdab939bbc,6a2d0734-bd9e-4ddf-946e-caa52498cb75,c27215d8-6835-4b68-bfbb-bdeac6100c04,b5d6115f-0370-4d7c-aad3-c194cc71cf98,871c3b6c-7379-419d-bda3-794b239ab90d,ff9b0199-ce04-4cfe-86cc-6c719f08d6e4,de1c2107-70c8-4021-8459-6399f24d01c6,cbf30902-517f-40dc-af90-a550bac27cf1
2025-7-24 10:36:57-debug:   Number of all scenes: 1
2025-7-24 10:36:57-debug:   Number of other assets: 505
2025-7-24 10:36:57-debug: Init bundle root assets success..., progress: 0%
2025-7-24 10:36:57-debug: // ---- build task 查询 Asset Bundle ---- (6ms)
2025-7-24 10:36:57-debug: [Build Memory track]: 查询 Asset Bundle start:205.65MB, end 206.28MB, increase: 642.35KB
2025-7-24 10:36:57-debug: 查询 Asset Bundle start, progress: 5%
2025-7-24 10:36:57-debug: // ---- build task 查询 Asset Bundle ----
2025-7-24 10:36:57-log: run build task 查询 Asset Bundle success in 6 ms√, progress: 5%
2025-7-24 10:36:57-debug:   Number of all scripts: 14
2025-7-24 10:36:57-debug: // ---- build task 查询 Asset Bundle ---- (9ms)
2025-7-24 10:36:57-log: run build task 查询 Asset Bundle success in 9 ms√, progress: 10%
2025-7-24 10:36:57-debug: [Build Memory track]: 查询 Asset Bundle start:206.30MB, end 204.87MB, increase: -1465.60KB
2025-7-24 10:36:57-debug: 整理部分构建选项内数据到 settings.json start, progress: 10%
2025-7-24 10:36:57-debug: // ---- build task 整理部分构建选项内数据到 settings.json ---- (1ms)
2025-7-24 10:36:57-debug: // ---- build task 填充脚本数据到 settings.json ----
2025-7-24 10:36:57-log: run build task 整理部分构建选项内数据到 settings.json success in 1 ms√, progress: 12%
2025-7-24 10:36:57-debug: // ---- build task 整理部分构建选项内数据到 settings.json ----
2025-7-24 10:36:57-debug: [Build Memory track]: 整理部分构建选项内数据到 settings.json start:204.90MB, end 204.93MB, increase: 32.00KB
2025-7-24 10:36:57-debug: 填充脚本数据到 settings.json start, progress: 12%
2025-7-24 10:36:57-log: run build task 填充脚本数据到 settings.json success in √, progress: 13%
2025-7-24 10:36:57-debug: [Build Memory track]: 填充脚本数据到 settings.json start:204.95MB, end 204.97MB, increase: 15.77KB
2025-7-24 10:36:57-debug: 整理部分构建选项内数据到 settings.json start, progress: 13%
2025-7-24 10:36:57-debug: // ---- build task 整理部分构建选项内数据到 settings.json ----
2025-7-24 10:36:57-debug: // ---- build task 整理部分构建选项内数据到 settings.json ---- (6ms)
2025-7-24 10:36:57-debug: [Build Memory track]: 整理部分构建选项内数据到 settings.json start:204.99MB, end 205.13MB, increase: 142.97KB
2025-7-24 10:36:57-log: run build task 整理部分构建选项内数据到 settings.json success in 6 ms√, progress: 15%
2025-7-24 10:37:02-debug: Query all assets info in project
2025-7-24 10:37:02-debug: init custom config: keepNodeUuid: false, useCache: true
2025-7-24 10:37:02-debug: Skip compress image, progress: 0%
2025-7-24 10:37:02-debug: Init all bundles start..., progress: 0%
2025-7-24 10:37:02-debug: Init bundle root assets start..., progress: 0%
2025-7-24 10:37:02-debug: 查询 Asset Bundle start, progress: 0%
2025-7-24 10:37:02-debug: // ---- build task 查询 Asset Bundle ----
2025-7-24 10:37:02-debug: Num of bundles: 2..., progress: 0%
2025-7-24 10:37:02-debug: Query preload assets/scripts from cc.config.json: 60f7195c-ec2a-45eb-ba94-8955f60e81d0,1c02ae6f-4492-4915-b8f8-7492a3b1e4cd,810e96e4-e456-4468-9b59-f4e8f39732c0,efe8e2a3-eace-427b-b4f1-cb8a937ec77d,e9aa9a3e-5b2b-4ac7-a2c7-073de2b2b24f,8bbdbcdd-5cd4-4100-b6d5-b7c9625b6107,50f4348b-c883-4e2f-8f11-ce233b859fa1,fda095cb-831d-4601-ad94-846013963de8,f92806d7-1768-443f-afe8-12bcde84d0f0,dd3a144d-ab7f-41f0-82b8-2e43a090d496,f0416e68-0200-4b77-a926-4f9d16e494da,970b0598-bcb0-4714-91fb-2e81440dccd8,bcd64cc6-2dd9-43f6-abbe-66318d332032,d930590d-bb92-4cc8-8bd1-23cd027f9edf,a3cd009f-0ab0-420d-9278-b9fdab939bbc,6a2d0734-bd9e-4ddf-946e-caa52498cb75,c27215d8-6835-4b68-bfbb-bdeac6100c04,b5d6115f-0370-4d7c-aad3-c194cc71cf98,871c3b6c-7379-419d-bda3-794b239ab90d,ff9b0199-ce04-4cfe-86cc-6c719f08d6e4,de1c2107-70c8-4021-8459-6399f24d01c6,cbf30902-517f-40dc-af90-a550bac27cf1
2025-7-24 10:37:02-debug: Init bundle root assets success..., progress: 0%
2025-7-24 10:37:02-debug:   Number of all scripts: 14
2025-7-24 10:37:02-debug:   Number of other assets: 505
2025-7-24 10:37:02-debug:   Number of all scenes: 1
2025-7-24 10:37:02-debug: // ---- build task 查询 Asset Bundle ---- (1ms)
2025-7-24 10:37:02-log: run build task 查询 Asset Bundle success in 1 ms√, progress: 5%
2025-7-24 10:37:02-debug: [Build Memory track]: 查询 Asset Bundle start:205.94MB, end 204.97MB, increase: -990.46KB
2025-7-24 10:37:02-debug: 查询 Asset Bundle start, progress: 5%
2025-7-24 10:37:02-debug: // ---- build task 查询 Asset Bundle ----
2025-7-24 10:37:02-debug: // ---- build task 查询 Asset Bundle ---- (1ms)
2025-7-24 10:37:02-debug: [Build Memory track]: 查询 Asset Bundle start:205.00MB, end 205.10MB, increase: 108.02KB
2025-7-24 10:37:02-debug: 整理部分构建选项内数据到 settings.json start, progress: 10%
2025-7-24 10:37:02-debug: // ---- build task 整理部分构建选项内数据到 settings.json ----
2025-7-24 10:37:02-log: run build task 查询 Asset Bundle success in 1 ms√, progress: 10%
2025-7-24 10:37:02-log: run build task 整理部分构建选项内数据到 settings.json success in √, progress: 12%
2025-7-24 10:37:02-debug: 填充脚本数据到 settings.json start, progress: 12%
2025-7-24 10:37:02-debug: // ---- build task 填充脚本数据到 settings.json ----
2025-7-24 10:37:02-debug: [Build Memory track]: 整理部分构建选项内数据到 settings.json start:205.13MB, end 205.14MB, increase: 16.88KB
2025-7-24 10:37:02-debug: // ---- build task 填充脚本数据到 settings.json ---- (1ms)
2025-7-24 10:37:02-log: run build task 填充脚本数据到 settings.json success in 1 ms√, progress: 13%
2025-7-24 10:37:02-debug: [Build Memory track]: 填充脚本数据到 settings.json start:205.17MB, end 205.19MB, increase: 23.79KB
2025-7-24 10:37:02-debug: // ---- build task 整理部分构建选项内数据到 settings.json ----
2025-7-24 10:37:02-debug: 整理部分构建选项内数据到 settings.json start, progress: 13%
2025-7-24 10:37:02-debug: // ---- build task 整理部分构建选项内数据到 settings.json ---- (1ms)
2025-7-24 10:37:02-log: run build task 整理部分构建选项内数据到 settings.json success in 1 ms√, progress: 15%
2025-7-24 10:37:02-debug: [Build Memory track]: 整理部分构建选项内数据到 settings.json start:205.22MB, end 205.34MB, increase: 123.30KB
2025-7-24 10:37:34-debug: refresh db internal success
2025-7-24 10:37:34-debug: refresh db assets success
2025-7-24 10:37:34-debug: Run asset db hook engine-extends:afterRefresh ...
2025-7-24 10:37:34-debug: Run asset db hook engine-extends:afterRefresh success!
2025-7-24 10:37:34-debug: asset-db:refresh-all-database (41ms)
2025-7-24 10:37:34-debug: asset-db:worker-effect-data-processing (1ms)
2025-7-24 10:37:34-debug: asset-db-hook-engine-extends-afterRefresh (2ms)
2025-7-24 10:37:39-debug: refresh db internal success
2025-7-24 10:37:39-debug: refresh db assets success
2025-7-24 10:37:39-debug: Run asset db hook engine-extends:afterRefresh ...
2025-7-24 10:37:39-debug: Run asset db hook engine-extends:afterRefresh success!
2025-7-24 10:37:39-debug: asset-db:refresh-all-database (27ms)
2025-7-24 10:37:39-debug: asset-db:worker-effect-data-processing (1ms)
2025-7-24 10:37:39-debug: asset-db-hook-engine-extends-afterRefresh (1ms)
2025-7-24 10:37:41-debug: %cImport%c: /Users/zhao/Desktop/test/cocos-creator/PlaneFight/assets/Prefabs/bullet1.prefabbackground: #aaff85; color: #000;color: #000;
2025-7-24 10:37:41-debug: asset-db:reimport-asset13ccfaba-f106-4cc4-82f9-186df7dd0073 (8ms)
2025-7-24 10:37:41-debug: %cImport%c: /Users/zhao/Desktop/test/cocos-creator/PlaneFight/assets/Prefabs/bullet1.prefabbackground: #aaff85; color: #000;color: #000;
2025-7-24 10:37:41-debug: asset-db:reimport-asset13ccfaba-f106-4cc4-82f9-186df7dd0073 (3ms)
2025-7-24 10:37:51-debug: refresh db internal success
2025-7-24 10:37:51-debug: refresh db assets success
2025-7-24 10:37:51-debug: Run asset db hook engine-extends:afterRefresh ...
2025-7-24 10:37:51-debug: Run asset db hook engine-extends:afterRefresh success!
2025-7-24 10:37:51-debug: asset-db:refresh-all-database (16ms)
2025-7-24 10:37:51-debug: asset-db:worker-effect-data-processing (1ms)
2025-7-24 10:37:51-debug: asset-db-hook-engine-extends-afterRefresh (1ms)
2025-7-24 10:38:11-debug: %cImport%c: /Users/zhao/Desktop/test/cocos-creator/PlaneFight/assets/Prefabs/enemy0.prefabbackground: #aaff85; color: #000;color: #000;
2025-7-24 10:38:11-debug: asset-db:reimport-asset1983cab6-6af2-4c36-90da-682e683ae01a (7ms)
2025-7-24 10:38:14-debug: %cImport%c: /Users/zhao/Desktop/test/cocos-creator/PlaneFight/assets/Scenes/Start.scenebackground: #aaff85; color: #000;color: #000;
2025-7-24 10:38:14-debug: asset-db:reimport-asset2fda4d65-a1e9-4078-8250-de49b04cdc34 (4ms)
2025-7-24 10:38:15-debug: Query all assets info in project
2025-7-24 10:38:15-debug: init custom config: keepNodeUuid: false, useCache: true
2025-7-24 10:38:15-debug: Skip compress image, progress: 0%
2025-7-24 10:38:15-debug: Init all bundles start..., progress: 0%
2025-7-24 10:38:15-debug: Num of bundles: 2..., progress: 0%
2025-7-24 10:38:15-debug: 查询 Asset Bundle start, progress: 0%
2025-7-24 10:38:15-debug: // ---- build task 查询 Asset Bundle ----
2025-7-24 10:38:15-debug: Init bundle root assets start..., progress: 0%
2025-7-24 10:38:15-debug: Query preload assets/scripts from cc.config.json: 60f7195c-ec2a-45eb-ba94-8955f60e81d0,1c02ae6f-4492-4915-b8f8-7492a3b1e4cd,810e96e4-e456-4468-9b59-f4e8f39732c0,efe8e2a3-eace-427b-b4f1-cb8a937ec77d,e9aa9a3e-5b2b-4ac7-a2c7-073de2b2b24f,8bbdbcdd-5cd4-4100-b6d5-b7c9625b6107,50f4348b-c883-4e2f-8f11-ce233b859fa1,fda095cb-831d-4601-ad94-846013963de8,f92806d7-1768-443f-afe8-12bcde84d0f0,dd3a144d-ab7f-41f0-82b8-2e43a090d496,f0416e68-0200-4b77-a926-4f9d16e494da,970b0598-bcb0-4714-91fb-2e81440dccd8,bcd64cc6-2dd9-43f6-abbe-66318d332032,d930590d-bb92-4cc8-8bd1-23cd027f9edf,a3cd009f-0ab0-420d-9278-b9fdab939bbc,6a2d0734-bd9e-4ddf-946e-caa52498cb75,c27215d8-6835-4b68-bfbb-bdeac6100c04,b5d6115f-0370-4d7c-aad3-c194cc71cf98,871c3b6c-7379-419d-bda3-794b239ab90d,ff9b0199-ce04-4cfe-86cc-6c719f08d6e4,de1c2107-70c8-4021-8459-6399f24d01c6,cbf30902-517f-40dc-af90-a550bac27cf1
2025-7-24 10:38:15-debug:   Number of all scripts: 14
2025-7-24 10:38:15-debug:   Number of all scenes: 1
2025-7-24 10:38:15-debug: Init bundle root assets success..., progress: 0%
2025-7-24 10:38:15-debug:   Number of other assets: 505
2025-7-24 10:38:15-debug: // ---- build task 查询 Asset Bundle ---- (6ms)
2025-7-24 10:38:15-debug: [Build Memory track]: 查询 Asset Bundle start:206.24MB, end 206.87MB, increase: 642.29KB
2025-7-24 10:38:15-debug: 查询 Asset Bundle start, progress: 5%
2025-7-24 10:38:15-log: run build task 查询 Asset Bundle success in 6 ms√, progress: 5%
2025-7-24 10:38:15-debug: // ---- build task 查询 Asset Bundle ----
2025-7-24 10:38:15-debug: [Build Memory track]: 查询 Asset Bundle start:206.89MB, end 206.32MB, increase: -584.96KB
2025-7-24 10:38:15-log: run build task 查询 Asset Bundle success in 2 ms√, progress: 10%
2025-7-24 10:38:15-debug: // ---- build task 查询 Asset Bundle ---- (2ms)
2025-7-24 10:38:15-debug: 整理部分构建选项内数据到 settings.json start, progress: 10%
2025-7-24 10:38:15-debug: // ---- build task 整理部分构建选项内数据到 settings.json ----
2025-7-24 10:38:15-debug: 填充脚本数据到 settings.json start, progress: 12%
2025-7-24 10:38:15-log: run build task 整理部分构建选项内数据到 settings.json success in √, progress: 12%
2025-7-24 10:38:15-debug: [Build Memory track]: 整理部分构建选项内数据到 settings.json start:206.35MB, end 206.36MB, increase: 16.75KB
2025-7-24 10:38:15-debug: // ---- build task 填充脚本数据到 settings.json ----
2025-7-24 10:38:15-log: run build task 填充脚本数据到 settings.json success in 1 ms√, progress: 13%
2025-7-24 10:38:15-debug: [Build Memory track]: 填充脚本数据到 settings.json start:206.39MB, end 206.41MB, increase: 23.63KB
2025-7-24 10:38:15-debug: // ---- build task 填充脚本数据到 settings.json ---- (1ms)
2025-7-24 10:38:15-debug: 整理部分构建选项内数据到 settings.json start, progress: 13%
2025-7-24 10:38:15-debug: // ---- build task 整理部分构建选项内数据到 settings.json ----
2025-7-24 10:38:15-log: run build task 整理部分构建选项内数据到 settings.json success in 3 ms√, progress: 15%
2025-7-24 10:38:15-debug: // ---- build task 整理部分构建选项内数据到 settings.json ---- (3ms)
2025-7-24 10:38:15-debug: [Build Memory track]: 整理部分构建选项内数据到 settings.json start:206.44MB, end 206.56MB, increase: 127.51KB
2025-7-24 10:38:15-debug: Query all assets info in project
2025-7-24 10:38:15-debug: init custom config: keepNodeUuid: false, useCache: true
2025-7-24 10:38:15-debug: Skip compress image, progress: 0%
2025-7-24 10:38:15-debug: Init all bundles start..., progress: 0%
2025-7-24 10:38:15-debug: 查询 Asset Bundle start, progress: 0%
2025-7-24 10:38:15-debug: Num of bundles: 2..., progress: 0%
2025-7-24 10:38:15-debug: // ---- build task 查询 Asset Bundle ----
2025-7-24 10:38:15-debug: Init bundle root assets start..., progress: 0%
2025-7-24 10:38:15-debug: Query preload assets/scripts from cc.config.json: 60f7195c-ec2a-45eb-ba94-8955f60e81d0,1c02ae6f-4492-4915-b8f8-7492a3b1e4cd,810e96e4-e456-4468-9b59-f4e8f39732c0,efe8e2a3-eace-427b-b4f1-cb8a937ec77d,e9aa9a3e-5b2b-4ac7-a2c7-073de2b2b24f,8bbdbcdd-5cd4-4100-b6d5-b7c9625b6107,50f4348b-c883-4e2f-8f11-ce233b859fa1,fda095cb-831d-4601-ad94-846013963de8,f92806d7-1768-443f-afe8-12bcde84d0f0,dd3a144d-ab7f-41f0-82b8-2e43a090d496,f0416e68-0200-4b77-a926-4f9d16e494da,970b0598-bcb0-4714-91fb-2e81440dccd8,bcd64cc6-2dd9-43f6-abbe-66318d332032,d930590d-bb92-4cc8-8bd1-23cd027f9edf,a3cd009f-0ab0-420d-9278-b9fdab939bbc,6a2d0734-bd9e-4ddf-946e-caa52498cb75,c27215d8-6835-4b68-bfbb-bdeac6100c04,b5d6115f-0370-4d7c-aad3-c194cc71cf98,871c3b6c-7379-419d-bda3-794b239ab90d,ff9b0199-ce04-4cfe-86cc-6c719f08d6e4,de1c2107-70c8-4021-8459-6399f24d01c6,cbf30902-517f-40dc-af90-a550bac27cf1
2025-7-24 10:38:15-debug:   Number of all scenes: 1
2025-7-24 10:38:15-debug:   Number of all scripts: 14
2025-7-24 10:38:15-debug:   Number of other assets: 505
2025-7-24 10:38:15-debug: Init bundle root assets success..., progress: 0%
2025-7-24 10:38:15-debug: [Build Memory track]: 查询 Asset Bundle start:206.90MB, end 206.66MB, increase: -249.81KB
2025-7-24 10:38:15-debug: // ---- build task 查询 Asset Bundle ---- (2ms)
2025-7-24 10:38:15-debug: // ---- build task 查询 Asset Bundle ----
2025-7-24 10:38:15-debug: 查询 Asset Bundle start, progress: 5%
2025-7-24 10:38:15-log: run build task 查询 Asset Bundle success in 2 ms√, progress: 5%
2025-7-24 10:38:15-debug: // ---- build task 查询 Asset Bundle ---- (1ms)
2025-7-24 10:38:15-log: run build task 查询 Asset Bundle success in 1 ms√, progress: 10%
2025-7-24 10:38:15-debug: [Build Memory track]: 查询 Asset Bundle start:206.68MB, end 206.80MB, increase: 118.97KB
2025-7-24 10:38:15-debug: 整理部分构建选项内数据到 settings.json start, progress: 10%
2025-7-24 10:38:15-debug: // ---- build task 整理部分构建选项内数据到 settings.json ----
2025-7-24 10:38:15-debug: // ---- build task 整理部分构建选项内数据到 settings.json ---- (1ms)
2025-7-24 10:38:15-log: run build task 整理部分构建选项内数据到 settings.json success in 1 ms√, progress: 12%
2025-7-24 10:38:15-debug: [Build Memory track]: 整理部分构建选项内数据到 settings.json start:206.82MB, end 206.85MB, increase: 24.91KB
2025-7-24 10:38:15-debug: 填充脚本数据到 settings.json start, progress: 12%
2025-7-24 10:38:15-debug: // ---- build task 填充脚本数据到 settings.json ----
2025-7-24 10:38:15-log: run build task 填充脚本数据到 settings.json success in √, progress: 13%
2025-7-24 10:38:15-debug: [Build Memory track]: 填充脚本数据到 settings.json start:206.87MB, end 206.88MB, increase: 13.18KB
2025-7-24 10:38:15-debug: 整理部分构建选项内数据到 settings.json start, progress: 13%
2025-7-24 10:38:15-debug: // ---- build task 整理部分构建选项内数据到 settings.json ----
2025-7-24 10:38:15-log: run build task 整理部分构建选项内数据到 settings.json success in 4 ms√, progress: 15%
2025-7-24 10:38:15-debug: // ---- build task 整理部分构建选项内数据到 settings.json ---- (4ms)
2025-7-24 10:38:15-debug: [Build Memory track]: 整理部分构建选项内数据到 settings.json start:206.91MB, end 206.34MB, increase: -577.58KB
2025-7-24 10:38:15-debug: Query all assets info in project
2025-7-24 10:38:15-debug: init custom config: keepNodeUuid: false, useCache: true
2025-7-24 10:38:15-debug: Skip compress image, progress: 0%
2025-7-24 10:38:15-debug: Init all bundles start..., progress: 0%
2025-7-24 10:38:15-debug: // ---- build task 查询 Asset Bundle ----
2025-7-24 10:38:15-debug: Num of bundles: 2..., progress: 0%
2025-7-24 10:38:15-debug: 查询 Asset Bundle start, progress: 0%
2025-7-24 10:38:15-debug: Init bundle root assets start..., progress: 0%
2025-7-24 10:38:15-debug: Query preload assets/scripts from cc.config.json: 60f7195c-ec2a-45eb-ba94-8955f60e81d0,1c02ae6f-4492-4915-b8f8-7492a3b1e4cd,810e96e4-e456-4468-9b59-f4e8f39732c0,efe8e2a3-eace-427b-b4f1-cb8a937ec77d,e9aa9a3e-5b2b-4ac7-a2c7-073de2b2b24f,8bbdbcdd-5cd4-4100-b6d5-b7c9625b6107,50f4348b-c883-4e2f-8f11-ce233b859fa1,fda095cb-831d-4601-ad94-846013963de8,f92806d7-1768-443f-afe8-12bcde84d0f0,dd3a144d-ab7f-41f0-82b8-2e43a090d496,f0416e68-0200-4b77-a926-4f9d16e494da,970b0598-bcb0-4714-91fb-2e81440dccd8,bcd64cc6-2dd9-43f6-abbe-66318d332032,d930590d-bb92-4cc8-8bd1-23cd027f9edf,a3cd009f-0ab0-420d-9278-b9fdab939bbc,6a2d0734-bd9e-4ddf-946e-caa52498cb75,c27215d8-6835-4b68-bfbb-bdeac6100c04,b5d6115f-0370-4d7c-aad3-c194cc71cf98,871c3b6c-7379-419d-bda3-794b239ab90d,ff9b0199-ce04-4cfe-86cc-6c719f08d6e4,de1c2107-70c8-4021-8459-6399f24d01c6,cbf30902-517f-40dc-af90-a550bac27cf1
2025-7-24 10:38:15-debug:   Number of all scenes: 1
2025-7-24 10:38:15-debug:   Number of other assets: 505
2025-7-24 10:38:15-debug: Init bundle root assets success..., progress: 0%
2025-7-24 10:38:15-debug:   Number of all scripts: 14
2025-7-24 10:38:15-log: run build task 查询 Asset Bundle success in 3 ms√, progress: 5%
2025-7-24 10:38:15-debug: [Build Memory track]: 查询 Asset Bundle start:206.72MB, end 206.46MB, increase: -269.53KB
2025-7-24 10:38:15-debug: 查询 Asset Bundle start, progress: 5%
2025-7-24 10:38:15-debug: // ---- build task 查询 Asset Bundle ----
2025-7-24 10:38:15-debug: // ---- build task 查询 Asset Bundle ---- (3ms)
2025-7-24 10:38:15-debug: // ---- build task 查询 Asset Bundle ---- (6ms)
2025-7-24 10:38:15-log: run build task 查询 Asset Bundle success in 6 ms√, progress: 10%
2025-7-24 10:38:15-debug: [Build Memory track]: 查询 Asset Bundle start:206.48MB, end 206.60MB, increase: 121.30KB
2025-7-24 10:38:15-debug: 整理部分构建选项内数据到 settings.json start, progress: 10%
2025-7-24 10:38:15-debug: // ---- build task 整理部分构建选项内数据到 settings.json ----
2025-7-24 10:38:15-debug: // ---- build task 整理部分构建选项内数据到 settings.json ---- (1ms)
2025-7-24 10:38:15-log: run build task 整理部分构建选项内数据到 settings.json success in 1 ms√, progress: 12%
2025-7-24 10:38:15-debug: [Build Memory track]: 整理部分构建选项内数据到 settings.json start:206.62MB, end 206.65MB, increase: 24.75KB
2025-7-24 10:38:15-debug: 填充脚本数据到 settings.json start, progress: 12%
2025-7-24 10:38:15-debug: // ---- build task 填充脚本数据到 settings.json ----
2025-7-24 10:38:15-log: run build task 填充脚本数据到 settings.json success in √, progress: 13%
2025-7-24 10:38:15-debug: [Build Memory track]: 填充脚本数据到 settings.json start:206.67MB, end 206.69MB, increase: 20.68KB
2025-7-24 10:38:15-debug: 整理部分构建选项内数据到 settings.json start, progress: 13%
2025-7-24 10:38:15-debug: // ---- build task 整理部分构建选项内数据到 settings.json ----
2025-7-24 10:38:15-debug: // ---- build task 整理部分构建选项内数据到 settings.json ---- (3ms)
2025-7-24 10:38:15-debug: [Build Memory track]: 整理部分构建选项内数据到 settings.json start:206.72MB, end 206.85MB, increase: 135.38KB
2025-7-24 10:38:15-log: run build task 整理部分构建选项内数据到 settings.json success in 3 ms√, progress: 15%
2025-7-24 10:38:35-debug: refresh db internal success
2025-7-24 10:38:35-debug: refresh db assets success
2025-7-24 10:38:35-debug: Run asset db hook engine-extends:afterRefresh ...
2025-7-24 10:38:35-debug: Run asset db hook engine-extends:afterRefresh success!
2025-7-24 10:38:35-debug: asset-db:refresh-all-database (27ms)
2025-7-24 10:38:35-debug: asset-db:worker-effect-data-processing (1ms)
2025-7-24 10:38:35-debug: asset-db-hook-engine-extends-afterRefresh (1ms)
2025-7-24 10:39:53-debug: refresh db internal success
2025-7-24 10:39:53-debug: %cImport%c: /Users/zhao/Desktop/test/cocos-creator/PlaneFight/assets/Scripts/Enemy.tsbackground: #aaff85; color: #000;color: #000;
2025-7-24 10:39:53-debug: Run asset db hook engine-extends:afterRefresh ...
2025-7-24 10:39:53-debug: refresh db assets success
2025-7-24 10:39:53-debug: Run asset db hook engine-extends:afterRefresh success!
2025-7-24 10:39:53-debug: asset-db:refresh-all-database (31ms)
2025-7-24 10:39:53-debug: asset-db:worker-effect-data-processing (1ms)
2025-7-24 10:39:53-debug: asset-db-hook-engine-extends-afterRefresh (1ms)
2025-7-24 10:39:54-debug: %cImport%c: /Users/zhao/Desktop/test/cocos-creator/PlaneFight/assets/Scenes/Start.scenebackground: #aaff85; color: #000;color: #000;
2025-7-24 10:39:54-debug: asset-db:reimport-asset2fda4d65-a1e9-4078-8250-de49b04cdc34 (4ms)
2025-7-24 10:39:54-debug: Query all assets info in project
2025-7-24 10:39:54-debug: init custom config: keepNodeUuid: false, useCache: true
2025-7-24 10:39:54-debug: Skip compress image, progress: 0%
2025-7-24 10:39:54-debug: Num of bundles: 2..., progress: 0%
2025-7-24 10:39:54-debug: 查询 Asset Bundle start, progress: 0%
2025-7-24 10:39:54-debug: // ---- build task 查询 Asset Bundle ----
2025-7-24 10:39:54-debug: Init bundle root assets start..., progress: 0%
2025-7-24 10:39:54-debug: Init all bundles start..., progress: 0%
2025-7-24 10:39:54-debug: Query preload assets/scripts from cc.config.json: 60f7195c-ec2a-45eb-ba94-8955f60e81d0,1c02ae6f-4492-4915-b8f8-7492a3b1e4cd,810e96e4-e456-4468-9b59-f4e8f39732c0,efe8e2a3-eace-427b-b4f1-cb8a937ec77d,e9aa9a3e-5b2b-4ac7-a2c7-073de2b2b24f,8bbdbcdd-5cd4-4100-b6d5-b7c9625b6107,50f4348b-c883-4e2f-8f11-ce233b859fa1,fda095cb-831d-4601-ad94-846013963de8,f92806d7-1768-443f-afe8-12bcde84d0f0,dd3a144d-ab7f-41f0-82b8-2e43a090d496,f0416e68-0200-4b77-a926-4f9d16e494da,970b0598-bcb0-4714-91fb-2e81440dccd8,bcd64cc6-2dd9-43f6-abbe-66318d332032,d930590d-bb92-4cc8-8bd1-23cd027f9edf,a3cd009f-0ab0-420d-9278-b9fdab939bbc,6a2d0734-bd9e-4ddf-946e-caa52498cb75,c27215d8-6835-4b68-bfbb-bdeac6100c04,b5d6115f-0370-4d7c-aad3-c194cc71cf98,871c3b6c-7379-419d-bda3-794b239ab90d,ff9b0199-ce04-4cfe-86cc-6c719f08d6e4,de1c2107-70c8-4021-8459-6399f24d01c6,cbf30902-517f-40dc-af90-a550bac27cf1
2025-7-24 10:39:54-debug:   Number of all scenes: 1
2025-7-24 10:39:54-debug:   Number of all scripts: 14
2025-7-24 10:39:54-debug:   Number of other assets: 505
2025-7-24 10:39:54-debug: Init bundle root assets success..., progress: 0%
2025-7-24 10:39:54-debug: // ---- build task 查询 Asset Bundle ---- (15ms)
2025-7-24 10:39:54-log: run build task 查询 Asset Bundle success in 15 ms√, progress: 5%
2025-7-24 10:39:54-debug: [Build Memory track]: 查询 Asset Bundle start:208.18MB, end 208.17MB, increase: -7.57KB
2025-7-24 10:39:54-debug: 查询 Asset Bundle start, progress: 5%
2025-7-24 10:39:54-debug: // ---- build task 查询 Asset Bundle ----
2025-7-24 10:39:54-debug: // ---- build task 查询 Asset Bundle ---- (3ms)
2025-7-24 10:39:54-log: run build task 查询 Asset Bundle success in 3 ms√, progress: 10%
2025-7-24 10:39:54-debug: [Build Memory track]: 查询 Asset Bundle start:208.20MB, end 207.56MB, increase: -651.56KB
2025-7-24 10:39:54-debug: 整理部分构建选项内数据到 settings.json start, progress: 10%
2025-7-24 10:39:54-debug: // ---- build task 整理部分构建选项内数据到 settings.json ----
2025-7-24 10:39:54-log: run build task 整理部分构建选项内数据到 settings.json success in √, progress: 12%
2025-7-24 10:39:54-debug: 填充脚本数据到 settings.json start, progress: 12%
2025-7-24 10:39:54-debug: // ---- build task 填充脚本数据到 settings.json ----
2025-7-24 10:39:54-log: run build task 填充脚本数据到 settings.json success in √, progress: 13%
2025-7-24 10:39:54-debug: [Build Memory track]: 填充脚本数据到 settings.json start:207.63MB, end 207.64MB, increase: 16.88KB
2025-7-24 10:39:54-debug: // ---- build task 整理部分构建选项内数据到 settings.json ----
2025-7-24 10:39:54-debug: 整理部分构建选项内数据到 settings.json start, progress: 13%
2025-7-24 10:39:54-debug: [Build Memory track]: 整理部分构建选项内数据到 settings.json start:207.59MB, end 207.60MB, increase: 13.18KB
2025-7-24 10:39:54-debug: // ---- build task 整理部分构建选项内数据到 settings.json ---- (5ms)
2025-7-24 10:39:54-log: run build task 整理部分构建选项内数据到 settings.json success in 5 ms√, progress: 15%
2025-7-24 10:39:54-debug: [Build Memory track]: 整理部分构建选项内数据到 settings.json start:207.67MB, end 207.79MB, increase: 129.43KB
2025-7-24 10:39:54-debug: Query all assets info in project
2025-7-24 10:39:55-debug: init custom config: keepNodeUuid: false, useCache: true
2025-7-24 10:39:55-debug: Skip compress image, progress: 0%
2025-7-24 10:39:55-debug: Init all bundles start..., progress: 0%
2025-7-24 10:39:55-debug: Init bundle root assets start..., progress: 0%
2025-7-24 10:39:55-debug: Num of bundles: 2..., progress: 0%
2025-7-24 10:39:55-debug: 查询 Asset Bundle start, progress: 0%
2025-7-24 10:39:55-debug: // ---- build task 查询 Asset Bundle ----
2025-7-24 10:39:55-debug: Query preload assets/scripts from cc.config.json: 60f7195c-ec2a-45eb-ba94-8955f60e81d0,1c02ae6f-4492-4915-b8f8-7492a3b1e4cd,810e96e4-e456-4468-9b59-f4e8f39732c0,efe8e2a3-eace-427b-b4f1-cb8a937ec77d,e9aa9a3e-5b2b-4ac7-a2c7-073de2b2b24f,8bbdbcdd-5cd4-4100-b6d5-b7c9625b6107,50f4348b-c883-4e2f-8f11-ce233b859fa1,fda095cb-831d-4601-ad94-846013963de8,f92806d7-1768-443f-afe8-12bcde84d0f0,dd3a144d-ab7f-41f0-82b8-2e43a090d496,f0416e68-0200-4b77-a926-4f9d16e494da,970b0598-bcb0-4714-91fb-2e81440dccd8,bcd64cc6-2dd9-43f6-abbe-66318d332032,d930590d-bb92-4cc8-8bd1-23cd027f9edf,a3cd009f-0ab0-420d-9278-b9fdab939bbc,6a2d0734-bd9e-4ddf-946e-caa52498cb75,c27215d8-6835-4b68-bfbb-bdeac6100c04,b5d6115f-0370-4d7c-aad3-c194cc71cf98,871c3b6c-7379-419d-bda3-794b239ab90d,ff9b0199-ce04-4cfe-86cc-6c719f08d6e4,de1c2107-70c8-4021-8459-6399f24d01c6,cbf30902-517f-40dc-af90-a550bac27cf1
2025-7-24 10:39:55-debug:   Number of all scenes: 1
2025-7-24 10:39:55-debug:   Number of all scripts: 14
2025-7-24 10:39:55-debug:   Number of other assets: 505
2025-7-24 10:39:55-debug: Init bundle root assets success..., progress: 0%
2025-7-24 10:39:55-debug: // ---- build task 查询 Asset Bundle ---- (5ms)
2025-7-24 10:39:55-log: run build task 查询 Asset Bundle success in 5 ms√, progress: 5%
2025-7-24 10:39:55-debug: 查询 Asset Bundle start, progress: 5%
2025-7-24 10:39:55-debug: [Build Memory track]: 查询 Asset Bundle start:208.17MB, end 207.92MB, increase: -258.54KB
2025-7-24 10:39:55-debug: // ---- build task 查询 Asset Bundle ----
2025-7-24 10:39:55-debug: // ---- build task 查询 Asset Bundle ---- (3ms)
2025-7-24 10:39:55-debug: 整理部分构建选项内数据到 settings.json start, progress: 10%
2025-7-24 10:39:55-debug: // ---- build task 整理部分构建选项内数据到 settings.json ----
2025-7-24 10:39:55-log: run build task 查询 Asset Bundle success in 3 ms√, progress: 10%
2025-7-24 10:39:55-debug: [Build Memory track]: 查询 Asset Bundle start:207.94MB, end 208.05MB, increase: 109.90KB
2025-7-24 10:39:55-log: run build task 整理部分构建选项内数据到 settings.json success in 1 ms√, progress: 12%
2025-7-24 10:39:55-debug: 填充脚本数据到 settings.json start, progress: 12%
2025-7-24 10:39:55-debug: // ---- build task 填充脚本数据到 settings.json ----
2025-7-24 10:39:55-debug: [Build Memory track]: 整理部分构建选项内数据到 settings.json start:208.07MB, end 208.10MB, increase: 24.60KB
2025-7-24 10:39:55-debug: // ---- build task 整理部分构建选项内数据到 settings.json ---- (1ms)
2025-7-24 10:39:55-log: run build task 填充脚本数据到 settings.json success in √, progress: 13%
2025-7-24 10:39:55-debug: // ---- build task 整理部分构建选项内数据到 settings.json ----
2025-7-24 10:39:55-debug: [Build Memory track]: 填充脚本数据到 settings.json start:208.12MB, end 208.14MB, increase: 15.39KB
2025-7-24 10:39:55-debug: 整理部分构建选项内数据到 settings.json start, progress: 13%
2025-7-24 10:39:55-debug: // ---- build task 整理部分构建选项内数据到 settings.json ---- (3ms)
2025-7-24 10:39:55-log: run build task 整理部分构建选项内数据到 settings.json success in 3 ms√, progress: 15%
2025-7-24 10:39:55-debug: [Build Memory track]: 整理部分构建选项内数据到 settings.json start:208.16MB, end 208.28MB, increase: 123.81KB
2025-7-24 10:39:55-debug: Query all assets info in project
2025-7-24 10:39:55-debug: init custom config: keepNodeUuid: false, useCache: true
2025-7-24 10:39:55-debug: Skip compress image, progress: 0%
2025-7-24 10:39:55-debug: Init all bundles start..., progress: 0%
2025-7-24 10:39:55-debug: Num of bundles: 2..., progress: 0%
2025-7-24 10:39:55-debug: 查询 Asset Bundle start, progress: 0%
2025-7-24 10:39:55-debug: // ---- build task 查询 Asset Bundle ----
2025-7-24 10:39:55-debug: Init bundle root assets start..., progress: 0%
2025-7-24 10:39:55-debug: Query preload assets/scripts from cc.config.json: 60f7195c-ec2a-45eb-ba94-8955f60e81d0,1c02ae6f-4492-4915-b8f8-7492a3b1e4cd,810e96e4-e456-4468-9b59-f4e8f39732c0,efe8e2a3-eace-427b-b4f1-cb8a937ec77d,e9aa9a3e-5b2b-4ac7-a2c7-073de2b2b24f,8bbdbcdd-5cd4-4100-b6d5-b7c9625b6107,50f4348b-c883-4e2f-8f11-ce233b859fa1,fda095cb-831d-4601-ad94-846013963de8,f92806d7-1768-443f-afe8-12bcde84d0f0,dd3a144d-ab7f-41f0-82b8-2e43a090d496,f0416e68-0200-4b77-a926-4f9d16e494da,970b0598-bcb0-4714-91fb-2e81440dccd8,bcd64cc6-2dd9-43f6-abbe-66318d332032,d930590d-bb92-4cc8-8bd1-23cd027f9edf,a3cd009f-0ab0-420d-9278-b9fdab939bbc,6a2d0734-bd9e-4ddf-946e-caa52498cb75,c27215d8-6835-4b68-bfbb-bdeac6100c04,b5d6115f-0370-4d7c-aad3-c194cc71cf98,871c3b6c-7379-419d-bda3-794b239ab90d,ff9b0199-ce04-4cfe-86cc-6c719f08d6e4,de1c2107-70c8-4021-8459-6399f24d01c6,cbf30902-517f-40dc-af90-a550bac27cf1
2025-7-24 10:39:55-debug:   Number of all scenes: 1
2025-7-24 10:39:55-debug:   Number of all scripts: 14
2025-7-24 10:39:55-debug:   Number of other assets: 505
2025-7-24 10:39:55-debug: Init bundle root assets success..., progress: 0%
2025-7-24 10:39:55-debug: // ---- build task 查询 Asset Bundle ---- (3ms)
2025-7-24 10:39:55-log: run build task 查询 Asset Bundle success in 3 ms√, progress: 5%
2025-7-24 10:39:55-debug: 查询 Asset Bundle start, progress: 5%
2025-7-24 10:39:55-debug: // ---- build task 查询 Asset Bundle ----
2025-7-24 10:39:55-debug: [Build Memory track]: 查询 Asset Bundle start:207.96MB, end 207.78MB, increase: -183.39KB
2025-7-24 10:39:55-debug: // ---- build task 查询 Asset Bundle ---- (2ms)
2025-7-24 10:39:55-debug: 整理部分构建选项内数据到 settings.json start, progress: 10%
2025-7-24 10:39:55-log: run build task 查询 Asset Bundle success in 2 ms√, progress: 10%
2025-7-24 10:39:55-debug: [Build Memory track]: 查询 Asset Bundle start:207.81MB, end 207.91MB, increase: 109.87KB
2025-7-24 10:39:55-debug: // ---- build task 整理部分构建选项内数据到 settings.json ----
2025-7-24 10:39:55-debug: // ---- build task 整理部分构建选项内数据到 settings.json ---- (1ms)
2025-7-24 10:39:55-log: run build task 整理部分构建选项内数据到 settings.json success in 1 ms√, progress: 12%
2025-7-24 10:39:55-debug: [Build Memory track]: 整理部分构建选项内数据到 settings.json start:207.94MB, end 207.96MB, increase: 24.91KB
2025-7-24 10:39:55-debug: // ---- build task 填充脚本数据到 settings.json ----
2025-7-24 10:39:55-log: run build task 填充脚本数据到 settings.json success in √, progress: 13%
2025-7-24 10:39:55-debug: [Build Memory track]: 填充脚本数据到 settings.json start:207.99MB, end 208.00MB, increase: 12.81KB
2025-7-24 10:39:55-debug: 填充脚本数据到 settings.json start, progress: 12%
2025-7-24 10:39:55-debug: // ---- build task 整理部分构建选项内数据到 settings.json ----
2025-7-24 10:39:55-debug: 整理部分构建选项内数据到 settings.json start, progress: 13%
2025-7-24 10:39:55-log: run build task 整理部分构建选项内数据到 settings.json success in 6 ms√, progress: 15%
2025-7-24 10:39:55-debug: [Build Memory track]: 整理部分构建选项内数据到 settings.json start:208.03MB, end 208.15MB, increase: 126.04KB
2025-7-24 10:39:55-debug: // ---- build task 整理部分构建选项内数据到 settings.json ---- (6ms)
2025-7-24 10:40:26-debug: refresh db internal success
2025-7-24 10:40:26-debug: refresh db assets success
2025-7-24 10:40:26-debug: Run asset db hook engine-extends:afterRefresh ...
2025-7-24 10:40:26-debug: Run asset db hook engine-extends:afterRefresh success!
2025-7-24 10:40:26-debug: asset-db:refresh-all-database (22ms)
2025-7-24 10:40:26-debug: asset-db:worker-effect-data-processing (1ms)
2025-7-24 10:40:26-debug: asset-db-hook-engine-extends-afterRefresh (1ms)
2025-7-24 10:41:32-debug: refresh db internal success
2025-7-24 10:41:32-debug: %cImport%c: /Users/zhao/Desktop/test/cocos-creator/PlaneFight/assets/Scripts/Enemy.tsbackground: #aaff85; color: #000;color: #000;
2025-7-24 10:41:32-debug: refresh db assets success
2025-7-24 10:41:32-debug: Run asset db hook engine-extends:afterRefresh ...
2025-7-24 10:41:32-debug: Run asset db hook engine-extends:afterRefresh success!
2025-7-24 10:41:32-debug: asset-db-hook-engine-extends-afterRefresh (2ms)
2025-7-24 10:41:32-debug: asset-db:refresh-all-database (37ms)
2025-7-24 10:41:32-debug: %cImport%c: /Users/zhao/Desktop/test/cocos-creator/PlaneFight/assets/Scenes/Start.scenebackground: #aaff85; color: #000;color: #000;
2025-7-24 10:41:32-debug: asset-db:reimport-asset2fda4d65-a1e9-4078-8250-de49b04cdc34 (4ms)
2025-7-24 10:41:33-debug: Query all assets info in project
2025-7-24 10:41:33-debug: init custom config: keepNodeUuid: false, useCache: true
2025-7-24 10:41:33-debug: Skip compress image, progress: 0%
2025-7-24 10:41:33-debug: Init all bundles start..., progress: 0%
2025-7-24 10:41:33-debug: Init bundle root assets start..., progress: 0%
2025-7-24 10:41:33-debug: 查询 Asset Bundle start, progress: 0%
2025-7-24 10:41:33-debug: // ---- build task 查询 Asset Bundle ----
2025-7-24 10:41:33-debug: Num of bundles: 2..., progress: 0%
2025-7-24 10:41:33-debug: Query preload assets/scripts from cc.config.json: 60f7195c-ec2a-45eb-ba94-8955f60e81d0,1c02ae6f-4492-4915-b8f8-7492a3b1e4cd,810e96e4-e456-4468-9b59-f4e8f39732c0,efe8e2a3-eace-427b-b4f1-cb8a937ec77d,e9aa9a3e-5b2b-4ac7-a2c7-073de2b2b24f,8bbdbcdd-5cd4-4100-b6d5-b7c9625b6107,50f4348b-c883-4e2f-8f11-ce233b859fa1,fda095cb-831d-4601-ad94-846013963de8,f92806d7-1768-443f-afe8-12bcde84d0f0,dd3a144d-ab7f-41f0-82b8-2e43a090d496,f0416e68-0200-4b77-a926-4f9d16e494da,970b0598-bcb0-4714-91fb-2e81440dccd8,bcd64cc6-2dd9-43f6-abbe-66318d332032,d930590d-bb92-4cc8-8bd1-23cd027f9edf,a3cd009f-0ab0-420d-9278-b9fdab939bbc,6a2d0734-bd9e-4ddf-946e-caa52498cb75,c27215d8-6835-4b68-bfbb-bdeac6100c04,b5d6115f-0370-4d7c-aad3-c194cc71cf98,871c3b6c-7379-419d-bda3-794b239ab90d,ff9b0199-ce04-4cfe-86cc-6c719f08d6e4,de1c2107-70c8-4021-8459-6399f24d01c6,cbf30902-517f-40dc-af90-a550bac27cf1
2025-7-24 10:41:33-debug:   Number of all scenes: 1
2025-7-24 10:41:33-debug:   Number of all scripts: 14
2025-7-24 10:41:33-debug:   Number of other assets: 505
2025-7-24 10:41:33-debug: Init bundle root assets success..., progress: 0%
2025-7-24 10:41:33-debug: // ---- build task 查询 Asset Bundle ---- (13ms)
2025-7-24 10:41:33-log: run build task 查询 Asset Bundle success in 13 ms√, progress: 5%
2025-7-24 10:41:33-debug: [Build Memory track]: 查询 Asset Bundle start:209.06MB, end 208.84MB, increase: -224.46KB
2025-7-24 10:41:33-debug: 查询 Asset Bundle start, progress: 5%
2025-7-24 10:41:33-debug: // ---- build task 查询 Asset Bundle ----
2025-7-24 10:41:33-log: run build task 查询 Asset Bundle success in 4 ms√, progress: 10%
2025-7-24 10:41:33-debug: // ---- build task 查询 Asset Bundle ---- (4ms)
2025-7-24 10:41:33-debug: 整理部分构建选项内数据到 settings.json start, progress: 10%
2025-7-24 10:41:33-debug: // ---- build task 整理部分构建选项内数据到 settings.json ----
2025-7-24 10:41:33-debug: [Build Memory track]: 查询 Asset Bundle start:208.87MB, end 208.97MB, increase: 107.73KB
2025-7-24 10:41:33-debug: [Build Memory track]: 整理部分构建选项内数据到 settings.json start:209.00MB, end 209.01MB, increase: 14.74KB
2025-7-24 10:41:33-debug: // ---- build task 填充脚本数据到 settings.json ----
2025-7-24 10:41:33-log: run build task 整理部分构建选项内数据到 settings.json success in √, progress: 12%
2025-7-24 10:41:33-debug: 填充脚本数据到 settings.json start, progress: 12%
2025-7-24 10:41:33-log: run build task 填充脚本数据到 settings.json success in √, progress: 13%
2025-7-24 10:41:33-debug: [Build Memory track]: 填充脚本数据到 settings.json start:209.03MB, end 209.05MB, increase: 15.40KB
2025-7-24 10:41:33-debug: 整理部分构建选项内数据到 settings.json start, progress: 13%
2025-7-24 10:41:33-debug: // ---- build task 整理部分构建选项内数据到 settings.json ----
2025-7-24 10:41:33-debug: // ---- build task 整理部分构建选项内数据到 settings.json ---- (3ms)
2025-7-24 10:41:33-log: run build task 整理部分构建选项内数据到 settings.json success in 3 ms√, progress: 15%
2025-7-24 10:41:33-debug: [Build Memory track]: 整理部分构建选项内数据到 settings.json start:209.07MB, end 209.20MB, increase: 125.75KB
2025-7-24 10:41:33-debug: Query all assets info in project
2025-7-24 10:41:33-debug: Skip compress image, progress: 0%
2025-7-24 10:41:33-debug: init custom config: keepNodeUuid: false, useCache: true
2025-7-24 10:41:33-debug: Init all bundles start..., progress: 0%
2025-7-24 10:41:33-debug: Num of bundles: 2..., progress: 0%
2025-7-24 10:41:33-debug: 查询 Asset Bundle start, progress: 0%
2025-7-24 10:41:33-debug: Init bundle root assets start..., progress: 0%
2025-7-24 10:41:33-debug: // ---- build task 查询 Asset Bundle ----
2025-7-24 10:41:33-debug: Query preload assets/scripts from cc.config.json: 60f7195c-ec2a-45eb-ba94-8955f60e81d0,1c02ae6f-4492-4915-b8f8-7492a3b1e4cd,810e96e4-e456-4468-9b59-f4e8f39732c0,efe8e2a3-eace-427b-b4f1-cb8a937ec77d,e9aa9a3e-5b2b-4ac7-a2c7-073de2b2b24f,8bbdbcdd-5cd4-4100-b6d5-b7c9625b6107,50f4348b-c883-4e2f-8f11-ce233b859fa1,fda095cb-831d-4601-ad94-846013963de8,f92806d7-1768-443f-afe8-12bcde84d0f0,dd3a144d-ab7f-41f0-82b8-2e43a090d496,f0416e68-0200-4b77-a926-4f9d16e494da,970b0598-bcb0-4714-91fb-2e81440dccd8,bcd64cc6-2dd9-43f6-abbe-66318d332032,d930590d-bb92-4cc8-8bd1-23cd027f9edf,a3cd009f-0ab0-420d-9278-b9fdab939bbc,6a2d0734-bd9e-4ddf-946e-caa52498cb75,c27215d8-6835-4b68-bfbb-bdeac6100c04,b5d6115f-0370-4d7c-aad3-c194cc71cf98,871c3b6c-7379-419d-bda3-794b239ab90d,ff9b0199-ce04-4cfe-86cc-6c719f08d6e4,de1c2107-70c8-4021-8459-6399f24d01c6,cbf30902-517f-40dc-af90-a550bac27cf1
2025-7-24 10:41:33-debug: Init bundle root assets success..., progress: 0%
2025-7-24 10:41:33-debug:   Number of all scenes: 1
2025-7-24 10:41:33-debug:   Number of all scripts: 14
2025-7-24 10:41:33-debug:   Number of other assets: 505
2025-7-24 10:41:33-log: run build task 查询 Asset Bundle success in 8 ms√, progress: 5%
2025-7-24 10:41:33-debug: // ---- build task 查询 Asset Bundle ---- (8ms)
2025-7-24 10:41:33-debug: 查询 Asset Bundle start, progress: 5%
2025-7-24 10:41:33-debug: // ---- build task 查询 Asset Bundle ----
2025-7-24 10:41:33-debug: [Build Memory track]: 查询 Asset Bundle start:208.73MB, end 209.35MB, increase: 637.37KB
2025-7-24 10:41:33-log: run build task 查询 Asset Bundle success in 3 ms√, progress: 10%
2025-7-24 10:41:33-debug: // ---- build task 整理部分构建选项内数据到 settings.json ----
2025-7-24 10:41:33-debug: [Build Memory track]: 查询 Asset Bundle start:209.37MB, end 208.70MB, increase: -689.77KB
2025-7-24 10:41:33-debug: 整理部分构建选项内数据到 settings.json start, progress: 10%
2025-7-24 10:41:33-debug: // ---- build task 查询 Asset Bundle ---- (3ms)
2025-7-24 10:41:33-log: run build task 整理部分构建选项内数据到 settings.json success in √, progress: 12%
2025-7-24 10:41:33-debug: [Build Memory track]: 整理部分构建选项内数据到 settings.json start:208.73MB, end 208.74MB, increase: 17.77KB
2025-7-24 10:41:33-debug: 填充脚本数据到 settings.json start, progress: 12%
2025-7-24 10:41:33-debug: // ---- build task 填充脚本数据到 settings.json ----
2025-7-24 10:41:33-log: run build task 填充脚本数据到 settings.json success in √, progress: 13%
2025-7-24 10:41:33-debug: [Build Memory track]: 填充脚本数据到 settings.json start:208.77MB, end 208.78MB, increase: 14.79KB
2025-7-24 10:41:33-debug: 整理部分构建选项内数据到 settings.json start, progress: 13%
2025-7-24 10:41:33-debug: // ---- build task 整理部分构建选项内数据到 settings.json ----
2025-7-24 10:41:33-debug: // ---- build task 整理部分构建选项内数据到 settings.json ---- (2ms)
2025-7-24 10:41:33-debug: [Build Memory track]: 整理部分构建选项内数据到 settings.json start:208.81MB, end 208.94MB, increase: 139.21KB
2025-7-24 10:41:33-log: run build task 整理部分构建选项内数据到 settings.json success in 2 ms√, progress: 15%
2025-7-24 10:41:33-debug: Query all assets info in project
2025-7-24 10:41:33-debug: init custom config: keepNodeUuid: false, useCache: true
2025-7-24 10:41:33-debug: Skip compress image, progress: 0%
2025-7-24 10:41:33-debug: Init all bundles start..., progress: 0%
2025-7-24 10:41:33-debug: Num of bundles: 2..., progress: 0%
2025-7-24 10:41:33-debug: // ---- build task 查询 Asset Bundle ----
2025-7-24 10:41:33-debug: Init bundle root assets start..., progress: 0%
2025-7-24 10:41:33-debug: 查询 Asset Bundle start, progress: 0%
2025-7-24 10:41:33-debug: Query preload assets/scripts from cc.config.json: 60f7195c-ec2a-45eb-ba94-8955f60e81d0,1c02ae6f-4492-4915-b8f8-7492a3b1e4cd,810e96e4-e456-4468-9b59-f4e8f39732c0,efe8e2a3-eace-427b-b4f1-cb8a937ec77d,e9aa9a3e-5b2b-4ac7-a2c7-073de2b2b24f,8bbdbcdd-5cd4-4100-b6d5-b7c9625b6107,50f4348b-c883-4e2f-8f11-ce233b859fa1,fda095cb-831d-4601-ad94-846013963de8,f92806d7-1768-443f-afe8-12bcde84d0f0,dd3a144d-ab7f-41f0-82b8-2e43a090d496,f0416e68-0200-4b77-a926-4f9d16e494da,970b0598-bcb0-4714-91fb-2e81440dccd8,bcd64cc6-2dd9-43f6-abbe-66318d332032,d930590d-bb92-4cc8-8bd1-23cd027f9edf,a3cd009f-0ab0-420d-9278-b9fdab939bbc,6a2d0734-bd9e-4ddf-946e-caa52498cb75,c27215d8-6835-4b68-bfbb-bdeac6100c04,b5d6115f-0370-4d7c-aad3-c194cc71cf98,871c3b6c-7379-419d-bda3-794b239ab90d,ff9b0199-ce04-4cfe-86cc-6c719f08d6e4,de1c2107-70c8-4021-8459-6399f24d01c6,cbf30902-517f-40dc-af90-a550bac27cf1
2025-7-24 10:41:33-debug: Init bundle root assets success..., progress: 0%
2025-7-24 10:41:33-debug:   Number of all scripts: 14
2025-7-24 10:41:33-debug:   Number of other assets: 505
2025-7-24 10:41:33-debug:   Number of all scenes: 1
2025-7-24 10:41:33-debug: // ---- build task 查询 Asset Bundle ---- (2ms)
2025-7-24 10:41:33-log: run build task 查询 Asset Bundle success in 2 ms√, progress: 5%
2025-7-24 10:41:33-debug: [Build Memory track]: 查询 Asset Bundle start:208.84MB, end 209.46MB, increase: 635.70KB
2025-7-24 10:41:33-debug: 查询 Asset Bundle start, progress: 5%
2025-7-24 10:41:33-debug: // ---- build task 查询 Asset Bundle ----
2025-7-24 10:41:33-debug: // ---- build task 查询 Asset Bundle ---- (2ms)
2025-7-24 10:41:33-debug: 整理部分构建选项内数据到 settings.json start, progress: 10%
2025-7-24 10:41:33-debug: [Build Memory track]: 查询 Asset Bundle start:209.49MB, end 208.88MB, increase: -619.35KB
2025-7-24 10:41:33-debug: // ---- build task 整理部分构建选项内数据到 settings.json ----
2025-7-24 10:41:33-log: run build task 查询 Asset Bundle success in 2 ms√, progress: 10%
2025-7-24 10:41:33-debug: // ---- build task 整理部分构建选项内数据到 settings.json ---- (1ms)
2025-7-24 10:41:33-log: run build task 整理部分构建选项内数据到 settings.json success in 1 ms√, progress: 12%
2025-7-24 10:41:33-debug: 填充脚本数据到 settings.json start, progress: 12%
2025-7-24 10:41:33-debug: // ---- build task 填充脚本数据到 settings.json ----
2025-7-24 10:41:33-debug: [Build Memory track]: 整理部分构建选项内数据到 settings.json start:208.91MB, end 208.93MB, increase: 23.87KB
2025-7-24 10:41:33-log: run build task 填充脚本数据到 settings.json success in √, progress: 13%
2025-7-24 10:41:33-debug: [Build Memory track]: 填充脚本数据到 settings.json start:208.95MB, end 208.97MB, increase: 17.20KB
2025-7-24 10:41:33-debug: 整理部分构建选项内数据到 settings.json start, progress: 13%
2025-7-24 10:41:33-debug: // ---- build task 整理部分构建选项内数据到 settings.json ----
2025-7-24 10:41:33-debug: // ---- build task 整理部分构建选项内数据到 settings.json ---- (2ms)
2025-7-24 10:41:33-log: run build task 整理部分构建选项内数据到 settings.json success in 2 ms√, progress: 15%
2025-7-24 10:41:33-debug: [Build Memory track]: 整理部分构建选项内数据到 settings.json start:209.00MB, end 209.12MB, increase: 122.19KB
2025-7-24 10:41:33-debug: Query all assets info in project
2025-7-24 10:41:33-debug: init custom config: keepNodeUuid: false, useCache: true
2025-7-24 10:41:33-debug: Skip compress image, progress: 0%
2025-7-24 10:41:33-debug: Init all bundles start..., progress: 0%
2025-7-24 10:41:33-debug: // ---- build task 查询 Asset Bundle ----
2025-7-24 10:41:33-debug: Init bundle root assets start..., progress: 0%
2025-7-24 10:41:33-debug: Num of bundles: 2..., progress: 0%
2025-7-24 10:41:33-debug: 查询 Asset Bundle start, progress: 0%
2025-7-24 10:41:33-debug: Query preload assets/scripts from cc.config.json: 60f7195c-ec2a-45eb-ba94-8955f60e81d0,1c02ae6f-4492-4915-b8f8-7492a3b1e4cd,810e96e4-e456-4468-9b59-f4e8f39732c0,efe8e2a3-eace-427b-b4f1-cb8a937ec77d,e9aa9a3e-5b2b-4ac7-a2c7-073de2b2b24f,8bbdbcdd-5cd4-4100-b6d5-b7c9625b6107,50f4348b-c883-4e2f-8f11-ce233b859fa1,fda095cb-831d-4601-ad94-846013963de8,f92806d7-1768-443f-afe8-12bcde84d0f0,dd3a144d-ab7f-41f0-82b8-2e43a090d496,f0416e68-0200-4b77-a926-4f9d16e494da,970b0598-bcb0-4714-91fb-2e81440dccd8,bcd64cc6-2dd9-43f6-abbe-66318d332032,d930590d-bb92-4cc8-8bd1-23cd027f9edf,a3cd009f-0ab0-420d-9278-b9fdab939bbc,6a2d0734-bd9e-4ddf-946e-caa52498cb75,c27215d8-6835-4b68-bfbb-bdeac6100c04,b5d6115f-0370-4d7c-aad3-c194cc71cf98,871c3b6c-7379-419d-bda3-794b239ab90d,ff9b0199-ce04-4cfe-86cc-6c719f08d6e4,de1c2107-70c8-4021-8459-6399f24d01c6,cbf30902-517f-40dc-af90-a550bac27cf1
2025-7-24 10:41:33-debug: Init bundle root assets success..., progress: 0%
2025-7-24 10:41:33-debug:   Number of all scenes: 1
2025-7-24 10:41:33-debug:   Number of all scripts: 14
2025-7-24 10:41:33-debug: // ---- build task 查询 Asset Bundle ---- (4ms)
2025-7-24 10:41:33-log: run build task 查询 Asset Bundle success in 4 ms√, progress: 5%
2025-7-24 10:41:33-debug: [Build Memory track]: 查询 Asset Bundle start:209.59MB, end 209.51MB, increase: -87.58KB
2025-7-24 10:41:33-debug:   Number of other assets: 505
2025-7-24 10:41:33-debug: 查询 Asset Bundle start, progress: 5%
2025-7-24 10:41:33-debug: // ---- build task 查询 Asset Bundle ----
2025-7-24 10:41:33-debug: // ---- build task 查询 Asset Bundle ---- (3ms)
2025-7-24 10:41:33-debug: // ---- build task 整理部分构建选项内数据到 settings.json ----
2025-7-24 10:41:33-log: run build task 查询 Asset Bundle success in 3 ms√, progress: 10%
2025-7-24 10:41:33-debug: 整理部分构建选项内数据到 settings.json start, progress: 10%
2025-7-24 10:41:33-debug: [Build Memory track]: 查询 Asset Bundle start:209.53MB, end 208.94MB, increase: -607.45KB
2025-7-24 10:41:33-debug: // ---- build task 整理部分构建选项内数据到 settings.json ---- (2ms)
2025-7-24 10:41:33-log: run build task 整理部分构建选项内数据到 settings.json success in 2 ms√, progress: 12%
2025-7-24 10:41:33-debug: 填充脚本数据到 settings.json start, progress: 12%
2025-7-24 10:41:33-debug: // ---- build task 填充脚本数据到 settings.json ----
2025-7-24 10:41:33-debug: [Build Memory track]: 整理部分构建选项内数据到 settings.json start:208.96MB, end 208.99MB, increase: 30.59KB
2025-7-24 10:41:33-debug: // ---- build task 填充脚本数据到 settings.json ---- (1ms)
2025-7-24 10:41:33-log: run build task 填充脚本数据到 settings.json success in 1 ms√, progress: 13%
2025-7-24 10:41:33-debug: [Build Memory track]: 填充脚本数据到 settings.json start:209.02MB, end 209.04MB, increase: 22.49KB
2025-7-24 10:41:33-debug: 整理部分构建选项内数据到 settings.json start, progress: 13%
2025-7-24 10:41:33-debug: // ---- build task 整理部分构建选项内数据到 settings.json ----
2025-7-24 10:41:33-debug: // ---- build task 整理部分构建选项内数据到 settings.json ---- (2ms)
2025-7-24 10:41:33-debug: [Build Memory track]: 整理部分构建选项内数据到 settings.json start:209.07MB, end 209.22MB, increase: 159.72KB
2025-7-24 10:41:33-log: run build task 整理部分构建选项内数据到 settings.json success in 2 ms√, progress: 15%
2025-7-24 10:41:33-debug: Query all assets info in project
2025-7-24 10:41:33-debug: init custom config: keepNodeUuid: false, useCache: true
2025-7-24 10:41:33-debug: Skip compress image, progress: 0%
2025-7-24 10:41:33-debug: Init all bundles start..., progress: 0%
2025-7-24 10:41:33-debug: Num of bundles: 2..., progress: 0%
2025-7-24 10:41:33-debug: 查询 Asset Bundle start, progress: 0%
2025-7-24 10:41:33-debug: // ---- build task 查询 Asset Bundle ----
2025-7-24 10:41:33-debug: Init bundle root assets start..., progress: 0%
2025-7-24 10:41:33-debug: Query preload assets/scripts from cc.config.json: 60f7195c-ec2a-45eb-ba94-8955f60e81d0,1c02ae6f-4492-4915-b8f8-7492a3b1e4cd,810e96e4-e456-4468-9b59-f4e8f39732c0,efe8e2a3-eace-427b-b4f1-cb8a937ec77d,e9aa9a3e-5b2b-4ac7-a2c7-073de2b2b24f,8bbdbcdd-5cd4-4100-b6d5-b7c9625b6107,50f4348b-c883-4e2f-8f11-ce233b859fa1,fda095cb-831d-4601-ad94-846013963de8,f92806d7-1768-443f-afe8-12bcde84d0f0,dd3a144d-ab7f-41f0-82b8-2e43a090d496,f0416e68-0200-4b77-a926-4f9d16e494da,970b0598-bcb0-4714-91fb-2e81440dccd8,bcd64cc6-2dd9-43f6-abbe-66318d332032,d930590d-bb92-4cc8-8bd1-23cd027f9edf,a3cd009f-0ab0-420d-9278-b9fdab939bbc,6a2d0734-bd9e-4ddf-946e-caa52498cb75,c27215d8-6835-4b68-bfbb-bdeac6100c04,b5d6115f-0370-4d7c-aad3-c194cc71cf98,871c3b6c-7379-419d-bda3-794b239ab90d,ff9b0199-ce04-4cfe-86cc-6c719f08d6e4,de1c2107-70c8-4021-8459-6399f24d01c6,cbf30902-517f-40dc-af90-a550bac27cf1
2025-7-24 10:41:33-debug:   Number of all scenes: 1
2025-7-24 10:41:33-debug: [Build Memory track]: 查询 Asset Bundle start:209.10MB, end 209.72MB, increase: 632.43KB
2025-7-24 10:41:33-debug: // ---- build task 查询 Asset Bundle ----
2025-7-24 10:41:33-debug: 查询 Asset Bundle start, progress: 5%
2025-7-24 10:41:33-debug: // ---- build task 查询 Asset Bundle ---- (5ms)
2025-7-24 10:41:33-log: run build task 查询 Asset Bundle success in 5 ms√, progress: 5%
2025-7-24 10:41:33-debug:   Number of other assets: 505
2025-7-24 10:41:33-debug: Init bundle root assets success..., progress: 0%
2025-7-24 10:41:33-debug:   Number of all scripts: 14
2025-7-24 10:41:33-debug: // ---- build task 查询 Asset Bundle ---- (26ms)
2025-7-24 10:41:33-debug: // ---- build task 整理部分构建选项内数据到 settings.json ----
2025-7-24 10:41:33-debug: [Build Memory track]: 查询 Asset Bundle start:209.75MB, end 209.15MB, increase: -614.34KB
2025-7-24 10:41:33-debug: 整理部分构建选项内数据到 settings.json start, progress: 10%
2025-7-24 10:41:33-log: run build task 查询 Asset Bundle success in 26 ms√, progress: 10%
2025-7-24 10:41:33-log: run build task 整理部分构建选项内数据到 settings.json success in √, progress: 12%
2025-7-24 10:41:33-debug: 填充脚本数据到 settings.json start, progress: 12%
2025-7-24 10:41:33-debug: [Build Memory track]: 整理部分构建选项内数据到 settings.json start:209.17MB, end 209.19MB, increase: 14.77KB
2025-7-24 10:41:33-debug: // ---- build task 填充脚本数据到 settings.json ----
2025-7-24 10:41:33-debug: [Build Memory track]: 填充脚本数据到 settings.json start:209.21MB, end 209.23MB, increase: 17.35KB
2025-7-24 10:41:33-debug: 整理部分构建选项内数据到 settings.json start, progress: 13%
2025-7-24 10:41:33-debug: // ---- build task 整理部分构建选项内数据到 settings.json ----
2025-7-24 10:41:33-log: run build task 填充脚本数据到 settings.json success in √, progress: 13%
2025-7-24 10:41:33-debug: // ---- build task 整理部分构建选项内数据到 settings.json ---- (3ms)
2025-7-24 10:41:33-log: run build task 整理部分构建选项内数据到 settings.json success in 3 ms√, progress: 15%
2025-7-24 10:41:33-debug: [Build Memory track]: 整理部分构建选项内数据到 settings.json start:209.25MB, end 209.37MB, increase: 122.19KB
2025-7-24 10:41:54-debug: %cImport%c: /Users/zhao/Desktop/test/cocos-creator/PlaneFight/assets/Prefabs/bullet1.prefabbackground: #aaff85; color: #000;color: #000;
2025-7-24 10:41:54-debug: asset-db:reimport-asset13ccfaba-f106-4cc4-82f9-186df7dd0073 (5ms)
2025-7-24 10:41:55-debug: %cImport%c: /Users/zhao/Desktop/test/cocos-creator/PlaneFight/assets/Prefabs/bullet1.prefabbackground: #aaff85; color: #000;color: #000;
2025-7-24 10:41:55-debug: asset-db:reimport-asset13ccfaba-f106-4cc4-82f9-186df7dd0073 (3ms)
2025-7-24 10:42:02-debug: Query all assets info in project
2025-7-24 10:42:02-debug: init custom config: keepNodeUuid: false, useCache: true
2025-7-24 10:42:02-debug: Skip compress image, progress: 0%
2025-7-24 10:42:02-debug: Init all bundles start..., progress: 0%
2025-7-24 10:42:02-debug: 查询 Asset Bundle start, progress: 0%
2025-7-24 10:42:02-debug: // ---- build task 查询 Asset Bundle ----
2025-7-24 10:42:02-debug: Num of bundles: 2..., progress: 0%
2025-7-24 10:42:02-debug: Init bundle root assets start..., progress: 0%
2025-7-24 10:42:02-debug: Query preload assets/scripts from cc.config.json: 60f7195c-ec2a-45eb-ba94-8955f60e81d0,1c02ae6f-4492-4915-b8f8-7492a3b1e4cd,810e96e4-e456-4468-9b59-f4e8f39732c0,efe8e2a3-eace-427b-b4f1-cb8a937ec77d,e9aa9a3e-5b2b-4ac7-a2c7-073de2b2b24f,8bbdbcdd-5cd4-4100-b6d5-b7c9625b6107,50f4348b-c883-4e2f-8f11-ce233b859fa1,fda095cb-831d-4601-ad94-846013963de8,f92806d7-1768-443f-afe8-12bcde84d0f0,dd3a144d-ab7f-41f0-82b8-2e43a090d496,f0416e68-0200-4b77-a926-4f9d16e494da,970b0598-bcb0-4714-91fb-2e81440dccd8,bcd64cc6-2dd9-43f6-abbe-66318d332032,d930590d-bb92-4cc8-8bd1-23cd027f9edf,a3cd009f-0ab0-420d-9278-b9fdab939bbc,6a2d0734-bd9e-4ddf-946e-caa52498cb75,c27215d8-6835-4b68-bfbb-bdeac6100c04,b5d6115f-0370-4d7c-aad3-c194cc71cf98,871c3b6c-7379-419d-bda3-794b239ab90d,ff9b0199-ce04-4cfe-86cc-6c719f08d6e4,de1c2107-70c8-4021-8459-6399f24d01c6,cbf30902-517f-40dc-af90-a550bac27cf1
2025-7-24 10:42:02-debug: Init bundle root assets success..., progress: 0%
2025-7-24 10:42:02-debug:   Number of all scripts: 14
2025-7-24 10:42:02-debug:   Number of other assets: 505
2025-7-24 10:42:02-debug:   Number of all scenes: 1
2025-7-24 10:42:02-debug: // ---- build task 查询 Asset Bundle ---- (2ms)
2025-7-24 10:42:02-debug: 查询 Asset Bundle start, progress: 5%
2025-7-24 10:42:02-debug: [Build Memory track]: 查询 Asset Bundle start:209.93MB, end 209.82MB, increase: -105.87KB
2025-7-24 10:42:02-debug: // ---- build task 查询 Asset Bundle ----
2025-7-24 10:42:02-log: run build task 查询 Asset Bundle success in 2 ms√, progress: 5%
2025-7-24 10:42:02-debug: [Build Memory track]: 查询 Asset Bundle start:209.85MB, end 209.94MB, increase: 98.69KB
2025-7-24 10:42:02-log: run build task 查询 Asset Bundle success in √, progress: 10%
2025-7-24 10:42:02-debug: 整理部分构建选项内数据到 settings.json start, progress: 10%
2025-7-24 10:42:02-debug: // ---- build task 整理部分构建选项内数据到 settings.json ----
2025-7-24 10:42:02-debug: // ---- build task 整理部分构建选项内数据到 settings.json ---- (1ms)
2025-7-24 10:42:02-debug: [Build Memory track]: 整理部分构建选项内数据到 settings.json start:209.97MB, end 209.25MB, increase: -736.30KB
2025-7-24 10:42:02-log: run build task 整理部分构建选项内数据到 settings.json success in 1 ms√, progress: 12%
2025-7-24 10:42:02-debug: 填充脚本数据到 settings.json start, progress: 12%
2025-7-24 10:42:02-debug: // ---- build task 填充脚本数据到 settings.json ----
2025-7-24 10:42:02-log: run build task 填充脚本数据到 settings.json success in √, progress: 13%
2025-7-24 10:42:02-debug: [Build Memory track]: 填充脚本数据到 settings.json start:209.28MB, end 209.29MB, increase: 17.32KB
2025-7-24 10:42:02-debug: // ---- build task 整理部分构建选项内数据到 settings.json ----
2025-7-24 10:42:02-debug: 整理部分构建选项内数据到 settings.json start, progress: 13%
2025-7-24 10:42:02-debug: // ---- build task 整理部分构建选项内数据到 settings.json ---- (1ms)
2025-7-24 10:42:02-log: run build task 整理部分构建选项内数据到 settings.json success in 1 ms√, progress: 15%
2025-7-24 10:42:02-debug: [Build Memory track]: 整理部分构建选项内数据到 settings.json start:209.32MB, end 209.44MB, increase: 122.29KB
2025-7-24 10:42:26-debug: %cImport%c: /Users/zhao/Desktop/test/cocos-creator/PlaneFight/assets/Prefabs/bullet1.prefabbackground: #aaff85; color: #000;color: #000;
2025-7-24 10:42:26-debug: asset-db:reimport-asset13ccfaba-f106-4cc4-82f9-186df7dd0073 (13ms)
2025-7-24 10:42:28-debug: %cImport%c: /Users/zhao/Desktop/test/cocos-creator/PlaneFight/assets/Prefabs/bullet1.prefabbackground: #aaff85; color: #000;color: #000;
2025-7-24 10:42:28-debug: asset-db:reimport-asset13ccfaba-f106-4cc4-82f9-186df7dd0073 (6ms)
2025-7-24 10:42:30-debug: Query all assets info in project
2025-7-24 10:42:30-debug: init custom config: keepNodeUuid: false, useCache: true
2025-7-24 10:42:30-debug: Skip compress image, progress: 0%
2025-7-24 10:42:30-debug: Init all bundles start..., progress: 0%
2025-7-24 10:42:30-debug: Init bundle root assets start..., progress: 0%
2025-7-24 10:42:30-debug: 查询 Asset Bundle start, progress: 0%
2025-7-24 10:42:30-debug: // ---- build task 查询 Asset Bundle ----
2025-7-24 10:42:30-debug: Num of bundles: 2..., progress: 0%
2025-7-24 10:42:30-debug: Query preload assets/scripts from cc.config.json: 60f7195c-ec2a-45eb-ba94-8955f60e81d0,1c02ae6f-4492-4915-b8f8-7492a3b1e4cd,810e96e4-e456-4468-9b59-f4e8f39732c0,efe8e2a3-eace-427b-b4f1-cb8a937ec77d,e9aa9a3e-5b2b-4ac7-a2c7-073de2b2b24f,8bbdbcdd-5cd4-4100-b6d5-b7c9625b6107,50f4348b-c883-4e2f-8f11-ce233b859fa1,fda095cb-831d-4601-ad94-846013963de8,f92806d7-1768-443f-afe8-12bcde84d0f0,dd3a144d-ab7f-41f0-82b8-2e43a090d496,f0416e68-0200-4b77-a926-4f9d16e494da,970b0598-bcb0-4714-91fb-2e81440dccd8,bcd64cc6-2dd9-43f6-abbe-66318d332032,d930590d-bb92-4cc8-8bd1-23cd027f9edf,a3cd009f-0ab0-420d-9278-b9fdab939bbc,6a2d0734-bd9e-4ddf-946e-caa52498cb75,c27215d8-6835-4b68-bfbb-bdeac6100c04,b5d6115f-0370-4d7c-aad3-c194cc71cf98,871c3b6c-7379-419d-bda3-794b239ab90d,ff9b0199-ce04-4cfe-86cc-6c719f08d6e4,de1c2107-70c8-4021-8459-6399f24d01c6,cbf30902-517f-40dc-af90-a550bac27cf1
2025-7-24 10:42:30-debug:   Number of all scenes: 1
2025-7-24 10:42:30-debug: Init bundle root assets success..., progress: 0%
2025-7-24 10:42:30-debug:   Number of other assets: 505
2025-7-24 10:42:30-debug:   Number of all scripts: 14
2025-7-24 10:42:30-debug: // ---- build task 查询 Asset Bundle ---- (2ms)
2025-7-24 10:42:30-debug: [Build Memory track]: 查询 Asset Bundle start:210.18MB, end 210.06MB, increase: -124.61KB
2025-7-24 10:42:30-log: run build task 查询 Asset Bundle success in 2 ms√, progress: 5%
2025-7-24 10:42:30-debug: // ---- build task 查询 Asset Bundle ----
2025-7-24 10:42:30-debug: 查询 Asset Bundle start, progress: 5%
2025-7-24 10:42:30-log: run build task 查询 Asset Bundle success in √, progress: 10%
2025-7-24 10:42:30-debug: 整理部分构建选项内数据到 settings.json start, progress: 10%
2025-7-24 10:42:30-debug: // ---- build task 整理部分构建选项内数据到 settings.json ----
2025-7-24 10:42:30-debug: [Build Memory track]: 查询 Asset Bundle start:210.08MB, end 210.18MB, increase: 98.82KB
2025-7-24 10:42:30-log: run build task 整理部分构建选项内数据到 settings.json success in √, progress: 12%
2025-7-24 10:42:30-debug: [Build Memory track]: 整理部分构建选项内数据到 settings.json start:210.20MB, end 209.48MB, increase: -736.45KB
2025-7-24 10:42:30-debug: 填充脚本数据到 settings.json start, progress: 12%
2025-7-24 10:42:30-debug: // ---- build task 填充脚本数据到 settings.json ----
2025-7-24 10:42:30-log: run build task 填充脚本数据到 settings.json success in √, progress: 13%
2025-7-24 10:42:30-debug: [Build Memory track]: 填充脚本数据到 settings.json start:209.51MB, end 209.52MB, increase: 16.39KB
2025-7-24 10:42:30-debug: 整理部分构建选项内数据到 settings.json start, progress: 13%
2025-7-24 10:42:30-debug: // ---- build task 整理部分构建选项内数据到 settings.json ----
2025-7-24 10:42:30-debug: // ---- build task 整理部分构建选项内数据到 settings.json ---- (1ms)
2025-7-24 10:42:30-log: run build task 整理部分构建选项内数据到 settings.json success in 1 ms√, progress: 15%
2025-7-24 10:42:30-debug: [Build Memory track]: 整理部分构建选项内数据到 settings.json start:209.55MB, end 209.67MB, increase: 122.19KB
2025-7-24 10:43:05-debug: refresh db internal success
2025-7-24 10:43:05-debug: %cImport%c: /Users/zhao/Desktop/test/cocos-creator/PlaneFight/assets/Scripts/Enemy.tsbackground: #aaff85; color: #000;color: #000;
2025-7-24 10:43:05-debug: refresh db assets success
2025-7-24 10:43:05-debug: Run asset db hook engine-extends:afterRefresh ...
2025-7-24 10:43:05-debug: Run asset db hook engine-extends:afterRefresh success!
2025-7-24 10:43:05-debug: asset-db:refresh-all-database (35ms)
2025-7-24 10:43:05-debug: asset-db:worker-effect-data-processing (1ms)
2025-7-24 10:43:05-debug: asset-db-hook-engine-extends-afterRefresh (1ms)
2025-7-24 10:43:05-debug: %cImport%c: /Users/zhao/Desktop/test/cocos-creator/PlaneFight/assets/Prefabs/bullet1.prefabbackground: #aaff85; color: #000;color: #000;
2025-7-24 10:43:05-debug: asset-db:reimport-asset13ccfaba-f106-4cc4-82f9-186df7dd0073 (4ms)
2025-7-24 10:43:05-debug: Query all assets info in project
2025-7-24 10:43:05-debug: init custom config: keepNodeUuid: false, useCache: true
2025-7-24 10:43:05-debug: Skip compress image, progress: 0%
2025-7-24 10:43:05-debug: Init all bundles start..., progress: 0%
2025-7-24 10:43:05-debug: Num of bundles: 2..., progress: 0%
2025-7-24 10:43:05-debug: 查询 Asset Bundle start, progress: 0%
2025-7-24 10:43:05-debug: // ---- build task 查询 Asset Bundle ----
2025-7-24 10:43:05-debug: Init bundle root assets start..., progress: 0%
2025-7-24 10:43:05-debug: Query preload assets/scripts from cc.config.json: 60f7195c-ec2a-45eb-ba94-8955f60e81d0,1c02ae6f-4492-4915-b8f8-7492a3b1e4cd,810e96e4-e456-4468-9b59-f4e8f39732c0,efe8e2a3-eace-427b-b4f1-cb8a937ec77d,e9aa9a3e-5b2b-4ac7-a2c7-073de2b2b24f,8bbdbcdd-5cd4-4100-b6d5-b7c9625b6107,50f4348b-c883-4e2f-8f11-ce233b859fa1,fda095cb-831d-4601-ad94-846013963de8,f92806d7-1768-443f-afe8-12bcde84d0f0,dd3a144d-ab7f-41f0-82b8-2e43a090d496,f0416e68-0200-4b77-a926-4f9d16e494da,970b0598-bcb0-4714-91fb-2e81440dccd8,bcd64cc6-2dd9-43f6-abbe-66318d332032,d930590d-bb92-4cc8-8bd1-23cd027f9edf,a3cd009f-0ab0-420d-9278-b9fdab939bbc,6a2d0734-bd9e-4ddf-946e-caa52498cb75,c27215d8-6835-4b68-bfbb-bdeac6100c04,b5d6115f-0370-4d7c-aad3-c194cc71cf98,871c3b6c-7379-419d-bda3-794b239ab90d,ff9b0199-ce04-4cfe-86cc-6c719f08d6e4,de1c2107-70c8-4021-8459-6399f24d01c6,cbf30902-517f-40dc-af90-a550bac27cf1
2025-7-24 10:43:05-debug:   Number of all scripts: 14
2025-7-24 10:43:05-debug:   Number of other assets: 505
2025-7-24 10:43:05-debug: Init bundle root assets success..., progress: 0%
2025-7-24 10:43:05-debug:   Number of all scenes: 1
2025-7-24 10:43:05-debug: // ---- build task 查询 Asset Bundle ---- (8ms)
2025-7-24 10:43:05-debug: [Build Memory track]: 查询 Asset Bundle start:210.55MB, end 210.27MB, increase: -281.06KB
2025-7-24 10:43:05-debug: 查询 Asset Bundle start, progress: 5%
2025-7-24 10:43:05-debug: // ---- build task 查询 Asset Bundle ----
2025-7-24 10:43:05-log: run build task 查询 Asset Bundle success in 8 ms√, progress: 5%
2025-7-24 10:43:05-debug: // ---- build task 查询 Asset Bundle ---- (3ms)
2025-7-24 10:43:05-log: run build task 查询 Asset Bundle success in 3 ms√, progress: 10%
2025-7-24 10:43:05-debug: // ---- build task 整理部分构建选项内数据到 settings.json ----
2025-7-24 10:43:05-debug: [Build Memory track]: 查询 Asset Bundle start:210.30MB, end 210.40MB, increase: 105.86KB
2025-7-24 10:43:05-debug: 整理部分构建选项内数据到 settings.json start, progress: 10%
2025-7-24 10:43:05-log: run build task 整理部分构建选项内数据到 settings.json success in 1 ms√, progress: 12%
2025-7-24 10:43:05-debug: 填充脚本数据到 settings.json start, progress: 12%
2025-7-24 10:43:05-debug: // ---- build task 填充脚本数据到 settings.json ----
2025-7-24 10:43:05-debug: // ---- build task 整理部分构建选项内数据到 settings.json ---- (1ms)
2025-7-24 10:43:05-debug: [Build Memory track]: 整理部分构建选项内数据到 settings.json start:210.42MB, end 210.44MB, increase: 21.18KB
2025-7-24 10:43:05-debug: // ---- build task 填充脚本数据到 settings.json ---- (1ms)
2025-7-24 10:43:05-debug: // ---- build task 整理部分构建选项内数据到 settings.json ----
2025-7-24 10:43:05-debug: [Build Memory track]: 填充脚本数据到 settings.json start:210.47MB, end 210.49MB, increase: 25.78KB
2025-7-24 10:43:05-debug: 整理部分构建选项内数据到 settings.json start, progress: 13%
2025-7-24 10:43:05-log: run build task 填充脚本数据到 settings.json success in 1 ms√, progress: 13%
2025-7-24 10:43:05-debug: // ---- build task 整理部分构建选项内数据到 settings.json ---- (13ms)
2025-7-24 10:43:05-log: run build task 整理部分构建选项内数据到 settings.json success in 13 ms√, progress: 15%
2025-7-24 10:43:05-debug: [Build Memory track]: 整理部分构建选项内数据到 settings.json start:210.52MB, end 210.64MB, increase: 124.91KB
2025-7-24 10:43:05-debug: Query all assets info in project
2025-7-24 10:43:05-debug: Skip compress image, progress: 0%
2025-7-24 10:43:05-debug: init custom config: keepNodeUuid: false, useCache: true
2025-7-24 10:43:05-debug: Init all bundles start..., progress: 0%
2025-7-24 10:43:05-debug: // ---- build task 查询 Asset Bundle ----
2025-7-24 10:43:05-debug: 查询 Asset Bundle start, progress: 0%
2025-7-24 10:43:05-debug: Init bundle root assets start..., progress: 0%
2025-7-24 10:43:05-debug: Num of bundles: 2..., progress: 0%
2025-7-24 10:43:05-debug: Query preload assets/scripts from cc.config.json: 60f7195c-ec2a-45eb-ba94-8955f60e81d0,1c02ae6f-4492-4915-b8f8-7492a3b1e4cd,810e96e4-e456-4468-9b59-f4e8f39732c0,efe8e2a3-eace-427b-b4f1-cb8a937ec77d,e9aa9a3e-5b2b-4ac7-a2c7-073de2b2b24f,8bbdbcdd-5cd4-4100-b6d5-b7c9625b6107,50f4348b-c883-4e2f-8f11-ce233b859fa1,fda095cb-831d-4601-ad94-846013963de8,f92806d7-1768-443f-afe8-12bcde84d0f0,dd3a144d-ab7f-41f0-82b8-2e43a090d496,f0416e68-0200-4b77-a926-4f9d16e494da,970b0598-bcb0-4714-91fb-2e81440dccd8,bcd64cc6-2dd9-43f6-abbe-66318d332032,d930590d-bb92-4cc8-8bd1-23cd027f9edf,a3cd009f-0ab0-420d-9278-b9fdab939bbc,6a2d0734-bd9e-4ddf-946e-caa52498cb75,c27215d8-6835-4b68-bfbb-bdeac6100c04,b5d6115f-0370-4d7c-aad3-c194cc71cf98,871c3b6c-7379-419d-bda3-794b239ab90d,ff9b0199-ce04-4cfe-86cc-6c719f08d6e4,de1c2107-70c8-4021-8459-6399f24d01c6,cbf30902-517f-40dc-af90-a550bac27cf1
2025-7-24 10:43:05-debug: Init bundle root assets success..., progress: 0%
2025-7-24 10:43:05-debug:   Number of all scripts: 14
2025-7-24 10:43:05-debug:   Number of all scenes: 1
2025-7-24 10:43:05-debug:   Number of other assets: 505
2025-7-24 10:43:05-debug: // ---- build task 查询 Asset Bundle ---- (2ms)
2025-7-24 10:43:05-log: run build task 查询 Asset Bundle success in 2 ms√, progress: 5%
2025-7-24 10:43:05-debug: [Build Memory track]: 查询 Asset Bundle start:210.24MB, end 210.86MB, increase: 639.40KB
2025-7-24 10:43:05-debug: 查询 Asset Bundle start, progress: 5%
2025-7-24 10:43:05-debug: // ---- build task 查询 Asset Bundle ----
2025-7-24 10:43:05-debug: // ---- build task 查询 Asset Bundle ---- (1ms)
2025-7-24 10:43:05-debug: // ---- build task 整理部分构建选项内数据到 settings.json ----
2025-7-24 10:43:05-debug: [Build Memory track]: 查询 Asset Bundle start:210.89MB, end 210.21MB, increase: -690.41KB
2025-7-24 10:43:05-debug: 整理部分构建选项内数据到 settings.json start, progress: 10%
2025-7-24 10:43:05-log: run build task 查询 Asset Bundle success in 1 ms√, progress: 10%
2025-7-24 10:43:05-log: run build task 整理部分构建选项内数据到 settings.json success in √, progress: 12%
2025-7-24 10:43:05-debug: [Build Memory track]: 整理部分构建选项内数据到 settings.json start:210.24MB, end 210.25MB, increase: 16.11KB
2025-7-24 10:43:05-debug: // ---- build task 填充脚本数据到 settings.json ----
2025-7-24 10:43:05-debug: 填充脚本数据到 settings.json start, progress: 12%
2025-7-24 10:43:05-log: run build task 填充脚本数据到 settings.json success in √, progress: 13%
2025-7-24 10:43:05-debug: [Build Memory track]: 填充脚本数据到 settings.json start:210.28MB, end 210.29MB, increase: 15.86KB
2025-7-24 10:43:05-debug: 整理部分构建选项内数据到 settings.json start, progress: 13%
2025-7-24 10:43:05-debug: // ---- build task 整理部分构建选项内数据到 settings.json ----
2025-7-24 10:43:05-debug: // ---- build task 整理部分构建选项内数据到 settings.json ---- (2ms)
2025-7-24 10:43:05-log: run build task 整理部分构建选项内数据到 settings.json success in 2 ms√, progress: 15%
2025-7-24 10:43:05-debug: [Build Memory track]: 整理部分构建选项内数据到 settings.json start:210.32MB, end 210.45MB, increase: 137.99KB
2025-7-24 10:43:07-debug: Query all assets info in project
2025-7-24 10:43:07-debug: init custom config: keepNodeUuid: false, useCache: true
2025-7-24 10:43:07-debug: Skip compress image, progress: 0%
2025-7-24 10:43:07-debug: Init all bundles start..., progress: 0%
2025-7-24 10:43:07-debug: Num of bundles: 2..., progress: 0%
2025-7-24 10:43:07-debug: // ---- build task 查询 Asset Bundle ----
2025-7-24 10:43:07-debug: 查询 Asset Bundle start, progress: 0%
2025-7-24 10:43:07-debug: Init bundle root assets start..., progress: 0%
2025-7-24 10:43:07-debug: Query preload assets/scripts from cc.config.json: 60f7195c-ec2a-45eb-ba94-8955f60e81d0,1c02ae6f-4492-4915-b8f8-7492a3b1e4cd,810e96e4-e456-4468-9b59-f4e8f39732c0,efe8e2a3-eace-427b-b4f1-cb8a937ec77d,e9aa9a3e-5b2b-4ac7-a2c7-073de2b2b24f,8bbdbcdd-5cd4-4100-b6d5-b7c9625b6107,50f4348b-c883-4e2f-8f11-ce233b859fa1,fda095cb-831d-4601-ad94-846013963de8,f92806d7-1768-443f-afe8-12bcde84d0f0,dd3a144d-ab7f-41f0-82b8-2e43a090d496,f0416e68-0200-4b77-a926-4f9d16e494da,970b0598-bcb0-4714-91fb-2e81440dccd8,bcd64cc6-2dd9-43f6-abbe-66318d332032,d930590d-bb92-4cc8-8bd1-23cd027f9edf,a3cd009f-0ab0-420d-9278-b9fdab939bbc,6a2d0734-bd9e-4ddf-946e-caa52498cb75,c27215d8-6835-4b68-bfbb-bdeac6100c04,b5d6115f-0370-4d7c-aad3-c194cc71cf98,871c3b6c-7379-419d-bda3-794b239ab90d,ff9b0199-ce04-4cfe-86cc-6c719f08d6e4,de1c2107-70c8-4021-8459-6399f24d01c6,cbf30902-517f-40dc-af90-a550bac27cf1
2025-7-24 10:43:07-debug:   Number of all scripts: 14
2025-7-24 10:43:07-debug:   Number of other assets: 505
2025-7-24 10:43:07-debug: Init bundle root assets success..., progress: 0%
2025-7-24 10:43:07-debug:   Number of all scenes: 1
2025-7-24 10:43:07-debug: // ---- build task 查询 Asset Bundle ---- (2ms)
2025-7-24 10:43:07-debug: [Build Memory track]: 查询 Asset Bundle start:210.81MB, end 210.53MB, increase: -286.38KB
2025-7-24 10:43:07-debug: // ---- build task 查询 Asset Bundle ----
2025-7-24 10:43:07-debug: 查询 Asset Bundle start, progress: 5%
2025-7-24 10:43:07-log: run build task 查询 Asset Bundle success in 2 ms√, progress: 5%
2025-7-24 10:43:07-debug: // ---- build task 查询 Asset Bundle ---- (1ms)
2025-7-24 10:43:07-debug: [Build Memory track]: 查询 Asset Bundle start:210.55MB, end 210.66MB, increase: 106.86KB
2025-7-24 10:43:07-log: run build task 查询 Asset Bundle success in 1 ms√, progress: 10%
2025-7-24 10:43:07-debug: 整理部分构建选项内数据到 settings.json start, progress: 10%
2025-7-24 10:43:07-debug: // ---- build task 整理部分构建选项内数据到 settings.json ----
2025-7-24 10:43:07-log: run build task 整理部分构建选项内数据到 settings.json success in √, progress: 12%
2025-7-24 10:43:07-debug: // ---- build task 填充脚本数据到 settings.json ----
2025-7-24 10:43:07-debug: 填充脚本数据到 settings.json start, progress: 12%
2025-7-24 10:43:07-debug: [Build Memory track]: 整理部分构建选项内数据到 settings.json start:210.68MB, end 210.70MB, increase: 15.63KB
2025-7-24 10:43:07-log: run build task 填充脚本数据到 settings.json success in √, progress: 13%
2025-7-24 10:43:07-debug: [Build Memory track]: 填充脚本数据到 settings.json start:210.72MB, end 210.74MB, increase: 15.50KB
2025-7-24 10:43:07-debug: 整理部分构建选项内数据到 settings.json start, progress: 13%
2025-7-24 10:43:07-debug: // ---- build task 整理部分构建选项内数据到 settings.json ----
2025-7-24 10:43:07-log: run build task 整理部分构建选项内数据到 settings.json success in √, progress: 15%
2025-7-24 10:43:07-debug: [Build Memory track]: 整理部分构建选项内数据到 settings.json start:210.76MB, end 210.88MB, increase: 115.19KB
2025-7-24 10:43:52-debug: refresh db internal success
2025-7-24 10:43:52-debug: %cImport%c: /Users/zhao/Desktop/test/cocos-creator/PlaneFight/assets/Scripts/Enemy.tsbackground: #aaff85; color: #000;color: #000;
2025-7-24 10:43:52-debug: refresh db assets success
2025-7-24 10:43:52-debug: Run asset db hook engine-extends:afterRefresh ...
2025-7-24 10:43:52-debug: Run asset db hook engine-extends:afterRefresh success!
2025-7-24 10:43:52-debug: asset-db:refresh-all-database (77ms)
2025-7-24 10:43:52-debug: asset-db:worker-effect-data-processing (2ms)
2025-7-24 10:43:52-debug: asset-db-hook-engine-extends-afterRefresh (2ms)
2025-7-24 10:43:52-debug: Query all assets info in project
2025-7-24 10:43:52-debug: init custom config: keepNodeUuid: false, useCache: true
2025-7-24 10:43:52-debug: Skip compress image, progress: 0%
2025-7-24 10:43:52-debug: Init all bundles start..., progress: 0%
2025-7-24 10:43:52-debug: Num of bundles: 2..., progress: 0%
2025-7-24 10:43:52-debug: 查询 Asset Bundle start, progress: 0%
2025-7-24 10:43:52-debug: // ---- build task 查询 Asset Bundle ----
2025-7-24 10:43:52-debug: Init bundle root assets start..., progress: 0%
2025-7-24 10:43:52-debug: Query preload assets/scripts from cc.config.json: 60f7195c-ec2a-45eb-ba94-8955f60e81d0,1c02ae6f-4492-4915-b8f8-7492a3b1e4cd,810e96e4-e456-4468-9b59-f4e8f39732c0,efe8e2a3-eace-427b-b4f1-cb8a937ec77d,e9aa9a3e-5b2b-4ac7-a2c7-073de2b2b24f,8bbdbcdd-5cd4-4100-b6d5-b7c9625b6107,50f4348b-c883-4e2f-8f11-ce233b859fa1,fda095cb-831d-4601-ad94-846013963de8,f92806d7-1768-443f-afe8-12bcde84d0f0,dd3a144d-ab7f-41f0-82b8-2e43a090d496,f0416e68-0200-4b77-a926-4f9d16e494da,970b0598-bcb0-4714-91fb-2e81440dccd8,bcd64cc6-2dd9-43f6-abbe-66318d332032,d930590d-bb92-4cc8-8bd1-23cd027f9edf,a3cd009f-0ab0-420d-9278-b9fdab939bbc,6a2d0734-bd9e-4ddf-946e-caa52498cb75,c27215d8-6835-4b68-bfbb-bdeac6100c04,b5d6115f-0370-4d7c-aad3-c194cc71cf98,871c3b6c-7379-419d-bda3-794b239ab90d,ff9b0199-ce04-4cfe-86cc-6c719f08d6e4,de1c2107-70c8-4021-8459-6399f24d01c6,cbf30902-517f-40dc-af90-a550bac27cf1
2025-7-24 10:43:52-debug:   Number of all scenes: 1
2025-7-24 10:43:52-debug:   Number of all scripts: 14
2025-7-24 10:43:52-debug:   Number of other assets: 505
2025-7-24 10:43:52-debug: Init bundle root assets success..., progress: 0%
2025-7-24 10:43:52-log: run build task 查询 Asset Bundle success in 26 ms√, progress: 5%
2025-7-24 10:43:52-debug: [Build Memory track]: 查询 Asset Bundle start:211.43MB, end 211.01MB, increase: -429.53KB
2025-7-24 10:43:52-debug: 查询 Asset Bundle start, progress: 5%
2025-7-24 10:43:52-debug: // ---- build task 查询 Asset Bundle ----
2025-7-24 10:43:52-debug: // ---- build task 查询 Asset Bundle ---- (26ms)
2025-7-24 10:43:52-debug: // ---- build task 查询 Asset Bundle ---- (10ms)
2025-7-24 10:43:52-log: run build task 查询 Asset Bundle success in 10 ms√, progress: 10%
2025-7-24 10:43:52-log: run build task 整理部分构建选项内数据到 settings.json success in √, progress: 12%
2025-7-24 10:43:52-debug: [Build Memory track]: 整理部分构建选项内数据到 settings.json start:211.16MB, end 211.18MB, increase: 13.22KB
2025-7-24 10:43:52-debug: 整理部分构建选项内数据到 settings.json start, progress: 10%
2025-7-24 10:43:52-debug: [Build Memory track]: 查询 Asset Bundle start:211.03MB, end 211.14MB, increase: 109.55KB
2025-7-24 10:43:52-debug: // ---- build task 整理部分构建选项内数据到 settings.json ----
2025-7-24 10:43:52-debug: 填充脚本数据到 settings.json start, progress: 12%
2025-7-24 10:43:52-debug: // ---- build task 整理部分构建选项内数据到 settings.json ----
2025-7-24 10:43:52-log: run build task 填充脚本数据到 settings.json success in √, progress: 13%
2025-7-24 10:43:52-debug: [Build Memory track]: 填充脚本数据到 settings.json start:211.20MB, end 211.22MB, increase: 14.60KB
2025-7-24 10:43:52-debug: // ---- build task 填充脚本数据到 settings.json ----
2025-7-24 10:43:52-debug: 整理部分构建选项内数据到 settings.json start, progress: 13%
2025-7-24 10:43:52-debug: // ---- build task 整理部分构建选项内数据到 settings.json ---- (9ms)
2025-7-24 10:43:52-log: run build task 整理部分构建选项内数据到 settings.json success in 9 ms√, progress: 15%
2025-7-24 10:43:52-debug: [Build Memory track]: 整理部分构建选项内数据到 settings.json start:211.24MB, end 211.36MB, increase: 126.36KB
2025-7-24 10:43:52-debug: Query all assets info in project
2025-7-24 10:43:53-debug: Skip compress image, progress: 0%
2025-7-24 10:43:53-debug: init custom config: keepNodeUuid: false, useCache: true
2025-7-24 10:43:53-debug: Init all bundles start..., progress: 0%
2025-7-24 10:43:53-debug: Num of bundles: 2..., progress: 0%
2025-7-24 10:43:53-debug: 查询 Asset Bundle start, progress: 0%
2025-7-24 10:43:53-debug: // ---- build task 查询 Asset Bundle ----
2025-7-24 10:43:53-debug: Init bundle root assets start..., progress: 0%
2025-7-24 10:43:53-debug: Query preload assets/scripts from cc.config.json: 60f7195c-ec2a-45eb-ba94-8955f60e81d0,1c02ae6f-4492-4915-b8f8-7492a3b1e4cd,810e96e4-e456-4468-9b59-f4e8f39732c0,efe8e2a3-eace-427b-b4f1-cb8a937ec77d,e9aa9a3e-5b2b-4ac7-a2c7-073de2b2b24f,8bbdbcdd-5cd4-4100-b6d5-b7c9625b6107,50f4348b-c883-4e2f-8f11-ce233b859fa1,fda095cb-831d-4601-ad94-846013963de8,f92806d7-1768-443f-afe8-12bcde84d0f0,dd3a144d-ab7f-41f0-82b8-2e43a090d496,f0416e68-0200-4b77-a926-4f9d16e494da,970b0598-bcb0-4714-91fb-2e81440dccd8,bcd64cc6-2dd9-43f6-abbe-66318d332032,d930590d-bb92-4cc8-8bd1-23cd027f9edf,a3cd009f-0ab0-420d-9278-b9fdab939bbc,6a2d0734-bd9e-4ddf-946e-caa52498cb75,c27215d8-6835-4b68-bfbb-bdeac6100c04,b5d6115f-0370-4d7c-aad3-c194cc71cf98,871c3b6c-7379-419d-bda3-794b239ab90d,ff9b0199-ce04-4cfe-86cc-6c719f08d6e4,de1c2107-70c8-4021-8459-6399f24d01c6,cbf30902-517f-40dc-af90-a550bac27cf1
2025-7-24 10:43:53-debug:   Number of all scenes: 1
2025-7-24 10:43:53-debug:   Number of all scripts: 14
2025-7-24 10:43:53-debug:   Number of other assets: 505
2025-7-24 10:43:53-debug: Init bundle root assets success..., progress: 0%
2025-7-24 10:43:53-log: run build task 查询 Asset Bundle success in 1 ms√, progress: 5%
2025-7-24 10:43:53-debug: // ---- build task 查询 Asset Bundle ---- (1ms)
2025-7-24 10:43:53-debug: 查询 Asset Bundle start, progress: 5%
2025-7-24 10:43:53-debug: // ---- build task 查询 Asset Bundle ----
2025-7-24 10:43:53-debug: [Build Memory track]: 查询 Asset Bundle start:210.94MB, end 211.56MB, increase: 635.28KB
2025-7-24 10:43:53-debug: [Build Memory track]: 查询 Asset Bundle start:211.59MB, end 210.98MB, increase: -625.49KB
2025-7-24 10:43:53-debug: 整理部分构建选项内数据到 settings.json start, progress: 10%
2025-7-24 10:43:53-debug: // ---- build task 整理部分构建选项内数据到 settings.json ----
2025-7-24 10:43:53-debug: // ---- build task 整理部分构建选项内数据到 settings.json ---- (1ms)
2025-7-24 10:43:53-debug: [Build Memory track]: 整理部分构建选项内数据到 settings.json start:211.00MB, end 211.02MB, increase: 20.84KB
2025-7-24 10:43:53-debug: 填充脚本数据到 settings.json start, progress: 12%
2025-7-24 10:43:53-debug: // ---- build task 填充脚本数据到 settings.json ----
2025-7-24 10:43:53-log: run build task 查询 Asset Bundle success in 3 ms√, progress: 10%
2025-7-24 10:43:53-log: run build task 整理部分构建选项内数据到 settings.json success in 1 ms√, progress: 12%
2025-7-24 10:43:53-debug: // ---- build task 查询 Asset Bundle ---- (3ms)
2025-7-24 10:43:53-log: run build task 填充脚本数据到 settings.json success in √, progress: 13%
2025-7-24 10:43:53-debug: 整理部分构建选项内数据到 settings.json start, progress: 13%
2025-7-24 10:43:53-debug: [Build Memory track]: 填充脚本数据到 settings.json start:211.05MB, end 211.07MB, increase: 17.11KB
2025-7-24 10:43:53-debug: // ---- build task 整理部分构建选项内数据到 settings.json ----
2025-7-24 10:43:53-debug: [Build Memory track]: 整理部分构建选项内数据到 settings.json start:211.09MB, end 211.21MB, increase: 125.03KB
2025-7-24 10:43:53-debug: // ---- build task 整理部分构建选项内数据到 settings.json ---- (3ms)
2025-7-24 10:43:53-log: run build task 整理部分构建选项内数据到 settings.json success in 3 ms√, progress: 15%
2025-7-24 10:43:53-debug: %cImport%c: /Users/zhao/Desktop/test/cocos-creator/PlaneFight/assets/Prefabs/bullet1.prefabbackground: #aaff85; color: #000;color: #000;
2025-7-24 10:43:53-debug: asset-db:reimport-asset13ccfaba-f106-4cc4-82f9-186df7dd0073 (7ms)
2025-7-24 10:43:56-debug: Query all assets info in project
2025-7-24 10:43:56-debug: init custom config: keepNodeUuid: false, useCache: true
2025-7-24 10:43:56-debug: Skip compress image, progress: 0%
2025-7-24 10:43:56-debug: Init all bundles start..., progress: 0%
2025-7-24 10:43:56-debug: Init bundle root assets start..., progress: 0%
2025-7-24 10:43:56-debug: 查询 Asset Bundle start, progress: 0%
2025-7-24 10:43:56-debug: // ---- build task 查询 Asset Bundle ----
2025-7-24 10:43:56-debug: Num of bundles: 2..., progress: 0%
2025-7-24 10:43:56-debug: Query preload assets/scripts from cc.config.json: 60f7195c-ec2a-45eb-ba94-8955f60e81d0,1c02ae6f-4492-4915-b8f8-7492a3b1e4cd,810e96e4-e456-4468-9b59-f4e8f39732c0,efe8e2a3-eace-427b-b4f1-cb8a937ec77d,e9aa9a3e-5b2b-4ac7-a2c7-073de2b2b24f,8bbdbcdd-5cd4-4100-b6d5-b7c9625b6107,50f4348b-c883-4e2f-8f11-ce233b859fa1,fda095cb-831d-4601-ad94-846013963de8,f92806d7-1768-443f-afe8-12bcde84d0f0,dd3a144d-ab7f-41f0-82b8-2e43a090d496,f0416e68-0200-4b77-a926-4f9d16e494da,970b0598-bcb0-4714-91fb-2e81440dccd8,bcd64cc6-2dd9-43f6-abbe-66318d332032,d930590d-bb92-4cc8-8bd1-23cd027f9edf,a3cd009f-0ab0-420d-9278-b9fdab939bbc,6a2d0734-bd9e-4ddf-946e-caa52498cb75,c27215d8-6835-4b68-bfbb-bdeac6100c04,b5d6115f-0370-4d7c-aad3-c194cc71cf98,871c3b6c-7379-419d-bda3-794b239ab90d,ff9b0199-ce04-4cfe-86cc-6c719f08d6e4,de1c2107-70c8-4021-8459-6399f24d01c6,cbf30902-517f-40dc-af90-a550bac27cf1
2025-7-24 10:43:56-debug:   Number of all scenes: 1
2025-7-24 10:43:56-debug: Init bundle root assets success..., progress: 0%
2025-7-24 10:43:56-debug:   Number of all scripts: 14
2025-7-24 10:43:56-debug:   Number of other assets: 505
2025-7-24 10:43:56-debug: // ---- build task 查询 Asset Bundle ---- (2ms)
2025-7-24 10:43:56-log: run build task 查询 Asset Bundle success in 2 ms√, progress: 5%
2025-7-24 10:43:56-debug: [Build Memory track]: 查询 Asset Bundle start:211.10MB, end 211.72MB, increase: 635.16KB
2025-7-24 10:43:56-debug: // ---- build task 查询 Asset Bundle ----
2025-7-24 10:43:56-debug: 查询 Asset Bundle start, progress: 5%
2025-7-24 10:43:56-debug: // ---- build task 查询 Asset Bundle ---- (1ms)
2025-7-24 10:43:56-log: run build task 查询 Asset Bundle success in 1 ms√, progress: 10%
2025-7-24 10:43:56-debug: [Build Memory track]: 查询 Asset Bundle start:211.74MB, end 211.14MB, increase: -617.44KB
2025-7-24 10:43:56-debug: 整理部分构建选项内数据到 settings.json start, progress: 10%
2025-7-24 10:43:56-debug: // ---- build task 整理部分构建选项内数据到 settings.json ----
2025-7-24 10:43:56-log: run build task 整理部分构建选项内数据到 settings.json success in √, progress: 12%
2025-7-24 10:43:56-debug: [Build Memory track]: 整理部分构建选项内数据到 settings.json start:211.16MB, end 211.18MB, increase: 16.65KB
2025-7-24 10:43:56-debug: 填充脚本数据到 settings.json start, progress: 12%
2025-7-24 10:43:56-debug: // ---- build task 填充脚本数据到 settings.json ----
2025-7-24 10:43:56-log: run build task 填充脚本数据到 settings.json success in √, progress: 13%
2025-7-24 10:43:56-debug: [Build Memory track]: 填充脚本数据到 settings.json start:211.20MB, end 211.22MB, increase: 15.52KB
2025-7-24 10:43:56-debug: 整理部分构建选项内数据到 settings.json start, progress: 13%
2025-7-24 10:43:56-debug: // ---- build task 整理部分构建选项内数据到 settings.json ----
2025-7-24 10:43:56-debug: // ---- build task 整理部分构建选项内数据到 settings.json ---- (1ms)
2025-7-24 10:43:56-log: run build task 整理部分构建选项内数据到 settings.json success in 1 ms√, progress: 15%
2025-7-24 10:43:56-debug: [Build Memory track]: 整理部分构建选项内数据到 settings.json start:211.24MB, end 211.36MB, increase: 122.19KB
2025-7-24 10:44:16-debug: refresh db internal success
2025-7-24 10:44:16-debug: %cImport%c: /Users/zhao/Desktop/test/cocos-creator/PlaneFight/assets/Scripts/Enemy.tsbackground: #aaff85; color: #000;color: #000;
2025-7-24 10:44:16-debug: refresh db assets success
2025-7-24 10:44:16-debug: Run asset db hook engine-extends:afterRefresh success!
2025-7-24 10:44:16-debug: Run asset db hook engine-extends:afterRefresh ...
2025-7-24 10:44:16-debug: asset-db:refresh-all-database (22ms)
2025-7-24 10:44:16-debug: asset-db-hook-engine-extends-afterRefresh (2ms)
2025-7-24 10:44:16-debug: asset-db:worker-effect-data-processing (1ms)
2025-7-24 10:44:16-debug: Query all assets info in project
2025-7-24 10:44:16-debug: init custom config: keepNodeUuid: false, useCache: true
2025-7-24 10:44:16-debug: Skip compress image, progress: 0%
2025-7-24 10:44:16-debug: Init all bundles start..., progress: 0%
2025-7-24 10:44:16-debug: Num of bundles: 2..., progress: 0%
2025-7-24 10:44:16-debug: // ---- build task 查询 Asset Bundle ----
2025-7-24 10:44:16-debug: Init bundle root assets start..., progress: 0%
2025-7-24 10:44:16-debug: 查询 Asset Bundle start, progress: 0%
2025-7-24 10:44:16-debug: Query preload assets/scripts from cc.config.json: 60f7195c-ec2a-45eb-ba94-8955f60e81d0,1c02ae6f-4492-4915-b8f8-7492a3b1e4cd,810e96e4-e456-4468-9b59-f4e8f39732c0,efe8e2a3-eace-427b-b4f1-cb8a937ec77d,e9aa9a3e-5b2b-4ac7-a2c7-073de2b2b24f,8bbdbcdd-5cd4-4100-b6d5-b7c9625b6107,50f4348b-c883-4e2f-8f11-ce233b859fa1,fda095cb-831d-4601-ad94-846013963de8,f92806d7-1768-443f-afe8-12bcde84d0f0,dd3a144d-ab7f-41f0-82b8-2e43a090d496,f0416e68-0200-4b77-a926-4f9d16e494da,970b0598-bcb0-4714-91fb-2e81440dccd8,bcd64cc6-2dd9-43f6-abbe-66318d332032,d930590d-bb92-4cc8-8bd1-23cd027f9edf,a3cd009f-0ab0-420d-9278-b9fdab939bbc,6a2d0734-bd9e-4ddf-946e-caa52498cb75,c27215d8-6835-4b68-bfbb-bdeac6100c04,b5d6115f-0370-4d7c-aad3-c194cc71cf98,871c3b6c-7379-419d-bda3-794b239ab90d,ff9b0199-ce04-4cfe-86cc-6c719f08d6e4,de1c2107-70c8-4021-8459-6399f24d01c6,cbf30902-517f-40dc-af90-a550bac27cf1
2025-7-24 10:44:16-debug: Init bundle root assets success..., progress: 0%
2025-7-24 10:44:16-debug:   Number of all scenes: 1
2025-7-24 10:44:16-debug:   Number of other assets: 505
2025-7-24 10:44:16-debug:   Number of all scripts: 14
2025-7-24 10:44:16-debug: // ---- build task 查询 Asset Bundle ---- (6ms)
2025-7-24 10:44:16-debug: // ---- build task 查询 Asset Bundle ----
2025-7-24 10:44:16-debug: [Build Memory track]: 查询 Asset Bundle start:211.80MB, end 211.49MB, increase: -313.55KB
2025-7-24 10:44:16-debug: 查询 Asset Bundle start, progress: 5%
2025-7-24 10:44:16-log: run build task 查询 Asset Bundle success in 6 ms√, progress: 5%
2025-7-24 10:44:16-debug: // ---- build task 查询 Asset Bundle ---- (3ms)
2025-7-24 10:44:16-log: run build task 查询 Asset Bundle success in 3 ms√, progress: 10%
2025-7-24 10:44:16-debug: [Build Memory track]: 查询 Asset Bundle start:211.52MB, end 211.62MB, increase: 107.68KB
2025-7-24 10:44:16-debug: 整理部分构建选项内数据到 settings.json start, progress: 10%
2025-7-24 10:44:16-debug: // ---- build task 整理部分构建选项内数据到 settings.json ----
2025-7-24 10:44:16-debug: // ---- build task 整理部分构建选项内数据到 settings.json ---- (1ms)
2025-7-24 10:44:16-debug: // ---- build task 填充脚本数据到 settings.json ----
2025-7-24 10:44:16-log: run build task 整理部分构建选项内数据到 settings.json success in 1 ms√, progress: 12%
2025-7-24 10:44:16-debug: [Build Memory track]: 整理部分构建选项内数据到 settings.json start:211.65MB, end 211.67MB, increase: 24.72KB
2025-7-24 10:44:16-debug: 填充脚本数据到 settings.json start, progress: 12%
2025-7-24 10:44:16-log: run build task 填充脚本数据到 settings.json success in √, progress: 13%
2025-7-24 10:44:16-debug: [Build Memory track]: 填充脚本数据到 settings.json start:211.70MB, end 211.71MB, increase: 13.95KB
2025-7-24 10:44:16-debug: 整理部分构建选项内数据到 settings.json start, progress: 13%
2025-7-24 10:44:16-debug: // ---- build task 整理部分构建选项内数据到 settings.json ----
2025-7-24 10:44:16-debug: // ---- build task 整理部分构建选项内数据到 settings.json ---- (2ms)
2025-7-24 10:44:16-debug: [Build Memory track]: 整理部分构建选项内数据到 settings.json start:211.74MB, end 211.86MB, increase: 124.34KB
2025-7-24 10:44:16-log: run build task 整理部分构建选项内数据到 settings.json success in 2 ms√, progress: 15%
2025-7-24 10:44:16-debug: Query all assets info in project
2025-7-24 10:44:16-debug: Skip compress image, progress: 0%
2025-7-24 10:44:16-debug: init custom config: keepNodeUuid: false, useCache: true
2025-7-24 10:44:16-debug: Init all bundles start..., progress: 0%
2025-7-24 10:44:16-debug: Num of bundles: 2..., progress: 0%
2025-7-24 10:44:16-debug: 查询 Asset Bundle start, progress: 0%
2025-7-24 10:44:16-debug: Init bundle root assets start..., progress: 0%
2025-7-24 10:44:16-debug: // ---- build task 查询 Asset Bundle ----
2025-7-24 10:44:16-debug: Query preload assets/scripts from cc.config.json: 60f7195c-ec2a-45eb-ba94-8955f60e81d0,1c02ae6f-4492-4915-b8f8-7492a3b1e4cd,810e96e4-e456-4468-9b59-f4e8f39732c0,efe8e2a3-eace-427b-b4f1-cb8a937ec77d,e9aa9a3e-5b2b-4ac7-a2c7-073de2b2b24f,8bbdbcdd-5cd4-4100-b6d5-b7c9625b6107,50f4348b-c883-4e2f-8f11-ce233b859fa1,fda095cb-831d-4601-ad94-846013963de8,f92806d7-1768-443f-afe8-12bcde84d0f0,dd3a144d-ab7f-41f0-82b8-2e43a090d496,f0416e68-0200-4b77-a926-4f9d16e494da,970b0598-bcb0-4714-91fb-2e81440dccd8,bcd64cc6-2dd9-43f6-abbe-66318d332032,d930590d-bb92-4cc8-8bd1-23cd027f9edf,a3cd009f-0ab0-420d-9278-b9fdab939bbc,6a2d0734-bd9e-4ddf-946e-caa52498cb75,c27215d8-6835-4b68-bfbb-bdeac6100c04,b5d6115f-0370-4d7c-aad3-c194cc71cf98,871c3b6c-7379-419d-bda3-794b239ab90d,ff9b0199-ce04-4cfe-86cc-6c719f08d6e4,de1c2107-70c8-4021-8459-6399f24d01c6,cbf30902-517f-40dc-af90-a550bac27cf1
2025-7-24 10:44:16-debug:   Number of all scenes: 1
2025-7-24 10:44:16-debug:   Number of all scripts: 14
2025-7-24 10:44:16-debug:   Number of other assets: 505
2025-7-24 10:44:16-debug: Init bundle root assets success..., progress: 0%
2025-7-24 10:44:16-debug: [Build Memory track]: 查询 Asset Bundle start:212.20MB, end 212.07MB, increase: -131.27KB
2025-7-24 10:44:16-debug: // ---- build task 查询 Asset Bundle ---- (3ms)
2025-7-24 10:44:16-debug: 查询 Asset Bundle start, progress: 5%
2025-7-24 10:44:16-debug: // ---- build task 查询 Asset Bundle ----
2025-7-24 10:44:16-log: run build task 查询 Asset Bundle success in 3 ms√, progress: 5%
2025-7-24 10:44:16-debug: // ---- build task 查询 Asset Bundle ---- (1ms)
2025-7-24 10:44:16-log: run build task 查询 Asset Bundle success in 1 ms√, progress: 10%
2025-7-24 10:44:16-debug: 整理部分构建选项内数据到 settings.json start, progress: 10%
2025-7-24 10:44:16-debug: // ---- build task 整理部分构建选项内数据到 settings.json ----
2025-7-24 10:44:16-debug: [Build Memory track]: 查询 Asset Bundle start:212.09MB, end 212.20MB, increase: 107.96KB
2025-7-24 10:44:16-debug: // ---- build task 整理部分构建选项内数据到 settings.json ---- (2ms)
2025-7-24 10:44:16-log: run build task 整理部分构建选项内数据到 settings.json success in 2 ms√, progress: 12%
2025-7-24 10:44:16-debug: 填充脚本数据到 settings.json start, progress: 12%
2025-7-24 10:44:16-debug: [Build Memory track]: 整理部分构建选项内数据到 settings.json start:212.22MB, end 211.49MB, increase: -747.86KB
2025-7-24 10:44:16-debug: // ---- build task 填充脚本数据到 settings.json ----
2025-7-24 10:44:16-debug: // ---- build task 填充脚本数据到 settings.json ---- (1ms)
2025-7-24 10:44:16-log: run build task 填充脚本数据到 settings.json success in 1 ms√, progress: 13%
2025-7-24 10:44:16-debug: [Build Memory track]: 填充脚本数据到 settings.json start:211.52MB, end 211.54MB, increase: 24.66KB
2025-7-24 10:44:16-debug: // ---- build task 整理部分构建选项内数据到 settings.json ----
2025-7-24 10:44:16-debug: 整理部分构建选项内数据到 settings.json start, progress: 13%
2025-7-24 10:44:16-debug: // ---- build task 整理部分构建选项内数据到 settings.json ---- (2ms)
2025-7-24 10:44:16-log: run build task 整理部分构建选项内数据到 settings.json success in 2 ms√, progress: 15%
2025-7-24 10:44:16-debug: [Build Memory track]: 整理部分构建选项内数据到 settings.json start:211.57MB, end 211.69MB, increase: 122.89KB
2025-7-24 10:44:19-debug: %cImport%c: /Users/zhao/Desktop/test/cocos-creator/PlaneFight/assets/Prefabs/bullet1.prefabbackground: #aaff85; color: #000;color: #000;
2025-7-24 10:44:19-debug: asset-db:reimport-asset13ccfaba-f106-4cc4-82f9-186df7dd0073 (5ms)
2025-7-24 10:44:19-debug: Query all assets info in project
2025-7-24 10:44:19-debug: init custom config: keepNodeUuid: false, useCache: true
2025-7-24 10:44:19-debug: Skip compress image, progress: 0%
2025-7-24 10:44:19-debug: Init all bundles start..., progress: 0%
2025-7-24 10:44:19-debug: // ---- build task 查询 Asset Bundle ----
2025-7-24 10:44:19-debug: 查询 Asset Bundle start, progress: 0%
2025-7-24 10:44:19-debug: Init bundle root assets start..., progress: 0%
2025-7-24 10:44:19-debug: Num of bundles: 2..., progress: 0%
2025-7-24 10:44:19-debug: Query preload assets/scripts from cc.config.json: 60f7195c-ec2a-45eb-ba94-8955f60e81d0,1c02ae6f-4492-4915-b8f8-7492a3b1e4cd,810e96e4-e456-4468-9b59-f4e8f39732c0,efe8e2a3-eace-427b-b4f1-cb8a937ec77d,e9aa9a3e-5b2b-4ac7-a2c7-073de2b2b24f,8bbdbcdd-5cd4-4100-b6d5-b7c9625b6107,50f4348b-c883-4e2f-8f11-ce233b859fa1,fda095cb-831d-4601-ad94-846013963de8,f92806d7-1768-443f-afe8-12bcde84d0f0,dd3a144d-ab7f-41f0-82b8-2e43a090d496,f0416e68-0200-4b77-a926-4f9d16e494da,970b0598-bcb0-4714-91fb-2e81440dccd8,bcd64cc6-2dd9-43f6-abbe-66318d332032,d930590d-bb92-4cc8-8bd1-23cd027f9edf,a3cd009f-0ab0-420d-9278-b9fdab939bbc,6a2d0734-bd9e-4ddf-946e-caa52498cb75,c27215d8-6835-4b68-bfbb-bdeac6100c04,b5d6115f-0370-4d7c-aad3-c194cc71cf98,871c3b6c-7379-419d-bda3-794b239ab90d,ff9b0199-ce04-4cfe-86cc-6c719f08d6e4,de1c2107-70c8-4021-8459-6399f24d01c6,cbf30902-517f-40dc-af90-a550bac27cf1
2025-7-24 10:44:19-debug: Init bundle root assets success..., progress: 0%
2025-7-24 10:44:19-debug:   Number of all scripts: 14
2025-7-24 10:44:19-debug:   Number of other assets: 505
2025-7-24 10:44:19-debug:   Number of all scenes: 1
2025-7-24 10:44:19-debug: // ---- build task 查询 Asset Bundle ---- (1ms)
2025-7-24 10:44:19-debug: 查询 Asset Bundle start, progress: 5%
2025-7-24 10:44:19-debug: [Build Memory track]: 查询 Asset Bundle start:212.07MB, end 211.82MB, increase: -256.50KB
2025-7-24 10:44:19-debug: // ---- build task 查询 Asset Bundle ----
2025-7-24 10:44:19-log: run build task 查询 Asset Bundle success in 1 ms√, progress: 5%
2025-7-24 10:44:19-debug: // ---- build task 查询 Asset Bundle ---- (1ms)
2025-7-24 10:44:19-log: run build task 查询 Asset Bundle success in 1 ms√, progress: 10%
2025-7-24 10:44:19-debug: // ---- build task 整理部分构建选项内数据到 settings.json ----
2025-7-24 10:44:19-debug: 整理部分构建选项内数据到 settings.json start, progress: 10%
2025-7-24 10:44:19-debug: [Build Memory track]: 查询 Asset Bundle start:211.84MB, end 211.95MB, increase: 106.20KB
2025-7-24 10:44:19-log: run build task 整理部分构建选项内数据到 settings.json success in √, progress: 12%
2025-7-24 10:44:19-debug: 填充脚本数据到 settings.json start, progress: 12%
2025-7-24 10:44:19-debug: // ---- build task 填充脚本数据到 settings.json ----
2025-7-24 10:44:19-debug: [Build Memory track]: 整理部分构建选项内数据到 settings.json start:211.97MB, end 211.99MB, increase: 16.65KB
2025-7-24 10:44:19-log: run build task 填充脚本数据到 settings.json success in √, progress: 13%
2025-7-24 10:44:19-debug: 整理部分构建选项内数据到 settings.json start, progress: 13%
2025-7-24 10:44:19-debug: [Build Memory track]: 填充脚本数据到 settings.json start:212.01MB, end 212.03MB, increase: 15.54KB
2025-7-24 10:44:19-debug: // ---- build task 整理部分构建选项内数据到 settings.json ----
2025-7-24 10:44:19-debug: // ---- build task 整理部分构建选项内数据到 settings.json ---- (1ms)
2025-7-24 10:44:19-log: run build task 整理部分构建选项内数据到 settings.json success in 1 ms√, progress: 15%
2025-7-24 10:44:19-debug: [Build Memory track]: 整理部分构建选项内数据到 settings.json start:212.05MB, end 212.17MB, increase: 122.18KB
2025-7-24 10:46:35-debug: refresh db internal success
2025-7-24 10:46:35-debug: %cImport%c: /Users/zhao/Desktop/test/cocos-creator/PlaneFight/assets/Scripts/Enemy.tsbackground: #aaff85; color: #000;color: #000;
2025-7-24 10:46:35-debug: refresh db assets success
2025-7-24 10:46:35-debug: Run asset db hook engine-extends:afterRefresh ...
2025-7-24 10:46:35-debug: Run asset db hook engine-extends:afterRefresh success!
2025-7-24 10:46:35-debug: asset-db:refresh-all-database (64ms)
2025-7-24 10:46:35-debug: asset-db:worker-effect-data-processing (1ms)
2025-7-24 10:46:35-debug: asset-db-hook-engine-extends-afterRefresh (2ms)
2025-7-24 10:46:36-debug: Query all assets info in project
2025-7-24 10:46:36-debug: init custom config: keepNodeUuid: false, useCache: true
2025-7-24 10:46:36-debug: Skip compress image, progress: 0%
2025-7-24 10:46:36-debug: Init all bundles start..., progress: 0%
2025-7-24 10:46:36-debug: 查询 Asset Bundle start, progress: 0%
2025-7-24 10:46:36-debug: // ---- build task 查询 Asset Bundle ----
2025-7-24 10:46:36-debug: Num of bundles: 2..., progress: 0%
2025-7-24 10:46:36-debug: Init bundle root assets start..., progress: 0%
2025-7-24 10:46:36-debug: Query preload assets/scripts from cc.config.json: 60f7195c-ec2a-45eb-ba94-8955f60e81d0,1c02ae6f-4492-4915-b8f8-7492a3b1e4cd,810e96e4-e456-4468-9b59-f4e8f39732c0,efe8e2a3-eace-427b-b4f1-cb8a937ec77d,e9aa9a3e-5b2b-4ac7-a2c7-073de2b2b24f,8bbdbcdd-5cd4-4100-b6d5-b7c9625b6107,50f4348b-c883-4e2f-8f11-ce233b859fa1,fda095cb-831d-4601-ad94-846013963de8,f92806d7-1768-443f-afe8-12bcde84d0f0,dd3a144d-ab7f-41f0-82b8-2e43a090d496,f0416e68-0200-4b77-a926-4f9d16e494da,970b0598-bcb0-4714-91fb-2e81440dccd8,bcd64cc6-2dd9-43f6-abbe-66318d332032,d930590d-bb92-4cc8-8bd1-23cd027f9edf,a3cd009f-0ab0-420d-9278-b9fdab939bbc,6a2d0734-bd9e-4ddf-946e-caa52498cb75,c27215d8-6835-4b68-bfbb-bdeac6100c04,b5d6115f-0370-4d7c-aad3-c194cc71cf98,871c3b6c-7379-419d-bda3-794b239ab90d,ff9b0199-ce04-4cfe-86cc-6c719f08d6e4,de1c2107-70c8-4021-8459-6399f24d01c6,cbf30902-517f-40dc-af90-a550bac27cf1
2025-7-24 10:46:36-log: run build task 查询 Asset Bundle success in 7 ms√, progress: 5%
2025-7-24 10:46:36-debug: // ---- build task 查询 Asset Bundle ---- (7ms)
2025-7-24 10:46:36-debug:   Number of all scripts: 14
2025-7-24 10:46:36-debug:   Number of other assets: 505
2025-7-24 10:46:36-debug: 查询 Asset Bundle start, progress: 5%
2025-7-24 10:46:36-debug: // ---- build task 查询 Asset Bundle ----
2025-7-24 10:46:36-debug:   Number of all scenes: 1
2025-7-24 10:46:36-debug: [Build Memory track]: 查询 Asset Bundle start:212.38MB, end 212.07MB, increase: -318.98KB
2025-7-24 10:46:36-debug: Init bundle root assets success..., progress: 0%
2025-7-24 10:46:36-debug: // ---- build task 查询 Asset Bundle ---- (13ms)
2025-7-24 10:46:36-debug: [Build Memory track]: 查询 Asset Bundle start:212.10MB, end 212.20MB, increase: 109.65KB
2025-7-24 10:46:36-debug: 整理部分构建选项内数据到 settings.json start, progress: 10%
2025-7-24 10:46:36-debug: // ---- build task 整理部分构建选项内数据到 settings.json ----
2025-7-24 10:46:36-log: run build task 查询 Asset Bundle success in 13 ms√, progress: 10%
2025-7-24 10:46:36-debug: // ---- build task 整理部分构建选项内数据到 settings.json ---- (3ms)
2025-7-24 10:46:36-log: run build task 整理部分构建选项内数据到 settings.json success in 3 ms√, progress: 12%
2025-7-24 10:46:36-debug: [Build Memory track]: 整理部分构建选项内数据到 settings.json start:212.23MB, end 212.25MB, increase: 24.76KB
2025-7-24 10:46:36-debug: 填充脚本数据到 settings.json start, progress: 12%
2025-7-24 10:46:36-debug: // ---- build task 填充脚本数据到 settings.json ----
2025-7-24 10:46:36-debug: // ---- build task 填充脚本数据到 settings.json ---- (5ms)
2025-7-24 10:46:36-log: run build task 填充脚本数据到 settings.json success in 5 ms√, progress: 13%
2025-7-24 10:46:36-debug: [Build Memory track]: 填充脚本数据到 settings.json start:212.28MB, end 212.30MB, increase: 22.06KB
2025-7-24 10:46:36-debug: // ---- build task 整理部分构建选项内数据到 settings.json ----
2025-7-24 10:46:36-debug: 整理部分构建选项内数据到 settings.json start, progress: 13%
2025-7-24 10:46:36-debug: // ---- build task 整理部分构建选项内数据到 settings.json ---- (8ms)
2025-7-24 10:46:36-debug: [Build Memory track]: 整理部分构建选项内数据到 settings.json start:212.32MB, end 212.44MB, increase: 124.88KB
2025-7-24 10:46:36-log: run build task 整理部分构建选项内数据到 settings.json success in 8 ms√, progress: 15%
2025-7-24 10:46:36-debug: Query all assets info in project
2025-7-24 10:46:36-debug: init custom config: keepNodeUuid: false, useCache: true
2025-7-24 10:46:36-debug: Skip compress image, progress: 0%
2025-7-24 10:46:36-debug: Init all bundles start..., progress: 0%
2025-7-24 10:46:36-debug: 查询 Asset Bundle start, progress: 0%
2025-7-24 10:46:36-debug: Init bundle root assets start..., progress: 0%
2025-7-24 10:46:36-debug: // ---- build task 查询 Asset Bundle ----
2025-7-24 10:46:36-debug: Num of bundles: 2..., progress: 0%
2025-7-24 10:46:36-debug: Query preload assets/scripts from cc.config.json: 60f7195c-ec2a-45eb-ba94-8955f60e81d0,1c02ae6f-4492-4915-b8f8-7492a3b1e4cd,810e96e4-e456-4468-9b59-f4e8f39732c0,efe8e2a3-eace-427b-b4f1-cb8a937ec77d,e9aa9a3e-5b2b-4ac7-a2c7-073de2b2b24f,8bbdbcdd-5cd4-4100-b6d5-b7c9625b6107,50f4348b-c883-4e2f-8f11-ce233b859fa1,fda095cb-831d-4601-ad94-846013963de8,f92806d7-1768-443f-afe8-12bcde84d0f0,dd3a144d-ab7f-41f0-82b8-2e43a090d496,f0416e68-0200-4b77-a926-4f9d16e494da,970b0598-bcb0-4714-91fb-2e81440dccd8,bcd64cc6-2dd9-43f6-abbe-66318d332032,d930590d-bb92-4cc8-8bd1-23cd027f9edf,a3cd009f-0ab0-420d-9278-b9fdab939bbc,6a2d0734-bd9e-4ddf-946e-caa52498cb75,c27215d8-6835-4b68-bfbb-bdeac6100c04,b5d6115f-0370-4d7c-aad3-c194cc71cf98,871c3b6c-7379-419d-bda3-794b239ab90d,ff9b0199-ce04-4cfe-86cc-6c719f08d6e4,de1c2107-70c8-4021-8459-6399f24d01c6,cbf30902-517f-40dc-af90-a550bac27cf1
2025-7-24 10:46:36-debug:   Number of all scenes: 1
2025-7-24 10:46:36-debug:   Number of all scripts: 14
2025-7-24 10:46:36-debug:   Number of other assets: 505
2025-7-24 10:46:36-debug: Init bundle root assets success..., progress: 0%
2025-7-24 10:46:36-debug: // ---- build task 查询 Asset Bundle ---- (3ms)
2025-7-24 10:46:36-debug: [Build Memory track]: 查询 Asset Bundle start:212.79MB, end 212.70MB, increase: -96.23KB
2025-7-24 10:46:36-debug: 查询 Asset Bundle start, progress: 5%
2025-7-24 10:46:36-debug: // ---- build task 查询 Asset Bundle ----
2025-7-24 10:46:36-log: run build task 查询 Asset Bundle success in 3 ms√, progress: 5%
2025-7-24 10:46:36-debug: // ---- build task 查询 Asset Bundle ---- (1ms)
2025-7-24 10:46:36-log: run build task 查询 Asset Bundle success in 1 ms√, progress: 10%
2025-7-24 10:46:36-debug: [Build Memory track]: 查询 Asset Bundle start:212.72MB, end 212.82MB, increase: 107.74KB
2025-7-24 10:46:36-debug: 整理部分构建选项内数据到 settings.json start, progress: 10%
2025-7-24 10:46:36-debug: // ---- build task 整理部分构建选项内数据到 settings.json ----
2025-7-24 10:46:36-debug: // ---- build task 整理部分构建选项内数据到 settings.json ---- (1ms)
2025-7-24 10:46:36-log: run build task 整理部分构建选项内数据到 settings.json success in 1 ms√, progress: 12%
2025-7-24 10:46:36-debug: [Build Memory track]: 整理部分构建选项内数据到 settings.json start:212.85MB, end 212.13MB, increase: -735.88KB
2025-7-24 10:46:36-debug: 填充脚本数据到 settings.json start, progress: 12%
2025-7-24 10:46:36-debug: // ---- build task 填充脚本数据到 settings.json ----
2025-7-24 10:46:36-debug: // ---- build task 填充脚本数据到 settings.json ---- (1ms)
2025-7-24 10:46:36-log: run build task 填充脚本数据到 settings.json success in 1 ms√, progress: 13%
2025-7-24 10:46:36-debug: [Build Memory track]: 填充脚本数据到 settings.json start:212.16MB, end 212.18MB, increase: 23.09KB
2025-7-24 10:46:36-debug: 整理部分构建选项内数据到 settings.json start, progress: 13%
2025-7-24 10:46:36-debug: // ---- build task 整理部分构建选项内数据到 settings.json ----
2025-7-24 10:46:36-log: run build task 整理部分构建选项内数据到 settings.json success in 2 ms√, progress: 15%
2025-7-24 10:46:36-debug: [Build Memory track]: 整理部分构建选项内数据到 settings.json start:212.20MB, end 212.33MB, increase: 124.89KB
2025-7-24 10:46:36-debug: // ---- build task 整理部分构建选项内数据到 settings.json ---- (2ms)
2025-7-24 10:46:36-debug: %cImport%c: /Users/zhao/Desktop/test/cocos-creator/PlaneFight/assets/Prefabs/bullet1.prefabbackground: #aaff85; color: #000;color: #000;
2025-7-24 10:46:36-debug: asset-db:reimport-asset13ccfaba-f106-4cc4-82f9-186df7dd0073 (4ms)
2025-7-24 10:46:37-debug: Query all assets info in project
2025-7-24 10:46:37-debug: init custom config: keepNodeUuid: false, useCache: true
2025-7-24 10:46:37-debug: Skip compress image, progress: 0%
2025-7-24 10:46:37-debug: Init all bundles start..., progress: 0%
2025-7-24 10:46:37-debug: Init bundle root assets start..., progress: 0%
2025-7-24 10:46:37-debug: 查询 Asset Bundle start, progress: 0%
2025-7-24 10:46:37-debug: // ---- build task 查询 Asset Bundle ----
2025-7-24 10:46:37-debug: Num of bundles: 2..., progress: 0%
2025-7-24 10:46:37-debug: Query preload assets/scripts from cc.config.json: 60f7195c-ec2a-45eb-ba94-8955f60e81d0,1c02ae6f-4492-4915-b8f8-7492a3b1e4cd,810e96e4-e456-4468-9b59-f4e8f39732c0,efe8e2a3-eace-427b-b4f1-cb8a937ec77d,e9aa9a3e-5b2b-4ac7-a2c7-073de2b2b24f,8bbdbcdd-5cd4-4100-b6d5-b7c9625b6107,50f4348b-c883-4e2f-8f11-ce233b859fa1,fda095cb-831d-4601-ad94-846013963de8,f92806d7-1768-443f-afe8-12bcde84d0f0,dd3a144d-ab7f-41f0-82b8-2e43a090d496,f0416e68-0200-4b77-a926-4f9d16e494da,970b0598-bcb0-4714-91fb-2e81440dccd8,bcd64cc6-2dd9-43f6-abbe-66318d332032,d930590d-bb92-4cc8-8bd1-23cd027f9edf,a3cd009f-0ab0-420d-9278-b9fdab939bbc,6a2d0734-bd9e-4ddf-946e-caa52498cb75,c27215d8-6835-4b68-bfbb-bdeac6100c04,b5d6115f-0370-4d7c-aad3-c194cc71cf98,871c3b6c-7379-419d-bda3-794b239ab90d,ff9b0199-ce04-4cfe-86cc-6c719f08d6e4,de1c2107-70c8-4021-8459-6399f24d01c6,cbf30902-517f-40dc-af90-a550bac27cf1
2025-7-24 10:46:37-debug:   Number of all scenes: 1
2025-7-24 10:46:37-debug:   Number of other assets: 505
2025-7-24 10:46:37-debug:   Number of all scripts: 14
2025-7-24 10:46:37-debug: Init bundle root assets success..., progress: 0%
2025-7-24 10:46:37-debug: // ---- build task 查询 Asset Bundle ---- (1ms)
2025-7-24 10:46:37-debug: [Build Memory track]: 查询 Asset Bundle start:212.68MB, end 212.43MB, increase: -249.03KB
2025-7-24 10:46:37-log: run build task 查询 Asset Bundle success in 1 ms√, progress: 5%
2025-7-24 10:46:37-debug: // ---- build task 查询 Asset Bundle ----
2025-7-24 10:46:37-debug: 查询 Asset Bundle start, progress: 5%
2025-7-24 10:46:37-debug: [Build Memory track]: 查询 Asset Bundle start:212.46MB, end 212.55MB, increase: 98.81KB
2025-7-24 10:46:37-debug: 整理部分构建选项内数据到 settings.json start, progress: 10%
2025-7-24 10:46:37-debug: // ---- build task 整理部分构建选项内数据到 settings.json ----
2025-7-24 10:46:37-log: run build task 查询 Asset Bundle success in √, progress: 10%
2025-7-24 10:46:37-log: run build task 整理部分构建选项内数据到 settings.json success in √, progress: 12%
2025-7-24 10:46:37-debug: [Build Memory track]: 整理部分构建选项内数据到 settings.json start:212.58MB, end 212.60MB, increase: 15.84KB
2025-7-24 10:46:37-debug: 填充脚本数据到 settings.json start, progress: 12%
2025-7-24 10:46:37-debug: // ---- build task 填充脚本数据到 settings.json ----
2025-7-24 10:46:37-log: run build task 填充脚本数据到 settings.json success in √, progress: 13%
2025-7-24 10:46:37-debug: [Build Memory track]: 填充脚本数据到 settings.json start:212.62MB, end 212.63MB, increase: 15.47KB
2025-7-24 10:46:37-debug: // ---- build task 整理部分构建选项内数据到 settings.json ----
2025-7-24 10:46:37-debug: 整理部分构建选项内数据到 settings.json start, progress: 13%
2025-7-24 10:46:37-debug: // ---- build task 整理部分构建选项内数据到 settings.json ---- (1ms)
2025-7-24 10:46:37-log: run build task 整理部分构建选项内数据到 settings.json success in 1 ms√, progress: 15%
2025-7-24 10:46:37-debug: [Build Memory track]: 整理部分构建选项内数据到 settings.json start:212.66MB, end 212.78MB, increase: 122.11KB
2025-7-24 10:47:06-debug: Query all assets info in project
2025-7-24 10:47:06-debug: init custom config: keepNodeUuid: false, useCache: true
2025-7-24 10:47:06-debug: Skip compress image, progress: 0%
2025-7-24 10:47:06-debug: Init all bundles start..., progress: 0%
2025-7-24 10:47:06-debug: // ---- build task 查询 Asset Bundle ----
2025-7-24 10:47:06-debug: 查询 Asset Bundle start, progress: 0%
2025-7-24 10:47:06-debug: Init bundle root assets start..., progress: 0%
2025-7-24 10:47:06-debug: Num of bundles: 2..., progress: 0%
2025-7-24 10:47:06-debug: Query preload assets/scripts from cc.config.json: 60f7195c-ec2a-45eb-ba94-8955f60e81d0,1c02ae6f-4492-4915-b8f8-7492a3b1e4cd,810e96e4-e456-4468-9b59-f4e8f39732c0,efe8e2a3-eace-427b-b4f1-cb8a937ec77d,e9aa9a3e-5b2b-4ac7-a2c7-073de2b2b24f,8bbdbcdd-5cd4-4100-b6d5-b7c9625b6107,50f4348b-c883-4e2f-8f11-ce233b859fa1,fda095cb-831d-4601-ad94-846013963de8,f92806d7-1768-443f-afe8-12bcde84d0f0,dd3a144d-ab7f-41f0-82b8-2e43a090d496,f0416e68-0200-4b77-a926-4f9d16e494da,970b0598-bcb0-4714-91fb-2e81440dccd8,bcd64cc6-2dd9-43f6-abbe-66318d332032,d930590d-bb92-4cc8-8bd1-23cd027f9edf,a3cd009f-0ab0-420d-9278-b9fdab939bbc,6a2d0734-bd9e-4ddf-946e-caa52498cb75,c27215d8-6835-4b68-bfbb-bdeac6100c04,b5d6115f-0370-4d7c-aad3-c194cc71cf98,871c3b6c-7379-419d-bda3-794b239ab90d,ff9b0199-ce04-4cfe-86cc-6c719f08d6e4,de1c2107-70c8-4021-8459-6399f24d01c6,cbf30902-517f-40dc-af90-a550bac27cf1
2025-7-24 10:47:06-debug:   Number of all scripts: 14
2025-7-24 10:47:06-debug:   Number of other assets: 505
2025-7-24 10:47:06-debug: Init bundle root assets success..., progress: 0%
2025-7-24 10:47:06-debug:   Number of all scenes: 1
2025-7-24 10:47:06-debug: // ---- build task 查询 Asset Bundle ---- (1ms)
2025-7-24 10:47:06-debug: 查询 Asset Bundle start, progress: 5%
2025-7-24 10:47:06-log: run build task 查询 Asset Bundle success in 1 ms√, progress: 5%
2025-7-24 10:47:06-debug: // ---- build task 查询 Asset Bundle ----
2025-7-24 10:47:06-debug: [Build Memory track]: 查询 Asset Bundle start:213.09MB, end 212.96MB, increase: -140.59KB
2025-7-24 10:47:06-debug: // ---- build task 查询 Asset Bundle ---- (1ms)
2025-7-24 10:47:06-debug: [Build Memory track]: 查询 Asset Bundle start:212.98MB, end 213.09MB, increase: 107.13KB
2025-7-24 10:47:06-debug: // ---- build task 整理部分构建选项内数据到 settings.json ----
2025-7-24 10:47:06-debug: 整理部分构建选项内数据到 settings.json start, progress: 10%
2025-7-24 10:47:06-log: run build task 查询 Asset Bundle success in 1 ms√, progress: 10%
2025-7-24 10:47:06-log: run build task 整理部分构建选项内数据到 settings.json success in √, progress: 12%
2025-7-24 10:47:06-debug: [Build Memory track]: 整理部分构建选项内数据到 settings.json start:213.11MB, end 212.40MB, increase: -729.73KB
2025-7-24 10:47:06-debug: // ---- build task 填充脚本数据到 settings.json ----
2025-7-24 10:47:06-debug: 填充脚本数据到 settings.json start, progress: 12%
2025-7-24 10:47:06-log: run build task 填充脚本数据到 settings.json success in √, progress: 13%
2025-7-24 10:47:06-debug: [Build Memory track]: 填充脚本数据到 settings.json start:212.42MB, end 212.44MB, increase: 15.44KB
2025-7-24 10:47:06-debug: 整理部分构建选项内数据到 settings.json start, progress: 13%
2025-7-24 10:47:06-debug: // ---- build task 整理部分构建选项内数据到 settings.json ----
2025-7-24 10:47:06-debug: // ---- build task 整理部分构建选项内数据到 settings.json ---- (1ms)
2025-7-24 10:47:06-log: run build task 整理部分构建选项内数据到 settings.json success in 1 ms√, progress: 15%
2025-7-24 10:47:06-debug: [Build Memory track]: 整理部分构建选项内数据到 settings.json start:212.46MB, end 212.58MB, increase: 123.70KB
2025-7-24 10:48:33-debug: refresh db internal success
2025-7-24 10:48:33-debug: %cImport%c: /Users/zhao/Desktop/test/cocos-creator/PlaneFight/assets/Scripts/Enemy.tsbackground: #aaff85; color: #000;color: #000;
2025-7-24 10:48:33-debug: refresh db assets success
2025-7-24 10:48:33-debug: Run asset db hook engine-extends:afterRefresh ...
2025-7-24 10:48:33-debug: Run asset db hook engine-extends:afterRefresh success!
2025-7-24 10:48:33-debug: asset-db:refresh-all-database (42ms)
2025-7-24 10:48:33-debug: asset-db:worker-effect-data-processing (1ms)
2025-7-24 10:48:33-debug: asset-db-hook-engine-extends-afterRefresh (1ms)
2025-7-24 10:48:34-debug: Query all assets info in project
2025-7-24 10:48:34-debug: init custom config: keepNodeUuid: false, useCache: true
2025-7-24 10:48:34-debug: Skip compress image, progress: 0%
2025-7-24 10:48:34-debug: Init all bundles start..., progress: 0%
2025-7-24 10:48:34-debug: Num of bundles: 2..., progress: 0%
2025-7-24 10:48:34-debug: // ---- build task 查询 Asset Bundle ----
2025-7-24 10:48:34-debug: Init bundle root assets start..., progress: 0%
2025-7-24 10:48:34-debug: 查询 Asset Bundle start, progress: 0%
2025-7-24 10:48:34-debug: Query preload assets/scripts from cc.config.json: 60f7195c-ec2a-45eb-ba94-8955f60e81d0,1c02ae6f-4492-4915-b8f8-7492a3b1e4cd,810e96e4-e456-4468-9b59-f4e8f39732c0,efe8e2a3-eace-427b-b4f1-cb8a937ec77d,e9aa9a3e-5b2b-4ac7-a2c7-073de2b2b24f,8bbdbcdd-5cd4-4100-b6d5-b7c9625b6107,50f4348b-c883-4e2f-8f11-ce233b859fa1,fda095cb-831d-4601-ad94-846013963de8,f92806d7-1768-443f-afe8-12bcde84d0f0,dd3a144d-ab7f-41f0-82b8-2e43a090d496,f0416e68-0200-4b77-a926-4f9d16e494da,970b0598-bcb0-4714-91fb-2e81440dccd8,bcd64cc6-2dd9-43f6-abbe-66318d332032,d930590d-bb92-4cc8-8bd1-23cd027f9edf,a3cd009f-0ab0-420d-9278-b9fdab939bbc,6a2d0734-bd9e-4ddf-946e-caa52498cb75,c27215d8-6835-4b68-bfbb-bdeac6100c04,b5d6115f-0370-4d7c-aad3-c194cc71cf98,871c3b6c-7379-419d-bda3-794b239ab90d,ff9b0199-ce04-4cfe-86cc-6c719f08d6e4,de1c2107-70c8-4021-8459-6399f24d01c6,cbf30902-517f-40dc-af90-a550bac27cf1
2025-7-24 10:48:34-debug: // ---- build task 查询 Asset Bundle ---- (9ms)
2025-7-24 10:48:34-debug:   Number of all scenes: 1
2025-7-24 10:48:34-log: run build task 查询 Asset Bundle success in 9 ms√, progress: 5%
2025-7-24 10:48:34-debug: 查询 Asset Bundle start, progress: 5%
2025-7-24 10:48:34-debug: // ---- build task 查询 Asset Bundle ----
2025-7-24 10:48:34-debug: [Build Memory track]: 查询 Asset Bundle start:213.37MB, end 213.08MB, increase: -294.76KB
2025-7-24 10:48:34-debug:   Number of all scripts: 14
2025-7-24 10:48:34-debug:   Number of other assets: 505
2025-7-24 10:48:34-debug: Init bundle root assets success..., progress: 0%
2025-7-24 10:48:34-debug: // ---- build task 查询 Asset Bundle ---- (1ms)
2025-7-24 10:48:34-log: run build task 查询 Asset Bundle success in 1 ms√, progress: 10%
2025-7-24 10:48:34-debug: [Build Memory track]: 查询 Asset Bundle start:213.10MB, end 213.21MB, increase: 109.51KB
2025-7-24 10:48:34-debug: 整理部分构建选项内数据到 settings.json start, progress: 10%
2025-7-24 10:48:34-debug: // ---- build task 整理部分构建选项内数据到 settings.json ----
2025-7-24 10:48:34-debug: // ---- build task 整理部分构建选项内数据到 settings.json ---- (1ms)
2025-7-24 10:48:34-log: run build task 整理部分构建选项内数据到 settings.json success in 1 ms√, progress: 12%
2025-7-24 10:48:34-debug: [Build Memory track]: 整理部分构建选项内数据到 settings.json start:213.23MB, end 213.26MB, increase: 23.20KB
2025-7-24 10:48:34-debug: 填充脚本数据到 settings.json start, progress: 12%
2025-7-24 10:48:34-debug: // ---- build task 填充脚本数据到 settings.json ----
2025-7-24 10:48:34-log: run build task 填充脚本数据到 settings.json success in √, progress: 13%
2025-7-24 10:48:34-debug: [Build Memory track]: 填充脚本数据到 settings.json start:213.28MB, end 213.29MB, increase: 13.98KB
2025-7-24 10:48:34-debug: 整理部分构建选项内数据到 settings.json start, progress: 13%
2025-7-24 10:48:34-debug: // ---- build task 整理部分构建选项内数据到 settings.json ----
2025-7-24 10:48:34-debug: // ---- build task 整理部分构建选项内数据到 settings.json ---- (3ms)
2025-7-24 10:48:34-log: run build task 整理部分构建选项内数据到 settings.json success in 3 ms√, progress: 15%
2025-7-24 10:48:34-debug: [Build Memory track]: 整理部分构建选项内数据到 settings.json start:213.32MB, end 213.46MB, increase: 139.41KB
2025-7-24 10:48:34-debug: Query all assets info in project
2025-7-24 10:48:34-debug: init custom config: keepNodeUuid: false, useCache: true
2025-7-24 10:48:34-debug: Skip compress image, progress: 0%
2025-7-24 10:48:34-debug: Init all bundles start..., progress: 0%
2025-7-24 10:48:34-debug: Num of bundles: 2..., progress: 0%
2025-7-24 10:48:34-debug: 查询 Asset Bundle start, progress: 0%
2025-7-24 10:48:34-debug: // ---- build task 查询 Asset Bundle ----
2025-7-24 10:48:34-debug: Init bundle root assets start..., progress: 0%
2025-7-24 10:48:34-debug: Query preload assets/scripts from cc.config.json: 60f7195c-ec2a-45eb-ba94-8955f60e81d0,1c02ae6f-4492-4915-b8f8-7492a3b1e4cd,810e96e4-e456-4468-9b59-f4e8f39732c0,efe8e2a3-eace-427b-b4f1-cb8a937ec77d,e9aa9a3e-5b2b-4ac7-a2c7-073de2b2b24f,8bbdbcdd-5cd4-4100-b6d5-b7c9625b6107,50f4348b-c883-4e2f-8f11-ce233b859fa1,fda095cb-831d-4601-ad94-846013963de8,f92806d7-1768-443f-afe8-12bcde84d0f0,dd3a144d-ab7f-41f0-82b8-2e43a090d496,f0416e68-0200-4b77-a926-4f9d16e494da,970b0598-bcb0-4714-91fb-2e81440dccd8,bcd64cc6-2dd9-43f6-abbe-66318d332032,d930590d-bb92-4cc8-8bd1-23cd027f9edf,a3cd009f-0ab0-420d-9278-b9fdab939bbc,6a2d0734-bd9e-4ddf-946e-caa52498cb75,c27215d8-6835-4b68-bfbb-bdeac6100c04,b5d6115f-0370-4d7c-aad3-c194cc71cf98,871c3b6c-7379-419d-bda3-794b239ab90d,ff9b0199-ce04-4cfe-86cc-6c719f08d6e4,de1c2107-70c8-4021-8459-6399f24d01c6,cbf30902-517f-40dc-af90-a550bac27cf1
2025-7-24 10:48:34-debug: Init bundle root assets success..., progress: 0%
2025-7-24 10:48:34-debug:   Number of all scripts: 14
2025-7-24 10:48:34-debug:   Number of all scenes: 1
2025-7-24 10:48:34-debug:   Number of other assets: 505
2025-7-24 10:48:34-debug: // ---- build task 查询 Asset Bundle ---- (3ms)
2025-7-24 10:48:34-debug: [Build Memory track]: 查询 Asset Bundle start:213.80MB, end 213.67MB, increase: -136.39KB
2025-7-24 10:48:34-debug: 查询 Asset Bundle start, progress: 5%
2025-7-24 10:48:34-debug: // ---- build task 查询 Asset Bundle ----
2025-7-24 10:48:34-log: run build task 查询 Asset Bundle success in 3 ms√, progress: 5%
2025-7-24 10:48:34-debug: [Build Memory track]: 查询 Asset Bundle start:213.69MB, end 213.80MB, increase: 107.42KB
2025-7-24 10:48:34-debug: 整理部分构建选项内数据到 settings.json start, progress: 10%
2025-7-24 10:48:34-debug: // ---- build task 整理部分构建选项内数据到 settings.json ----
2025-7-24 10:48:34-debug: // ---- build task 查询 Asset Bundle ---- (1ms)
2025-7-24 10:48:34-log: run build task 查询 Asset Bundle success in 1 ms√, progress: 10%
2025-7-24 10:48:34-log: run build task 整理部分构建选项内数据到 settings.json success in √, progress: 12%
2025-7-24 10:48:34-debug: 填充脚本数据到 settings.json start, progress: 12%
2025-7-24 10:48:34-debug: // ---- build task 填充脚本数据到 settings.json ----
2025-7-24 10:48:34-debug: [Build Memory track]: 整理部分构建选项内数据到 settings.json start:213.82MB, end 213.11MB, increase: -723.65KB
2025-7-24 10:48:34-debug: 整理部分构建选项内数据到 settings.json start, progress: 13%
2025-7-24 10:48:34-debug: // ---- build task 整理部分构建选项内数据到 settings.json ----
2025-7-24 10:48:34-log: run build task 填充脚本数据到 settings.json success in 1 ms√, progress: 13%
2025-7-24 10:48:34-debug: [Build Memory track]: 填充脚本数据到 settings.json start:213.14MB, end 213.16MB, increase: 21.91KB
2025-7-24 10:48:34-debug: // ---- build task 填充脚本数据到 settings.json ---- (1ms)
2025-7-24 10:48:34-debug: // ---- build task 整理部分构建选项内数据到 settings.json ---- (3ms)
2025-7-24 10:48:34-log: run build task 整理部分构建选项内数据到 settings.json success in 3 ms√, progress: 15%
2025-7-24 10:48:34-debug: [Build Memory track]: 整理部分构建选项内数据到 settings.json start:213.19MB, end 213.31MB, increase: 127.64KB
2025-7-24 10:48:35-debug: %cImport%c: /Users/zhao/Desktop/test/cocos-creator/PlaneFight/assets/Prefabs/bullet1.prefabbackground: #aaff85; color: #000;color: #000;
2025-7-24 10:48:35-debug: asset-db:reimport-asset13ccfaba-f106-4cc4-82f9-186df7dd0073 (5ms)
2025-7-24 10:48:37-debug: Query all assets info in project
2025-7-24 10:48:37-debug: init custom config: keepNodeUuid: false, useCache: true
2025-7-24 10:48:37-debug: Skip compress image, progress: 0%
2025-7-24 10:48:37-debug: Init all bundles start..., progress: 0%
2025-7-24 10:48:37-debug: // ---- build task 查询 Asset Bundle ----
2025-7-24 10:48:37-debug: 查询 Asset Bundle start, progress: 0%
2025-7-24 10:48:37-debug: Num of bundles: 2..., progress: 0%
2025-7-24 10:48:37-debug: Init bundle root assets start..., progress: 0%
2025-7-24 10:48:37-debug: Query preload assets/scripts from cc.config.json: 60f7195c-ec2a-45eb-ba94-8955f60e81d0,1c02ae6f-4492-4915-b8f8-7492a3b1e4cd,810e96e4-e456-4468-9b59-f4e8f39732c0,efe8e2a3-eace-427b-b4f1-cb8a937ec77d,e9aa9a3e-5b2b-4ac7-a2c7-073de2b2b24f,8bbdbcdd-5cd4-4100-b6d5-b7c9625b6107,50f4348b-c883-4e2f-8f11-ce233b859fa1,fda095cb-831d-4601-ad94-846013963de8,f92806d7-1768-443f-afe8-12bcde84d0f0,dd3a144d-ab7f-41f0-82b8-2e43a090d496,f0416e68-0200-4b77-a926-4f9d16e494da,970b0598-bcb0-4714-91fb-2e81440dccd8,bcd64cc6-2dd9-43f6-abbe-66318d332032,d930590d-bb92-4cc8-8bd1-23cd027f9edf,a3cd009f-0ab0-420d-9278-b9fdab939bbc,6a2d0734-bd9e-4ddf-946e-caa52498cb75,c27215d8-6835-4b68-bfbb-bdeac6100c04,b5d6115f-0370-4d7c-aad3-c194cc71cf98,871c3b6c-7379-419d-bda3-794b239ab90d,ff9b0199-ce04-4cfe-86cc-6c719f08d6e4,de1c2107-70c8-4021-8459-6399f24d01c6,cbf30902-517f-40dc-af90-a550bac27cf1
2025-7-24 10:48:37-debug: Init bundle root assets success..., progress: 0%
2025-7-24 10:48:37-debug:   Number of all scripts: 14
2025-7-24 10:48:37-debug:   Number of other assets: 505
2025-7-24 10:48:37-debug:   Number of all scenes: 1
2025-7-24 10:48:37-debug: // ---- build task 查询 Asset Bundle ---- (2ms)
2025-7-24 10:48:37-debug: // ---- build task 查询 Asset Bundle ----
2025-7-24 10:48:37-debug: [Build Memory track]: 查询 Asset Bundle start:213.66MB, end 213.42MB, increase: -248.52KB
2025-7-24 10:48:37-debug: 查询 Asset Bundle start, progress: 5%
2025-7-24 10:48:37-log: run build task 查询 Asset Bundle success in 2 ms√, progress: 5%
2025-7-24 10:48:37-log: run build task 查询 Asset Bundle success in √, progress: 10%
2025-7-24 10:48:37-debug: [Build Memory track]: 查询 Asset Bundle start:213.44MB, end 213.54MB, increase: 98.21KB
2025-7-24 10:48:37-debug: 整理部分构建选项内数据到 settings.json start, progress: 10%
2025-7-24 10:48:37-debug: // ---- build task 整理部分构建选项内数据到 settings.json ----
2025-7-24 10:48:37-log: run build task 整理部分构建选项内数据到 settings.json success in √, progress: 12%
2025-7-24 10:48:37-debug: [Build Memory track]: 整理部分构建选项内数据到 settings.json start:213.56MB, end 213.58MB, increase: 15.82KB
2025-7-24 10:48:37-debug: // ---- build task 填充脚本数据到 settings.json ----
2025-7-24 10:48:37-debug: 填充脚本数据到 settings.json start, progress: 12%
2025-7-24 10:48:37-debug: // ---- build task 填充脚本数据到 settings.json ---- (1ms)
2025-7-24 10:48:37-log: run build task 填充脚本数据到 settings.json success in 1 ms√, progress: 13%
2025-7-24 10:48:37-debug: 整理部分构建选项内数据到 settings.json start, progress: 13%
2025-7-24 10:48:37-debug: [Build Memory track]: 填充脚本数据到 settings.json start:213.60MB, end 213.62MB, increase: 23.41KB
2025-7-24 10:48:37-debug: // ---- build task 整理部分构建选项内数据到 settings.json ----
2025-7-24 10:48:37-log: run build task 整理部分构建选项内数据到 settings.json success in √, progress: 15%
2025-7-24 10:48:37-debug: [Build Memory track]: 整理部分构建选项内数据到 settings.json start:213.65MB, end 213.76MB, increase: 118.11KB
2025-7-24 10:49:19-debug: refresh db internal success
2025-7-24 10:49:19-debug: refresh db assets success
2025-7-24 10:49:19-debug: Run asset db hook engine-extends:afterRefresh ...
2025-7-24 10:49:19-debug: Run asset db hook engine-extends:afterRefresh success!
2025-7-24 10:49:19-debug: asset-db:refresh-all-database (44ms)
2025-7-24 10:49:19-debug: asset-db:worker-effect-data-processing (1ms)
2025-7-24 10:49:19-debug: asset-db-hook-engine-extends-afterRefresh (1ms)
2025-7-24 10:49:20-debug: %cImport%c: /Users/zhao/Desktop/test/cocos-creator/PlaneFight/assets/Prefabs/bullet1.prefabbackground: #aaff85; color: #000;color: #000;
2025-7-24 10:49:20-debug: asset-db:reimport-asset13ccfaba-f106-4cc4-82f9-186df7dd0073 (6ms)
2025-7-24 10:49:20-debug: %cImport%c: /Users/zhao/Desktop/test/cocos-creator/PlaneFight/assets/Prefabs/bullet1.prefabbackground: #aaff85; color: #000;color: #000;
2025-7-24 10:49:20-debug: asset-db:reimport-asset13ccfaba-f106-4cc4-82f9-186df7dd0073 (6ms)
2025-7-24 10:49:31-debug: Query all assets info in project
2025-7-24 10:49:31-debug: init custom config: keepNodeUuid: false, useCache: true
2025-7-24 10:49:31-debug: Skip compress image, progress: 0%
2025-7-24 10:49:31-debug: Init all bundles start..., progress: 0%
2025-7-24 10:49:31-debug: Num of bundles: 2..., progress: 0%
2025-7-24 10:49:31-debug: 查询 Asset Bundle start, progress: 0%
2025-7-24 10:49:31-debug: // ---- build task 查询 Asset Bundle ----
2025-7-24 10:49:31-debug: Init bundle root assets start..., progress: 0%
2025-7-24 10:49:31-debug: Query preload assets/scripts from cc.config.json: 60f7195c-ec2a-45eb-ba94-8955f60e81d0,1c02ae6f-4492-4915-b8f8-7492a3b1e4cd,810e96e4-e456-4468-9b59-f4e8f39732c0,efe8e2a3-eace-427b-b4f1-cb8a937ec77d,e9aa9a3e-5b2b-4ac7-a2c7-073de2b2b24f,8bbdbcdd-5cd4-4100-b6d5-b7c9625b6107,50f4348b-c883-4e2f-8f11-ce233b859fa1,fda095cb-831d-4601-ad94-846013963de8,f92806d7-1768-443f-afe8-12bcde84d0f0,dd3a144d-ab7f-41f0-82b8-2e43a090d496,f0416e68-0200-4b77-a926-4f9d16e494da,970b0598-bcb0-4714-91fb-2e81440dccd8,bcd64cc6-2dd9-43f6-abbe-66318d332032,d930590d-bb92-4cc8-8bd1-23cd027f9edf,a3cd009f-0ab0-420d-9278-b9fdab939bbc,6a2d0734-bd9e-4ddf-946e-caa52498cb75,c27215d8-6835-4b68-bfbb-bdeac6100c04,b5d6115f-0370-4d7c-aad3-c194cc71cf98,871c3b6c-7379-419d-bda3-794b239ab90d,ff9b0199-ce04-4cfe-86cc-6c719f08d6e4,de1c2107-70c8-4021-8459-6399f24d01c6,cbf30902-517f-40dc-af90-a550bac27cf1
2025-7-24 10:49:31-debug:   Number of all scripts: 14
2025-7-24 10:49:31-debug:   Number of other assets: 505
2025-7-24 10:49:31-debug: Init bundle root assets success..., progress: 0%
2025-7-24 10:49:31-debug:   Number of all scenes: 1
2025-7-24 10:49:31-debug: // ---- build task 查询 Asset Bundle ---- (1ms)
2025-7-24 10:49:31-debug: [Build Memory track]: 查询 Asset Bundle start:214.85MB, end 214.58MB, increase: -273.21KB
2025-7-24 10:49:31-debug: 查询 Asset Bundle start, progress: 5%
2025-7-24 10:49:31-debug: // ---- build task 查询 Asset Bundle ----
2025-7-24 10:49:31-log: run build task 查询 Asset Bundle success in 1 ms√, progress: 5%
2025-7-24 10:49:31-debug: // ---- build task 查询 Asset Bundle ---- (1ms)
2025-7-24 10:49:31-debug: 整理部分构建选项内数据到 settings.json start, progress: 10%
2025-7-24 10:49:31-debug: [Build Memory track]: 查询 Asset Bundle start:214.61MB, end 214.71MB, increase: 107.21KB
2025-7-24 10:49:31-log: run build task 查询 Asset Bundle success in 1 ms√, progress: 10%
2025-7-24 10:49:31-debug: // ---- build task 整理部分构建选项内数据到 settings.json ----
2025-7-24 10:49:31-log: run build task 整理部分构建选项内数据到 settings.json success in √, progress: 12%
2025-7-24 10:49:31-debug: 填充脚本数据到 settings.json start, progress: 12%
2025-7-24 10:49:31-debug: // ---- build task 填充脚本数据到 settings.json ----
2025-7-24 10:49:31-debug: [Build Memory track]: 整理部分构建选项内数据到 settings.json start:214.74MB, end 214.75MB, increase: 15.79KB
2025-7-24 10:49:31-log: run build task 填充脚本数据到 settings.json success in √, progress: 13%
2025-7-24 10:49:31-debug: // ---- build task 整理部分构建选项内数据到 settings.json ----
2025-7-24 10:49:31-debug: [Build Memory track]: 填充脚本数据到 settings.json start:214.78MB, end 214.79MB, increase: 16.36KB
2025-7-24 10:49:31-debug: 整理部分构建选项内数据到 settings.json start, progress: 13%
2025-7-24 10:49:31-debug: // ---- build task 整理部分构建选项内数据到 settings.json ---- (2ms)
2025-7-24 10:49:31-log: run build task 整理部分构建选项内数据到 settings.json success in 2 ms√, progress: 15%
2025-7-24 10:49:31-debug: [Build Memory track]: 整理部分构建选项内数据到 settings.json start:214.82MB, end 214.94MB, increase: 122.10KB
2025-7-24 10:50:49-debug: refresh db internal success
2025-7-24 10:50:49-debug: Run asset db hook engine-extends:afterRefresh ...
2025-7-24 10:50:49-debug: %cImport%c: /Users/zhao/Desktop/test/cocos-creator/PlaneFight/assets/Scripts/Enemy.tsbackground: #aaff85; color: #000;color: #000;
2025-7-24 10:50:49-debug: refresh db assets success
2025-7-24 10:50:49-debug: Run asset db hook engine-extends:afterRefresh success!
2025-7-24 10:50:49-debug: asset-db:refresh-all-database (19ms)
2025-7-24 10:50:49-debug: asset-db:worker-effect-data-processing (2ms)
2025-7-24 10:50:49-debug: asset-db-hook-engine-extends-afterRefresh (2ms)
2025-7-24 10:50:49-debug: %cImport%c: /Users/zhao/Desktop/test/cocos-creator/PlaneFight/assets/Scenes/Start.scenebackground: #aaff85; color: #000;color: #000;
2025-7-24 10:50:49-debug: asset-db:reimport-asset2fda4d65-a1e9-4078-8250-de49b04cdc34 (6ms)
2025-7-24 10:50:50-debug: Query all assets info in project
2025-7-24 10:50:50-debug: init custom config: keepNodeUuid: false, useCache: true
2025-7-24 10:50:50-debug: Skip compress image, progress: 0%
2025-7-24 10:50:50-debug: Init all bundles start..., progress: 0%
2025-7-24 10:50:50-debug: Num of bundles: 2..., progress: 0%
2025-7-24 10:50:50-debug: Init bundle root assets start..., progress: 0%
2025-7-24 10:50:50-debug: // ---- build task 查询 Asset Bundle ----
2025-7-24 10:50:50-debug: 查询 Asset Bundle start, progress: 0%
2025-7-24 10:50:50-debug: Query preload assets/scripts from cc.config.json: 60f7195c-ec2a-45eb-ba94-8955f60e81d0,1c02ae6f-4492-4915-b8f8-7492a3b1e4cd,810e96e4-e456-4468-9b59-f4e8f39732c0,efe8e2a3-eace-427b-b4f1-cb8a937ec77d,e9aa9a3e-5b2b-4ac7-a2c7-073de2b2b24f,8bbdbcdd-5cd4-4100-b6d5-b7c9625b6107,50f4348b-c883-4e2f-8f11-ce233b859fa1,fda095cb-831d-4601-ad94-846013963de8,f92806d7-1768-443f-afe8-12bcde84d0f0,dd3a144d-ab7f-41f0-82b8-2e43a090d496,f0416e68-0200-4b77-a926-4f9d16e494da,970b0598-bcb0-4714-91fb-2e81440dccd8,bcd64cc6-2dd9-43f6-abbe-66318d332032,d930590d-bb92-4cc8-8bd1-23cd027f9edf,a3cd009f-0ab0-420d-9278-b9fdab939bbc,6a2d0734-bd9e-4ddf-946e-caa52498cb75,c27215d8-6835-4b68-bfbb-bdeac6100c04,b5d6115f-0370-4d7c-aad3-c194cc71cf98,871c3b6c-7379-419d-bda3-794b239ab90d,ff9b0199-ce04-4cfe-86cc-6c719f08d6e4,de1c2107-70c8-4021-8459-6399f24d01c6,cbf30902-517f-40dc-af90-a550bac27cf1
2025-7-24 10:50:50-debug:   Number of all scenes: 1
2025-7-24 10:50:50-debug:   Number of all scripts: 14
2025-7-24 10:50:50-debug:   Number of other assets: 505
2025-7-24 10:50:50-debug: Init bundle root assets success..., progress: 0%
2025-7-24 10:50:50-debug: [Build Memory track]: 查询 Asset Bundle start:215.51MB, end 215.29MB, increase: -230.93KB
2025-7-24 10:50:50-debug: 查询 Asset Bundle start, progress: 5%
2025-7-24 10:50:50-debug: // ---- build task 查询 Asset Bundle ----
2025-7-24 10:50:50-log: run build task 查询 Asset Bundle success in 39 ms√, progress: 5%
2025-7-24 10:50:50-debug: // ---- build task 查询 Asset Bundle ---- (39ms)
2025-7-24 10:50:50-debug: // ---- build task 查询 Asset Bundle ---- (8ms)
2025-7-24 10:50:50-debug: [Build Memory track]: 查询 Asset Bundle start:215.31MB, end 215.42MB, increase: 106.04KB
2025-7-24 10:50:50-log: run build task 查询 Asset Bundle success in 8 ms√, progress: 10%
2025-7-24 10:50:50-debug: 整理部分构建选项内数据到 settings.json start, progress: 10%
2025-7-24 10:50:50-debug: // ---- build task 整理部分构建选项内数据到 settings.json ----
2025-7-24 10:50:50-debug: // ---- build task 整理部分构建选项内数据到 settings.json ---- (1ms)
2025-7-24 10:50:50-log: run build task 整理部分构建选项内数据到 settings.json success in 1 ms√, progress: 12%
2025-7-24 10:50:50-debug: [Build Memory track]: 整理部分构建选项内数据到 settings.json start:215.44MB, end 215.46MB, increase: 22.92KB
2025-7-24 10:50:50-debug: 填充脚本数据到 settings.json start, progress: 12%
2025-7-24 10:50:50-debug: // ---- build task 填充脚本数据到 settings.json ----
2025-7-24 10:50:50-log: run build task 填充脚本数据到 settings.json success in 1 ms√, progress: 13%
2025-7-24 10:50:50-debug: [Build Memory track]: 填充脚本数据到 settings.json start:215.49MB, end 215.51MB, increase: 24.14KB
2025-7-24 10:50:50-debug: 整理部分构建选项内数据到 settings.json start, progress: 13%
2025-7-24 10:50:50-debug: // ---- build task 整理部分构建选项内数据到 settings.json ----
2025-7-24 10:50:50-debug: // ---- build task 填充脚本数据到 settings.json ---- (1ms)
2025-7-24 10:50:50-debug: // ---- build task 整理部分构建选项内数据到 settings.json ---- (8ms)
2025-7-24 10:50:50-log: run build task 整理部分构建选项内数据到 settings.json success in 8 ms√, progress: 15%
2025-7-24 10:50:50-debug: [Build Memory track]: 整理部分构建选项内数据到 settings.json start:215.54MB, end 214.93MB, increase: -618.73KB
2025-7-24 10:50:50-debug: Query all assets info in project
2025-7-24 10:50:50-debug: Skip compress image, progress: 0%
2025-7-24 10:50:50-debug: init custom config: keepNodeUuid: false, useCache: true
2025-7-24 10:50:50-debug: Init all bundles start..., progress: 0%
2025-7-24 10:50:50-debug: Num of bundles: 2..., progress: 0%
2025-7-24 10:50:50-debug: // ---- build task 查询 Asset Bundle ----
2025-7-24 10:50:50-debug: Init bundle root assets start..., progress: 0%
2025-7-24 10:50:50-debug: 查询 Asset Bundle start, progress: 0%
2025-7-24 10:50:50-debug: Query preload assets/scripts from cc.config.json: 60f7195c-ec2a-45eb-ba94-8955f60e81d0,1c02ae6f-4492-4915-b8f8-7492a3b1e4cd,810e96e4-e456-4468-9b59-f4e8f39732c0,efe8e2a3-eace-427b-b4f1-cb8a937ec77d,e9aa9a3e-5b2b-4ac7-a2c7-073de2b2b24f,8bbdbcdd-5cd4-4100-b6d5-b7c9625b6107,50f4348b-c883-4e2f-8f11-ce233b859fa1,fda095cb-831d-4601-ad94-846013963de8,f92806d7-1768-443f-afe8-12bcde84d0f0,dd3a144d-ab7f-41f0-82b8-2e43a090d496,f0416e68-0200-4b77-a926-4f9d16e494da,970b0598-bcb0-4714-91fb-2e81440dccd8,bcd64cc6-2dd9-43f6-abbe-66318d332032,d930590d-bb92-4cc8-8bd1-23cd027f9edf,a3cd009f-0ab0-420d-9278-b9fdab939bbc,6a2d0734-bd9e-4ddf-946e-caa52498cb75,c27215d8-6835-4b68-bfbb-bdeac6100c04,b5d6115f-0370-4d7c-aad3-c194cc71cf98,871c3b6c-7379-419d-bda3-794b239ab90d,ff9b0199-ce04-4cfe-86cc-6c719f08d6e4,de1c2107-70c8-4021-8459-6399f24d01c6,cbf30902-517f-40dc-af90-a550bac27cf1
2025-7-24 10:50:50-debug:   Number of other assets: 505
2025-7-24 10:50:50-debug:   Number of all scripts: 14
2025-7-24 10:50:50-debug: Init bundle root assets success..., progress: 0%
2025-7-24 10:50:50-debug: // ---- build task 查询 Asset Bundle ---- (1ms)
2025-7-24 10:50:50-debug:   Number of all scenes: 1
2025-7-24 10:50:50-debug: [Build Memory track]: 查询 Asset Bundle start:215.28MB, end 215.01MB, increase: -275.51KB
2025-7-24 10:50:50-debug: // ---- build task 查询 Asset Bundle ----
2025-7-24 10:50:50-debug: 查询 Asset Bundle start, progress: 5%
2025-7-24 10:50:50-log: run build task 查询 Asset Bundle success in 1 ms√, progress: 5%
2025-7-24 10:50:50-log: run build task 查询 Asset Bundle success in 1 ms√, progress: 10%
2025-7-24 10:50:50-debug: // ---- build task 查询 Asset Bundle ---- (1ms)
2025-7-24 10:50:50-debug: [Build Memory track]: 查询 Asset Bundle start:215.04MB, end 215.15MB, increase: 111.45KB
2025-7-24 10:50:50-debug: 整理部分构建选项内数据到 settings.json start, progress: 10%
2025-7-24 10:50:50-debug: // ---- build task 整理部分构建选项内数据到 settings.json ----
2025-7-24 10:50:50-log: run build task 整理部分构建选项内数据到 settings.json success in 1 ms√, progress: 12%
2025-7-24 10:50:50-debug: 填充脚本数据到 settings.json start, progress: 12%
2025-7-24 10:50:50-debug: // ---- build task 填充脚本数据到 settings.json ----
2025-7-24 10:50:50-debug: [Build Memory track]: 整理部分构建选项内数据到 settings.json start:215.17MB, end 215.21MB, increase: 33.27KB
2025-7-24 10:50:50-log: run build task 填充脚本数据到 settings.json success in √, progress: 13%
2025-7-24 10:50:50-debug: // ---- build task 整理部分构建选项内数据到 settings.json ---- (1ms)
2025-7-24 10:50:50-debug: [Build Memory track]: 填充脚本数据到 settings.json start:215.23MB, end 215.24MB, increase: 14.47KB
2025-7-24 10:50:50-debug: 整理部分构建选项内数据到 settings.json start, progress: 13%
2025-7-24 10:50:50-debug: // ---- build task 整理部分构建选项内数据到 settings.json ----
2025-7-24 10:50:50-debug: // ---- build task 整理部分构建选项内数据到 settings.json ---- (2ms)
2025-7-24 10:50:50-log: run build task 整理部分构建选项内数据到 settings.json success in 2 ms√, progress: 15%
2025-7-24 10:50:50-debug: [Build Memory track]: 整理部分构建选项内数据到 settings.json start:215.27MB, end 215.39MB, increase: 123.90KB
2025-7-24 10:50:52-debug: %cImport%c: /Users/zhao/Desktop/test/cocos-creator/PlaneFight/assets/Scenes/Start.scenebackground: #aaff85; color: #000;color: #000;
2025-7-24 10:50:52-debug: asset-db:reimport-asset2fda4d65-a1e9-4078-8250-de49b04cdc34 (4ms)
2025-7-24 10:50:52-debug: Query all assets info in project
2025-7-24 10:50:52-debug: init custom config: keepNodeUuid: false, useCache: true
2025-7-24 10:50:52-debug: Skip compress image, progress: 0%
2025-7-24 10:50:52-debug: Init all bundles start..., progress: 0%
2025-7-24 10:50:52-debug: 查询 Asset Bundle start, progress: 0%
2025-7-24 10:50:52-debug: Num of bundles: 2..., progress: 0%
2025-7-24 10:50:52-debug: Init bundle root assets start..., progress: 0%
2025-7-24 10:50:52-debug: // ---- build task 查询 Asset Bundle ----
2025-7-24 10:50:52-debug: Query preload assets/scripts from cc.config.json: 60f7195c-ec2a-45eb-ba94-8955f60e81d0,1c02ae6f-4492-4915-b8f8-7492a3b1e4cd,810e96e4-e456-4468-9b59-f4e8f39732c0,efe8e2a3-eace-427b-b4f1-cb8a937ec77d,e9aa9a3e-5b2b-4ac7-a2c7-073de2b2b24f,8bbdbcdd-5cd4-4100-b6d5-b7c9625b6107,50f4348b-c883-4e2f-8f11-ce233b859fa1,fda095cb-831d-4601-ad94-846013963de8,f92806d7-1768-443f-afe8-12bcde84d0f0,dd3a144d-ab7f-41f0-82b8-2e43a090d496,f0416e68-0200-4b77-a926-4f9d16e494da,970b0598-bcb0-4714-91fb-2e81440dccd8,bcd64cc6-2dd9-43f6-abbe-66318d332032,d930590d-bb92-4cc8-8bd1-23cd027f9edf,a3cd009f-0ab0-420d-9278-b9fdab939bbc,6a2d0734-bd9e-4ddf-946e-caa52498cb75,c27215d8-6835-4b68-bfbb-bdeac6100c04,b5d6115f-0370-4d7c-aad3-c194cc71cf98,871c3b6c-7379-419d-bda3-794b239ab90d,ff9b0199-ce04-4cfe-86cc-6c719f08d6e4,de1c2107-70c8-4021-8459-6399f24d01c6,cbf30902-517f-40dc-af90-a550bac27cf1
2025-7-24 10:50:52-debug:   Number of all scripts: 14
2025-7-24 10:50:52-debug:   Number of all scenes: 1
2025-7-24 10:50:52-debug: Init bundle root assets success..., progress: 0%
2025-7-24 10:50:52-debug:   Number of other assets: 505
2025-7-24 10:50:52-debug: // ---- build task 查询 Asset Bundle ---- (1ms)
2025-7-24 10:50:52-debug: [Build Memory track]: 查询 Asset Bundle start:215.24MB, end 215.18MB, increase: -57.05KB
2025-7-24 10:50:52-log: run build task 查询 Asset Bundle success in 1 ms√, progress: 5%
2025-7-24 10:50:52-debug: 查询 Asset Bundle start, progress: 5%
2025-7-24 10:50:52-debug: // ---- build task 查询 Asset Bundle ----
2025-7-24 10:50:52-debug: // ---- build task 查询 Asset Bundle ---- (1ms)
2025-7-24 10:50:52-debug: 整理部分构建选项内数据到 settings.json start, progress: 10%
2025-7-24 10:50:52-debug: [Build Memory track]: 查询 Asset Bundle start:215.21MB, end 215.31MB, increase: 107.80KB
2025-7-24 10:50:52-debug: // ---- build task 整理部分构建选项内数据到 settings.json ----
2025-7-24 10:50:52-log: run build task 查询 Asset Bundle success in 1 ms√, progress: 10%
2025-7-24 10:50:52-log: run build task 整理部分构建选项内数据到 settings.json success in √, progress: 12%
2025-7-24 10:50:52-debug: [Build Memory track]: 整理部分构建选项内数据到 settings.json start:215.34MB, end 215.35MB, increase: 14.95KB
2025-7-24 10:50:52-debug: 填充脚本数据到 settings.json start, progress: 12%
2025-7-24 10:50:52-debug: // ---- build task 填充脚本数据到 settings.json ----
2025-7-24 10:50:52-log: run build task 填充脚本数据到 settings.json success in √, progress: 13%
2025-7-24 10:50:52-debug: 整理部分构建选项内数据到 settings.json start, progress: 13%
2025-7-24 10:50:52-debug: // ---- build task 整理部分构建选项内数据到 settings.json ----
2025-7-24 10:50:52-debug: [Build Memory track]: 填充脚本数据到 settings.json start:215.38MB, end 215.40MB, increase: 16.95KB
2025-7-24 10:50:52-debug: // ---- build task 整理部分构建选项内数据到 settings.json ---- (1ms)
2025-7-24 10:50:52-log: run build task 整理部分构建选项内数据到 settings.json success in 1 ms√, progress: 15%
2025-7-24 10:50:52-debug: [Build Memory track]: 整理部分构建选项内数据到 settings.json start:215.42MB, end 215.54MB, increase: 122.15KB
2025-7-24 10:50:52-debug: Query all assets info in project
2025-7-24 10:50:52-debug: init custom config: keepNodeUuid: false, useCache: true
2025-7-24 10:50:52-debug: Skip compress image, progress: 0%
2025-7-24 10:50:52-debug: Init all bundles start..., progress: 0%
2025-7-24 10:50:52-debug: // ---- build task 查询 Asset Bundle ----
2025-7-24 10:50:52-debug: 查询 Asset Bundle start, progress: 0%
2025-7-24 10:50:52-debug: Num of bundles: 2..., progress: 0%
2025-7-24 10:50:52-debug: Init bundle root assets start..., progress: 0%
2025-7-24 10:50:52-debug: Query preload assets/scripts from cc.config.json: 60f7195c-ec2a-45eb-ba94-8955f60e81d0,1c02ae6f-4492-4915-b8f8-7492a3b1e4cd,810e96e4-e456-4468-9b59-f4e8f39732c0,efe8e2a3-eace-427b-b4f1-cb8a937ec77d,e9aa9a3e-5b2b-4ac7-a2c7-073de2b2b24f,8bbdbcdd-5cd4-4100-b6d5-b7c9625b6107,50f4348b-c883-4e2f-8f11-ce233b859fa1,fda095cb-831d-4601-ad94-846013963de8,f92806d7-1768-443f-afe8-12bcde84d0f0,dd3a144d-ab7f-41f0-82b8-2e43a090d496,f0416e68-0200-4b77-a926-4f9d16e494da,970b0598-bcb0-4714-91fb-2e81440dccd8,bcd64cc6-2dd9-43f6-abbe-66318d332032,d930590d-bb92-4cc8-8bd1-23cd027f9edf,a3cd009f-0ab0-420d-9278-b9fdab939bbc,6a2d0734-bd9e-4ddf-946e-caa52498cb75,c27215d8-6835-4b68-bfbb-bdeac6100c04,b5d6115f-0370-4d7c-aad3-c194cc71cf98,871c3b6c-7379-419d-bda3-794b239ab90d,ff9b0199-ce04-4cfe-86cc-6c719f08d6e4,de1c2107-70c8-4021-8459-6399f24d01c6,cbf30902-517f-40dc-af90-a550bac27cf1
2025-7-24 10:50:52-debug:   Number of all scenes: 1
2025-7-24 10:50:52-debug:   Number of all scripts: 14
2025-7-24 10:50:52-debug: // ---- build task 查询 Asset Bundle ---- (4ms)
2025-7-24 10:50:52-log: run build task 查询 Asset Bundle success in 4 ms√, progress: 5%
2025-7-24 10:50:52-debug: Init bundle root assets success..., progress: 0%
2025-7-24 10:50:52-debug: [Build Memory track]: 查询 Asset Bundle start:215.87MB, end 215.64MB, increase: -239.75KB
2025-7-24 10:50:52-debug: // ---- build task 查询 Asset Bundle ----
2025-7-24 10:50:52-debug: 查询 Asset Bundle start, progress: 5%
2025-7-24 10:50:52-debug:   Number of other assets: 505
2025-7-24 10:50:52-debug: // ---- build task 查询 Asset Bundle ---- (10ms)
2025-7-24 10:50:52-debug: [Build Memory track]: 查询 Asset Bundle start:215.67MB, end 215.78MB, increase: 117.72KB
2025-7-24 10:50:52-debug: 整理部分构建选项内数据到 settings.json start, progress: 10%
2025-7-24 10:50:52-debug: // ---- build task 整理部分构建选项内数据到 settings.json ----
2025-7-24 10:50:52-log: run build task 查询 Asset Bundle success in 10 ms√, progress: 10%
2025-7-24 10:50:52-debug: // ---- build task 整理部分构建选项内数据到 settings.json ---- (4ms)
2025-7-24 10:50:52-log: run build task 整理部分构建选项内数据到 settings.json success in 4 ms√, progress: 12%
2025-7-24 10:50:52-debug: // ---- build task 填充脚本数据到 settings.json ----
2025-7-24 10:50:52-debug: [Build Memory track]: 整理部分构建选项内数据到 settings.json start:215.81MB, end 215.84MB, increase: 30.17KB
2025-7-24 10:50:52-debug: 填充脚本数据到 settings.json start, progress: 12%
2025-7-24 10:50:52-debug: // ---- build task 填充脚本数据到 settings.json ---- (1ms)
2025-7-24 10:50:52-log: run build task 填充脚本数据到 settings.json success in 1 ms√, progress: 13%
2025-7-24 10:50:52-debug: [Build Memory track]: 填充脚本数据到 settings.json start:215.86MB, end 215.88MB, increase: 24.02KB
2025-7-24 10:50:52-debug: 整理部分构建选项内数据到 settings.json start, progress: 13%
2025-7-24 10:50:52-debug: // ---- build task 整理部分构建选项内数据到 settings.json ----
2025-7-24 10:50:52-log: run build task 整理部分构建选项内数据到 settings.json success in 2 ms√, progress: 15%
2025-7-24 10:50:52-debug: // ---- build task 整理部分构建选项内数据到 settings.json ---- (2ms)
2025-7-24 10:50:52-debug: [Build Memory track]: 整理部分构建选项内数据到 settings.json start:215.91MB, end 215.33MB, increase: -591.04KB
2025-7-24 10:50:52-debug: Query all assets info in project
2025-7-24 10:50:52-debug: init custom config: keepNodeUuid: false, useCache: true
2025-7-24 10:50:52-debug: Skip compress image, progress: 0%
2025-7-24 10:50:52-debug: Init all bundles start..., progress: 0%
2025-7-24 10:50:52-debug: Num of bundles: 2..., progress: 0%
2025-7-24 10:50:52-debug: 查询 Asset Bundle start, progress: 0%
2025-7-24 10:50:52-debug: // ---- build task 查询 Asset Bundle ----
2025-7-24 10:50:52-debug: Init bundle root assets start..., progress: 0%
2025-7-24 10:50:52-debug: Query preload assets/scripts from cc.config.json: 60f7195c-ec2a-45eb-ba94-8955f60e81d0,1c02ae6f-4492-4915-b8f8-7492a3b1e4cd,810e96e4-e456-4468-9b59-f4e8f39732c0,efe8e2a3-eace-427b-b4f1-cb8a937ec77d,e9aa9a3e-5b2b-4ac7-a2c7-073de2b2b24f,8bbdbcdd-5cd4-4100-b6d5-b7c9625b6107,50f4348b-c883-4e2f-8f11-ce233b859fa1,fda095cb-831d-4601-ad94-846013963de8,f92806d7-1768-443f-afe8-12bcde84d0f0,dd3a144d-ab7f-41f0-82b8-2e43a090d496,f0416e68-0200-4b77-a926-4f9d16e494da,970b0598-bcb0-4714-91fb-2e81440dccd8,bcd64cc6-2dd9-43f6-abbe-66318d332032,d930590d-bb92-4cc8-8bd1-23cd027f9edf,a3cd009f-0ab0-420d-9278-b9fdab939bbc,6a2d0734-bd9e-4ddf-946e-caa52498cb75,c27215d8-6835-4b68-bfbb-bdeac6100c04,b5d6115f-0370-4d7c-aad3-c194cc71cf98,871c3b6c-7379-419d-bda3-794b239ab90d,ff9b0199-ce04-4cfe-86cc-6c719f08d6e4,de1c2107-70c8-4021-8459-6399f24d01c6,cbf30902-517f-40dc-af90-a550bac27cf1
2025-7-24 10:50:52-debug:   Number of all scenes: 1
2025-7-24 10:50:52-debug:   Number of all scripts: 14
2025-7-24 10:50:52-debug:   Number of other assets: 505
2025-7-24 10:50:52-debug: Init bundle root assets success..., progress: 0%
2025-7-24 10:50:52-debug: // ---- build task 查询 Asset Bundle ---- (1ms)
2025-7-24 10:50:52-debug: [Build Memory track]: 查询 Asset Bundle start:215.74MB, end 216.37MB, increase: 645.48KB
2025-7-24 10:50:52-log: run build task 查询 Asset Bundle success in 1 ms√, progress: 5%
2025-7-24 10:50:52-debug: 查询 Asset Bundle start, progress: 5%
2025-7-24 10:50:52-debug: // ---- build task 查询 Asset Bundle ----
2025-7-24 10:50:52-debug: // ---- build task 查询 Asset Bundle ---- (1ms)
2025-7-24 10:50:52-log: run build task 查询 Asset Bundle success in 1 ms√, progress: 10%
2025-7-24 10:50:52-debug: [Build Memory track]: 查询 Asset Bundle start:216.39MB, end 216.50MB, increase: 111.71KB
2025-7-24 10:50:52-debug: 整理部分构建选项内数据到 settings.json start, progress: 10%
2025-7-24 10:50:52-debug: // ---- build task 整理部分构建选项内数据到 settings.json ----
2025-7-24 10:50:52-debug: // ---- build task 整理部分构建选项内数据到 settings.json ---- (1ms)
2025-7-24 10:50:52-log: run build task 整理部分构建选项内数据到 settings.json success in 1 ms√, progress: 12%
2025-7-24 10:50:52-debug: [Build Memory track]: 整理部分构建选项内数据到 settings.json start:216.53MB, end 216.55MB, increase: 24.39KB
2025-7-24 10:50:52-debug: 填充脚本数据到 settings.json start, progress: 12%
2025-7-24 10:50:52-debug: // ---- build task 填充脚本数据到 settings.json ----
2025-7-24 10:50:52-log: run build task 填充脚本数据到 settings.json success in √, progress: 13%
2025-7-24 10:50:52-debug: [Build Memory track]: 填充脚本数据到 settings.json start:216.57MB, end 216.59MB, increase: 19.95KB
2025-7-24 10:50:52-debug: 整理部分构建选项内数据到 settings.json start, progress: 13%
2025-7-24 10:50:52-debug: // ---- build task 整理部分构建选项内数据到 settings.json ----
2025-7-24 10:50:52-debug: // ---- build task 整理部分构建选项内数据到 settings.json ---- (4ms)
2025-7-24 10:50:52-debug: [Build Memory track]: 整理部分构建选项内数据到 settings.json start:216.62MB, end 216.76MB, increase: 140.43KB
2025-7-24 10:50:52-log: run build task 整理部分构建选项内数据到 settings.json success in 4 ms√, progress: 15%
2025-7-24 10:51:13-debug: refresh db internal success
2025-7-24 10:51:13-debug: refresh db assets success
2025-7-24 10:51:13-debug: Run asset db hook engine-extends:afterRefresh ...
2025-7-24 10:51:13-debug: Run asset db hook engine-extends:afterRefresh success!
2025-7-24 10:51:13-debug: asset-db:refresh-all-database (23ms)
2025-7-24 10:51:24-debug: %cImport%c: /Users/zhao/Desktop/test/cocos-creator/PlaneFight/assets/Prefabs/bullet1.prefabbackground: #aaff85; color: #000;color: #000;
2025-7-24 10:51:24-debug: asset-db:reimport-asset13ccfaba-f106-4cc4-82f9-186df7dd0073 (8ms)
2025-7-24 10:51:25-debug: %cImport%c: /Users/zhao/Desktop/test/cocos-creator/PlaneFight/assets/Prefabs/bullet1.prefabbackground: #aaff85; color: #000;color: #000;
2025-7-24 10:51:25-debug: asset-db:reimport-asset13ccfaba-f106-4cc4-82f9-186df7dd0073 (5ms)
2025-7-24 10:51:27-debug: Query all assets info in project
2025-7-24 10:51:27-debug: init custom config: keepNodeUuid: false, useCache: true
2025-7-24 10:51:27-debug: Skip compress image, progress: 0%
2025-7-24 10:51:27-debug: Init all bundles start..., progress: 0%
2025-7-24 10:51:27-debug: Num of bundles: 2..., progress: 0%
2025-7-24 10:51:27-debug: Init bundle root assets start..., progress: 0%
2025-7-24 10:51:27-debug: 查询 Asset Bundle start, progress: 0%
2025-7-24 10:51:27-debug: // ---- build task 查询 Asset Bundle ----
2025-7-24 10:51:27-debug: Query preload assets/scripts from cc.config.json: 60f7195c-ec2a-45eb-ba94-8955f60e81d0,1c02ae6f-4492-4915-b8f8-7492a3b1e4cd,810e96e4-e456-4468-9b59-f4e8f39732c0,efe8e2a3-eace-427b-b4f1-cb8a937ec77d,e9aa9a3e-5b2b-4ac7-a2c7-073de2b2b24f,8bbdbcdd-5cd4-4100-b6d5-b7c9625b6107,50f4348b-c883-4e2f-8f11-ce233b859fa1,fda095cb-831d-4601-ad94-846013963de8,f92806d7-1768-443f-afe8-12bcde84d0f0,dd3a144d-ab7f-41f0-82b8-2e43a090d496,f0416e68-0200-4b77-a926-4f9d16e494da,970b0598-bcb0-4714-91fb-2e81440dccd8,bcd64cc6-2dd9-43f6-abbe-66318d332032,d930590d-bb92-4cc8-8bd1-23cd027f9edf,a3cd009f-0ab0-420d-9278-b9fdab939bbc,6a2d0734-bd9e-4ddf-946e-caa52498cb75,c27215d8-6835-4b68-bfbb-bdeac6100c04,b5d6115f-0370-4d7c-aad3-c194cc71cf98,871c3b6c-7379-419d-bda3-794b239ab90d,ff9b0199-ce04-4cfe-86cc-6c719f08d6e4,de1c2107-70c8-4021-8459-6399f24d01c6,cbf30902-517f-40dc-af90-a550bac27cf1
2025-7-24 10:51:27-debug: Init bundle root assets success..., progress: 0%
2025-7-24 10:51:27-debug:   Number of all scenes: 1
2025-7-24 10:51:27-debug:   Number of all scripts: 14
2025-7-24 10:51:27-debug:   Number of other assets: 505
2025-7-24 10:51:27-debug: // ---- build task 查询 Asset Bundle ---- (1ms)
2025-7-24 10:51:27-log: run build task 查询 Asset Bundle success in 1 ms√, progress: 5%
2025-7-24 10:51:27-debug: [Build Memory track]: 查询 Asset Bundle start:198.16MB, end 197.90MB, increase: -257.87KB
2025-7-24 10:51:27-debug: 查询 Asset Bundle start, progress: 5%
2025-7-24 10:51:27-debug: // ---- build task 查询 Asset Bundle ----
2025-7-24 10:51:27-debug: // ---- build task 查询 Asset Bundle ---- (1ms)
2025-7-24 10:51:27-debug: 整理部分构建选项内数据到 settings.json start, progress: 10%
2025-7-24 10:51:27-log: run build task 查询 Asset Bundle success in 1 ms√, progress: 10%
2025-7-24 10:51:27-debug: [Build Memory track]: 查询 Asset Bundle start:197.93MB, end 198.03MB, increase: 108.17KB
2025-7-24 10:51:27-debug: // ---- build task 整理部分构建选项内数据到 settings.json ----
2025-7-24 10:51:27-debug: 填充脚本数据到 settings.json start, progress: 12%
2025-7-24 10:51:27-debug: [Build Memory track]: 整理部分构建选项内数据到 settings.json start:198.06MB, end 198.08MB, increase: 23.49KB
2025-7-24 10:51:27-log: run build task 整理部分构建选项内数据到 settings.json success in √, progress: 12%
2025-7-24 10:51:27-debug: // ---- build task 填充脚本数据到 settings.json ----
2025-7-24 10:51:27-log: run build task 填充脚本数据到 settings.json success in √, progress: 13%
2025-7-24 10:51:27-debug: 整理部分构建选项内数据到 settings.json start, progress: 13%
2025-7-24 10:51:27-debug: // ---- build task 整理部分构建选项内数据到 settings.json ----
2025-7-24 10:51:27-debug: [Build Memory track]: 填充脚本数据到 settings.json start:198.11MB, end 198.12MB, increase: 16.33KB
2025-7-24 10:51:27-debug: // ---- build task 整理部分构建选项内数据到 settings.json ---- (1ms)
2025-7-24 10:51:27-log: run build task 整理部分构建选项内数据到 settings.json success in 1 ms√, progress: 15%
2025-7-24 10:51:27-debug: [Build Memory track]: 整理部分构建选项内数据到 settings.json start:198.15MB, end 198.27MB, increase: 126.64KB
2025-7-24 10:51:38-debug: refresh db internal success
2025-7-24 10:51:38-debug: refresh db assets success
2025-7-24 10:51:38-debug: Run asset db hook engine-extends:afterRefresh ...
2025-7-24 10:51:38-debug: Run asset db hook engine-extends:afterRefresh success!
2025-7-24 10:51:38-debug: asset-db:refresh-all-database (27ms)
2025-7-24 10:51:38-debug: asset-db:worker-effect-data-processing (1ms)
2025-7-24 10:51:38-debug: asset-db-hook-engine-extends-afterRefresh (1ms)
2025-7-24 10:52:59-debug: refresh db internal success
2025-7-24 10:52:59-debug: refresh db assets success
2025-7-24 10:52:59-debug: Run asset db hook engine-extends:afterRefresh success!
2025-7-24 10:52:59-debug: Run asset db hook engine-extends:afterRefresh ...
2025-7-24 10:52:59-debug: asset-db:refresh-all-database (38ms)
2025-7-24 10:52:59-debug: asset-db-hook-engine-extends-afterRefresh (1ms)
2025-7-24 10:53:09-debug: refresh db internal success
2025-7-24 10:53:09-debug: refresh db assets success
2025-7-24 10:53:09-debug: Run asset db hook engine-extends:afterRefresh ...
2025-7-24 10:53:09-debug: Run asset db hook engine-extends:afterRefresh success!
2025-7-24 10:53:09-debug: asset-db:refresh-all-database (18ms)
2025-7-24 10:53:09-debug: asset-db-hook-engine-extends-afterRefresh (1ms)
2025-7-24 10:53:45-debug: refresh db internal success
2025-7-24 10:53:45-debug: refresh db assets success
2025-7-24 10:53:45-debug: Run asset db hook engine-extends:afterRefresh ...
2025-7-24 10:53:45-debug: Run asset db hook engine-extends:afterRefresh success!
2025-7-24 10:53:45-debug: asset-db:refresh-all-database (29ms)
2025-7-24 10:53:45-debug: asset-db-hook-engine-extends-afterRefresh (1ms)
2025-7-24 10:53:45-debug: asset-db:worker-effect-data-processing (1ms)
2025-7-24 10:54:02-debug: %cImport%c: /Users/zhao/Desktop/test/cocos-creator/PlaneFight/assets/Scenes/Start.scenebackground: #aaff85; color: #000;color: #000;
2025-7-24 10:54:02-debug: asset-db:reimport-asset2fda4d65-a1e9-4078-8250-de49b04cdc34 (7ms)
2025-7-24 10:54:03-debug: Query all assets info in project
2025-7-24 10:54:03-debug: init custom config: keepNodeUuid: false, useCache: true
2025-7-24 10:54:03-debug: Skip compress image, progress: 0%
2025-7-24 10:54:03-debug: Init all bundles start..., progress: 0%
2025-7-24 10:54:03-debug: Num of bundles: 2..., progress: 0%
2025-7-24 10:54:03-debug: // ---- build task 查询 Asset Bundle ----
2025-7-24 10:54:03-debug: 查询 Asset Bundle start, progress: 0%
2025-7-24 10:54:03-debug: Init bundle root assets start..., progress: 0%
2025-7-24 10:54:03-debug: Query preload assets/scripts from cc.config.json: 60f7195c-ec2a-45eb-ba94-8955f60e81d0,1c02ae6f-4492-4915-b8f8-7492a3b1e4cd,810e96e4-e456-4468-9b59-f4e8f39732c0,efe8e2a3-eace-427b-b4f1-cb8a937ec77d,e9aa9a3e-5b2b-4ac7-a2c7-073de2b2b24f,8bbdbcdd-5cd4-4100-b6d5-b7c9625b6107,50f4348b-c883-4e2f-8f11-ce233b859fa1,fda095cb-831d-4601-ad94-846013963de8,f92806d7-1768-443f-afe8-12bcde84d0f0,dd3a144d-ab7f-41f0-82b8-2e43a090d496,f0416e68-0200-4b77-a926-4f9d16e494da,970b0598-bcb0-4714-91fb-2e81440dccd8,bcd64cc6-2dd9-43f6-abbe-66318d332032,d930590d-bb92-4cc8-8bd1-23cd027f9edf,a3cd009f-0ab0-420d-9278-b9fdab939bbc,6a2d0734-bd9e-4ddf-946e-caa52498cb75,c27215d8-6835-4b68-bfbb-bdeac6100c04,b5d6115f-0370-4d7c-aad3-c194cc71cf98,871c3b6c-7379-419d-bda3-794b239ab90d,ff9b0199-ce04-4cfe-86cc-6c719f08d6e4,de1c2107-70c8-4021-8459-6399f24d01c6,cbf30902-517f-40dc-af90-a550bac27cf1
2025-7-24 10:54:03-debug:   Number of all scripts: 14
2025-7-24 10:54:03-debug:   Number of other assets: 505
2025-7-24 10:54:03-debug: Init bundle root assets success..., progress: 0%
2025-7-24 10:54:03-debug:   Number of all scenes: 1
2025-7-24 10:54:03-debug: // ---- build task 查询 Asset Bundle ---- (9ms)
2025-7-24 10:54:03-log: run build task 查询 Asset Bundle success in 9 ms√, progress: 5%
2025-7-24 10:54:03-debug: [Build Memory track]: 查询 Asset Bundle start:200.10MB, end 199.84MB, increase: -263.73KB
2025-7-24 10:54:03-debug: 查询 Asset Bundle start, progress: 5%
2025-7-24 10:54:03-debug: // ---- build task 查询 Asset Bundle ----
2025-7-24 10:54:03-debug: // ---- build task 查询 Asset Bundle ---- (2ms)
2025-7-24 10:54:03-debug: [Build Memory track]: 查询 Asset Bundle start:199.87MB, end 199.98MB, increase: 117.38KB
2025-7-24 10:54:03-debug: 整理部分构建选项内数据到 settings.json start, progress: 10%
2025-7-24 10:54:03-log: run build task 查询 Asset Bundle success in 2 ms√, progress: 10%
2025-7-24 10:54:03-debug: // ---- build task 整理部分构建选项内数据到 settings.json ----
2025-7-24 10:54:03-debug: [Build Memory track]: 整理部分构建选项内数据到 settings.json start:200.01MB, end 200.02MB, increase: 16.20KB
2025-7-24 10:54:03-log: run build task 整理部分构建选项内数据到 settings.json success in √, progress: 12%
2025-7-24 10:54:03-debug: 填充脚本数据到 settings.json start, progress: 12%
2025-7-24 10:54:03-debug: // ---- build task 填充脚本数据到 settings.json ----
2025-7-24 10:54:03-debug: // ---- build task 填充脚本数据到 settings.json ---- (1ms)
2025-7-24 10:54:03-debug: // ---- build task 整理部分构建选项内数据到 settings.json ----
2025-7-24 10:54:03-debug: [Build Memory track]: 填充脚本数据到 settings.json start:200.05MB, end 200.08MB, increase: 31.55KB
2025-7-24 10:54:03-debug: 整理部分构建选项内数据到 settings.json start, progress: 13%
2025-7-24 10:54:03-log: run build task 填充脚本数据到 settings.json success in 1 ms√, progress: 13%
2025-7-24 10:54:03-debug: // ---- build task 整理部分构建选项内数据到 settings.json ---- (2ms)
2025-7-24 10:54:03-log: run build task 整理部分构建选项内数据到 settings.json success in 2 ms√, progress: 15%
2025-7-24 10:54:03-debug: [Build Memory track]: 整理部分构建选项内数据到 settings.json start:200.10MB, end 200.24MB, increase: 141.29KB
2025-7-24 10:54:03-debug: Query all assets info in project
2025-7-24 10:54:03-debug: Skip compress image, progress: 0%
2025-7-24 10:54:03-debug: init custom config: keepNodeUuid: false, useCache: true
2025-7-24 10:54:03-debug: Init all bundles start..., progress: 0%
2025-7-24 10:54:03-debug: Num of bundles: 2..., progress: 0%
2025-7-24 10:54:03-debug: // ---- build task 查询 Asset Bundle ----
2025-7-24 10:54:03-debug: 查询 Asset Bundle start, progress: 0%
2025-7-24 10:54:03-debug: Init bundle root assets start..., progress: 0%
2025-7-24 10:54:03-debug: Query preload assets/scripts from cc.config.json: 60f7195c-ec2a-45eb-ba94-8955f60e81d0,1c02ae6f-4492-4915-b8f8-7492a3b1e4cd,810e96e4-e456-4468-9b59-f4e8f39732c0,efe8e2a3-eace-427b-b4f1-cb8a937ec77d,e9aa9a3e-5b2b-4ac7-a2c7-073de2b2b24f,8bbdbcdd-5cd4-4100-b6d5-b7c9625b6107,50f4348b-c883-4e2f-8f11-ce233b859fa1,fda095cb-831d-4601-ad94-846013963de8,f92806d7-1768-443f-afe8-12bcde84d0f0,dd3a144d-ab7f-41f0-82b8-2e43a090d496,f0416e68-0200-4b77-a926-4f9d16e494da,970b0598-bcb0-4714-91fb-2e81440dccd8,bcd64cc6-2dd9-43f6-abbe-66318d332032,d930590d-bb92-4cc8-8bd1-23cd027f9edf,a3cd009f-0ab0-420d-9278-b9fdab939bbc,6a2d0734-bd9e-4ddf-946e-caa52498cb75,c27215d8-6835-4b68-bfbb-bdeac6100c04,b5d6115f-0370-4d7c-aad3-c194cc71cf98,871c3b6c-7379-419d-bda3-794b239ab90d,ff9b0199-ce04-4cfe-86cc-6c719f08d6e4,de1c2107-70c8-4021-8459-6399f24d01c6,cbf30902-517f-40dc-af90-a550bac27cf1
2025-7-24 10:54:03-debug: Init bundle root assets success..., progress: 0%
2025-7-24 10:54:03-debug:   Number of all scenes: 1
2025-7-24 10:54:03-debug:   Number of other assets: 505
2025-7-24 10:54:03-log: run build task 查询 Asset Bundle success in 2 ms√, progress: 5%
2025-7-24 10:54:03-debug: [Build Memory track]: 查询 Asset Bundle start:199.79MB, end 199.63MB, increase: -171.14KB
2025-7-24 10:54:03-debug: // ---- build task 查询 Asset Bundle ---- (2ms)
2025-7-24 10:54:03-debug: 查询 Asset Bundle start, progress: 5%
2025-7-24 10:54:03-debug:   Number of all scripts: 14
2025-7-24 10:54:03-debug: // ---- build task 查询 Asset Bundle ----
2025-7-24 10:54:03-debug: // ---- build task 查询 Asset Bundle ---- (1ms)
2025-7-24 10:54:03-debug: 整理部分构建选项内数据到 settings.json start, progress: 10%
2025-7-24 10:54:03-log: run build task 查询 Asset Bundle success in 1 ms√, progress: 10%
2025-7-24 10:54:03-debug: // ---- build task 整理部分构建选项内数据到 settings.json ----
2025-7-24 10:54:03-debug: [Build Memory track]: 查询 Asset Bundle start:199.65MB, end 199.76MB, increase: 107.25KB
2025-7-24 10:54:03-log: run build task 整理部分构建选项内数据到 settings.json success in √, progress: 12%
2025-7-24 10:54:03-debug: [Build Memory track]: 整理部分构建选项内数据到 settings.json start:199.78MB, end 199.80MB, increase: 16.42KB
2025-7-24 10:54:03-debug: 填充脚本数据到 settings.json start, progress: 12%
2025-7-24 10:54:03-debug: // ---- build task 填充脚本数据到 settings.json ----
2025-7-24 10:54:03-debug: // ---- build task 填充脚本数据到 settings.json ---- (1ms)
2025-7-24 10:54:03-log: run build task 填充脚本数据到 settings.json success in 1 ms√, progress: 13%
2025-7-24 10:54:03-debug: [Build Memory track]: 填充脚本数据到 settings.json start:199.82MB, end 199.84MB, increase: 22.48KB
2025-7-24 10:54:03-debug: 整理部分构建选项内数据到 settings.json start, progress: 13%
2025-7-24 10:54:03-debug: // ---- build task 整理部分构建选项内数据到 settings.json ----
2025-7-24 10:54:03-debug: // ---- build task 整理部分构建选项内数据到 settings.json ---- (1ms)
2025-7-24 10:54:03-log: run build task 整理部分构建选项内数据到 settings.json success in 1 ms√, progress: 15%
2025-7-24 10:54:03-debug: [Build Memory track]: 整理部分构建选项内数据到 settings.json start:199.87MB, end 199.99MB, increase: 125.59KB
2025-7-24 10:54:37-debug: start refresh asset from /Users/zhao/Desktop/test/cocos-creator/PlaneFight/assets/Animations/EnemyDown.anim...
2025-7-24 10:54:37-debug: %cImport%c: /Users/zhao/Desktop/test/cocos-creator/PlaneFight/assets/Animations/EnemyDown.animbackground: #aaff85; color: #000;color: #000;
2025-7-24 10:54:37-debug: refresh asset /Users/zhao/Desktop/test/cocos-creator/PlaneFight/assets/Animations success
2025-7-24 10:54:37-debug: %cImport%c: /Users/zhao/Desktop/test/cocos-creator/PlaneFight/assets/Animationsbackground: #aaff85; color: #000;color: #000;
2025-7-24 10:54:37-debug: refresh db internal success
2025-7-24 10:54:37-debug: refresh db assets success
2025-7-24 10:54:37-debug: Run asset db hook engine-extends:afterRefresh ...
2025-7-24 10:54:37-debug: Run asset db hook engine-extends:afterRefresh success!
2025-7-24 10:54:37-debug: asset-db:refresh-all-database (30ms)
2025-7-24 10:54:37-debug: asset-db:worker-effect-data-processing (1ms)
2025-7-24 10:54:37-debug: asset-db-hook-engine-extends-afterRefresh (1ms)
2025-7-24 10:55:39-debug: %cImport%c: /Users/zhao/Desktop/test/cocos-creator/PlaneFight/assets/Animations/EnemyDown.animbackground: #aaff85; color: #000;color: #000;
2025-7-24 10:55:39-debug: asset-db:reimport-assetff9208e8-f74f-4f46-abf2-bf77e9604ae5 (4ms)
2025-7-24 10:56:04-debug: refresh db internal success
2025-7-24 10:56:04-debug: refresh db assets success
2025-7-24 10:56:04-debug: Run asset db hook engine-extends:afterRefresh success!
2025-7-24 10:56:04-debug: Run asset db hook engine-extends:afterRefresh ...
2025-7-24 10:56:04-debug: asset-db:refresh-all-database (34ms)
2025-7-24 10:56:04-debug: asset-db:worker-effect-data-processing (1ms)
2025-7-24 10:56:04-debug: asset-db-hook-engine-extends-afterRefresh (1ms)
2025-7-24 10:56:14-debug: start remove asset /Users/zhao/Desktop/test/cocos-creator/PlaneFight/assets/Animations/EnemyDown.anim...
2025-7-24 10:56:14-debug: start refresh asset from /Users/zhao/Desktop/test/cocos-creator/PlaneFight/assets/Animations/EnemyDown.anim...
2025-7-24 10:56:14-debug: %cDestroy%c: /Users/zhao/Desktop/test/cocos-creator/PlaneFight/assets/Animations/EnemyDown.animbackground: #ffb8b8; color: #000;color: #000;
2025-7-24 10:56:14-debug: refresh asset /Users/zhao/Desktop/test/cocos-creator/PlaneFight/assets/Animations success
2025-7-24 10:56:14-debug: remove asset /Users/zhao/Desktop/test/cocos-creator/PlaneFight/assets/Animations/EnemyDown.anim success
2025-7-24 10:56:14-debug: %cImport%c: /Users/zhao/Desktop/test/cocos-creator/PlaneFight/assets/Animationsbackground: #aaff85; color: #000;color: #000;
2025-7-24 10:57:04-debug: start refresh asset from /Users/zhao/Desktop/test/cocos-creator/PlaneFight/assets/Animations/Enemy1Down.anim...
2025-7-24 10:57:04-debug: %cImport%c: /Users/zhao/Desktop/test/cocos-creator/PlaneFight/assets/Animations/Enemy1Down.animbackground: #aaff85; color: #000;color: #000;
2025-7-24 10:57:04-debug: refresh asset /Users/zhao/Desktop/test/cocos-creator/PlaneFight/assets/Animations success
2025-7-24 10:57:04-debug: %cImport%c: /Users/zhao/Desktop/test/cocos-creator/PlaneFight/assets/Animationsbackground: #aaff85; color: #000;color: #000;
2025-7-24 10:57:04-debug: refresh db internal success
2025-7-24 10:57:04-debug: refresh db assets success
2025-7-24 10:57:04-debug: Run asset db hook engine-extends:afterRefresh ...
2025-7-24 10:57:04-debug: Run asset db hook engine-extends:afterRefresh success!
2025-7-24 10:57:04-debug: asset-db:refresh-all-database (29ms)
2025-7-24 10:57:54-debug: %cImport%c: /Users/zhao/Desktop/test/cocos-creator/PlaneFight/assets/Animations/Enemy1Down.animbackground: #aaff85; color: #000;color: #000;
2025-7-24 10:57:54-debug: asset-db:reimport-asset02d8df83-d7f4-410d-becf-d673033a2c1a (5ms)
2025-7-24 10:57:54-debug: %cImport%c: /Users/zhao/Desktop/test/cocos-creator/PlaneFight/assets/Animations/Enemy1Down.animbackground: #aaff85; color: #000;color: #000;
2025-7-24 10:57:54-debug: asset-db:reimport-asset02d8df83-d7f4-410d-becf-d673033a2c1a (1ms)
2025-7-24 10:57:55-debug: %cImport%c: /Users/zhao/Desktop/test/cocos-creator/PlaneFight/assets/Animations/Enemy1Down.animbackground: #aaff85; color: #000;color: #000;
2025-7-24 10:57:55-debug: asset-db:reimport-asset02d8df83-d7f4-410d-becf-d673033a2c1a (2ms)
2025-7-24 10:58:00-debug: %cImport%c: /Users/zhao/Desktop/test/cocos-creator/PlaneFight/assets/Prefabs/enemy0.prefabbackground: #aaff85; color: #000;color: #000;
2025-7-24 10:58:00-debug: asset-db:reimport-asset1983cab6-6af2-4c36-90da-682e683ae01a (8ms)
2025-7-24 11:00:11-debug: %cImport%c: /Users/zhao/Desktop/test/cocos-creator/PlaneFight/assets/Animations/Enemy1Down.animbackground: #aaff85; color: #000;color: #000;
2025-7-24 11:00:11-debug: asset-db:reimport-asset02d8df83-d7f4-410d-becf-d673033a2c1a (6ms)
2025-7-24 11:00:30-debug: %cImport%c: /Users/zhao/Desktop/test/cocos-creator/PlaneFight/assets/Prefabs/enemy0.prefabbackground: #aaff85; color: #000;color: #000;
2025-7-24 11:00:30-debug: asset-db:reimport-asset1983cab6-6af2-4c36-90da-682e683ae01a (3ms)
2025-7-24 11:00:46-debug: Query all assets info in project
2025-7-24 11:00:46-debug: init custom config: keepNodeUuid: false, useCache: true
2025-7-24 11:00:46-debug: Skip compress image, progress: 0%
2025-7-24 11:00:46-debug: Init all bundles start..., progress: 0%
2025-7-24 11:00:46-debug: 查询 Asset Bundle start, progress: 0%
2025-7-24 11:00:46-debug: // ---- build task 查询 Asset Bundle ----
2025-7-24 11:00:46-debug: Num of bundles: 2..., progress: 0%
2025-7-24 11:00:46-debug: Init bundle root assets start..., progress: 0%
2025-7-24 11:00:46-debug: Query preload assets/scripts from cc.config.json: 60f7195c-ec2a-45eb-ba94-8955f60e81d0,1c02ae6f-4492-4915-b8f8-7492a3b1e4cd,810e96e4-e456-4468-9b59-f4e8f39732c0,efe8e2a3-eace-427b-b4f1-cb8a937ec77d,e9aa9a3e-5b2b-4ac7-a2c7-073de2b2b24f,8bbdbcdd-5cd4-4100-b6d5-b7c9625b6107,50f4348b-c883-4e2f-8f11-ce233b859fa1,fda095cb-831d-4601-ad94-846013963de8,f92806d7-1768-443f-afe8-12bcde84d0f0,dd3a144d-ab7f-41f0-82b8-2e43a090d496,f0416e68-0200-4b77-a926-4f9d16e494da,970b0598-bcb0-4714-91fb-2e81440dccd8,bcd64cc6-2dd9-43f6-abbe-66318d332032,d930590d-bb92-4cc8-8bd1-23cd027f9edf,a3cd009f-0ab0-420d-9278-b9fdab939bbc,6a2d0734-bd9e-4ddf-946e-caa52498cb75,c27215d8-6835-4b68-bfbb-bdeac6100c04,b5d6115f-0370-4d7c-aad3-c194cc71cf98,871c3b6c-7379-419d-bda3-794b239ab90d,ff9b0199-ce04-4cfe-86cc-6c719f08d6e4,de1c2107-70c8-4021-8459-6399f24d01c6,cbf30902-517f-40dc-af90-a550bac27cf1
2025-7-24 11:00:46-debug:   Number of other assets: 506
2025-7-24 11:00:46-debug:   Number of all scripts: 14
2025-7-24 11:00:46-debug: Init bundle root assets success..., progress: 0%
2025-7-24 11:00:46-debug:   Number of all scenes: 1
2025-7-24 11:00:46-debug: // ---- build task 查询 Asset Bundle ---- (1ms)
2025-7-24 11:00:46-debug: [Build Memory track]: 查询 Asset Bundle start:203.46MB, end 203.18MB, increase: -289.42KB
2025-7-24 11:00:46-debug: // ---- build task 查询 Asset Bundle ----
2025-7-24 11:00:46-debug: 查询 Asset Bundle start, progress: 5%
2025-7-24 11:00:46-log: run build task 查询 Asset Bundle success in 1 ms√, progress: 5%
2025-7-24 11:00:46-debug: // ---- build task 查询 Asset Bundle ---- (1ms)
2025-7-24 11:00:46-debug: [Build Memory track]: 查询 Asset Bundle start:203.21MB, end 203.31MB, increase: 105.25KB
2025-7-24 11:00:46-log: run build task 查询 Asset Bundle success in 1 ms√, progress: 10%
2025-7-24 11:00:46-debug: 整理部分构建选项内数据到 settings.json start, progress: 10%
2025-7-24 11:00:46-debug: // ---- build task 整理部分构建选项内数据到 settings.json ----
2025-7-24 11:00:46-log: run build task 整理部分构建选项内数据到 settings.json success in √, progress: 12%
2025-7-24 11:00:46-debug: [Build Memory track]: 整理部分构建选项内数据到 settings.json start:203.33MB, end 203.35MB, increase: 14.07KB
2025-7-24 11:00:46-debug: 填充脚本数据到 settings.json start, progress: 12%
2025-7-24 11:00:46-debug: // ---- build task 填充脚本数据到 settings.json ----
2025-7-24 11:00:46-log: run build task 填充脚本数据到 settings.json success in √, progress: 13%
2025-7-24 11:00:46-debug: [Build Memory track]: 填充脚本数据到 settings.json start:203.37MB, end 203.39MB, increase: 16.51KB
2025-7-24 11:00:46-debug: 整理部分构建选项内数据到 settings.json start, progress: 13%
2025-7-24 11:00:46-debug: // ---- build task 整理部分构建选项内数据到 settings.json ----
2025-7-24 11:00:46-debug: // ---- build task 整理部分构建选项内数据到 settings.json ---- (1ms)
2025-7-24 11:00:46-log: run build task 整理部分构建选项内数据到 settings.json success in 1 ms√, progress: 15%
2025-7-24 11:00:46-debug: [Build Memory track]: 整理部分构建选项内数据到 settings.json start:203.41MB, end 203.54MB, increase: 131.09KB
2025-7-24 11:01:35-debug: refresh db internal success
2025-7-24 11:01:35-debug: refresh db assets success
2025-7-24 11:01:35-debug: Run asset db hook engine-extends:afterRefresh ...
2025-7-24 11:01:35-debug: Run asset db hook engine-extends:afterRefresh success!
2025-7-24 11:01:35-debug: asset-db:refresh-all-database (37ms)
2025-7-24 11:01:35-debug: asset-db:worker-effect-data-processing (1ms)
2025-7-24 11:01:35-debug: asset-db-hook-engine-extends-afterRefresh (1ms)
2025-7-24 11:01:54-debug: refresh db internal success
2025-7-24 11:01:54-debug: %cImport%c: /Users/zhao/Desktop/test/cocos-creator/PlaneFight/assets/Scripts/Enemy.tsbackground: #aaff85; color: #000;color: #000;
2025-7-24 11:01:54-debug: refresh db assets success
2025-7-24 11:01:54-debug: Run asset db hook engine-extends:afterRefresh ...
2025-7-24 11:01:54-debug: Run asset db hook engine-extends:afterRefresh success!
2025-7-24 11:01:54-debug: asset-db:refresh-all-database (20ms)
2025-7-24 11:01:54-debug: asset-db-hook-engine-extends-afterRefresh (1ms)
2025-7-24 11:01:54-debug: asset-db:worker-effect-data-processing (1ms)
2025-7-24 11:01:55-debug: Query all assets info in project
2025-7-24 11:01:55-debug: Skip compress image, progress: 0%
2025-7-24 11:01:55-debug: init custom config: keepNodeUuid: false, useCache: true
2025-7-24 11:01:55-debug: Init all bundles start..., progress: 0%
2025-7-24 11:01:55-debug: Num of bundles: 2..., progress: 0%
2025-7-24 11:01:55-debug: 查询 Asset Bundle start, progress: 0%
2025-7-24 11:01:55-debug: // ---- build task 查询 Asset Bundle ----
2025-7-24 11:01:55-debug: Init bundle root assets start..., progress: 0%
2025-7-24 11:01:55-debug: Query preload assets/scripts from cc.config.json: 60f7195c-ec2a-45eb-ba94-8955f60e81d0,1c02ae6f-4492-4915-b8f8-7492a3b1e4cd,810e96e4-e456-4468-9b59-f4e8f39732c0,efe8e2a3-eace-427b-b4f1-cb8a937ec77d,e9aa9a3e-5b2b-4ac7-a2c7-073de2b2b24f,8bbdbcdd-5cd4-4100-b6d5-b7c9625b6107,50f4348b-c883-4e2f-8f11-ce233b859fa1,fda095cb-831d-4601-ad94-846013963de8,f92806d7-1768-443f-afe8-12bcde84d0f0,dd3a144d-ab7f-41f0-82b8-2e43a090d496,f0416e68-0200-4b77-a926-4f9d16e494da,970b0598-bcb0-4714-91fb-2e81440dccd8,bcd64cc6-2dd9-43f6-abbe-66318d332032,d930590d-bb92-4cc8-8bd1-23cd027f9edf,a3cd009f-0ab0-420d-9278-b9fdab939bbc,6a2d0734-bd9e-4ddf-946e-caa52498cb75,c27215d8-6835-4b68-bfbb-bdeac6100c04,b5d6115f-0370-4d7c-aad3-c194cc71cf98,871c3b6c-7379-419d-bda3-794b239ab90d,ff9b0199-ce04-4cfe-86cc-6c719f08d6e4,de1c2107-70c8-4021-8459-6399f24d01c6,cbf30902-517f-40dc-af90-a550bac27cf1
2025-7-24 11:01:55-debug: Init bundle root assets success..., progress: 0%
2025-7-24 11:01:55-debug:   Number of other assets: 506
2025-7-24 11:01:55-debug:   Number of all scripts: 14
2025-7-24 11:01:55-debug: [Build Memory track]: 查询 Asset Bundle start:204.08MB, end 203.84MB, increase: -249.70KB
2025-7-24 11:01:55-debug: 查询 Asset Bundle start, progress: 5%
2025-7-24 11:01:55-debug: // ---- build task 查询 Asset Bundle ----
2025-7-24 11:01:55-log: run build task 查询 Asset Bundle success in 8 ms√, progress: 5%
2025-7-24 11:01:55-debug: // ---- build task 查询 Asset Bundle ---- (8ms)
2025-7-24 11:01:55-debug:   Number of all scenes: 1
2025-7-24 11:01:55-debug: // ---- build task 查询 Asset Bundle ---- (2ms)
2025-7-24 11:01:55-debug: 整理部分构建选项内数据到 settings.json start, progress: 10%
2025-7-24 11:01:55-log: run build task 查询 Asset Bundle success in 2 ms√, progress: 10%
2025-7-24 11:01:55-debug: // ---- build task 整理部分构建选项内数据到 settings.json ----
2025-7-24 11:01:55-debug: [Build Memory track]: 查询 Asset Bundle start:203.87MB, end 203.97MB, increase: 107.79KB
2025-7-24 11:01:55-debug: // ---- build task 整理部分构建选项内数据到 settings.json ---- (1ms)
2025-7-24 11:01:55-log: run build task 整理部分构建选项内数据到 settings.json success in 1 ms√, progress: 12%
2025-7-24 11:01:55-debug: [Build Memory track]: 整理部分构建选项内数据到 settings.json start:204.00MB, end 204.02MB, increase: 21.89KB
2025-7-24 11:01:55-debug: // ---- build task 填充脚本数据到 settings.json ----
2025-7-24 11:01:55-debug: 填充脚本数据到 settings.json start, progress: 12%
2025-7-24 11:01:55-log: run build task 填充脚本数据到 settings.json success in 1 ms√, progress: 13%
2025-7-24 11:01:55-debug: // ---- build task 填充脚本数据到 settings.json ---- (1ms)
2025-7-24 11:01:55-debug: [Build Memory track]: 填充脚本数据到 settings.json start:204.04MB, end 204.07MB, increase: 24.93KB
2025-7-24 11:01:55-debug: // ---- build task 整理部分构建选项内数据到 settings.json ----
2025-7-24 11:01:55-debug: 整理部分构建选项内数据到 settings.json start, progress: 13%
2025-7-24 11:01:55-debug: // ---- build task 整理部分构建选项内数据到 settings.json ---- (3ms)
2025-7-24 11:01:55-log: run build task 整理部分构建选项内数据到 settings.json success in 3 ms√, progress: 15%
2025-7-24 11:01:55-debug: [Build Memory track]: 整理部分构建选项内数据到 settings.json start:204.09MB, end 204.21MB, increase: 122.55KB
2025-7-24 11:01:55-debug: Query all assets info in project
2025-7-24 11:01:55-debug: init custom config: keepNodeUuid: false, useCache: true
2025-7-24 11:01:55-debug: Skip compress image, progress: 0%
2025-7-24 11:01:55-debug: Init all bundles start..., progress: 0%
2025-7-24 11:01:55-debug: Num of bundles: 2..., progress: 0%
2025-7-24 11:01:55-debug: 查询 Asset Bundle start, progress: 0%
2025-7-24 11:01:55-debug: // ---- build task 查询 Asset Bundle ----
2025-7-24 11:01:55-debug: Init bundle root assets start..., progress: 0%
2025-7-24 11:01:55-debug: Query preload assets/scripts from cc.config.json: 60f7195c-ec2a-45eb-ba94-8955f60e81d0,1c02ae6f-4492-4915-b8f8-7492a3b1e4cd,810e96e4-e456-4468-9b59-f4e8f39732c0,efe8e2a3-eace-427b-b4f1-cb8a937ec77d,e9aa9a3e-5b2b-4ac7-a2c7-073de2b2b24f,8bbdbcdd-5cd4-4100-b6d5-b7c9625b6107,50f4348b-c883-4e2f-8f11-ce233b859fa1,fda095cb-831d-4601-ad94-846013963de8,f92806d7-1768-443f-afe8-12bcde84d0f0,dd3a144d-ab7f-41f0-82b8-2e43a090d496,f0416e68-0200-4b77-a926-4f9d16e494da,970b0598-bcb0-4714-91fb-2e81440dccd8,bcd64cc6-2dd9-43f6-abbe-66318d332032,d930590d-bb92-4cc8-8bd1-23cd027f9edf,a3cd009f-0ab0-420d-9278-b9fdab939bbc,6a2d0734-bd9e-4ddf-946e-caa52498cb75,c27215d8-6835-4b68-bfbb-bdeac6100c04,b5d6115f-0370-4d7c-aad3-c194cc71cf98,871c3b6c-7379-419d-bda3-794b239ab90d,ff9b0199-ce04-4cfe-86cc-6c719f08d6e4,de1c2107-70c8-4021-8459-6399f24d01c6,cbf30902-517f-40dc-af90-a550bac27cf1
2025-7-24 11:01:55-debug: // ---- build task 查询 Asset Bundle ---- (4ms)
2025-7-24 11:01:55-debug:   Number of other assets: 506
2025-7-24 11:01:55-log: run build task 查询 Asset Bundle success in 4 ms√, progress: 5%
2025-7-24 11:01:55-debug: [Build Memory track]: 查询 Asset Bundle start:204.55MB, end 204.43MB, increase: -122.18KB
2025-7-24 11:01:55-debug: 查询 Asset Bundle start, progress: 5%
2025-7-24 11:01:55-debug: // ---- build task 查询 Asset Bundle ----
2025-7-24 11:01:55-debug:   Number of all scripts: 14
2025-7-24 11:01:55-debug:   Number of all scenes: 1
2025-7-24 11:01:55-debug: Init bundle root assets success..., progress: 0%
2025-7-24 11:01:55-log: run build task 查询 Asset Bundle success in 1 ms√, progress: 10%
2025-7-24 11:01:55-debug: // ---- build task 查询 Asset Bundle ---- (1ms)
2025-7-24 11:01:55-debug: [Build Memory track]: 查询 Asset Bundle start:204.46MB, end 204.56MB, increase: 107.90KB
2025-7-24 11:01:55-debug: 整理部分构建选项内数据到 settings.json start, progress: 10%
2025-7-24 11:01:55-debug: // ---- build task 整理部分构建选项内数据到 settings.json ----
2025-7-24 11:01:55-debug: [Build Memory track]: 整理部分构建选项内数据到 settings.json start:204.59MB, end 203.88MB, increase: -729.21KB
2025-7-24 11:01:55-log: run build task 整理部分构建选项内数据到 settings.json success in √, progress: 12%
2025-7-24 11:01:55-debug: 填充脚本数据到 settings.json start, progress: 12%
2025-7-24 11:01:55-debug: // ---- build task 填充脚本数据到 settings.json ----
2025-7-24 11:01:55-debug: // ---- build task 整理部分构建选项内数据到 settings.json ----
2025-7-24 11:01:55-debug: 整理部分构建选项内数据到 settings.json start, progress: 13%
2025-7-24 11:01:55-log: run build task 填充脚本数据到 settings.json success in √, progress: 13%
2025-7-24 11:01:55-debug: [Build Memory track]: 填充脚本数据到 settings.json start:203.90MB, end 203.92MB, increase: 14.01KB
2025-7-24 11:01:55-debug: // ---- build task 整理部分构建选项内数据到 settings.json ---- (2ms)
2025-7-24 11:01:55-debug: [Build Memory track]: 整理部分构建选项内数据到 settings.json start:203.94MB, end 204.06MB, increase: 124.08KB
2025-7-24 11:01:55-log: run build task 整理部分构建选项内数据到 settings.json success in 2 ms√, progress: 15%
2025-7-24 11:01:56-debug: %cImport%c: /Users/zhao/Desktop/test/cocos-creator/PlaneFight/assets/Scenes/Start.scenebackground: #aaff85; color: #000;color: #000;
2025-7-24 11:01:56-debug: asset-db:reimport-asset2fda4d65-a1e9-4078-8250-de49b04cdc34 (2ms)
2025-7-24 11:01:57-debug: Query all assets info in project
2025-7-24 11:01:57-debug: init custom config: keepNodeUuid: false, useCache: true
2025-7-24 11:01:57-debug: Skip compress image, progress: 0%
2025-7-24 11:01:57-debug: Init all bundles start..., progress: 0%
2025-7-24 11:01:57-debug: Num of bundles: 2..., progress: 0%
2025-7-24 11:01:57-debug: 查询 Asset Bundle start, progress: 0%
2025-7-24 11:01:57-debug: Init bundle root assets start..., progress: 0%
2025-7-24 11:01:57-debug: // ---- build task 查询 Asset Bundle ----
2025-7-24 11:01:57-debug: Query preload assets/scripts from cc.config.json: 60f7195c-ec2a-45eb-ba94-8955f60e81d0,1c02ae6f-4492-4915-b8f8-7492a3b1e4cd,810e96e4-e456-4468-9b59-f4e8f39732c0,efe8e2a3-eace-427b-b4f1-cb8a937ec77d,e9aa9a3e-5b2b-4ac7-a2c7-073de2b2b24f,8bbdbcdd-5cd4-4100-b6d5-b7c9625b6107,50f4348b-c883-4e2f-8f11-ce233b859fa1,fda095cb-831d-4601-ad94-846013963de8,f92806d7-1768-443f-afe8-12bcde84d0f0,dd3a144d-ab7f-41f0-82b8-2e43a090d496,f0416e68-0200-4b77-a926-4f9d16e494da,970b0598-bcb0-4714-91fb-2e81440dccd8,bcd64cc6-2dd9-43f6-abbe-66318d332032,d930590d-bb92-4cc8-8bd1-23cd027f9edf,a3cd009f-0ab0-420d-9278-b9fdab939bbc,6a2d0734-bd9e-4ddf-946e-caa52498cb75,c27215d8-6835-4b68-bfbb-bdeac6100c04,b5d6115f-0370-4d7c-aad3-c194cc71cf98,871c3b6c-7379-419d-bda3-794b239ab90d,ff9b0199-ce04-4cfe-86cc-6c719f08d6e4,de1c2107-70c8-4021-8459-6399f24d01c6,cbf30902-517f-40dc-af90-a550bac27cf1
2025-7-24 11:01:57-debug:   Number of all scenes: 1
2025-7-24 11:01:57-debug: Init bundle root assets success..., progress: 0%
2025-7-24 11:01:57-debug:   Number of all scripts: 14
2025-7-24 11:01:57-debug:   Number of other assets: 506
2025-7-24 11:01:57-debug: // ---- build task 查询 Asset Bundle ---- (2ms)
2025-7-24 11:01:57-debug: 查询 Asset Bundle start, progress: 5%
2025-7-24 11:01:57-debug: [Build Memory track]: 查询 Asset Bundle start:204.03MB, end 204.65MB, increase: 635.03KB
2025-7-24 11:01:57-log: run build task 查询 Asset Bundle success in 2 ms√, progress: 5%
2025-7-24 11:01:57-debug: // ---- build task 查询 Asset Bundle ----
2025-7-24 11:01:57-debug: [Build Memory track]: 查询 Asset Bundle start:204.67MB, end 204.07MB, increase: -616.93KB
2025-7-24 11:01:57-log: run build task 查询 Asset Bundle success in √, progress: 10%
2025-7-24 11:01:57-debug: 整理部分构建选项内数据到 settings.json start, progress: 10%
2025-7-24 11:01:57-debug: // ---- build task 整理部分构建选项内数据到 settings.json ----
2025-7-24 11:01:57-log: run build task 整理部分构建选项内数据到 settings.json success in √, progress: 12%
2025-7-24 11:01:57-debug: 填充脚本数据到 settings.json start, progress: 12%
2025-7-24 11:01:57-debug: [Build Memory track]: 整理部分构建选项内数据到 settings.json start:204.10MB, end 204.45MB, increase: 363.71KB
2025-7-24 11:01:57-debug: // ---- build task 填充脚本数据到 settings.json ----
2025-7-24 11:01:57-log: run build task 填充脚本数据到 settings.json success in √, progress: 13%
2025-7-24 11:01:57-debug: [Build Memory track]: 填充脚本数据到 settings.json start:204.14MB, end 204.15MB, increase: 15.54KB
2025-7-24 11:01:57-debug: // ---- build task 整理部分构建选项内数据到 settings.json ----
2025-7-24 11:01:57-debug: 整理部分构建选项内数据到 settings.json start, progress: 13%
2025-7-24 11:01:57-debug: // ---- build task 整理部分构建选项内数据到 settings.json ---- (1ms)
2025-7-24 11:01:57-log: run build task 整理部分构建选项内数据到 settings.json success in 1 ms√, progress: 15%
2025-7-24 11:01:57-debug: [Build Memory track]: 整理部分构建选项内数据到 settings.json start:204.18MB, end 204.30MB, increase: 121.99KB
2025-7-24 11:01:57-debug: Query all assets info in project
2025-7-24 11:01:57-debug: init custom config: keepNodeUuid: false, useCache: true
2025-7-24 11:01:57-debug: Skip compress image, progress: 0%
2025-7-24 11:01:57-debug: Init all bundles start..., progress: 0%
2025-7-24 11:01:57-debug: // ---- build task 查询 Asset Bundle ----
2025-7-24 11:01:57-debug: Init bundle root assets start..., progress: 0%
2025-7-24 11:01:57-debug: Num of bundles: 2..., progress: 0%
2025-7-24 11:01:57-debug: 查询 Asset Bundle start, progress: 0%
2025-7-24 11:01:57-debug: Query preload assets/scripts from cc.config.json: 60f7195c-ec2a-45eb-ba94-8955f60e81d0,1c02ae6f-4492-4915-b8f8-7492a3b1e4cd,810e96e4-e456-4468-9b59-f4e8f39732c0,efe8e2a3-eace-427b-b4f1-cb8a937ec77d,e9aa9a3e-5b2b-4ac7-a2c7-073de2b2b24f,8bbdbcdd-5cd4-4100-b6d5-b7c9625b6107,50f4348b-c883-4e2f-8f11-ce233b859fa1,fda095cb-831d-4601-ad94-846013963de8,f92806d7-1768-443f-afe8-12bcde84d0f0,dd3a144d-ab7f-41f0-82b8-2e43a090d496,f0416e68-0200-4b77-a926-4f9d16e494da,970b0598-bcb0-4714-91fb-2e81440dccd8,bcd64cc6-2dd9-43f6-abbe-66318d332032,d930590d-bb92-4cc8-8bd1-23cd027f9edf,a3cd009f-0ab0-420d-9278-b9fdab939bbc,6a2d0734-bd9e-4ddf-946e-caa52498cb75,c27215d8-6835-4b68-bfbb-bdeac6100c04,b5d6115f-0370-4d7c-aad3-c194cc71cf98,871c3b6c-7379-419d-bda3-794b239ab90d,ff9b0199-ce04-4cfe-86cc-6c719f08d6e4,de1c2107-70c8-4021-8459-6399f24d01c6,cbf30902-517f-40dc-af90-a550bac27cf1
2025-7-24 11:01:57-debug:   Number of all scenes: 1
2025-7-24 11:01:57-log: run build task 查询 Asset Bundle success in 5 ms√, progress: 5%
2025-7-24 11:01:57-debug: [Build Memory track]: 查询 Asset Bundle start:204.74MB, end 204.66MB, increase: -77.93KB
2025-7-24 11:01:57-debug: 查询 Asset Bundle start, progress: 5%
2025-7-24 11:01:57-debug: // ---- build task 查询 Asset Bundle ----
2025-7-24 11:01:57-debug:   Number of other assets: 506
2025-7-24 11:01:57-debug: Init bundle root assets success..., progress: 0%
2025-7-24 11:01:57-debug: // ---- build task 查询 Asset Bundle ---- (5ms)
2025-7-24 11:01:57-debug:   Number of all scripts: 14
2025-7-24 11:01:57-debug: // ---- build task 查询 Asset Bundle ---- (4ms)
2025-7-24 11:01:57-log: run build task 查询 Asset Bundle success in 4 ms√, progress: 10%
2025-7-24 11:01:57-debug: [Build Memory track]: 查询 Asset Bundle start:204.68MB, end 204.12MB, increase: -580.23KB
2025-7-24 11:01:57-debug: 整理部分构建选项内数据到 settings.json start, progress: 10%
2025-7-24 11:01:57-debug: // ---- build task 整理部分构建选项内数据到 settings.json ----
2025-7-24 11:01:57-debug: // ---- build task 整理部分构建选项内数据到 settings.json ---- (1ms)
2025-7-24 11:01:57-log: run build task 整理部分构建选项内数据到 settings.json success in 1 ms√, progress: 12%
2025-7-24 11:01:57-debug: [Build Memory track]: 整理部分构建选项内数据到 settings.json start:204.14MB, end 204.17MB, increase: 29.20KB
2025-7-24 11:01:57-debug: 填充脚本数据到 settings.json start, progress: 12%
2025-7-24 11:01:57-debug: // ---- build task 填充脚本数据到 settings.json ----
2025-7-24 11:01:57-log: run build task 填充脚本数据到 settings.json success in √, progress: 13%
2025-7-24 11:01:57-debug: 整理部分构建选项内数据到 settings.json start, progress: 13%
2025-7-24 11:01:57-debug: [Build Memory track]: 填充脚本数据到 settings.json start:204.20MB, end 204.21MB, increase: 13.93KB
2025-7-24 11:01:57-debug: // ---- build task 整理部分构建选项内数据到 settings.json ----
2025-7-24 11:01:57-debug: // ---- build task 整理部分构建选项内数据到 settings.json ---- (3ms)
2025-7-24 11:01:57-log: run build task 整理部分构建选项内数据到 settings.json success in 3 ms√, progress: 15%
2025-7-24 11:01:57-debug: [Build Memory track]: 整理部分构建选项内数据到 settings.json start:204.23MB, end 204.38MB, increase: 145.89KB
2025-7-24 11:01:57-debug: Query all assets info in project
2025-7-24 11:01:57-debug: init custom config: keepNodeUuid: false, useCache: true
2025-7-24 11:01:57-debug: Skip compress image, progress: 0%
2025-7-24 11:01:57-debug: Init all bundles start..., progress: 0%
2025-7-24 11:01:57-debug: Num of bundles: 2..., progress: 0%
2025-7-24 11:01:57-debug: // ---- build task 查询 Asset Bundle ----
2025-7-24 11:01:57-debug: Init bundle root assets start..., progress: 0%
2025-7-24 11:01:57-debug: 查询 Asset Bundle start, progress: 0%
2025-7-24 11:01:57-debug: Query preload assets/scripts from cc.config.json: 60f7195c-ec2a-45eb-ba94-8955f60e81d0,1c02ae6f-4492-4915-b8f8-7492a3b1e4cd,810e96e4-e456-4468-9b59-f4e8f39732c0,efe8e2a3-eace-427b-b4f1-cb8a937ec77d,e9aa9a3e-5b2b-4ac7-a2c7-073de2b2b24f,8bbdbcdd-5cd4-4100-b6d5-b7c9625b6107,50f4348b-c883-4e2f-8f11-ce233b859fa1,fda095cb-831d-4601-ad94-846013963de8,f92806d7-1768-443f-afe8-12bcde84d0f0,dd3a144d-ab7f-41f0-82b8-2e43a090d496,f0416e68-0200-4b77-a926-4f9d16e494da,970b0598-bcb0-4714-91fb-2e81440dccd8,bcd64cc6-2dd9-43f6-abbe-66318d332032,d930590d-bb92-4cc8-8bd1-23cd027f9edf,a3cd009f-0ab0-420d-9278-b9fdab939bbc,6a2d0734-bd9e-4ddf-946e-caa52498cb75,c27215d8-6835-4b68-bfbb-bdeac6100c04,b5d6115f-0370-4d7c-aad3-c194cc71cf98,871c3b6c-7379-419d-bda3-794b239ab90d,ff9b0199-ce04-4cfe-86cc-6c719f08d6e4,de1c2107-70c8-4021-8459-6399f24d01c6,cbf30902-517f-40dc-af90-a550bac27cf1
2025-7-24 11:01:57-debug:   Number of all scenes: 1
2025-7-24 11:01:57-debug:   Number of other assets: 506
2025-7-24 11:01:57-debug: Init bundle root assets success..., progress: 0%
2025-7-24 11:01:57-debug:   Number of all scripts: 14
2025-7-24 11:01:57-log: run build task 查询 Asset Bundle success in 3 ms√, progress: 5%
2025-7-24 11:01:57-debug: [Build Memory track]: 查询 Asset Bundle start:204.78MB, end 204.56MB, increase: -225.26KB
2025-7-24 11:01:57-debug: // ---- build task 查询 Asset Bundle ---- (3ms)
2025-7-24 11:01:57-debug: 查询 Asset Bundle start, progress: 5%
2025-7-24 11:01:57-debug: // ---- build task 查询 Asset Bundle ----
2025-7-24 11:01:57-debug: // ---- build task 查询 Asset Bundle ---- (3ms)
2025-7-24 11:01:57-log: run build task 查询 Asset Bundle success in 3 ms√, progress: 10%
2025-7-24 11:01:57-debug: 整理部分构建选项内数据到 settings.json start, progress: 10%
2025-7-24 11:01:57-debug: [Build Memory track]: 查询 Asset Bundle start:204.59MB, end 204.69MB, increase: 110.55KB
2025-7-24 11:01:57-debug: // ---- build task 整理部分构建选项内数据到 settings.json ----
2025-7-24 11:01:57-log: run build task 整理部分构建选项内数据到 settings.json success in √, progress: 12%
2025-7-24 11:01:57-debug: 填充脚本数据到 settings.json start, progress: 12%
2025-7-24 11:01:57-debug: [Build Memory track]: 整理部分构建选项内数据到 settings.json start:204.72MB, end 204.74MB, increase: 21.62KB
2025-7-24 11:01:57-debug: // ---- build task 填充脚本数据到 settings.json ----
2025-7-24 11:01:57-debug: // ---- build task 填充脚本数据到 settings.json ---- (1ms)
2025-7-24 11:01:57-log: run build task 填充脚本数据到 settings.json success in 1 ms√, progress: 13%
2025-7-24 11:01:57-debug: 整理部分构建选项内数据到 settings.json start, progress: 13%
2025-7-24 11:01:57-debug: [Build Memory track]: 填充脚本数据到 settings.json start:204.76MB, end 204.79MB, increase: 22.62KB
2025-7-24 11:01:57-debug: // ---- build task 整理部分构建选项内数据到 settings.json ----
2025-7-24 11:01:57-debug: // ---- build task 整理部分构建选项内数据到 settings.json ---- (3ms)
2025-7-24 11:01:57-log: run build task 整理部分构建选项内数据到 settings.json success in 3 ms√, progress: 15%
2025-7-24 11:01:57-debug: [Build Memory track]: 整理部分构建选项内数据到 settings.json start:204.81MB, end 204.23MB, increase: -593.67KB
2025-7-24 11:03:34-debug: refresh db internal success
2025-7-24 11:03:34-debug: refresh db assets success
2025-7-24 11:03:34-debug: Run asset db hook engine-extends:afterRefresh ...
2025-7-24 11:03:34-debug: Run asset db hook engine-extends:afterRefresh success!
2025-7-24 11:03:34-debug: asset-db:refresh-all-database (50ms)
2025-7-24 11:03:34-debug: asset-db:worker-effect-data-processing (1ms)
2025-7-24 11:03:34-debug: asset-db-hook-engine-extends-afterRefresh (2ms)
2025-7-24 11:04:11-debug: Query all assets info in project
2025-7-24 11:04:11-debug: init custom config: keepNodeUuid: false, useCache: true
2025-7-24 11:04:11-debug: Skip compress image, progress: 0%
2025-7-24 11:04:11-debug: Init all bundles start..., progress: 0%
2025-7-24 11:04:11-debug: 查询 Asset Bundle start, progress: 0%
2025-7-24 11:04:11-debug: Num of bundles: 2..., progress: 0%
2025-7-24 11:04:11-debug: Init bundle root assets start..., progress: 0%
2025-7-24 11:04:11-debug: // ---- build task 查询 Asset Bundle ----
2025-7-24 11:04:11-debug: Query preload assets/scripts from cc.config.json: 60f7195c-ec2a-45eb-ba94-8955f60e81d0,1c02ae6f-4492-4915-b8f8-7492a3b1e4cd,810e96e4-e456-4468-9b59-f4e8f39732c0,efe8e2a3-eace-427b-b4f1-cb8a937ec77d,e9aa9a3e-5b2b-4ac7-a2c7-073de2b2b24f,8bbdbcdd-5cd4-4100-b6d5-b7c9625b6107,50f4348b-c883-4e2f-8f11-ce233b859fa1,fda095cb-831d-4601-ad94-846013963de8,f92806d7-1768-443f-afe8-12bcde84d0f0,dd3a144d-ab7f-41f0-82b8-2e43a090d496,f0416e68-0200-4b77-a926-4f9d16e494da,970b0598-bcb0-4714-91fb-2e81440dccd8,bcd64cc6-2dd9-43f6-abbe-66318d332032,d930590d-bb92-4cc8-8bd1-23cd027f9edf,a3cd009f-0ab0-420d-9278-b9fdab939bbc,6a2d0734-bd9e-4ddf-946e-caa52498cb75,c27215d8-6835-4b68-bfbb-bdeac6100c04,b5d6115f-0370-4d7c-aad3-c194cc71cf98,871c3b6c-7379-419d-bda3-794b239ab90d,ff9b0199-ce04-4cfe-86cc-6c719f08d6e4,de1c2107-70c8-4021-8459-6399f24d01c6,cbf30902-517f-40dc-af90-a550bac27cf1
2025-7-24 11:04:11-debug: Init bundle root assets success..., progress: 0%
2025-7-24 11:04:11-debug:   Number of all scenes: 1
2025-7-24 11:04:11-debug:   Number of all scripts: 14
2025-7-24 11:04:11-debug:   Number of other assets: 506
2025-7-24 11:04:11-debug: // ---- build task 查询 Asset Bundle ---- (2ms)
2025-7-24 11:04:11-log: run build task 查询 Asset Bundle success in 2 ms√, progress: 5%
2025-7-24 11:04:11-debug: [Build Memory track]: 查询 Asset Bundle start:205.35MB, end 205.04MB, increase: -316.70KB
2025-7-24 11:04:11-debug: // ---- build task 查询 Asset Bundle ----
2025-7-24 11:04:11-debug: 查询 Asset Bundle start, progress: 5%
2025-7-24 11:04:11-log: run build task 查询 Asset Bundle success in √, progress: 10%
2025-7-24 11:04:11-debug: [Build Memory track]: 查询 Asset Bundle start:205.07MB, end 205.19MB, increase: 125.00KB
2025-7-24 11:04:11-debug: 整理部分构建选项内数据到 settings.json start, progress: 10%
2025-7-24 11:04:11-debug: // ---- build task 整理部分构建选项内数据到 settings.json ----
2025-7-24 11:04:11-log: run build task 整理部分构建选项内数据到 settings.json success in √, progress: 12%
2025-7-24 11:04:11-debug: 填充脚本数据到 settings.json start, progress: 12%
2025-7-24 11:04:11-debug: // ---- build task 填充脚本数据到 settings.json ----
2025-7-24 11:04:11-debug: [Build Memory track]: 整理部分构建选项内数据到 settings.json start:205.21MB, end 205.23MB, increase: 14.77KB
2025-7-24 11:04:11-log: run build task 填充脚本数据到 settings.json success in √, progress: 13%
2025-7-24 11:04:11-debug: [Build Memory track]: 填充脚本数据到 settings.json start:205.25MB, end 205.27MB, increase: 14.61KB
2025-7-24 11:04:11-debug: // ---- build task 整理部分构建选项内数据到 settings.json ----
2025-7-24 11:04:11-debug: 整理部分构建选项内数据到 settings.json start, progress: 13%
2025-7-24 11:04:11-debug: // ---- build task 整理部分构建选项内数据到 settings.json ---- (1ms)
2025-7-24 11:04:11-debug: [Build Memory track]: 整理部分构建选项内数据到 settings.json start:205.29MB, end 205.41MB, increase: 122.02KB
2025-7-24 11:04:11-log: run build task 整理部分构建选项内数据到 settings.json success in 1 ms√, progress: 15%
2025-7-24 11:05:49-debug: %cImport%c: /Users/zhao/Desktop/test/cocos-creator/PlaneFight/assets/Prefabs/enemy0.prefabbackground: #aaff85; color: #000;color: #000;
2025-7-24 11:05:49-debug: asset-db:reimport-asset1983cab6-6af2-4c36-90da-682e683ae01a (10ms)
2025-7-24 11:05:51-debug: %cImport%c: /Users/zhao/Desktop/test/cocos-creator/PlaneFight/assets/Prefabs/enemy0.prefabbackground: #aaff85; color: #000;color: #000;
2025-7-24 11:05:51-debug: asset-db:reimport-asset1983cab6-6af2-4c36-90da-682e683ae01a (1ms)
2025-7-24 11:05:52-debug: refresh db internal success
2025-7-24 11:05:52-debug: refresh db assets success
2025-7-24 11:05:52-debug: Run asset db hook engine-extends:afterRefresh ...
2025-7-24 11:05:52-debug: Run asset db hook engine-extends:afterRefresh success!
2025-7-24 11:05:52-debug: asset-db:refresh-all-database (37ms)
2025-7-24 11:05:52-debug: asset-db:worker-effect-data-processing (1ms)
2025-7-24 11:05:52-debug: asset-db-hook-engine-extends-afterRefresh (1ms)
2025-7-24 11:05:53-debug: Query all assets info in project
2025-7-24 11:05:53-debug: init custom config: keepNodeUuid: false, useCache: true
2025-7-24 11:05:53-debug: Skip compress image, progress: 0%
2025-7-24 11:05:53-debug: Init all bundles start..., progress: 0%
2025-7-24 11:05:53-debug: Num of bundles: 2..., progress: 0%
2025-7-24 11:05:53-debug: 查询 Asset Bundle start, progress: 0%
2025-7-24 11:05:53-debug: // ---- build task 查询 Asset Bundle ----
2025-7-24 11:05:53-debug: Init bundle root assets start..., progress: 0%
2025-7-24 11:05:53-debug: Query preload assets/scripts from cc.config.json: 60f7195c-ec2a-45eb-ba94-8955f60e81d0,1c02ae6f-4492-4915-b8f8-7492a3b1e4cd,810e96e4-e456-4468-9b59-f4e8f39732c0,efe8e2a3-eace-427b-b4f1-cb8a937ec77d,e9aa9a3e-5b2b-4ac7-a2c7-073de2b2b24f,8bbdbcdd-5cd4-4100-b6d5-b7c9625b6107,50f4348b-c883-4e2f-8f11-ce233b859fa1,fda095cb-831d-4601-ad94-846013963de8,f92806d7-1768-443f-afe8-12bcde84d0f0,dd3a144d-ab7f-41f0-82b8-2e43a090d496,f0416e68-0200-4b77-a926-4f9d16e494da,970b0598-bcb0-4714-91fb-2e81440dccd8,bcd64cc6-2dd9-43f6-abbe-66318d332032,d930590d-bb92-4cc8-8bd1-23cd027f9edf,a3cd009f-0ab0-420d-9278-b9fdab939bbc,6a2d0734-bd9e-4ddf-946e-caa52498cb75,c27215d8-6835-4b68-bfbb-bdeac6100c04,b5d6115f-0370-4d7c-aad3-c194cc71cf98,871c3b6c-7379-419d-bda3-794b239ab90d,ff9b0199-ce04-4cfe-86cc-6c719f08d6e4,de1c2107-70c8-4021-8459-6399f24d01c6,cbf30902-517f-40dc-af90-a550bac27cf1
2025-7-24 11:05:53-debug:   Number of all scripts: 14
2025-7-24 11:05:53-debug:   Number of all scenes: 1
2025-7-24 11:05:53-debug:   Number of other assets: 506
2025-7-24 11:05:53-debug: Init bundle root assets success..., progress: 0%
2025-7-24 11:05:53-debug: // ---- build task 查询 Asset Bundle ---- (1ms)
2025-7-24 11:05:53-log: run build task 查询 Asset Bundle success in 1 ms√, progress: 5%
2025-7-24 11:05:53-debug: 查询 Asset Bundle start, progress: 5%
2025-7-24 11:05:53-debug: // ---- build task 查询 Asset Bundle ----
2025-7-24 11:05:53-debug: [Build Memory track]: 查询 Asset Bundle start:205.55MB, end 206.20MB, increase: 663.76KB
2025-7-24 11:05:53-log: run build task 查询 Asset Bundle success in √, progress: 10%
2025-7-24 11:05:53-debug: [Build Memory track]: 查询 Asset Bundle start:206.22MB, end 205.53MB, increase: -711.24KB
2025-7-24 11:05:53-debug: 整理部分构建选项内数据到 settings.json start, progress: 10%
2025-7-24 11:05:53-debug: // ---- build task 整理部分构建选项内数据到 settings.json ----
2025-7-24 11:05:53-log: run build task 整理部分构建选项内数据到 settings.json success in √, progress: 12%
2025-7-24 11:05:53-debug: [Build Memory track]: 整理部分构建选项内数据到 settings.json start:205.55MB, end 205.57MB, increase: 14.54KB
2025-7-24 11:05:53-debug: 填充脚本数据到 settings.json start, progress: 12%
2025-7-24 11:05:53-debug: // ---- build task 填充脚本数据到 settings.json ----
2025-7-24 11:05:53-log: run build task 填充脚本数据到 settings.json success in √, progress: 13%
2025-7-24 11:05:53-debug: [Build Memory track]: 填充脚本数据到 settings.json start:205.59MB, end 205.61MB, increase: 14.98KB
2025-7-24 11:05:53-debug: 整理部分构建选项内数据到 settings.json start, progress: 13%
2025-7-24 11:05:53-debug: // ---- build task 整理部分构建选项内数据到 settings.json ----
2025-7-24 11:05:53-debug: // ---- build task 整理部分构建选项内数据到 settings.json ---- (1ms)
2025-7-24 11:05:53-log: run build task 整理部分构建选项内数据到 settings.json success in 1 ms√, progress: 15%
2025-7-24 11:05:53-debug: [Build Memory track]: 整理部分构建选项内数据到 settings.json start:205.63MB, end 205.77MB, increase: 138.25KB
2025-7-24 11:06:12-debug: refresh db internal success
2025-7-24 11:06:12-debug: refresh db assets success
2025-7-24 11:06:12-debug: Run asset db hook engine-extends:afterRefresh ...
2025-7-24 11:06:12-debug: Run asset db hook engine-extends:afterRefresh success!
2025-7-24 11:06:12-debug: asset-db:refresh-all-database (18ms)
2025-7-24 11:06:12-debug: asset-db:worker-effect-data-processing (2ms)
2025-7-24 11:06:12-debug: asset-db-hook-engine-extends-afterRefresh (2ms)
2025-7-24 11:06:51-debug: refresh db internal success
2025-7-24 11:06:51-debug: %cImport%c: /Users/zhao/Desktop/test/cocos-creator/PlaneFight/assets/Scripts/Enemy.tsbackground: #aaff85; color: #000;color: #000;
2025-7-24 11:06:51-debug: refresh db assets success
2025-7-24 11:06:51-debug: Run asset db hook engine-extends:afterRefresh success!
2025-7-24 11:06:51-debug: Run asset db hook engine-extends:afterRefresh ...
2025-7-24 11:06:51-debug: asset-db:refresh-all-database (29ms)
2025-7-24 11:06:51-debug: asset-db-hook-engine-extends-afterRefresh (1ms)
2025-7-24 11:06:51-debug: asset-db:worker-effect-data-processing (1ms)
2025-7-24 11:06:52-debug: Query all assets info in project
2025-7-24 11:06:52-debug: init custom config: keepNodeUuid: false, useCache: true
2025-7-24 11:06:52-debug: Skip compress image, progress: 0%
2025-7-24 11:06:52-debug: Init all bundles start..., progress: 0%
2025-7-24 11:06:52-debug: Num of bundles: 2..., progress: 0%
2025-7-24 11:06:52-debug: Init bundle root assets start..., progress: 0%
2025-7-24 11:06:52-debug: // ---- build task 查询 Asset Bundle ----
2025-7-24 11:06:52-debug: 查询 Asset Bundle start, progress: 0%
2025-7-24 11:06:52-debug: Query preload assets/scripts from cc.config.json: 60f7195c-ec2a-45eb-ba94-8955f60e81d0,1c02ae6f-4492-4915-b8f8-7492a3b1e4cd,810e96e4-e456-4468-9b59-f4e8f39732c0,efe8e2a3-eace-427b-b4f1-cb8a937ec77d,e9aa9a3e-5b2b-4ac7-a2c7-073de2b2b24f,8bbdbcdd-5cd4-4100-b6d5-b7c9625b6107,50f4348b-c883-4e2f-8f11-ce233b859fa1,fda095cb-831d-4601-ad94-846013963de8,f92806d7-1768-443f-afe8-12bcde84d0f0,dd3a144d-ab7f-41f0-82b8-2e43a090d496,f0416e68-0200-4b77-a926-4f9d16e494da,970b0598-bcb0-4714-91fb-2e81440dccd8,bcd64cc6-2dd9-43f6-abbe-66318d332032,d930590d-bb92-4cc8-8bd1-23cd027f9edf,a3cd009f-0ab0-420d-9278-b9fdab939bbc,6a2d0734-bd9e-4ddf-946e-caa52498cb75,c27215d8-6835-4b68-bfbb-bdeac6100c04,b5d6115f-0370-4d7c-aad3-c194cc71cf98,871c3b6c-7379-419d-bda3-794b239ab90d,ff9b0199-ce04-4cfe-86cc-6c719f08d6e4,de1c2107-70c8-4021-8459-6399f24d01c6,cbf30902-517f-40dc-af90-a550bac27cf1
2025-7-24 11:06:52-debug:   Number of all scenes: 1
2025-7-24 11:06:52-debug:   Number of other assets: 506
2025-7-24 11:06:52-debug: Init bundle root assets success..., progress: 0%
2025-7-24 11:06:52-debug:   Number of all scripts: 14
2025-7-24 11:06:52-debug: // ---- build task 查询 Asset Bundle ---- (18ms)
2025-7-24 11:06:52-log: run build task 查询 Asset Bundle success in 18 ms√, progress: 5%
2025-7-24 11:06:52-debug: 查询 Asset Bundle start, progress: 5%
2025-7-24 11:06:52-debug: // ---- build task 查询 Asset Bundle ----
2025-7-24 11:06:52-debug: [Build Memory track]: 查询 Asset Bundle start:206.78MB, end 206.54MB, increase: -244.11KB
2025-7-24 11:06:52-log: run build task 查询 Asset Bundle success in 5 ms√, progress: 10%
2025-7-24 11:06:52-debug: 整理部分构建选项内数据到 settings.json start, progress: 10%
2025-7-24 11:06:52-debug: [Build Memory track]: 整理部分构建选项内数据到 settings.json start:206.69MB, end 206.71MB, increase: 20.83KB
2025-7-24 11:06:52-log: run build task 整理部分构建选项内数据到 settings.json success in 1 ms√, progress: 12%
2025-7-24 11:06:52-debug: 填充脚本数据到 settings.json start, progress: 12%
2025-7-24 11:06:52-debug: // ---- build task 填充脚本数据到 settings.json ----
2025-7-24 11:06:52-debug: // ---- build task 查询 Asset Bundle ---- (5ms)
2025-7-24 11:06:52-debug: [Build Memory track]: 查询 Asset Bundle start:206.56MB, end 206.67MB, increase: 108.05KB
2025-7-24 11:06:52-debug: // ---- build task 整理部分构建选项内数据到 settings.json ----
2025-7-24 11:06:52-debug: // ---- build task 填充脚本数据到 settings.json ---- (10ms)
2025-7-24 11:06:52-log: run build task 填充脚本数据到 settings.json success in 10 ms√, progress: 13%
2025-7-24 11:06:52-debug: 整理部分构建选项内数据到 settings.json start, progress: 13%
2025-7-24 11:06:52-debug: // ---- build task 整理部分构建选项内数据到 settings.json ----
2025-7-24 11:06:52-debug: // ---- build task 整理部分构建选项内数据到 settings.json ---- (1ms)
2025-7-24 11:06:52-debug: [Build Memory track]: 填充脚本数据到 settings.json start:206.74MB, end 206.76MB, increase: 25.85KB
2025-7-24 11:06:52-debug: // ---- build task 整理部分构建选项内数据到 settings.json ---- (18ms)
2025-7-24 11:06:52-log: run build task 整理部分构建选项内数据到 settings.json success in 18 ms√, progress: 15%
2025-7-24 11:06:52-debug: [Build Memory track]: 整理部分构建选项内数据到 settings.json start:206.79MB, end 206.91MB, increase: 122.77KB
2025-7-24 11:06:52-debug: Query all assets info in project
2025-7-24 11:06:52-debug: init custom config: keepNodeUuid: false, useCache: true
2025-7-24 11:06:52-debug: Skip compress image, progress: 0%
2025-7-24 11:06:52-debug: Init all bundles start..., progress: 0%
2025-7-24 11:06:52-debug: Num of bundles: 2..., progress: 0%
2025-7-24 11:06:52-debug: 查询 Asset Bundle start, progress: 0%
2025-7-24 11:06:52-debug: // ---- build task 查询 Asset Bundle ----
2025-7-24 11:06:52-debug: Init bundle root assets start..., progress: 0%
2025-7-24 11:06:52-debug: Query preload assets/scripts from cc.config.json: 60f7195c-ec2a-45eb-ba94-8955f60e81d0,1c02ae6f-4492-4915-b8f8-7492a3b1e4cd,810e96e4-e456-4468-9b59-f4e8f39732c0,efe8e2a3-eace-427b-b4f1-cb8a937ec77d,e9aa9a3e-5b2b-4ac7-a2c7-073de2b2b24f,8bbdbcdd-5cd4-4100-b6d5-b7c9625b6107,50f4348b-c883-4e2f-8f11-ce233b859fa1,fda095cb-831d-4601-ad94-846013963de8,f92806d7-1768-443f-afe8-12bcde84d0f0,dd3a144d-ab7f-41f0-82b8-2e43a090d496,f0416e68-0200-4b77-a926-4f9d16e494da,970b0598-bcb0-4714-91fb-2e81440dccd8,bcd64cc6-2dd9-43f6-abbe-66318d332032,d930590d-bb92-4cc8-8bd1-23cd027f9edf,a3cd009f-0ab0-420d-9278-b9fdab939bbc,6a2d0734-bd9e-4ddf-946e-caa52498cb75,c27215d8-6835-4b68-bfbb-bdeac6100c04,b5d6115f-0370-4d7c-aad3-c194cc71cf98,871c3b6c-7379-419d-bda3-794b239ab90d,ff9b0199-ce04-4cfe-86cc-6c719f08d6e4,de1c2107-70c8-4021-8459-6399f24d01c6,cbf30902-517f-40dc-af90-a550bac27cf1
2025-7-24 11:06:52-debug:   Number of all scenes: 1
2025-7-24 11:06:52-debug:   Number of all scripts: 14
2025-7-24 11:06:52-debug:   Number of other assets: 506
2025-7-24 11:06:52-debug: Init bundle root assets success..., progress: 0%
2025-7-24 11:06:52-log: run build task 查询 Asset Bundle success in 7 ms√, progress: 5%
2025-7-24 11:06:52-debug: [Build Memory track]: 查询 Asset Bundle start:207.25MB, end 207.13MB, increase: -122.57KB
2025-7-24 11:06:52-debug: 查询 Asset Bundle start, progress: 5%
2025-7-24 11:06:52-debug: // ---- build task 查询 Asset Bundle ----
2025-7-24 11:06:52-debug: // ---- build task 查询 Asset Bundle ---- (7ms)
2025-7-24 11:06:52-debug: // ---- build task 查询 Asset Bundle ---- (1ms)
2025-7-24 11:06:52-log: run build task 查询 Asset Bundle success in 1 ms√, progress: 10%
2025-7-24 11:06:52-debug: [Build Memory track]: 查询 Asset Bundle start:207.16MB, end 207.26MB, increase: 105.68KB
2025-7-24 11:06:52-debug: 整理部分构建选项内数据到 settings.json start, progress: 10%
2025-7-24 11:06:52-debug: // ---- build task 整理部分构建选项内数据到 settings.json ----
2025-7-24 11:06:52-log: run build task 整理部分构建选项内数据到 settings.json success in √, progress: 12%
2025-7-24 11:06:52-debug: [Build Memory track]: 整理部分构建选项内数据到 settings.json start:207.29MB, end 206.56MB, increase: -748.41KB
2025-7-24 11:06:52-debug: 填充脚本数据到 settings.json start, progress: 12%
2025-7-24 11:06:52-debug: // ---- build task 填充脚本数据到 settings.json ----
2025-7-24 11:06:52-debug: // ---- build task 填充脚本数据到 settings.json ---- (1ms)
2025-7-24 11:06:52-log: run build task 填充脚本数据到 settings.json success in 1 ms√, progress: 13%
2025-7-24 11:06:52-debug: [Build Memory track]: 填充脚本数据到 settings.json start:206.58MB, end 206.60MB, increase: 23.13KB
2025-7-24 11:06:52-debug: 整理部分构建选项内数据到 settings.json start, progress: 13%
2025-7-24 11:06:52-debug: // ---- build task 整理部分构建选项内数据到 settings.json ----
2025-7-24 11:06:52-log: run build task 整理部分构建选项内数据到 settings.json success in 3 ms√, progress: 15%
2025-7-24 11:06:52-debug: [Build Memory track]: 整理部分构建选项内数据到 settings.json start:206.63MB, end 206.75MB, increase: 123.98KB
2025-7-24 11:06:52-debug: // ---- build task 整理部分构建选项内数据到 settings.json ---- (3ms)
2025-7-24 11:06:54-debug: refresh db internal success
2025-7-24 11:06:54-debug: refresh db assets success
2025-7-24 11:06:54-debug: Run asset db hook engine-extends:afterRefresh ...
2025-7-24 11:06:54-debug: Run asset db hook engine-extends:afterRefresh success!
2025-7-24 11:06:54-debug: asset-db:refresh-all-database (28ms)
2025-7-24 11:06:54-debug: asset-db:worker-effect-data-processing (1ms)
2025-7-24 11:06:54-debug: asset-db-hook-engine-extends-afterRefresh (1ms)
2025-7-24 11:07:00-debug: %cImport%c: /Users/zhao/Desktop/test/cocos-creator/PlaneFight/assets/Prefabs/enemy0.prefabbackground: #aaff85; color: #000;color: #000;
2025-7-24 11:07:00-debug: asset-db:reimport-asset1983cab6-6af2-4c36-90da-682e683ae01a (2ms)
2025-7-24 11:07:25-debug: refresh db internal success
2025-7-24 11:07:25-debug: refresh db assets success
2025-7-24 11:07:25-debug: Run asset db hook engine-extends:afterRefresh ...
2025-7-24 11:07:25-debug: Run asset db hook engine-extends:afterRefresh success!
2025-7-24 11:07:25-debug: asset-db:refresh-all-database (30ms)
2025-7-24 11:07:25-debug: asset-db:worker-effect-data-processing (1ms)
2025-7-24 11:07:25-debug: asset-db-hook-engine-extends-afterRefresh (1ms)
2025-7-24 11:07:42-debug: refresh db internal success
2025-7-24 11:07:42-debug: Run asset db hook engine-extends:afterRefresh ...
2025-7-24 11:07:42-debug: refresh db assets success
2025-7-24 11:07:42-debug: Run asset db hook engine-extends:afterRefresh success!
2025-7-24 11:07:42-debug: asset-db:refresh-all-database (29ms)
2025-7-24 11:07:42-debug: asset-db:worker-effect-data-processing (2ms)
2025-7-24 11:07:42-debug: asset-db-hook-engine-extends-afterRefresh (2ms)
2025-7-24 11:07:46-debug: refresh db internal success
2025-7-24 11:07:46-debug: refresh db assets success
2025-7-24 11:07:46-debug: Run asset db hook engine-extends:afterRefresh ...
2025-7-24 11:07:46-debug: Run asset db hook engine-extends:afterRefresh success!
2025-7-24 11:07:46-debug: asset-db:refresh-all-database (26ms)
2025-7-24 11:07:46-debug: asset-db-hook-engine-extends-afterRefresh (1ms)
2025-7-24 11:07:48-debug: refresh db internal success
2025-7-24 11:07:48-debug: refresh db assets success
2025-7-24 11:07:48-debug: Run asset db hook engine-extends:afterRefresh ...
2025-7-24 11:07:48-debug: Run asset db hook engine-extends:afterRefresh success!
2025-7-24 11:07:48-debug: asset-db:refresh-all-database (27ms)
2025-7-24 11:07:48-debug: asset-db:worker-effect-data-processing (1ms)
2025-7-24 11:07:48-debug: asset-db-hook-engine-extends-afterRefresh (1ms)
2025-7-24 11:07:54-debug: refresh db internal success
2025-7-24 11:07:54-debug: refresh db assets success
2025-7-24 11:07:54-debug: Run asset db hook engine-extends:afterRefresh ...
2025-7-24 11:07:54-debug: Run asset db hook engine-extends:afterRefresh success!
2025-7-24 11:07:54-debug: asset-db:refresh-all-database (19ms)
2025-7-24 11:07:54-debug: asset-db:worker-effect-data-processing (1ms)
2025-7-24 11:07:54-debug: asset-db-hook-engine-extends-afterRefresh (1ms)
2025-7-24 11:07:59-debug: refresh db internal success
2025-7-24 11:07:59-debug: refresh db assets success
2025-7-24 11:07:59-debug: Run asset db hook engine-extends:afterRefresh ...
2025-7-24 11:07:59-debug: Run asset db hook engine-extends:afterRefresh success!
2025-7-24 11:07:59-debug: asset-db:refresh-all-database (26ms)
2025-7-24 11:07:59-debug: asset-db:worker-effect-data-processing (1ms)
2025-7-24 11:07:59-debug: asset-db-hook-engine-extends-afterRefresh (1ms)
2025-7-24 11:08:41-debug: refresh db internal success
2025-7-24 11:08:41-debug: %cImport%c: /Users/zhao/Desktop/test/cocos-creator/PlaneFight/assets/Scripts/Enemy.tsbackground: #aaff85; color: #000;color: #000;
2025-7-24 11:08:41-debug: refresh db assets success
2025-7-24 11:08:41-debug: Run asset db hook engine-extends:afterRefresh ...
2025-7-24 11:08:41-debug: Run asset db hook engine-extends:afterRefresh success!
2025-7-24 11:08:41-debug: asset-db:refresh-all-database (41ms)
2025-7-24 11:08:41-debug: asset-db:worker-effect-data-processing (1ms)
2025-7-24 11:08:41-debug: asset-db-hook-engine-extends-afterRefresh (1ms)
2025-7-24 11:08:42-debug: %cImport%c: /Users/zhao/Desktop/test/cocos-creator/PlaneFight/assets/Scenes/Start.scenebackground: #aaff85; color: #000;color: #000;
2025-7-24 11:08:42-debug: asset-db:reimport-asset2fda4d65-a1e9-4078-8250-de49b04cdc34 (8ms)
2025-7-24 11:08:42-debug: Query all assets info in project
2025-7-24 11:08:42-debug: init custom config: keepNodeUuid: false, useCache: true
2025-7-24 11:08:42-debug: Skip compress image, progress: 0%
2025-7-24 11:08:42-debug: Init all bundles start..., progress: 0%
2025-7-24 11:08:42-debug: 查询 Asset Bundle start, progress: 0%
2025-7-24 11:08:42-debug: Init bundle root assets start..., progress: 0%
2025-7-24 11:08:42-debug: Num of bundles: 2..., progress: 0%
2025-7-24 11:08:42-debug: // ---- build task 查询 Asset Bundle ----
2025-7-24 11:08:42-debug: Query preload assets/scripts from cc.config.json: 60f7195c-ec2a-45eb-ba94-8955f60e81d0,1c02ae6f-4492-4915-b8f8-7492a3b1e4cd,810e96e4-e456-4468-9b59-f4e8f39732c0,efe8e2a3-eace-427b-b4f1-cb8a937ec77d,e9aa9a3e-5b2b-4ac7-a2c7-073de2b2b24f,8bbdbcdd-5cd4-4100-b6d5-b7c9625b6107,50f4348b-c883-4e2f-8f11-ce233b859fa1,fda095cb-831d-4601-ad94-846013963de8,f92806d7-1768-443f-afe8-12bcde84d0f0,dd3a144d-ab7f-41f0-82b8-2e43a090d496,f0416e68-0200-4b77-a926-4f9d16e494da,970b0598-bcb0-4714-91fb-2e81440dccd8,bcd64cc6-2dd9-43f6-abbe-66318d332032,d930590d-bb92-4cc8-8bd1-23cd027f9edf,a3cd009f-0ab0-420d-9278-b9fdab939bbc,6a2d0734-bd9e-4ddf-946e-caa52498cb75,c27215d8-6835-4b68-bfbb-bdeac6100c04,b5d6115f-0370-4d7c-aad3-c194cc71cf98,871c3b6c-7379-419d-bda3-794b239ab90d,ff9b0199-ce04-4cfe-86cc-6c719f08d6e4,de1c2107-70c8-4021-8459-6399f24d01c6,cbf30902-517f-40dc-af90-a550bac27cf1
2025-7-24 11:08:42-debug: Init bundle root assets success..., progress: 0%
2025-7-24 11:08:42-debug:   Number of other assets: 506
2025-7-24 11:08:42-debug: // ---- build task 查询 Asset Bundle ----
2025-7-24 11:08:42-debug: [Build Memory track]: 查询 Asset Bundle start:209.92MB, end 209.62MB, increase: -302.55KB
2025-7-24 11:08:42-debug:   Number of all scripts: 14
2025-7-24 11:08:42-debug:   Number of all scenes: 1
2025-7-24 11:08:42-debug: // ---- build task 查询 Asset Bundle ---- (16ms)
2025-7-24 11:08:42-log: run build task 查询 Asset Bundle success in 16 ms√, progress: 5%
2025-7-24 11:08:42-debug: 查询 Asset Bundle start, progress: 5%
2025-7-24 11:08:42-debug: // ---- build task 查询 Asset Bundle ---- (4ms)
2025-7-24 11:08:42-log: run build task 查询 Asset Bundle success in 4 ms√, progress: 10%
2025-7-24 11:08:42-debug: [Build Memory track]: 查询 Asset Bundle start:209.65MB, end 209.75MB, increase: 107.55KB
2025-7-24 11:08:42-debug: 整理部分构建选项内数据到 settings.json start, progress: 10%
2025-7-24 11:08:42-debug: // ---- build task 整理部分构建选项内数据到 settings.json ----
2025-7-24 11:08:42-debug: // ---- build task 整理部分构建选项内数据到 settings.json ---- (1ms)
2025-7-24 11:08:42-log: run build task 整理部分构建选项内数据到 settings.json success in 1 ms√, progress: 12%
2025-7-24 11:08:42-debug: [Build Memory track]: 整理部分构建选项内数据到 settings.json start:209.77MB, end 209.80MB, increase: 23.70KB
2025-7-24 11:08:42-debug: 填充脚本数据到 settings.json start, progress: 12%
2025-7-24 11:08:42-debug: // ---- build task 填充脚本数据到 settings.json ----
2025-7-24 11:08:42-debug: // ---- build task 填充脚本数据到 settings.json ---- (1ms)
2025-7-24 11:08:42-log: run build task 填充脚本数据到 settings.json success in 1 ms√, progress: 13%
2025-7-24 11:08:42-debug: 整理部分构建选项内数据到 settings.json start, progress: 13%
2025-7-24 11:08:42-debug: [Build Memory track]: 填充脚本数据到 settings.json start:209.82MB, end 209.84MB, increase: 22.46KB
2025-7-24 11:08:42-debug: // ---- build task 整理部分构建选项内数据到 settings.json ----
2025-7-24 11:08:42-debug: // ---- build task 整理部分构建选项内数据到 settings.json ---- (5ms)
2025-7-24 11:08:42-log: run build task 整理部分构建选项内数据到 settings.json success in 5 ms√, progress: 15%
2025-7-24 11:08:42-debug: [Build Memory track]: 整理部分构建选项内数据到 settings.json start:209.87MB, end 209.99MB, increase: 122.47KB
2025-7-24 11:08:42-debug: Query all assets info in project
2025-7-24 11:08:42-debug: init custom config: keepNodeUuid: false, useCache: true
2025-7-24 11:08:42-debug: Skip compress image, progress: 0%
2025-7-24 11:08:42-debug: Init all bundles start..., progress: 0%
2025-7-24 11:08:42-debug: // ---- build task 查询 Asset Bundle ----
2025-7-24 11:08:42-debug: 查询 Asset Bundle start, progress: 0%
2025-7-24 11:08:42-debug: Init bundle root assets start..., progress: 0%
2025-7-24 11:08:42-debug: Num of bundles: 2..., progress: 0%
2025-7-24 11:08:42-debug: Query preload assets/scripts from cc.config.json: 60f7195c-ec2a-45eb-ba94-8955f60e81d0,1c02ae6f-4492-4915-b8f8-7492a3b1e4cd,810e96e4-e456-4468-9b59-f4e8f39732c0,efe8e2a3-eace-427b-b4f1-cb8a937ec77d,e9aa9a3e-5b2b-4ac7-a2c7-073de2b2b24f,8bbdbcdd-5cd4-4100-b6d5-b7c9625b6107,50f4348b-c883-4e2f-8f11-ce233b859fa1,fda095cb-831d-4601-ad94-846013963de8,f92806d7-1768-443f-afe8-12bcde84d0f0,dd3a144d-ab7f-41f0-82b8-2e43a090d496,f0416e68-0200-4b77-a926-4f9d16e494da,970b0598-bcb0-4714-91fb-2e81440dccd8,bcd64cc6-2dd9-43f6-abbe-66318d332032,d930590d-bb92-4cc8-8bd1-23cd027f9edf,a3cd009f-0ab0-420d-9278-b9fdab939bbc,6a2d0734-bd9e-4ddf-946e-caa52498cb75,c27215d8-6835-4b68-bfbb-bdeac6100c04,b5d6115f-0370-4d7c-aad3-c194cc71cf98,871c3b6c-7379-419d-bda3-794b239ab90d,ff9b0199-ce04-4cfe-86cc-6c719f08d6e4,de1c2107-70c8-4021-8459-6399f24d01c6,cbf30902-517f-40dc-af90-a550bac27cf1
2025-7-24 11:08:42-debug:   Number of all scripts: 14
2025-7-24 11:08:42-debug:   Number of other assets: 506
2025-7-24 11:08:42-debug: Init bundle root assets success..., progress: 0%
2025-7-24 11:08:42-debug:   Number of all scenes: 1
2025-7-24 11:08:42-debug: // ---- build task 查询 Asset Bundle ---- (3ms)
2025-7-24 11:08:42-log: run build task 查询 Asset Bundle success in 3 ms√, progress: 5%
2025-7-24 11:08:42-debug: // ---- build task 查询 Asset Bundle ----
2025-7-24 11:08:42-debug: 查询 Asset Bundle start, progress: 5%
2025-7-24 11:08:42-debug: [Build Memory track]: 查询 Asset Bundle start:209.54MB, end 210.16MB, increase: 634.87KB
2025-7-24 11:08:42-debug: // ---- build task 查询 Asset Bundle ---- (2ms)
2025-7-24 11:08:42-log: run build task 查询 Asset Bundle success in 2 ms√, progress: 10%
2025-7-24 11:08:42-debug: [Build Memory track]: 查询 Asset Bundle start:210.19MB, end 209.59MB, increase: -608.45KB
2025-7-24 11:08:42-debug: // ---- build task 整理部分构建选项内数据到 settings.json ----
2025-7-24 11:08:42-debug: 整理部分构建选项内数据到 settings.json start, progress: 10%
2025-7-24 11:08:42-debug: // ---- build task 整理部分构建选项内数据到 settings.json ---- (1ms)
2025-7-24 11:08:42-log: run build task 整理部分构建选项内数据到 settings.json success in 1 ms√, progress: 12%
2025-7-24 11:08:42-debug: [Build Memory track]: 整理部分构建选项内数据到 settings.json start:209.62MB, end 209.64MB, increase: 21.98KB
2025-7-24 11:08:42-debug: 填充脚本数据到 settings.json start, progress: 12%
2025-7-24 11:08:42-debug: // ---- build task 填充脚本数据到 settings.json ----
2025-7-24 11:08:42-debug: // ---- build task 填充脚本数据到 settings.json ---- (1ms)
2025-7-24 11:08:42-log: run build task 填充脚本数据到 settings.json success in 1 ms√, progress: 13%
2025-7-24 11:08:42-debug: 整理部分构建选项内数据到 settings.json start, progress: 13%
2025-7-24 11:08:42-debug: [Build Memory track]: 填充脚本数据到 settings.json start:209.67MB, end 209.69MB, increase: 24.10KB
2025-7-24 11:08:42-debug: // ---- build task 整理部分构建选项内数据到 settings.json ----
2025-7-24 11:08:42-debug: // ---- build task 整理部分构建选项内数据到 settings.json ---- (3ms)
2025-7-24 11:08:42-log: run build task 整理部分构建选项内数据到 settings.json success in 3 ms√, progress: 15%
2025-7-24 11:08:42-debug: [Build Memory track]: 整理部分构建选项内数据到 settings.json start:209.71MB, end 209.84MB, increase: 126.16KB
2025-7-24 11:08:42-debug: Query all assets info in project
2025-7-24 11:08:42-debug: init custom config: keepNodeUuid: false, useCache: true
2025-7-24 11:08:42-debug: Skip compress image, progress: 0%
2025-7-24 11:08:42-debug: Init all bundles start..., progress: 0%
2025-7-24 11:08:42-debug: 查询 Asset Bundle start, progress: 0%
2025-7-24 11:08:42-debug: // ---- build task 查询 Asset Bundle ----
2025-7-24 11:08:42-debug: Init bundle root assets start..., progress: 0%
2025-7-24 11:08:42-debug: Num of bundles: 2..., progress: 0%
2025-7-24 11:08:42-debug: Query preload assets/scripts from cc.config.json: 60f7195c-ec2a-45eb-ba94-8955f60e81d0,1c02ae6f-4492-4915-b8f8-7492a3b1e4cd,810e96e4-e456-4468-9b59-f4e8f39732c0,efe8e2a3-eace-427b-b4f1-cb8a937ec77d,e9aa9a3e-5b2b-4ac7-a2c7-073de2b2b24f,8bbdbcdd-5cd4-4100-b6d5-b7c9625b6107,50f4348b-c883-4e2f-8f11-ce233b859fa1,fda095cb-831d-4601-ad94-846013963de8,f92806d7-1768-443f-afe8-12bcde84d0f0,dd3a144d-ab7f-41f0-82b8-2e43a090d496,f0416e68-0200-4b77-a926-4f9d16e494da,970b0598-bcb0-4714-91fb-2e81440dccd8,bcd64cc6-2dd9-43f6-abbe-66318d332032,d930590d-bb92-4cc8-8bd1-23cd027f9edf,a3cd009f-0ab0-420d-9278-b9fdab939bbc,6a2d0734-bd9e-4ddf-946e-caa52498cb75,c27215d8-6835-4b68-bfbb-bdeac6100c04,b5d6115f-0370-4d7c-aad3-c194cc71cf98,871c3b6c-7379-419d-bda3-794b239ab90d,ff9b0199-ce04-4cfe-86cc-6c719f08d6e4,de1c2107-70c8-4021-8459-6399f24d01c6,cbf30902-517f-40dc-af90-a550bac27cf1
2025-7-24 11:08:42-debug:   Number of all scenes: 1
2025-7-24 11:08:42-debug: // ---- build task 查询 Asset Bundle ---- (6ms)
2025-7-24 11:08:42-log: run build task 查询 Asset Bundle success in 6 ms√, progress: 5%
2025-7-24 11:08:42-debug: [Build Memory track]: 查询 Asset Bundle start:209.94MB, end 209.67MB, increase: -278.93KB
2025-7-24 11:08:42-debug: 查询 Asset Bundle start, progress: 5%
2025-7-24 11:08:42-debug: // ---- build task 查询 Asset Bundle ----
2025-7-24 11:08:42-debug:   Number of all scripts: 14
2025-7-24 11:08:42-debug:   Number of other assets: 506
2025-7-24 11:08:42-debug: Init bundle root assets success..., progress: 0%
2025-7-24 11:08:42-log: run build task 查询 Asset Bundle success in 13 ms√, progress: 10%
2025-7-24 11:08:42-debug: [Build Memory track]: 查询 Asset Bundle start:209.69MB, end 209.80MB, increase: 107.59KB
2025-7-24 11:08:42-debug: // ---- build task 整理部分构建选项内数据到 settings.json ---- (13ms)
2025-7-24 11:08:42-log: run build task 整理部分构建选项内数据到 settings.json success in 13 ms√, progress: 12%
2025-7-24 11:08:42-debug: // ---- build task 查询 Asset Bundle ---- (13ms)
2025-7-24 11:08:42-debug: 整理部分构建选项内数据到 settings.json start, progress: 10%
2025-7-24 11:08:42-debug: // ---- build task 填充脚本数据到 settings.json ----
2025-7-24 11:08:42-debug: [Build Memory track]: 整理部分构建选项内数据到 settings.json start:209.82MB, end 209.84MB, increase: 20.91KB
2025-7-24 11:08:42-debug: 填充脚本数据到 settings.json start, progress: 12%
2025-7-24 11:08:42-debug: // ---- build task 整理部分构建选项内数据到 settings.json ----
2025-7-24 11:08:42-debug: // ---- build task 填充脚本数据到 settings.json ---- (1ms)
2025-7-24 11:08:42-log: run build task 填充脚本数据到 settings.json success in 1 ms√, progress: 13%
2025-7-24 11:08:42-debug: [Build Memory track]: 填充脚本数据到 settings.json start:209.87MB, end 209.89MB, increase: 26.09KB
2025-7-24 11:08:42-debug: 整理部分构建选项内数据到 settings.json start, progress: 13%
2025-7-24 11:08:42-debug: // ---- build task 整理部分构建选项内数据到 settings.json ----
2025-7-24 11:08:42-log: run build task 整理部分构建选项内数据到 settings.json success in 15 ms√, progress: 15%
2025-7-24 11:08:42-debug: // ---- build task 整理部分构建选项内数据到 settings.json ---- (15ms)
2025-7-24 11:08:42-debug: [Build Memory track]: 整理部分构建选项内数据到 settings.json start:209.92MB, end 210.04MB, increase: 130.17KB
2025-7-24 11:08:42-debug: Query all assets info in project
2025-7-24 11:08:42-debug: init custom config: keepNodeUuid: false, useCache: true
2025-7-24 11:08:42-debug: Skip compress image, progress: 0%
2025-7-24 11:08:42-debug: Init all bundles start..., progress: 0%
2025-7-24 11:08:42-debug: 查询 Asset Bundle start, progress: 0%
2025-7-24 11:08:42-debug: Num of bundles: 2..., progress: 0%
2025-7-24 11:08:42-debug: // ---- build task 查询 Asset Bundle ----
2025-7-24 11:08:42-debug: Init bundle root assets start..., progress: 0%
2025-7-24 11:08:42-debug: Query preload assets/scripts from cc.config.json: 60f7195c-ec2a-45eb-ba94-8955f60e81d0,1c02ae6f-4492-4915-b8f8-7492a3b1e4cd,810e96e4-e456-4468-9b59-f4e8f39732c0,efe8e2a3-eace-427b-b4f1-cb8a937ec77d,e9aa9a3e-5b2b-4ac7-a2c7-073de2b2b24f,8bbdbcdd-5cd4-4100-b6d5-b7c9625b6107,50f4348b-c883-4e2f-8f11-ce233b859fa1,fda095cb-831d-4601-ad94-846013963de8,f92806d7-1768-443f-afe8-12bcde84d0f0,dd3a144d-ab7f-41f0-82b8-2e43a090d496,f0416e68-0200-4b77-a926-4f9d16e494da,970b0598-bcb0-4714-91fb-2e81440dccd8,bcd64cc6-2dd9-43f6-abbe-66318d332032,d930590d-bb92-4cc8-8bd1-23cd027f9edf,a3cd009f-0ab0-420d-9278-b9fdab939bbc,6a2d0734-bd9e-4ddf-946e-caa52498cb75,c27215d8-6835-4b68-bfbb-bdeac6100c04,b5d6115f-0370-4d7c-aad3-c194cc71cf98,871c3b6c-7379-419d-bda3-794b239ab90d,ff9b0199-ce04-4cfe-86cc-6c719f08d6e4,de1c2107-70c8-4021-8459-6399f24d01c6,cbf30902-517f-40dc-af90-a550bac27cf1
2025-7-24 11:08:42-debug:   Number of all scenes: 1
2025-7-24 11:08:42-debug:   Number of all scripts: 14
2025-7-24 11:08:42-debug:   Number of other assets: 506
2025-7-24 11:08:42-debug: Init bundle root assets success..., progress: 0%
2025-7-24 11:08:42-debug: // ---- build task 查询 Asset Bundle ---- (11ms)
2025-7-24 11:08:42-log: run build task 查询 Asset Bundle success in 11 ms√, progress: 5%
2025-7-24 11:08:42-debug: [Build Memory track]: 查询 Asset Bundle start:210.38MB, end 210.21MB, increase: -175.88KB
2025-7-24 11:08:42-debug: 查询 Asset Bundle start, progress: 5%
2025-7-24 11:08:42-debug: // ---- build task 查询 Asset Bundle ----
2025-7-24 11:08:42-debug: // ---- build task 查询 Asset Bundle ---- (2ms)
2025-7-24 11:08:42-debug: [Build Memory track]: 查询 Asset Bundle start:210.23MB, end 210.34MB, increase: 107.50KB
2025-7-24 11:08:42-debug: // ---- build task 整理部分构建选项内数据到 settings.json ----
2025-7-24 11:08:42-log: run build task 整理部分构建选项内数据到 settings.json success in 1 ms√, progress: 12%
2025-7-24 11:08:42-debug: [Build Memory track]: 整理部分构建选项内数据到 settings.json start:210.36MB, end 209.64MB, increase: -744.69KB
2025-7-24 11:08:42-debug: // ---- build task 填充脚本数据到 settings.json ----
2025-7-24 11:08:42-debug: 填充脚本数据到 settings.json start, progress: 12%
2025-7-24 11:08:42-log: run build task 查询 Asset Bundle success in 2 ms√, progress: 10%
2025-7-24 11:08:42-debug: 整理部分构建选项内数据到 settings.json start, progress: 10%
2025-7-24 11:08:42-debug: // ---- build task 整理部分构建选项内数据到 settings.json ---- (1ms)
2025-7-24 11:08:42-log: run build task 填充脚本数据到 settings.json success in √, progress: 13%
2025-7-24 11:08:42-debug: [Build Memory track]: 填充脚本数据到 settings.json start:209.66MB, end 209.68MB, increase: 17.06KB
2025-7-24 11:08:42-debug: 整理部分构建选项内数据到 settings.json start, progress: 13%
2025-7-24 11:08:42-debug: // ---- build task 整理部分构建选项内数据到 settings.json ----
2025-7-24 11:08:42-debug: // ---- build task 整理部分构建选项内数据到 settings.json ---- (4ms)
2025-7-24 11:08:42-debug: [Build Memory track]: 整理部分构建选项内数据到 settings.json start:209.70MB, end 209.82MB, increase: 122.31KB
2025-7-24 11:08:42-log: run build task 整理部分构建选项内数据到 settings.json success in 4 ms√, progress: 15%
2025-7-24 11:08:51-debug: refresh db internal success
2025-7-24 11:08:51-debug: refresh db assets success
2025-7-24 11:08:51-debug: Run asset db hook engine-extends:afterRefresh ...
2025-7-24 11:08:51-debug: Run asset db hook engine-extends:afterRefresh success!
2025-7-24 11:08:51-debug: asset-db:refresh-all-database (31ms)
2025-7-24 11:08:51-debug: asset-db:worker-effect-data-processing (1ms)
2025-7-24 11:08:51-debug: asset-db-hook-engine-extends-afterRefresh (2ms)
2025-7-24 11:09:02-debug: refresh db internal success
2025-7-24 11:09:02-debug: %cImport%c: /Users/zhao/Desktop/test/cocos-creator/PlaneFight/assets/Scripts/Enemy.tsbackground: #aaff85; color: #000;color: #000;
2025-7-24 11:09:02-debug: refresh db assets success
2025-7-24 11:09:02-debug: Run asset db hook engine-extends:afterRefresh ...
2025-7-24 11:09:02-debug: Run asset db hook engine-extends:afterRefresh success!
2025-7-24 11:09:02-debug: asset-db-hook-engine-extends-afterRefresh (1ms)
2025-7-24 11:09:02-debug: asset-db:refresh-all-database (17ms)
2025-7-24 11:09:03-debug: Query all assets info in project
2025-7-24 11:09:03-debug: Skip compress image, progress: 0%
2025-7-24 11:09:03-debug: init custom config: keepNodeUuid: false, useCache: true
2025-7-24 11:09:03-debug: Init all bundles start..., progress: 0%
2025-7-24 11:09:03-debug: 查询 Asset Bundle start, progress: 0%
2025-7-24 11:09:03-debug: // ---- build task 查询 Asset Bundle ----
2025-7-24 11:09:03-debug: Init bundle root assets start..., progress: 0%
2025-7-24 11:09:03-debug: Num of bundles: 2..., progress: 0%
2025-7-24 11:09:03-debug: Query preload assets/scripts from cc.config.json: 60f7195c-ec2a-45eb-ba94-8955f60e81d0,1c02ae6f-4492-4915-b8f8-7492a3b1e4cd,810e96e4-e456-4468-9b59-f4e8f39732c0,efe8e2a3-eace-427b-b4f1-cb8a937ec77d,e9aa9a3e-5b2b-4ac7-a2c7-073de2b2b24f,8bbdbcdd-5cd4-4100-b6d5-b7c9625b6107,50f4348b-c883-4e2f-8f11-ce233b859fa1,fda095cb-831d-4601-ad94-846013963de8,f92806d7-1768-443f-afe8-12bcde84d0f0,dd3a144d-ab7f-41f0-82b8-2e43a090d496,f0416e68-0200-4b77-a926-4f9d16e494da,970b0598-bcb0-4714-91fb-2e81440dccd8,bcd64cc6-2dd9-43f6-abbe-66318d332032,d930590d-bb92-4cc8-8bd1-23cd027f9edf,a3cd009f-0ab0-420d-9278-b9fdab939bbc,6a2d0734-bd9e-4ddf-946e-caa52498cb75,c27215d8-6835-4b68-bfbb-bdeac6100c04,b5d6115f-0370-4d7c-aad3-c194cc71cf98,871c3b6c-7379-419d-bda3-794b239ab90d,ff9b0199-ce04-4cfe-86cc-6c719f08d6e4,de1c2107-70c8-4021-8459-6399f24d01c6,cbf30902-517f-40dc-af90-a550bac27cf1
2025-7-24 11:09:03-debug:   Number of all scripts: 14
2025-7-24 11:09:03-debug:   Number of all scenes: 1
2025-7-24 11:09:03-debug: Init bundle root assets success..., progress: 0%
2025-7-24 11:09:03-debug: [Build Memory track]: 查询 Asset Bundle start:210.61MB, end 210.33MB, increase: -291.70KB
2025-7-24 11:09:03-debug: // ---- build task 查询 Asset Bundle ----
2025-7-24 11:09:03-debug: // ---- build task 查询 Asset Bundle ---- (10ms)
2025-7-24 11:09:03-debug:   Number of other assets: 506
2025-7-24 11:09:03-log: run build task 查询 Asset Bundle success in 10 ms√, progress: 5%
2025-7-24 11:09:03-debug: 查询 Asset Bundle start, progress: 5%
2025-7-24 11:09:03-debug: // ---- build task 查询 Asset Bundle ---- (6ms)
2025-7-24 11:09:03-debug: // ---- build task 整理部分构建选项内数据到 settings.json ----
2025-7-24 11:09:03-log: run build task 查询 Asset Bundle success in 6 ms√, progress: 10%
2025-7-24 11:09:03-debug: [Build Memory track]: 查询 Asset Bundle start:210.35MB, end 210.45MB, increase: 107.59KB
2025-7-24 11:09:03-debug: 整理部分构建选项内数据到 settings.json start, progress: 10%
2025-7-24 11:09:03-log: run build task 整理部分构建选项内数据到 settings.json success in √, progress: 12%
2025-7-24 11:09:03-debug: [Build Memory track]: 整理部分构建选项内数据到 settings.json start:210.48MB, end 210.49MB, increase: 13.70KB
2025-7-24 11:09:03-debug: 填充脚本数据到 settings.json start, progress: 12%
2025-7-24 11:09:03-debug: // ---- build task 填充脚本数据到 settings.json ----
2025-7-24 11:09:03-debug: // ---- build task 填充脚本数据到 settings.json ---- (1ms)
2025-7-24 11:09:03-debug: 整理部分构建选项内数据到 settings.json start, progress: 13%
2025-7-24 11:09:03-debug: // ---- build task 整理部分构建选项内数据到 settings.json ----
2025-7-24 11:09:03-log: run build task 填充脚本数据到 settings.json success in 1 ms√, progress: 13%
2025-7-24 11:09:03-debug: [Build Memory track]: 填充脚本数据到 settings.json start:210.52MB, end 210.54MB, increase: 24.52KB
2025-7-24 11:09:03-debug: // ---- build task 整理部分构建选项内数据到 settings.json ---- (2ms)
2025-7-24 11:09:03-log: run build task 整理部分构建选项内数据到 settings.json success in 2 ms√, progress: 15%
2025-7-24 11:09:03-debug: [Build Memory track]: 整理部分构建选项内数据到 settings.json start:210.57MB, end 210.68MB, increase: 121.86KB
2025-7-24 11:09:03-debug: Query all assets info in project
2025-7-24 11:09:03-debug: init custom config: keepNodeUuid: false, useCache: true
2025-7-24 11:09:03-debug: Skip compress image, progress: 0%
2025-7-24 11:09:03-debug: Init all bundles start..., progress: 0%
2025-7-24 11:09:03-debug: Num of bundles: 2..., progress: 0%
2025-7-24 11:09:03-debug: 查询 Asset Bundle start, progress: 0%
2025-7-24 11:09:03-debug: // ---- build task 查询 Asset Bundle ----
2025-7-24 11:09:03-debug: Init bundle root assets start..., progress: 0%
2025-7-24 11:09:03-debug: Query preload assets/scripts from cc.config.json: 60f7195c-ec2a-45eb-ba94-8955f60e81d0,1c02ae6f-4492-4915-b8f8-7492a3b1e4cd,810e96e4-e456-4468-9b59-f4e8f39732c0,efe8e2a3-eace-427b-b4f1-cb8a937ec77d,e9aa9a3e-5b2b-4ac7-a2c7-073de2b2b24f,8bbdbcdd-5cd4-4100-b6d5-b7c9625b6107,50f4348b-c883-4e2f-8f11-ce233b859fa1,fda095cb-831d-4601-ad94-846013963de8,f92806d7-1768-443f-afe8-12bcde84d0f0,dd3a144d-ab7f-41f0-82b8-2e43a090d496,f0416e68-0200-4b77-a926-4f9d16e494da,970b0598-bcb0-4714-91fb-2e81440dccd8,bcd64cc6-2dd9-43f6-abbe-66318d332032,d930590d-bb92-4cc8-8bd1-23cd027f9edf,a3cd009f-0ab0-420d-9278-b9fdab939bbc,6a2d0734-bd9e-4ddf-946e-caa52498cb75,c27215d8-6835-4b68-bfbb-bdeac6100c04,b5d6115f-0370-4d7c-aad3-c194cc71cf98,871c3b6c-7379-419d-bda3-794b239ab90d,ff9b0199-ce04-4cfe-86cc-6c719f08d6e4,de1c2107-70c8-4021-8459-6399f24d01c6,cbf30902-517f-40dc-af90-a550bac27cf1
2025-7-24 11:09:03-debug:   Number of all scenes: 1
2025-7-24 11:09:03-debug:   Number of all scripts: 14
2025-7-24 11:09:03-debug:   Number of other assets: 506
2025-7-24 11:09:03-debug: Init bundle root assets success..., progress: 0%
2025-7-24 11:09:03-debug: // ---- build task 查询 Asset Bundle ---- (3ms)
2025-7-24 11:09:03-debug: [Build Memory track]: 查询 Asset Bundle start:211.04MB, end 210.93MB, increase: -121.20KB
2025-7-24 11:09:03-log: run build task 查询 Asset Bundle success in 3 ms√, progress: 5%
2025-7-24 11:09:03-debug: // ---- build task 查询 Asset Bundle ----
2025-7-24 11:09:03-debug: 查询 Asset Bundle start, progress: 5%
2025-7-24 11:09:03-debug: // ---- build task 查询 Asset Bundle ---- (2ms)
2025-7-24 11:09:03-log: run build task 查询 Asset Bundle success in 2 ms√, progress: 10%
2025-7-24 11:09:03-debug: // ---- build task 整理部分构建选项内数据到 settings.json ----
2025-7-24 11:09:03-debug: // ---- build task 整理部分构建选项内数据到 settings.json ---- (1ms)
2025-7-24 11:09:03-debug: 整理部分构建选项内数据到 settings.json start, progress: 10%
2025-7-24 11:09:03-debug: [Build Memory track]: 整理部分构建选项内数据到 settings.json start:211.09MB, end 210.36MB, increase: -742.19KB
2025-7-24 11:09:03-debug: [Build Memory track]: 查询 Asset Bundle start:210.95MB, end 211.06MB, increase: 113.29KB
2025-7-24 11:09:03-debug: 填充脚本数据到 settings.json start, progress: 12%
2025-7-24 11:09:03-debug: // ---- build task 填充脚本数据到 settings.json ----
2025-7-24 11:09:03-debug: // ---- build task 填充脚本数据到 settings.json ---- (2ms)
2025-7-24 11:09:03-log: run build task 填充脚本数据到 settings.json success in 2 ms√, progress: 13%
2025-7-24 11:09:03-debug: [Build Memory track]: 填充脚本数据到 settings.json start:210.39MB, end 210.41MB, increase: 23.16KB
2025-7-24 11:09:03-debug: // ---- build task 整理部分构建选项内数据到 settings.json ----
2025-7-24 11:09:03-log: run build task 整理部分构建选项内数据到 settings.json success in 1 ms√, progress: 12%
2025-7-24 11:09:03-debug: 整理部分构建选项内数据到 settings.json start, progress: 13%
2025-7-24 11:09:03-debug: // ---- build task 整理部分构建选项内数据到 settings.json ---- (6ms)
2025-7-24 11:09:03-log: run build task 整理部分构建选项内数据到 settings.json success in 6 ms√, progress: 15%
2025-7-24 11:09:03-debug: [Build Memory track]: 整理部分构建选项内数据到 settings.json start:210.43MB, end 210.56MB, increase: 126.04KB
2025-7-24 11:09:18-debug: %cImport%c: /Users/zhao/Desktop/test/cocos-creator/PlaneFight/assets/Scenes/Start.scenebackground: #aaff85; color: #000;color: #000;
2025-7-24 11:09:18-debug: asset-db:reimport-asset2fda4d65-a1e9-4078-8250-de49b04cdc34 (6ms)
2025-7-24 11:09:19-debug: Query all assets info in project
2025-7-24 11:09:19-debug: init custom config: keepNodeUuid: false, useCache: true
2025-7-24 11:09:19-debug: Skip compress image, progress: 0%
2025-7-24 11:09:19-debug: Init all bundles start..., progress: 0%
2025-7-24 11:09:19-debug: // ---- build task 查询 Asset Bundle ----
2025-7-24 11:09:19-debug: Init bundle root assets start..., progress: 0%
2025-7-24 11:09:19-debug: 查询 Asset Bundle start, progress: 0%
2025-7-24 11:09:19-debug: Num of bundles: 2..., progress: 0%
2025-7-24 11:09:19-debug: Query preload assets/scripts from cc.config.json: 60f7195c-ec2a-45eb-ba94-8955f60e81d0,1c02ae6f-4492-4915-b8f8-7492a3b1e4cd,810e96e4-e456-4468-9b59-f4e8f39732c0,efe8e2a3-eace-427b-b4f1-cb8a937ec77d,e9aa9a3e-5b2b-4ac7-a2c7-073de2b2b24f,8bbdbcdd-5cd4-4100-b6d5-b7c9625b6107,50f4348b-c883-4e2f-8f11-ce233b859fa1,fda095cb-831d-4601-ad94-846013963de8,f92806d7-1768-443f-afe8-12bcde84d0f0,dd3a144d-ab7f-41f0-82b8-2e43a090d496,f0416e68-0200-4b77-a926-4f9d16e494da,970b0598-bcb0-4714-91fb-2e81440dccd8,bcd64cc6-2dd9-43f6-abbe-66318d332032,d930590d-bb92-4cc8-8bd1-23cd027f9edf,a3cd009f-0ab0-420d-9278-b9fdab939bbc,6a2d0734-bd9e-4ddf-946e-caa52498cb75,c27215d8-6835-4b68-bfbb-bdeac6100c04,b5d6115f-0370-4d7c-aad3-c194cc71cf98,871c3b6c-7379-419d-bda3-794b239ab90d,ff9b0199-ce04-4cfe-86cc-6c719f08d6e4,de1c2107-70c8-4021-8459-6399f24d01c6,cbf30902-517f-40dc-af90-a550bac27cf1
2025-7-24 11:09:19-debug:   Number of all scenes: 1
2025-7-24 11:09:19-debug:   Number of all scripts: 14
2025-7-24 11:09:19-debug:   Number of other assets: 506
2025-7-24 11:09:19-debug: Init bundle root assets success..., progress: 0%
2025-7-24 11:09:19-debug: // ---- build task 查询 Asset Bundle ---- (6ms)
2025-7-24 11:09:19-debug: [Build Memory track]: 查询 Asset Bundle start:210.50MB, end 211.12MB, increase: 635.19KB
2025-7-24 11:09:19-debug: // ---- build task 查询 Asset Bundle ----
2025-7-24 11:09:19-debug: 查询 Asset Bundle start, progress: 5%
2025-7-24 11:09:19-log: run build task 查询 Asset Bundle success in 6 ms√, progress: 5%
2025-7-24 11:09:19-debug: // ---- build task 查询 Asset Bundle ---- (8ms)
2025-7-24 11:09:19-debug: 整理部分构建选项内数据到 settings.json start, progress: 10%
2025-7-24 11:09:19-log: run build task 整理部分构建选项内数据到 settings.json success in √, progress: 12%
2025-7-24 11:09:19-debug: // ---- build task 整理部分构建选项内数据到 settings.json ----
2025-7-24 11:09:19-debug: [Build Memory track]: 查询 Asset Bundle start:211.15MB, end 210.47MB, increase: -692.40KB
2025-7-24 11:09:19-log: run build task 查询 Asset Bundle success in 8 ms√, progress: 10%
2025-7-24 11:09:19-debug: 填充脚本数据到 settings.json start, progress: 12%
2025-7-24 11:09:19-debug: [Build Memory track]: 整理部分构建选项内数据到 settings.json start:210.49MB, end 210.51MB, increase: 13.40KB
2025-7-24 11:09:19-debug: // ---- build task 填充脚本数据到 settings.json ----
2025-7-24 11:09:19-debug: // ---- build task 填充脚本数据到 settings.json ---- (1ms)
2025-7-24 11:09:19-debug: // ---- build task 整理部分构建选项内数据到 settings.json ----
2025-7-24 11:09:19-debug: 整理部分构建选项内数据到 settings.json start, progress: 13%
2025-7-24 11:09:19-debug: [Build Memory track]: 填充脚本数据到 settings.json start:210.53MB, end 210.55MB, increase: 21.58KB
2025-7-24 11:09:19-log: run build task 填充脚本数据到 settings.json success in 1 ms√, progress: 13%
2025-7-24 11:09:19-debug: // ---- build task 整理部分构建选项内数据到 settings.json ---- (5ms)
2025-7-24 11:09:19-log: run build task 整理部分构建选项内数据到 settings.json success in 5 ms√, progress: 15%
2025-7-24 11:09:19-debug: [Build Memory track]: 整理部分构建选项内数据到 settings.json start:210.58MB, end 210.71MB, increase: 138.53KB
2025-7-24 11:09:19-debug: Query all assets info in project
2025-7-24 11:09:19-debug: init custom config: keepNodeUuid: false, useCache: true
2025-7-24 11:09:19-debug: Skip compress image, progress: 0%
2025-7-24 11:09:19-debug: Init all bundles start..., progress: 0%
2025-7-24 11:09:19-debug: 查询 Asset Bundle start, progress: 0%
2025-7-24 11:09:19-debug: // ---- build task 查询 Asset Bundle ----
2025-7-24 11:09:19-debug: Num of bundles: 2..., progress: 0%
2025-7-24 11:09:19-debug: Init bundle root assets start..., progress: 0%
2025-7-24 11:09:19-debug: Query preload assets/scripts from cc.config.json: 60f7195c-ec2a-45eb-ba94-8955f60e81d0,1c02ae6f-4492-4915-b8f8-7492a3b1e4cd,810e96e4-e456-4468-9b59-f4e8f39732c0,efe8e2a3-eace-427b-b4f1-cb8a937ec77d,e9aa9a3e-5b2b-4ac7-a2c7-073de2b2b24f,8bbdbcdd-5cd4-4100-b6d5-b7c9625b6107,50f4348b-c883-4e2f-8f11-ce233b859fa1,fda095cb-831d-4601-ad94-846013963de8,f92806d7-1768-443f-afe8-12bcde84d0f0,dd3a144d-ab7f-41f0-82b8-2e43a090d496,f0416e68-0200-4b77-a926-4f9d16e494da,970b0598-bcb0-4714-91fb-2e81440dccd8,bcd64cc6-2dd9-43f6-abbe-66318d332032,d930590d-bb92-4cc8-8bd1-23cd027f9edf,a3cd009f-0ab0-420d-9278-b9fdab939bbc,6a2d0734-bd9e-4ddf-946e-caa52498cb75,c27215d8-6835-4b68-bfbb-bdeac6100c04,b5d6115f-0370-4d7c-aad3-c194cc71cf98,871c3b6c-7379-419d-bda3-794b239ab90d,ff9b0199-ce04-4cfe-86cc-6c719f08d6e4,de1c2107-70c8-4021-8459-6399f24d01c6,cbf30902-517f-40dc-af90-a550bac27cf1
2025-7-24 11:09:19-debug:   Number of other assets: 506
2025-7-24 11:09:19-debug:   Number of all scripts: 14
2025-7-24 11:09:19-debug: Init bundle root assets success..., progress: 0%
2025-7-24 11:09:19-debug:   Number of all scenes: 1
2025-7-24 11:09:19-log: run build task 查询 Asset Bundle success in 5 ms√, progress: 5%
2025-7-24 11:09:19-debug: // ---- build task 查询 Asset Bundle ---- (5ms)
2025-7-24 11:09:19-debug: // ---- build task 查询 Asset Bundle ----
2025-7-24 11:09:19-debug: [Build Memory track]: 查询 Asset Bundle start:211.07MB, end 210.81MB, increase: -260.00KB
2025-7-24 11:09:19-debug: 查询 Asset Bundle start, progress: 5%
2025-7-24 11:09:19-debug: // ---- build task 查询 Asset Bundle ---- (1ms)
2025-7-24 11:09:19-log: run build task 查询 Asset Bundle success in 1 ms√, progress: 10%
2025-7-24 11:09:19-debug: // ---- build task 整理部分构建选项内数据到 settings.json ----
2025-7-24 11:09:19-debug: [Build Memory track]: 查询 Asset Bundle start:210.84MB, end 210.94MB, increase: 107.17KB
2025-7-24 11:09:19-debug: 整理部分构建选项内数据到 settings.json start, progress: 10%
2025-7-24 11:09:19-log: run build task 整理部分构建选项内数据到 settings.json success in √, progress: 12%
2025-7-24 11:09:19-debug: [Build Memory track]: 整理部分构建选项内数据到 settings.json start:210.97MB, end 210.98MB, increase: 15.87KB
2025-7-24 11:09:19-debug: 填充脚本数据到 settings.json start, progress: 12%
2025-7-24 11:09:19-debug: // ---- build task 填充脚本数据到 settings.json ----
2025-7-24 11:09:19-debug: 整理部分构建选项内数据到 settings.json start, progress: 13%
2025-7-24 11:09:19-debug: // ---- build task 整理部分构建选项内数据到 settings.json ----
2025-7-24 11:09:19-debug: [Build Memory track]: 填充脚本数据到 settings.json start:211.01MB, end 211.02MB, increase: 14.38KB
2025-7-24 11:09:19-log: run build task 填充脚本数据到 settings.json success in √, progress: 13%
2025-7-24 11:09:19-debug: // ---- build task 整理部分构建选项内数据到 settings.json ---- (7ms)
2025-7-24 11:09:19-log: run build task 整理部分构建选项内数据到 settings.json success in 7 ms√, progress: 15%
2025-7-24 11:09:19-debug: [Build Memory track]: 整理部分构建选项内数据到 settings.json start:211.05MB, end 211.17MB, increase: 122.88KB
2025-7-24 11:09:21-debug: start refresh asset from /Users/zhao/Desktop/test/cocos-creator/PlaneFight/assets/Prefabs/enemy0.prefab...
2025-7-24 11:09:21-debug: %cImport%c: /Users/zhao/Desktop/test/cocos-creator/PlaneFight/assets/Prefabs/enemy0.prefabbackground: #aaff85; color: #000;color: #000;
2025-7-24 11:09:21-debug: refresh asset /Users/zhao/Desktop/test/cocos-creator/PlaneFight/assets/Prefabs success
2025-7-24 11:09:23-debug: %cImport%c: /Users/zhao/Desktop/test/cocos-creator/PlaneFight/assets/Scenes/Start.scenebackground: #aaff85; color: #000;color: #000;
2025-7-24 11:09:23-debug: asset-db:reimport-asset2fda4d65-a1e9-4078-8250-de49b04cdc34 (5ms)
2025-7-24 11:09:24-debug: Query all assets info in project
2025-7-24 11:09:24-debug: init custom config: keepNodeUuid: false, useCache: true
2025-7-24 11:09:24-debug: Skip compress image, progress: 0%
2025-7-24 11:09:24-debug: Init all bundles start..., progress: 0%
2025-7-24 11:09:24-debug: Num of bundles: 2..., progress: 0%
2025-7-24 11:09:24-debug: // ---- build task 查询 Asset Bundle ----
2025-7-24 11:09:24-debug: Init bundle root assets start..., progress: 0%
2025-7-24 11:09:24-debug: 查询 Asset Bundle start, progress: 0%
2025-7-24 11:09:24-debug: Query preload assets/scripts from cc.config.json: 60f7195c-ec2a-45eb-ba94-8955f60e81d0,1c02ae6f-4492-4915-b8f8-7492a3b1e4cd,810e96e4-e456-4468-9b59-f4e8f39732c0,efe8e2a3-eace-427b-b4f1-cb8a937ec77d,e9aa9a3e-5b2b-4ac7-a2c7-073de2b2b24f,8bbdbcdd-5cd4-4100-b6d5-b7c9625b6107,50f4348b-c883-4e2f-8f11-ce233b859fa1,fda095cb-831d-4601-ad94-846013963de8,f92806d7-1768-443f-afe8-12bcde84d0f0,dd3a144d-ab7f-41f0-82b8-2e43a090d496,f0416e68-0200-4b77-a926-4f9d16e494da,970b0598-bcb0-4714-91fb-2e81440dccd8,bcd64cc6-2dd9-43f6-abbe-66318d332032,d930590d-bb92-4cc8-8bd1-23cd027f9edf,a3cd009f-0ab0-420d-9278-b9fdab939bbc,6a2d0734-bd9e-4ddf-946e-caa52498cb75,c27215d8-6835-4b68-bfbb-bdeac6100c04,b5d6115f-0370-4d7c-aad3-c194cc71cf98,871c3b6c-7379-419d-bda3-794b239ab90d,ff9b0199-ce04-4cfe-86cc-6c719f08d6e4,de1c2107-70c8-4021-8459-6399f24d01c6,cbf30902-517f-40dc-af90-a550bac27cf1
2025-7-24 11:09:24-debug: Init bundle root assets success..., progress: 0%
2025-7-24 11:09:24-debug:   Number of all scripts: 14
2025-7-24 11:09:24-debug:   Number of other assets: 506
2025-7-24 11:09:24-debug:   Number of all scenes: 1
2025-7-24 11:09:24-log: run build task 查询 Asset Bundle success in 3 ms√, progress: 5%
2025-7-24 11:09:24-debug: // ---- build task 查询 Asset Bundle ---- (3ms)
2025-7-24 11:09:24-debug: [Build Memory track]: 查询 Asset Bundle start:210.73MB, end 211.36MB, increase: 638.87KB
2025-7-24 11:09:24-debug: 查询 Asset Bundle start, progress: 5%
2025-7-24 11:09:24-debug: // ---- build task 查询 Asset Bundle ----
2025-7-24 11:09:24-log: run build task 查询 Asset Bundle success in 2 ms√, progress: 10%
2025-7-24 11:09:24-debug: // ---- build task 查询 Asset Bundle ---- (2ms)
2025-7-24 11:09:24-debug: 整理部分构建选项内数据到 settings.json start, progress: 10%
2025-7-24 11:09:24-debug: // ---- build task 整理部分构建选项内数据到 settings.json ----
2025-7-24 11:09:24-debug: [Build Memory track]: 查询 Asset Bundle start:211.38MB, end 210.71MB, increase: -688.96KB
2025-7-24 11:09:24-debug: // ---- build task 整理部分构建选项内数据到 settings.json ---- (2ms)
2025-7-24 11:09:24-debug: [Build Memory track]: 整理部分构建选项内数据到 settings.json start:210.73MB, end 210.76MB, increase: 24.45KB
2025-7-24 11:09:24-log: run build task 整理部分构建选项内数据到 settings.json success in 2 ms√, progress: 12%
2025-7-24 11:09:24-debug: // ---- build task 填充脚本数据到 settings.json ----
2025-7-24 11:09:24-debug: 填充脚本数据到 settings.json start, progress: 12%
2025-7-24 11:09:24-debug: [Build Memory track]: 填充脚本数据到 settings.json start:210.78MB, end 210.80MB, increase: 15.96KB
2025-7-24 11:09:24-log: run build task 填充脚本数据到 settings.json success in √, progress: 13%
2025-7-24 11:09:24-debug: // ---- build task 整理部分构建选项内数据到 settings.json ----
2025-7-24 11:09:24-debug: 整理部分构建选项内数据到 settings.json start, progress: 13%
2025-7-24 11:09:24-debug: // ---- build task 整理部分构建选项内数据到 settings.json ---- (2ms)
2025-7-24 11:09:24-debug: [Build Memory track]: 整理部分构建选项内数据到 settings.json start:210.82MB, end 210.95MB, increase: 130.35KB
2025-7-24 11:09:24-log: run build task 整理部分构建选项内数据到 settings.json success in 2 ms√, progress: 15%
2025-7-24 11:09:24-debug: Query all assets info in project
2025-7-24 11:09:24-debug: init custom config: keepNodeUuid: false, useCache: true
2025-7-24 11:09:24-debug: Skip compress image, progress: 0%
2025-7-24 11:09:24-debug: Init all bundles start..., progress: 0%
2025-7-24 11:09:24-debug: // ---- build task 查询 Asset Bundle ----
2025-7-24 11:09:24-debug: Num of bundles: 2..., progress: 0%
2025-7-24 11:09:24-debug: 查询 Asset Bundle start, progress: 0%
2025-7-24 11:09:24-debug: Init bundle root assets start..., progress: 0%
2025-7-24 11:09:24-debug: Query preload assets/scripts from cc.config.json: 60f7195c-ec2a-45eb-ba94-8955f60e81d0,1c02ae6f-4492-4915-b8f8-7492a3b1e4cd,810e96e4-e456-4468-9b59-f4e8f39732c0,efe8e2a3-eace-427b-b4f1-cb8a937ec77d,e9aa9a3e-5b2b-4ac7-a2c7-073de2b2b24f,8bbdbcdd-5cd4-4100-b6d5-b7c9625b6107,50f4348b-c883-4e2f-8f11-ce233b859fa1,fda095cb-831d-4601-ad94-846013963de8,f92806d7-1768-443f-afe8-12bcde84d0f0,dd3a144d-ab7f-41f0-82b8-2e43a090d496,f0416e68-0200-4b77-a926-4f9d16e494da,970b0598-bcb0-4714-91fb-2e81440dccd8,bcd64cc6-2dd9-43f6-abbe-66318d332032,d930590d-bb92-4cc8-8bd1-23cd027f9edf,a3cd009f-0ab0-420d-9278-b9fdab939bbc,6a2d0734-bd9e-4ddf-946e-caa52498cb75,c27215d8-6835-4b68-bfbb-bdeac6100c04,b5d6115f-0370-4d7c-aad3-c194cc71cf98,871c3b6c-7379-419d-bda3-794b239ab90d,ff9b0199-ce04-4cfe-86cc-6c719f08d6e4,de1c2107-70c8-4021-8459-6399f24d01c6,cbf30902-517f-40dc-af90-a550bac27cf1
2025-7-24 11:09:24-debug: Init bundle root assets success..., progress: 0%
2025-7-24 11:09:24-debug: // ---- build task 查询 Asset Bundle ---- (2ms)
2025-7-24 11:09:24-debug:   Number of all scripts: 14
2025-7-24 11:09:24-log: run build task 查询 Asset Bundle success in 2 ms√, progress: 5%
2025-7-24 11:09:24-debug: 查询 Asset Bundle start, progress: 5%
2025-7-24 11:09:24-debug: // ---- build task 查询 Asset Bundle ----
2025-7-24 11:09:24-debug:   Number of all scenes: 1
2025-7-24 11:09:24-debug:   Number of other assets: 506
2025-7-24 11:09:24-debug: [Build Memory track]: 查询 Asset Bundle start:211.30MB, end 211.03MB, increase: -284.87KB
2025-7-24 11:09:24-debug: // ---- build task 查询 Asset Bundle ---- (1ms)
2025-7-24 11:09:24-log: run build task 查询 Asset Bundle success in 1 ms√, progress: 10%
2025-7-24 11:09:24-debug: [Build Memory track]: 查询 Asset Bundle start:211.05MB, end 211.16MB, increase: 108.22KB
2025-7-24 11:09:24-debug: 整理部分构建选项内数据到 settings.json start, progress: 10%
2025-7-24 11:09:24-debug: // ---- build task 整理部分构建选项内数据到 settings.json ----
2025-7-24 11:09:24-log: run build task 整理部分构建选项内数据到 settings.json success in 1 ms√, progress: 12%
2025-7-24 11:09:24-debug: [Build Memory track]: 整理部分构建选项内数据到 settings.json start:211.18MB, end 211.20MB, increase: 24.25KB
2025-7-24 11:09:24-debug: [Build Memory track]: 填充脚本数据到 settings.json start:211.23MB, end 211.24MB, increase: 12.38KB
2025-7-24 11:09:24-debug: 整理部分构建选项内数据到 settings.json start, progress: 13%
2025-7-24 11:09:24-debug: // ---- build task 整理部分构建选项内数据到 settings.json ----
2025-7-24 11:09:24-debug: // ---- build task 整理部分构建选项内数据到 settings.json ---- (1ms)
2025-7-24 11:09:24-log: run build task 填充脚本数据到 settings.json success in √, progress: 13%
2025-7-24 11:09:24-debug: 填充脚本数据到 settings.json start, progress: 12%
2025-7-24 11:09:24-debug: // ---- build task 填充脚本数据到 settings.json ----
2025-7-24 11:09:24-debug: // ---- build task 整理部分构建选项内数据到 settings.json ---- (2ms)
2025-7-24 11:09:24-log: run build task 整理部分构建选项内数据到 settings.json success in 2 ms√, progress: 15%
2025-7-24 11:09:24-debug: [Build Memory track]: 整理部分构建选项内数据到 settings.json start:211.27MB, end 211.39MB, increase: 125.28KB
2025-7-24 11:09:33-debug: refresh db internal success
2025-7-24 11:09:33-debug: %cImport%c: /Users/zhao/Desktop/test/cocos-creator/PlaneFight/assets/Scripts/Enemy.tsbackground: #aaff85; color: #000;color: #000;
2025-7-24 11:09:33-debug: refresh db assets success
2025-7-24 11:09:33-debug: Run asset db hook engine-extends:afterRefresh ...
2025-7-24 11:09:33-debug: Run asset db hook engine-extends:afterRefresh success!
2025-7-24 11:09:33-debug: asset-db:refresh-all-database (33ms)
2025-7-24 11:09:33-debug: asset-db:worker-effect-data-processing (1ms)
2025-7-24 11:09:33-debug: asset-db-hook-engine-extends-afterRefresh (1ms)
2025-7-24 11:09:34-debug: %cImport%c: /Users/zhao/Desktop/test/cocos-creator/PlaneFight/assets/Scenes/Start.scenebackground: #aaff85; color: #000;color: #000;
2025-7-24 11:09:34-debug: asset-db:reimport-asset2fda4d65-a1e9-4078-8250-de49b04cdc34 (2ms)
2025-7-24 11:09:34-debug: Query all assets info in project
2025-7-24 11:09:34-debug: init custom config: keepNodeUuid: false, useCache: true
2025-7-24 11:09:34-debug: Skip compress image, progress: 0%
2025-7-24 11:09:34-debug: Init all bundles start..., progress: 0%
2025-7-24 11:09:34-debug: // ---- build task 查询 Asset Bundle ----
2025-7-24 11:09:34-debug: 查询 Asset Bundle start, progress: 0%
2025-7-24 11:09:34-debug: Init bundle root assets start..., progress: 0%
2025-7-24 11:09:34-debug: Num of bundles: 2..., progress: 0%
2025-7-24 11:09:34-debug: Query preload assets/scripts from cc.config.json: 60f7195c-ec2a-45eb-ba94-8955f60e81d0,1c02ae6f-4492-4915-b8f8-7492a3b1e4cd,810e96e4-e456-4468-9b59-f4e8f39732c0,efe8e2a3-eace-427b-b4f1-cb8a937ec77d,e9aa9a3e-5b2b-4ac7-a2c7-073de2b2b24f,8bbdbcdd-5cd4-4100-b6d5-b7c9625b6107,50f4348b-c883-4e2f-8f11-ce233b859fa1,fda095cb-831d-4601-ad94-846013963de8,f92806d7-1768-443f-afe8-12bcde84d0f0,dd3a144d-ab7f-41f0-82b8-2e43a090d496,f0416e68-0200-4b77-a926-4f9d16e494da,970b0598-bcb0-4714-91fb-2e81440dccd8,bcd64cc6-2dd9-43f6-abbe-66318d332032,d930590d-bb92-4cc8-8bd1-23cd027f9edf,a3cd009f-0ab0-420d-9278-b9fdab939bbc,6a2d0734-bd9e-4ddf-946e-caa52498cb75,c27215d8-6835-4b68-bfbb-bdeac6100c04,b5d6115f-0370-4d7c-aad3-c194cc71cf98,871c3b6c-7379-419d-bda3-794b239ab90d,ff9b0199-ce04-4cfe-86cc-6c719f08d6e4,de1c2107-70c8-4021-8459-6399f24d01c6,cbf30902-517f-40dc-af90-a550bac27cf1
2025-7-24 11:09:34-debug: Init bundle root assets success..., progress: 0%
2025-7-24 11:09:34-debug:   Number of all scenes: 1
2025-7-24 11:09:34-debug:   Number of other assets: 506
2025-7-24 11:09:34-debug:   Number of all scripts: 14
2025-7-24 11:09:34-debug: // ---- build task 查询 Asset Bundle ---- (2ms)
2025-7-24 11:09:34-debug: 查询 Asset Bundle start, progress: 5%
2025-7-24 11:09:34-log: run build task 查询 Asset Bundle success in 2 ms√, progress: 5%
2025-7-24 11:09:34-debug: // ---- build task 查询 Asset Bundle ----
2025-7-24 11:09:34-debug: [Build Memory track]: 查询 Asset Bundle start:211.30MB, end 211.92MB, increase: 639.23KB
2025-7-24 11:09:34-debug: // ---- build task 查询 Asset Bundle ---- (1ms)
2025-7-24 11:09:34-log: run build task 查询 Asset Bundle success in 1 ms√, progress: 10%
2025-7-24 11:09:34-debug: 整理部分构建选项内数据到 settings.json start, progress: 10%
2025-7-24 11:09:34-debug: [Build Memory track]: 查询 Asset Bundle start:211.95MB, end 211.27MB, increase: -690.85KB
2025-7-24 11:09:34-debug: // ---- build task 整理部分构建选项内数据到 settings.json ----
2025-7-24 11:09:34-log: run build task 整理部分构建选项内数据到 settings.json success in √, progress: 12%
2025-7-24 11:09:34-debug: [Build Memory track]: 整理部分构建选项内数据到 settings.json start:211.30MB, end 211.31MB, increase: 14.93KB
2025-7-24 11:09:34-debug: 填充脚本数据到 settings.json start, progress: 12%
2025-7-24 11:09:34-debug: // ---- build task 填充脚本数据到 settings.json ----
2025-7-24 11:09:34-log: run build task 填充脚本数据到 settings.json success in √, progress: 13%
2025-7-24 11:09:34-debug: [Build Memory track]: 填充脚本数据到 settings.json start:211.34MB, end 211.35MB, increase: 15.22KB
2025-7-24 11:09:34-debug: // ---- build task 整理部分构建选项内数据到 settings.json ----
2025-7-24 11:09:34-debug: 整理部分构建选项内数据到 settings.json start, progress: 13%
2025-7-24 11:09:34-debug: // ---- build task 整理部分构建选项内数据到 settings.json ---- (1ms)
2025-7-24 11:09:34-debug: [Build Memory track]: 整理部分构建选项内数据到 settings.json start:211.38MB, end 211.50MB, increase: 123.77KB
2025-7-24 11:09:34-log: run build task 整理部分构建选项内数据到 settings.json success in 1 ms√, progress: 15%
2025-7-24 11:09:35-debug: Query all assets info in project
2025-7-24 11:09:35-debug: init custom config: keepNodeUuid: false, useCache: true
2025-7-24 11:09:35-debug: Skip compress image, progress: 0%
2025-7-24 11:09:35-debug: Init all bundles start..., progress: 0%
2025-7-24 11:09:35-debug: Num of bundles: 2..., progress: 0%
2025-7-24 11:09:35-debug: // ---- build task 查询 Asset Bundle ----
2025-7-24 11:09:35-debug: Init bundle root assets start..., progress: 0%
2025-7-24 11:09:35-debug: 查询 Asset Bundle start, progress: 0%
2025-7-24 11:09:35-debug: Query preload assets/scripts from cc.config.json: 60f7195c-ec2a-45eb-ba94-8955f60e81d0,1c02ae6f-4492-4915-b8f8-7492a3b1e4cd,810e96e4-e456-4468-9b59-f4e8f39732c0,efe8e2a3-eace-427b-b4f1-cb8a937ec77d,e9aa9a3e-5b2b-4ac7-a2c7-073de2b2b24f,8bbdbcdd-5cd4-4100-b6d5-b7c9625b6107,50f4348b-c883-4e2f-8f11-ce233b859fa1,fda095cb-831d-4601-ad94-846013963de8,f92806d7-1768-443f-afe8-12bcde84d0f0,dd3a144d-ab7f-41f0-82b8-2e43a090d496,f0416e68-0200-4b77-a926-4f9d16e494da,970b0598-bcb0-4714-91fb-2e81440dccd8,bcd64cc6-2dd9-43f6-abbe-66318d332032,d930590d-bb92-4cc8-8bd1-23cd027f9edf,a3cd009f-0ab0-420d-9278-b9fdab939bbc,6a2d0734-bd9e-4ddf-946e-caa52498cb75,c27215d8-6835-4b68-bfbb-bdeac6100c04,b5d6115f-0370-4d7c-aad3-c194cc71cf98,871c3b6c-7379-419d-bda3-794b239ab90d,ff9b0199-ce04-4cfe-86cc-6c719f08d6e4,de1c2107-70c8-4021-8459-6399f24d01c6,cbf30902-517f-40dc-af90-a550bac27cf1
2025-7-24 11:09:35-debug:   Number of all scenes: 1
2025-7-24 11:09:35-debug:   Number of all scripts: 14
2025-7-24 11:09:35-debug:   Number of other assets: 506
2025-7-24 11:09:35-debug: Init bundle root assets success..., progress: 0%
2025-7-24 11:09:35-log: run build task 查询 Asset Bundle success in 2 ms√, progress: 5%
2025-7-24 11:09:35-debug: // ---- build task 查询 Asset Bundle ---- (2ms)
2025-7-24 11:09:35-debug: [Build Memory track]: 查询 Asset Bundle start:211.41MB, end 212.03MB, increase: 631.51KB
2025-7-24 11:09:35-debug: 查询 Asset Bundle start, progress: 5%
2025-7-24 11:09:35-debug: // ---- build task 查询 Asset Bundle ----
2025-7-24 11:09:35-log: run build task 查询 Asset Bundle success in 2 ms√, progress: 10%
2025-7-24 11:09:35-debug: 整理部分构建选项内数据到 settings.json start, progress: 10%
2025-7-24 11:09:35-debug: // ---- build task 查询 Asset Bundle ---- (2ms)
2025-7-24 11:09:35-debug: [Build Memory track]: 查询 Asset Bundle start:212.05MB, end 211.46MB, increase: -606.63KB
2025-7-24 11:09:35-debug: // ---- build task 填充脚本数据到 settings.json ----
2025-7-24 11:09:35-debug: [Build Memory track]: 整理部分构建选项内数据到 settings.json start:211.49MB, end 211.51MB, increase: 21.50KB
2025-7-24 11:09:35-debug: // ---- build task 整理部分构建选项内数据到 settings.json ---- (2ms)
2025-7-24 11:09:35-debug: // ---- build task 整理部分构建选项内数据到 settings.json ----
2025-7-24 11:09:35-log: run build task 填充脚本数据到 settings.json success in √, progress: 13%
2025-7-24 11:09:35-debug: [Build Memory track]: 填充脚本数据到 settings.json start:211.53MB, end 211.54MB, increase: 14.06KB
2025-7-24 11:09:35-log: run build task 整理部分构建选项内数据到 settings.json success in 2 ms√, progress: 12%
2025-7-24 11:09:35-debug: 整理部分构建选项内数据到 settings.json start, progress: 13%
2025-7-24 11:09:35-debug: 填充脚本数据到 settings.json start, progress: 12%
2025-7-24 11:09:35-debug: // ---- build task 整理部分构建选项内数据到 settings.json ----
2025-7-24 11:09:35-debug: // ---- build task 整理部分构建选项内数据到 settings.json ---- (2ms)
2025-7-24 11:09:35-log: run build task 整理部分构建选项内数据到 settings.json success in 2 ms√, progress: 15%
2025-7-24 11:09:35-debug: [Build Memory track]: 整理部分构建选项内数据到 settings.json start:211.57MB, end 211.69MB, increase: 125.85KB
2025-7-24 11:09:35-debug: Query all assets info in project
2025-7-24 11:09:35-debug: init custom config: keepNodeUuid: false, useCache: true
2025-7-24 11:09:35-debug: Skip compress image, progress: 0%
2025-7-24 11:09:35-debug: Init all bundles start..., progress: 0%
2025-7-24 11:09:35-debug: Num of bundles: 2..., progress: 0%
2025-7-24 11:09:35-debug: // ---- build task 查询 Asset Bundle ----
2025-7-24 11:09:35-debug: 查询 Asset Bundle start, progress: 0%
2025-7-24 11:09:35-debug: Init bundle root assets start..., progress: 0%
2025-7-24 11:09:35-debug: Query preload assets/scripts from cc.config.json: 60f7195c-ec2a-45eb-ba94-8955f60e81d0,1c02ae6f-4492-4915-b8f8-7492a3b1e4cd,810e96e4-e456-4468-9b59-f4e8f39732c0,efe8e2a3-eace-427b-b4f1-cb8a937ec77d,e9aa9a3e-5b2b-4ac7-a2c7-073de2b2b24f,8bbdbcdd-5cd4-4100-b6d5-b7c9625b6107,50f4348b-c883-4e2f-8f11-ce233b859fa1,fda095cb-831d-4601-ad94-846013963de8,f92806d7-1768-443f-afe8-12bcde84d0f0,dd3a144d-ab7f-41f0-82b8-2e43a090d496,f0416e68-0200-4b77-a926-4f9d16e494da,970b0598-bcb0-4714-91fb-2e81440dccd8,bcd64cc6-2dd9-43f6-abbe-66318d332032,d930590d-bb92-4cc8-8bd1-23cd027f9edf,a3cd009f-0ab0-420d-9278-b9fdab939bbc,6a2d0734-bd9e-4ddf-946e-caa52498cb75,c27215d8-6835-4b68-bfbb-bdeac6100c04,b5d6115f-0370-4d7c-aad3-c194cc71cf98,871c3b6c-7379-419d-bda3-794b239ab90d,ff9b0199-ce04-4cfe-86cc-6c719f08d6e4,de1c2107-70c8-4021-8459-6399f24d01c6,cbf30902-517f-40dc-af90-a550bac27cf1
2025-7-24 11:09:35-debug:   Number of all scenes: 1
2025-7-24 11:09:35-debug:   Number of other assets: 506
2025-7-24 11:09:35-debug:   Number of all scripts: 14
2025-7-24 11:09:35-debug: Init bundle root assets success..., progress: 0%
2025-7-24 11:09:35-debug: // ---- build task 查询 Asset Bundle ---- (12ms)
2025-7-24 11:09:35-log: run build task 查询 Asset Bundle success in 12 ms√, progress: 5%
2025-7-24 11:09:35-debug: [Build Memory track]: 查询 Asset Bundle start:212.03MB, end 211.77MB, increase: -271.53KB
2025-7-24 11:09:35-debug: 查询 Asset Bundle start, progress: 5%
2025-7-24 11:09:35-debug: // ---- build task 查询 Asset Bundle ----
2025-7-24 11:09:35-debug: // ---- build task 查询 Asset Bundle ---- (7ms)
2025-7-24 11:09:35-debug: [Build Memory track]: 查询 Asset Bundle start:211.79MB, end 211.90MB, increase: 106.94KB
2025-7-24 11:09:35-debug: // ---- build task 整理部分构建选项内数据到 settings.json ----
2025-7-24 11:09:35-debug: 整理部分构建选项内数据到 settings.json start, progress: 10%
2025-7-24 11:09:35-log: run build task 查询 Asset Bundle success in 7 ms√, progress: 10%
2025-7-24 11:09:35-log: run build task 整理部分构建选项内数据到 settings.json success in √, progress: 12%
2025-7-24 11:09:35-debug: 填充脚本数据到 settings.json start, progress: 12%
2025-7-24 11:09:35-debug: // ---- build task 填充脚本数据到 settings.json ----
2025-7-24 11:09:35-debug: [Build Memory track]: 整理部分构建选项内数据到 settings.json start:211.92MB, end 211.94MB, increase: 16.16KB
2025-7-24 11:09:35-log: run build task 填充脚本数据到 settings.json success in √, progress: 13%
2025-7-24 11:09:35-debug: [Build Memory track]: 填充脚本数据到 settings.json start:211.96MB, end 211.97MB, increase: 15.07KB
2025-7-24 11:09:35-debug: // ---- build task 整理部分构建选项内数据到 settings.json ----
2025-7-24 11:09:35-debug: 整理部分构建选项内数据到 settings.json start, progress: 13%
2025-7-24 11:09:35-debug: // ---- build task 整理部分构建选项内数据到 settings.json ---- (3ms)
2025-7-24 11:09:35-log: run build task 整理部分构建选项内数据到 settings.json success in 3 ms√, progress: 15%
2025-7-24 11:09:35-debug: [Build Memory track]: 整理部分构建选项内数据到 settings.json start:212.00MB, end 212.12MB, increase: 121.91KB
2025-7-24 11:09:53-debug: refresh db internal success
2025-7-24 11:09:53-debug: refresh db assets success
2025-7-24 11:09:53-debug: Run asset db hook engine-extends:afterRefresh ...
2025-7-24 11:09:53-debug: Run asset db hook engine-extends:afterRefresh success!
2025-7-24 11:09:53-debug: asset-db:worker-effect-data-processing (1ms)
2025-7-24 11:09:53-debug: asset-db:refresh-all-database (30ms)
2025-7-24 11:09:53-debug: asset-db-hook-engine-extends-afterRefresh (1ms)
2025-7-24 11:11:17-debug: %cImport%c: /Users/zhao/Desktop/test/cocos-creator/PlaneFight/assets/Animations/Enemy1Down.animbackground: #aaff85; color: #000;color: #000;
2025-7-24 11:11:17-debug: asset-db:reimport-asset02d8df83-d7f4-410d-becf-d673033a2c1a (7ms)
2025-7-24 11:11:19-debug: Query all assets info in project
2025-7-24 11:11:19-debug: init custom config: keepNodeUuid: false, useCache: true
2025-7-24 11:11:19-debug: Skip compress image, progress: 0%
2025-7-24 11:11:19-debug: Init all bundles start..., progress: 0%
2025-7-24 11:11:19-debug: Num of bundles: 2..., progress: 0%
2025-7-24 11:11:19-debug: Init bundle root assets start..., progress: 0%
2025-7-24 11:11:19-debug: // ---- build task 查询 Asset Bundle ----
2025-7-24 11:11:19-debug: 查询 Asset Bundle start, progress: 0%
2025-7-24 11:11:19-debug: Query preload assets/scripts from cc.config.json: 60f7195c-ec2a-45eb-ba94-8955f60e81d0,1c02ae6f-4492-4915-b8f8-7492a3b1e4cd,810e96e4-e456-4468-9b59-f4e8f39732c0,efe8e2a3-eace-427b-b4f1-cb8a937ec77d,e9aa9a3e-5b2b-4ac7-a2c7-073de2b2b24f,8bbdbcdd-5cd4-4100-b6d5-b7c9625b6107,50f4348b-c883-4e2f-8f11-ce233b859fa1,fda095cb-831d-4601-ad94-846013963de8,f92806d7-1768-443f-afe8-12bcde84d0f0,dd3a144d-ab7f-41f0-82b8-2e43a090d496,f0416e68-0200-4b77-a926-4f9d16e494da,970b0598-bcb0-4714-91fb-2e81440dccd8,bcd64cc6-2dd9-43f6-abbe-66318d332032,d930590d-bb92-4cc8-8bd1-23cd027f9edf,a3cd009f-0ab0-420d-9278-b9fdab939bbc,6a2d0734-bd9e-4ddf-946e-caa52498cb75,c27215d8-6835-4b68-bfbb-bdeac6100c04,b5d6115f-0370-4d7c-aad3-c194cc71cf98,871c3b6c-7379-419d-bda3-794b239ab90d,ff9b0199-ce04-4cfe-86cc-6c719f08d6e4,de1c2107-70c8-4021-8459-6399f24d01c6,cbf30902-517f-40dc-af90-a550bac27cf1
2025-7-24 11:11:19-debug:   Number of all scripts: 14
2025-7-24 11:11:19-debug: Init bundle root assets success..., progress: 0%
2025-7-24 11:11:19-debug:   Number of all scenes: 1
2025-7-24 11:11:19-debug:   Number of other assets: 506
2025-7-24 11:11:19-debug: // ---- build task 查询 Asset Bundle ---- (2ms)
2025-7-24 11:11:19-log: run build task 查询 Asset Bundle success in 2 ms√, progress: 5%
2025-7-24 11:11:19-debug: [Build Memory track]: 查询 Asset Bundle start:212.30MB, end 212.00MB, increase: -307.77KB
2025-7-24 11:11:19-debug: 查询 Asset Bundle start, progress: 5%
2025-7-24 11:11:19-debug: // ---- build task 查询 Asset Bundle ----
2025-7-24 11:11:19-debug: // ---- build task 查询 Asset Bundle ---- (1ms)
2025-7-24 11:11:19-debug: [Build Memory track]: 查询 Asset Bundle start:212.02MB, end 212.13MB, increase: 109.28KB
2025-7-24 11:11:19-debug: 整理部分构建选项内数据到 settings.json start, progress: 10%
2025-7-24 11:11:19-debug: // ---- build task 整理部分构建选项内数据到 settings.json ----
2025-7-24 11:11:19-log: run build task 查询 Asset Bundle success in 1 ms√, progress: 10%
2025-7-24 11:11:19-log: run build task 整理部分构建选项内数据到 settings.json success in √, progress: 12%
2025-7-24 11:11:19-debug: [Build Memory track]: 整理部分构建选项内数据到 settings.json start:212.15MB, end 212.17MB, increase: 16.41KB
2025-7-24 11:11:19-debug: // ---- build task 填充脚本数据到 settings.json ----
2025-7-24 11:11:19-debug: 填充脚本数据到 settings.json start, progress: 12%
2025-7-24 11:11:19-log: run build task 填充脚本数据到 settings.json success in √, progress: 13%
2025-7-24 11:11:19-debug: // ---- build task 整理部分构建选项内数据到 settings.json ----
2025-7-24 11:11:19-debug: 整理部分构建选项内数据到 settings.json start, progress: 13%
2025-7-24 11:11:19-debug: [Build Memory track]: 填充脚本数据到 settings.json start:212.19MB, end 212.21MB, increase: 15.10KB
2025-7-24 11:11:19-debug: // ---- build task 整理部分构建选项内数据到 settings.json ---- (1ms)
2025-7-24 11:11:19-debug: [Build Memory track]: 整理部分构建选项内数据到 settings.json start:212.23MB, end 212.35MB, increase: 121.73KB
2025-7-24 11:11:19-log: run build task 整理部分构建选项内数据到 settings.json success in 1 ms√, progress: 15%
2025-7-24 11:12:17-debug: refresh db internal success
2025-7-24 11:12:17-debug: refresh db assets success
2025-7-24 11:12:17-debug: Run asset db hook engine-extends:afterRefresh ...
2025-7-24 11:12:17-debug: Run asset db hook engine-extends:afterRefresh success!
2025-7-24 11:12:17-debug: asset-db:refresh-all-database (57ms)
2025-7-24 11:12:17-debug: asset-db:worker-effect-data-processing (2ms)
2025-7-24 11:12:17-debug: asset-db-hook-engine-extends-afterRefresh (2ms)
2025-7-24 11:12:29-debug: %cImport%c: /Users/zhao/Desktop/test/cocos-creator/PlaneFight/assets/Animations/Enemy1Down.animbackground: #aaff85; color: #000;color: #000;
2025-7-24 11:12:29-debug: asset-db:reimport-asset02d8df83-d7f4-410d-becf-d673033a2c1a (6ms)
2025-7-24 11:12:31-debug: Query all assets info in project
2025-7-24 11:12:31-debug: init custom config: keepNodeUuid: false, useCache: true
2025-7-24 11:12:31-debug: Skip compress image, progress: 0%
2025-7-24 11:12:31-debug: Init all bundles start..., progress: 0%
2025-7-24 11:12:31-debug: Num of bundles: 2..., progress: 0%
2025-7-24 11:12:31-debug: 查询 Asset Bundle start, progress: 0%
2025-7-24 11:12:31-debug: // ---- build task 查询 Asset Bundle ----
2025-7-24 11:12:31-debug: Init bundle root assets start..., progress: 0%
2025-7-24 11:12:31-debug: Query preload assets/scripts from cc.config.json: 60f7195c-ec2a-45eb-ba94-8955f60e81d0,1c02ae6f-4492-4915-b8f8-7492a3b1e4cd,810e96e4-e456-4468-9b59-f4e8f39732c0,efe8e2a3-eace-427b-b4f1-cb8a937ec77d,e9aa9a3e-5b2b-4ac7-a2c7-073de2b2b24f,8bbdbcdd-5cd4-4100-b6d5-b7c9625b6107,50f4348b-c883-4e2f-8f11-ce233b859fa1,fda095cb-831d-4601-ad94-846013963de8,f92806d7-1768-443f-afe8-12bcde84d0f0,dd3a144d-ab7f-41f0-82b8-2e43a090d496,f0416e68-0200-4b77-a926-4f9d16e494da,970b0598-bcb0-4714-91fb-2e81440dccd8,bcd64cc6-2dd9-43f6-abbe-66318d332032,d930590d-bb92-4cc8-8bd1-23cd027f9edf,a3cd009f-0ab0-420d-9278-b9fdab939bbc,6a2d0734-bd9e-4ddf-946e-caa52498cb75,c27215d8-6835-4b68-bfbb-bdeac6100c04,b5d6115f-0370-4d7c-aad3-c194cc71cf98,871c3b6c-7379-419d-bda3-794b239ab90d,ff9b0199-ce04-4cfe-86cc-6c719f08d6e4,de1c2107-70c8-4021-8459-6399f24d01c6,cbf30902-517f-40dc-af90-a550bac27cf1
2025-7-24 11:12:31-debug:   Number of all scripts: 14
2025-7-24 11:12:31-debug:   Number of all scenes: 1
2025-7-24 11:12:31-debug:   Number of other assets: 506
2025-7-24 11:12:31-debug: Init bundle root assets success..., progress: 0%
2025-7-24 11:12:31-debug: // ---- build task 查询 Asset Bundle ---- (1ms)
2025-7-24 11:12:31-debug: [Build Memory track]: 查询 Asset Bundle start:212.85MB, end 212.56MB, increase: -293.86KB
2025-7-24 11:12:31-log: run build task 查询 Asset Bundle success in 1 ms√, progress: 5%
2025-7-24 11:12:31-debug: // ---- build task 查询 Asset Bundle ----
2025-7-24 11:12:31-debug: 查询 Asset Bundle start, progress: 5%
2025-7-24 11:12:31-debug: // ---- build task 查询 Asset Bundle ---- (1ms)
2025-7-24 11:12:31-debug: [Build Memory track]: 查询 Asset Bundle start:212.59MB, end 212.69MB, increase: 105.60KB
2025-7-24 11:12:31-debug: 整理部分构建选项内数据到 settings.json start, progress: 10%
2025-7-24 11:12:31-debug: // ---- build task 整理部分构建选项内数据到 settings.json ----
2025-7-24 11:12:31-log: run build task 查询 Asset Bundle success in 1 ms√, progress: 10%
2025-7-24 11:12:31-log: run build task 整理部分构建选项内数据到 settings.json success in √, progress: 12%
2025-7-24 11:12:31-debug: [Build Memory track]: 整理部分构建选项内数据到 settings.json start:212.71MB, end 212.73MB, increase: 16.39KB
2025-7-24 11:12:31-debug: 填充脚本数据到 settings.json start, progress: 12%
2025-7-24 11:12:31-debug: // ---- build task 填充脚本数据到 settings.json ----
2025-7-24 11:12:31-log: run build task 填充脚本数据到 settings.json success in √, progress: 13%
2025-7-24 11:12:31-debug: 整理部分构建选项内数据到 settings.json start, progress: 13%
2025-7-24 11:12:31-debug: // ---- build task 整理部分构建选项内数据到 settings.json ----
2025-7-24 11:12:31-debug: [Build Memory track]: 填充脚本数据到 settings.json start:212.75MB, end 212.77MB, increase: 15.13KB
2025-7-24 11:12:31-debug: // ---- build task 整理部分构建选项内数据到 settings.json ---- (1ms)
2025-7-24 11:12:31-log: run build task 整理部分构建选项内数据到 settings.json success in 1 ms√, progress: 15%
2025-7-24 11:12:31-debug: [Build Memory track]: 整理部分构建选项内数据到 settings.json start:212.79MB, end 212.93MB, increase: 136.48KB
2025-7-24 11:13:35-debug: refresh db internal success
2025-7-24 11:13:35-debug: %cImport%c: /Users/zhao/Desktop/test/cocos-creator/PlaneFight/assets/Scripts/Enemy.tsbackground: #aaff85; color: #000;color: #000;
2025-7-24 11:13:35-debug: refresh db assets success
2025-7-24 11:13:35-debug: Run asset db hook engine-extends:afterRefresh ...
2025-7-24 11:13:35-debug: Run asset db hook engine-extends:afterRefresh success!
2025-7-24 11:13:35-debug: asset-db:refresh-all-database (32ms)
2025-7-24 11:13:35-debug: asset-db:worker-effect-data-processing (1ms)
2025-7-24 11:13:35-debug: asset-db-hook-engine-extends-afterRefresh (1ms)
2025-7-24 11:13:35-debug: %cImport%c: /Users/zhao/Desktop/test/cocos-creator/PlaneFight/assets/Animations/Enemy1Down.animbackground: #aaff85; color: #000;color: #000;
2025-7-24 11:13:35-debug: asset-db:reimport-asset02d8df83-d7f4-410d-becf-d673033a2c1a (3ms)
2025-7-24 11:13:36-debug: Query all assets info in project
2025-7-24 11:13:36-debug: init custom config: keepNodeUuid: false, useCache: true
2025-7-24 11:13:36-debug: Skip compress image, progress: 0%
2025-7-24 11:13:36-debug: Init all bundles start..., progress: 0%
2025-7-24 11:13:36-debug: 查询 Asset Bundle start, progress: 0%
2025-7-24 11:13:36-debug: Init bundle root assets start..., progress: 0%
2025-7-24 11:13:36-debug: // ---- build task 查询 Asset Bundle ----
2025-7-24 11:13:36-debug: Num of bundles: 2..., progress: 0%
2025-7-24 11:13:36-debug: Query preload assets/scripts from cc.config.json: 60f7195c-ec2a-45eb-ba94-8955f60e81d0,1c02ae6f-4492-4915-b8f8-7492a3b1e4cd,810e96e4-e456-4468-9b59-f4e8f39732c0,efe8e2a3-eace-427b-b4f1-cb8a937ec77d,e9aa9a3e-5b2b-4ac7-a2c7-073de2b2b24f,8bbdbcdd-5cd4-4100-b6d5-b7c9625b6107,50f4348b-c883-4e2f-8f11-ce233b859fa1,fda095cb-831d-4601-ad94-846013963de8,f92806d7-1768-443f-afe8-12bcde84d0f0,dd3a144d-ab7f-41f0-82b8-2e43a090d496,f0416e68-0200-4b77-a926-4f9d16e494da,970b0598-bcb0-4714-91fb-2e81440dccd8,bcd64cc6-2dd9-43f6-abbe-66318d332032,d930590d-bb92-4cc8-8bd1-23cd027f9edf,a3cd009f-0ab0-420d-9278-b9fdab939bbc,6a2d0734-bd9e-4ddf-946e-caa52498cb75,c27215d8-6835-4b68-bfbb-bdeac6100c04,b5d6115f-0370-4d7c-aad3-c194cc71cf98,871c3b6c-7379-419d-bda3-794b239ab90d,ff9b0199-ce04-4cfe-86cc-6c719f08d6e4,de1c2107-70c8-4021-8459-6399f24d01c6,cbf30902-517f-40dc-af90-a550bac27cf1
2025-7-24 11:13:36-debug:   Number of other assets: 506
2025-7-24 11:13:36-debug: Init bundle root assets success..., progress: 0%
2025-7-24 11:13:36-debug:   Number of all scenes: 1
2025-7-24 11:13:36-debug:   Number of all scripts: 14
2025-7-24 11:13:36-log: run build task 查询 Asset Bundle success in 4 ms√, progress: 5%
2025-7-24 11:13:36-debug: [Build Memory track]: 查询 Asset Bundle start:213.58MB, end 213.40MB, increase: -186.29KB
2025-7-24 11:13:36-debug: // ---- build task 查询 Asset Bundle ---- (4ms)
2025-7-24 11:13:36-debug: 查询 Asset Bundle start, progress: 5%
2025-7-24 11:13:36-debug: // ---- build task 查询 Asset Bundle ----
2025-7-24 11:13:36-debug: // ---- build task 查询 Asset Bundle ---- (3ms)
2025-7-24 11:13:36-log: run build task 查询 Asset Bundle success in 3 ms√, progress: 10%
2025-7-24 11:13:36-debug: 整理部分构建选项内数据到 settings.json start, progress: 10%
2025-7-24 11:13:36-debug: [Build Memory track]: 查询 Asset Bundle start:213.42MB, end 213.53MB, increase: 106.61KB
2025-7-24 11:13:36-debug: // ---- build task 整理部分构建选项内数据到 settings.json ----
2025-7-24 11:13:36-debug: // ---- build task 整理部分构建选项内数据到 settings.json ---- (1ms)
2025-7-24 11:13:36-log: run build task 整理部分构建选项内数据到 settings.json success in 1 ms√, progress: 12%
2025-7-24 11:13:36-debug: [Build Memory track]: 整理部分构建选项内数据到 settings.json start:213.55MB, end 212.88MB, increase: -690.89KB
2025-7-24 11:13:36-debug: // ---- build task 填充脚本数据到 settings.json ----
2025-7-24 11:13:36-log: run build task 填充脚本数据到 settings.json success in √, progress: 13%
2025-7-24 11:13:36-debug: 填充脚本数据到 settings.json start, progress: 12%
2025-7-24 11:13:36-debug: 整理部分构建选项内数据到 settings.json start, progress: 13%
2025-7-24 11:13:36-debug: // ---- build task 整理部分构建选项内数据到 settings.json ----
2025-7-24 11:13:36-debug: [Build Memory track]: 填充脚本数据到 settings.json start:212.90MB, end 212.91MB, increase: 12.51KB
2025-7-24 11:13:36-log: run build task 整理部分构建选项内数据到 settings.json success in 7 ms√, progress: 15%
2025-7-24 11:13:36-debug: // ---- build task 整理部分构建选项内数据到 settings.json ---- (7ms)
2025-7-24 11:13:36-debug: [Build Memory track]: 整理部分构建选项内数据到 settings.json start:212.94MB, end 213.06MB, increase: 126.71KB
2025-7-24 11:13:36-debug: Query all assets info in project
2025-7-24 11:13:36-debug: init custom config: keepNodeUuid: false, useCache: true
2025-7-24 11:13:36-debug: Skip compress image, progress: 0%
2025-7-24 11:13:36-debug: Init all bundles start..., progress: 0%
2025-7-24 11:13:36-debug: Num of bundles: 2..., progress: 0%
2025-7-24 11:13:36-debug: // ---- build task 查询 Asset Bundle ----
2025-7-24 11:13:36-debug: 查询 Asset Bundle start, progress: 0%
2025-7-24 11:13:36-debug: Init bundle root assets start..., progress: 0%
2025-7-24 11:13:36-debug: Query preload assets/scripts from cc.config.json: 60f7195c-ec2a-45eb-ba94-8955f60e81d0,1c02ae6f-4492-4915-b8f8-7492a3b1e4cd,810e96e4-e456-4468-9b59-f4e8f39732c0,efe8e2a3-eace-427b-b4f1-cb8a937ec77d,e9aa9a3e-5b2b-4ac7-a2c7-073de2b2b24f,8bbdbcdd-5cd4-4100-b6d5-b7c9625b6107,50f4348b-c883-4e2f-8f11-ce233b859fa1,fda095cb-831d-4601-ad94-846013963de8,f92806d7-1768-443f-afe8-12bcde84d0f0,dd3a144d-ab7f-41f0-82b8-2e43a090d496,f0416e68-0200-4b77-a926-4f9d16e494da,970b0598-bcb0-4714-91fb-2e81440dccd8,bcd64cc6-2dd9-43f6-abbe-66318d332032,d930590d-bb92-4cc8-8bd1-23cd027f9edf,a3cd009f-0ab0-420d-9278-b9fdab939bbc,6a2d0734-bd9e-4ddf-946e-caa52498cb75,c27215d8-6835-4b68-bfbb-bdeac6100c04,b5d6115f-0370-4d7c-aad3-c194cc71cf98,871c3b6c-7379-419d-bda3-794b239ab90d,ff9b0199-ce04-4cfe-86cc-6c719f08d6e4,de1c2107-70c8-4021-8459-6399f24d01c6,cbf30902-517f-40dc-af90-a550bac27cf1
2025-7-24 11:13:36-debug:   Number of all scripts: 14
2025-7-24 11:13:36-debug:   Number of all scenes: 1
2025-7-24 11:13:36-debug: Init bundle root assets success..., progress: 0%
2025-7-24 11:13:36-debug:   Number of other assets: 506
2025-7-24 11:13:36-debug: // ---- build task 查询 Asset Bundle ---- (2ms)
2025-7-24 11:13:36-debug: 查询 Asset Bundle start, progress: 5%
2025-7-24 11:13:36-debug: // ---- build task 查询 Asset Bundle ----
2025-7-24 11:13:36-debug: [Build Memory track]: 查询 Asset Bundle start:213.40MB, end 213.16MB, increase: -248.41KB
2025-7-24 11:13:36-log: run build task 查询 Asset Bundle success in 2 ms√, progress: 5%
2025-7-24 11:13:36-debug: // ---- build task 查询 Asset Bundle ---- (2ms)
2025-7-24 11:13:36-log: run build task 查询 Asset Bundle success in 2 ms√, progress: 10%
2025-7-24 11:13:36-debug: 整理部分构建选项内数据到 settings.json start, progress: 10%
2025-7-24 11:13:36-debug: // ---- build task 整理部分构建选项内数据到 settings.json ----
2025-7-24 11:13:36-debug: [Build Memory track]: 查询 Asset Bundle start:213.18MB, end 213.28MB, increase: 105.25KB
2025-7-24 11:13:36-debug: // ---- build task 整理部分构建选项内数据到 settings.json ---- (1ms)
2025-7-24 11:13:36-debug: [Build Memory track]: 整理部分构建选项内数据到 settings.json start:213.31MB, end 213.33MB, increase: 24.30KB
2025-7-24 11:13:36-log: run build task 整理部分构建选项内数据到 settings.json success in 1 ms√, progress: 12%
2025-7-24 11:13:36-log: run build task 填充脚本数据到 settings.json success in 1 ms√, progress: 13%
2025-7-24 11:13:36-debug: 整理部分构建选项内数据到 settings.json start, progress: 13%
2025-7-24 11:13:36-debug: // ---- build task 整理部分构建选项内数据到 settings.json ----
2025-7-24 11:13:36-debug: // ---- build task 填充脚本数据到 settings.json ----
2025-7-24 11:13:36-debug: [Build Memory track]: 填充脚本数据到 settings.json start:213.36MB, end 213.38MB, increase: 20.46KB
2025-7-24 11:13:36-debug: 填充脚本数据到 settings.json start, progress: 12%
2025-7-24 11:13:36-debug: // ---- build task 填充脚本数据到 settings.json ---- (1ms)
2025-7-24 11:13:36-debug: // ---- build task 整理部分构建选项内数据到 settings.json ---- (2ms)
2025-7-24 11:13:36-log: run build task 整理部分构建选项内数据到 settings.json success in 2 ms√, progress: 15%
2025-7-24 11:13:36-debug: [Build Memory track]: 整理部分构建选项内数据到 settings.json start:213.40MB, end 213.52MB, increase: 125.58KB
2025-7-24 11:13:36-debug: Query all assets info in project
2025-7-24 11:13:36-debug: Skip compress image, progress: 0%
2025-7-24 11:13:36-debug: init custom config: keepNodeUuid: false, useCache: true
2025-7-24 11:13:36-debug: Init all bundles start..., progress: 0%
2025-7-24 11:13:36-debug: Num of bundles: 2..., progress: 0%
2025-7-24 11:13:36-debug: // ---- build task 查询 Asset Bundle ----
2025-7-24 11:13:36-debug: 查询 Asset Bundle start, progress: 0%
2025-7-24 11:13:36-debug: Init bundle root assets start..., progress: 0%
2025-7-24 11:13:36-debug: Query preload assets/scripts from cc.config.json: 60f7195c-ec2a-45eb-ba94-8955f60e81d0,1c02ae6f-4492-4915-b8f8-7492a3b1e4cd,810e96e4-e456-4468-9b59-f4e8f39732c0,efe8e2a3-eace-427b-b4f1-cb8a937ec77d,e9aa9a3e-5b2b-4ac7-a2c7-073de2b2b24f,8bbdbcdd-5cd4-4100-b6d5-b7c9625b6107,50f4348b-c883-4e2f-8f11-ce233b859fa1,fda095cb-831d-4601-ad94-846013963de8,f92806d7-1768-443f-afe8-12bcde84d0f0,dd3a144d-ab7f-41f0-82b8-2e43a090d496,f0416e68-0200-4b77-a926-4f9d16e494da,970b0598-bcb0-4714-91fb-2e81440dccd8,bcd64cc6-2dd9-43f6-abbe-66318d332032,d930590d-bb92-4cc8-8bd1-23cd027f9edf,a3cd009f-0ab0-420d-9278-b9fdab939bbc,6a2d0734-bd9e-4ddf-946e-caa52498cb75,c27215d8-6835-4b68-bfbb-bdeac6100c04,b5d6115f-0370-4d7c-aad3-c194cc71cf98,871c3b6c-7379-419d-bda3-794b239ab90d,ff9b0199-ce04-4cfe-86cc-6c719f08d6e4,de1c2107-70c8-4021-8459-6399f24d01c6,cbf30902-517f-40dc-af90-a550bac27cf1
2025-7-24 11:13:36-debug: Init bundle root assets success..., progress: 0%
2025-7-24 11:13:36-debug:   Number of all scenes: 1
2025-7-24 11:13:36-debug:   Number of all scripts: 14
2025-7-24 11:13:36-debug:   Number of other assets: 506
2025-7-24 11:13:36-debug: // ---- build task 查询 Asset Bundle ---- (3ms)
2025-7-24 11:13:36-debug: [Build Memory track]: 查询 Asset Bundle start:213.22MB, end 213.01MB, increase: -209.36KB
2025-7-24 11:13:36-log: run build task 查询 Asset Bundle success in 3 ms√, progress: 5%
2025-7-24 11:13:36-debug: // ---- build task 查询 Asset Bundle ----
2025-7-24 11:13:36-debug: 查询 Asset Bundle start, progress: 5%
2025-7-24 11:13:36-debug: // ---- build task 查询 Asset Bundle ---- (2ms)
2025-7-24 11:13:36-debug: 整理部分构建选项内数据到 settings.json start, progress: 10%
2025-7-24 11:13:36-debug: // ---- build task 整理部分构建选项内数据到 settings.json ----
2025-7-24 11:13:36-debug: [Build Memory track]: 整理部分构建选项内数据到 settings.json start:213.17MB, end 213.18MB, increase: 13.02KB
2025-7-24 11:13:36-debug: // ---- build task 填充脚本数据到 settings.json ----
2025-7-24 11:13:36-debug: 填充脚本数据到 settings.json start, progress: 12%
2025-7-24 11:13:36-log: run build task 整理部分构建选项内数据到 settings.json success in √, progress: 12%
2025-7-24 11:13:36-log: run build task 查询 Asset Bundle success in 2 ms√, progress: 10%
2025-7-24 11:13:36-debug: [Build Memory track]: 查询 Asset Bundle start:213.04MB, end 213.14MB, increase: 105.25KB
2025-7-24 11:13:36-debug: // ---- build task 填充脚本数据到 settings.json ---- (4ms)
2025-7-24 11:13:36-debug: // ---- build task 整理部分构建选项内数据到 settings.json ----
2025-7-24 11:13:36-debug: [Build Memory track]: 填充脚本数据到 settings.json start:213.20MB, end 213.23MB, increase: 26.36KB
2025-7-24 11:13:36-log: run build task 填充脚本数据到 settings.json success in 4 ms√, progress: 13%
2025-7-24 11:13:36-debug: 整理部分构建选项内数据到 settings.json start, progress: 13%
2025-7-24 11:13:36-debug: // ---- build task 整理部分构建选项内数据到 settings.json ---- (3ms)
2025-7-24 11:13:36-log: run build task 整理部分构建选项内数据到 settings.json success in 3 ms√, progress: 15%
2025-7-24 11:13:36-debug: [Build Memory track]: 整理部分构建选项内数据到 settings.json start:213.25MB, end 213.37MB, increase: 122.47KB
2025-7-24 11:15:24-debug: refresh db internal success
2025-7-24 11:15:24-debug: %cImport%c: /Users/zhao/Desktop/test/cocos-creator/PlaneFight/assets/Scripts/Enemy.tsbackground: #aaff85; color: #000;color: #000;
2025-7-24 11:15:24-debug: refresh db assets success
2025-7-24 11:15:24-debug: Run asset db hook engine-extends:afterRefresh ...
2025-7-24 11:15:24-debug: Run asset db hook engine-extends:afterRefresh success!
2025-7-24 11:15:24-debug: asset-db:refresh-all-database (41ms)
2025-7-24 11:15:24-debug: asset-db-hook-engine-extends-afterRefresh (3ms)
2025-7-24 11:15:24-debug: asset-db:worker-effect-data-processing (3ms)
2025-7-24 11:15:25-debug: Query all assets info in project
2025-7-24 11:15:25-debug: init custom config: keepNodeUuid: false, useCache: true
2025-7-24 11:15:25-debug: Skip compress image, progress: 0%
2025-7-24 11:15:25-debug: Init all bundles start..., progress: 0%
2025-7-24 11:15:25-debug: Num of bundles: 2..., progress: 0%
2025-7-24 11:15:25-debug: Init bundle root assets start..., progress: 0%
2025-7-24 11:15:25-debug: // ---- build task 查询 Asset Bundle ----
2025-7-24 11:15:25-debug: 查询 Asset Bundle start, progress: 0%
2025-7-24 11:15:25-debug: Query preload assets/scripts from cc.config.json: 60f7195c-ec2a-45eb-ba94-8955f60e81d0,1c02ae6f-4492-4915-b8f8-7492a3b1e4cd,810e96e4-e456-4468-9b59-f4e8f39732c0,efe8e2a3-eace-427b-b4f1-cb8a937ec77d,e9aa9a3e-5b2b-4ac7-a2c7-073de2b2b24f,8bbdbcdd-5cd4-4100-b6d5-b7c9625b6107,50f4348b-c883-4e2f-8f11-ce233b859fa1,fda095cb-831d-4601-ad94-846013963de8,f92806d7-1768-443f-afe8-12bcde84d0f0,dd3a144d-ab7f-41f0-82b8-2e43a090d496,f0416e68-0200-4b77-a926-4f9d16e494da,970b0598-bcb0-4714-91fb-2e81440dccd8,bcd64cc6-2dd9-43f6-abbe-66318d332032,d930590d-bb92-4cc8-8bd1-23cd027f9edf,a3cd009f-0ab0-420d-9278-b9fdab939bbc,6a2d0734-bd9e-4ddf-946e-caa52498cb75,c27215d8-6835-4b68-bfbb-bdeac6100c04,b5d6115f-0370-4d7c-aad3-c194cc71cf98,871c3b6c-7379-419d-bda3-794b239ab90d,ff9b0199-ce04-4cfe-86cc-6c719f08d6e4,de1c2107-70c8-4021-8459-6399f24d01c6,cbf30902-517f-40dc-af90-a550bac27cf1
2025-7-24 11:15:25-debug: Init bundle root assets success..., progress: 0%
2025-7-24 11:15:25-debug:   Number of all scenes: 1
2025-7-24 11:15:25-debug: // ---- build task 查询 Asset Bundle ---- (5ms)
2025-7-24 11:15:25-log: run build task 查询 Asset Bundle success in 5 ms√, progress: 5%
2025-7-24 11:15:25-debug: [Build Memory track]: 查询 Asset Bundle start:213.63MB, end 213.37MB, increase: -271.95KB
2025-7-24 11:15:25-debug: 查询 Asset Bundle start, progress: 5%
2025-7-24 11:15:25-debug: // ---- build task 查询 Asset Bundle ----
2025-7-24 11:15:25-debug:   Number of all scripts: 14
2025-7-24 11:15:25-debug:   Number of other assets: 506
2025-7-24 11:15:25-debug: // ---- build task 查询 Asset Bundle ---- (3ms)
2025-7-24 11:15:25-log: run build task 查询 Asset Bundle success in 3 ms√, progress: 10%
2025-7-24 11:15:25-debug: [Build Memory track]: 查询 Asset Bundle start:213.39MB, end 213.50MB, increase: 108.76KB
2025-7-24 11:15:25-debug: // ---- build task 整理部分构建选项内数据到 settings.json ----
2025-7-24 11:15:25-debug: 整理部分构建选项内数据到 settings.json start, progress: 10%
2025-7-24 11:15:25-debug: // ---- build task 整理部分构建选项内数据到 settings.json ---- (1ms)
2025-7-24 11:15:25-log: run build task 整理部分构建选项内数据到 settings.json success in 1 ms√, progress: 12%
2025-7-24 11:15:25-debug: [Build Memory track]: 整理部分构建选项内数据到 settings.json start:213.52MB, end 213.55MB, increase: 24.44KB
2025-7-24 11:15:25-debug: 填充脚本数据到 settings.json start, progress: 12%
2025-7-24 11:15:25-debug: // ---- build task 填充脚本数据到 settings.json ----
2025-7-24 11:15:25-debug: // ---- build task 填充脚本数据到 settings.json ---- (1ms)
2025-7-24 11:15:25-log: run build task 填充脚本数据到 settings.json success in 1 ms√, progress: 13%
2025-7-24 11:15:25-debug: [Build Memory track]: 填充脚本数据到 settings.json start:213.57MB, end 213.59MB, increase: 23.84KB
2025-7-24 11:15:25-debug: 整理部分构建选项内数据到 settings.json start, progress: 13%
2025-7-24 11:15:25-debug: // ---- build task 整理部分构建选项内数据到 settings.json ----
2025-7-24 11:15:25-debug: // ---- build task 整理部分构建选项内数据到 settings.json ---- (4ms)
2025-7-24 11:15:25-debug: [Build Memory track]: 整理部分构建选项内数据到 settings.json start:213.62MB, end 213.74MB, increase: 122.23KB
2025-7-24 11:15:25-log: run build task 整理部分构建选项内数据到 settings.json success in 4 ms√, progress: 15%
2025-7-24 11:15:25-debug: Query all assets info in project
2025-7-24 11:15:25-debug: init custom config: keepNodeUuid: false, useCache: true
2025-7-24 11:15:25-debug: Skip compress image, progress: 0%
2025-7-24 11:15:25-debug: Init all bundles start..., progress: 0%
2025-7-24 11:15:25-debug: 查询 Asset Bundle start, progress: 0%
2025-7-24 11:15:25-debug: // ---- build task 查询 Asset Bundle ----
2025-7-24 11:15:25-debug: Init bundle root assets start..., progress: 0%
2025-7-24 11:15:25-debug: Num of bundles: 2..., progress: 0%
2025-7-24 11:15:25-debug: Query preload assets/scripts from cc.config.json: 60f7195c-ec2a-45eb-ba94-8955f60e81d0,1c02ae6f-4492-4915-b8f8-7492a3b1e4cd,810e96e4-e456-4468-9b59-f4e8f39732c0,efe8e2a3-eace-427b-b4f1-cb8a937ec77d,e9aa9a3e-5b2b-4ac7-a2c7-073de2b2b24f,8bbdbcdd-5cd4-4100-b6d5-b7c9625b6107,50f4348b-c883-4e2f-8f11-ce233b859fa1,fda095cb-831d-4601-ad94-846013963de8,f92806d7-1768-443f-afe8-12bcde84d0f0,dd3a144d-ab7f-41f0-82b8-2e43a090d496,f0416e68-0200-4b77-a926-4f9d16e494da,970b0598-bcb0-4714-91fb-2e81440dccd8,bcd64cc6-2dd9-43f6-abbe-66318d332032,d930590d-bb92-4cc8-8bd1-23cd027f9edf,a3cd009f-0ab0-420d-9278-b9fdab939bbc,6a2d0734-bd9e-4ddf-946e-caa52498cb75,c27215d8-6835-4b68-bfbb-bdeac6100c04,b5d6115f-0370-4d7c-aad3-c194cc71cf98,871c3b6c-7379-419d-bda3-794b239ab90d,ff9b0199-ce04-4cfe-86cc-6c719f08d6e4,de1c2107-70c8-4021-8459-6399f24d01c6,cbf30902-517f-40dc-af90-a550bac27cf1
2025-7-24 11:15:25-debug:   Number of all scenes: 1
2025-7-24 11:15:25-debug:   Number of all scripts: 14
2025-7-24 11:15:25-debug:   Number of other assets: 506
2025-7-24 11:15:25-debug: Init bundle root assets success..., progress: 0%
2025-7-24 11:15:25-debug: // ---- build task 查询 Asset Bundle ---- (5ms)
2025-7-24 11:15:25-log: run build task 查询 Asset Bundle success in 5 ms√, progress: 5%
2025-7-24 11:15:25-debug: [Build Memory track]: 查询 Asset Bundle start:214.10MB, end 213.98MB, increase: -126.70KB
2025-7-24 11:15:25-debug: 查询 Asset Bundle start, progress: 5%
2025-7-24 11:15:25-debug: // ---- build task 查询 Asset Bundle ----
2025-7-24 11:15:25-log: run build task 查询 Asset Bundle success in 5 ms√, progress: 10%
2025-7-24 11:15:25-debug: [Build Memory track]: 查询 Asset Bundle start:214.00MB, end 214.11MB, increase: 108.84KB
2025-7-24 11:15:25-debug: 整理部分构建选项内数据到 settings.json start, progress: 10%
2025-7-24 11:15:25-debug: // ---- build task 整理部分构建选项内数据到 settings.json ----
2025-7-24 11:15:25-log: run build task 整理部分构建选项内数据到 settings.json success in √, progress: 12%
2025-7-24 11:15:25-debug: [Build Memory track]: 整理部分构建选项内数据到 settings.json start:214.13MB, end 213.40MB, increase: -747.98KB
2025-7-24 11:15:25-debug: 填充脚本数据到 settings.json start, progress: 12%
2025-7-24 11:15:25-debug: // ---- build task 填充脚本数据到 settings.json ----
2025-7-24 11:15:25-debug: // ---- build task 查询 Asset Bundle ---- (5ms)
2025-7-24 11:15:25-debug: // ---- build task 填充脚本数据到 settings.json ---- (1ms)
2025-7-24 11:15:25-log: run build task 填充脚本数据到 settings.json success in 1 ms√, progress: 13%
2025-7-24 11:15:25-debug: [Build Memory track]: 填充脚本数据到 settings.json start:213.43MB, end 213.45MB, increase: 22.77KB
2025-7-24 11:15:25-debug: 整理部分构建选项内数据到 settings.json start, progress: 13%
2025-7-24 11:15:25-debug: // ---- build task 整理部分构建选项内数据到 settings.json ----
2025-7-24 11:15:25-debug: [Build Memory track]: 整理部分构建选项内数据到 settings.json start:213.47MB, end 213.60MB, increase: 127.64KB
2025-7-24 11:15:25-debug: // ---- build task 整理部分构建选项内数据到 settings.json ---- (4ms)
2025-7-24 11:15:25-log: run build task 整理部分构建选项内数据到 settings.json success in 4 ms√, progress: 15%
2025-7-24 11:15:25-debug: %cImport%c: /Users/zhao/Desktop/test/cocos-creator/PlaneFight/assets/Animations/Enemy1Down.animbackground: #aaff85; color: #000;color: #000;
2025-7-24 11:15:25-debug: asset-db:reimport-asset02d8df83-d7f4-410d-becf-d673033a2c1a (3ms)
2025-7-24 11:15:26-debug: Query all assets info in project
2025-7-24 11:15:26-debug: init custom config: keepNodeUuid: false, useCache: true
2025-7-24 11:15:26-debug: Skip compress image, progress: 0%
2025-7-24 11:15:26-debug: Init all bundles start..., progress: 0%
2025-7-24 11:15:26-debug: 查询 Asset Bundle start, progress: 0%
2025-7-24 11:15:26-debug: // ---- build task 查询 Asset Bundle ----
2025-7-24 11:15:26-debug: Num of bundles: 2..., progress: 0%
2025-7-24 11:15:26-debug: Init bundle root assets start..., progress: 0%
2025-7-24 11:15:26-debug: Query preload assets/scripts from cc.config.json: 60f7195c-ec2a-45eb-ba94-8955f60e81d0,1c02ae6f-4492-4915-b8f8-7492a3b1e4cd,810e96e4-e456-4468-9b59-f4e8f39732c0,efe8e2a3-eace-427b-b4f1-cb8a937ec77d,e9aa9a3e-5b2b-4ac7-a2c7-073de2b2b24f,8bbdbcdd-5cd4-4100-b6d5-b7c9625b6107,50f4348b-c883-4e2f-8f11-ce233b859fa1,fda095cb-831d-4601-ad94-846013963de8,f92806d7-1768-443f-afe8-12bcde84d0f0,dd3a144d-ab7f-41f0-82b8-2e43a090d496,f0416e68-0200-4b77-a926-4f9d16e494da,970b0598-bcb0-4714-91fb-2e81440dccd8,bcd64cc6-2dd9-43f6-abbe-66318d332032,d930590d-bb92-4cc8-8bd1-23cd027f9edf,a3cd009f-0ab0-420d-9278-b9fdab939bbc,6a2d0734-bd9e-4ddf-946e-caa52498cb75,c27215d8-6835-4b68-bfbb-bdeac6100c04,b5d6115f-0370-4d7c-aad3-c194cc71cf98,871c3b6c-7379-419d-bda3-794b239ab90d,ff9b0199-ce04-4cfe-86cc-6c719f08d6e4,de1c2107-70c8-4021-8459-6399f24d01c6,cbf30902-517f-40dc-af90-a550bac27cf1
2025-7-24 11:15:26-debug:   Number of all scenes: 1
2025-7-24 11:15:26-debug:   Number of other assets: 506
2025-7-24 11:15:26-debug:   Number of all scripts: 14
2025-7-24 11:15:26-debug: Init bundle root assets success..., progress: 0%
2025-7-24 11:15:26-debug: // ---- build task 查询 Asset Bundle ---- (1ms)
2025-7-24 11:15:26-debug: [Build Memory track]: 查询 Asset Bundle start:214.14MB, end 213.87MB, increase: -283.24KB
2025-7-24 11:15:26-log: run build task 查询 Asset Bundle success in 1 ms√, progress: 5%
2025-7-24 11:15:26-debug: 查询 Asset Bundle start, progress: 5%
2025-7-24 11:15:26-debug: // ---- build task 查询 Asset Bundle ----
2025-7-24 11:15:26-log: run build task 查询 Asset Bundle success in √, progress: 10%
2025-7-24 11:15:26-debug: [Build Memory track]: 查询 Asset Bundle start:213.89MB, end 213.99MB, increase: 98.74KB
2025-7-24 11:15:26-debug: 整理部分构建选项内数据到 settings.json start, progress: 10%
2025-7-24 11:15:26-debug: // ---- build task 整理部分构建选项内数据到 settings.json ----
2025-7-24 11:15:26-log: run build task 整理部分构建选项内数据到 settings.json success in √, progress: 12%
2025-7-24 11:15:26-debug: [Build Memory track]: 整理部分构建选项内数据到 settings.json start:214.01MB, end 214.03MB, increase: 15.70KB
2025-7-24 11:15:26-debug: 填充脚本数据到 settings.json start, progress: 12%
2025-7-24 11:15:26-debug: // ---- build task 填充脚本数据到 settings.json ----
2025-7-24 11:15:26-log: run build task 填充脚本数据到 settings.json success in √, progress: 13%
2025-7-24 11:15:26-debug: // ---- build task 整理部分构建选项内数据到 settings.json ----
2025-7-24 11:15:26-debug: 整理部分构建选项内数据到 settings.json start, progress: 13%
2025-7-24 11:15:26-debug: [Build Memory track]: 填充脚本数据到 settings.json start:214.05MB, end 214.07MB, increase: 15.10KB
2025-7-24 11:15:26-log: run build task 整理部分构建选项内数据到 settings.json success in √, progress: 15%
2025-7-24 11:15:26-debug: [Build Memory track]: 整理部分构建选项内数据到 settings.json start:214.09MB, end 214.20MB, increase: 116.27KB
2025-7-24 11:16:38-debug: refresh db internal success
2025-7-24 11:16:38-debug: %cImport%c: /Users/zhao/Desktop/test/cocos-creator/PlaneFight/assets/Scripts/Enemy.tsbackground: #aaff85; color: #000;color: #000;
2025-7-24 11:16:38-debug: refresh db assets success
2025-7-24 11:16:38-debug: Run asset db hook engine-extends:afterRefresh ...
2025-7-24 11:16:38-debug: Run asset db hook engine-extends:afterRefresh success!
2025-7-24 11:16:38-debug: asset-db:refresh-all-database (41ms)
2025-7-24 11:16:38-debug: asset-db:worker-effect-data-processing (2ms)
2025-7-24 11:16:38-debug: asset-db-hook-engine-extends-afterRefresh (2ms)
2025-7-24 11:16:39-debug: Query all assets info in project
2025-7-24 11:16:39-debug: init custom config: keepNodeUuid: false, useCache: true
2025-7-24 11:16:39-debug: Skip compress image, progress: 0%
2025-7-24 11:16:39-debug: Init all bundles start..., progress: 0%
2025-7-24 11:16:39-debug: Num of bundles: 2..., progress: 0%
2025-7-24 11:16:39-debug: 查询 Asset Bundle start, progress: 0%
2025-7-24 11:16:39-debug: // ---- build task 查询 Asset Bundle ----
2025-7-24 11:16:39-debug: Init bundle root assets start..., progress: 0%
2025-7-24 11:16:39-debug: Query preload assets/scripts from cc.config.json: 60f7195c-ec2a-45eb-ba94-8955f60e81d0,1c02ae6f-4492-4915-b8f8-7492a3b1e4cd,810e96e4-e456-4468-9b59-f4e8f39732c0,efe8e2a3-eace-427b-b4f1-cb8a937ec77d,e9aa9a3e-5b2b-4ac7-a2c7-073de2b2b24f,8bbdbcdd-5cd4-4100-b6d5-b7c9625b6107,50f4348b-c883-4e2f-8f11-ce233b859fa1,fda095cb-831d-4601-ad94-846013963de8,f92806d7-1768-443f-afe8-12bcde84d0f0,dd3a144d-ab7f-41f0-82b8-2e43a090d496,f0416e68-0200-4b77-a926-4f9d16e494da,970b0598-bcb0-4714-91fb-2e81440dccd8,bcd64cc6-2dd9-43f6-abbe-66318d332032,d930590d-bb92-4cc8-8bd1-23cd027f9edf,a3cd009f-0ab0-420d-9278-b9fdab939bbc,6a2d0734-bd9e-4ddf-946e-caa52498cb75,c27215d8-6835-4b68-bfbb-bdeac6100c04,b5d6115f-0370-4d7c-aad3-c194cc71cf98,871c3b6c-7379-419d-bda3-794b239ab90d,ff9b0199-ce04-4cfe-86cc-6c719f08d6e4,de1c2107-70c8-4021-8459-6399f24d01c6,cbf30902-517f-40dc-af90-a550bac27cf1
2025-7-24 11:16:39-debug:   Number of all scenes: 1
2025-7-24 11:16:39-debug:   Number of all scripts: 14
2025-7-24 11:16:39-debug:   Number of other assets: 506
2025-7-24 11:16:39-log: run build task 查询 Asset Bundle success in 13 ms√, progress: 5%
2025-7-24 11:16:39-debug: 查询 Asset Bundle start, progress: 5%
2025-7-24 11:16:39-debug: // ---- build task 查询 Asset Bundle ----
2025-7-24 11:16:39-debug: Init bundle root assets success..., progress: 0%
2025-7-24 11:16:39-debug: // ---- build task 查询 Asset Bundle ---- (13ms)
2025-7-24 11:16:39-debug: [Build Memory track]: 查询 Asset Bundle start:214.12MB, end 214.75MB, increase: 640.21KB
2025-7-24 11:16:39-debug: // ---- build task 查询 Asset Bundle ---- (4ms)
2025-7-24 11:16:39-log: run build task 查询 Asset Bundle success in 4 ms√, progress: 10%
2025-7-24 11:16:39-debug: [Build Memory track]: 查询 Asset Bundle start:214.77MB, end 214.12MB, increase: -667.38KB
2025-7-24 11:16:39-debug: 整理部分构建选项内数据到 settings.json start, progress: 10%
2025-7-24 11:16:39-debug: // ---- build task 整理部分构建选项内数据到 settings.json ----
2025-7-24 11:16:39-debug: // ---- build task 整理部分构建选项内数据到 settings.json ---- (1ms)
2025-7-24 11:16:39-log: run build task 整理部分构建选项内数据到 settings.json success in 1 ms√, progress: 12%
2025-7-24 11:16:39-debug: [Build Memory track]: 整理部分构建选项内数据到 settings.json start:214.15MB, end 214.17MB, increase: 22.52KB
2025-7-24 11:16:39-debug: 填充脚本数据到 settings.json start, progress: 12%
2025-7-24 11:16:39-debug: // ---- build task 填充脚本数据到 settings.json ----
2025-7-24 11:16:39-debug: // ---- build task 填充脚本数据到 settings.json ---- (1ms)
2025-7-24 11:16:39-log: run build task 填充脚本数据到 settings.json success in 1 ms√, progress: 13%
2025-7-24 11:16:39-debug: 整理部分构建选项内数据到 settings.json start, progress: 13%
2025-7-24 11:16:39-debug: // ---- build task 整理部分构建选项内数据到 settings.json ----
2025-7-24 11:16:39-debug: [Build Memory track]: 填充脚本数据到 settings.json start:214.19MB, end 214.22MB, increase: 24.24KB
2025-7-24 11:16:39-log: run build task 整理部分构建选项内数据到 settings.json success in 7 ms√, progress: 15%
2025-7-24 11:16:39-debug: [Build Memory track]: 整理部分构建选项内数据到 settings.json start:214.24MB, end 214.37MB, increase: 137.00KB
2025-7-24 11:16:39-debug: // ---- build task 整理部分构建选项内数据到 settings.json ---- (7ms)
2025-7-24 11:16:39-debug: Query all assets info in project
2025-7-24 11:16:39-debug: init custom config: keepNodeUuid: false, useCache: true
2025-7-24 11:16:39-debug: Skip compress image, progress: 0%
2025-7-24 11:16:39-debug: Init all bundles start..., progress: 0%
2025-7-24 11:16:39-debug: Num of bundles: 2..., progress: 0%
2025-7-24 11:16:39-debug: 查询 Asset Bundle start, progress: 0%
2025-7-24 11:16:39-debug: // ---- build task 查询 Asset Bundle ----
2025-7-24 11:16:39-debug: Init bundle root assets start..., progress: 0%
2025-7-24 11:16:39-debug: Query preload assets/scripts from cc.config.json: 60f7195c-ec2a-45eb-ba94-8955f60e81d0,1c02ae6f-4492-4915-b8f8-7492a3b1e4cd,810e96e4-e456-4468-9b59-f4e8f39732c0,efe8e2a3-eace-427b-b4f1-cb8a937ec77d,e9aa9a3e-5b2b-4ac7-a2c7-073de2b2b24f,8bbdbcdd-5cd4-4100-b6d5-b7c9625b6107,50f4348b-c883-4e2f-8f11-ce233b859fa1,fda095cb-831d-4601-ad94-846013963de8,f92806d7-1768-443f-afe8-12bcde84d0f0,dd3a144d-ab7f-41f0-82b8-2e43a090d496,f0416e68-0200-4b77-a926-4f9d16e494da,970b0598-bcb0-4714-91fb-2e81440dccd8,bcd64cc6-2dd9-43f6-abbe-66318d332032,d930590d-bb92-4cc8-8bd1-23cd027f9edf,a3cd009f-0ab0-420d-9278-b9fdab939bbc,6a2d0734-bd9e-4ddf-946e-caa52498cb75,c27215d8-6835-4b68-bfbb-bdeac6100c04,b5d6115f-0370-4d7c-aad3-c194cc71cf98,871c3b6c-7379-419d-bda3-794b239ab90d,ff9b0199-ce04-4cfe-86cc-6c719f08d6e4,de1c2107-70c8-4021-8459-6399f24d01c6,cbf30902-517f-40dc-af90-a550bac27cf1
2025-7-24 11:16:39-debug:   Number of all scenes: 1
2025-7-24 11:16:39-debug:   Number of all scripts: 14
2025-7-24 11:16:39-debug:   Number of other assets: 506
2025-7-24 11:16:39-log: run build task 查询 Asset Bundle success in 5 ms√, progress: 5%
2025-7-24 11:16:39-debug: [Build Memory track]: 查询 Asset Bundle start:214.72MB, end 214.49MB, increase: -226.80KB
2025-7-24 11:16:39-debug: 查询 Asset Bundle start, progress: 5%
2025-7-24 11:16:39-debug: // ---- build task 查询 Asset Bundle ----
2025-7-24 11:16:39-debug: Init bundle root assets success..., progress: 0%
2025-7-24 11:16:39-debug: // ---- build task 查询 Asset Bundle ---- (5ms)
2025-7-24 11:16:39-debug: // ---- build task 查询 Asset Bundle ---- (4ms)
2025-7-24 11:16:39-log: run build task 查询 Asset Bundle success in 4 ms√, progress: 10%
2025-7-24 11:16:39-debug: [Build Memory track]: 查询 Asset Bundle start:214.52MB, end 214.62MB, increase: 108.81KB
2025-7-24 11:16:39-debug: 整理部分构建选项内数据到 settings.json start, progress: 10%
2025-7-24 11:16:39-debug: // ---- build task 整理部分构建选项内数据到 settings.json ----
2025-7-24 11:16:39-log: run build task 整理部分构建选项内数据到 settings.json success in 3 ms√, progress: 12%
2025-7-24 11:16:39-debug: [Build Memory track]: 整理部分构建选项内数据到 settings.json start:214.65MB, end 214.67MB, increase: 21.62KB
2025-7-24 11:16:39-debug: 填充脚本数据到 settings.json start, progress: 12%
2025-7-24 11:16:39-debug: // ---- build task 填充脚本数据到 settings.json ----
2025-7-24 11:16:39-debug: // ---- build task 填充脚本数据到 settings.json ---- (4ms)
2025-7-24 11:16:39-debug: // ---- build task 整理部分构建选项内数据到 settings.json ----
2025-7-24 11:16:39-log: run build task 填充脚本数据到 settings.json success in 4 ms√, progress: 13%
2025-7-24 11:16:39-debug: [Build Memory track]: 填充脚本数据到 settings.json start:214.69MB, end 214.72MB, increase: 22.63KB
2025-7-24 11:16:39-debug: // ---- build task 整理部分构建选项内数据到 settings.json ---- (3ms)
2025-7-24 11:16:39-debug: 整理部分构建选项内数据到 settings.json start, progress: 13%
2025-7-24 11:16:39-debug: // ---- build task 整理部分构建选项内数据到 settings.json ---- (4ms)
2025-7-24 11:16:39-debug: [Build Memory track]: 整理部分构建选项内数据到 settings.json start:214.75MB, end 214.87MB, increase: 126.07KB
2025-7-24 11:16:39-log: run build task 整理部分构建选项内数据到 settings.json success in 4 ms√, progress: 15%
2025-7-24 11:17:12-debug: refresh db internal success
2025-7-24 11:17:13-debug: refresh db assets success
2025-7-24 11:17:13-debug: Run asset db hook engine-extends:afterRefresh ...
2025-7-24 11:17:13-debug: Run asset db hook engine-extends:afterRefresh success!
2025-7-24 11:17:13-debug: asset-db:refresh-all-database (43ms)
2025-7-24 11:17:32-debug: refresh db internal success
2025-7-24 11:17:32-debug: refresh db assets success
2025-7-24 11:17:32-debug: Run asset db hook engine-extends:afterRefresh ...
2025-7-24 11:17:32-debug: Run asset db hook engine-extends:afterRefresh success!
2025-7-24 11:17:32-debug: asset-db:refresh-all-database (19ms)
2025-7-24 11:17:32-debug: asset-db-hook-engine-extends-afterRefresh (1ms)
2025-7-24 11:18:00-debug: refresh db internal success
2025-7-24 11:18:00-debug: refresh db assets success
2025-7-24 11:18:00-debug: Run asset db hook engine-extends:afterRefresh ...
2025-7-24 11:18:00-debug: Run asset db hook engine-extends:afterRefresh success!
2025-7-24 11:18:00-debug: asset-db:refresh-all-database (14ms)
2025-7-24 11:18:22-debug: %cImport%c: /Users/zhao/Desktop/test/cocos-creator/PlaneFight/assets/Prefabs/enemy1.prefabbackground: #aaff85; color: #000;color: #000;
2025-7-24 11:18:22-debug: asset-db:reimport-asset74b22468-4570-4af7-b957-72b163a29c91 (6ms)
2025-7-24 11:19:11-debug: start refresh asset from /Users/zhao/Desktop/test/cocos-creator/PlaneFight/assets/Animations/Enemy2Down.anim...
2025-7-24 11:19:11-debug: %cImport%c: /Users/zhao/Desktop/test/cocos-creator/PlaneFight/assets/Animations/Enemy2Down.animbackground: #aaff85; color: #000;color: #000;
2025-7-24 11:19:11-debug: refresh asset /Users/zhao/Desktop/test/cocos-creator/PlaneFight/assets/Animations success
2025-7-24 11:19:12-debug: %cImport%c: /Users/zhao/Desktop/test/cocos-creator/PlaneFight/assets/Animationsbackground: #aaff85; color: #000;color: #000;
2025-7-24 11:19:12-debug: refresh db internal success
2025-7-24 11:19:12-debug: refresh db assets success
2025-7-24 11:19:12-debug: Run asset db hook engine-extends:afterRefresh success!
2025-7-24 11:19:12-debug: Run asset db hook engine-extends:afterRefresh ...
2025-7-24 11:19:12-debug: asset-db:refresh-all-database (12ms)
2025-7-24 11:19:12-debug: asset-db-hook-engine-extends-afterRefresh (1ms)
2025-7-24 11:20:54-debug: %cImport%c: /Users/zhao/Desktop/test/cocos-creator/PlaneFight/assets/Animations/Enemy2Down.animbackground: #aaff85; color: #000;color: #000;
2025-7-24 11:20:54-debug: asset-db:reimport-asset4d1f49da-1e46-4e00-a6bb-e8c2e508e93f (3ms)
2025-7-24 11:21:03-debug: %cImport%c: /Users/zhao/Desktop/test/cocos-creator/PlaneFight/assets/Prefabs/enemy1.prefabbackground: #aaff85; color: #000;color: #000;
2025-7-24 11:21:03-debug: asset-db:reimport-asset74b22468-4570-4af7-b957-72b163a29c91 (5ms)
2025-7-24 11:21:40-debug: start move asset from /Users/zhao/Desktop/test/cocos-creator/PlaneFight/assets/Animations/Enemy1Down.anim -> /Users/zhao/Desktop/test/cocos-creator/PlaneFight/assets/Animations/Enemy0Down.anim...
2025-7-24 11:21:40-debug: start refresh asset from /Users/zhao/Desktop/test/cocos-creator/PlaneFight/assets/Animations/Enemy0Down.anim...
2025-7-24 11:21:40-debug: %cImport%c: /Users/zhao/Desktop/test/cocos-creator/PlaneFight/assets/Animations/Enemy0Down.animbackground: #aaff85; color: #000;color: #000;
2025-7-24 11:21:40-debug: refresh asset /Users/zhao/Desktop/test/cocos-creator/PlaneFight/assets/Animations success
2025-7-24 11:21:40-debug: start refresh asset from /Users/zhao/Desktop/test/cocos-creator/PlaneFight/assets/Animations...
2025-7-24 11:21:40-debug: %cImport%c: /Users/zhao/Desktop/test/cocos-creator/PlaneFight/assets/Animationsbackground: #aaff85; color: #000;color: #000;
2025-7-24 11:21:40-debug: refresh asset /Users/zhao/Desktop/test/cocos-creator/PlaneFight/assets success
2025-7-24 11:21:40-debug: move asset from /Users/zhao/Desktop/test/cocos-creator/PlaneFight/assets/Animations/Enemy1Down.anim -> /Users/zhao/Desktop/test/cocos-creator/PlaneFight/assets/Animations/Enemy0Down.anim success
2025-7-24 11:21:46-debug: Cannot find the asset handler of operate open for importer animation-clip
2025-7-24 11:21:49-debug: refresh db internal success
2025-7-24 11:21:49-debug: refresh db assets success
2025-7-24 11:21:49-debug: Run asset db hook engine-extends:afterRefresh ...
2025-7-24 11:21:49-debug: Run asset db hook engine-extends:afterRefresh success!
2025-7-24 11:21:49-debug: asset-db:refresh-all-database (50ms)
2025-7-24 11:21:49-debug: asset-db-hook-engine-extends-afterRefresh (1ms)
2025-7-24 11:21:49-debug: asset-db:worker-effect-data-processing (1ms)
2025-7-24 11:21:52-debug: start move asset from /Users/zhao/Desktop/test/cocos-creator/PlaneFight/assets/Animations/Enemy2Down.anim -> /Users/zhao/Desktop/test/cocos-creator/PlaneFight/assets/Animations/Enemy1Down.anim...
2025-7-24 11:21:52-debug: start refresh asset from /Users/zhao/Desktop/test/cocos-creator/PlaneFight/assets/Animations/Enemy1Down.anim...
2025-7-24 11:21:52-debug: %cImport%c: /Users/zhao/Desktop/test/cocos-creator/PlaneFight/assets/Animations/Enemy1Down.animbackground: #aaff85; color: #000;color: #000;
2025-7-24 11:21:52-debug: refresh asset /Users/zhao/Desktop/test/cocos-creator/PlaneFight/assets/Animations success
2025-7-24 11:21:52-debug: start refresh asset from /Users/zhao/Desktop/test/cocos-creator/PlaneFight/assets/Animations...
2025-7-24 11:21:52-debug: %cImport%c: /Users/zhao/Desktop/test/cocos-creator/PlaneFight/assets/Animationsbackground: #aaff85; color: #000;color: #000;
2025-7-24 11:21:52-debug: refresh asset /Users/zhao/Desktop/test/cocos-creator/PlaneFight/assets success
2025-7-24 11:21:52-debug: move asset from /Users/zhao/Desktop/test/cocos-creator/PlaneFight/assets/Animations/Enemy2Down.anim -> /Users/zhao/Desktop/test/cocos-creator/PlaneFight/assets/Animations/Enemy1Down.anim success
2025-7-24 11:21:59-debug: %cImport%c: /Users/zhao/Desktop/test/cocos-creator/PlaneFight/assets/Animations/Enemy0Down.animbackground: #aaff85; color: #000;color: #000;
2025-7-24 11:21:59-debug: asset-db:reimport-asset02d8df83-d7f4-410d-becf-d673033a2c1a (4ms)
2025-7-24 11:22:16-debug: %cImport%c: /Users/zhao/Desktop/test/cocos-creator/PlaneFight/assets/Animations/Enemy1Down.animbackground: #aaff85; color: #000;color: #000;
2025-7-24 11:22:16-debug: asset-db:reimport-asset4d1f49da-1e46-4e00-a6bb-e8c2e508e93f (3ms)
2025-7-24 11:22:30-debug: %cImport%c: /Users/zhao/Desktop/test/cocos-creator/PlaneFight/assets/Animations/Enemy0Down.animbackground: #aaff85; color: #000;color: #000;
2025-7-24 11:22:30-debug: asset-db:reimport-asset02d8df83-d7f4-410d-becf-d673033a2c1a (2ms)
2025-7-24 11:22:43-debug: start refresh asset from /Users/zhao/Desktop/test/cocos-creator/PlaneFight/assets/Prefabs/enemy0.prefab...
2025-7-24 11:22:43-debug: %cImport%c: /Users/zhao/Desktop/test/cocos-creator/PlaneFight/assets/Prefabs/enemy0.prefabbackground: #aaff85; color: #000;color: #000;
2025-7-24 11:22:43-debug: refresh asset /Users/zhao/Desktop/test/cocos-creator/PlaneFight/assets/Prefabs success
2025-7-24 11:22:49-debug: %cImport%c: /Users/zhao/Desktop/test/cocos-creator/PlaneFight/assets/Scenes/Start.scenebackground: #aaff85; color: #000;color: #000;
2025-7-24 11:22:49-debug: asset-db:reimport-asset2fda4d65-a1e9-4078-8250-de49b04cdc34 (3ms)
2025-7-24 11:22:50-debug: start refresh asset from /Users/zhao/Desktop/test/cocos-creator/PlaneFight/assets/Prefabs/enemy1.prefab...
2025-7-24 11:22:50-debug: %cImport%c: /Users/zhao/Desktop/test/cocos-creator/PlaneFight/assets/Prefabs/enemy1.prefabbackground: #aaff85; color: #000;color: #000;
2025-7-24 11:22:50-debug: refresh asset /Users/zhao/Desktop/test/cocos-creator/PlaneFight/assets/Prefabs success
2025-7-24 11:22:50-debug: Query all assets info in project
2025-7-24 11:22:50-debug: init custom config: keepNodeUuid: false, useCache: true
2025-7-24 11:22:50-debug: Skip compress image, progress: 0%
2025-7-24 11:22:50-debug: Init all bundles start..., progress: 0%
2025-7-24 11:22:50-debug: Num of bundles: 2..., progress: 0%
2025-7-24 11:22:50-debug: 查询 Asset Bundle start, progress: 0%
2025-7-24 11:22:50-debug: // ---- build task 查询 Asset Bundle ----
2025-7-24 11:22:50-debug: Init bundle root assets start..., progress: 0%
2025-7-24 11:22:50-debug: Query preload assets/scripts from cc.config.json: 60f7195c-ec2a-45eb-ba94-8955f60e81d0,1c02ae6f-4492-4915-b8f8-7492a3b1e4cd,810e96e4-e456-4468-9b59-f4e8f39732c0,efe8e2a3-eace-427b-b4f1-cb8a937ec77d,e9aa9a3e-5b2b-4ac7-a2c7-073de2b2b24f,8bbdbcdd-5cd4-4100-b6d5-b7c9625b6107,50f4348b-c883-4e2f-8f11-ce233b859fa1,fda095cb-831d-4601-ad94-846013963de8,f92806d7-1768-443f-afe8-12bcde84d0f0,dd3a144d-ab7f-41f0-82b8-2e43a090d496,f0416e68-0200-4b77-a926-4f9d16e494da,970b0598-bcb0-4714-91fb-2e81440dccd8,bcd64cc6-2dd9-43f6-abbe-66318d332032,d930590d-bb92-4cc8-8bd1-23cd027f9edf,a3cd009f-0ab0-420d-9278-b9fdab939bbc,6a2d0734-bd9e-4ddf-946e-caa52498cb75,c27215d8-6835-4b68-bfbb-bdeac6100c04,b5d6115f-0370-4d7c-aad3-c194cc71cf98,871c3b6c-7379-419d-bda3-794b239ab90d,ff9b0199-ce04-4cfe-86cc-6c719f08d6e4,de1c2107-70c8-4021-8459-6399f24d01c6,cbf30902-517f-40dc-af90-a550bac27cf1
2025-7-24 11:22:50-debug:   Number of all scripts: 14
2025-7-24 11:22:50-debug: Init bundle root assets success..., progress: 0%
2025-7-24 11:22:50-debug:   Number of other assets: 507
2025-7-24 11:22:50-debug:   Number of all scenes: 1
2025-7-24 11:22:50-log: run build task 查询 Asset Bundle success in 5 ms√, progress: 5%
2025-7-24 11:22:50-debug: // ---- build task 查询 Asset Bundle ----
2025-7-24 11:22:50-debug: [Build Memory track]: 查询 Asset Bundle start:198.63MB, end 199.28MB, increase: 666.45KB
2025-7-24 11:22:50-debug: 查询 Asset Bundle start, progress: 5%
2025-7-24 11:22:50-debug: // ---- build task 查询 Asset Bundle ---- (5ms)
2025-7-24 11:22:50-debug: // ---- build task 查询 Asset Bundle ---- (4ms)
2025-7-24 11:22:50-log: run build task 查询 Asset Bundle success in 4 ms√, progress: 10%
2025-7-24 11:22:50-debug: [Build Memory track]: 查询 Asset Bundle start:199.31MB, end 198.69MB, increase: -627.44KB
2025-7-24 11:22:50-debug: 整理部分构建选项内数据到 settings.json start, progress: 10%
2025-7-24 11:22:50-debug: // ---- build task 整理部分构建选项内数据到 settings.json ----
2025-7-24 11:22:50-log: run build task 整理部分构建选项内数据到 settings.json success in 1 ms√, progress: 12%
2025-7-24 11:22:50-debug: // ---- build task 整理部分构建选项内数据到 settings.json ---- (1ms)
2025-7-24 11:22:50-debug: [Build Memory track]: 整理部分构建选项内数据到 settings.json start:198.72MB, end 198.74MB, increase: 24.29KB
2025-7-24 11:22:50-debug: 填充脚本数据到 settings.json start, progress: 12%
2025-7-24 11:22:50-debug: // ---- build task 填充脚本数据到 settings.json ----
2025-7-24 11:22:50-log: run build task 填充脚本数据到 settings.json success in √, progress: 13%
2025-7-24 11:22:50-debug: // ---- build task 整理部分构建选项内数据到 settings.json ----
2025-7-24 11:22:50-debug: 整理部分构建选项内数据到 settings.json start, progress: 13%
2025-7-24 11:22:50-debug: [Build Memory track]: 填充脚本数据到 settings.json start:198.77MB, end 198.78MB, increase: 15.01KB
2025-7-24 11:22:50-debug: [Build Memory track]: 整理部分构建选项内数据到 settings.json start:198.80MB, end 198.93MB, increase: 127.61KB
2025-7-24 11:22:50-debug: // ---- build task 整理部分构建选项内数据到 settings.json ---- (4ms)
2025-7-24 11:22:50-log: run build task 整理部分构建选项内数据到 settings.json success in 4 ms√, progress: 15%
2025-7-24 11:22:50-debug: Query all assets info in project
2025-7-24 11:22:50-debug: init custom config: keepNodeUuid: false, useCache: true
2025-7-24 11:22:50-debug: Skip compress image, progress: 0%
2025-7-24 11:22:50-debug: Init all bundles start..., progress: 0%
2025-7-24 11:22:50-debug: 查询 Asset Bundle start, progress: 0%
2025-7-24 11:22:50-debug: // ---- build task 查询 Asset Bundle ----
2025-7-24 11:22:50-debug: Init bundle root assets start..., progress: 0%
2025-7-24 11:22:50-debug: Num of bundles: 2..., progress: 0%
2025-7-24 11:22:50-debug: Query preload assets/scripts from cc.config.json: 60f7195c-ec2a-45eb-ba94-8955f60e81d0,1c02ae6f-4492-4915-b8f8-7492a3b1e4cd,810e96e4-e456-4468-9b59-f4e8f39732c0,efe8e2a3-eace-427b-b4f1-cb8a937ec77d,e9aa9a3e-5b2b-4ac7-a2c7-073de2b2b24f,8bbdbcdd-5cd4-4100-b6d5-b7c9625b6107,50f4348b-c883-4e2f-8f11-ce233b859fa1,fda095cb-831d-4601-ad94-846013963de8,f92806d7-1768-443f-afe8-12bcde84d0f0,dd3a144d-ab7f-41f0-82b8-2e43a090d496,f0416e68-0200-4b77-a926-4f9d16e494da,970b0598-bcb0-4714-91fb-2e81440dccd8,bcd64cc6-2dd9-43f6-abbe-66318d332032,d930590d-bb92-4cc8-8bd1-23cd027f9edf,a3cd009f-0ab0-420d-9278-b9fdab939bbc,6a2d0734-bd9e-4ddf-946e-caa52498cb75,c27215d8-6835-4b68-bfbb-bdeac6100c04,b5d6115f-0370-4d7c-aad3-c194cc71cf98,871c3b6c-7379-419d-bda3-794b239ab90d,ff9b0199-ce04-4cfe-86cc-6c719f08d6e4,de1c2107-70c8-4021-8459-6399f24d01c6,cbf30902-517f-40dc-af90-a550bac27cf1
2025-7-24 11:22:50-debug:   Number of all scenes: 1
2025-7-24 11:22:50-debug: Init bundle root assets success..., progress: 0%
2025-7-24 11:22:50-debug: // ---- build task 查询 Asset Bundle ---- (5ms)
2025-7-24 11:22:50-log: run build task 查询 Asset Bundle success in 5 ms√, progress: 5%
2025-7-24 11:22:50-debug: [Build Memory track]: 查询 Asset Bundle start:199.27MB, end 199.05MB, increase: -227.48KB
2025-7-24 11:22:50-debug: 查询 Asset Bundle start, progress: 5%
2025-7-24 11:22:50-debug:   Number of other assets: 507
2025-7-24 11:22:50-debug:   Number of all scripts: 14
2025-7-24 11:22:50-debug: // ---- build task 查询 Asset Bundle ----
2025-7-24 11:22:50-debug: // ---- build task 查询 Asset Bundle ---- (1ms)
2025-7-24 11:22:50-log: run build task 查询 Asset Bundle success in 1 ms√, progress: 10%
2025-7-24 11:22:50-debug: // ---- build task 整理部分构建选项内数据到 settings.json ----
2025-7-24 11:22:50-log: run build task 整理部分构建选项内数据到 settings.json success in √, progress: 12%
2025-7-24 11:22:50-debug: 填充脚本数据到 settings.json start, progress: 12%
2025-7-24 11:22:50-debug: [Build Memory track]: 查询 Asset Bundle start:199.07MB, end 199.18MB, increase: 110.18KB
2025-7-24 11:22:50-debug: // ---- build task 填充脚本数据到 settings.json ----
2025-7-24 11:22:50-debug: 整理部分构建选项内数据到 settings.json start, progress: 10%
2025-7-24 11:22:50-debug: [Build Memory track]: 整理部分构建选项内数据到 settings.json start:199.20MB, end 199.22MB, increase: 13.38KB
2025-7-24 11:22:50-debug: // ---- build task 填充脚本数据到 settings.json ---- (1ms)
2025-7-24 11:22:50-debug: [Build Memory track]: 填充脚本数据到 settings.json start:199.24MB, end 199.27MB, increase: 25.93KB
2025-7-24 11:22:50-debug: 整理部分构建选项内数据到 settings.json start, progress: 13%
2025-7-24 11:22:50-debug: // ---- build task 整理部分构建选项内数据到 settings.json ----
2025-7-24 11:22:50-log: run build task 填充脚本数据到 settings.json success in 1 ms√, progress: 13%
2025-7-24 11:22:50-debug: // ---- build task 整理部分构建选项内数据到 settings.json ---- (2ms)
2025-7-24 11:22:50-log: run build task 整理部分构建选项内数据到 settings.json success in 2 ms√, progress: 15%
2025-7-24 11:22:50-debug: [Build Memory track]: 整理部分构建选项内数据到 settings.json start:199.29MB, end 198.74MB, increase: -566.63KB
2025-7-24 11:22:51-debug: %cImport%c: /Users/zhao/Desktop/test/cocos-creator/PlaneFight/assets/Scenes/Start.scenebackground: #aaff85; color: #000;color: #000;
2025-7-24 11:22:51-debug: asset-db:reimport-asset2fda4d65-a1e9-4078-8250-de49b04cdc34 (14ms)
2025-7-24 11:22:51-debug: Query all assets info in project
2025-7-24 11:22:51-debug: Skip compress image, progress: 0%
2025-7-24 11:22:51-debug: init custom config: keepNodeUuid: false, useCache: true
2025-7-24 11:22:51-debug: Init all bundles start..., progress: 0%
2025-7-24 11:22:51-debug: Num of bundles: 2..., progress: 0%
2025-7-24 11:22:51-debug: 查询 Asset Bundle start, progress: 0%
2025-7-24 11:22:51-debug: // ---- build task 查询 Asset Bundle ----
2025-7-24 11:22:51-debug: Init bundle root assets start..., progress: 0%
2025-7-24 11:22:51-debug: Query preload assets/scripts from cc.config.json: 60f7195c-ec2a-45eb-ba94-8955f60e81d0,1c02ae6f-4492-4915-b8f8-7492a3b1e4cd,810e96e4-e456-4468-9b59-f4e8f39732c0,efe8e2a3-eace-427b-b4f1-cb8a937ec77d,e9aa9a3e-5b2b-4ac7-a2c7-073de2b2b24f,8bbdbcdd-5cd4-4100-b6d5-b7c9625b6107,50f4348b-c883-4e2f-8f11-ce233b859fa1,fda095cb-831d-4601-ad94-846013963de8,f92806d7-1768-443f-afe8-12bcde84d0f0,dd3a144d-ab7f-41f0-82b8-2e43a090d496,f0416e68-0200-4b77-a926-4f9d16e494da,970b0598-bcb0-4714-91fb-2e81440dccd8,bcd64cc6-2dd9-43f6-abbe-66318d332032,d930590d-bb92-4cc8-8bd1-23cd027f9edf,a3cd009f-0ab0-420d-9278-b9fdab939bbc,6a2d0734-bd9e-4ddf-946e-caa52498cb75,c27215d8-6835-4b68-bfbb-bdeac6100c04,b5d6115f-0370-4d7c-aad3-c194cc71cf98,871c3b6c-7379-419d-bda3-794b239ab90d,ff9b0199-ce04-4cfe-86cc-6c719f08d6e4,de1c2107-70c8-4021-8459-6399f24d01c6,cbf30902-517f-40dc-af90-a550bac27cf1
2025-7-24 11:22:51-debug:   Number of all scenes: 1
2025-7-24 11:22:51-debug:   Number of all scripts: 14
2025-7-24 11:22:51-debug: Init bundle root assets success..., progress: 0%
2025-7-24 11:22:51-debug:   Number of other assets: 507
2025-7-24 11:22:51-debug: // ---- build task 查询 Asset Bundle ---- (4ms)
2025-7-24 11:22:51-log: run build task 查询 Asset Bundle success in 4 ms√, progress: 5%
2025-7-24 11:22:51-debug: 查询 Asset Bundle start, progress: 5%
2025-7-24 11:22:51-debug: // ---- build task 查询 Asset Bundle ----
2025-7-24 11:22:51-debug: [Build Memory track]: 查询 Asset Bundle start:199.47MB, end 199.18MB, increase: -298.17KB
2025-7-24 11:22:51-debug: // ---- build task 查询 Asset Bundle ---- (2ms)
2025-7-24 11:22:51-debug: [Build Memory track]: 查询 Asset Bundle start:199.20MB, end 199.31MB, increase: 110.57KB
2025-7-24 11:22:51-log: run build task 查询 Asset Bundle success in 2 ms√, progress: 10%
2025-7-24 11:22:51-debug: // ---- build task 整理部分构建选项内数据到 settings.json ----
2025-7-24 11:22:51-debug: 整理部分构建选项内数据到 settings.json start, progress: 10%
2025-7-24 11:22:51-debug: [Build Memory track]: 整理部分构建选项内数据到 settings.json start:199.33MB, end 199.35MB, increase: 15.61KB
2025-7-24 11:22:51-debug: // ---- build task 填充脚本数据到 settings.json ----
2025-7-24 11:22:51-log: run build task 整理部分构建选项内数据到 settings.json success in √, progress: 12%
2025-7-24 11:22:51-debug: // ---- build task 填充脚本数据到 settings.json ---- (1ms)
2025-7-24 11:22:51-log: run build task 填充脚本数据到 settings.json success in 1 ms√, progress: 13%
2025-7-24 11:22:51-debug: 填充脚本数据到 settings.json start, progress: 12%
2025-7-24 11:22:51-debug: [Build Memory track]: 填充脚本数据到 settings.json start:199.37MB, end 199.39MB, increase: 21.80KB
2025-7-24 11:22:51-debug: // ---- build task 整理部分构建选项内数据到 settings.json ----
2025-7-24 11:22:51-debug: 整理部分构建选项内数据到 settings.json start, progress: 13%
2025-7-24 11:22:51-log: run build task 整理部分构建选项内数据到 settings.json success in 2 ms√, progress: 15%
2025-7-24 11:22:51-debug: // ---- build task 整理部分构建选项内数据到 settings.json ---- (2ms)
2025-7-24 11:22:51-debug: [Build Memory track]: 整理部分构建选项内数据到 settings.json start:199.42MB, end 199.54MB, increase: 124.40KB
2025-7-24 11:22:51-debug: Query all assets info in project
2025-7-24 11:22:51-debug: init custom config: keepNodeUuid: false, useCache: true
2025-7-24 11:22:51-debug: Skip compress image, progress: 0%
2025-7-24 11:22:51-debug: Init all bundles start..., progress: 0%
2025-7-24 11:22:51-debug: Init bundle root assets start..., progress: 0%
2025-7-24 11:22:51-debug: 查询 Asset Bundle start, progress: 0%
2025-7-24 11:22:51-debug: // ---- build task 查询 Asset Bundle ----
2025-7-24 11:22:51-debug: Num of bundles: 2..., progress: 0%
2025-7-24 11:22:51-debug: Query preload assets/scripts from cc.config.json: 60f7195c-ec2a-45eb-ba94-8955f60e81d0,1c02ae6f-4492-4915-b8f8-7492a3b1e4cd,810e96e4-e456-4468-9b59-f4e8f39732c0,efe8e2a3-eace-427b-b4f1-cb8a937ec77d,e9aa9a3e-5b2b-4ac7-a2c7-073de2b2b24f,8bbdbcdd-5cd4-4100-b6d5-b7c9625b6107,50f4348b-c883-4e2f-8f11-ce233b859fa1,fda095cb-831d-4601-ad94-846013963de8,f92806d7-1768-443f-afe8-12bcde84d0f0,dd3a144d-ab7f-41f0-82b8-2e43a090d496,f0416e68-0200-4b77-a926-4f9d16e494da,970b0598-bcb0-4714-91fb-2e81440dccd8,bcd64cc6-2dd9-43f6-abbe-66318d332032,d930590d-bb92-4cc8-8bd1-23cd027f9edf,a3cd009f-0ab0-420d-9278-b9fdab939bbc,6a2d0734-bd9e-4ddf-946e-caa52498cb75,c27215d8-6835-4b68-bfbb-bdeac6100c04,b5d6115f-0370-4d7c-aad3-c194cc71cf98,871c3b6c-7379-419d-bda3-794b239ab90d,ff9b0199-ce04-4cfe-86cc-6c719f08d6e4,de1c2107-70c8-4021-8459-6399f24d01c6,cbf30902-517f-40dc-af90-a550bac27cf1
2025-7-24 11:22:51-debug:   Number of all scripts: 14
2025-7-24 11:22:51-debug:   Number of other assets: 507
2025-7-24 11:22:51-debug: Init bundle root assets success..., progress: 0%
2025-7-24 11:22:51-debug:   Number of all scenes: 1
2025-7-24 11:22:51-log: run build task 查询 Asset Bundle success in 3 ms√, progress: 5%
2025-7-24 11:22:51-debug: // ---- build task 查询 Asset Bundle ---- (3ms)
2025-7-24 11:22:51-debug: 查询 Asset Bundle start, progress: 5%
2025-7-24 11:22:51-debug: [Build Memory track]: 查询 Asset Bundle start:199.13MB, end 198.96MB, increase: -173.41KB
2025-7-24 11:22:51-debug: // ---- build task 查询 Asset Bundle ----
2025-7-24 11:22:51-log: run build task 查询 Asset Bundle success in 2 ms√, progress: 10%
2025-7-24 11:22:51-debug: // ---- build task 整理部分构建选项内数据到 settings.json ----
2025-7-24 11:22:51-debug: [Build Memory track]: 查询 Asset Bundle start:198.98MB, end 199.10MB, increase: 116.59KB
2025-7-24 11:22:51-debug: // ---- build task 查询 Asset Bundle ---- (2ms)
2025-7-24 11:22:51-debug: 整理部分构建选项内数据到 settings.json start, progress: 10%
2025-7-24 11:22:51-log: run build task 整理部分构建选项内数据到 settings.json success in 1 ms√, progress: 12%
2025-7-24 11:22:51-debug: // ---- build task 整理部分构建选项内数据到 settings.json ---- (1ms)
2025-7-24 11:22:51-debug: 填充脚本数据到 settings.json start, progress: 12%
2025-7-24 11:22:51-debug: [Build Memory track]: 整理部分构建选项内数据到 settings.json start:199.12MB, end 199.15MB, increase: 24.27KB
2025-7-24 11:22:51-debug: // ---- build task 填充脚本数据到 settings.json ----
2025-7-24 11:22:51-log: run build task 填充脚本数据到 settings.json success in √, progress: 13%
2025-7-24 11:22:51-debug: [Build Memory track]: 填充脚本数据到 settings.json start:199.17MB, end 199.19MB, increase: 15.94KB
2025-7-24 11:22:51-debug: // ---- build task 整理部分构建选项内数据到 settings.json ----
2025-7-24 11:22:51-debug: 整理部分构建选项内数据到 settings.json start, progress: 13%
2025-7-24 11:22:51-log: run build task 整理部分构建选项内数据到 settings.json success in 2 ms√, progress: 15%
2025-7-24 11:22:51-debug: // ---- build task 整理部分构建选项内数据到 settings.json ---- (2ms)
2025-7-24 11:22:51-debug: [Build Memory track]: 整理部分构建选项内数据到 settings.json start:199.21MB, end 199.33MB, increase: 121.62KB
2025-7-24 11:22:56-debug: Query all assets info in project
2025-7-24 11:22:56-debug: init custom config: keepNodeUuid: false, useCache: true
2025-7-24 11:22:56-debug: Skip compress image, progress: 0%
2025-7-24 11:22:56-debug: Init all bundles start..., progress: 0%
2025-7-24 11:22:56-debug: Num of bundles: 2..., progress: 0%
2025-7-24 11:22:56-debug: 查询 Asset Bundle start, progress: 0%
2025-7-24 11:22:56-debug: // ---- build task 查询 Asset Bundle ----
2025-7-24 11:22:56-debug: Init bundle root assets start..., progress: 0%
2025-7-24 11:22:56-debug: Query preload assets/scripts from cc.config.json: 60f7195c-ec2a-45eb-ba94-8955f60e81d0,1c02ae6f-4492-4915-b8f8-7492a3b1e4cd,810e96e4-e456-4468-9b59-f4e8f39732c0,efe8e2a3-eace-427b-b4f1-cb8a937ec77d,e9aa9a3e-5b2b-4ac7-a2c7-073de2b2b24f,8bbdbcdd-5cd4-4100-b6d5-b7c9625b6107,50f4348b-c883-4e2f-8f11-ce233b859fa1,fda095cb-831d-4601-ad94-846013963de8,f92806d7-1768-443f-afe8-12bcde84d0f0,dd3a144d-ab7f-41f0-82b8-2e43a090d496,f0416e68-0200-4b77-a926-4f9d16e494da,970b0598-bcb0-4714-91fb-2e81440dccd8,bcd64cc6-2dd9-43f6-abbe-66318d332032,d930590d-bb92-4cc8-8bd1-23cd027f9edf,a3cd009f-0ab0-420d-9278-b9fdab939bbc,6a2d0734-bd9e-4ddf-946e-caa52498cb75,c27215d8-6835-4b68-bfbb-bdeac6100c04,b5d6115f-0370-4d7c-aad3-c194cc71cf98,871c3b6c-7379-419d-bda3-794b239ab90d,ff9b0199-ce04-4cfe-86cc-6c719f08d6e4,de1c2107-70c8-4021-8459-6399f24d01c6,cbf30902-517f-40dc-af90-a550bac27cf1
2025-7-24 11:22:56-debug: Init bundle root assets success..., progress: 0%
2025-7-24 11:22:56-debug:   Number of all scenes: 1
2025-7-24 11:22:56-debug:   Number of other assets: 507
2025-7-24 11:22:56-debug:   Number of all scripts: 14
2025-7-24 11:22:56-debug: // ---- build task 查询 Asset Bundle ---- (2ms)
2025-7-24 11:22:56-debug: [Build Memory track]: 查询 Asset Bundle start:199.53MB, end 199.23MB, increase: -309.09KB
2025-7-24 11:22:56-debug: 查询 Asset Bundle start, progress: 5%
2025-7-24 11:22:56-debug: // ---- build task 查询 Asset Bundle ----
2025-7-24 11:22:56-log: run build task 查询 Asset Bundle success in 2 ms√, progress: 5%
2025-7-24 11:22:56-log: run build task 查询 Asset Bundle success in √, progress: 10%
2025-7-24 11:22:56-debug: 整理部分构建选项内数据到 settings.json start, progress: 10%
2025-7-24 11:22:56-debug: [Build Memory track]: 查询 Asset Bundle start:199.25MB, end 199.35MB, increase: 99.50KB
2025-7-24 11:22:56-debug: // ---- build task 整理部分构建选项内数据到 settings.json ----
2025-7-24 11:22:56-log: run build task 整理部分构建选项内数据到 settings.json success in √, progress: 12%
2025-7-24 11:22:56-debug: [Build Memory track]: 整理部分构建选项内数据到 settings.json start:199.37MB, end 199.39MB, increase: 15.64KB
2025-7-24 11:22:56-debug: 填充脚本数据到 settings.json start, progress: 12%
2025-7-24 11:22:56-debug: // ---- build task 填充脚本数据到 settings.json ----
2025-7-24 11:22:56-log: run build task 填充脚本数据到 settings.json success in √, progress: 13%
2025-7-24 11:22:56-debug: [Build Memory track]: 填充脚本数据到 settings.json start:199.41MB, end 199.43MB, increase: 15.11KB
2025-7-24 11:22:56-debug: 整理部分构建选项内数据到 settings.json start, progress: 13%
2025-7-24 11:22:56-debug: // ---- build task 整理部分构建选项内数据到 settings.json ----
2025-7-24 11:22:56-log: run build task 整理部分构建选项内数据到 settings.json success in √, progress: 15%
2025-7-24 11:22:56-debug: [Build Memory track]: 整理部分构建选项内数据到 settings.json start:199.45MB, end 199.57MB, increase: 117.43KB
2025-7-24 11:23:37-debug: %cImport%c: /Users/zhao/Desktop/test/cocos-creator/PlaneFight/assets/Prefabs/bullet1.prefabbackground: #aaff85; color: #000;color: #000;
2025-7-24 11:23:37-debug: asset-db:reimport-asset13ccfaba-f106-4cc4-82f9-186df7dd0073 (6ms)
2025-7-24 11:23:40-debug: Query all assets info in project
2025-7-24 11:23:40-debug: init custom config: keepNodeUuid: false, useCache: true
2025-7-24 11:23:40-debug: Skip compress image, progress: 0%
2025-7-24 11:23:40-debug: Init all bundles start..., progress: 0%
2025-7-24 11:23:40-debug: Num of bundles: 2..., progress: 0%
2025-7-24 11:23:40-debug: Init bundle root assets start..., progress: 0%
2025-7-24 11:23:40-debug: // ---- build task 查询 Asset Bundle ----
2025-7-24 11:23:40-debug: 查询 Asset Bundle start, progress: 0%
2025-7-24 11:23:40-debug: Query preload assets/scripts from cc.config.json: 60f7195c-ec2a-45eb-ba94-8955f60e81d0,1c02ae6f-4492-4915-b8f8-7492a3b1e4cd,810e96e4-e456-4468-9b59-f4e8f39732c0,efe8e2a3-eace-427b-b4f1-cb8a937ec77d,e9aa9a3e-5b2b-4ac7-a2c7-073de2b2b24f,8bbdbcdd-5cd4-4100-b6d5-b7c9625b6107,50f4348b-c883-4e2f-8f11-ce233b859fa1,fda095cb-831d-4601-ad94-846013963de8,f92806d7-1768-443f-afe8-12bcde84d0f0,dd3a144d-ab7f-41f0-82b8-2e43a090d496,f0416e68-0200-4b77-a926-4f9d16e494da,970b0598-bcb0-4714-91fb-2e81440dccd8,bcd64cc6-2dd9-43f6-abbe-66318d332032,d930590d-bb92-4cc8-8bd1-23cd027f9edf,a3cd009f-0ab0-420d-9278-b9fdab939bbc,6a2d0734-bd9e-4ddf-946e-caa52498cb75,c27215d8-6835-4b68-bfbb-bdeac6100c04,b5d6115f-0370-4d7c-aad3-c194cc71cf98,871c3b6c-7379-419d-bda3-794b239ab90d,ff9b0199-ce04-4cfe-86cc-6c719f08d6e4,de1c2107-70c8-4021-8459-6399f24d01c6,cbf30902-517f-40dc-af90-a550bac27cf1
2025-7-24 11:23:40-debug:   Number of all scenes: 1
2025-7-24 11:23:40-debug:   Number of other assets: 507
2025-7-24 11:23:40-debug:   Number of all scripts: 14
2025-7-24 11:23:40-debug: Init bundle root assets success..., progress: 0%
2025-7-24 11:23:40-debug: // ---- build task 查询 Asset Bundle ---- (1ms)
2025-7-24 11:23:40-log: run build task 查询 Asset Bundle success in 1 ms√, progress: 5%
2025-7-24 11:23:40-debug: [Build Memory track]: 查询 Asset Bundle start:199.84MB, end 199.71MB, increase: -130.16KB
2025-7-24 11:23:40-debug: 查询 Asset Bundle start, progress: 5%
2025-7-24 11:23:40-debug: // ---- build task 查询 Asset Bundle ----
2025-7-24 11:23:40-log: run build task 查询 Asset Bundle success in √, progress: 10%
2025-7-24 11:23:40-debug: [Build Memory track]: 查询 Asset Bundle start:199.73MB, end 199.85MB, increase: 116.62KB
2025-7-24 11:23:40-debug: 整理部分构建选项内数据到 settings.json start, progress: 10%
2025-7-24 11:23:40-debug: // ---- build task 整理部分构建选项内数据到 settings.json ----
2025-7-24 11:23:40-log: run build task 整理部分构建选项内数据到 settings.json success in √, progress: 12%
2025-7-24 11:23:40-debug: // ---- build task 填充脚本数据到 settings.json ----
2025-7-24 11:23:40-debug: 填充脚本数据到 settings.json start, progress: 12%
2025-7-24 11:23:40-debug: [Build Memory track]: 整理部分构建选项内数据到 settings.json start:199.87MB, end 199.15MB, increase: -738.94KB
2025-7-24 11:23:40-log: run build task 填充脚本数据到 settings.json success in √, progress: 13%
2025-7-24 11:23:40-debug: [Build Memory track]: 填充脚本数据到 settings.json start:199.17MB, end 199.19MB, increase: 16.00KB
2025-7-24 11:23:40-debug: 整理部分构建选项内数据到 settings.json start, progress: 13%
2025-7-24 11:23:40-debug: // ---- build task 整理部分构建选项内数据到 settings.json ----
2025-7-24 11:23:40-debug: // ---- build task 整理部分构建选项内数据到 settings.json ---- (1ms)
2025-7-24 11:23:40-log: run build task 整理部分构建选项内数据到 settings.json success in 1 ms√, progress: 15%
2025-7-24 11:23:40-debug: [Build Memory track]: 整理部分构建选项内数据到 settings.json start:199.21MB, end 199.34MB, increase: 124.79KB
2025-7-24 11:24:04-debug: %cImport%c: /Users/zhao/Desktop/test/cocos-creator/PlaneFight/assets/Prefabs/enemy1.prefabbackground: #aaff85; color: #000;color: #000;
2025-7-24 11:24:04-debug: asset-db:reimport-asset74b22468-4570-4af7-b957-72b163a29c91 (5ms)
2025-7-24 11:24:06-debug: %cImport%c: /Users/zhao/Desktop/test/cocos-creator/PlaneFight/assets/Prefabs/enemy1.prefabbackground: #aaff85; color: #000;color: #000;
2025-7-24 11:24:06-debug: asset-db:reimport-asset74b22468-4570-4af7-b957-72b163a29c91 (6ms)
2025-7-24 11:24:19-debug: refresh db internal success
2025-7-24 11:24:19-debug: refresh db assets success
2025-7-24 11:24:19-debug: Run asset db hook engine-extends:afterRefresh ...
2025-7-24 11:24:19-debug: Run asset db hook engine-extends:afterRefresh success!
2025-7-24 11:24:19-debug: asset-db:refresh-all-database (43ms)
2025-7-24 11:24:19-debug: asset-db:worker-effect-data-processing (1ms)
2025-7-24 11:24:19-debug: asset-db-hook-engine-extends-afterRefresh (1ms)
2025-7-24 11:24:31-debug: refresh db internal success
2025-7-24 11:24:31-debug: refresh db assets success
2025-7-24 11:24:31-debug: Run asset db hook engine-extends:afterRefresh success!
2025-7-24 11:24:31-debug: Run asset db hook engine-extends:afterRefresh ...
2025-7-24 11:24:31-debug: asset-db:refresh-all-database (22ms)
2025-7-24 11:25:17-debug: refresh db internal success
2025-7-24 11:25:17-debug: %cImport%c: /Users/zhao/Desktop/test/cocos-creator/PlaneFight/assets/Scripts/Enemy.tsbackground: #aaff85; color: #000;color: #000;
2025-7-24 11:25:17-debug: refresh db assets success
2025-7-24 11:25:17-debug: Run asset db hook engine-extends:afterRefresh ...
2025-7-24 11:25:17-debug: Run asset db hook engine-extends:afterRefresh success!
2025-7-24 11:25:17-debug: asset-db:refresh-all-database (59ms)
2025-7-24 11:25:17-debug: asset-db-hook-engine-extends-afterRefresh (2ms)
2025-7-24 11:25:17-debug: asset-db:worker-effect-data-processing (1ms)
2025-7-24 11:25:17-debug: %cImport%c: /Users/zhao/Desktop/test/cocos-creator/PlaneFight/assets/Prefabs/enemy1.prefabbackground: #aaff85; color: #000;color: #000;
2025-7-24 11:25:17-debug: asset-db:reimport-asset74b22468-4570-4af7-b957-72b163a29c91 (2ms)
2025-7-24 11:25:18-debug: Query all assets info in project
2025-7-24 11:25:18-debug: init custom config: keepNodeUuid: false, useCache: true
2025-7-24 11:25:18-debug: Skip compress image, progress: 0%
2025-7-24 11:25:18-debug: Init all bundles start..., progress: 0%
2025-7-24 11:25:18-debug: Num of bundles: 2..., progress: 0%
2025-7-24 11:25:18-debug: 查询 Asset Bundle start, progress: 0%
2025-7-24 11:25:18-debug: // ---- build task 查询 Asset Bundle ----
2025-7-24 11:25:18-debug: Init bundle root assets start..., progress: 0%
2025-7-24 11:25:18-debug: Query preload assets/scripts from cc.config.json: 60f7195c-ec2a-45eb-ba94-8955f60e81d0,1c02ae6f-4492-4915-b8f8-7492a3b1e4cd,810e96e4-e456-4468-9b59-f4e8f39732c0,efe8e2a3-eace-427b-b4f1-cb8a937ec77d,e9aa9a3e-5b2b-4ac7-a2c7-073de2b2b24f,8bbdbcdd-5cd4-4100-b6d5-b7c9625b6107,50f4348b-c883-4e2f-8f11-ce233b859fa1,fda095cb-831d-4601-ad94-846013963de8,f92806d7-1768-443f-afe8-12bcde84d0f0,dd3a144d-ab7f-41f0-82b8-2e43a090d496,f0416e68-0200-4b77-a926-4f9d16e494da,970b0598-bcb0-4714-91fb-2e81440dccd8,bcd64cc6-2dd9-43f6-abbe-66318d332032,d930590d-bb92-4cc8-8bd1-23cd027f9edf,a3cd009f-0ab0-420d-9278-b9fdab939bbc,6a2d0734-bd9e-4ddf-946e-caa52498cb75,c27215d8-6835-4b68-bfbb-bdeac6100c04,b5d6115f-0370-4d7c-aad3-c194cc71cf98,871c3b6c-7379-419d-bda3-794b239ab90d,ff9b0199-ce04-4cfe-86cc-6c719f08d6e4,de1c2107-70c8-4021-8459-6399f24d01c6,cbf30902-517f-40dc-af90-a550bac27cf1
2025-7-24 11:25:18-debug:   Number of all scenes: 1
2025-7-24 11:25:18-debug:   Number of all scripts: 14
2025-7-24 11:25:18-debug:   Number of other assets: 507
2025-7-24 11:25:18-debug: Init bundle root assets success..., progress: 0%
2025-7-24 11:25:18-debug: // ---- build task 查询 Asset Bundle ---- (6ms)
2025-7-24 11:25:18-log: run build task 查询 Asset Bundle success in 6 ms√, progress: 5%
2025-7-24 11:25:18-debug: [Build Memory track]: 查询 Asset Bundle start:202.55MB, end 202.29MB, increase: -273.13KB
2025-7-24 11:25:18-debug: 查询 Asset Bundle start, progress: 5%
2025-7-24 11:25:18-debug: // ---- build task 查询 Asset Bundle ----
2025-7-24 11:25:18-debug: // ---- build task 查询 Asset Bundle ---- (1ms)
2025-7-24 11:25:18-log: run build task 查询 Asset Bundle success in 1 ms√, progress: 10%
2025-7-24 11:25:18-debug: [Build Memory track]: 查询 Asset Bundle start:202.31MB, end 202.41MB, increase: 107.06KB
2025-7-24 11:25:18-debug: 整理部分构建选项内数据到 settings.json start, progress: 10%
2025-7-24 11:25:18-debug: // ---- build task 整理部分构建选项内数据到 settings.json ----
2025-7-24 11:25:18-debug: // ---- build task 整理部分构建选项内数据到 settings.json ---- (2ms)
2025-7-24 11:25:18-debug: [Build Memory track]: 整理部分构建选项内数据到 settings.json start:202.44MB, end 202.47MB, increase: 31.76KB
2025-7-24 11:25:18-log: run build task 整理部分构建选项内数据到 settings.json success in 2 ms√, progress: 12%
2025-7-24 11:25:18-debug: 填充脚本数据到 settings.json start, progress: 12%
2025-7-24 11:25:18-debug: // ---- build task 填充脚本数据到 settings.json ----
2025-7-24 11:25:18-debug: // ---- build task 填充脚本数据到 settings.json ---- (1ms)
2025-7-24 11:25:18-log: run build task 填充脚本数据到 settings.json success in 1 ms√, progress: 13%
2025-7-24 11:25:18-debug: // ---- build task 整理部分构建选项内数据到 settings.json ----
2025-7-24 11:25:18-debug: [Build Memory track]: 填充脚本数据到 settings.json start:202.49MB, end 202.51MB, increase: 21.23KB
2025-7-24 11:25:18-debug: 整理部分构建选项内数据到 settings.json start, progress: 13%
2025-7-24 11:25:18-debug: // ---- build task 整理部分构建选项内数据到 settings.json ---- (5ms)
2025-7-24 11:25:18-log: run build task 整理部分构建选项内数据到 settings.json success in 5 ms√, progress: 15%
2025-7-24 11:25:18-debug: [Build Memory track]: 整理部分构建选项内数据到 settings.json start:202.54MB, end 202.67MB, increase: 134.51KB
2025-7-24 11:25:18-debug: Query all assets info in project
2025-7-24 11:25:18-debug: init custom config: keepNodeUuid: false, useCache: true
2025-7-24 11:25:18-debug: Skip compress image, progress: 0%
2025-7-24 11:25:18-debug: Init all bundles start..., progress: 0%
2025-7-24 11:25:18-debug: Num of bundles: 2..., progress: 0%
2025-7-24 11:25:18-debug: // ---- build task 查询 Asset Bundle ----
2025-7-24 11:25:18-debug: Init bundle root assets start..., progress: 0%
2025-7-24 11:25:18-debug: 查询 Asset Bundle start, progress: 0%
2025-7-24 11:25:18-debug: Query preload assets/scripts from cc.config.json: 60f7195c-ec2a-45eb-ba94-8955f60e81d0,1c02ae6f-4492-4915-b8f8-7492a3b1e4cd,810e96e4-e456-4468-9b59-f4e8f39732c0,efe8e2a3-eace-427b-b4f1-cb8a937ec77d,e9aa9a3e-5b2b-4ac7-a2c7-073de2b2b24f,8bbdbcdd-5cd4-4100-b6d5-b7c9625b6107,50f4348b-c883-4e2f-8f11-ce233b859fa1,fda095cb-831d-4601-ad94-846013963de8,f92806d7-1768-443f-afe8-12bcde84d0f0,dd3a144d-ab7f-41f0-82b8-2e43a090d496,f0416e68-0200-4b77-a926-4f9d16e494da,970b0598-bcb0-4714-91fb-2e81440dccd8,bcd64cc6-2dd9-43f6-abbe-66318d332032,d930590d-bb92-4cc8-8bd1-23cd027f9edf,a3cd009f-0ab0-420d-9278-b9fdab939bbc,6a2d0734-bd9e-4ddf-946e-caa52498cb75,c27215d8-6835-4b68-bfbb-bdeac6100c04,b5d6115f-0370-4d7c-aad3-c194cc71cf98,871c3b6c-7379-419d-bda3-794b239ab90d,ff9b0199-ce04-4cfe-86cc-6c719f08d6e4,de1c2107-70c8-4021-8459-6399f24d01c6,cbf30902-517f-40dc-af90-a550bac27cf1
2025-7-24 11:25:18-debug:   Number of all scenes: 1
2025-7-24 11:25:18-debug:   Number of all scripts: 14
2025-7-24 11:25:18-debug: Init bundle root assets success..., progress: 0%
2025-7-24 11:25:18-debug:   Number of other assets: 507
2025-7-24 11:25:18-debug: // ---- build task 查询 Asset Bundle ---- (2ms)
2025-7-24 11:25:18-log: run build task 查询 Asset Bundle success in 2 ms√, progress: 5%
2025-7-24 11:25:18-debug: [Build Memory track]: 查询 Asset Bundle start:203.02MB, end 202.90MB, increase: -119.55KB
2025-7-24 11:25:18-debug: 查询 Asset Bundle start, progress: 5%
2025-7-24 11:25:18-debug: // ---- build task 查询 Asset Bundle ----
2025-7-24 11:25:18-debug: // ---- build task 查询 Asset Bundle ---- (1ms)
2025-7-24 11:25:18-debug: // ---- build task 整理部分构建选项内数据到 settings.json ----
2025-7-24 11:25:18-debug: 整理部分构建选项内数据到 settings.json start, progress: 10%
2025-7-24 11:25:18-debug: [Build Memory track]: 查询 Asset Bundle start:202.93MB, end 203.04MB, increase: 108.46KB
2025-7-24 11:25:18-log: run build task 查询 Asset Bundle success in 1 ms√, progress: 10%
2025-7-24 11:25:18-log: run build task 整理部分构建选项内数据到 settings.json success in √, progress: 12%
2025-7-24 11:25:18-debug: [Build Memory track]: 整理部分构建选项内数据到 settings.json start:203.06MB, end 202.33MB, increase: -746.04KB
2025-7-24 11:25:18-debug: 填充脚本数据到 settings.json start, progress: 12%
2025-7-24 11:25:18-debug: // ---- build task 填充脚本数据到 settings.json ----
2025-7-24 11:25:18-debug: [Build Memory track]: 填充脚本数据到 settings.json start:202.36MB, end 202.37MB, increase: 16.73KB
2025-7-24 11:25:18-debug: // ---- build task 整理部分构建选项内数据到 settings.json ----
2025-7-24 11:25:18-log: run build task 填充脚本数据到 settings.json success in √, progress: 13%
2025-7-24 11:25:18-debug: 整理部分构建选项内数据到 settings.json start, progress: 13%
2025-7-24 11:25:18-debug: // ---- build task 整理部分构建选项内数据到 settings.json ---- (1ms)
2025-7-24 11:25:18-debug: [Build Memory track]: 整理部分构建选项内数据到 settings.json start:202.40MB, end 202.52MB, increase: 122.99KB
2025-7-24 11:25:18-log: run build task 整理部分构建选项内数据到 settings.json success in 1 ms√, progress: 15%
2025-7-24 11:25:24-debug: %cImport%c: /Users/zhao/Desktop/test/cocos-creator/PlaneFight/assets/Prefabs/bullet1.prefabbackground: #aaff85; color: #000;color: #000;
2025-7-24 11:25:24-debug: asset-db:reimport-asset13ccfaba-f106-4cc4-82f9-186df7dd0073 (3ms)
2025-7-24 11:25:26-debug: Query all assets info in project
2025-7-24 11:25:26-debug: init custom config: keepNodeUuid: false, useCache: true
2025-7-24 11:25:26-debug: Skip compress image, progress: 0%
2025-7-24 11:25:26-debug: Init all bundles start..., progress: 0%
2025-7-24 11:25:26-debug: 查询 Asset Bundle start, progress: 0%
2025-7-24 11:25:26-debug: // ---- build task 查询 Asset Bundle ----
2025-7-24 11:25:26-debug: Init bundle root assets start..., progress: 0%
2025-7-24 11:25:26-debug: Num of bundles: 2..., progress: 0%
2025-7-24 11:25:26-debug: Query preload assets/scripts from cc.config.json: 60f7195c-ec2a-45eb-ba94-8955f60e81d0,1c02ae6f-4492-4915-b8f8-7492a3b1e4cd,810e96e4-e456-4468-9b59-f4e8f39732c0,efe8e2a3-eace-427b-b4f1-cb8a937ec77d,e9aa9a3e-5b2b-4ac7-a2c7-073de2b2b24f,8bbdbcdd-5cd4-4100-b6d5-b7c9625b6107,50f4348b-c883-4e2f-8f11-ce233b859fa1,fda095cb-831d-4601-ad94-846013963de8,f92806d7-1768-443f-afe8-12bcde84d0f0,dd3a144d-ab7f-41f0-82b8-2e43a090d496,f0416e68-0200-4b77-a926-4f9d16e494da,970b0598-bcb0-4714-91fb-2e81440dccd8,bcd64cc6-2dd9-43f6-abbe-66318d332032,d930590d-bb92-4cc8-8bd1-23cd027f9edf,a3cd009f-0ab0-420d-9278-b9fdab939bbc,6a2d0734-bd9e-4ddf-946e-caa52498cb75,c27215d8-6835-4b68-bfbb-bdeac6100c04,b5d6115f-0370-4d7c-aad3-c194cc71cf98,871c3b6c-7379-419d-bda3-794b239ab90d,ff9b0199-ce04-4cfe-86cc-6c719f08d6e4,de1c2107-70c8-4021-8459-6399f24d01c6,cbf30902-517f-40dc-af90-a550bac27cf1
2025-7-24 11:25:26-debug: Init bundle root assets success..., progress: 0%
2025-7-24 11:25:26-debug:   Number of all scenes: 1
2025-7-24 11:25:26-debug:   Number of other assets: 507
2025-7-24 11:25:26-debug:   Number of all scripts: 14
2025-7-24 11:25:26-debug: // ---- build task 查询 Asset Bundle ---- (2ms)
2025-7-24 11:25:26-debug: [Build Memory track]: 查询 Asset Bundle start:202.74MB, end 202.49MB, increase: -259.99KB
2025-7-24 11:25:26-log: run build task 查询 Asset Bundle success in 2 ms√, progress: 5%
2025-7-24 11:25:26-debug: 查询 Asset Bundle start, progress: 5%
2025-7-24 11:25:26-debug: // ---- build task 查询 Asset Bundle ----
2025-7-24 11:25:26-log: run build task 查询 Asset Bundle success in √, progress: 10%
2025-7-24 11:25:26-debug: [Build Memory track]: 查询 Asset Bundle start:202.51MB, end 202.61MB, increase: 98.70KB
2025-7-24 11:25:26-debug: 整理部分构建选项内数据到 settings.json start, progress: 10%
2025-7-24 11:25:26-debug: // ---- build task 整理部分构建选项内数据到 settings.json ----
2025-7-24 11:25:26-log: run build task 整理部分构建选项内数据到 settings.json success in √, progress: 12%
2025-7-24 11:25:26-debug: [Build Memory track]: 整理部分构建选项内数据到 settings.json start:202.63MB, end 202.65MB, increase: 15.55KB
2025-7-24 11:25:26-debug: // ---- build task 填充脚本数据到 settings.json ----
2025-7-24 11:25:26-debug: 填充脚本数据到 settings.json start, progress: 12%
2025-7-24 11:25:26-debug: // ---- build task 填充脚本数据到 settings.json ---- (1ms)
2025-7-24 11:25:26-debug: // ---- build task 整理部分构建选项内数据到 settings.json ----
2025-7-24 11:25:26-debug: 整理部分构建选项内数据到 settings.json start, progress: 13%
2025-7-24 11:25:26-log: run build task 填充脚本数据到 settings.json success in 1 ms√, progress: 13%
2025-7-24 11:25:26-debug: [Build Memory track]: 填充脚本数据到 settings.json start:202.67MB, end 202.69MB, increase: 23.03KB
2025-7-24 11:25:26-log: run build task 整理部分构建选项内数据到 settings.json success in √, progress: 15%
2025-7-24 11:25:26-debug: [Build Memory track]: 整理部分构建选项内数据到 settings.json start:202.72MB, end 202.83MB, increase: 114.45KB
2025-7-24 11:26:00-debug: Query all assets info in project
2025-7-24 11:26:00-debug: init custom config: keepNodeUuid: false, useCache: true
2025-7-24 11:26:00-debug: Skip compress image, progress: 0%
2025-7-24 11:26:00-debug: Init all bundles start..., progress: 0%
2025-7-24 11:26:00-debug: Init bundle root assets start..., progress: 0%
2025-7-24 11:26:00-debug: 查询 Asset Bundle start, progress: 0%
2025-7-24 11:26:00-debug: // ---- build task 查询 Asset Bundle ----
2025-7-24 11:26:00-debug: Num of bundles: 2..., progress: 0%
2025-7-24 11:26:00-debug: Query preload assets/scripts from cc.config.json: 60f7195c-ec2a-45eb-ba94-8955f60e81d0,1c02ae6f-4492-4915-b8f8-7492a3b1e4cd,810e96e4-e456-4468-9b59-f4e8f39732c0,efe8e2a3-eace-427b-b4f1-cb8a937ec77d,e9aa9a3e-5b2b-4ac7-a2c7-073de2b2b24f,8bbdbcdd-5cd4-4100-b6d5-b7c9625b6107,50f4348b-c883-4e2f-8f11-ce233b859fa1,fda095cb-831d-4601-ad94-846013963de8,f92806d7-1768-443f-afe8-12bcde84d0f0,dd3a144d-ab7f-41f0-82b8-2e43a090d496,f0416e68-0200-4b77-a926-4f9d16e494da,970b0598-bcb0-4714-91fb-2e81440dccd8,bcd64cc6-2dd9-43f6-abbe-66318d332032,d930590d-bb92-4cc8-8bd1-23cd027f9edf,a3cd009f-0ab0-420d-9278-b9fdab939bbc,6a2d0734-bd9e-4ddf-946e-caa52498cb75,c27215d8-6835-4b68-bfbb-bdeac6100c04,b5d6115f-0370-4d7c-aad3-c194cc71cf98,871c3b6c-7379-419d-bda3-794b239ab90d,ff9b0199-ce04-4cfe-86cc-6c719f08d6e4,de1c2107-70c8-4021-8459-6399f24d01c6,cbf30902-517f-40dc-af90-a550bac27cf1
2025-7-24 11:26:00-debug:   Number of all scenes: 1
2025-7-24 11:26:00-debug:   Number of other assets: 507
2025-7-24 11:26:00-debug:   Number of all scripts: 14
2025-7-24 11:26:00-debug: Init bundle root assets success..., progress: 0%
2025-7-24 11:26:00-debug: // ---- build task 查询 Asset Bundle ---- (6ms)
2025-7-24 11:26:00-log: run build task 查询 Asset Bundle success in 6 ms√, progress: 5%
2025-7-24 11:26:00-debug: [Build Memory track]: 查询 Asset Bundle start:202.56MB, end 203.19MB, increase: 647.44KB
2025-7-24 11:26:00-debug: // ---- build task 查询 Asset Bundle ----
2025-7-24 11:26:00-debug: 查询 Asset Bundle start, progress: 5%
2025-7-24 11:26:00-debug: // ---- build task 查询 Asset Bundle ---- (2ms)
2025-7-24 11:26:00-log: run build task 查询 Asset Bundle success in 2 ms√, progress: 10%
2025-7-24 11:26:00-debug: 整理部分构建选项内数据到 settings.json start, progress: 10%
2025-7-24 11:26:00-debug: [Build Memory track]: 查询 Asset Bundle start:203.22MB, end 202.56MB, increase: -675.32KB
2025-7-24 11:26:00-debug: // ---- build task 整理部分构建选项内数据到 settings.json ----
2025-7-24 11:26:00-debug: // ---- build task 整理部分构建选项内数据到 settings.json ---- (1ms)
2025-7-24 11:26:00-debug: 填充脚本数据到 settings.json start, progress: 12%
2025-7-24 11:26:00-debug: [Build Memory track]: 整理部分构建选项内数据到 settings.json start:202.58MB, end 202.60MB, increase: 24.17KB
2025-7-24 11:26:00-log: run build task 整理部分构建选项内数据到 settings.json success in 1 ms√, progress: 12%
2025-7-24 11:26:00-debug: // ---- build task 填充脚本数据到 settings.json ----
2025-7-24 11:26:00-debug: // ---- build task 填充脚本数据到 settings.json ---- (1ms)
2025-7-24 11:26:00-log: run build task 填充脚本数据到 settings.json success in 1 ms√, progress: 13%
2025-7-24 11:26:00-debug: 整理部分构建选项内数据到 settings.json start, progress: 13%
2025-7-24 11:26:00-debug: [Build Memory track]: 填充脚本数据到 settings.json start:202.63MB, end 202.65MB, increase: 23.38KB
2025-7-24 11:26:00-debug: // ---- build task 整理部分构建选项内数据到 settings.json ----
2025-7-24 11:26:00-debug: // ---- build task 整理部分构建选项内数据到 settings.json ---- (4ms)
2025-7-24 11:26:00-log: run build task 整理部分构建选项内数据到 settings.json success in 4 ms√, progress: 15%
2025-7-24 11:26:00-debug: [Build Memory track]: 整理部分构建选项内数据到 settings.json start:202.68MB, end 202.80MB, increase: 122.85KB
2025-7-24 11:26:00-debug: Query all assets info in project
2025-7-24 11:26:00-debug: init custom config: keepNodeUuid: false, useCache: true
2025-7-24 11:26:00-debug: Skip compress image, progress: 0%
2025-7-24 11:26:00-debug: Init all bundles start..., progress: 0%
2025-7-24 11:26:00-debug: Num of bundles: 2..., progress: 0%
2025-7-24 11:26:00-debug: // ---- build task 查询 Asset Bundle ----
2025-7-24 11:26:00-debug: 查询 Asset Bundle start, progress: 0%
2025-7-24 11:26:00-debug: Init bundle root assets start..., progress: 0%
2025-7-24 11:26:00-debug: Query preload assets/scripts from cc.config.json: 60f7195c-ec2a-45eb-ba94-8955f60e81d0,1c02ae6f-4492-4915-b8f8-7492a3b1e4cd,810e96e4-e456-4468-9b59-f4e8f39732c0,efe8e2a3-eace-427b-b4f1-cb8a937ec77d,e9aa9a3e-5b2b-4ac7-a2c7-073de2b2b24f,8bbdbcdd-5cd4-4100-b6d5-b7c9625b6107,50f4348b-c883-4e2f-8f11-ce233b859fa1,fda095cb-831d-4601-ad94-846013963de8,f92806d7-1768-443f-afe8-12bcde84d0f0,dd3a144d-ab7f-41f0-82b8-2e43a090d496,f0416e68-0200-4b77-a926-4f9d16e494da,970b0598-bcb0-4714-91fb-2e81440dccd8,bcd64cc6-2dd9-43f6-abbe-66318d332032,d930590d-bb92-4cc8-8bd1-23cd027f9edf,a3cd009f-0ab0-420d-9278-b9fdab939bbc,6a2d0734-bd9e-4ddf-946e-caa52498cb75,c27215d8-6835-4b68-bfbb-bdeac6100c04,b5d6115f-0370-4d7c-aad3-c194cc71cf98,871c3b6c-7379-419d-bda3-794b239ab90d,ff9b0199-ce04-4cfe-86cc-6c719f08d6e4,de1c2107-70c8-4021-8459-6399f24d01c6,cbf30902-517f-40dc-af90-a550bac27cf1
2025-7-24 11:26:00-debug:   Number of all scripts: 14
2025-7-24 11:26:00-debug: Init bundle root assets success..., progress: 0%
2025-7-24 11:26:00-debug:   Number of all scenes: 1
2025-7-24 11:26:00-debug:   Number of other assets: 507
2025-7-24 11:26:00-log: run build task 查询 Asset Bundle success in 4 ms√, progress: 5%
2025-7-24 11:26:00-debug: // ---- build task 查询 Asset Bundle ----
2025-7-24 11:26:00-debug: 查询 Asset Bundle start, progress: 5%
2025-7-24 11:26:00-debug: // ---- build task 查询 Asset Bundle ---- (4ms)
2025-7-24 11:26:00-debug: [Build Memory track]: 查询 Asset Bundle start:203.13MB, end 202.92MB, increase: -219.55KB
2025-7-24 11:26:00-debug: // ---- build task 查询 Asset Bundle ---- (2ms)
2025-7-24 11:26:00-log: run build task 查询 Asset Bundle success in 2 ms√, progress: 10%
2025-7-24 11:26:00-debug: // ---- build task 整理部分构建选项内数据到 settings.json ----
2025-7-24 11:26:00-debug: 整理部分构建选项内数据到 settings.json start, progress: 10%
2025-7-24 11:26:00-debug: [Build Memory track]: 查询 Asset Bundle start:202.94MB, end 203.05MB, increase: 105.34KB
2025-7-24 11:26:00-debug: // ---- build task 整理部分构建选项内数据到 settings.json ---- (1ms)
2025-7-24 11:26:00-debug: // ---- build task 填充脚本数据到 settings.json ----
2025-7-24 11:26:00-debug: [Build Memory track]: 整理部分构建选项内数据到 settings.json start:203.07MB, end 203.10MB, increase: 24.24KB
2025-7-24 11:26:00-debug: 填充脚本数据到 settings.json start, progress: 12%
2025-7-24 11:26:00-log: run build task 整理部分构建选项内数据到 settings.json success in 1 ms√, progress: 12%
2025-7-24 11:26:00-log: run build task 填充脚本数据到 settings.json success in 1 ms√, progress: 13%
2025-7-24 11:26:00-debug: // ---- build task 填充脚本数据到 settings.json ---- (1ms)
2025-7-24 11:26:00-debug: [Build Memory track]: 填充脚本数据到 settings.json start:203.12MB, end 203.14MB, increase: 21.71KB
2025-7-24 11:26:00-debug: 整理部分构建选项内数据到 settings.json start, progress: 13%
2025-7-24 11:26:00-debug: // ---- build task 整理部分构建选项内数据到 settings.json ----
2025-7-24 11:26:00-log: run build task 整理部分构建选项内数据到 settings.json success in 1 ms√, progress: 15%
2025-7-24 11:26:00-debug: [Build Memory track]: 整理部分构建选项内数据到 settings.json start:203.17MB, end 203.29MB, increase: 124.31KB
2025-7-24 11:26:00-debug: // ---- build task 整理部分构建选项内数据到 settings.json ---- (1ms)
2025-7-24 11:26:01-debug: %cImport%c: /Users/zhao/Desktop/test/cocos-creator/PlaneFight/assets/Scenes/Start.scenebackground: #aaff85; color: #000;color: #000;
2025-7-24 11:26:01-debug: asset-db:reimport-asset2fda4d65-a1e9-4078-8250-de49b04cdc34 (5ms)
2025-7-24 11:26:01-debug: Query all assets info in project
2025-7-24 11:26:01-debug: init custom config: keepNodeUuid: false, useCache: true
2025-7-24 11:26:01-debug: Skip compress image, progress: 0%
2025-7-24 11:26:01-debug: Init all bundles start..., progress: 0%
2025-7-24 11:26:01-debug: Num of bundles: 2..., progress: 0%
2025-7-24 11:26:01-debug: // ---- build task 查询 Asset Bundle ----
2025-7-24 11:26:01-debug: 查询 Asset Bundle start, progress: 0%
2025-7-24 11:26:01-debug: Init bundle root assets start..., progress: 0%
2025-7-24 11:26:01-debug: Query preload assets/scripts from cc.config.json: 60f7195c-ec2a-45eb-ba94-8955f60e81d0,1c02ae6f-4492-4915-b8f8-7492a3b1e4cd,810e96e4-e456-4468-9b59-f4e8f39732c0,efe8e2a3-eace-427b-b4f1-cb8a937ec77d,e9aa9a3e-5b2b-4ac7-a2c7-073de2b2b24f,8bbdbcdd-5cd4-4100-b6d5-b7c9625b6107,50f4348b-c883-4e2f-8f11-ce233b859fa1,fda095cb-831d-4601-ad94-846013963de8,f92806d7-1768-443f-afe8-12bcde84d0f0,dd3a144d-ab7f-41f0-82b8-2e43a090d496,f0416e68-0200-4b77-a926-4f9d16e494da,970b0598-bcb0-4714-91fb-2e81440dccd8,bcd64cc6-2dd9-43f6-abbe-66318d332032,d930590d-bb92-4cc8-8bd1-23cd027f9edf,a3cd009f-0ab0-420d-9278-b9fdab939bbc,6a2d0734-bd9e-4ddf-946e-caa52498cb75,c27215d8-6835-4b68-bfbb-bdeac6100c04,b5d6115f-0370-4d7c-aad3-c194cc71cf98,871c3b6c-7379-419d-bda3-794b239ab90d,ff9b0199-ce04-4cfe-86cc-6c719f08d6e4,de1c2107-70c8-4021-8459-6399f24d01c6,cbf30902-517f-40dc-af90-a550bac27cf1
2025-7-24 11:26:01-debug: Init bundle root assets success..., progress: 0%
2025-7-24 11:26:01-debug: // ---- build task 查询 Asset Bundle ---- (4ms)
2025-7-24 11:26:01-debug: // ---- build task 查询 Asset Bundle ----
2025-7-24 11:26:01-debug: // ---- build task 查询 Asset Bundle ---- (1ms)
2025-7-24 11:26:01-log: run build task 查询 Asset Bundle success in 1 ms√, progress: 10%
2025-7-24 11:26:01-debug: 查询 Asset Bundle start, progress: 5%
2025-7-24 11:26:01-debug: 整理部分构建选项内数据到 settings.json start, progress: 10%
2025-7-24 11:26:01-debug: // ---- build task 整理部分构建选项内数据到 settings.json ----
2025-7-24 11:26:01-debug: [Build Memory track]: 查询 Asset Bundle start:203.39MB, end 202.71MB, increase: -690.16KB
2025-7-24 11:26:01-log: run build task 整理部分构建选项内数据到 settings.json success in √, progress: 12%
2025-7-24 11:26:01-debug: 填充脚本数据到 settings.json start, progress: 12%
2025-7-24 11:26:01-debug: // ---- build task 填充脚本数据到 settings.json ----
2025-7-24 11:26:01-debug: [Build Memory track]: 整理部分构建选项内数据到 settings.json start:202.74MB, end 202.75MB, increase: 12.68KB
2025-7-24 11:26:01-debug: [Build Memory track]: 填充脚本数据到 settings.json start:202.78MB, end 202.79MB, increase: 12.13KB
2025-7-24 11:26:01-debug: 整理部分构建选项内数据到 settings.json start, progress: 13%
2025-7-24 11:26:01-debug: // ---- build task 整理部分构建选项内数据到 settings.json ----
2025-7-24 11:26:01-log: run build task 填充脚本数据到 settings.json success in √, progress: 13%
2025-7-24 11:26:01-debug:   Number of all scenes: 1
2025-7-24 11:26:01-debug:   Number of all scripts: 14
2025-7-24 11:26:01-debug: [Build Memory track]: 查询 Asset Bundle start:202.74MB, end 203.36MB, increase: 633.93KB
2025-7-24 11:26:01-log: run build task 查询 Asset Bundle success in 4 ms√, progress: 5%
2025-7-24 11:26:01-debug:   Number of other assets: 507
2025-7-24 11:26:01-log: run build task 整理部分构建选项内数据到 settings.json success in 2 ms√, progress: 15%
2025-7-24 11:26:01-debug: [Build Memory track]: 整理部分构建选项内数据到 settings.json start:202.81MB, end 202.95MB, increase: 141.50KB
2025-7-24 11:26:01-debug: // ---- build task 整理部分构建选项内数据到 settings.json ---- (2ms)
2025-7-24 11:26:01-debug: Query all assets info in project
2025-7-24 11:26:01-debug: init custom config: keepNodeUuid: false, useCache: true
2025-7-24 11:26:01-debug: Skip compress image, progress: 0%
2025-7-24 11:26:01-debug: Init all bundles start..., progress: 0%
2025-7-24 11:26:01-debug: 查询 Asset Bundle start, progress: 0%
2025-7-24 11:26:01-debug: Num of bundles: 2..., progress: 0%
2025-7-24 11:26:01-debug: // ---- build task 查询 Asset Bundle ----
2025-7-24 11:26:01-debug: Init bundle root assets start..., progress: 0%
2025-7-24 11:26:01-debug: Query preload assets/scripts from cc.config.json: 60f7195c-ec2a-45eb-ba94-8955f60e81d0,1c02ae6f-4492-4915-b8f8-7492a3b1e4cd,810e96e4-e456-4468-9b59-f4e8f39732c0,efe8e2a3-eace-427b-b4f1-cb8a937ec77d,e9aa9a3e-5b2b-4ac7-a2c7-073de2b2b24f,8bbdbcdd-5cd4-4100-b6d5-b7c9625b6107,50f4348b-c883-4e2f-8f11-ce233b859fa1,fda095cb-831d-4601-ad94-846013963de8,f92806d7-1768-443f-afe8-12bcde84d0f0,dd3a144d-ab7f-41f0-82b8-2e43a090d496,f0416e68-0200-4b77-a926-4f9d16e494da,970b0598-bcb0-4714-91fb-2e81440dccd8,bcd64cc6-2dd9-43f6-abbe-66318d332032,d930590d-bb92-4cc8-8bd1-23cd027f9edf,a3cd009f-0ab0-420d-9278-b9fdab939bbc,6a2d0734-bd9e-4ddf-946e-caa52498cb75,c27215d8-6835-4b68-bfbb-bdeac6100c04,b5d6115f-0370-4d7c-aad3-c194cc71cf98,871c3b6c-7379-419d-bda3-794b239ab90d,ff9b0199-ce04-4cfe-86cc-6c719f08d6e4,de1c2107-70c8-4021-8459-6399f24d01c6,cbf30902-517f-40dc-af90-a550bac27cf1
2025-7-24 11:26:01-debug:   Number of other assets: 507
2025-7-24 11:26:01-debug:   Number of all scenes: 1
2025-7-24 11:26:01-debug: Init bundle root assets success..., progress: 0%
2025-7-24 11:26:01-debug:   Number of all scripts: 14
2025-7-24 11:26:01-log: run build task 查询 Asset Bundle success in 2 ms√, progress: 5%
2025-7-24 11:26:01-debug: // ---- build task 查询 Asset Bundle ---- (2ms)
2025-7-24 11:26:01-debug: [Build Memory track]: 查询 Asset Bundle start:203.34MB, end 203.09MB, increase: -253.72KB
2025-7-24 11:26:01-debug: 查询 Asset Bundle start, progress: 5%
2025-7-24 11:26:01-debug: // ---- build task 查询 Asset Bundle ----
2025-7-24 11:26:01-debug: // ---- build task 查询 Asset Bundle ---- (1ms)
2025-7-24 11:26:01-log: run build task 查询 Asset Bundle success in 1 ms√, progress: 10%
2025-7-24 11:26:01-debug: [Build Memory track]: 查询 Asset Bundle start:203.11MB, end 203.22MB, increase: 107.11KB
2025-7-24 11:26:01-debug: 整理部分构建选项内数据到 settings.json start, progress: 10%
2025-7-24 11:26:01-debug: // ---- build task 整理部分构建选项内数据到 settings.json ----
2025-7-24 11:26:01-log: run build task 整理部分构建选项内数据到 settings.json success in √, progress: 12%
2025-7-24 11:26:01-debug: [Build Memory track]: 整理部分构建选项内数据到 settings.json start:203.24MB, end 203.26MB, increase: 14.71KB
2025-7-24 11:26:01-debug: // ---- build task 填充脚本数据到 settings.json ----
2025-7-24 11:26:01-debug: 填充脚本数据到 settings.json start, progress: 12%
2025-7-24 11:26:01-log: run build task 填充脚本数据到 settings.json success in 1 ms√, progress: 13%
2025-7-24 11:26:01-debug: // ---- build task 填充脚本数据到 settings.json ---- (1ms)
2025-7-24 11:26:01-debug: 整理部分构建选项内数据到 settings.json start, progress: 13%
2025-7-24 11:26:01-debug: [Build Memory track]: 填充脚本数据到 settings.json start:203.28MB, end 203.31MB, increase: 24.62KB
2025-7-24 11:26:01-debug: // ---- build task 整理部分构建选项内数据到 settings.json ----
2025-7-24 11:26:01-debug: // ---- build task 整理部分构建选项内数据到 settings.json ---- (1ms)
2025-7-24 11:26:01-log: run build task 整理部分构建选项内数据到 settings.json success in 1 ms√, progress: 15%
2025-7-24 11:26:01-debug: [Build Memory track]: 整理部分构建选项内数据到 settings.json start:203.33MB, end 203.45MB, increase: 123.83KB
2025-7-24 11:26:01-debug: Query all assets info in project
2025-7-24 11:26:01-debug: init custom config: keepNodeUuid: false, useCache: true
2025-7-24 11:26:01-debug: Skip compress image, progress: 0%
2025-7-24 11:26:01-debug: Init all bundles start..., progress: 0%
2025-7-24 11:26:01-debug: 查询 Asset Bundle start, progress: 0%
2025-7-24 11:26:01-debug: // ---- build task 查询 Asset Bundle ----
2025-7-24 11:26:01-debug: Init bundle root assets start..., progress: 0%
2025-7-24 11:26:01-debug: Num of bundles: 2..., progress: 0%
2025-7-24 11:26:01-debug: Query preload assets/scripts from cc.config.json: 60f7195c-ec2a-45eb-ba94-8955f60e81d0,1c02ae6f-4492-4915-b8f8-7492a3b1e4cd,810e96e4-e456-4468-9b59-f4e8f39732c0,efe8e2a3-eace-427b-b4f1-cb8a937ec77d,e9aa9a3e-5b2b-4ac7-a2c7-073de2b2b24f,8bbdbcdd-5cd4-4100-b6d5-b7c9625b6107,50f4348b-c883-4e2f-8f11-ce233b859fa1,fda095cb-831d-4601-ad94-846013963de8,f92806d7-1768-443f-afe8-12bcde84d0f0,dd3a144d-ab7f-41f0-82b8-2e43a090d496,f0416e68-0200-4b77-a926-4f9d16e494da,970b0598-bcb0-4714-91fb-2e81440dccd8,bcd64cc6-2dd9-43f6-abbe-66318d332032,d930590d-bb92-4cc8-8bd1-23cd027f9edf,a3cd009f-0ab0-420d-9278-b9fdab939bbc,6a2d0734-bd9e-4ddf-946e-caa52498cb75,c27215d8-6835-4b68-bfbb-bdeac6100c04,b5d6115f-0370-4d7c-aad3-c194cc71cf98,871c3b6c-7379-419d-bda3-794b239ab90d,ff9b0199-ce04-4cfe-86cc-6c719f08d6e4,de1c2107-70c8-4021-8459-6399f24d01c6,cbf30902-517f-40dc-af90-a550bac27cf1
2025-7-24 11:26:01-debug:   Number of all scenes: 1
2025-7-24 11:26:01-debug:   Number of all scripts: 14
2025-7-24 11:26:01-debug:   Number of other assets: 507
2025-7-24 11:26:01-debug: Init bundle root assets success..., progress: 0%
2025-7-24 11:26:01-debug: // ---- build task 查询 Asset Bundle ---- (2ms)
2025-7-24 11:26:01-log: run build task 查询 Asset Bundle success in 2 ms√, progress: 5%
2025-7-24 11:26:01-debug: [Build Memory track]: 查询 Asset Bundle start:203.07MB, end 202.87MB, increase: -203.84KB
2025-7-24 11:26:01-debug: 查询 Asset Bundle start, progress: 5%
2025-7-24 11:26:01-debug: // ---- build task 查询 Asset Bundle ----
2025-7-24 11:26:01-debug: // ---- build task 查询 Asset Bundle ---- (3ms)
2025-7-24 11:26:01-log: run build task 查询 Asset Bundle success in 3 ms√, progress: 10%
2025-7-24 11:26:01-debug: [Build Memory track]: 查询 Asset Bundle start:202.90MB, end 203.00MB, increase: 108.68KB
2025-7-24 11:26:01-debug: 整理部分构建选项内数据到 settings.json start, progress: 10%
2025-7-24 11:26:01-debug: // ---- build task 整理部分构建选项内数据到 settings.json ----
2025-7-24 11:26:01-debug: // ---- build task 整理部分构建选项内数据到 settings.json ---- (1ms)
2025-7-24 11:26:01-debug: [Build Memory track]: 整理部分构建选项内数据到 settings.json start:203.03MB, end 203.05MB, increase: 21.56KB
2025-7-24 11:26:01-log: run build task 整理部分构建选项内数据到 settings.json success in 1 ms√, progress: 12%
2025-7-24 11:26:01-debug: // ---- build task 填充脚本数据到 settings.json ----
2025-7-24 11:26:01-debug: 填充脚本数据到 settings.json start, progress: 12%
2025-7-24 11:26:01-debug: // ---- build task 填充脚本数据到 settings.json ---- (2ms)
2025-7-24 11:26:01-log: run build task 填充脚本数据到 settings.json success in 2 ms√, progress: 13%
2025-7-24 11:26:01-debug: [Build Memory track]: 填充脚本数据到 settings.json start:203.07MB, end 203.10MB, increase: 26.30KB
2025-7-24 11:26:01-debug: 整理部分构建选项内数据到 settings.json start, progress: 13%
2025-7-24 11:26:01-debug: // ---- build task 整理部分构建选项内数据到 settings.json ----
2025-7-24 11:26:01-log: run build task 整理部分构建选项内数据到 settings.json success in 2 ms√, progress: 15%
2025-7-24 11:26:01-debug: // ---- build task 整理部分构建选项内数据到 settings.json ---- (2ms)
2025-7-24 11:26:01-debug: [Build Memory track]: 整理部分构建选项内数据到 settings.json start:203.12MB, end 203.24MB, increase: 122.40KB
2025-7-24 11:26:36-debug: %cImport%c: /Users/zhao/Desktop/test/cocos-creator/PlaneFight/assets/Prefabs/bullet1.prefabbackground: #aaff85; color: #000;color: #000;
2025-7-24 11:26:36-debug: asset-db:reimport-asset13ccfaba-f106-4cc4-82f9-186df7dd0073 (3ms)
2025-7-24 11:26:37-debug: %cImport%c: /Users/zhao/Desktop/test/cocos-creator/PlaneFight/assets/Prefabs/bullet1.prefabbackground: #aaff85; color: #000;color: #000;
2025-7-24 11:26:37-debug: asset-db:reimport-asset13ccfaba-f106-4cc4-82f9-186df7dd0073 (4ms)
2025-7-24 11:26:39-debug: Query all assets info in project
2025-7-24 11:26:39-debug: init custom config: keepNodeUuid: false, useCache: true
2025-7-24 11:26:39-debug: Skip compress image, progress: 0%
2025-7-24 11:26:39-debug: Init all bundles start..., progress: 0%
2025-7-24 11:26:39-debug: // ---- build task 查询 Asset Bundle ----
2025-7-24 11:26:39-debug: 查询 Asset Bundle start, progress: 0%
2025-7-24 11:26:39-debug: Num of bundles: 2..., progress: 0%
2025-7-24 11:26:39-debug: Init bundle root assets start..., progress: 0%
2025-7-24 11:26:39-debug: Query preload assets/scripts from cc.config.json: 60f7195c-ec2a-45eb-ba94-8955f60e81d0,1c02ae6f-4492-4915-b8f8-7492a3b1e4cd,810e96e4-e456-4468-9b59-f4e8f39732c0,efe8e2a3-eace-427b-b4f1-cb8a937ec77d,e9aa9a3e-5b2b-4ac7-a2c7-073de2b2b24f,8bbdbcdd-5cd4-4100-b6d5-b7c9625b6107,50f4348b-c883-4e2f-8f11-ce233b859fa1,fda095cb-831d-4601-ad94-846013963de8,f92806d7-1768-443f-afe8-12bcde84d0f0,dd3a144d-ab7f-41f0-82b8-2e43a090d496,f0416e68-0200-4b77-a926-4f9d16e494da,970b0598-bcb0-4714-91fb-2e81440dccd8,bcd64cc6-2dd9-43f6-abbe-66318d332032,d930590d-bb92-4cc8-8bd1-23cd027f9edf,a3cd009f-0ab0-420d-9278-b9fdab939bbc,6a2d0734-bd9e-4ddf-946e-caa52498cb75,c27215d8-6835-4b68-bfbb-bdeac6100c04,b5d6115f-0370-4d7c-aad3-c194cc71cf98,871c3b6c-7379-419d-bda3-794b239ab90d,ff9b0199-ce04-4cfe-86cc-6c719f08d6e4,de1c2107-70c8-4021-8459-6399f24d01c6,cbf30902-517f-40dc-af90-a550bac27cf1
2025-7-24 11:26:39-debug: Init bundle root assets success..., progress: 0%
2025-7-24 11:26:39-debug:   Number of all scripts: 14
2025-7-24 11:26:39-debug:   Number of other assets: 507
2025-7-24 11:26:39-debug:   Number of all scenes: 1
2025-7-24 11:26:39-debug: // ---- build task 查询 Asset Bundle ---- (1ms)
2025-7-24 11:26:39-log: run build task 查询 Asset Bundle success in 1 ms√, progress: 5%
2025-7-24 11:26:39-debug: 查询 Asset Bundle start, progress: 5%
2025-7-24 11:26:39-debug: // ---- build task 查询 Asset Bundle ----
2025-7-24 11:26:39-debug: [Build Memory track]: 查询 Asset Bundle start:203.19MB, end 203.02MB, increase: -169.92KB
2025-7-24 11:26:39-log: run build task 查询 Asset Bundle success in √, progress: 10%
2025-7-24 11:26:39-debug: 整理部分构建选项内数据到 settings.json start, progress: 10%
2025-7-24 11:26:39-debug: [Build Memory track]: 查询 Asset Bundle start:203.05MB, end 203.15MB, increase: 99.33KB
2025-7-24 11:26:39-debug: // ---- build task 整理部分构建选项内数据到 settings.json ----
2025-7-24 11:26:39-debug: // ---- build task 整理部分构建选项内数据到 settings.json ---- (1ms)
2025-7-24 11:26:39-log: run build task 整理部分构建选项内数据到 settings.json success in 1 ms√, progress: 12%
2025-7-24 11:26:39-debug: [Build Memory track]: 整理部分构建选项内数据到 settings.json start:203.17MB, end 203.19MB, increase: 23.51KB
2025-7-24 11:26:39-debug: 填充脚本数据到 settings.json start, progress: 12%
2025-7-24 11:26:39-debug: // ---- build task 填充脚本数据到 settings.json ----
2025-7-24 11:26:39-log: run build task 填充脚本数据到 settings.json success in √, progress: 13%
2025-7-24 11:26:39-debug: // ---- build task 整理部分构建选项内数据到 settings.json ----
2025-7-24 11:26:39-debug: 整理部分构建选项内数据到 settings.json start, progress: 13%
2025-7-24 11:26:39-debug: [Build Memory track]: 填充脚本数据到 settings.json start:203.22MB, end 203.23MB, increase: 14.89KB
2025-7-24 11:26:39-log: run build task 整理部分构建选项内数据到 settings.json success in 2 ms√, progress: 15%
2025-7-24 11:26:39-debug: // ---- build task 整理部分构建选项内数据到 settings.json ---- (2ms)
2025-7-24 11:26:39-debug: [Build Memory track]: 整理部分构建选项内数据到 settings.json start:203.26MB, end 203.38MB, increase: 122.68KB
2025-7-24 11:26:53-debug: refresh db internal success
2025-7-24 11:26:53-debug: refresh db assets success
2025-7-24 11:26:53-debug: Run asset db hook engine-extends:afterRefresh ...
2025-7-24 11:26:53-debug: Run asset db hook engine-extends:afterRefresh success!
2025-7-24 11:26:53-debug: asset-db:refresh-all-database (39ms)
2025-7-24 11:26:53-debug: asset-db:worker-effect-data-processing (1ms)
2025-7-24 11:26:53-debug: asset-db-hook-engine-extends-afterRefresh (1ms)
2025-7-24 11:28:38-debug: start refresh asset from /Users/zhao/Desktop/test/cocos-creator/PlaneFight/assets/Animations/Enemy1Hit.anim...
2025-7-24 11:28:38-debug: %cImport%c: /Users/zhao/Desktop/test/cocos-creator/PlaneFight/assets/Animations/Enemy1Hit.animbackground: #aaff85; color: #000;color: #000;
2025-7-24 11:28:38-debug: refresh asset /Users/zhao/Desktop/test/cocos-creator/PlaneFight/assets/Animations success
2025-7-24 11:28:39-debug: %cImport%c: /Users/zhao/Desktop/test/cocos-creator/PlaneFight/assets/Animationsbackground: #aaff85; color: #000;color: #000;
2025-7-24 11:28:39-debug: refresh db internal success
2025-7-24 11:28:39-debug: refresh db assets success
2025-7-24 11:28:39-debug: Run asset db hook engine-extends:afterRefresh ...
2025-7-24 11:28:39-debug: Run asset db hook engine-extends:afterRefresh success!
2025-7-24 11:28:39-debug: asset-db:refresh-all-database (30ms)
2025-7-24 11:28:39-debug: asset-db-hook-engine-extends-afterRefresh (1ms)
2025-7-24 11:28:39-debug: asset-db:worker-effect-data-processing (1ms)
2025-7-24 11:30:51-debug: %cImport%c: /Users/zhao/Desktop/test/cocos-creator/PlaneFight/assets/Animations/Enemy1Hit.animbackground: #aaff85; color: #000;color: #000;
2025-7-24 11:30:51-debug: asset-db:reimport-assetf4464c5b-8c75-42c9-bf38-b1883a68da47 (6ms)
2025-7-24 11:31:30-debug: refresh db internal success
2025-7-24 11:31:30-debug: %cImport%c: /Users/zhao/Desktop/test/cocos-creator/PlaneFight/assets/Scripts/Enemy.tsbackground: #aaff85; color: #000;color: #000;
2025-7-24 11:31:30-debug: refresh db assets success
2025-7-24 11:31:30-debug: Run asset db hook engine-extends:afterRefresh success!
2025-7-24 11:31:30-debug: Run asset db hook engine-extends:afterRefresh ...
2025-7-24 11:31:30-debug: asset-db:refresh-all-database (42ms)
2025-7-24 11:31:30-debug: asset-db:worker-effect-data-processing (1ms)
2025-7-24 11:31:30-debug: asset-db-hook-engine-extends-afterRefresh (1ms)
2025-7-24 11:31:31-debug: Query all assets info in project
2025-7-24 11:31:31-debug: Skip compress image, progress: 0%
2025-7-24 11:31:31-debug: init custom config: keepNodeUuid: false, useCache: true
2025-7-24 11:31:31-debug: Init all bundles start..., progress: 0%
2025-7-24 11:31:31-debug: Num of bundles: 2..., progress: 0%
2025-7-24 11:31:31-debug: 查询 Asset Bundle start, progress: 0%
2025-7-24 11:31:31-debug: // ---- build task 查询 Asset Bundle ----
2025-7-24 11:31:31-debug: Init bundle root assets start..., progress: 0%
2025-7-24 11:31:31-debug: Query preload assets/scripts from cc.config.json: 60f7195c-ec2a-45eb-ba94-8955f60e81d0,1c02ae6f-4492-4915-b8f8-7492a3b1e4cd,810e96e4-e456-4468-9b59-f4e8f39732c0,efe8e2a3-eace-427b-b4f1-cb8a937ec77d,e9aa9a3e-5b2b-4ac7-a2c7-073de2b2b24f,8bbdbcdd-5cd4-4100-b6d5-b7c9625b6107,50f4348b-c883-4e2f-8f11-ce233b859fa1,fda095cb-831d-4601-ad94-846013963de8,f92806d7-1768-443f-afe8-12bcde84d0f0,dd3a144d-ab7f-41f0-82b8-2e43a090d496,f0416e68-0200-4b77-a926-4f9d16e494da,970b0598-bcb0-4714-91fb-2e81440dccd8,bcd64cc6-2dd9-43f6-abbe-66318d332032,d930590d-bb92-4cc8-8bd1-23cd027f9edf,a3cd009f-0ab0-420d-9278-b9fdab939bbc,6a2d0734-bd9e-4ddf-946e-caa52498cb75,c27215d8-6835-4b68-bfbb-bdeac6100c04,b5d6115f-0370-4d7c-aad3-c194cc71cf98,871c3b6c-7379-419d-bda3-794b239ab90d,ff9b0199-ce04-4cfe-86cc-6c719f08d6e4,de1c2107-70c8-4021-8459-6399f24d01c6,cbf30902-517f-40dc-af90-a550bac27cf1
2025-7-24 11:31:31-debug:   Number of all scenes: 1
2025-7-24 11:31:31-debug:   Number of other assets: 508
2025-7-24 11:31:31-debug: Init bundle root assets success..., progress: 0%
2025-7-24 11:31:31-debug:   Number of all scripts: 14
2025-7-24 11:31:31-debug: // ---- build task 查询 Asset Bundle ---- (12ms)
2025-7-24 11:31:31-log: run build task 查询 Asset Bundle success in 12 ms√, progress: 5%
2025-7-24 11:31:31-debug: [Build Memory track]: 查询 Asset Bundle start:204.57MB, end 204.33MB, increase: -243.11KB
2025-7-24 11:31:31-debug: 查询 Asset Bundle start, progress: 5%
2025-7-24 11:31:31-debug: // ---- build task 查询 Asset Bundle ----
2025-7-24 11:31:31-debug: // ---- build task 查询 Asset Bundle ---- (10ms)
2025-7-24 11:31:31-log: run build task 查询 Asset Bundle success in 10 ms√, progress: 10%
2025-7-24 11:31:31-debug: [Build Memory track]: 查询 Asset Bundle start:204.35MB, end 204.46MB, increase: 108.77KB
2025-7-24 11:31:31-debug: // ---- build task 整理部分构建选项内数据到 settings.json ----
2025-7-24 11:31:31-log: run build task 整理部分构建选项内数据到 settings.json success in √, progress: 12%
2025-7-24 11:31:31-debug: [Build Memory track]: 整理部分构建选项内数据到 settings.json start:204.48MB, end 204.50MB, increase: 12.93KB
2025-7-24 11:31:31-debug: 填充脚本数据到 settings.json start, progress: 12%
2025-7-24 11:31:31-debug: // ---- build task 填充脚本数据到 settings.json ----
2025-7-24 11:31:31-debug: 整理部分构建选项内数据到 settings.json start, progress: 10%
2025-7-24 11:31:31-debug: // ---- build task 填充脚本数据到 settings.json ---- (2ms)
2025-7-24 11:31:31-log: run build task 填充脚本数据到 settings.json success in 2 ms√, progress: 13%
2025-7-24 11:31:31-debug: [Build Memory track]: 填充脚本数据到 settings.json start:204.52MB, end 204.54MB, increase: 20.04KB
2025-7-24 11:31:31-debug: 整理部分构建选项内数据到 settings.json start, progress: 13%
2025-7-24 11:31:31-debug: // ---- build task 整理部分构建选项内数据到 settings.json ----
2025-7-24 11:31:31-debug: // ---- build task 整理部分构建选项内数据到 settings.json ---- (9ms)
2025-7-24 11:31:31-log: run build task 整理部分构建选项内数据到 settings.json success in 9 ms√, progress: 15%
2025-7-24 11:31:31-debug: [Build Memory track]: 整理部分构建选项内数据到 settings.json start:204.56MB, end 204.69MB, increase: 128.37KB
2025-7-24 11:31:31-debug: Query all assets info in project
2025-7-24 11:31:31-debug: init custom config: keepNodeUuid: false, useCache: true
2025-7-24 11:31:31-debug: Skip compress image, progress: 0%
2025-7-24 11:31:31-debug: Init all bundles start..., progress: 0%
2025-7-24 11:31:31-debug: Num of bundles: 2..., progress: 0%
2025-7-24 11:31:31-debug: 查询 Asset Bundle start, progress: 0%
2025-7-24 11:31:31-debug: // ---- build task 查询 Asset Bundle ----
2025-7-24 11:31:31-debug: Init bundle root assets start..., progress: 0%
2025-7-24 11:31:31-debug: Query preload assets/scripts from cc.config.json: 60f7195c-ec2a-45eb-ba94-8955f60e81d0,1c02ae6f-4492-4915-b8f8-7492a3b1e4cd,810e96e4-e456-4468-9b59-f4e8f39732c0,efe8e2a3-eace-427b-b4f1-cb8a937ec77d,e9aa9a3e-5b2b-4ac7-a2c7-073de2b2b24f,8bbdbcdd-5cd4-4100-b6d5-b7c9625b6107,50f4348b-c883-4e2f-8f11-ce233b859fa1,fda095cb-831d-4601-ad94-846013963de8,f92806d7-1768-443f-afe8-12bcde84d0f0,dd3a144d-ab7f-41f0-82b8-2e43a090d496,f0416e68-0200-4b77-a926-4f9d16e494da,970b0598-bcb0-4714-91fb-2e81440dccd8,bcd64cc6-2dd9-43f6-abbe-66318d332032,d930590d-bb92-4cc8-8bd1-23cd027f9edf,a3cd009f-0ab0-420d-9278-b9fdab939bbc,6a2d0734-bd9e-4ddf-946e-caa52498cb75,c27215d8-6835-4b68-bfbb-bdeac6100c04,b5d6115f-0370-4d7c-aad3-c194cc71cf98,871c3b6c-7379-419d-bda3-794b239ab90d,ff9b0199-ce04-4cfe-86cc-6c719f08d6e4,de1c2107-70c8-4021-8459-6399f24d01c6,cbf30902-517f-40dc-af90-a550bac27cf1
2025-7-24 11:31:31-debug:   Number of all scripts: 14
2025-7-24 11:31:31-debug:   Number of other assets: 508
2025-7-24 11:31:31-debug: Init bundle root assets success..., progress: 0%
2025-7-24 11:31:31-debug: // ---- build task 查询 Asset Bundle ---- (6ms)
2025-7-24 11:31:31-log: run build task 查询 Asset Bundle success in 6 ms√, progress: 5%
2025-7-24 11:31:31-debug: [Build Memory track]: 查询 Asset Bundle start:205.08MB, end 204.96MB, increase: -120.11KB
2025-7-24 11:31:31-debug: 查询 Asset Bundle start, progress: 5%
2025-7-24 11:31:31-debug: // ---- build task 查询 Asset Bundle ----
2025-7-24 11:31:31-debug:   Number of all scenes: 1
2025-7-24 11:31:31-debug: // ---- build task 查询 Asset Bundle ---- (1ms)
2025-7-24 11:31:31-log: run build task 查询 Asset Bundle success in 1 ms√, progress: 10%
2025-7-24 11:31:31-debug: [Build Memory track]: 查询 Asset Bundle start:204.98MB, end 205.09MB, increase: 108.97KB
2025-7-24 11:31:31-debug: // ---- build task 整理部分构建选项内数据到 settings.json ----
2025-7-24 11:31:31-debug: 整理部分构建选项内数据到 settings.json start, progress: 10%
2025-7-24 11:31:31-log: run build task 整理部分构建选项内数据到 settings.json success in 2 ms√, progress: 12%
2025-7-24 11:31:31-debug: [Build Memory track]: 整理部分构建选项内数据到 settings.json start:205.11MB, end 204.41MB, increase: -721.74KB
2025-7-24 11:31:31-debug: 填充脚本数据到 settings.json start, progress: 12%
2025-7-24 11:31:31-debug: // ---- build task 填充脚本数据到 settings.json ----
2025-7-24 11:31:31-debug: // ---- build task 填充脚本数据到 settings.json ---- (1ms)
2025-7-24 11:31:31-log: run build task 填充脚本数据到 settings.json success in 1 ms√, progress: 13%
2025-7-24 11:31:31-debug: [Build Memory track]: 填充脚本数据到 settings.json start:204.43MB, end 204.45MB, increase: 20.68KB
2025-7-24 11:31:31-debug: 整理部分构建选项内数据到 settings.json start, progress: 13%
2025-7-24 11:31:31-debug: // ---- build task 整理部分构建选项内数据到 settings.json ----
2025-7-24 11:31:31-debug: // ---- build task 整理部分构建选项内数据到 settings.json ---- (2ms)
2025-7-24 11:31:31-debug: // ---- build task 整理部分构建选项内数据到 settings.json ---- (4ms)
2025-7-24 11:31:31-debug: [Build Memory track]: 整理部分构建选项内数据到 settings.json start:204.48MB, end 204.61MB, increase: 139.09KB
2025-7-24 11:31:31-log: run build task 整理部分构建选项内数据到 settings.json success in 4 ms√, progress: 15%
2025-7-24 11:31:44-debug: start refresh asset from /Users/zhao/Desktop/test/cocos-creator/PlaneFight/assets/Prefabs/enemy1.prefab...
2025-7-24 11:31:44-debug: %cImport%c: /Users/zhao/Desktop/test/cocos-creator/PlaneFight/assets/Prefabs/enemy1.prefabbackground: #aaff85; color: #000;color: #000;
2025-7-24 11:31:44-debug: refresh asset /Users/zhao/Desktop/test/cocos-creator/PlaneFight/assets/Prefabs success
2025-7-24 11:32:59-debug: refresh db internal success
2025-7-24 11:32:59-debug: %cImport%c: /Users/zhao/Desktop/test/cocos-creator/PlaneFight/assets/Scripts/Enemy.tsbackground: #aaff85; color: #000;color: #000;
2025-7-24 11:32:59-debug: refresh db assets success
2025-7-24 11:32:59-debug: Run asset db hook engine-extends:afterRefresh ...
2025-7-24 11:32:59-debug: Run asset db hook engine-extends:afterRefresh success!
2025-7-24 11:32:59-debug: asset-db:refresh-all-database (38ms)
2025-7-24 11:32:59-debug: asset-db:worker-effect-data-processing (1ms)
2025-7-24 11:32:59-debug: asset-db-hook-engine-extends-afterRefresh (1ms)
2025-7-24 11:32:59-debug: %cImport%c: /Users/zhao/Desktop/test/cocos-creator/PlaneFight/assets/Scenes/Start.scenebackground: #aaff85; color: #000;color: #000;
2025-7-24 11:32:59-debug: asset-db:reimport-asset2fda4d65-a1e9-4078-8250-de49b04cdc34 (5ms)
2025-7-24 11:32:59-debug: Query all assets info in project
2025-7-24 11:32:59-debug: init custom config: keepNodeUuid: false, useCache: true
2025-7-24 11:32:59-debug: Skip compress image, progress: 0%
2025-7-24 11:32:59-debug: Init all bundles start..., progress: 0%
2025-7-24 11:32:59-debug: // ---- build task 查询 Asset Bundle ----
2025-7-24 11:32:59-debug: Num of bundles: 2..., progress: 0%
2025-7-24 11:32:59-debug: Init bundle root assets start..., progress: 0%
2025-7-24 11:32:59-debug: 查询 Asset Bundle start, progress: 0%
2025-7-24 11:32:59-debug: Query preload assets/scripts from cc.config.json: 60f7195c-ec2a-45eb-ba94-8955f60e81d0,1c02ae6f-4492-4915-b8f8-7492a3b1e4cd,810e96e4-e456-4468-9b59-f4e8f39732c0,efe8e2a3-eace-427b-b4f1-cb8a937ec77d,e9aa9a3e-5b2b-4ac7-a2c7-073de2b2b24f,8bbdbcdd-5cd4-4100-b6d5-b7c9625b6107,50f4348b-c883-4e2f-8f11-ce233b859fa1,fda095cb-831d-4601-ad94-846013963de8,f92806d7-1768-443f-afe8-12bcde84d0f0,dd3a144d-ab7f-41f0-82b8-2e43a090d496,f0416e68-0200-4b77-a926-4f9d16e494da,970b0598-bcb0-4714-91fb-2e81440dccd8,bcd64cc6-2dd9-43f6-abbe-66318d332032,d930590d-bb92-4cc8-8bd1-23cd027f9edf,a3cd009f-0ab0-420d-9278-b9fdab939bbc,6a2d0734-bd9e-4ddf-946e-caa52498cb75,c27215d8-6835-4b68-bfbb-bdeac6100c04,b5d6115f-0370-4d7c-aad3-c194cc71cf98,871c3b6c-7379-419d-bda3-794b239ab90d,ff9b0199-ce04-4cfe-86cc-6c719f08d6e4,de1c2107-70c8-4021-8459-6399f24d01c6,cbf30902-517f-40dc-af90-a550bac27cf1
2025-7-24 11:32:59-debug:   Number of all scripts: 14
2025-7-24 11:32:59-debug:   Number of all scenes: 1
2025-7-24 11:32:59-debug: Init bundle root assets success..., progress: 0%
2025-7-24 11:32:59-debug:   Number of other assets: 508
2025-7-24 11:32:59-debug: // ---- build task 查询 Asset Bundle ---- (8ms)
2025-7-24 11:32:59-log: run build task 查询 Asset Bundle success in 8 ms√, progress: 5%
2025-7-24 11:32:59-debug: [Build Memory track]: 查询 Asset Bundle start:205.68MB, end 205.39MB, increase: -292.44KB
2025-7-24 11:32:59-debug: 查询 Asset Bundle start, progress: 5%
2025-7-24 11:32:59-debug: // ---- build task 查询 Asset Bundle ----
2025-7-24 11:32:59-debug: // ---- build task 查询 Asset Bundle ---- (2ms)
2025-7-24 11:32:59-log: run build task 查询 Asset Bundle success in 2 ms√, progress: 10%
2025-7-24 11:32:59-debug: [Build Memory track]: 查询 Asset Bundle start:205.41MB, end 205.52MB, increase: 106.77KB
2025-7-24 11:32:59-debug: // ---- build task 整理部分构建选项内数据到 settings.json ----
2025-7-24 11:32:59-debug: 整理部分构建选项内数据到 settings.json start, progress: 10%
2025-7-24 11:32:59-debug: [Build Memory track]: 整理部分构建选项内数据到 settings.json start:205.54MB, end 205.56MB, increase: 16.39KB
2025-7-24 11:32:59-debug: // ---- build task 填充脚本数据到 settings.json ----
2025-7-24 11:32:59-debug: 填充脚本数据到 settings.json start, progress: 12%
2025-7-24 11:32:59-log: run build task 整理部分构建选项内数据到 settings.json success in √, progress: 12%
2025-7-24 11:32:59-log: run build task 填充脚本数据到 settings.json success in 1 ms√, progress: 13%
2025-7-24 11:32:59-debug: // ---- build task 整理部分构建选项内数据到 settings.json ----
2025-7-24 11:32:59-debug: [Build Memory track]: 填充脚本数据到 settings.json start:205.58MB, end 205.61MB, increase: 23.10KB
2025-7-24 11:32:59-debug: // ---- build task 填充脚本数据到 settings.json ---- (1ms)
2025-7-24 11:32:59-debug: 整理部分构建选项内数据到 settings.json start, progress: 13%
2025-7-24 11:32:59-debug: // ---- build task 整理部分构建选项内数据到 settings.json ---- (5ms)
2025-7-24 11:32:59-log: run build task 整理部分构建选项内数据到 settings.json success in 5 ms√, progress: 15%
2025-7-24 11:32:59-debug: [Build Memory track]: 整理部分构建选项内数据到 settings.json start:205.63MB, end 205.76MB, increase: 137.16KB
2025-7-24 11:32:59-debug: Query all assets info in project
2025-7-24 11:33:00-debug: init custom config: keepNodeUuid: false, useCache: true
2025-7-24 11:33:00-debug: Skip compress image, progress: 0%
2025-7-24 11:33:00-debug: Init all bundles start..., progress: 0%
2025-7-24 11:33:00-debug: Num of bundles: 2..., progress: 0%
2025-7-24 11:33:00-debug: 查询 Asset Bundle start, progress: 0%
2025-7-24 11:33:00-debug: // ---- build task 查询 Asset Bundle ----
2025-7-24 11:33:00-debug: Init bundle root assets start..., progress: 0%
2025-7-24 11:33:00-debug: Query preload assets/scripts from cc.config.json: 60f7195c-ec2a-45eb-ba94-8955f60e81d0,1c02ae6f-4492-4915-b8f8-7492a3b1e4cd,810e96e4-e456-4468-9b59-f4e8f39732c0,efe8e2a3-eace-427b-b4f1-cb8a937ec77d,e9aa9a3e-5b2b-4ac7-a2c7-073de2b2b24f,8bbdbcdd-5cd4-4100-b6d5-b7c9625b6107,50f4348b-c883-4e2f-8f11-ce233b859fa1,fda095cb-831d-4601-ad94-846013963de8,f92806d7-1768-443f-afe8-12bcde84d0f0,dd3a144d-ab7f-41f0-82b8-2e43a090d496,f0416e68-0200-4b77-a926-4f9d16e494da,970b0598-bcb0-4714-91fb-2e81440dccd8,bcd64cc6-2dd9-43f6-abbe-66318d332032,d930590d-bb92-4cc8-8bd1-23cd027f9edf,a3cd009f-0ab0-420d-9278-b9fdab939bbc,6a2d0734-bd9e-4ddf-946e-caa52498cb75,c27215d8-6835-4b68-bfbb-bdeac6100c04,b5d6115f-0370-4d7c-aad3-c194cc71cf98,871c3b6c-7379-419d-bda3-794b239ab90d,ff9b0199-ce04-4cfe-86cc-6c719f08d6e4,de1c2107-70c8-4021-8459-6399f24d01c6,cbf30902-517f-40dc-af90-a550bac27cf1
2025-7-24 11:33:00-debug:   Number of all scripts: 14
2025-7-24 11:33:00-debug:   Number of other assets: 508
2025-7-24 11:33:00-debug:   Number of all scenes: 1
2025-7-24 11:33:00-debug: // ---- build task 查询 Asset Bundle ---- (5ms)
2025-7-24 11:33:00-log: run build task 查询 Asset Bundle success in 5 ms√, progress: 5%
2025-7-24 11:33:00-debug: [Build Memory track]: 查询 Asset Bundle start:205.29MB, end 205.09MB, increase: -198.41KB
2025-7-24 11:33:00-debug: Init bundle root assets success..., progress: 0%
2025-7-24 11:33:00-debug: 查询 Asset Bundle start, progress: 5%
2025-7-24 11:33:00-debug: // ---- build task 查询 Asset Bundle ----
2025-7-24 11:33:00-debug: // ---- build task 查询 Asset Bundle ---- (2ms)
2025-7-24 11:33:00-log: run build task 查询 Asset Bundle success in 2 ms√, progress: 10%
2025-7-24 11:33:00-debug: [Build Memory track]: 查询 Asset Bundle start:205.12MB, end 205.22MB, increase: 108.75KB
2025-7-24 11:33:00-debug: 整理部分构建选项内数据到 settings.json start, progress: 10%
2025-7-24 11:33:00-debug: // ---- build task 整理部分构建选项内数据到 settings.json ----
2025-7-24 11:33:00-debug: // ---- build task 整理部分构建选项内数据到 settings.json ---- (2ms)
2025-7-24 11:33:00-log: run build task 整理部分构建选项内数据到 settings.json success in 2 ms√, progress: 12%
2025-7-24 11:33:00-debug: 填充脚本数据到 settings.json start, progress: 12%
2025-7-24 11:33:00-log: run build task 填充脚本数据到 settings.json success in √, progress: 13%
2025-7-24 11:33:00-debug: [Build Memory track]: 填充脚本数据到 settings.json start:205.29MB, end 205.31MB, increase: 12.21KB
2025-7-24 11:33:00-debug: // ---- build task 整理部分构建选项内数据到 settings.json ----
2025-7-24 11:33:00-debug: // ---- build task 填充脚本数据到 settings.json ----
2025-7-24 11:33:00-debug: 整理部分构建选项内数据到 settings.json start, progress: 13%
2025-7-24 11:33:00-debug: [Build Memory track]: 整理部分构建选项内数据到 settings.json start:205.25MB, end 205.27MB, increase: 22.17KB
2025-7-24 11:33:00-debug: // ---- build task 整理部分构建选项内数据到 settings.json ---- (2ms)
2025-7-24 11:33:00-log: run build task 整理部分构建选项内数据到 settings.json success in 2 ms√, progress: 15%
2025-7-24 11:33:00-debug: [Build Memory track]: 整理部分构建选项内数据到 settings.json start:205.33MB, end 205.45MB, increase: 126.97KB
2025-7-24 11:33:00-debug: Query all assets info in project
2025-7-24 11:33:00-debug: init custom config: keepNodeUuid: false, useCache: true
2025-7-24 11:33:00-debug: Skip compress image, progress: 0%
2025-7-24 11:33:00-debug: Init all bundles start..., progress: 0%
2025-7-24 11:33:00-debug: 查询 Asset Bundle start, progress: 0%
2025-7-24 11:33:00-debug: // ---- build task 查询 Asset Bundle ----
2025-7-24 11:33:00-debug: Num of bundles: 2..., progress: 0%
2025-7-24 11:33:00-debug: Init bundle root assets start..., progress: 0%
2025-7-24 11:33:00-debug: Query preload assets/scripts from cc.config.json: 60f7195c-ec2a-45eb-ba94-8955f60e81d0,1c02ae6f-4492-4915-b8f8-7492a3b1e4cd,810e96e4-e456-4468-9b59-f4e8f39732c0,efe8e2a3-eace-427b-b4f1-cb8a937ec77d,e9aa9a3e-5b2b-4ac7-a2c7-073de2b2b24f,8bbdbcdd-5cd4-4100-b6d5-b7c9625b6107,50f4348b-c883-4e2f-8f11-ce233b859fa1,fda095cb-831d-4601-ad94-846013963de8,f92806d7-1768-443f-afe8-12bcde84d0f0,dd3a144d-ab7f-41f0-82b8-2e43a090d496,f0416e68-0200-4b77-a926-4f9d16e494da,970b0598-bcb0-4714-91fb-2e81440dccd8,bcd64cc6-2dd9-43f6-abbe-66318d332032,d930590d-bb92-4cc8-8bd1-23cd027f9edf,a3cd009f-0ab0-420d-9278-b9fdab939bbc,6a2d0734-bd9e-4ddf-946e-caa52498cb75,c27215d8-6835-4b68-bfbb-bdeac6100c04,b5d6115f-0370-4d7c-aad3-c194cc71cf98,871c3b6c-7379-419d-bda3-794b239ab90d,ff9b0199-ce04-4cfe-86cc-6c719f08d6e4,de1c2107-70c8-4021-8459-6399f24d01c6,cbf30902-517f-40dc-af90-a550bac27cf1
2025-7-24 11:33:00-debug:   Number of all scenes: 1
2025-7-24 11:33:00-debug:   Number of other assets: 508
2025-7-24 11:33:00-debug: Init bundle root assets success..., progress: 0%
2025-7-24 11:33:00-debug:   Number of all scripts: 14
2025-7-24 11:33:00-debug: // ---- build task 查询 Asset Bundle ---- (3ms)
2025-7-24 11:33:00-log: run build task 查询 Asset Bundle success in 3 ms√, progress: 5%
2025-7-24 11:33:00-debug: [Build Memory track]: 查询 Asset Bundle start:205.47MB, end 205.19MB, increase: -281.69KB
2025-7-24 11:33:00-debug: 查询 Asset Bundle start, progress: 5%
2025-7-24 11:33:00-debug: // ---- build task 查询 Asset Bundle ----
2025-7-24 11:33:00-debug: // ---- build task 查询 Asset Bundle ---- (1ms)
2025-7-24 11:33:00-log: run build task 查询 Asset Bundle success in 1 ms√, progress: 10%
2025-7-24 11:33:00-debug: 整理部分构建选项内数据到 settings.json start, progress: 10%
2025-7-24 11:33:00-debug: [Build Memory track]: 查询 Asset Bundle start:205.22MB, end 205.32MB, increase: 107.10KB
2025-7-24 11:33:00-debug: // ---- build task 整理部分构建选项内数据到 settings.json ----
2025-7-24 11:33:00-log: run build task 整理部分构建选项内数据到 settings.json success in √, progress: 12%
2025-7-24 11:33:00-debug: [Build Memory track]: 整理部分构建选项内数据到 settings.json start:205.35MB, end 205.36MB, increase: 16.31KB
2025-7-24 11:33:00-debug: // ---- build task 填充脚本数据到 settings.json ----
2025-7-24 11:33:00-debug: 填充脚本数据到 settings.json start, progress: 12%
2025-7-24 11:33:00-log: run build task 填充脚本数据到 settings.json success in √, progress: 13%
2025-7-24 11:33:00-debug: [Build Memory track]: 填充脚本数据到 settings.json start:205.39MB, end 205.40MB, increase: 14.09KB
2025-7-24 11:33:00-debug: // ---- build task 整理部分构建选项内数据到 settings.json ----
2025-7-24 11:33:00-debug: 整理部分构建选项内数据到 settings.json start, progress: 13%
2025-7-24 11:33:00-log: run build task 整理部分构建选项内数据到 settings.json success in 1 ms√, progress: 15%
2025-7-24 11:33:00-debug: [Build Memory track]: 整理部分构建选项内数据到 settings.json start:205.42MB, end 205.54MB, increase: 122.63KB
2025-7-24 11:33:00-debug: // ---- build task 整理部分构建选项内数据到 settings.json ---- (1ms)
2025-7-24 11:33:00-debug: Query all assets info in project
2025-7-24 11:33:00-debug: init custom config: keepNodeUuid: false, useCache: true
2025-7-24 11:33:00-debug: Skip compress image, progress: 0%
2025-7-24 11:33:00-debug: Init all bundles start..., progress: 0%
2025-7-24 11:33:00-debug: Num of bundles: 2..., progress: 0%
2025-7-24 11:33:00-debug: // ---- build task 查询 Asset Bundle ----
2025-7-24 11:33:00-debug: Init bundle root assets start..., progress: 0%
2025-7-24 11:33:00-debug: 查询 Asset Bundle start, progress: 0%
2025-7-24 11:33:00-debug: Query preload assets/scripts from cc.config.json: 60f7195c-ec2a-45eb-ba94-8955f60e81d0,1c02ae6f-4492-4915-b8f8-7492a3b1e4cd,810e96e4-e456-4468-9b59-f4e8f39732c0,efe8e2a3-eace-427b-b4f1-cb8a937ec77d,e9aa9a3e-5b2b-4ac7-a2c7-073de2b2b24f,8bbdbcdd-5cd4-4100-b6d5-b7c9625b6107,50f4348b-c883-4e2f-8f11-ce233b859fa1,fda095cb-831d-4601-ad94-846013963de8,f92806d7-1768-443f-afe8-12bcde84d0f0,dd3a144d-ab7f-41f0-82b8-2e43a090d496,f0416e68-0200-4b77-a926-4f9d16e494da,970b0598-bcb0-4714-91fb-2e81440dccd8,bcd64cc6-2dd9-43f6-abbe-66318d332032,d930590d-bb92-4cc8-8bd1-23cd027f9edf,a3cd009f-0ab0-420d-9278-b9fdab939bbc,6a2d0734-bd9e-4ddf-946e-caa52498cb75,c27215d8-6835-4b68-bfbb-bdeac6100c04,b5d6115f-0370-4d7c-aad3-c194cc71cf98,871c3b6c-7379-419d-bda3-794b239ab90d,ff9b0199-ce04-4cfe-86cc-6c719f08d6e4,de1c2107-70c8-4021-8459-6399f24d01c6,cbf30902-517f-40dc-af90-a550bac27cf1
2025-7-24 11:33:00-debug:   Number of all scenes: 1
2025-7-24 11:33:00-debug:   Number of all scripts: 14
2025-7-24 11:33:00-debug:   Number of other assets: 508
2025-7-24 11:33:00-debug: Init bundle root assets success..., progress: 0%
2025-7-24 11:33:00-debug: // ---- build task 查询 Asset Bundle ---- (5ms)
2025-7-24 11:33:00-log: run build task 查询 Asset Bundle success in 5 ms√, progress: 5%
2025-7-24 11:33:00-debug: 查询 Asset Bundle start, progress: 5%
2025-7-24 11:33:00-debug: // ---- build task 查询 Asset Bundle ----
2025-7-24 11:33:00-debug: [Build Memory track]: 查询 Asset Bundle start:205.24MB, end 205.88MB, increase: 654.96KB
2025-7-24 11:33:00-debug: // ---- build task 查询 Asset Bundle ---- (1ms)
2025-7-24 11:33:00-log: run build task 查询 Asset Bundle success in 1 ms√, progress: 10%
2025-7-24 11:33:00-debug: [Build Memory track]: 查询 Asset Bundle start:205.91MB, end 205.29MB, increase: -634.63KB
2025-7-24 11:33:00-debug: 整理部分构建选项内数据到 settings.json start, progress: 10%
2025-7-24 11:33:00-debug: // ---- build task 整理部分构建选项内数据到 settings.json ----
2025-7-24 11:33:00-debug: // ---- build task 整理部分构建选项内数据到 settings.json ---- (2ms)
2025-7-24 11:33:00-debug: [Build Memory track]: 整理部分构建选项内数据到 settings.json start:205.31MB, end 205.34MB, increase: 32.02KB
2025-7-24 11:33:00-log: run build task 整理部分构建选项内数据到 settings.json success in 2 ms√, progress: 12%
2025-7-24 11:33:00-debug: // ---- build task 填充脚本数据到 settings.json ----
2025-7-24 11:33:00-debug: 填充脚本数据到 settings.json start, progress: 12%
2025-7-24 11:33:00-debug: // ---- build task 填充脚本数据到 settings.json ---- (1ms)
2025-7-24 11:33:00-log: run build task 填充脚本数据到 settings.json success in 1 ms√, progress: 13%
2025-7-24 11:33:00-debug: 整理部分构建选项内数据到 settings.json start, progress: 13%
2025-7-24 11:33:00-debug: [Build Memory track]: 填充脚本数据到 settings.json start:205.37MB, end 205.40MB, increase: 29.16KB
2025-7-24 11:33:00-debug: // ---- build task 整理部分构建选项内数据到 settings.json ----
2025-7-24 11:33:00-debug: // ---- build task 整理部分构建选项内数据到 settings.json ---- (3ms)
2025-7-24 11:33:00-log: run build task 整理部分构建选项内数据到 settings.json success in 3 ms√, progress: 15%
2025-7-24 11:33:00-debug: [Build Memory track]: 整理部分构建选项内数据到 settings.json start:205.42MB, end 205.56MB, increase: 140.53KB
2025-7-24 11:33:00-debug: Query all assets info in project
2025-7-24 11:33:00-debug: init custom config: keepNodeUuid: false, useCache: true
2025-7-24 11:33:00-debug: Skip compress image, progress: 0%
2025-7-24 11:33:00-debug: Init all bundles start..., progress: 0%
2025-7-24 11:33:00-debug: 查询 Asset Bundle start, progress: 0%
2025-7-24 11:33:00-debug: // ---- build task 查询 Asset Bundle ----
2025-7-24 11:33:00-debug: Init bundle root assets start..., progress: 0%
2025-7-24 11:33:00-debug: Num of bundles: 2..., progress: 0%
2025-7-24 11:33:00-debug: Query preload assets/scripts from cc.config.json: 60f7195c-ec2a-45eb-ba94-8955f60e81d0,1c02ae6f-4492-4915-b8f8-7492a3b1e4cd,810e96e4-e456-4468-9b59-f4e8f39732c0,efe8e2a3-eace-427b-b4f1-cb8a937ec77d,e9aa9a3e-5b2b-4ac7-a2c7-073de2b2b24f,8bbdbcdd-5cd4-4100-b6d5-b7c9625b6107,50f4348b-c883-4e2f-8f11-ce233b859fa1,fda095cb-831d-4601-ad94-846013963de8,f92806d7-1768-443f-afe8-12bcde84d0f0,dd3a144d-ab7f-41f0-82b8-2e43a090d496,f0416e68-0200-4b77-a926-4f9d16e494da,970b0598-bcb0-4714-91fb-2e81440dccd8,bcd64cc6-2dd9-43f6-abbe-66318d332032,d930590d-bb92-4cc8-8bd1-23cd027f9edf,a3cd009f-0ab0-420d-9278-b9fdab939bbc,6a2d0734-bd9e-4ddf-946e-caa52498cb75,c27215d8-6835-4b68-bfbb-bdeac6100c04,b5d6115f-0370-4d7c-aad3-c194cc71cf98,871c3b6c-7379-419d-bda3-794b239ab90d,ff9b0199-ce04-4cfe-86cc-6c719f08d6e4,de1c2107-70c8-4021-8459-6399f24d01c6,cbf30902-517f-40dc-af90-a550bac27cf1
2025-7-24 11:33:00-debug:   Number of all scripts: 14
2025-7-24 11:33:00-debug:   Number of all scenes: 1
2025-7-24 11:33:00-debug:   Number of other assets: 508
2025-7-24 11:33:00-debug: Init bundle root assets success..., progress: 0%
2025-7-24 11:33:00-debug: // ---- build task 查询 Asset Bundle ---- (4ms)
2025-7-24 11:33:00-debug: 查询 Asset Bundle start, progress: 5%
2025-7-24 11:33:00-log: run build task 查询 Asset Bundle success in 4 ms√, progress: 5%
2025-7-24 11:33:00-debug: [Build Memory track]: 查询 Asset Bundle start:205.34MB, end 205.96MB, increase: 636.54KB
2025-7-24 11:33:00-debug: // ---- build task 查询 Asset Bundle ----
2025-7-24 11:33:00-debug: // ---- build task 查询 Asset Bundle ---- (2ms)
2025-7-24 11:33:00-debug: 整理部分构建选项内数据到 settings.json start, progress: 10%
2025-7-24 11:33:00-debug: [Build Memory track]: 查询 Asset Bundle start:205.98MB, end 205.30MB, increase: -695.63KB
2025-7-24 11:33:00-debug: // ---- build task 整理部分构建选项内数据到 settings.json ----
2025-7-24 11:33:00-log: run build task 查询 Asset Bundle success in 2 ms√, progress: 10%
2025-7-24 11:33:00-debug: // ---- build task 整理部分构建选项内数据到 settings.json ---- (1ms)
2025-7-24 11:33:00-debug: // ---- build task 填充脚本数据到 settings.json ----
2025-7-24 11:33:00-debug: [Build Memory track]: 整理部分构建选项内数据到 settings.json start:205.33MB, end 205.35MB, increase: 23.98KB
2025-7-24 11:33:00-debug: 填充脚本数据到 settings.json start, progress: 12%
2025-7-24 11:33:00-log: run build task 整理部分构建选项内数据到 settings.json success in 1 ms√, progress: 12%
2025-7-24 11:33:00-debug: [Build Memory track]: 填充脚本数据到 settings.json start:205.38MB, end 205.39MB, increase: 15.34KB
2025-7-24 11:33:00-log: run build task 填充脚本数据到 settings.json success in √, progress: 13%
2025-7-24 11:33:00-debug: 整理部分构建选项内数据到 settings.json start, progress: 13%
2025-7-24 11:33:00-debug: // ---- build task 整理部分构建选项内数据到 settings.json ----
2025-7-24 11:33:00-debug: // ---- build task 整理部分构建选项内数据到 settings.json ---- (2ms)
2025-7-24 11:33:00-log: run build task 整理部分构建选项内数据到 settings.json success in 2 ms√, progress: 15%
2025-7-24 11:33:00-debug: [Build Memory track]: 整理部分构建选项内数据到 settings.json start:205.42MB, end 205.55MB, increase: 141.10KB
2025-7-24 11:33:17-debug: refresh db internal success
2025-7-24 11:33:17-debug: refresh db assets success
2025-7-24 11:33:17-debug: Run asset db hook engine-extends:afterRefresh ...
2025-7-24 11:33:17-debug: Run asset db hook engine-extends:afterRefresh success!
2025-7-24 11:33:17-debug: asset-db:refresh-all-database (33ms)
2025-7-24 11:33:17-debug: asset-db-hook-engine-extends-afterRefresh (2ms)
2025-7-24 11:33:17-debug: asset-db:worker-effect-data-processing (1ms)
2025-7-24 11:33:37-debug: refresh db internal success
2025-7-24 11:33:37-debug: %cImport%c: /Users/zhao/Desktop/test/cocos-creator/PlaneFight/assets/Scripts/Enemy.tsbackground: #aaff85; color: #000;color: #000;
2025-7-24 11:33:37-debug: refresh db assets success
2025-7-24 11:33:37-debug: Run asset db hook engine-extends:afterRefresh ...
2025-7-24 11:33:37-debug: Run asset db hook engine-extends:afterRefresh success!
2025-7-24 11:33:37-debug: asset-db:refresh-all-database (22ms)
2025-7-24 11:33:37-debug: asset-db:worker-effect-data-processing (1ms)
2025-7-24 11:33:37-debug: asset-db-hook-engine-extends-afterRefresh (1ms)
2025-7-24 11:33:37-debug: %cImport%c: /Users/zhao/Desktop/test/cocos-creator/PlaneFight/assets/Scenes/Start.scenebackground: #aaff85; color: #000;color: #000;
2025-7-24 11:33:37-debug: asset-db:reimport-asset2fda4d65-a1e9-4078-8250-de49b04cdc34 (4ms)
2025-7-24 11:33:38-debug: Query all assets info in project
2025-7-24 11:33:38-debug: init custom config: keepNodeUuid: false, useCache: true
2025-7-24 11:33:38-debug: Skip compress image, progress: 0%
2025-7-24 11:33:38-debug: Num of bundles: 2..., progress: 0%
2025-7-24 11:33:38-debug: 查询 Asset Bundle start, progress: 0%
2025-7-24 11:33:38-debug: Init all bundles start..., progress: 0%
2025-7-24 11:33:38-debug: // ---- build task 查询 Asset Bundle ----
2025-7-24 11:33:38-debug: Init bundle root assets start..., progress: 0%
2025-7-24 11:33:38-debug: Query preload assets/scripts from cc.config.json: 60f7195c-ec2a-45eb-ba94-8955f60e81d0,1c02ae6f-4492-4915-b8f8-7492a3b1e4cd,810e96e4-e456-4468-9b59-f4e8f39732c0,efe8e2a3-eace-427b-b4f1-cb8a937ec77d,e9aa9a3e-5b2b-4ac7-a2c7-073de2b2b24f,8bbdbcdd-5cd4-4100-b6d5-b7c9625b6107,50f4348b-c883-4e2f-8f11-ce233b859fa1,fda095cb-831d-4601-ad94-846013963de8,f92806d7-1768-443f-afe8-12bcde84d0f0,dd3a144d-ab7f-41f0-82b8-2e43a090d496,f0416e68-0200-4b77-a926-4f9d16e494da,970b0598-bcb0-4714-91fb-2e81440dccd8,bcd64cc6-2dd9-43f6-abbe-66318d332032,d930590d-bb92-4cc8-8bd1-23cd027f9edf,a3cd009f-0ab0-420d-9278-b9fdab939bbc,6a2d0734-bd9e-4ddf-946e-caa52498cb75,c27215d8-6835-4b68-bfbb-bdeac6100c04,b5d6115f-0370-4d7c-aad3-c194cc71cf98,871c3b6c-7379-419d-bda3-794b239ab90d,ff9b0199-ce04-4cfe-86cc-6c719f08d6e4,de1c2107-70c8-4021-8459-6399f24d01c6,cbf30902-517f-40dc-af90-a550bac27cf1
2025-7-24 11:33:38-debug:   Number of all scenes: 1
2025-7-24 11:33:38-debug:   Number of all scripts: 14
2025-7-24 11:33:38-debug: Init bundle root assets success..., progress: 0%
2025-7-24 11:33:38-debug:   Number of other assets: 508
2025-7-24 11:33:38-debug: // ---- build task 查询 Asset Bundle ---- (2ms)
2025-7-24 11:33:38-debug: // ---- build task 查询 Asset Bundle ----
2025-7-24 11:33:38-log: run build task 查询 Asset Bundle success in 2 ms√, progress: 5%
2025-7-24 11:33:38-debug: 查询 Asset Bundle start, progress: 5%
2025-7-24 11:33:38-debug: [Build Memory track]: 查询 Asset Bundle start:206.49MB, end 206.26MB, increase: -232.16KB
2025-7-24 11:33:38-debug: [Build Memory track]: 查询 Asset Bundle start:206.29MB, end 206.38MB, increase: 99.32KB
2025-7-24 11:33:38-log: run build task 查询 Asset Bundle success in √, progress: 10%
2025-7-24 11:33:38-debug: 整理部分构建选项内数据到 settings.json start, progress: 10%
2025-7-24 11:33:38-debug: // ---- build task 整理部分构建选项内数据到 settings.json ----
2025-7-24 11:33:38-log: run build task 整理部分构建选项内数据到 settings.json success in √, progress: 12%
2025-7-24 11:33:38-debug: [Build Memory track]: 整理部分构建选项内数据到 settings.json start:206.41MB, end 206.42MB, increase: 15.63KB
2025-7-24 11:33:38-debug: 填充脚本数据到 settings.json start, progress: 12%
2025-7-24 11:33:38-debug: // ---- build task 填充脚本数据到 settings.json ----
2025-7-24 11:33:38-debug: // ---- build task 填充脚本数据到 settings.json ---- (1ms)
2025-7-24 11:33:38-log: run build task 填充脚本数据到 settings.json success in 1 ms√, progress: 13%
2025-7-24 11:33:38-debug: [Build Memory track]: 填充脚本数据到 settings.json start:206.45MB, end 206.47MB, increase: 22.93KB
2025-7-24 11:33:38-debug: 整理部分构建选项内数据到 settings.json start, progress: 13%
2025-7-24 11:33:38-debug: // ---- build task 整理部分构建选项内数据到 settings.json ----
2025-7-24 11:33:38-debug: // ---- build task 整理部分构建选项内数据到 settings.json ---- (1ms)
2025-7-24 11:33:38-log: run build task 整理部分构建选项内数据到 settings.json success in 1 ms√, progress: 15%
2025-7-24 11:33:38-debug: [Build Memory track]: 整理部分构建选项内数据到 settings.json start:206.49MB, end 206.61MB, increase: 122.24KB
2025-7-24 11:33:38-debug: Query all assets info in project
2025-7-24 11:33:38-debug: Skip compress image, progress: 0%
2025-7-24 11:33:38-debug: init custom config: keepNodeUuid: false, useCache: true
2025-7-24 11:33:38-debug: Init all bundles start..., progress: 0%
2025-7-24 11:33:38-debug: Num of bundles: 2..., progress: 0%
2025-7-24 11:33:38-debug: Init bundle root assets start..., progress: 0%
2025-7-24 11:33:38-debug: 查询 Asset Bundle start, progress: 0%
2025-7-24 11:33:38-debug: // ---- build task 查询 Asset Bundle ----
2025-7-24 11:33:38-debug: Query preload assets/scripts from cc.config.json: 60f7195c-ec2a-45eb-ba94-8955f60e81d0,1c02ae6f-4492-4915-b8f8-7492a3b1e4cd,810e96e4-e456-4468-9b59-f4e8f39732c0,efe8e2a3-eace-427b-b4f1-cb8a937ec77d,e9aa9a3e-5b2b-4ac7-a2c7-073de2b2b24f,8bbdbcdd-5cd4-4100-b6d5-b7c9625b6107,50f4348b-c883-4e2f-8f11-ce233b859fa1,fda095cb-831d-4601-ad94-846013963de8,f92806d7-1768-443f-afe8-12bcde84d0f0,dd3a144d-ab7f-41f0-82b8-2e43a090d496,f0416e68-0200-4b77-a926-4f9d16e494da,970b0598-bcb0-4714-91fb-2e81440dccd8,bcd64cc6-2dd9-43f6-abbe-66318d332032,d930590d-bb92-4cc8-8bd1-23cd027f9edf,a3cd009f-0ab0-420d-9278-b9fdab939bbc,6a2d0734-bd9e-4ddf-946e-caa52498cb75,c27215d8-6835-4b68-bfbb-bdeac6100c04,b5d6115f-0370-4d7c-aad3-c194cc71cf98,871c3b6c-7379-419d-bda3-794b239ab90d,ff9b0199-ce04-4cfe-86cc-6c719f08d6e4,de1c2107-70c8-4021-8459-6399f24d01c6,cbf30902-517f-40dc-af90-a550bac27cf1
2025-7-24 11:33:38-debug: Init bundle root assets success..., progress: 0%
2025-7-24 11:33:38-debug:   Number of all scenes: 1
2025-7-24 11:33:38-debug:   Number of other assets: 508
2025-7-24 11:33:38-debug: // ---- build task 查询 Asset Bundle ---- (9ms)
2025-7-24 11:33:38-debug: 查询 Asset Bundle start, progress: 5%
2025-7-24 11:33:38-debug: // ---- build task 查询 Asset Bundle ----
2025-7-24 11:33:38-debug: [Build Memory track]: 查询 Asset Bundle start:206.35MB, end 206.98MB, increase: 638.01KB
2025-7-24 11:33:38-debug:   Number of all scripts: 14
2025-7-24 11:33:38-log: run build task 查询 Asset Bundle success in 9 ms√, progress: 5%
2025-7-24 11:33:38-debug: // ---- build task 查询 Asset Bundle ---- (2ms)
2025-7-24 11:33:38-debug: 整理部分构建选项内数据到 settings.json start, progress: 10%
2025-7-24 11:33:38-debug: [Build Memory track]: 查询 Asset Bundle start:207.00MB, end 207.10MB, increase: 106.14KB
2025-7-24 11:33:38-debug: // ---- build task 整理部分构建选项内数据到 settings.json ----
2025-7-24 11:33:38-log: run build task 查询 Asset Bundle success in 2 ms√, progress: 10%
2025-7-24 11:33:38-log: run build task 整理部分构建选项内数据到 settings.json success in 1 ms√, progress: 12%
2025-7-24 11:33:38-debug: [Build Memory track]: 整理部分构建选项内数据到 settings.json start:207.13MB, end 207.15MB, increase: 23.27KB
2025-7-24 11:33:38-debug: 填充脚本数据到 settings.json start, progress: 12%
2025-7-24 11:33:38-debug: // ---- build task 填充脚本数据到 settings.json ----
2025-7-24 11:33:38-debug: // ---- build task 整理部分构建选项内数据到 settings.json ---- (1ms)
2025-7-24 11:33:38-log: run build task 填充脚本数据到 settings.json success in 1 ms√, progress: 13%
2025-7-24 11:33:38-debug: // ---- build task 填充脚本数据到 settings.json ---- (1ms)
2025-7-24 11:33:38-debug: 整理部分构建选项内数据到 settings.json start, progress: 13%
2025-7-24 11:33:38-debug: [Build Memory track]: 填充脚本数据到 settings.json start:207.18MB, end 207.20MB, increase: 24.54KB
2025-7-24 11:33:38-debug: // ---- build task 整理部分构建选项内数据到 settings.json ----
2025-7-24 11:33:38-debug: // ---- build task 整理部分构建选项内数据到 settings.json ---- (3ms)
2025-7-24 11:33:38-log: run build task 整理部分构建选项内数据到 settings.json success in 3 ms√, progress: 15%
2025-7-24 11:33:38-debug: [Build Memory track]: 整理部分构建选项内数据到 settings.json start:207.22MB, end 207.34MB, increase: 122.41KB
2025-7-24 11:33:38-debug: Query all assets info in project
2025-7-24 11:33:38-debug: init custom config: keepNodeUuid: false, useCache: true
2025-7-24 11:33:38-debug: Skip compress image, progress: 0%
2025-7-24 11:33:38-debug: Num of bundles: 2..., progress: 0%
2025-7-24 11:33:38-debug: 查询 Asset Bundle start, progress: 0%
2025-7-24 11:33:38-debug: Init all bundles start..., progress: 0%
2025-7-24 11:33:38-debug: Init bundle root assets start..., progress: 0%
2025-7-24 11:33:38-debug: // ---- build task 查询 Asset Bundle ----
2025-7-24 11:33:38-debug: Query preload assets/scripts from cc.config.json: 60f7195c-ec2a-45eb-ba94-8955f60e81d0,1c02ae6f-4492-4915-b8f8-7492a3b1e4cd,810e96e4-e456-4468-9b59-f4e8f39732c0,efe8e2a3-eace-427b-b4f1-cb8a937ec77d,e9aa9a3e-5b2b-4ac7-a2c7-073de2b2b24f,8bbdbcdd-5cd4-4100-b6d5-b7c9625b6107,50f4348b-c883-4e2f-8f11-ce233b859fa1,fda095cb-831d-4601-ad94-846013963de8,f92806d7-1768-443f-afe8-12bcde84d0f0,dd3a144d-ab7f-41f0-82b8-2e43a090d496,f0416e68-0200-4b77-a926-4f9d16e494da,970b0598-bcb0-4714-91fb-2e81440dccd8,bcd64cc6-2dd9-43f6-abbe-66318d332032,d930590d-bb92-4cc8-8bd1-23cd027f9edf,a3cd009f-0ab0-420d-9278-b9fdab939bbc,6a2d0734-bd9e-4ddf-946e-caa52498cb75,c27215d8-6835-4b68-bfbb-bdeac6100c04,b5d6115f-0370-4d7c-aad3-c194cc71cf98,871c3b6c-7379-419d-bda3-794b239ab90d,ff9b0199-ce04-4cfe-86cc-6c719f08d6e4,de1c2107-70c8-4021-8459-6399f24d01c6,cbf30902-517f-40dc-af90-a550bac27cf1
2025-7-24 11:33:38-debug: Init bundle root assets success..., progress: 0%
2025-7-24 11:33:38-debug:   Number of all scenes: 1
2025-7-24 11:33:38-debug:   Number of other assets: 508
2025-7-24 11:33:38-debug:   Number of all scripts: 14
2025-7-24 11:33:38-debug: // ---- build task 查询 Asset Bundle ---- (3ms)
2025-7-24 11:33:38-log: run build task 查询 Asset Bundle success in 3 ms√, progress: 5%
2025-7-24 11:33:38-debug: [Build Memory track]: 查询 Asset Bundle start:207.67MB, end 206.41MB, increase: -1292.93KB
2025-7-24 11:33:38-debug: 查询 Asset Bundle start, progress: 5%
2025-7-24 11:33:38-debug: // ---- build task 查询 Asset Bundle ----
2025-7-24 11:33:38-debug: // ---- build task 查询 Asset Bundle ---- (1ms)
2025-7-24 11:33:38-log: run build task 查询 Asset Bundle success in 1 ms√, progress: 10%
2025-7-24 11:33:38-debug: [Build Memory track]: 查询 Asset Bundle start:206.43MB, end 206.54MB, increase: 106.84KB
2025-7-24 11:33:38-debug: 整理部分构建选项内数据到 settings.json start, progress: 10%
2025-7-24 11:33:38-debug: // ---- build task 整理部分构建选项内数据到 settings.json ----
2025-7-24 11:33:38-debug: // ---- build task 整理部分构建选项内数据到 settings.json ---- (1ms)
2025-7-24 11:33:38-debug: [Build Memory track]: 整理部分构建选项内数据到 settings.json start:206.56MB, end 206.59MB, increase: 24.03KB
2025-7-24 11:33:38-debug: 填充脚本数据到 settings.json start, progress: 12%
2025-7-24 11:33:38-debug: // ---- build task 填充脚本数据到 settings.json ----
2025-7-24 11:33:38-debug: [Build Memory track]: 填充脚本数据到 settings.json start:206.61MB, end 206.62MB, increase: 13.04KB
2025-7-24 11:33:38-debug: 整理部分构建选项内数据到 settings.json start, progress: 13%
2025-7-24 11:33:38-debug: // ---- build task 整理部分构建选项内数据到 settings.json ----
2025-7-24 11:33:38-log: run build task 整理部分构建选项内数据到 settings.json success in 1 ms√, progress: 12%
2025-7-24 11:33:38-log: run build task 填充脚本数据到 settings.json success in √, progress: 13%
2025-7-24 11:33:38-debug: // ---- build task 整理部分构建选项内数据到 settings.json ---- (5ms)
2025-7-24 11:33:38-log: run build task 整理部分构建选项内数据到 settings.json success in 5 ms√, progress: 15%
2025-7-24 11:33:38-debug: [Build Memory track]: 整理部分构建选项内数据到 settings.json start:206.65MB, end 206.79MB, increase: 143.02KB
2025-7-24 11:33:52-debug: refresh db internal success
2025-7-24 11:33:52-debug: refresh db assets success
2025-7-24 11:33:52-debug: Run asset db hook engine-extends:afterRefresh ...
2025-7-24 11:33:52-debug: Run asset db hook engine-extends:afterRefresh success!
2025-7-24 11:33:52-debug: asset-db-hook-engine-extends-afterRefresh (1ms)
2025-7-24 11:33:52-debug: asset-db:refresh-all-database (31ms)
2025-7-24 11:34:07-debug: %cImport%c: /Users/zhao/Desktop/test/cocos-creator/PlaneFight/assets/Scenes/Start.scenebackground: #aaff85; color: #000;color: #000;
2025-7-24 11:34:07-debug: asset-db:reimport-asset2fda4d65-a1e9-4078-8250-de49b04cdc34 (5ms)
2025-7-24 11:34:08-debug: Query all assets info in project
2025-7-24 11:34:08-debug: init custom config: keepNodeUuid: false, useCache: true
2025-7-24 11:34:08-debug: Skip compress image, progress: 0%
2025-7-24 11:34:08-debug: Init all bundles start..., progress: 0%
2025-7-24 11:34:08-debug: // ---- build task 查询 Asset Bundle ----
2025-7-24 11:34:08-debug: 查询 Asset Bundle start, progress: 0%
2025-7-24 11:34:08-debug: Num of bundles: 2..., progress: 0%
2025-7-24 11:34:08-debug: Init bundle root assets start..., progress: 0%
2025-7-24 11:34:08-debug: Query preload assets/scripts from cc.config.json: 60f7195c-ec2a-45eb-ba94-8955f60e81d0,1c02ae6f-4492-4915-b8f8-7492a3b1e4cd,810e96e4-e456-4468-9b59-f4e8f39732c0,efe8e2a3-eace-427b-b4f1-cb8a937ec77d,e9aa9a3e-5b2b-4ac7-a2c7-073de2b2b24f,8bbdbcdd-5cd4-4100-b6d5-b7c9625b6107,50f4348b-c883-4e2f-8f11-ce233b859fa1,fda095cb-831d-4601-ad94-846013963de8,f92806d7-1768-443f-afe8-12bcde84d0f0,dd3a144d-ab7f-41f0-82b8-2e43a090d496,f0416e68-0200-4b77-a926-4f9d16e494da,970b0598-bcb0-4714-91fb-2e81440dccd8,bcd64cc6-2dd9-43f6-abbe-66318d332032,d930590d-bb92-4cc8-8bd1-23cd027f9edf,a3cd009f-0ab0-420d-9278-b9fdab939bbc,6a2d0734-bd9e-4ddf-946e-caa52498cb75,c27215d8-6835-4b68-bfbb-bdeac6100c04,b5d6115f-0370-4d7c-aad3-c194cc71cf98,871c3b6c-7379-419d-bda3-794b239ab90d,ff9b0199-ce04-4cfe-86cc-6c719f08d6e4,de1c2107-70c8-4021-8459-6399f24d01c6,cbf30902-517f-40dc-af90-a550bac27cf1
2025-7-24 11:34:08-debug:   Number of all scenes: 1
2025-7-24 11:34:08-debug:   Number of all scripts: 14
2025-7-24 11:34:08-debug: Init bundle root assets success..., progress: 0%
2025-7-24 11:34:08-debug:   Number of other assets: 508
2025-7-24 11:34:08-debug: // ---- build task 查询 Asset Bundle ---- (7ms)
2025-7-24 11:34:08-debug: 查询 Asset Bundle start, progress: 5%
2025-7-24 11:34:08-debug: [Build Memory track]: 查询 Asset Bundle start:207.71MB, end 207.54MB, increase: -177.72KB
2025-7-24 11:34:08-debug: // ---- build task 查询 Asset Bundle ----
2025-7-24 11:34:08-log: run build task 查询 Asset Bundle success in 7 ms√, progress: 5%
2025-7-24 11:34:08-debug: // ---- build task 查询 Asset Bundle ---- (2ms)
2025-7-24 11:34:08-debug: [Build Memory track]: 查询 Asset Bundle start:207.56MB, end 207.67MB, increase: 107.09KB
2025-7-24 11:34:08-log: run build task 查询 Asset Bundle success in 2 ms√, progress: 10%
2025-7-24 11:34:08-debug: 整理部分构建选项内数据到 settings.json start, progress: 10%
2025-7-24 11:34:08-debug: // ---- build task 整理部分构建选项内数据到 settings.json ----
2025-7-24 11:34:08-log: run build task 整理部分构建选项内数据到 settings.json success in √, progress: 12%
2025-7-24 11:34:08-debug: [Build Memory track]: 整理部分构建选项内数据到 settings.json start:207.69MB, end 207.71MB, increase: 16.49KB
2025-7-24 11:34:08-debug: 填充脚本数据到 settings.json start, progress: 12%
2025-7-24 11:34:08-debug: // ---- build task 填充脚本数据到 settings.json ----
2025-7-24 11:34:08-debug: // ---- build task 填充脚本数据到 settings.json ---- (1ms)
2025-7-24 11:34:08-log: run build task 填充脚本数据到 settings.json success in 1 ms√, progress: 13%
2025-7-24 11:34:08-debug: [Build Memory track]: 填充脚本数据到 settings.json start:207.73MB, end 207.03MB, increase: -724.13KB
2025-7-24 11:34:08-debug: 整理部分构建选项内数据到 settings.json start, progress: 13%
2025-7-24 11:34:08-debug: // ---- build task 整理部分构建选项内数据到 settings.json ----
2025-7-24 11:34:08-debug: // ---- build task 整理部分构建选项内数据到 settings.json ---- (2ms)
2025-7-24 11:34:08-log: run build task 整理部分构建选项内数据到 settings.json success in 2 ms√, progress: 15%
2025-7-24 11:34:08-debug: [Build Memory track]: 整理部分构建选项内数据到 settings.json start:207.05MB, end 207.17MB, increase: 123.41KB
2025-7-24 11:34:08-debug: Query all assets info in project
2025-7-24 11:34:08-debug: init custom config: keepNodeUuid: false, useCache: true
2025-7-24 11:34:08-debug: Skip compress image, progress: 0%
2025-7-24 11:34:08-debug: Init all bundles start..., progress: 0%
2025-7-24 11:34:08-debug: // ---- build task 查询 Asset Bundle ----
2025-7-24 11:34:08-debug: 查询 Asset Bundle start, progress: 0%
2025-7-24 11:34:08-debug: Num of bundles: 2..., progress: 0%
2025-7-24 11:34:08-debug: Init bundle root assets start..., progress: 0%
2025-7-24 11:34:08-debug:   Number of all scenes: 1
2025-7-24 11:34:08-debug: Init bundle root assets success..., progress: 0%
2025-7-24 11:34:08-debug:   Number of all scripts: 14
2025-7-24 11:34:08-debug:   Number of other assets: 508
2025-7-24 11:34:08-debug: Query preload assets/scripts from cc.config.json: 60f7195c-ec2a-45eb-ba94-8955f60e81d0,1c02ae6f-4492-4915-b8f8-7492a3b1e4cd,810e96e4-e456-4468-9b59-f4e8f39732c0,efe8e2a3-eace-427b-b4f1-cb8a937ec77d,e9aa9a3e-5b2b-4ac7-a2c7-073de2b2b24f,8bbdbcdd-5cd4-4100-b6d5-b7c9625b6107,50f4348b-c883-4e2f-8f11-ce233b859fa1,fda095cb-831d-4601-ad94-846013963de8,f92806d7-1768-443f-afe8-12bcde84d0f0,dd3a144d-ab7f-41f0-82b8-2e43a090d496,f0416e68-0200-4b77-a926-4f9d16e494da,970b0598-bcb0-4714-91fb-2e81440dccd8,bcd64cc6-2dd9-43f6-abbe-66318d332032,d930590d-bb92-4cc8-8bd1-23cd027f9edf,a3cd009f-0ab0-420d-9278-b9fdab939bbc,6a2d0734-bd9e-4ddf-946e-caa52498cb75,c27215d8-6835-4b68-bfbb-bdeac6100c04,b5d6115f-0370-4d7c-aad3-c194cc71cf98,871c3b6c-7379-419d-bda3-794b239ab90d,ff9b0199-ce04-4cfe-86cc-6c719f08d6e4,de1c2107-70c8-4021-8459-6399f24d01c6,cbf30902-517f-40dc-af90-a550bac27cf1
2025-7-24 11:34:08-debug: // ---- build task 查询 Asset Bundle ---- (1ms)
2025-7-24 11:34:08-debug: 查询 Asset Bundle start, progress: 5%
2025-7-24 11:34:08-log: run build task 查询 Asset Bundle success in 1 ms√, progress: 5%
2025-7-24 11:34:08-debug: [Build Memory track]: 查询 Asset Bundle start:207.51MB, end 207.27MB, increase: -247.12KB
2025-7-24 11:34:08-debug: // ---- build task 查询 Asset Bundle ----
2025-7-24 11:34:08-debug: // ---- build task 查询 Asset Bundle ---- (1ms)
2025-7-24 11:34:08-debug: // ---- build task 整理部分构建选项内数据到 settings.json ----
2025-7-24 11:34:08-debug: [Build Memory track]: 查询 Asset Bundle start:207.29MB, end 207.39MB, increase: 106.76KB
2025-7-24 11:34:08-debug: 整理部分构建选项内数据到 settings.json start, progress: 10%
2025-7-24 11:34:08-log: run build task 查询 Asset Bundle success in 1 ms√, progress: 10%
2025-7-24 11:34:08-log: run build task 整理部分构建选项内数据到 settings.json success in 1 ms√, progress: 12%
2025-7-24 11:34:08-debug: // ---- build task 整理部分构建选项内数据到 settings.json ---- (1ms)
2025-7-24 11:34:08-debug: 填充脚本数据到 settings.json start, progress: 12%
2025-7-24 11:34:08-debug: [Build Memory track]: 整理部分构建选项内数据到 settings.json start:207.42MB, end 207.44MB, increase: 21.51KB
2025-7-24 11:34:08-debug: // ---- build task 填充脚本数据到 settings.json ----
2025-7-24 11:34:08-log: run build task 填充脚本数据到 settings.json success in √, progress: 13%
2025-7-24 11:34:08-debug: [Build Memory track]: 填充脚本数据到 settings.json start:207.46MB, end 207.48MB, increase: 15.70KB
2025-7-24 11:34:08-debug: // ---- build task 整理部分构建选项内数据到 settings.json ----
2025-7-24 11:34:08-debug: 整理部分构建选项内数据到 settings.json start, progress: 13%
2025-7-24 11:34:08-debug: // ---- build task 整理部分构建选项内数据到 settings.json ---- (2ms)
2025-7-24 11:34:08-debug: [Build Memory track]: 整理部分构建选项内数据到 settings.json start:207.50MB, end 207.62MB, increase: 122.66KB
2025-7-24 11:34:08-log: run build task 整理部分构建选项内数据到 settings.json success in 2 ms√, progress: 15%
2025-7-24 11:34:08-debug: %cImport%c: /Users/zhao/Desktop/test/cocos-creator/PlaneFight/assets/Scenes/Start.scenebackground: #aaff85; color: #000;color: #000;
2025-7-24 11:34:08-debug: asset-db:reimport-asset2fda4d65-a1e9-4078-8250-de49b04cdc34 (4ms)
2025-7-24 11:34:09-debug: Query all assets info in project
2025-7-24 11:34:09-debug: init custom config: keepNodeUuid: false, useCache: true
2025-7-24 11:34:09-debug: Skip compress image, progress: 0%
2025-7-24 11:34:09-debug: Init all bundles start..., progress: 0%
2025-7-24 11:34:09-debug: Num of bundles: 2..., progress: 0%
2025-7-24 11:34:09-debug: Init bundle root assets start..., progress: 0%
2025-7-24 11:34:09-debug: 查询 Asset Bundle start, progress: 0%
2025-7-24 11:34:09-debug: // ---- build task 查询 Asset Bundle ----
2025-7-24 11:34:09-debug:   Number of all scenes: 1
2025-7-24 11:34:09-debug:   Number of other assets: 508
2025-7-24 11:34:09-debug: // ---- build task 查询 Asset Bundle ---- (6ms)
2025-7-24 11:34:09-debug:   Number of all scripts: 14
2025-7-24 11:34:09-log: run build task 查询 Asset Bundle success in 6 ms√, progress: 5%
2025-7-24 11:34:09-debug: 查询 Asset Bundle start, progress: 5%
2025-7-24 11:34:09-debug: Init bundle root assets success..., progress: 0%
2025-7-24 11:34:09-debug: Query preload assets/scripts from cc.config.json: 60f7195c-ec2a-45eb-ba94-8955f60e81d0,1c02ae6f-4492-4915-b8f8-7492a3b1e4cd,810e96e4-e456-4468-9b59-f4e8f39732c0,efe8e2a3-eace-427b-b4f1-cb8a937ec77d,e9aa9a3e-5b2b-4ac7-a2c7-073de2b2b24f,8bbdbcdd-5cd4-4100-b6d5-b7c9625b6107,50f4348b-c883-4e2f-8f11-ce233b859fa1,fda095cb-831d-4601-ad94-846013963de8,f92806d7-1768-443f-afe8-12bcde84d0f0,dd3a144d-ab7f-41f0-82b8-2e43a090d496,f0416e68-0200-4b77-a926-4f9d16e494da,970b0598-bcb0-4714-91fb-2e81440dccd8,bcd64cc6-2dd9-43f6-abbe-66318d332032,d930590d-bb92-4cc8-8bd1-23cd027f9edf,a3cd009f-0ab0-420d-9278-b9fdab939bbc,6a2d0734-bd9e-4ddf-946e-caa52498cb75,c27215d8-6835-4b68-bfbb-bdeac6100c04,b5d6115f-0370-4d7c-aad3-c194cc71cf98,871c3b6c-7379-419d-bda3-794b239ab90d,ff9b0199-ce04-4cfe-86cc-6c719f08d6e4,de1c2107-70c8-4021-8459-6399f24d01c6,cbf30902-517f-40dc-af90-a550bac27cf1
2025-7-24 11:34:09-debug: [Build Memory track]: 查询 Asset Bundle start:207.82MB, end 207.51MB, increase: -324.39KB
2025-7-24 11:34:09-debug: // ---- build task 查询 Asset Bundle ----
2025-7-24 11:34:09-debug: // ---- build task 查询 Asset Bundle ---- (2ms)
2025-7-24 11:34:09-debug: // ---- build task 整理部分构建选项内数据到 settings.json ----
2025-7-24 11:34:09-debug: [Build Memory track]: 查询 Asset Bundle start:207.53MB, end 207.64MB, increase: 107.77KB
2025-7-24 11:34:09-debug: 整理部分构建选项内数据到 settings.json start, progress: 10%
2025-7-24 11:34:09-log: run build task 查询 Asset Bundle success in 2 ms√, progress: 10%
2025-7-24 11:34:09-log: run build task 整理部分构建选项内数据到 settings.json success in √, progress: 12%
2025-7-24 11:34:09-debug: [Build Memory track]: 整理部分构建选项内数据到 settings.json start:207.66MB, end 207.67MB, increase: 15.14KB
2025-7-24 11:34:09-debug: 填充脚本数据到 settings.json start, progress: 12%
2025-7-24 11:34:09-debug: // ---- build task 填充脚本数据到 settings.json ----
2025-7-24 11:34:09-log: run build task 填充脚本数据到 settings.json success in 1 ms√, progress: 13%
2025-7-24 11:34:09-debug: [Build Memory track]: 填充脚本数据到 settings.json start:207.70MB, end 207.72MB, increase: 25.24KB
2025-7-24 11:34:09-debug: 整理部分构建选项内数据到 settings.json start, progress: 13%
2025-7-24 11:34:09-debug: // ---- build task 整理部分构建选项内数据到 settings.json ----
2025-7-24 11:34:09-debug: // ---- build task 填充脚本数据到 settings.json ---- (1ms)
2025-7-24 11:34:09-debug: // ---- build task 整理部分构建选项内数据到 settings.json ---- (5ms)
2025-7-24 11:34:09-log: run build task 整理部分构建选项内数据到 settings.json success in 5 ms√, progress: 15%
2025-7-24 11:34:09-debug: [Build Memory track]: 整理部分构建选项内数据到 settings.json start:207.75MB, end 207.88MB, increase: 140.13KB
2025-7-24 11:34:09-debug: Query all assets info in project
2025-7-24 11:34:09-debug: init custom config: keepNodeUuid: false, useCache: true
2025-7-24 11:34:09-debug: Skip compress image, progress: 0%
2025-7-24 11:34:09-debug: Init all bundles start..., progress: 0%
2025-7-24 11:34:09-debug: Num of bundles: 2..., progress: 0%
2025-7-24 11:34:09-debug: 查询 Asset Bundle start, progress: 0%
2025-7-24 11:34:09-debug: // ---- build task 查询 Asset Bundle ----
2025-7-24 11:34:09-debug: Init bundle root assets start..., progress: 0%
2025-7-24 11:34:09-debug: Query preload assets/scripts from cc.config.json: 60f7195c-ec2a-45eb-ba94-8955f60e81d0,1c02ae6f-4492-4915-b8f8-7492a3b1e4cd,810e96e4-e456-4468-9b59-f4e8f39732c0,efe8e2a3-eace-427b-b4f1-cb8a937ec77d,e9aa9a3e-5b2b-4ac7-a2c7-073de2b2b24f,8bbdbcdd-5cd4-4100-b6d5-b7c9625b6107,50f4348b-c883-4e2f-8f11-ce233b859fa1,fda095cb-831d-4601-ad94-846013963de8,f92806d7-1768-443f-afe8-12bcde84d0f0,dd3a144d-ab7f-41f0-82b8-2e43a090d496,f0416e68-0200-4b77-a926-4f9d16e494da,970b0598-bcb0-4714-91fb-2e81440dccd8,bcd64cc6-2dd9-43f6-abbe-66318d332032,d930590d-bb92-4cc8-8bd1-23cd027f9edf,a3cd009f-0ab0-420d-9278-b9fdab939bbc,6a2d0734-bd9e-4ddf-946e-caa52498cb75,c27215d8-6835-4b68-bfbb-bdeac6100c04,b5d6115f-0370-4d7c-aad3-c194cc71cf98,871c3b6c-7379-419d-bda3-794b239ab90d,ff9b0199-ce04-4cfe-86cc-6c719f08d6e4,de1c2107-70c8-4021-8459-6399f24d01c6,cbf30902-517f-40dc-af90-a550bac27cf1
2025-7-24 11:34:09-debug:   Number of all scenes: 1
2025-7-24 11:34:09-debug:   Number of all scripts: 14
2025-7-24 11:34:09-debug:   Number of other assets: 508
2025-7-24 11:34:09-debug: // ---- build task 查询 Asset Bundle ---- (3ms)
2025-7-24 11:34:09-log: run build task 查询 Asset Bundle success in 3 ms√, progress: 5%
2025-7-24 11:34:09-debug: [Build Memory track]: 查询 Asset Bundle start:207.44MB, end 207.24MB, increase: -199.18KB
2025-7-24 11:34:09-debug: 查询 Asset Bundle start, progress: 5%
2025-7-24 11:34:09-debug: Init bundle root assets success..., progress: 0%
2025-7-24 11:34:09-debug: // ---- build task 查询 Asset Bundle ----
2025-7-24 11:34:09-debug: // ---- build task 查询 Asset Bundle ---- (1ms)
2025-7-24 11:34:09-log: run build task 查询 Asset Bundle success in 1 ms√, progress: 10%
2025-7-24 11:34:09-debug: [Build Memory track]: 查询 Asset Bundle start:207.27MB, end 207.37MB, increase: 107.81KB
2025-7-24 11:34:09-debug: 整理部分构建选项内数据到 settings.json start, progress: 10%
2025-7-24 11:34:09-debug: // ---- build task 整理部分构建选项内数据到 settings.json ----
2025-7-24 11:34:09-debug: // ---- build task 整理部分构建选项内数据到 settings.json ---- (1ms)
2025-7-24 11:34:09-debug: 填充脚本数据到 settings.json start, progress: 12%
2025-7-24 11:34:09-log: run build task 整理部分构建选项内数据到 settings.json success in 1 ms√, progress: 12%
2025-7-24 11:34:09-log: run build task 填充脚本数据到 settings.json success in 2 ms√, progress: 13%
2025-7-24 11:34:09-debug: [Build Memory track]: 填充脚本数据到 settings.json start:207.44MB, end 207.46MB, increase: 21.84KB
2025-7-24 11:34:09-debug: 整理部分构建选项内数据到 settings.json start, progress: 13%
2025-7-24 11:34:09-debug: // ---- build task 整理部分构建选项内数据到 settings.json ----
2025-7-24 11:34:09-debug: [Build Memory track]: 整理部分构建选项内数据到 settings.json start:207.40MB, end 207.42MB, increase: 20.71KB
2025-7-24 11:34:09-debug: // ---- build task 填充脚本数据到 settings.json ---- (2ms)
2025-7-24 11:34:09-debug: // ---- build task 填充脚本数据到 settings.json ----
2025-7-24 11:34:09-debug: // ---- build task 整理部分构建选项内数据到 settings.json ---- (4ms)
2025-7-24 11:34:09-debug: [Build Memory track]: 整理部分构建选项内数据到 settings.json start:207.49MB, end 207.61MB, increase: 125.73KB
2025-7-24 11:34:09-log: run build task 整理部分构建选项内数据到 settings.json success in 4 ms√, progress: 15%
2025-7-24 11:34:27-debug: refresh db internal success
2025-7-24 11:34:27-debug: %cImport%c: /Users/zhao/Desktop/test/cocos-creator/PlaneFight/assets/Scripts/Enemy.tsbackground: #aaff85; color: #000;color: #000;
2025-7-24 11:34:27-debug: refresh db assets success
2025-7-24 11:34:27-debug: Run asset db hook engine-extends:afterRefresh ...
2025-7-24 11:34:27-debug: Run asset db hook engine-extends:afterRefresh success!
2025-7-24 11:34:27-debug: asset-db:refresh-all-database (21ms)
2025-7-24 11:34:27-debug: asset-db:worker-effect-data-processing (2ms)
2025-7-24 11:34:27-debug: asset-db-hook-engine-extends-afterRefresh (2ms)
2025-7-24 11:34:28-debug: Query all assets info in project
2025-7-24 11:34:28-debug: init custom config: keepNodeUuid: false, useCache: true
2025-7-24 11:34:28-debug: Skip compress image, progress: 0%
2025-7-24 11:34:28-debug: Init all bundles start..., progress: 0%
2025-7-24 11:34:28-debug: Num of bundles: 2..., progress: 0%
2025-7-24 11:34:28-debug: 查询 Asset Bundle start, progress: 0%
2025-7-24 11:34:28-debug: // ---- build task 查询 Asset Bundle ----
2025-7-24 11:34:28-debug: Init bundle root assets start..., progress: 0%
2025-7-24 11:34:28-debug: Query preload assets/scripts from cc.config.json: 60f7195c-ec2a-45eb-ba94-8955f60e81d0,1c02ae6f-4492-4915-b8f8-7492a3b1e4cd,810e96e4-e456-4468-9b59-f4e8f39732c0,efe8e2a3-eace-427b-b4f1-cb8a937ec77d,e9aa9a3e-5b2b-4ac7-a2c7-073de2b2b24f,8bbdbcdd-5cd4-4100-b6d5-b7c9625b6107,50f4348b-c883-4e2f-8f11-ce233b859fa1,fda095cb-831d-4601-ad94-846013963de8,f92806d7-1768-443f-afe8-12bcde84d0f0,dd3a144d-ab7f-41f0-82b8-2e43a090d496,f0416e68-0200-4b77-a926-4f9d16e494da,970b0598-bcb0-4714-91fb-2e81440dccd8,bcd64cc6-2dd9-43f6-abbe-66318d332032,d930590d-bb92-4cc8-8bd1-23cd027f9edf,a3cd009f-0ab0-420d-9278-b9fdab939bbc,6a2d0734-bd9e-4ddf-946e-caa52498cb75,c27215d8-6835-4b68-bfbb-bdeac6100c04,b5d6115f-0370-4d7c-aad3-c194cc71cf98,871c3b6c-7379-419d-bda3-794b239ab90d,ff9b0199-ce04-4cfe-86cc-6c719f08d6e4,de1c2107-70c8-4021-8459-6399f24d01c6,cbf30902-517f-40dc-af90-a550bac27cf1
2025-7-24 11:34:28-debug:   Number of all scenes: 1
2025-7-24 11:34:28-debug:   Number of all scripts: 14
2025-7-24 11:34:28-debug:   Number of other assets: 508
2025-7-24 11:34:28-debug: Init bundle root assets success..., progress: 0%
2025-7-24 11:34:28-debug: // ---- build task 查询 Asset Bundle ---- (3ms)
2025-7-24 11:34:28-log: run build task 查询 Asset Bundle success in 3 ms√, progress: 5%
2025-7-24 11:34:28-debug: [Build Memory track]: 查询 Asset Bundle start:207.89MB, end 207.66MB, increase: -235.60KB
2025-7-24 11:34:28-debug: 查询 Asset Bundle start, progress: 5%
2025-7-24 11:34:28-debug: // ---- build task 查询 Asset Bundle ----
2025-7-24 11:34:28-debug: // ---- build task 查询 Asset Bundle ---- (2ms)
2025-7-24 11:34:28-debug: [Build Memory track]: 查询 Asset Bundle start:207.69MB, end 207.80MB, increase: 114.13KB
2025-7-24 11:34:28-debug: // ---- build task 整理部分构建选项内数据到 settings.json ----
2025-7-24 11:34:28-debug: 整理部分构建选项内数据到 settings.json start, progress: 10%
2025-7-24 11:34:28-log: run build task 查询 Asset Bundle success in 2 ms√, progress: 10%
2025-7-24 11:34:28-log: run build task 整理部分构建选项内数据到 settings.json success in √, progress: 12%
2025-7-24 11:34:28-debug: 填充脚本数据到 settings.json start, progress: 12%
2025-7-24 11:34:28-debug: // ---- build task 填充脚本数据到 settings.json ----
2025-7-24 11:34:28-debug: [Build Memory track]: 整理部分构建选项内数据到 settings.json start:207.82MB, end 207.84MB, increase: 15.43KB
2025-7-24 11:34:28-debug: 整理部分构建选项内数据到 settings.json start, progress: 13%
2025-7-24 11:34:28-debug: [Build Memory track]: 填充脚本数据到 settings.json start:207.86MB, end 207.88MB, increase: 14.46KB
2025-7-24 11:34:28-debug: // ---- build task 整理部分构建选项内数据到 settings.json ----
2025-7-24 11:34:28-log: run build task 填充脚本数据到 settings.json success in √, progress: 13%
2025-7-24 11:34:28-debug: // ---- build task 整理部分构建选项内数据到 settings.json ---- (2ms)
2025-7-24 11:34:28-log: run build task 整理部分构建选项内数据到 settings.json success in 2 ms√, progress: 15%
2025-7-24 11:34:28-debug: [Build Memory track]: 整理部分构建选项内数据到 settings.json start:207.90MB, end 208.02MB, increase: 120.46KB
2025-7-24 11:34:28-debug: Query all assets info in project
2025-7-24 11:34:28-debug: init custom config: keepNodeUuid: false, useCache: true
2025-7-24 11:34:28-debug: Skip compress image, progress: 0%
2025-7-24 11:34:28-debug: Init all bundles start..., progress: 0%
2025-7-24 11:34:28-debug: Num of bundles: 2..., progress: 0%
2025-7-24 11:34:28-debug: // ---- build task 查询 Asset Bundle ----
2025-7-24 11:34:28-debug: Init bundle root assets start..., progress: 0%
2025-7-24 11:34:28-debug: 查询 Asset Bundle start, progress: 0%
2025-7-24 11:34:28-debug: Query preload assets/scripts from cc.config.json: 60f7195c-ec2a-45eb-ba94-8955f60e81d0,1c02ae6f-4492-4915-b8f8-7492a3b1e4cd,810e96e4-e456-4468-9b59-f4e8f39732c0,efe8e2a3-eace-427b-b4f1-cb8a937ec77d,e9aa9a3e-5b2b-4ac7-a2c7-073de2b2b24f,8bbdbcdd-5cd4-4100-b6d5-b7c9625b6107,50f4348b-c883-4e2f-8f11-ce233b859fa1,fda095cb-831d-4601-ad94-846013963de8,f92806d7-1768-443f-afe8-12bcde84d0f0,dd3a144d-ab7f-41f0-82b8-2e43a090d496,f0416e68-0200-4b77-a926-4f9d16e494da,970b0598-bcb0-4714-91fb-2e81440dccd8,bcd64cc6-2dd9-43f6-abbe-66318d332032,d930590d-bb92-4cc8-8bd1-23cd027f9edf,a3cd009f-0ab0-420d-9278-b9fdab939bbc,6a2d0734-bd9e-4ddf-946e-caa52498cb75,c27215d8-6835-4b68-bfbb-bdeac6100c04,b5d6115f-0370-4d7c-aad3-c194cc71cf98,871c3b6c-7379-419d-bda3-794b239ab90d,ff9b0199-ce04-4cfe-86cc-6c719f08d6e4,de1c2107-70c8-4021-8459-6399f24d01c6,cbf30902-517f-40dc-af90-a550bac27cf1
2025-7-24 11:34:28-debug:   Number of all scripts: 14
2025-7-24 11:34:28-debug:   Number of other assets: 508
2025-7-24 11:34:28-debug: Init bundle root assets success..., progress: 0%
2025-7-24 11:34:28-debug:   Number of all scenes: 1
2025-7-24 11:34:28-log: run build task 查询 Asset Bundle success in 2 ms√, progress: 5%
2025-7-24 11:34:28-debug: [Build Memory track]: 查询 Asset Bundle start:208.36MB, end 208.26MB, increase: -108.40KB
2025-7-24 11:34:28-debug: 查询 Asset Bundle start, progress: 5%
2025-7-24 11:34:28-debug: // ---- build task 查询 Asset Bundle ---- (2ms)
2025-7-24 11:34:28-debug: // ---- build task 查询 Asset Bundle ----
2025-7-24 11:34:28-debug: // ---- build task 查询 Asset Bundle ---- (1ms)
2025-7-24 11:34:28-debug: 整理部分构建选项内数据到 settings.json start, progress: 10%
2025-7-24 11:34:28-debug: [Build Memory track]: 查询 Asset Bundle start:208.28MB, end 208.38MB, increase: 106.00KB
2025-7-24 11:34:28-debug: // ---- build task 整理部分构建选项内数据到 settings.json ----
2025-7-24 11:34:28-log: run build task 查询 Asset Bundle success in 1 ms√, progress: 10%
2025-7-24 11:34:28-debug: // ---- build task 整理部分构建选项内数据到 settings.json ---- (1ms)
2025-7-24 11:34:28-log: run build task 整理部分构建选项内数据到 settings.json success in 1 ms√, progress: 12%
2025-7-24 11:34:28-debug: [Build Memory track]: 整理部分构建选项内数据到 settings.json start:208.41MB, end 207.68MB, increase: -745.86KB
2025-7-24 11:34:28-debug: 填充脚本数据到 settings.json start, progress: 12%
2025-7-24 11:34:28-debug: // ---- build task 填充脚本数据到 settings.json ----
2025-7-24 11:34:28-log: run build task 填充脚本数据到 settings.json success in √, progress: 13%
2025-7-24 11:34:28-debug: [Build Memory track]: 填充脚本数据到 settings.json start:207.70MB, end 207.72MB, increase: 15.64KB
2025-7-24 11:34:28-debug: 整理部分构建选项内数据到 settings.json start, progress: 13%
2025-7-24 11:34:28-debug: // ---- build task 整理部分构建选项内数据到 settings.json ----
2025-7-24 11:34:28-debug: // ---- build task 整理部分构建选项内数据到 settings.json ---- (2ms)
2025-7-24 11:34:28-log: run build task 整理部分构建选项内数据到 settings.json success in 2 ms√, progress: 15%
2025-7-24 11:34:28-debug: [Build Memory track]: 整理部分构建选项内数据到 settings.json start:207.74MB, end 207.86MB, increase: 121.77KB
2025-7-24 11:34:36-debug: refresh db internal success
2025-7-24 11:34:36-debug: %cImport%c: /Users/zhao/Desktop/test/cocos-creator/PlaneFight/assets/Scripts/Enemy.tsbackground: #aaff85; color: #000;color: #000;
2025-7-24 11:34:36-debug: refresh db assets success
2025-7-24 11:34:36-debug: Run asset db hook engine-extends:afterRefresh ...
2025-7-24 11:34:36-debug: Run asset db hook engine-extends:afterRefresh success!
2025-7-24 11:34:36-debug: asset-db:refresh-all-database (22ms)
2025-7-24 11:34:36-debug: asset-db:worker-effect-data-processing (5ms)
2025-7-24 11:34:36-debug: asset-db-hook-engine-extends-afterRefresh (5ms)
2025-7-24 11:34:37-debug: Query all assets info in project
2025-7-24 11:34:37-debug: Skip compress image, progress: 0%
2025-7-24 11:34:37-debug: init custom config: keepNodeUuid: false, useCache: true
2025-7-24 11:34:37-debug: Init all bundles start..., progress: 0%
2025-7-24 11:34:37-debug: // ---- build task 查询 Asset Bundle ----
2025-7-24 11:34:37-debug: Num of bundles: 2..., progress: 0%
2025-7-24 11:34:37-debug: 查询 Asset Bundle start, progress: 0%
2025-7-24 11:34:37-debug: Init bundle root assets start..., progress: 0%
2025-7-24 11:34:37-debug: Query preload assets/scripts from cc.config.json: 60f7195c-ec2a-45eb-ba94-8955f60e81d0,1c02ae6f-4492-4915-b8f8-7492a3b1e4cd,810e96e4-e456-4468-9b59-f4e8f39732c0,efe8e2a3-eace-427b-b4f1-cb8a937ec77d,e9aa9a3e-5b2b-4ac7-a2c7-073de2b2b24f,8bbdbcdd-5cd4-4100-b6d5-b7c9625b6107,50f4348b-c883-4e2f-8f11-ce233b859fa1,fda095cb-831d-4601-ad94-846013963de8,f92806d7-1768-443f-afe8-12bcde84d0f0,dd3a144d-ab7f-41f0-82b8-2e43a090d496,f0416e68-0200-4b77-a926-4f9d16e494da,970b0598-bcb0-4714-91fb-2e81440dccd8,bcd64cc6-2dd9-43f6-abbe-66318d332032,d930590d-bb92-4cc8-8bd1-23cd027f9edf,a3cd009f-0ab0-420d-9278-b9fdab939bbc,6a2d0734-bd9e-4ddf-946e-caa52498cb75,c27215d8-6835-4b68-bfbb-bdeac6100c04,b5d6115f-0370-4d7c-aad3-c194cc71cf98,871c3b6c-7379-419d-bda3-794b239ab90d,ff9b0199-ce04-4cfe-86cc-6c719f08d6e4,de1c2107-70c8-4021-8459-6399f24d01c6,cbf30902-517f-40dc-af90-a550bac27cf1
2025-7-24 11:34:37-debug:   Number of all scenes: 1
2025-7-24 11:34:37-debug:   Number of other assets: 508
2025-7-24 11:34:37-debug:   Number of all scripts: 14
2025-7-24 11:34:37-debug: // ---- build task 查询 Asset Bundle ---- (8ms)
2025-7-24 11:34:37-log: run build task 查询 Asset Bundle success in 8 ms√, progress: 5%
2025-7-24 11:34:37-debug: [Build Memory track]: 查询 Asset Bundle start:208.49MB, end 208.19MB, increase: -309.64KB
2025-7-24 11:34:37-debug: 查询 Asset Bundle start, progress: 5%
2025-7-24 11:34:37-debug: // ---- build task 查询 Asset Bundle ----
2025-7-24 11:34:37-debug: Init bundle root assets success..., progress: 0%
2025-7-24 11:34:37-debug: // ---- build task 查询 Asset Bundle ---- (4ms)
2025-7-24 11:34:37-log: run build task 查询 Asset Bundle success in 4 ms√, progress: 10%
2025-7-24 11:34:37-debug: [Build Memory track]: 查询 Asset Bundle start:208.21MB, end 208.32MB, increase: 106.91KB
2025-7-24 11:34:37-debug: 整理部分构建选项内数据到 settings.json start, progress: 10%
2025-7-24 11:34:37-debug: // ---- build task 整理部分构建选项内数据到 settings.json ----
2025-7-24 11:34:37-debug: [Build Memory track]: 整理部分构建选项内数据到 settings.json start:208.34MB, end 208.35MB, increase: 12.96KB
2025-7-24 11:34:37-log: run build task 整理部分构建选项内数据到 settings.json success in √, progress: 12%
2025-7-24 11:34:37-debug: 填充脚本数据到 settings.json start, progress: 12%
2025-7-24 11:34:37-debug: // ---- build task 填充脚本数据到 settings.json ----
2025-7-24 11:34:37-log: run build task 填充脚本数据到 settings.json success in √, progress: 13%
2025-7-24 11:34:37-debug: [Build Memory track]: 填充脚本数据到 settings.json start:208.38MB, end 208.39MB, increase: 13.37KB
2025-7-24 11:34:37-debug: 整理部分构建选项内数据到 settings.json start, progress: 13%
2025-7-24 11:34:37-debug: // ---- build task 整理部分构建选项内数据到 settings.json ----
2025-7-24 11:34:37-debug: // ---- build task 整理部分构建选项内数据到 settings.json ---- (6ms)
2025-7-24 11:34:37-log: run build task 整理部分构建选项内数据到 settings.json success in 6 ms√, progress: 15%
2025-7-24 11:34:37-debug: [Build Memory track]: 整理部分构建选项内数据到 settings.json start:208.41MB, end 208.54MB, increase: 124.50KB
2025-7-24 11:34:37-debug: Query all assets info in project
2025-7-24 11:34:37-debug: init custom config: keepNodeUuid: false, useCache: true
2025-7-24 11:34:37-debug: Skip compress image, progress: 0%
2025-7-24 11:34:37-debug: Init all bundles start..., progress: 0%
2025-7-24 11:34:37-debug: 查询 Asset Bundle start, progress: 0%
2025-7-24 11:34:37-debug: Num of bundles: 2..., progress: 0%
2025-7-24 11:34:37-debug: // ---- build task 查询 Asset Bundle ----
2025-7-24 11:34:37-debug: Init bundle root assets start..., progress: 0%
2025-7-24 11:34:37-debug: Query preload assets/scripts from cc.config.json: 60f7195c-ec2a-45eb-ba94-8955f60e81d0,1c02ae6f-4492-4915-b8f8-7492a3b1e4cd,810e96e4-e456-4468-9b59-f4e8f39732c0,efe8e2a3-eace-427b-b4f1-cb8a937ec77d,e9aa9a3e-5b2b-4ac7-a2c7-073de2b2b24f,8bbdbcdd-5cd4-4100-b6d5-b7c9625b6107,50f4348b-c883-4e2f-8f11-ce233b859fa1,fda095cb-831d-4601-ad94-846013963de8,f92806d7-1768-443f-afe8-12bcde84d0f0,dd3a144d-ab7f-41f0-82b8-2e43a090d496,f0416e68-0200-4b77-a926-4f9d16e494da,970b0598-bcb0-4714-91fb-2e81440dccd8,bcd64cc6-2dd9-43f6-abbe-66318d332032,d930590d-bb92-4cc8-8bd1-23cd027f9edf,a3cd009f-0ab0-420d-9278-b9fdab939bbc,6a2d0734-bd9e-4ddf-946e-caa52498cb75,c27215d8-6835-4b68-bfbb-bdeac6100c04,b5d6115f-0370-4d7c-aad3-c194cc71cf98,871c3b6c-7379-419d-bda3-794b239ab90d,ff9b0199-ce04-4cfe-86cc-6c719f08d6e4,de1c2107-70c8-4021-8459-6399f24d01c6,cbf30902-517f-40dc-af90-a550bac27cf1
2025-7-24 11:34:37-debug:   Number of all scenes: 1
2025-7-24 11:34:37-debug:   Number of all scripts: 14
2025-7-24 11:34:37-debug: Init bundle root assets success..., progress: 0%
2025-7-24 11:34:37-debug:   Number of other assets: 508
2025-7-24 11:34:37-debug: // ---- build task 查询 Asset Bundle ---- (2ms)
2025-7-24 11:34:37-debug: // ---- build task 查询 Asset Bundle ----
2025-7-24 11:34:37-log: run build task 查询 Asset Bundle success in 2 ms√, progress: 5%
2025-7-24 11:34:37-debug: 查询 Asset Bundle start, progress: 5%
2025-7-24 11:34:37-debug: [Build Memory track]: 查询 Asset Bundle start:208.87MB, end 208.60MB, increase: -278.30KB
2025-7-24 11:34:37-log: run build task 查询 Asset Bundle success in 1 ms√, progress: 10%
2025-7-24 11:34:37-debug: [Build Memory track]: 查询 Asset Bundle start:208.62MB, end 208.72MB, increase: 104.28KB
2025-7-24 11:34:37-debug: // ---- build task 查询 Asset Bundle ---- (1ms)
2025-7-24 11:34:37-debug: 整理部分构建选项内数据到 settings.json start, progress: 10%
2025-7-24 11:34:37-debug: // ---- build task 整理部分构建选项内数据到 settings.json ----
2025-7-24 11:34:37-log: run build task 整理部分构建选项内数据到 settings.json success in √, progress: 12%
2025-7-24 11:34:37-debug: [Build Memory track]: 整理部分构建选项内数据到 settings.json start:208.75MB, end 208.76MB, increase: 13.34KB
2025-7-24 11:34:37-debug: 填充脚本数据到 settings.json start, progress: 12%
2025-7-24 11:34:37-debug: // ---- build task 填充脚本数据到 settings.json ----
2025-7-24 11:34:37-debug: // ---- build task 填充脚本数据到 settings.json ---- (1ms)
2025-7-24 11:34:37-log: run build task 填充脚本数据到 settings.json success in 1 ms√, progress: 13%
2025-7-24 11:34:37-debug: 整理部分构建选项内数据到 settings.json start, progress: 13%
2025-7-24 11:34:37-debug: // ---- build task 整理部分构建选项内数据到 settings.json ----
2025-7-24 11:34:37-debug: [Build Memory track]: 填充脚本数据到 settings.json start:208.78MB, end 208.81MB, increase: 23.66KB
2025-7-24 11:34:37-debug: // ---- build task 整理部分构建选项内数据到 settings.json ---- (2ms)
2025-7-24 11:34:37-log: run build task 整理部分构建选项内数据到 settings.json success in 2 ms√, progress: 15%
2025-7-24 11:34:37-debug: [Build Memory track]: 整理部分构建选项内数据到 settings.json start:208.83MB, end 208.95MB, increase: 121.15KB
2025-7-24 11:34:49-debug: refresh db internal success
2025-7-24 11:34:49-debug: refresh db assets success
2025-7-24 11:34:49-debug: Run asset db hook engine-extends:afterRefresh success!
2025-7-24 11:34:49-debug: Run asset db hook engine-extends:afterRefresh ...
2025-7-24 11:34:49-debug: asset-db:refresh-all-database (13ms)
2025-7-24 11:35:02-debug: refresh db internal success
2025-7-24 11:35:02-debug: refresh db assets success
2025-7-24 11:35:02-debug: Run asset db hook engine-extends:afterRefresh ...
2025-7-24 11:35:02-debug: Run asset db hook engine-extends:afterRefresh success!
2025-7-24 11:35:02-debug: asset-db:refresh-all-database (19ms)
2025-7-24 11:35:15-debug: %cImport%c: /Users/zhao/Desktop/test/cocos-creator/PlaneFight/assets/Prefabs/enemy2.prefabbackground: #aaff85; color: #000;color: #000;
2025-7-24 11:35:15-debug: asset-db:reimport-assetf23ab7a8-1e0f-468d-8276-d2272c442545 (5ms)
2025-7-24 11:35:49-debug: start refresh asset from /Users/zhao/Desktop/test/cocos-creator/PlaneFight/assets/Animations/Enemy2Down.anim...
2025-7-24 11:35:49-debug: %cImport%c: /Users/zhao/Desktop/test/cocos-creator/PlaneFight/assets/Animations/Enemy2Down.animbackground: #aaff85; color: #000;color: #000;
2025-7-24 11:35:49-debug: refresh asset /Users/zhao/Desktop/test/cocos-creator/PlaneFight/assets/Animations success
2025-7-24 11:35:49-debug: %cImport%c: /Users/zhao/Desktop/test/cocos-creator/PlaneFight/assets/Animationsbackground: #aaff85; color: #000;color: #000;
2025-7-24 11:35:49-debug: refresh db internal success
2025-7-24 11:35:49-debug: refresh db assets success
2025-7-24 11:35:49-debug: Run asset db hook engine-extends:afterRefresh ...
2025-7-24 11:35:49-debug: Run asset db hook engine-extends:afterRefresh success!
2025-7-24 11:35:49-debug: asset-db:refresh-all-database (13ms)
2025-7-24 11:35:49-debug: asset-db:worker-effect-data-processing (1ms)
2025-7-24 11:35:49-debug: asset-db-hook-engine-extends-afterRefresh (1ms)
2025-7-24 11:38:15-debug: %cImport%c: /Users/zhao/Desktop/test/cocos-creator/PlaneFight/assets/Animations/Enemy2Down.animbackground: #aaff85; color: #000;color: #000;
2025-7-24 11:38:15-debug: asset-db:reimport-asset980819e9-d0aa-43b9-82cb-9c410cd74d7a (5ms)
2025-7-24 11:38:16-debug: %cImport%c: /Users/zhao/Desktop/test/cocos-creator/PlaneFight/assets/Animations/Enemy2Down.animbackground: #aaff85; color: #000;color: #000;
2025-7-24 11:38:16-debug: asset-db:reimport-asset980819e9-d0aa-43b9-82cb-9c410cd74d7a (4ms)
2025-7-24 11:38:21-debug: %cImport%c: /Users/zhao/Desktop/test/cocos-creator/PlaneFight/assets/Animations/Enemy2Down.animbackground: #aaff85; color: #000;color: #000;
2025-7-24 11:38:21-debug: asset-db:reimport-asset980819e9-d0aa-43b9-82cb-9c410cd74d7a (4ms)
2025-7-24 11:38:23-debug: %cImport%c: /Users/zhao/Desktop/test/cocos-creator/PlaneFight/assets/Animations/Enemy2Down.animbackground: #aaff85; color: #000;color: #000;
2025-7-24 11:38:23-debug: asset-db:reimport-asset980819e9-d0aa-43b9-82cb-9c410cd74d7a (3ms)
2025-7-24 11:38:27-debug: %cImport%c: /Users/zhao/Desktop/test/cocos-creator/PlaneFight/assets/Prefabs/enemy2.prefabbackground: #aaff85; color: #000;color: #000;
2025-7-24 11:38:27-debug: asset-db:reimport-assetf23ab7a8-1e0f-468d-8276-d2272c442545 (5ms)
2025-7-24 11:38:37-debug: %cImport%c: /Users/zhao/Desktop/test/cocos-creator/PlaneFight/assets/Scenes/Start.scenebackground: #aaff85; color: #000;color: #000;
2025-7-24 11:38:37-debug: asset-db:reimport-asset2fda4d65-a1e9-4078-8250-de49b04cdc34 (8ms)
2025-7-24 11:38:38-debug: Query all assets info in project
2025-7-24 11:38:38-debug: init custom config: keepNodeUuid: false, useCache: true
2025-7-24 11:38:38-debug: Skip compress image, progress: 0%
2025-7-24 11:38:38-debug: Init all bundles start..., progress: 0%
2025-7-24 11:38:38-debug: Init bundle root assets start..., progress: 0%
2025-7-24 11:38:38-debug: Num of bundles: 2..., progress: 0%
2025-7-24 11:38:38-debug: 查询 Asset Bundle start, progress: 0%
2025-7-24 11:38:38-debug: // ---- build task 查询 Asset Bundle ----
2025-7-24 11:38:38-debug: Query preload assets/scripts from cc.config.json: 60f7195c-ec2a-45eb-ba94-8955f60e81d0,1c02ae6f-4492-4915-b8f8-7492a3b1e4cd,810e96e4-e456-4468-9b59-f4e8f39732c0,efe8e2a3-eace-427b-b4f1-cb8a937ec77d,e9aa9a3e-5b2b-4ac7-a2c7-073de2b2b24f,8bbdbcdd-5cd4-4100-b6d5-b7c9625b6107,50f4348b-c883-4e2f-8f11-ce233b859fa1,fda095cb-831d-4601-ad94-846013963de8,f92806d7-1768-443f-afe8-12bcde84d0f0,dd3a144d-ab7f-41f0-82b8-2e43a090d496,f0416e68-0200-4b77-a926-4f9d16e494da,970b0598-bcb0-4714-91fb-2e81440dccd8,bcd64cc6-2dd9-43f6-abbe-66318d332032,d930590d-bb92-4cc8-8bd1-23cd027f9edf,a3cd009f-0ab0-420d-9278-b9fdab939bbc,6a2d0734-bd9e-4ddf-946e-caa52498cb75,c27215d8-6835-4b68-bfbb-bdeac6100c04,b5d6115f-0370-4d7c-aad3-c194cc71cf98,871c3b6c-7379-419d-bda3-794b239ab90d,ff9b0199-ce04-4cfe-86cc-6c719f08d6e4,de1c2107-70c8-4021-8459-6399f24d01c6,cbf30902-517f-40dc-af90-a550bac27cf1
2025-7-24 11:38:38-debug: Init bundle root assets success..., progress: 0%
2025-7-24 11:38:38-debug:   Number of all scripts: 14
2025-7-24 11:38:38-debug:   Number of other assets: 509
2025-7-24 11:38:38-debug:   Number of all scenes: 1
2025-7-24 11:38:38-debug: // ---- build task 查询 Asset Bundle ---- (7ms)
2025-7-24 11:38:38-debug: 查询 Asset Bundle start, progress: 5%
2025-7-24 11:38:38-debug: // ---- build task 查询 Asset Bundle ----
2025-7-24 11:38:38-log: run build task 查询 Asset Bundle success in 7 ms√, progress: 5%
2025-7-24 11:38:38-debug: [Build Memory track]: 查询 Asset Bundle start:210.03MB, end 209.74MB, increase: -296.74KB
2025-7-24 11:38:38-log: run build task 查询 Asset Bundle success in 2 ms√, progress: 10%
2025-7-24 11:38:38-debug: [Build Memory track]: 查询 Asset Bundle start:209.76MB, end 209.87MB, increase: 104.88KB
2025-7-24 11:38:38-debug: 整理部分构建选项内数据到 settings.json start, progress: 10%
2025-7-24 11:38:38-debug: // ---- build task 查询 Asset Bundle ---- (2ms)
2025-7-24 11:38:38-debug: // ---- build task 整理部分构建选项内数据到 settings.json ----
2025-7-24 11:38:38-debug: // ---- build task 整理部分构建选项内数据到 settings.json ---- (1ms)
2025-7-24 11:38:38-debug: 填充脚本数据到 settings.json start, progress: 12%
2025-7-24 11:38:38-debug: [Build Memory track]: 整理部分构建选项内数据到 settings.json start:209.89MB, end 209.91MB, increase: 24.27KB
2025-7-24 11:38:38-debug: // ---- build task 填充脚本数据到 settings.json ----
2025-7-24 11:38:38-log: run build task 整理部分构建选项内数据到 settings.json success in 1 ms√, progress: 12%
2025-7-24 11:38:38-log: run build task 填充脚本数据到 settings.json success in √, progress: 13%
2025-7-24 11:38:38-debug: [Build Memory track]: 填充脚本数据到 settings.json start:209.94MB, end 209.95MB, increase: 13.23KB
2025-7-24 11:38:38-debug: 整理部分构建选项内数据到 settings.json start, progress: 13%
2025-7-24 11:38:38-debug: // ---- build task 整理部分构建选项内数据到 settings.json ----
2025-7-24 11:38:38-debug: // ---- build task 整理部分构建选项内数据到 settings.json ---- (2ms)
2025-7-24 11:38:38-log: run build task 整理部分构建选项内数据到 settings.json success in 2 ms√, progress: 15%
2025-7-24 11:38:38-debug: [Build Memory track]: 整理部分构建选项内数据到 settings.json start:209.97MB, end 210.09MB, increase: 121.85KB
2025-7-24 11:38:38-debug: Query all assets info in project
2025-7-24 11:38:38-debug: Skip compress image, progress: 0%
2025-7-24 11:38:38-debug: init custom config: keepNodeUuid: false, useCache: true
2025-7-24 11:38:38-debug: Init all bundles start..., progress: 0%
2025-7-24 11:38:38-debug: 查询 Asset Bundle start, progress: 0%
2025-7-24 11:38:38-debug: // ---- build task 查询 Asset Bundle ----
2025-7-24 11:38:38-debug: Init bundle root assets start..., progress: 0%
2025-7-24 11:38:38-debug: Num of bundles: 2..., progress: 0%
2025-7-24 11:38:38-debug: Query preload assets/scripts from cc.config.json: 60f7195c-ec2a-45eb-ba94-8955f60e81d0,1c02ae6f-4492-4915-b8f8-7492a3b1e4cd,810e96e4-e456-4468-9b59-f4e8f39732c0,efe8e2a3-eace-427b-b4f1-cb8a937ec77d,e9aa9a3e-5b2b-4ac7-a2c7-073de2b2b24f,8bbdbcdd-5cd4-4100-b6d5-b7c9625b6107,50f4348b-c883-4e2f-8f11-ce233b859fa1,fda095cb-831d-4601-ad94-846013963de8,f92806d7-1768-443f-afe8-12bcde84d0f0,dd3a144d-ab7f-41f0-82b8-2e43a090d496,f0416e68-0200-4b77-a926-4f9d16e494da,970b0598-bcb0-4714-91fb-2e81440dccd8,bcd64cc6-2dd9-43f6-abbe-66318d332032,d930590d-bb92-4cc8-8bd1-23cd027f9edf,a3cd009f-0ab0-420d-9278-b9fdab939bbc,6a2d0734-bd9e-4ddf-946e-caa52498cb75,c27215d8-6835-4b68-bfbb-bdeac6100c04,b5d6115f-0370-4d7c-aad3-c194cc71cf98,871c3b6c-7379-419d-bda3-794b239ab90d,ff9b0199-ce04-4cfe-86cc-6c719f08d6e4,de1c2107-70c8-4021-8459-6399f24d01c6,cbf30902-517f-40dc-af90-a550bac27cf1
2025-7-24 11:38:38-debug:   Number of all scripts: 14
2025-7-24 11:38:38-debug: Init bundle root assets success..., progress: 0%
2025-7-24 11:38:38-debug:   Number of other assets: 509
2025-7-24 11:38:38-debug:   Number of all scenes: 1
2025-7-24 11:38:38-debug: // ---- build task 查询 Asset Bundle ---- (3ms)
2025-7-24 11:38:38-log: run build task 查询 Asset Bundle success in 3 ms√, progress: 5%
2025-7-24 11:38:38-debug: [Build Memory track]: 查询 Asset Bundle start:210.42MB, end 210.28MB, increase: -137.89KB
2025-7-24 11:38:38-debug: 查询 Asset Bundle start, progress: 5%
2025-7-24 11:38:38-debug: // ---- build task 查询 Asset Bundle ----
2025-7-24 11:38:38-debug: // ---- build task 查询 Asset Bundle ---- (5ms)
2025-7-24 11:38:38-log: run build task 查询 Asset Bundle success in 5 ms√, progress: 10%
2025-7-24 11:38:38-debug: [Build Memory track]: 查询 Asset Bundle start:210.30MB, end 210.41MB, increase: 109.22KB
2025-7-24 11:38:38-debug: 整理部分构建选项内数据到 settings.json start, progress: 10%
2025-7-24 11:38:38-debug: // ---- build task 整理部分构建选项内数据到 settings.json ----
2025-7-24 11:38:38-debug: // ---- build task 整理部分构建选项内数据到 settings.json ---- (2ms)
2025-7-24 11:38:38-debug: [Build Memory track]: 整理部分构建选项内数据到 settings.json start:210.44MB, end 209.71MB, increase: -741.81KB
2025-7-24 11:38:38-log: run build task 整理部分构建选项内数据到 settings.json success in 2 ms√, progress: 12%
2025-7-24 11:38:38-debug: 填充脚本数据到 settings.json start, progress: 12%
2025-7-24 11:38:38-debug: 整理部分构建选项内数据到 settings.json start, progress: 13%
2025-7-24 11:38:38-log: run build task 填充脚本数据到 settings.json success in √, progress: 13%
2025-7-24 11:38:38-debug: [Build Memory track]: 填充脚本数据到 settings.json start:209.73MB, end 209.75MB, increase: 12.34KB
2025-7-24 11:38:38-debug: // ---- build task 填充脚本数据到 settings.json ----
2025-7-24 11:38:38-debug: // ---- build task 整理部分构建选项内数据到 settings.json ----
2025-7-24 11:38:38-debug: // ---- build task 整理部分构建选项内数据到 settings.json ---- (2ms)
2025-7-24 11:38:38-log: run build task 整理部分构建选项内数据到 settings.json success in 2 ms√, progress: 15%
2025-7-24 11:38:38-debug: [Build Memory track]: 整理部分构建选项内数据到 settings.json start:209.77MB, end 209.89MB, increase: 122.54KB
2025-7-24 11:38:38-debug: %cImport%c: /Users/zhao/Desktop/test/cocos-creator/PlaneFight/assets/Scenes/Start.scenebackground: #aaff85; color: #000;color: #000;
2025-7-24 11:38:38-debug: asset-db:reimport-asset2fda4d65-a1e9-4078-8250-de49b04cdc34 (6ms)
2025-7-24 11:38:39-debug: Query all assets info in project
2025-7-24 11:38:39-debug: init custom config: keepNodeUuid: false, useCache: true
2025-7-24 11:38:39-debug: Skip compress image, progress: 0%
2025-7-24 11:38:39-debug: Init all bundles start..., progress: 0%
2025-7-24 11:38:39-debug: Num of bundles: 2..., progress: 0%
2025-7-24 11:38:39-debug: 查询 Asset Bundle start, progress: 0%
2025-7-24 11:38:39-debug: // ---- build task 查询 Asset Bundle ----
2025-7-24 11:38:39-debug: Init bundle root assets start..., progress: 0%
2025-7-24 11:38:39-debug: Query preload assets/scripts from cc.config.json: 60f7195c-ec2a-45eb-ba94-8955f60e81d0,1c02ae6f-4492-4915-b8f8-7492a3b1e4cd,810e96e4-e456-4468-9b59-f4e8f39732c0,efe8e2a3-eace-427b-b4f1-cb8a937ec77d,e9aa9a3e-5b2b-4ac7-a2c7-073de2b2b24f,8bbdbcdd-5cd4-4100-b6d5-b7c9625b6107,50f4348b-c883-4e2f-8f11-ce233b859fa1,fda095cb-831d-4601-ad94-846013963de8,f92806d7-1768-443f-afe8-12bcde84d0f0,dd3a144d-ab7f-41f0-82b8-2e43a090d496,f0416e68-0200-4b77-a926-4f9d16e494da,970b0598-bcb0-4714-91fb-2e81440dccd8,bcd64cc6-2dd9-43f6-abbe-66318d332032,d930590d-bb92-4cc8-8bd1-23cd027f9edf,a3cd009f-0ab0-420d-9278-b9fdab939bbc,6a2d0734-bd9e-4ddf-946e-caa52498cb75,c27215d8-6835-4b68-bfbb-bdeac6100c04,b5d6115f-0370-4d7c-aad3-c194cc71cf98,871c3b6c-7379-419d-bda3-794b239ab90d,ff9b0199-ce04-4cfe-86cc-6c719f08d6e4,de1c2107-70c8-4021-8459-6399f24d01c6,cbf30902-517f-40dc-af90-a550bac27cf1
2025-7-24 11:38:39-debug:   Number of all scripts: 14
2025-7-24 11:38:39-debug:   Number of all scenes: 1
2025-7-24 11:38:39-debug:   Number of other assets: 509
2025-7-24 11:38:39-debug: Init bundle root assets success..., progress: 0%
2025-7-24 11:38:39-debug: // ---- build task 查询 Asset Bundle ---- (3ms)
2025-7-24 11:38:39-log: run build task 查询 Asset Bundle success in 3 ms√, progress: 5%
2025-7-24 11:38:39-debug: [Build Memory track]: 查询 Asset Bundle start:210.10MB, end 209.82MB, increase: -280.70KB
2025-7-24 11:38:39-debug: // ---- build task 查询 Asset Bundle ----
2025-7-24 11:38:39-debug: 查询 Asset Bundle start, progress: 5%
2025-7-24 11:38:39-debug: // ---- build task 查询 Asset Bundle ---- (2ms)
2025-7-24 11:38:39-log: run build task 查询 Asset Bundle success in 2 ms√, progress: 10%
2025-7-24 11:38:39-debug: [Build Memory track]: 查询 Asset Bundle start:209.85MB, end 209.95MB, increase: 105.92KB
2025-7-24 11:38:39-debug: 整理部分构建选项内数据到 settings.json start, progress: 10%
2025-7-24 11:38:39-debug: // ---- build task 整理部分构建选项内数据到 settings.json ----
2025-7-24 11:38:39-debug: [Build Memory track]: 整理部分构建选项内数据到 settings.json start:209.97MB, end 209.99MB, increase: 20.45KB
2025-7-24 11:38:39-debug: 填充脚本数据到 settings.json start, progress: 12%
2025-7-24 11:38:39-debug: // ---- build task 整理部分构建选项内数据到 settings.json ---- (1ms)
2025-7-24 11:38:39-debug: // ---- build task 填充脚本数据到 settings.json ----
2025-7-24 11:38:39-log: run build task 整理部分构建选项内数据到 settings.json success in 1 ms√, progress: 12%
2025-7-24 11:38:39-debug: // ---- build task 填充脚本数据到 settings.json ---- (1ms)
2025-7-24 11:38:39-log: run build task 填充脚本数据到 settings.json success in 1 ms√, progress: 13%
2025-7-24 11:38:39-debug: [Build Memory track]: 填充脚本数据到 settings.json start:210.02MB, end 210.04MB, increase: 24.63KB
2025-7-24 11:38:39-debug: 整理部分构建选项内数据到 settings.json start, progress: 13%
2025-7-24 11:38:39-debug: // ---- build task 整理部分构建选项内数据到 settings.json ----
2025-7-24 11:38:39-debug: // ---- build task 整理部分构建选项内数据到 settings.json ---- (2ms)
2025-7-24 11:38:39-debug: [Build Memory track]: 整理部分构建选项内数据到 settings.json start:210.06MB, end 210.18MB, increase: 120.74KB
2025-7-24 11:38:39-log: run build task 整理部分构建选项内数据到 settings.json success in 2 ms√, progress: 15%
2025-7-24 11:38:39-debug: Query all assets info in project
2025-7-24 11:38:39-debug: init custom config: keepNodeUuid: false, useCache: true
2025-7-24 11:38:39-debug: Skip compress image, progress: 0%
2025-7-24 11:38:39-debug: Init all bundles start..., progress: 0%
2025-7-24 11:38:39-debug: Num of bundles: 2..., progress: 0%
2025-7-24 11:38:39-debug: 查询 Asset Bundle start, progress: 0%
2025-7-24 11:38:39-debug: Init bundle root assets start..., progress: 0%
2025-7-24 11:38:39-debug: // ---- build task 查询 Asset Bundle ----
2025-7-24 11:38:39-debug: Query preload assets/scripts from cc.config.json: 60f7195c-ec2a-45eb-ba94-8955f60e81d0,1c02ae6f-4492-4915-b8f8-7492a3b1e4cd,810e96e4-e456-4468-9b59-f4e8f39732c0,efe8e2a3-eace-427b-b4f1-cb8a937ec77d,e9aa9a3e-5b2b-4ac7-a2c7-073de2b2b24f,8bbdbcdd-5cd4-4100-b6d5-b7c9625b6107,50f4348b-c883-4e2f-8f11-ce233b859fa1,fda095cb-831d-4601-ad94-846013963de8,f92806d7-1768-443f-afe8-12bcde84d0f0,dd3a144d-ab7f-41f0-82b8-2e43a090d496,f0416e68-0200-4b77-a926-4f9d16e494da,970b0598-bcb0-4714-91fb-2e81440dccd8,bcd64cc6-2dd9-43f6-abbe-66318d332032,d930590d-bb92-4cc8-8bd1-23cd027f9edf,a3cd009f-0ab0-420d-9278-b9fdab939bbc,6a2d0734-bd9e-4ddf-946e-caa52498cb75,c27215d8-6835-4b68-bfbb-bdeac6100c04,b5d6115f-0370-4d7c-aad3-c194cc71cf98,871c3b6c-7379-419d-bda3-794b239ab90d,ff9b0199-ce04-4cfe-86cc-6c719f08d6e4,de1c2107-70c8-4021-8459-6399f24d01c6,cbf30902-517f-40dc-af90-a550bac27cf1
2025-7-24 11:38:39-debug:   Number of all scripts: 14
2025-7-24 11:38:39-debug:   Number of other assets: 509
2025-7-24 11:38:39-debug: Init bundle root assets success..., progress: 0%
2025-7-24 11:38:39-debug:   Number of all scenes: 1
2025-7-24 11:38:39-debug: // ---- build task 查询 Asset Bundle ---- (3ms)
2025-7-24 11:38:39-debug: [Build Memory track]: 查询 Asset Bundle start:210.50MB, end 210.23MB, increase: -277.83KB
2025-7-24 11:38:39-log: run build task 查询 Asset Bundle success in 3 ms√, progress: 5%
2025-7-24 11:38:39-debug: // ---- build task 查询 Asset Bundle ----
2025-7-24 11:38:39-debug: 查询 Asset Bundle start, progress: 5%
2025-7-24 11:38:39-debug: // ---- build task 查询 Asset Bundle ---- (1ms)
2025-7-24 11:38:39-log: run build task 查询 Asset Bundle success in 1 ms√, progress: 10%
2025-7-24 11:38:39-debug: [Build Memory track]: 查询 Asset Bundle start:210.26MB, end 210.36MB, increase: 105.71KB
2025-7-24 11:38:39-debug: // ---- build task 整理部分构建选项内数据到 settings.json ----
2025-7-24 11:38:39-debug: 整理部分构建选项内数据到 settings.json start, progress: 10%
2025-7-24 11:38:39-log: run build task 整理部分构建选项内数据到 settings.json success in 1 ms√, progress: 12%
2025-7-24 11:38:39-debug: [Build Memory track]: 整理部分构建选项内数据到 settings.json start:210.38MB, end 210.41MB, increase: 22.72KB
2025-7-24 11:38:39-debug: // ---- build task 填充脚本数据到 settings.json ----
2025-7-24 11:38:39-debug: // ---- build task 整理部分构建选项内数据到 settings.json ---- (1ms)
2025-7-24 11:38:39-debug: 填充脚本数据到 settings.json start, progress: 12%
2025-7-24 11:38:39-debug: // ---- build task 填充脚本数据到 settings.json ---- (1ms)
2025-7-24 11:38:39-debug: [Build Memory track]: 填充脚本数据到 settings.json start:210.43MB, end 210.45MB, increase: 22.36KB
2025-7-24 11:38:39-log: run build task 填充脚本数据到 settings.json success in 1 ms√, progress: 13%
2025-7-24 11:38:39-debug: 整理部分构建选项内数据到 settings.json start, progress: 13%
2025-7-24 11:38:39-debug: // ---- build task 整理部分构建选项内数据到 settings.json ----
2025-7-24 11:38:39-debug: // ---- build task 整理部分构建选项内数据到 settings.json ---- (1ms)
2025-7-24 11:38:39-log: run build task 整理部分构建选项内数据到 settings.json success in 1 ms√, progress: 15%
2025-7-24 11:38:39-debug: [Build Memory track]: 整理部分构建选项内数据到 settings.json start:210.47MB, end 209.88MB, increase: -613.52KB
2025-7-24 11:38:39-debug: Query all assets info in project
2025-7-24 11:38:39-debug: init custom config: keepNodeUuid: false, useCache: true
2025-7-24 11:38:39-debug: Skip compress image, progress: 0%
2025-7-24 11:38:39-debug: Init all bundles start..., progress: 0%
2025-7-24 11:38:39-debug: Num of bundles: 2..., progress: 0%
2025-7-24 11:38:39-debug: 查询 Asset Bundle start, progress: 0%
2025-7-24 11:38:39-debug: // ---- build task 查询 Asset Bundle ----
2025-7-24 11:38:39-debug: Init bundle root assets start..., progress: 0%
2025-7-24 11:38:39-debug: Query preload assets/scripts from cc.config.json: 60f7195c-ec2a-45eb-ba94-8955f60e81d0,1c02ae6f-4492-4915-b8f8-7492a3b1e4cd,810e96e4-e456-4468-9b59-f4e8f39732c0,efe8e2a3-eace-427b-b4f1-cb8a937ec77d,e9aa9a3e-5b2b-4ac7-a2c7-073de2b2b24f,8bbdbcdd-5cd4-4100-b6d5-b7c9625b6107,50f4348b-c883-4e2f-8f11-ce233b859fa1,fda095cb-831d-4601-ad94-846013963de8,f92806d7-1768-443f-afe8-12bcde84d0f0,dd3a144d-ab7f-41f0-82b8-2e43a090d496,f0416e68-0200-4b77-a926-4f9d16e494da,970b0598-bcb0-4714-91fb-2e81440dccd8,bcd64cc6-2dd9-43f6-abbe-66318d332032,d930590d-bb92-4cc8-8bd1-23cd027f9edf,a3cd009f-0ab0-420d-9278-b9fdab939bbc,6a2d0734-bd9e-4ddf-946e-caa52498cb75,c27215d8-6835-4b68-bfbb-bdeac6100c04,b5d6115f-0370-4d7c-aad3-c194cc71cf98,871c3b6c-7379-419d-bda3-794b239ab90d,ff9b0199-ce04-4cfe-86cc-6c719f08d6e4,de1c2107-70c8-4021-8459-6399f24d01c6,cbf30902-517f-40dc-af90-a550bac27cf1
2025-7-24 11:38:39-debug:   Number of all scenes: 1
2025-7-24 11:38:39-debug:   Number of all scripts: 14
2025-7-24 11:38:39-debug: Init bundle root assets success..., progress: 0%
2025-7-24 11:38:39-debug:   Number of other assets: 509
2025-7-24 11:38:39-debug: // ---- build task 查询 Asset Bundle ---- (2ms)
2025-7-24 11:38:39-debug: 查询 Asset Bundle start, progress: 5%
2025-7-24 11:38:39-debug: [Build Memory track]: 查询 Asset Bundle start:210.28MB, end 210.04MB, increase: -247.87KB
2025-7-24 11:38:39-log: run build task 查询 Asset Bundle success in 2 ms√, progress: 5%
2025-7-24 11:38:39-debug: // ---- build task 查询 Asset Bundle ----
2025-7-24 11:38:39-log: run build task 查询 Asset Bundle success in √, progress: 10%
2025-7-24 11:38:39-debug: [Build Memory track]: 查询 Asset Bundle start:210.06MB, end 210.15MB, increase: 98.26KB
2025-7-24 11:38:39-debug: 整理部分构建选项内数据到 settings.json start, progress: 10%
2025-7-24 11:38:39-debug: // ---- build task 整理部分构建选项内数据到 settings.json ----
2025-7-24 11:38:39-debug: // ---- build task 整理部分构建选项内数据到 settings.json ---- (1ms)
2025-7-24 11:38:39-debug: [Build Memory track]: 整理部分构建选项内数据到 settings.json start:210.18MB, end 210.20MB, increase: 22.30KB
2025-7-24 11:38:39-log: run build task 整理部分构建选项内数据到 settings.json success in 1 ms√, progress: 12%
2025-7-24 11:38:39-debug: 填充脚本数据到 settings.json start, progress: 12%
2025-7-24 11:38:39-debug: // ---- build task 填充脚本数据到 settings.json ----
2025-7-24 11:38:39-debug: [Build Memory track]: 填充脚本数据到 settings.json start:210.22MB, end 210.24MB, increase: 13.97KB
2025-7-24 11:38:39-debug: 整理部分构建选项内数据到 settings.json start, progress: 13%
2025-7-24 11:38:39-debug: // ---- build task 整理部分构建选项内数据到 settings.json ----
2025-7-24 11:38:39-log: run build task 填充脚本数据到 settings.json success in √, progress: 13%
2025-7-24 11:38:39-debug: // ---- build task 整理部分构建选项内数据到 settings.json ---- (3ms)
2025-7-24 11:38:39-debug: [Build Memory track]: 整理部分构建选项内数据到 settings.json start:210.26MB, end 210.38MB, increase: 120.96KB
2025-7-24 11:38:39-log: run build task 整理部分构建选项内数据到 settings.json success in 3 ms√, progress: 15%
2025-7-24 11:39:01-debug: %cImport%c: /Users/zhao/Desktop/test/cocos-creator/PlaneFight/assets/Scenes/Start.scenebackground: #aaff85; color: #000;color: #000;
2025-7-24 11:39:01-debug: asset-db:reimport-asset2fda4d65-a1e9-4078-8250-de49b04cdc34 (5ms)
2025-7-24 11:39:02-debug: Query all assets info in project
2025-7-24 11:39:02-debug: Skip compress image, progress: 0%
2025-7-24 11:39:02-debug: init custom config: keepNodeUuid: false, useCache: true
2025-7-24 11:39:02-debug: Init all bundles start..., progress: 0%
2025-7-24 11:39:02-debug: Num of bundles: 2..., progress: 0%
2025-7-24 11:39:02-debug: // ---- build task 查询 Asset Bundle ----
2025-7-24 11:39:02-debug: Init bundle root assets start..., progress: 0%
2025-7-24 11:39:02-debug: 查询 Asset Bundle start, progress: 0%
2025-7-24 11:39:02-debug:   Number of all scripts: 14
2025-7-24 11:39:02-debug:   Number of other assets: 509
2025-7-24 11:39:02-debug: Init bundle root assets success..., progress: 0%
2025-7-24 11:39:02-debug:   Number of all scenes: 1
2025-7-24 11:39:02-debug: // ---- build task 查询 Asset Bundle ---- (5ms)
2025-7-24 11:39:02-log: run build task 查询 Asset Bundle success in 5 ms√, progress: 5%
2025-7-24 11:39:02-debug: [Build Memory track]: 查询 Asset Bundle start:210.77MB, end 210.59MB, increase: -182.96KB
2025-7-24 11:39:02-debug: 查询 Asset Bundle start, progress: 5%
2025-7-24 11:39:02-debug: // ---- build task 查询 Asset Bundle ----
2025-7-24 11:39:02-debug: Query preload assets/scripts from cc.config.json: 60f7195c-ec2a-45eb-ba94-8955f60e81d0,1c02ae6f-4492-4915-b8f8-7492a3b1e4cd,810e96e4-e456-4468-9b59-f4e8f39732c0,efe8e2a3-eace-427b-b4f1-cb8a937ec77d,e9aa9a3e-5b2b-4ac7-a2c7-073de2b2b24f,8bbdbcdd-5cd4-4100-b6d5-b7c9625b6107,50f4348b-c883-4e2f-8f11-ce233b859fa1,fda095cb-831d-4601-ad94-846013963de8,f92806d7-1768-443f-afe8-12bcde84d0f0,dd3a144d-ab7f-41f0-82b8-2e43a090d496,f0416e68-0200-4b77-a926-4f9d16e494da,970b0598-bcb0-4714-91fb-2e81440dccd8,bcd64cc6-2dd9-43f6-abbe-66318d332032,d930590d-bb92-4cc8-8bd1-23cd027f9edf,a3cd009f-0ab0-420d-9278-b9fdab939bbc,6a2d0734-bd9e-4ddf-946e-caa52498cb75,c27215d8-6835-4b68-bfbb-bdeac6100c04,b5d6115f-0370-4d7c-aad3-c194cc71cf98,871c3b6c-7379-419d-bda3-794b239ab90d,ff9b0199-ce04-4cfe-86cc-6c719f08d6e4,de1c2107-70c8-4021-8459-6399f24d01c6,cbf30902-517f-40dc-af90-a550bac27cf1
2025-7-24 11:39:02-debug: // ---- build task 查询 Asset Bundle ---- (2ms)
2025-7-24 11:39:02-log: run build task 查询 Asset Bundle success in 2 ms√, progress: 10%
2025-7-24 11:39:02-debug: [Build Memory track]: 查询 Asset Bundle start:210.62MB, end 210.72MB, increase: 106.68KB
2025-7-24 11:39:02-debug: 整理部分构建选项内数据到 settings.json start, progress: 10%
2025-7-24 11:39:02-debug: // ---- build task 整理部分构建选项内数据到 settings.json ----
2025-7-24 11:39:02-debug: // ---- build task 整理部分构建选项内数据到 settings.json ---- (1ms)
2025-7-24 11:39:02-log: run build task 整理部分构建选项内数据到 settings.json success in 1 ms√, progress: 12%
2025-7-24 11:39:02-debug: [Build Memory track]: 整理部分构建选项内数据到 settings.json start:210.74MB, end 210.76MB, increase: 20.18KB
2025-7-24 11:39:02-debug: 填充脚本数据到 settings.json start, progress: 12%
2025-7-24 11:39:02-debug: // ---- build task 填充脚本数据到 settings.json ----
2025-7-24 11:39:02-debug: // ---- build task 填充脚本数据到 settings.json ---- (1ms)
2025-7-24 11:39:02-log: run build task 填充脚本数据到 settings.json success in 1 ms√, progress: 13%
2025-7-24 11:39:02-debug: // ---- build task 整理部分构建选项内数据到 settings.json ----
2025-7-24 11:39:02-debug: [Build Memory track]: 填充脚本数据到 settings.json start:210.79MB, end 210.08MB, increase: -724.12KB
2025-7-24 11:39:02-debug: 整理部分构建选项内数据到 settings.json start, progress: 13%
2025-7-24 11:39:02-debug: // ---- build task 整理部分构建选项内数据到 settings.json ---- (8ms)
2025-7-24 11:39:02-log: run build task 整理部分构建选项内数据到 settings.json success in 8 ms√, progress: 15%
2025-7-24 11:39:02-debug: [Build Memory track]: 整理部分构建选项内数据到 settings.json start:210.10MB, end 210.22MB, increase: 121.98KB
2025-7-24 11:39:02-debug: Query all assets info in project
2025-7-24 11:39:02-debug: init custom config: keepNodeUuid: false, useCache: true
2025-7-24 11:39:02-debug: Skip compress image, progress: 0%
2025-7-24 11:39:02-debug: Init all bundles start..., progress: 0%
2025-7-24 11:39:02-debug: Num of bundles: 2..., progress: 0%
2025-7-24 11:39:02-debug: 查询 Asset Bundle start, progress: 0%
2025-7-24 11:39:02-debug: // ---- build task 查询 Asset Bundle ----
2025-7-24 11:39:02-debug: Init bundle root assets start..., progress: 0%
2025-7-24 11:39:02-debug: Query preload assets/scripts from cc.config.json: 60f7195c-ec2a-45eb-ba94-8955f60e81d0,1c02ae6f-4492-4915-b8f8-7492a3b1e4cd,810e96e4-e456-4468-9b59-f4e8f39732c0,efe8e2a3-eace-427b-b4f1-cb8a937ec77d,e9aa9a3e-5b2b-4ac7-a2c7-073de2b2b24f,8bbdbcdd-5cd4-4100-b6d5-b7c9625b6107,50f4348b-c883-4e2f-8f11-ce233b859fa1,fda095cb-831d-4601-ad94-846013963de8,f92806d7-1768-443f-afe8-12bcde84d0f0,dd3a144d-ab7f-41f0-82b8-2e43a090d496,f0416e68-0200-4b77-a926-4f9d16e494da,970b0598-bcb0-4714-91fb-2e81440dccd8,bcd64cc6-2dd9-43f6-abbe-66318d332032,d930590d-bb92-4cc8-8bd1-23cd027f9edf,a3cd009f-0ab0-420d-9278-b9fdab939bbc,6a2d0734-bd9e-4ddf-946e-caa52498cb75,c27215d8-6835-4b68-bfbb-bdeac6100c04,b5d6115f-0370-4d7c-aad3-c194cc71cf98,871c3b6c-7379-419d-bda3-794b239ab90d,ff9b0199-ce04-4cfe-86cc-6c719f08d6e4,de1c2107-70c8-4021-8459-6399f24d01c6,cbf30902-517f-40dc-af90-a550bac27cf1
2025-7-24 11:39:02-debug: Init bundle root assets success..., progress: 0%
2025-7-24 11:39:02-debug:   Number of all scenes: 1
2025-7-24 11:39:02-debug:   Number of other assets: 509
2025-7-24 11:39:02-debug:   Number of all scripts: 14
2025-7-24 11:39:02-debug: // ---- build task 查询 Asset Bundle ---- (3ms)
2025-7-24 11:39:02-debug: [Build Memory track]: 查询 Asset Bundle start:210.56MB, end 210.32MB, increase: -243.37KB
2025-7-24 11:39:02-debug: 查询 Asset Bundle start, progress: 5%
2025-7-24 11:39:02-log: run build task 查询 Asset Bundle success in 3 ms√, progress: 5%
2025-7-24 11:39:02-debug: // ---- build task 查询 Asset Bundle ----
2025-7-24 11:39:02-log: run build task 查询 Asset Bundle success in √, progress: 10%
2025-7-24 11:39:02-debug: [Build Memory track]: 查询 Asset Bundle start:210.34MB, end 210.44MB, increase: 97.87KB
2025-7-24 11:39:02-debug: 整理部分构建选项内数据到 settings.json start, progress: 10%
2025-7-24 11:39:02-debug: // ---- build task 整理部分构建选项内数据到 settings.json ----
2025-7-24 11:39:02-log: run build task 整理部分构建选项内数据到 settings.json success in 1 ms√, progress: 12%
2025-7-24 11:39:02-debug: [Build Memory track]: 整理部分构建选项内数据到 settings.json start:210.46MB, end 210.48MB, increase: 21.03KB
2025-7-24 11:39:02-debug: 填充脚本数据到 settings.json start, progress: 12%
2025-7-24 11:39:02-debug: // ---- build task 填充脚本数据到 settings.json ----
2025-7-24 11:39:02-debug: // ---- build task 填充脚本数据到 settings.json ---- (1ms)
2025-7-24 11:39:02-log: run build task 填充脚本数据到 settings.json success in 1 ms√, progress: 13%
2025-7-24 11:39:02-debug: [Build Memory track]: 填充脚本数据到 settings.json start:210.50MB, end 210.52MB, increase: 19.69KB
2025-7-24 11:39:02-debug: 整理部分构建选项内数据到 settings.json start, progress: 13%
2025-7-24 11:39:02-debug: // ---- build task 整理部分构建选项内数据到 settings.json ----
2025-7-24 11:39:02-debug: // ---- build task 整理部分构建选项内数据到 settings.json ---- (1ms)
2025-7-24 11:39:02-log: run build task 整理部分构建选项内数据到 settings.json success in 6 ms√, progress: 15%
2025-7-24 11:39:02-debug: // ---- build task 整理部分构建选项内数据到 settings.json ---- (6ms)
2025-7-24 11:39:02-debug: [Build Memory track]: 整理部分构建选项内数据到 settings.json start:210.55MB, end 210.67MB, increase: 124.16KB
2025-7-24 11:39:13-debug: refresh db internal success
2025-7-24 11:39:13-debug: refresh db assets success
2025-7-24 11:39:13-debug: Run asset db hook engine-extends:afterRefresh ...
2025-7-24 11:39:13-debug: Run asset db hook engine-extends:afterRefresh success!
2025-7-24 11:39:13-debug: asset-db:refresh-all-database (35ms)
2025-7-24 11:39:13-debug: asset-db:worker-effect-data-processing (1ms)
2025-7-24 11:39:13-debug: asset-db-hook-engine-extends-afterRefresh (1ms)
2025-7-24 11:39:25-debug: refresh db internal success
2025-7-24 11:39:25-debug: refresh db assets success
2025-7-24 11:39:25-debug: Run asset db hook engine-extends:afterRefresh ...
2025-7-24 11:39:25-debug: Run asset db hook engine-extends:afterRefresh success!
2025-7-24 11:39:25-debug: asset-db:refresh-all-database (17ms)
2025-7-24 11:39:34-debug: %cImport%c: /Users/zhao/Desktop/test/cocos-creator/PlaneFight/assets/Prefabs/bullet2.prefabbackground: #aaff85; color: #000;color: #000;
2025-7-24 11:39:34-debug: asset-db:reimport-assetf67b8838-cf35-4691-9e93-25392f85bd05 (6ms)
2025-7-24 11:39:48-debug: %cImport%c: /Users/zhao/Desktop/test/cocos-creator/PlaneFight/assets/Scenes/Start.scenebackground: #aaff85; color: #000;color: #000;
2025-7-24 11:39:48-debug: asset-db:reimport-asset2fda4d65-a1e9-4078-8250-de49b04cdc34 (3ms)
2025-7-24 11:39:49-debug: Query all assets info in project
2025-7-24 11:39:49-debug: init custom config: keepNodeUuid: false, useCache: true
2025-7-24 11:39:49-debug: Skip compress image, progress: 0%
2025-7-24 11:39:49-debug: Init all bundles start..., progress: 0%
2025-7-24 11:39:49-debug: 查询 Asset Bundle start, progress: 0%
2025-7-24 11:39:49-debug: // ---- build task 查询 Asset Bundle ----
2025-7-24 11:39:49-debug: Init bundle root assets start..., progress: 0%
2025-7-24 11:39:49-debug: Num of bundles: 2..., progress: 0%
2025-7-24 11:39:49-debug: Query preload assets/scripts from cc.config.json: 60f7195c-ec2a-45eb-ba94-8955f60e81d0,1c02ae6f-4492-4915-b8f8-7492a3b1e4cd,810e96e4-e456-4468-9b59-f4e8f39732c0,efe8e2a3-eace-427b-b4f1-cb8a937ec77d,e9aa9a3e-5b2b-4ac7-a2c7-073de2b2b24f,8bbdbcdd-5cd4-4100-b6d5-b7c9625b6107,50f4348b-c883-4e2f-8f11-ce233b859fa1,fda095cb-831d-4601-ad94-846013963de8,f92806d7-1768-443f-afe8-12bcde84d0f0,dd3a144d-ab7f-41f0-82b8-2e43a090d496,f0416e68-0200-4b77-a926-4f9d16e494da,970b0598-bcb0-4714-91fb-2e81440dccd8,bcd64cc6-2dd9-43f6-abbe-66318d332032,d930590d-bb92-4cc8-8bd1-23cd027f9edf,a3cd009f-0ab0-420d-9278-b9fdab939bbc,6a2d0734-bd9e-4ddf-946e-caa52498cb75,c27215d8-6835-4b68-bfbb-bdeac6100c04,b5d6115f-0370-4d7c-aad3-c194cc71cf98,871c3b6c-7379-419d-bda3-794b239ab90d,ff9b0199-ce04-4cfe-86cc-6c719f08d6e4,de1c2107-70c8-4021-8459-6399f24d01c6,cbf30902-517f-40dc-af90-a550bac27cf1
2025-7-24 11:39:49-debug:   Number of other assets: 509
2025-7-24 11:39:49-debug: Init bundle root assets success..., progress: 0%
2025-7-24 11:39:49-debug:   Number of all scripts: 14
2025-7-24 11:39:49-debug:   Number of all scenes: 1
2025-7-24 11:39:49-debug: // ---- build task 查询 Asset Bundle ---- (8ms)
2025-7-24 11:39:49-debug: 查询 Asset Bundle start, progress: 5%
2025-7-24 11:39:49-debug: [Build Memory track]: 查询 Asset Bundle start:210.91MB, end 211.52MB, increase: 630.39KB
2025-7-24 11:39:49-debug: // ---- build task 查询 Asset Bundle ----
2025-7-24 11:39:49-log: run build task 查询 Asset Bundle success in 8 ms√, progress: 5%
2025-7-24 11:39:49-debug: // ---- build task 查询 Asset Bundle ---- (1ms)
2025-7-24 11:39:49-debug: [Build Memory track]: 查询 Asset Bundle start:211.54MB, end 210.84MB, increase: -719.01KB
2025-7-24 11:39:49-log: run build task 查询 Asset Bundle success in 1 ms√, progress: 10%
2025-7-24 11:39:49-debug: 整理部分构建选项内数据到 settings.json start, progress: 10%
2025-7-24 11:39:49-debug: // ---- build task 整理部分构建选项内数据到 settings.json ----
2025-7-24 11:39:49-log: run build task 整理部分构建选项内数据到 settings.json success in 1 ms√, progress: 12%
2025-7-24 11:39:49-debug: // ---- build task 整理部分构建选项内数据到 settings.json ---- (1ms)
2025-7-24 11:39:49-debug: // ---- build task 填充脚本数据到 settings.json ----
2025-7-24 11:39:49-debug: [Build Memory track]: 整理部分构建选项内数据到 settings.json start:210.87MB, end 210.89MB, increase: 20.18KB
2025-7-24 11:39:49-debug: 填充脚本数据到 settings.json start, progress: 12%
2025-7-24 11:39:49-log: run build task 填充脚本数据到 settings.json success in √, progress: 13%
2025-7-24 11:39:49-debug: // ---- build task 整理部分构建选项内数据到 settings.json ----
2025-7-24 11:39:49-debug: 整理部分构建选项内数据到 settings.json start, progress: 13%
2025-7-24 11:39:49-debug: [Build Memory track]: 填充脚本数据到 settings.json start:210.91MB, end 210.93MB, increase: 17.32KB
2025-7-24 11:39:49-debug: [Build Memory track]: 整理部分构建选项内数据到 settings.json start:210.95MB, end 211.07MB, increase: 126.58KB
2025-7-24 11:39:49-debug: // ---- build task 整理部分构建选项内数据到 settings.json ---- (2ms)
2025-7-24 11:39:49-log: run build task 整理部分构建选项内数据到 settings.json success in 2 ms√, progress: 15%
2025-7-24 11:39:49-debug: Query all assets info in project
2025-7-24 11:39:49-debug: init custom config: keepNodeUuid: false, useCache: true
2025-7-24 11:39:49-debug: Skip compress image, progress: 0%
2025-7-24 11:39:49-debug: Init all bundles start..., progress: 0%
2025-7-24 11:39:49-debug: // ---- build task 查询 Asset Bundle ----
2025-7-24 11:39:49-debug: 查询 Asset Bundle start, progress: 0%
2025-7-24 11:39:49-debug: Init bundle root assets start..., progress: 0%
2025-7-24 11:39:49-debug: Num of bundles: 2..., progress: 0%
2025-7-24 11:39:49-debug: Query preload assets/scripts from cc.config.json: 60f7195c-ec2a-45eb-ba94-8955f60e81d0,1c02ae6f-4492-4915-b8f8-7492a3b1e4cd,810e96e4-e456-4468-9b59-f4e8f39732c0,efe8e2a3-eace-427b-b4f1-cb8a937ec77d,e9aa9a3e-5b2b-4ac7-a2c7-073de2b2b24f,8bbdbcdd-5cd4-4100-b6d5-b7c9625b6107,50f4348b-c883-4e2f-8f11-ce233b859fa1,fda095cb-831d-4601-ad94-846013963de8,f92806d7-1768-443f-afe8-12bcde84d0f0,dd3a144d-ab7f-41f0-82b8-2e43a090d496,f0416e68-0200-4b77-a926-4f9d16e494da,970b0598-bcb0-4714-91fb-2e81440dccd8,bcd64cc6-2dd9-43f6-abbe-66318d332032,d930590d-bb92-4cc8-8bd1-23cd027f9edf,a3cd009f-0ab0-420d-9278-b9fdab939bbc,6a2d0734-bd9e-4ddf-946e-caa52498cb75,c27215d8-6835-4b68-bfbb-bdeac6100c04,b5d6115f-0370-4d7c-aad3-c194cc71cf98,871c3b6c-7379-419d-bda3-794b239ab90d,ff9b0199-ce04-4cfe-86cc-6c719f08d6e4,de1c2107-70c8-4021-8459-6399f24d01c6,cbf30902-517f-40dc-af90-a550bac27cf1
2025-7-24 11:39:49-debug:   Number of all scripts: 14
2025-7-24 11:39:49-debug:   Number of other assets: 509
2025-7-24 11:39:49-debug: Init bundle root assets success..., progress: 0%
2025-7-24 11:39:49-debug:   Number of all scenes: 1
2025-7-24 11:39:49-debug: // ---- build task 查询 Asset Bundle ---- (2ms)
2025-7-24 11:39:49-debug: [Build Memory track]: 查询 Asset Bundle start:211.40MB, end 211.14MB, increase: -261.27KB
2025-7-24 11:39:49-debug: 查询 Asset Bundle start, progress: 5%
2025-7-24 11:39:49-log: run build task 查询 Asset Bundle success in 2 ms√, progress: 5%
2025-7-24 11:39:49-debug: // ---- build task 查询 Asset Bundle ----
2025-7-24 11:39:49-debug: // ---- build task 查询 Asset Bundle ---- (1ms)
2025-7-24 11:39:49-debug: [Build Memory track]: 查询 Asset Bundle start:211.17MB, end 211.27MB, increase: 104.04KB
2025-7-24 11:39:49-log: run build task 查询 Asset Bundle success in 1 ms√, progress: 10%
2025-7-24 11:39:49-debug: 整理部分构建选项内数据到 settings.json start, progress: 10%
2025-7-24 11:39:49-debug: // ---- build task 整理部分构建选项内数据到 settings.json ----
2025-7-24 11:39:49-log: run build task 整理部分构建选项内数据到 settings.json success in √, progress: 12%
2025-7-24 11:39:49-debug: 填充脚本数据到 settings.json start, progress: 12%
2025-7-24 11:39:49-debug: [Build Memory track]: 整理部分构建选项内数据到 settings.json start:211.29MB, end 211.30MB, increase: 13.27KB
2025-7-24 11:39:49-debug: // ---- build task 填充脚本数据到 settings.json ----
2025-7-24 11:39:49-log: run build task 填充脚本数据到 settings.json success in √, progress: 13%
2025-7-24 11:39:49-debug: [Build Memory track]: 填充脚本数据到 settings.json start:211.33MB, end 211.34MB, increase: 16.01KB
2025-7-24 11:39:49-debug: 整理部分构建选项内数据到 settings.json start, progress: 13%
2025-7-24 11:39:49-debug: // ---- build task 整理部分构建选项内数据到 settings.json ----
2025-7-24 11:39:49-log: run build task 整理部分构建选项内数据到 settings.json success in √, progress: 15%
2025-7-24 11:39:49-debug: [Build Memory track]: 整理部分构建选项内数据到 settings.json start:211.37MB, end 211.48MB, increase: 112.69KB
2025-7-24 11:39:50-debug: Query all assets info in project
2025-7-24 11:39:50-debug: init custom config: keepNodeUuid: false, useCache: true
2025-7-24 11:39:50-debug: Skip compress image, progress: 0%
2025-7-24 11:39:50-debug: Init all bundles start..., progress: 0%
2025-7-24 11:39:50-debug: Init bundle root assets start..., progress: 0%
2025-7-24 11:39:50-debug: 查询 Asset Bundle start, progress: 0%
2025-7-24 11:39:50-debug: // ---- build task 查询 Asset Bundle ----
2025-7-24 11:39:50-debug: Num of bundles: 2..., progress: 0%
2025-7-24 11:39:50-debug: Query preload assets/scripts from cc.config.json: 60f7195c-ec2a-45eb-ba94-8955f60e81d0,1c02ae6f-4492-4915-b8f8-7492a3b1e4cd,810e96e4-e456-4468-9b59-f4e8f39732c0,efe8e2a3-eace-427b-b4f1-cb8a937ec77d,e9aa9a3e-5b2b-4ac7-a2c7-073de2b2b24f,8bbdbcdd-5cd4-4100-b6d5-b7c9625b6107,50f4348b-c883-4e2f-8f11-ce233b859fa1,fda095cb-831d-4601-ad94-846013963de8,f92806d7-1768-443f-afe8-12bcde84d0f0,dd3a144d-ab7f-41f0-82b8-2e43a090d496,f0416e68-0200-4b77-a926-4f9d16e494da,970b0598-bcb0-4714-91fb-2e81440dccd8,bcd64cc6-2dd9-43f6-abbe-66318d332032,d930590d-bb92-4cc8-8bd1-23cd027f9edf,a3cd009f-0ab0-420d-9278-b9fdab939bbc,6a2d0734-bd9e-4ddf-946e-caa52498cb75,c27215d8-6835-4b68-bfbb-bdeac6100c04,b5d6115f-0370-4d7c-aad3-c194cc71cf98,871c3b6c-7379-419d-bda3-794b239ab90d,ff9b0199-ce04-4cfe-86cc-6c719f08d6e4,de1c2107-70c8-4021-8459-6399f24d01c6,cbf30902-517f-40dc-af90-a550bac27cf1
2025-7-24 11:39:50-debug:   Number of all scripts: 14
2025-7-24 11:39:50-debug:   Number of all scenes: 1
2025-7-24 11:39:50-debug: Init bundle root assets success..., progress: 0%
2025-7-24 11:39:50-debug:   Number of other assets: 509
2025-7-24 11:39:50-log: run build task 查询 Asset Bundle success in 2 ms√, progress: 5%
2025-7-24 11:39:50-debug: [Build Memory track]: 查询 Asset Bundle start:211.04MB, end 211.66MB, increase: 630.56KB
2025-7-24 11:39:50-debug: 查询 Asset Bundle start, progress: 5%
2025-7-24 11:39:50-debug: // ---- build task 查询 Asset Bundle ----
2025-7-24 11:39:50-debug: // ---- build task 查询 Asset Bundle ---- (2ms)
2025-7-24 11:39:50-log: run build task 查询 Asset Bundle success in 1 ms√, progress: 10%
2025-7-24 11:39:50-debug: [Build Memory track]: 查询 Asset Bundle start:211.68MB, end 210.98MB, increase: -713.38KB
2025-7-24 11:39:50-debug: // ---- build task 查询 Asset Bundle ---- (1ms)
2025-7-24 11:39:50-debug: 整理部分构建选项内数据到 settings.json start, progress: 10%
2025-7-24 11:39:50-debug: // ---- build task 整理部分构建选项内数据到 settings.json ----
2025-7-24 11:39:50-debug: // ---- build task 整理部分构建选项内数据到 settings.json ---- (1ms)
2025-7-24 11:39:50-debug: [Build Memory track]: 整理部分构建选项内数据到 settings.json start:211.01MB, end 211.03MB, increase: 22.25KB
2025-7-24 11:39:50-debug: 填充脚本数据到 settings.json start, progress: 12%
2025-7-24 11:39:50-log: run build task 整理部分构建选项内数据到 settings.json success in 1 ms√, progress: 12%
2025-7-24 11:39:50-debug: // ---- build task 填充脚本数据到 settings.json ----
2025-7-24 11:39:50-log: run build task 填充脚本数据到 settings.json success in √, progress: 13%
2025-7-24 11:39:50-debug: [Build Memory track]: 填充脚本数据到 settings.json start:211.05MB, end 211.07MB, increase: 15.21KB
2025-7-24 11:39:50-debug: // ---- build task 整理部分构建选项内数据到 settings.json ----
2025-7-24 11:39:50-debug: 整理部分构建选项内数据到 settings.json start, progress: 13%
2025-7-24 11:39:50-log: run build task 整理部分构建选项内数据到 settings.json success in √, progress: 15%
2025-7-24 11:39:50-debug: [Build Memory track]: 整理部分构建选项内数据到 settings.json start:211.09MB, end 211.21MB, increase: 119.06KB
2025-7-24 11:40:12-debug: %cImport%c: /Users/zhao/Desktop/test/cocos-creator/PlaneFight/assets/Scenes/Start.scenebackground: #aaff85; color: #000;color: #000;
2025-7-24 11:40:12-debug: asset-db:reimport-asset2fda4d65-a1e9-4078-8250-de49b04cdc34 (3ms)
2025-7-24 11:40:13-debug: Query all assets info in project
2025-7-24 11:40:13-debug: init custom config: keepNodeUuid: false, useCache: true
2025-7-24 11:40:13-debug: Skip compress image, progress: 0%
2025-7-24 11:40:13-debug: Num of bundles: 2..., progress: 0%
2025-7-24 11:40:13-debug: 查询 Asset Bundle start, progress: 0%
2025-7-24 11:40:13-debug: Init bundle root assets start..., progress: 0%
2025-7-24 11:40:13-debug: Init all bundles start..., progress: 0%
2025-7-24 11:40:13-debug: // ---- build task 查询 Asset Bundle ----
2025-7-24 11:40:13-debug: Query preload assets/scripts from cc.config.json: 60f7195c-ec2a-45eb-ba94-8955f60e81d0,1c02ae6f-4492-4915-b8f8-7492a3b1e4cd,810e96e4-e456-4468-9b59-f4e8f39732c0,efe8e2a3-eace-427b-b4f1-cb8a937ec77d,e9aa9a3e-5b2b-4ac7-a2c7-073de2b2b24f,8bbdbcdd-5cd4-4100-b6d5-b7c9625b6107,50f4348b-c883-4e2f-8f11-ce233b859fa1,fda095cb-831d-4601-ad94-846013963de8,f92806d7-1768-443f-afe8-12bcde84d0f0,dd3a144d-ab7f-41f0-82b8-2e43a090d496,f0416e68-0200-4b77-a926-4f9d16e494da,970b0598-bcb0-4714-91fb-2e81440dccd8,bcd64cc6-2dd9-43f6-abbe-66318d332032,d930590d-bb92-4cc8-8bd1-23cd027f9edf,a3cd009f-0ab0-420d-9278-b9fdab939bbc,6a2d0734-bd9e-4ddf-946e-caa52498cb75,c27215d8-6835-4b68-bfbb-bdeac6100c04,b5d6115f-0370-4d7c-aad3-c194cc71cf98,871c3b6c-7379-419d-bda3-794b239ab90d,ff9b0199-ce04-4cfe-86cc-6c719f08d6e4,de1c2107-70c8-4021-8459-6399f24d01c6,cbf30902-517f-40dc-af90-a550bac27cf1
2025-7-24 11:40:13-debug:   Number of other assets: 509
2025-7-24 11:40:13-debug: // ---- build task 查询 Asset Bundle ---- (6ms)
2025-7-24 11:40:13-debug:   Number of all scenes: 1
2025-7-24 11:40:13-log: run build task 查询 Asset Bundle success in 6 ms√, progress: 5%
2025-7-24 11:40:13-debug: // ---- build task 查询 Asset Bundle ----
2025-7-24 11:40:13-debug: [Build Memory track]: 查询 Asset Bundle start:211.47MB, end 211.17MB, increase: -300.79KB
2025-7-24 11:40:13-debug: 查询 Asset Bundle start, progress: 5%
2025-7-24 11:40:13-debug:   Number of all scripts: 14
2025-7-24 11:40:13-debug: Init bundle root assets success..., progress: 0%
2025-7-24 11:40:13-debug: // ---- build task 查询 Asset Bundle ---- (3ms)
2025-7-24 11:40:13-log: run build task 查询 Asset Bundle success in 3 ms√, progress: 10%
2025-7-24 11:40:13-debug: [Build Memory track]: 查询 Asset Bundle start:211.19MB, end 211.30MB, increase: 106.70KB
2025-7-24 11:40:13-debug: // ---- build task 整理部分构建选项内数据到 settings.json ----
2025-7-24 11:40:13-debug: 整理部分构建选项内数据到 settings.json start, progress: 10%
2025-7-24 11:40:13-debug: [Build Memory track]: 整理部分构建选项内数据到 settings.json start:211.32MB, end 211.34MB, increase: 12.68KB
2025-7-24 11:40:13-debug: 填充脚本数据到 settings.json start, progress: 12%
2025-7-24 11:40:13-debug: // ---- build task 填充脚本数据到 settings.json ----
2025-7-24 11:40:13-log: run build task 整理部分构建选项内数据到 settings.json success in √, progress: 12%
2025-7-24 11:40:13-debug: // ---- build task 填充脚本数据到 settings.json ---- (1ms)
2025-7-24 11:40:13-log: run build task 填充脚本数据到 settings.json success in 1 ms√, progress: 13%
2025-7-24 11:40:13-debug: [Build Memory track]: 填充脚本数据到 settings.json start:211.36MB, end 211.38MB, increase: 21.80KB
2025-7-24 11:40:13-debug: 整理部分构建选项内数据到 settings.json start, progress: 13%
2025-7-24 11:40:13-debug: // ---- build task 整理部分构建选项内数据到 settings.json ----
2025-7-24 11:40:13-debug: // ---- build task 整理部分构建选项内数据到 settings.json ---- (5ms)
2025-7-24 11:40:13-log: run build task 整理部分构建选项内数据到 settings.json success in 5 ms√, progress: 15%
2025-7-24 11:40:13-debug: [Build Memory track]: 整理部分构建选项内数据到 settings.json start:211.40MB, end 211.52MB, increase: 123.10KB
2025-7-24 11:40:13-debug: Query all assets info in project
2025-7-24 11:40:13-debug: init custom config: keepNodeUuid: false, useCache: true
2025-7-24 11:40:13-debug: Skip compress image, progress: 0%
2025-7-24 11:40:13-debug: Init all bundles start..., progress: 0%
2025-7-24 11:40:13-debug: 查询 Asset Bundle start, progress: 0%
2025-7-24 11:40:13-debug: Init bundle root assets start..., progress: 0%
2025-7-24 11:40:13-debug: // ---- build task 查询 Asset Bundle ----
2025-7-24 11:40:13-debug: Num of bundles: 2..., progress: 0%
2025-7-24 11:40:13-debug: Query preload assets/scripts from cc.config.json: 60f7195c-ec2a-45eb-ba94-8955f60e81d0,1c02ae6f-4492-4915-b8f8-7492a3b1e4cd,810e96e4-e456-4468-9b59-f4e8f39732c0,efe8e2a3-eace-427b-b4f1-cb8a937ec77d,e9aa9a3e-5b2b-4ac7-a2c7-073de2b2b24f,8bbdbcdd-5cd4-4100-b6d5-b7c9625b6107,50f4348b-c883-4e2f-8f11-ce233b859fa1,fda095cb-831d-4601-ad94-846013963de8,f92806d7-1768-443f-afe8-12bcde84d0f0,dd3a144d-ab7f-41f0-82b8-2e43a090d496,f0416e68-0200-4b77-a926-4f9d16e494da,970b0598-bcb0-4714-91fb-2e81440dccd8,bcd64cc6-2dd9-43f6-abbe-66318d332032,d930590d-bb92-4cc8-8bd1-23cd027f9edf,a3cd009f-0ab0-420d-9278-b9fdab939bbc,6a2d0734-bd9e-4ddf-946e-caa52498cb75,c27215d8-6835-4b68-bfbb-bdeac6100c04,b5d6115f-0370-4d7c-aad3-c194cc71cf98,871c3b6c-7379-419d-bda3-794b239ab90d,ff9b0199-ce04-4cfe-86cc-6c719f08d6e4,de1c2107-70c8-4021-8459-6399f24d01c6,cbf30902-517f-40dc-af90-a550bac27cf1
2025-7-24 11:40:13-debug: Init bundle root assets success..., progress: 0%
2025-7-24 11:40:13-debug:   Number of other assets: 509
2025-7-24 11:40:13-debug:   Number of all scripts: 14
2025-7-24 11:40:13-debug:   Number of all scenes: 1
2025-7-24 11:40:13-debug: // ---- build task 查询 Asset Bundle ---- (2ms)
2025-7-24 11:40:13-debug: 查询 Asset Bundle start, progress: 5%
2025-7-24 11:40:13-debug: [Build Memory track]: 查询 Asset Bundle start:211.85MB, end 211.71MB, increase: -136.20KB
2025-7-24 11:40:13-log: run build task 查询 Asset Bundle success in 2 ms√, progress: 5%
2025-7-24 11:40:13-debug: // ---- build task 查询 Asset Bundle ----
2025-7-24 11:40:13-log: run build task 查询 Asset Bundle success in 1 ms√, progress: 10%
2025-7-24 11:40:13-debug: // ---- build task 查询 Asset Bundle ---- (1ms)
2025-7-24 11:40:13-debug: [Build Memory track]: 查询 Asset Bundle start:211.74MB, end 211.84MB, increase: 105.89KB
2025-7-24 11:40:13-debug: 整理部分构建选项内数据到 settings.json start, progress: 10%
2025-7-24 11:40:13-debug: // ---- build task 整理部分构建选项内数据到 settings.json ----
2025-7-24 11:40:13-debug: // ---- build task 整理部分构建选项内数据到 settings.json ---- (1ms)
2025-7-24 11:40:13-debug: // ---- build task 填充脚本数据到 settings.json ----
2025-7-24 11:40:13-log: run build task 整理部分构建选项内数据到 settings.json success in 1 ms√, progress: 12%
2025-7-24 11:40:13-log: run build task 填充脚本数据到 settings.json success in 1 ms√, progress: 13%
2025-7-24 11:40:13-debug: 填充脚本数据到 settings.json start, progress: 12%
2025-7-24 11:40:13-debug: [Build Memory track]: 填充脚本数据到 settings.json start:211.19MB, end 211.21MB, increase: 21.41KB
2025-7-24 11:40:13-debug: 整理部分构建选项内数据到 settings.json start, progress: 13%
2025-7-24 11:40:13-debug: // ---- build task 整理部分构建选项内数据到 settings.json ----
2025-7-24 11:40:13-debug: // ---- build task 填充脚本数据到 settings.json ---- (1ms)
2025-7-24 11:40:13-debug: [Build Memory track]: 整理部分构建选项内数据到 settings.json start:211.86MB, end 211.17MB, increase: -715.38KB
2025-7-24 11:40:13-log: run build task 整理部分构建选项内数据到 settings.json success in 2 ms√, progress: 15%
2025-7-24 11:40:13-debug: [Build Memory track]: 整理部分构建选项内数据到 settings.json start:211.23MB, end 211.35MB, increase: 122.63KB
2025-7-24 11:40:13-debug: // ---- build task 整理部分构建选项内数据到 settings.json ---- (2ms)
2025-7-24 11:40:14-debug: %cImport%c: /Users/zhao/Desktop/test/cocos-creator/PlaneFight/assets/Scenes/Start.scenebackground: #aaff85; color: #000;color: #000;
2025-7-24 11:40:14-debug: asset-db:reimport-asset2fda4d65-a1e9-4078-8250-de49b04cdc34 (3ms)
2025-7-24 11:40:14-debug: %cImport%c: /Users/zhao/Desktop/test/cocos-creator/PlaneFight/assets/Scenes/Start.scenebackground: #aaff85; color: #000;color: #000;
2025-7-24 11:40:14-debug: asset-db:reimport-asset2fda4d65-a1e9-4078-8250-de49b04cdc34 (3ms)
2025-7-24 11:40:15-debug: Query all assets info in project
2025-7-24 11:40:15-debug: init custom config: keepNodeUuid: false, useCache: true
2025-7-24 11:40:15-debug: Skip compress image, progress: 0%
2025-7-24 11:40:15-debug: Init all bundles start..., progress: 0%
2025-7-24 11:40:15-debug: Init bundle root assets start..., progress: 0%
2025-7-24 11:40:15-debug: 查询 Asset Bundle start, progress: 0%
2025-7-24 11:40:15-debug: // ---- build task 查询 Asset Bundle ----
2025-7-24 11:40:15-debug: Num of bundles: 2..., progress: 0%
2025-7-24 11:40:15-debug: Query preload assets/scripts from cc.config.json: 60f7195c-ec2a-45eb-ba94-8955f60e81d0,1c02ae6f-4492-4915-b8f8-7492a3b1e4cd,810e96e4-e456-4468-9b59-f4e8f39732c0,efe8e2a3-eace-427b-b4f1-cb8a937ec77d,e9aa9a3e-5b2b-4ac7-a2c7-073de2b2b24f,8bbdbcdd-5cd4-4100-b6d5-b7c9625b6107,50f4348b-c883-4e2f-8f11-ce233b859fa1,fda095cb-831d-4601-ad94-846013963de8,f92806d7-1768-443f-afe8-12bcde84d0f0,dd3a144d-ab7f-41f0-82b8-2e43a090d496,f0416e68-0200-4b77-a926-4f9d16e494da,970b0598-bcb0-4714-91fb-2e81440dccd8,bcd64cc6-2dd9-43f6-abbe-66318d332032,d930590d-bb92-4cc8-8bd1-23cd027f9edf,a3cd009f-0ab0-420d-9278-b9fdab939bbc,6a2d0734-bd9e-4ddf-946e-caa52498cb75,c27215d8-6835-4b68-bfbb-bdeac6100c04,b5d6115f-0370-4d7c-aad3-c194cc71cf98,871c3b6c-7379-419d-bda3-794b239ab90d,ff9b0199-ce04-4cfe-86cc-6c719f08d6e4,de1c2107-70c8-4021-8459-6399f24d01c6,cbf30902-517f-40dc-af90-a550bac27cf1
2025-7-24 11:40:15-debug: Init bundle root assets success..., progress: 0%
2025-7-24 11:40:15-debug:   Number of all scripts: 14
2025-7-24 11:40:15-debug:   Number of other assets: 509
2025-7-24 11:40:15-debug:   Number of all scenes: 1
2025-7-24 11:40:15-log: run build task 查询 Asset Bundle success in 5 ms√, progress: 5%
2025-7-24 11:40:15-debug: 查询 Asset Bundle start, progress: 5%
2025-7-24 11:40:15-debug: // ---- build task 查询 Asset Bundle ---- (5ms)
2025-7-24 11:40:15-debug: // ---- build task 查询 Asset Bundle ----
2025-7-24 11:40:15-debug: [Build Memory track]: 查询 Asset Bundle start:211.60MB, end 211.32MB, increase: -280.23KB
2025-7-24 11:40:15-debug: // ---- build task 查询 Asset Bundle ---- (1ms)
2025-7-24 11:40:15-log: run build task 查询 Asset Bundle success in 1 ms√, progress: 10%
2025-7-24 11:40:15-debug: 整理部分构建选项内数据到 settings.json start, progress: 10%
2025-7-24 11:40:15-debug: // ---- build task 整理部分构建选项内数据到 settings.json ----
2025-7-24 11:40:15-debug: [Build Memory track]: 查询 Asset Bundle start:211.35MB, end 211.45MB, increase: 104.33KB
2025-7-24 11:40:15-log: run build task 整理部分构建选项内数据到 settings.json success in √, progress: 12%
2025-7-24 11:40:15-debug: 填充脚本数据到 settings.json start, progress: 12%
2025-7-24 11:40:15-debug: [Build Memory track]: 整理部分构建选项内数据到 settings.json start:211.47MB, end 211.49MB, increase: 14.08KB
2025-7-24 11:40:15-debug: // ---- build task 填充脚本数据到 settings.json ----
2025-7-24 11:40:15-debug: // ---- build task 填充脚本数据到 settings.json ---- (1ms)
2025-7-24 11:40:15-debug: // ---- build task 整理部分构建选项内数据到 settings.json ----
2025-7-24 11:40:15-debug: [Build Memory track]: 填充脚本数据到 settings.json start:211.51MB, end 211.53MB, increase: 22.86KB
2025-7-24 11:40:15-debug: 整理部分构建选项内数据到 settings.json start, progress: 13%
2025-7-24 11:40:15-log: run build task 填充脚本数据到 settings.json success in 1 ms√, progress: 13%
2025-7-24 11:40:15-debug: // ---- build task 整理部分构建选项内数据到 settings.json ---- (2ms)
2025-7-24 11:40:15-log: run build task 整理部分构建选项内数据到 settings.json success in 2 ms√, progress: 15%
2025-7-24 11:40:15-debug: [Build Memory track]: 整理部分构建选项内数据到 settings.json start:211.55MB, end 211.67MB, increase: 122.07KB
2025-7-24 11:40:15-debug: Query all assets info in project
2025-7-24 11:40:15-debug: init custom config: keepNodeUuid: false, useCache: true
2025-7-24 11:40:15-debug: Skip compress image, progress: 0%
2025-7-24 11:40:15-debug: 查询 Asset Bundle start, progress: 0%
2025-7-24 11:40:15-debug: Init all bundles start..., progress: 0%
2025-7-24 11:40:15-debug: Num of bundles: 2..., progress: 0%
2025-7-24 11:40:15-debug: // ---- build task 查询 Asset Bundle ----
2025-7-24 11:40:15-debug: Init bundle root assets start..., progress: 0%
2025-7-24 11:40:15-debug: Query preload assets/scripts from cc.config.json: 60f7195c-ec2a-45eb-ba94-8955f60e81d0,1c02ae6f-4492-4915-b8f8-7492a3b1e4cd,810e96e4-e456-4468-9b59-f4e8f39732c0,efe8e2a3-eace-427b-b4f1-cb8a937ec77d,e9aa9a3e-5b2b-4ac7-a2c7-073de2b2b24f,8bbdbcdd-5cd4-4100-b6d5-b7c9625b6107,50f4348b-c883-4e2f-8f11-ce233b859fa1,fda095cb-831d-4601-ad94-846013963de8,f92806d7-1768-443f-afe8-12bcde84d0f0,dd3a144d-ab7f-41f0-82b8-2e43a090d496,f0416e68-0200-4b77-a926-4f9d16e494da,970b0598-bcb0-4714-91fb-2e81440dccd8,bcd64cc6-2dd9-43f6-abbe-66318d332032,d930590d-bb92-4cc8-8bd1-23cd027f9edf,a3cd009f-0ab0-420d-9278-b9fdab939bbc,6a2d0734-bd9e-4ddf-946e-caa52498cb75,c27215d8-6835-4b68-bfbb-bdeac6100c04,b5d6115f-0370-4d7c-aad3-c194cc71cf98,871c3b6c-7379-419d-bda3-794b239ab90d,ff9b0199-ce04-4cfe-86cc-6c719f08d6e4,de1c2107-70c8-4021-8459-6399f24d01c6,cbf30902-517f-40dc-af90-a550bac27cf1
2025-7-24 11:40:15-debug:   Number of all scripts: 14
2025-7-24 11:40:15-debug:   Number of all scenes: 1
2025-7-24 11:40:15-debug: Init bundle root assets success..., progress: 0%
2025-7-24 11:40:15-debug:   Number of other assets: 509
2025-7-24 11:40:15-debug: // ---- build task 查询 Asset Bundle ---- (1ms)
2025-7-24 11:40:15-debug: [Build Memory track]: 查询 Asset Bundle start:212.00MB, end 211.87MB, increase: -132.95KB
2025-7-24 11:40:15-log: run build task 查询 Asset Bundle success in 1 ms√, progress: 5%
2025-7-24 11:40:15-debug: 查询 Asset Bundle start, progress: 5%
2025-7-24 11:40:15-debug: // ---- build task 查询 Asset Bundle ----
2025-7-24 11:40:15-debug: // ---- build task 查询 Asset Bundle ---- (2ms)
2025-7-24 11:40:15-debug: // ---- build task 整理部分构建选项内数据到 settings.json ----
2025-7-24 11:40:15-log: run build task 查询 Asset Bundle success in 2 ms√, progress: 10%
2025-7-24 11:40:15-debug: 整理部分构建选项内数据到 settings.json start, progress: 10%
2025-7-24 11:40:15-debug: [Build Memory track]: 查询 Asset Bundle start:211.89MB, end 211.99MB, increase: 105.33KB
2025-7-24 11:40:15-debug: [Build Memory track]: 整理部分构建选项内数据到 settings.json start:212.02MB, end 211.31MB, increase: -720.44KB
2025-7-24 11:40:15-debug: 填充脚本数据到 settings.json start, progress: 12%
2025-7-24 11:40:15-debug: // ---- build task 填充脚本数据到 settings.json ----
2025-7-24 11:40:15-log: run build task 整理部分构建选项内数据到 settings.json success in √, progress: 12%
2025-7-24 11:40:15-debug: // ---- build task 填充脚本数据到 settings.json ---- (1ms)
2025-7-24 11:40:15-log: run build task 填充脚本数据到 settings.json success in 1 ms√, progress: 13%
2025-7-24 11:40:15-debug: 整理部分构建选项内数据到 settings.json start, progress: 13%
2025-7-24 11:40:15-debug: // ---- build task 整理部分构建选项内数据到 settings.json ----
2025-7-24 11:40:15-debug: [Build Memory track]: 填充脚本数据到 settings.json start:211.34MB, end 211.36MB, increase: 23.69KB
2025-7-24 11:40:15-debug: // ---- build task 整理部分构建选项内数据到 settings.json ---- (1ms)
2025-7-24 11:40:15-log: run build task 整理部分构建选项内数据到 settings.json success in 1 ms√, progress: 15%
2025-7-24 11:40:15-debug: [Build Memory track]: 整理部分构建选项内数据到 settings.json start:211.38MB, end 211.50MB, increase: 121.00KB
2025-7-24 11:40:17-debug: %cImport%c: /Users/zhao/Desktop/test/cocos-creator/PlaneFight/assets/Scenes/Start.scenebackground: #aaff85; color: #000;color: #000;
2025-7-24 11:40:17-debug: asset-db:reimport-asset2fda4d65-a1e9-4078-8250-de49b04cdc34 (5ms)
2025-7-24 11:40:17-debug: Query all assets info in project
2025-7-24 11:40:17-debug: init custom config: keepNodeUuid: false, useCache: true
2025-7-24 11:40:17-debug: Skip compress image, progress: 0%
2025-7-24 11:40:17-debug: Init all bundles start..., progress: 0%
2025-7-24 11:40:17-debug: Num of bundles: 2..., progress: 0%
2025-7-24 11:40:17-debug: 查询 Asset Bundle start, progress: 0%
2025-7-24 11:40:17-debug: // ---- build task 查询 Asset Bundle ----
2025-7-24 11:40:17-debug: Init bundle root assets start..., progress: 0%
2025-7-24 11:40:17-debug: Query preload assets/scripts from cc.config.json: 60f7195c-ec2a-45eb-ba94-8955f60e81d0,1c02ae6f-4492-4915-b8f8-7492a3b1e4cd,810e96e4-e456-4468-9b59-f4e8f39732c0,efe8e2a3-eace-427b-b4f1-cb8a937ec77d,e9aa9a3e-5b2b-4ac7-a2c7-073de2b2b24f,8bbdbcdd-5cd4-4100-b6d5-b7c9625b6107,50f4348b-c883-4e2f-8f11-ce233b859fa1,fda095cb-831d-4601-ad94-846013963de8,f92806d7-1768-443f-afe8-12bcde84d0f0,dd3a144d-ab7f-41f0-82b8-2e43a090d496,f0416e68-0200-4b77-a926-4f9d16e494da,970b0598-bcb0-4714-91fb-2e81440dccd8,bcd64cc6-2dd9-43f6-abbe-66318d332032,d930590d-bb92-4cc8-8bd1-23cd027f9edf,a3cd009f-0ab0-420d-9278-b9fdab939bbc,6a2d0734-bd9e-4ddf-946e-caa52498cb75,c27215d8-6835-4b68-bfbb-bdeac6100c04,b5d6115f-0370-4d7c-aad3-c194cc71cf98,871c3b6c-7379-419d-bda3-794b239ab90d,ff9b0199-ce04-4cfe-86cc-6c719f08d6e4,de1c2107-70c8-4021-8459-6399f24d01c6,cbf30902-517f-40dc-af90-a550bac27cf1
2025-7-24 11:40:17-debug:   Number of all scenes: 1
2025-7-24 11:40:17-debug:   Number of other assets: 509
2025-7-24 11:40:17-debug: Init bundle root assets success..., progress: 0%
2025-7-24 11:40:17-debug: // ---- build task 查询 Asset Bundle ---- (5ms)
2025-7-24 11:40:17-log: run build task 查询 Asset Bundle success in 5 ms√, progress: 5%
2025-7-24 11:40:17-debug: [Build Memory track]: 查询 Asset Bundle start:211.63MB, end 211.40MB, increase: -239.48KB
2025-7-24 11:40:17-debug: 查询 Asset Bundle start, progress: 5%
2025-7-24 11:40:17-debug:   Number of all scripts: 14
2025-7-24 11:40:17-debug: // ---- build task 查询 Asset Bundle ----
2025-7-24 11:40:17-debug: // ---- build task 查询 Asset Bundle ---- (2ms)
2025-7-24 11:40:17-debug: // ---- build task 整理部分构建选项内数据到 settings.json ----
2025-7-24 11:40:17-debug: [Build Memory track]: 查询 Asset Bundle start:211.42MB, end 211.53MB, increase: 106.62KB
2025-7-24 11:40:17-debug: 整理部分构建选项内数据到 settings.json start, progress: 10%
2025-7-24 11:40:17-log: run build task 查询 Asset Bundle success in 2 ms√, progress: 10%
2025-7-24 11:40:17-debug: [Build Memory track]: 整理部分构建选项内数据到 settings.json start:211.55MB, end 211.57MB, increase: 22.81KB
2025-7-24 11:40:17-debug: // ---- build task 整理部分构建选项内数据到 settings.json ---- (1ms)
2025-7-24 11:40:17-log: run build task 整理部分构建选项内数据到 settings.json success in 1 ms√, progress: 12%
2025-7-24 11:40:17-debug: 填充脚本数据到 settings.json start, progress: 12%
2025-7-24 11:40:17-debug: // ---- build task 填充脚本数据到 settings.json ----
2025-7-24 11:40:17-log: run build task 填充脚本数据到 settings.json success in 1 ms√, progress: 13%
2025-7-24 11:40:17-debug: [Build Memory track]: 填充脚本数据到 settings.json start:211.60MB, end 211.62MB, increase: 20.15KB
2025-7-24 11:40:17-debug: 整理部分构建选项内数据到 settings.json start, progress: 13%
2025-7-24 11:40:17-debug: // ---- build task 整理部分构建选项内数据到 settings.json ----
2025-7-24 11:40:17-debug: // ---- build task 填充脚本数据到 settings.json ---- (1ms)
2025-7-24 11:40:17-debug: [Build Memory track]: 整理部分构建选项内数据到 settings.json start:211.64MB, end 211.76MB, increase: 122.82KB
2025-7-24 11:40:17-log: run build task 整理部分构建选项内数据到 settings.json success in 4 ms√, progress: 15%
2025-7-24 11:40:17-debug: // ---- build task 整理部分构建选项内数据到 settings.json ---- (4ms)
2025-7-24 11:40:17-debug: Query all assets info in project
2025-7-24 11:40:17-debug: init custom config: keepNodeUuid: false, useCache: true
2025-7-24 11:40:17-debug: Skip compress image, progress: 0%
2025-7-24 11:40:17-debug: 查询 Asset Bundle start, progress: 0%
2025-7-24 11:40:17-debug: Init bundle root assets start..., progress: 0%
2025-7-24 11:40:17-debug: // ---- build task 查询 Asset Bundle ----
2025-7-24 11:40:17-debug: Num of bundles: 2..., progress: 0%
2025-7-24 11:40:17-debug: Init all bundles start..., progress: 0%
2025-7-24 11:40:17-debug: Query preload assets/scripts from cc.config.json: 60f7195c-ec2a-45eb-ba94-8955f60e81d0,1c02ae6f-4492-4915-b8f8-7492a3b1e4cd,810e96e4-e456-4468-9b59-f4e8f39732c0,efe8e2a3-eace-427b-b4f1-cb8a937ec77d,e9aa9a3e-5b2b-4ac7-a2c7-073de2b2b24f,8bbdbcdd-5cd4-4100-b6d5-b7c9625b6107,50f4348b-c883-4e2f-8f11-ce233b859fa1,fda095cb-831d-4601-ad94-846013963de8,f92806d7-1768-443f-afe8-12bcde84d0f0,dd3a144d-ab7f-41f0-82b8-2e43a090d496,f0416e68-0200-4b77-a926-4f9d16e494da,970b0598-bcb0-4714-91fb-2e81440dccd8,bcd64cc6-2dd9-43f6-abbe-66318d332032,d930590d-bb92-4cc8-8bd1-23cd027f9edf,a3cd009f-0ab0-420d-9278-b9fdab939bbc,6a2d0734-bd9e-4ddf-946e-caa52498cb75,c27215d8-6835-4b68-bfbb-bdeac6100c04,b5d6115f-0370-4d7c-aad3-c194cc71cf98,871c3b6c-7379-419d-bda3-794b239ab90d,ff9b0199-ce04-4cfe-86cc-6c719f08d6e4,de1c2107-70c8-4021-8459-6399f24d01c6,cbf30902-517f-40dc-af90-a550bac27cf1
2025-7-24 11:40:17-debug:   Number of all scripts: 14
2025-7-24 11:40:17-debug:   Number of other assets: 509
2025-7-24 11:40:17-debug: Init bundle root assets success..., progress: 0%
2025-7-24 11:40:17-debug:   Number of all scenes: 1
2025-7-24 11:40:17-debug: // ---- build task 查询 Asset Bundle ---- (2ms)
2025-7-24 11:40:17-debug: 查询 Asset Bundle start, progress: 5%
2025-7-24 11:40:17-debug: [Build Memory track]: 查询 Asset Bundle start:212.09MB, end 211.82MB, increase: -279.80KB
2025-7-24 11:40:17-debug: // ---- build task 查询 Asset Bundle ----
2025-7-24 11:40:17-log: run build task 查询 Asset Bundle success in 2 ms√, progress: 5%
2025-7-24 11:40:17-debug: // ---- build task 查询 Asset Bundle ---- (1ms)
2025-7-24 11:40:17-debug: [Build Memory track]: 查询 Asset Bundle start:211.84MB, end 211.95MB, increase: 104.16KB
2025-7-24 11:40:17-log: run build task 查询 Asset Bundle success in 1 ms√, progress: 10%
2025-7-24 11:40:17-debug: 整理部分构建选项内数据到 settings.json start, progress: 10%
2025-7-24 11:40:17-debug: // ---- build task 整理部分构建选项内数据到 settings.json ----
2025-7-24 11:40:17-debug: // ---- build task 整理部分构建选项内数据到 settings.json ---- (1ms)
2025-7-24 11:40:17-log: run build task 整理部分构建选项内数据到 settings.json success in 1 ms√, progress: 12%
2025-7-24 11:40:17-debug: [Build Memory track]: 整理部分构建选项内数据到 settings.json start:211.97MB, end 211.99MB, increase: 21.45KB
2025-7-24 11:40:17-debug: 填充脚本数据到 settings.json start, progress: 12%
2025-7-24 11:40:17-debug: // ---- build task 填充脚本数据到 settings.json ----
2025-7-24 11:40:17-log: run build task 填充脚本数据到 settings.json success in √, progress: 13%
2025-7-24 11:40:17-debug: [Build Memory track]: 填充脚本数据到 settings.json start:212.01MB, end 212.03MB, increase: 15.46KB
2025-7-24 11:40:17-debug: // ---- build task 整理部分构建选项内数据到 settings.json ----
2025-7-24 11:40:17-debug: 整理部分构建选项内数据到 settings.json start, progress: 13%
2025-7-24 11:40:17-debug: // ---- build task 整理部分构建选项内数据到 settings.json ---- (1ms)
2025-7-24 11:40:17-debug: [Build Memory track]: 整理部分构建选项内数据到 settings.json start:212.05MB, end 212.18MB, increase: 132.86KB
2025-7-24 11:40:17-log: run build task 整理部分构建选项内数据到 settings.json success in 1 ms√, progress: 15%
2025-7-24 11:40:28-debug: Query all assets info in project
2025-7-24 11:40:28-debug: init custom config: keepNodeUuid: false, useCache: true
2025-7-24 11:40:28-debug: Skip compress image, progress: 0%
2025-7-24 11:40:28-debug: Init all bundles start..., progress: 0%
2025-7-24 11:40:28-debug: Num of bundles: 2..., progress: 0%
2025-7-24 11:40:28-debug: 查询 Asset Bundle start, progress: 0%
2025-7-24 11:40:28-debug: // ---- build task 查询 Asset Bundle ----
2025-7-24 11:40:28-debug: Init bundle root assets start..., progress: 0%
2025-7-24 11:40:28-debug: Query preload assets/scripts from cc.config.json: 60f7195c-ec2a-45eb-ba94-8955f60e81d0,1c02ae6f-4492-4915-b8f8-7492a3b1e4cd,810e96e4-e456-4468-9b59-f4e8f39732c0,efe8e2a3-eace-427b-b4f1-cb8a937ec77d,e9aa9a3e-5b2b-4ac7-a2c7-073de2b2b24f,8bbdbcdd-5cd4-4100-b6d5-b7c9625b6107,50f4348b-c883-4e2f-8f11-ce233b859fa1,fda095cb-831d-4601-ad94-846013963de8,f92806d7-1768-443f-afe8-12bcde84d0f0,dd3a144d-ab7f-41f0-82b8-2e43a090d496,f0416e68-0200-4b77-a926-4f9d16e494da,970b0598-bcb0-4714-91fb-2e81440dccd8,bcd64cc6-2dd9-43f6-abbe-66318d332032,d930590d-bb92-4cc8-8bd1-23cd027f9edf,a3cd009f-0ab0-420d-9278-b9fdab939bbc,6a2d0734-bd9e-4ddf-946e-caa52498cb75,c27215d8-6835-4b68-bfbb-bdeac6100c04,b5d6115f-0370-4d7c-aad3-c194cc71cf98,871c3b6c-7379-419d-bda3-794b239ab90d,ff9b0199-ce04-4cfe-86cc-6c719f08d6e4,de1c2107-70c8-4021-8459-6399f24d01c6,cbf30902-517f-40dc-af90-a550bac27cf1
2025-7-24 11:40:28-debug: Init bundle root assets success..., progress: 0%
2025-7-24 11:40:28-debug:   Number of all scripts: 14
2025-7-24 11:40:28-debug:   Number of other assets: 509
2025-7-24 11:40:28-debug:   Number of all scenes: 1
2025-7-24 11:40:28-debug: // ---- build task 查询 Asset Bundle ---- (3ms)
2025-7-24 11:40:28-log: run build task 查询 Asset Bundle success in 3 ms√, progress: 5%
2025-7-24 11:40:28-debug: [Build Memory track]: 查询 Asset Bundle start:211.55MB, end 212.17MB, increase: 637.98KB
2025-7-24 11:40:28-debug: 查询 Asset Bundle start, progress: 5%
2025-7-24 11:40:28-debug: // ---- build task 查询 Asset Bundle ----
2025-7-24 11:40:28-log: run build task 查询 Asset Bundle success in 2 ms√, progress: 10%
2025-7-24 11:40:28-debug: // ---- build task 整理部分构建选项内数据到 settings.json ----
2025-7-24 11:40:28-debug: // ---- build task 整理部分构建选项内数据到 settings.json ---- (12ms)
2025-7-24 11:40:28-log: run build task 整理部分构建选项内数据到 settings.json success in 12 ms√, progress: 12%
2025-7-24 11:40:28-debug: // ---- build task 查询 Asset Bundle ---- (2ms)
2025-7-24 11:40:28-debug: 整理部分构建选项内数据到 settings.json start, progress: 10%
2025-7-24 11:40:28-debug: // ---- build task 填充脚本数据到 settings.json ----
2025-7-24 11:40:28-debug: 填充脚本数据到 settings.json start, progress: 12%
2025-7-24 11:40:28-debug: [Build Memory track]: 查询 Asset Bundle start:212.19MB, end 211.52MB, increase: -694.69KB
2025-7-24 11:40:28-log: run build task 填充脚本数据到 settings.json success in 3 ms√, progress: 13%
2025-7-24 11:40:28-debug: 整理部分构建选项内数据到 settings.json start, progress: 13%
2025-7-24 11:40:28-debug: // ---- build task 整理部分构建选项内数据到 settings.json ----
2025-7-24 11:40:28-debug: // ---- build task 填充脚本数据到 settings.json ---- (3ms)
2025-7-24 11:40:28-debug: [Build Memory track]: 整理部分构建选项内数据到 settings.json start:211.54MB, end 211.56MB, increase: 19.84KB
2025-7-24 11:40:28-debug: [Build Memory track]: 填充脚本数据到 settings.json start:211.58MB, end 211.60MB, increase: 21.29KB
2025-7-24 11:40:28-debug: // ---- build task 整理部分构建选项内数据到 settings.json ---- (17ms)
2025-7-24 11:40:28-log: run build task 整理部分构建选项内数据到 settings.json success in 17 ms√, progress: 15%
2025-7-24 11:40:28-debug: [Build Memory track]: 整理部分构建选项内数据到 settings.json start:211.63MB, end 211.76MB, increase: 135.02KB
2025-7-24 11:40:48-debug: refresh db internal success
2025-7-24 11:40:48-debug: refresh db assets success
2025-7-24 11:40:48-debug: Run asset db hook engine-extends:afterRefresh ...
2025-7-24 11:40:48-debug: Run asset db hook engine-extends:afterRefresh success!
2025-7-24 11:40:48-debug: asset-db:refresh-all-database (41ms)
2025-7-24 11:40:48-debug: asset-db-hook-engine-extends-afterRefresh (1ms)
2025-7-24 11:40:48-debug: asset-db:worker-effect-data-processing (1ms)
2025-7-24 11:40:51-debug: %cImport%c: /Users/zhao/Desktop/test/cocos-creator/PlaneFight/assets/Scenes/Start.scenebackground: #aaff85; color: #000;color: #000;
2025-7-24 11:40:51-debug: asset-db:reimport-asset2fda4d65-a1e9-4078-8250-de49b04cdc34 (4ms)
2025-7-24 11:40:51-debug: %cImport%c: /Users/zhao/Desktop/test/cocos-creator/PlaneFight/assets/Scenes/Start.scenebackground: #aaff85; color: #000;color: #000;
2025-7-24 11:40:51-debug: asset-db:reimport-asset2fda4d65-a1e9-4078-8250-de49b04cdc34 (4ms)
2025-7-24 11:40:52-debug: %cImport%c: /Users/zhao/Desktop/test/cocos-creator/PlaneFight/assets/Scenes/Start.scenebackground: #aaff85; color: #000;color: #000;
2025-7-24 11:40:52-debug: asset-db:reimport-asset2fda4d65-a1e9-4078-8250-de49b04cdc34 (4ms)
2025-7-24 11:40:52-debug: Query all assets info in project
2025-7-24 11:40:52-debug: init custom config: keepNodeUuid: false, useCache: true
2025-7-24 11:40:52-debug: Skip compress image, progress: 0%
2025-7-24 11:40:52-debug: Init all bundles start..., progress: 0%
2025-7-24 11:40:52-debug: 查询 Asset Bundle start, progress: 0%
2025-7-24 11:40:52-debug: Num of bundles: 2..., progress: 0%
2025-7-24 11:40:52-debug: // ---- build task 查询 Asset Bundle ----
2025-7-24 11:40:52-debug: Init bundle root assets start..., progress: 0%
2025-7-24 11:40:52-debug: Query preload assets/scripts from cc.config.json: 60f7195c-ec2a-45eb-ba94-8955f60e81d0,1c02ae6f-4492-4915-b8f8-7492a3b1e4cd,810e96e4-e456-4468-9b59-f4e8f39732c0,efe8e2a3-eace-427b-b4f1-cb8a937ec77d,e9aa9a3e-5b2b-4ac7-a2c7-073de2b2b24f,8bbdbcdd-5cd4-4100-b6d5-b7c9625b6107,50f4348b-c883-4e2f-8f11-ce233b859fa1,fda095cb-831d-4601-ad94-846013963de8,f92806d7-1768-443f-afe8-12bcde84d0f0,dd3a144d-ab7f-41f0-82b8-2e43a090d496,f0416e68-0200-4b77-a926-4f9d16e494da,970b0598-bcb0-4714-91fb-2e81440dccd8,bcd64cc6-2dd9-43f6-abbe-66318d332032,d930590d-bb92-4cc8-8bd1-23cd027f9edf,a3cd009f-0ab0-420d-9278-b9fdab939bbc,6a2d0734-bd9e-4ddf-946e-caa52498cb75,c27215d8-6835-4b68-bfbb-bdeac6100c04,b5d6115f-0370-4d7c-aad3-c194cc71cf98,871c3b6c-7379-419d-bda3-794b239ab90d,ff9b0199-ce04-4cfe-86cc-6c719f08d6e4,de1c2107-70c8-4021-8459-6399f24d01c6,cbf30902-517f-40dc-af90-a550bac27cf1
2025-7-24 11:40:52-debug:   Number of all scripts: 14
2025-7-24 11:40:52-debug:   Number of other assets: 509
2025-7-24 11:40:52-debug:   Number of all scenes: 1
2025-7-24 11:40:52-debug: Init bundle root assets success..., progress: 0%
2025-7-24 11:40:52-debug: // ---- build task 查询 Asset Bundle ---- (11ms)
2025-7-24 11:40:52-debug: [Build Memory track]: 查询 Asset Bundle start:212.13MB, end 212.75MB, increase: 639.61KB
2025-7-24 11:40:52-debug: 查询 Asset Bundle start, progress: 5%
2025-7-24 11:40:52-debug: // ---- build task 查询 Asset Bundle ----
2025-7-24 11:40:52-log: run build task 查询 Asset Bundle success in 11 ms√, progress: 5%
2025-7-24 11:40:52-debug: // ---- build task 查询 Asset Bundle ---- (2ms)
2025-7-24 11:40:52-debug: [Build Memory track]: 查询 Asset Bundle start:212.78MB, end 212.10MB, increase: -696.26KB
2025-7-24 11:40:52-debug: 整理部分构建选项内数据到 settings.json start, progress: 10%
2025-7-24 11:40:52-debug: // ---- build task 整理部分构建选项内数据到 settings.json ----
2025-7-24 11:40:52-log: run build task 查询 Asset Bundle success in 2 ms√, progress: 10%
2025-7-24 11:40:52-debug: // ---- build task 整理部分构建选项内数据到 settings.json ---- (1ms)
2025-7-24 11:40:52-debug: // ---- build task 填充脚本数据到 settings.json ----
2025-7-24 11:40:52-log: run build task 整理部分构建选项内数据到 settings.json success in 1 ms√, progress: 12%
2025-7-24 11:40:52-debug: 填充脚本数据到 settings.json start, progress: 12%
2025-7-24 11:40:52-debug: [Build Memory track]: 整理部分构建选项内数据到 settings.json start:212.12MB, end 212.14MB, increase: 22.82KB
2025-7-24 11:40:52-debug: // ---- build task 填充脚本数据到 settings.json ---- (1ms)
2025-7-24 11:40:52-debug: [Build Memory track]: 填充脚本数据到 settings.json start:212.17MB, end 212.19MB, increase: 22.09KB
2025-7-24 11:40:52-debug: 整理部分构建选项内数据到 settings.json start, progress: 13%
2025-7-24 11:40:52-debug: // ---- build task 整理部分构建选项内数据到 settings.json ----
2025-7-24 11:40:52-log: run build task 填充脚本数据到 settings.json success in 1 ms√, progress: 13%
2025-7-24 11:40:52-debug: // ---- build task 整理部分构建选项内数据到 settings.json ---- (3ms)
2025-7-24 11:40:52-log: run build task 整理部分构建选项内数据到 settings.json success in 3 ms√, progress: 15%
2025-7-24 11:40:52-debug: [Build Memory track]: 整理部分构建选项内数据到 settings.json start:212.21MB, end 212.35MB, increase: 138.12KB
2025-7-24 11:40:52-debug: Query all assets info in project
2025-7-24 11:40:52-debug: init custom config: keepNodeUuid: false, useCache: true
2025-7-24 11:40:52-debug: Skip compress image, progress: 0%
2025-7-24 11:40:52-debug: Init all bundles start..., progress: 0%
2025-7-24 11:40:52-debug: Num of bundles: 2..., progress: 0%
2025-7-24 11:40:52-debug: // ---- build task 查询 Asset Bundle ----
2025-7-24 11:40:52-debug: 查询 Asset Bundle start, progress: 0%
2025-7-24 11:40:52-debug: Init bundle root assets start..., progress: 0%
2025-7-24 11:40:52-debug: Query preload assets/scripts from cc.config.json: 60f7195c-ec2a-45eb-ba94-8955f60e81d0,1c02ae6f-4492-4915-b8f8-7492a3b1e4cd,810e96e4-e456-4468-9b59-f4e8f39732c0,efe8e2a3-eace-427b-b4f1-cb8a937ec77d,e9aa9a3e-5b2b-4ac7-a2c7-073de2b2b24f,8bbdbcdd-5cd4-4100-b6d5-b7c9625b6107,50f4348b-c883-4e2f-8f11-ce233b859fa1,fda095cb-831d-4601-ad94-846013963de8,f92806d7-1768-443f-afe8-12bcde84d0f0,dd3a144d-ab7f-41f0-82b8-2e43a090d496,f0416e68-0200-4b77-a926-4f9d16e494da,970b0598-bcb0-4714-91fb-2e81440dccd8,bcd64cc6-2dd9-43f6-abbe-66318d332032,d930590d-bb92-4cc8-8bd1-23cd027f9edf,a3cd009f-0ab0-420d-9278-b9fdab939bbc,6a2d0734-bd9e-4ddf-946e-caa52498cb75,c27215d8-6835-4b68-bfbb-bdeac6100c04,b5d6115f-0370-4d7c-aad3-c194cc71cf98,871c3b6c-7379-419d-bda3-794b239ab90d,ff9b0199-ce04-4cfe-86cc-6c719f08d6e4,de1c2107-70c8-4021-8459-6399f24d01c6,cbf30902-517f-40dc-af90-a550bac27cf1
2025-7-24 11:40:52-debug: Init bundle root assets success..., progress: 0%
2025-7-24 11:40:52-debug:   Number of all scripts: 14
2025-7-24 11:40:52-debug:   Number of other assets: 509
2025-7-24 11:40:52-debug:   Number of all scenes: 1
2025-7-24 11:40:52-log: run build task 查询 Asset Bundle success in 3 ms√, progress: 5%
2025-7-24 11:40:52-debug: [Build Memory track]: 查询 Asset Bundle start:212.67MB, end 212.41MB, increase: -264.78KB
2025-7-24 11:40:52-debug: 查询 Asset Bundle start, progress: 5%
2025-7-24 11:40:52-debug: // ---- build task 查询 Asset Bundle ---- (3ms)
2025-7-24 11:40:52-debug: // ---- build task 查询 Asset Bundle ----
2025-7-24 11:40:52-log: run build task 查询 Asset Bundle success in 1 ms√, progress: 10%
2025-7-24 11:40:52-debug: // ---- build task 查询 Asset Bundle ---- (1ms)
2025-7-24 11:40:52-debug: [Build Memory track]: 查询 Asset Bundle start:212.43MB, end 212.54MB, increase: 105.86KB
2025-7-24 11:40:52-debug: 整理部分构建选项内数据到 settings.json start, progress: 10%
2025-7-24 11:40:52-debug: // ---- build task 整理部分构建选项内数据到 settings.json ----
2025-7-24 11:40:52-debug: // ---- build task 整理部分构建选项内数据到 settings.json ---- (1ms)
2025-7-24 11:40:52-log: run build task 整理部分构建选项内数据到 settings.json success in 1 ms√, progress: 12%
2025-7-24 11:40:52-debug: [Build Memory track]: 整理部分构建选项内数据到 settings.json start:212.56MB, end 212.58MB, increase: 22.83KB
2025-7-24 11:40:52-debug: // ---- build task 填充脚本数据到 settings.json ----
2025-7-24 11:40:52-debug: 填充脚本数据到 settings.json start, progress: 12%
2025-7-24 11:40:52-debug: // ---- build task 填充脚本数据到 settings.json ---- (1ms)
2025-7-24 11:40:52-debug: 整理部分构建选项内数据到 settings.json start, progress: 13%
2025-7-24 11:40:52-debug: [Build Memory track]: 填充脚本数据到 settings.json start:212.61MB, end 212.63MB, increase: 22.39KB
2025-7-24 11:40:52-debug: // ---- build task 整理部分构建选项内数据到 settings.json ----
2025-7-24 11:40:52-log: run build task 填充脚本数据到 settings.json success in 1 ms√, progress: 13%
2025-7-24 11:40:52-debug: // ---- build task 整理部分构建选项内数据到 settings.json ---- (1ms)
2025-7-24 11:40:52-debug: [Build Memory track]: 整理部分构建选项内数据到 settings.json start:212.65MB, end 212.77MB, increase: 120.83KB
2025-7-24 11:40:52-log: run build task 整理部分构建选项内数据到 settings.json success in 1 ms√, progress: 15%
2025-7-24 11:40:52-debug: %cImport%c: /Users/zhao/Desktop/test/cocos-creator/PlaneFight/assets/Scenes/Start.scenebackground: #aaff85; color: #000;color: #000;
2025-7-24 11:40:52-debug: asset-db:reimport-asset2fda4d65-a1e9-4078-8250-de49b04cdc34 (9ms)
2025-7-24 11:40:53-debug: Query all assets info in project
2025-7-24 11:40:53-debug: init custom config: keepNodeUuid: false, useCache: true
2025-7-24 11:40:53-debug: Skip compress image, progress: 0%
2025-7-24 11:40:53-debug: Init all bundles start..., progress: 0%
2025-7-24 11:40:53-debug: Num of bundles: 2..., progress: 0%
2025-7-24 11:40:53-debug: 查询 Asset Bundle start, progress: 0%
2025-7-24 11:40:53-debug: Init bundle root assets start..., progress: 0%
2025-7-24 11:40:53-debug: // ---- build task 查询 Asset Bundle ----
2025-7-24 11:40:53-debug: Query preload assets/scripts from cc.config.json: 60f7195c-ec2a-45eb-ba94-8955f60e81d0,1c02ae6f-4492-4915-b8f8-7492a3b1e4cd,810e96e4-e456-4468-9b59-f4e8f39732c0,efe8e2a3-eace-427b-b4f1-cb8a937ec77d,e9aa9a3e-5b2b-4ac7-a2c7-073de2b2b24f,8bbdbcdd-5cd4-4100-b6d5-b7c9625b6107,50f4348b-c883-4e2f-8f11-ce233b859fa1,fda095cb-831d-4601-ad94-846013963de8,f92806d7-1768-443f-afe8-12bcde84d0f0,dd3a144d-ab7f-41f0-82b8-2e43a090d496,f0416e68-0200-4b77-a926-4f9d16e494da,970b0598-bcb0-4714-91fb-2e81440dccd8,bcd64cc6-2dd9-43f6-abbe-66318d332032,d930590d-bb92-4cc8-8bd1-23cd027f9edf,a3cd009f-0ab0-420d-9278-b9fdab939bbc,6a2d0734-bd9e-4ddf-946e-caa52498cb75,c27215d8-6835-4b68-bfbb-bdeac6100c04,b5d6115f-0370-4d7c-aad3-c194cc71cf98,871c3b6c-7379-419d-bda3-794b239ab90d,ff9b0199-ce04-4cfe-86cc-6c719f08d6e4,de1c2107-70c8-4021-8459-6399f24d01c6,cbf30902-517f-40dc-af90-a550bac27cf1
2025-7-24 11:40:53-debug:   Number of all scripts: 14
2025-7-24 11:40:53-debug:   Number of other assets: 509
2025-7-24 11:40:53-debug: Init bundle root assets success..., progress: 0%
2025-7-24 11:40:53-debug:   Number of all scenes: 1
2025-7-24 11:40:53-debug: // ---- build task 查询 Asset Bundle ---- (2ms)
2025-7-24 11:40:53-debug: 查询 Asset Bundle start, progress: 5%
2025-7-24 11:40:53-debug: [Build Memory track]: 查询 Asset Bundle start:212.94MB, end 212.57MB, increase: -373.85KB
2025-7-24 11:40:53-debug: // ---- build task 查询 Asset Bundle ----
2025-7-24 11:40:53-log: run build task 查询 Asset Bundle success in 2 ms√, progress: 5%
2025-7-24 11:40:53-log: run build task 查询 Asset Bundle success in 2 ms√, progress: 10%
2025-7-24 11:40:53-debug: // ---- build task 查询 Asset Bundle ---- (2ms)
2025-7-24 11:40:53-debug: [Build Memory track]: 查询 Asset Bundle start:212.59MB, end 212.70MB, increase: 105.79KB
2025-7-24 11:40:53-debug: 整理部分构建选项内数据到 settings.json start, progress: 10%
2025-7-24 11:40:53-debug: // ---- build task 整理部分构建选项内数据到 settings.json ----
2025-7-24 11:40:53-log: run build task 整理部分构建选项内数据到 settings.json success in √, progress: 12%
2025-7-24 11:40:53-debug: 填充脚本数据到 settings.json start, progress: 12%
2025-7-24 11:40:53-debug: // ---- build task 填充脚本数据到 settings.json ----
2025-7-24 11:40:53-debug: [Build Memory track]: 整理部分构建选项内数据到 settings.json start:212.72MB, end 212.73MB, increase: 13.78KB
2025-7-24 11:40:53-log: run build task 填充脚本数据到 settings.json success in √, progress: 13%
2025-7-24 11:40:53-debug: 整理部分构建选项内数据到 settings.json start, progress: 13%
2025-7-24 11:40:53-debug: // ---- build task 整理部分构建选项内数据到 settings.json ----
2025-7-24 11:40:53-debug: [Build Memory track]: 填充脚本数据到 settings.json start:212.76MB, end 212.77MB, increase: 15.60KB
2025-7-24 11:40:53-debug: // ---- build task 整理部分构建选项内数据到 settings.json ---- (3ms)
2025-7-24 11:40:53-log: run build task 整理部分构建选项内数据到 settings.json success in 3 ms√, progress: 15%
2025-7-24 11:40:53-debug: [Build Memory track]: 整理部分构建选项内数据到 settings.json start:212.80MB, end 212.91MB, increase: 120.21KB
2025-7-24 11:40:53-debug: Query all assets info in project
2025-7-24 11:40:53-debug: init custom config: keepNodeUuid: false, useCache: true
2025-7-24 11:40:53-debug: Skip compress image, progress: 0%
2025-7-24 11:40:53-debug: Init all bundles start..., progress: 0%
2025-7-24 11:40:53-debug: Num of bundles: 2..., progress: 0%
2025-7-24 11:40:53-debug: 查询 Asset Bundle start, progress: 0%
2025-7-24 11:40:53-debug: // ---- build task 查询 Asset Bundle ----
2025-7-24 11:40:53-debug: Init bundle root assets start..., progress: 0%
2025-7-24 11:40:53-debug: Query preload assets/scripts from cc.config.json: 60f7195c-ec2a-45eb-ba94-8955f60e81d0,1c02ae6f-4492-4915-b8f8-7492a3b1e4cd,810e96e4-e456-4468-9b59-f4e8f39732c0,efe8e2a3-eace-427b-b4f1-cb8a937ec77d,e9aa9a3e-5b2b-4ac7-a2c7-073de2b2b24f,8bbdbcdd-5cd4-4100-b6d5-b7c9625b6107,50f4348b-c883-4e2f-8f11-ce233b859fa1,fda095cb-831d-4601-ad94-846013963de8,f92806d7-1768-443f-afe8-12bcde84d0f0,dd3a144d-ab7f-41f0-82b8-2e43a090d496,f0416e68-0200-4b77-a926-4f9d16e494da,970b0598-bcb0-4714-91fb-2e81440dccd8,bcd64cc6-2dd9-43f6-abbe-66318d332032,d930590d-bb92-4cc8-8bd1-23cd027f9edf,a3cd009f-0ab0-420d-9278-b9fdab939bbc,6a2d0734-bd9e-4ddf-946e-caa52498cb75,c27215d8-6835-4b68-bfbb-bdeac6100c04,b5d6115f-0370-4d7c-aad3-c194cc71cf98,871c3b6c-7379-419d-bda3-794b239ab90d,ff9b0199-ce04-4cfe-86cc-6c719f08d6e4,de1c2107-70c8-4021-8459-6399f24d01c6,cbf30902-517f-40dc-af90-a550bac27cf1
2025-7-24 11:40:53-debug:   Number of all scenes: 1
2025-7-24 11:40:53-debug:   Number of other assets: 509
2025-7-24 11:40:53-debug: Init bundle root assets success..., progress: 0%
2025-7-24 11:40:53-debug:   Number of all scripts: 14
2025-7-24 11:40:53-debug: // ---- build task 查询 Asset Bundle ---- (2ms)
2025-7-24 11:40:53-log: run build task 查询 Asset Bundle success in 2 ms√, progress: 5%
2025-7-24 11:40:53-debug: 查询 Asset Bundle start, progress: 5%
2025-7-24 11:40:53-debug: [Build Memory track]: 查询 Asset Bundle start:212.49MB, end 212.34MB, increase: -158.20KB
2025-7-24 11:40:53-debug: // ---- build task 查询 Asset Bundle ----
2025-7-24 11:40:53-log: run build task 查询 Asset Bundle success in 1 ms√, progress: 10%
2025-7-24 11:40:53-debug: 整理部分构建选项内数据到 settings.json start, progress: 10%
2025-7-24 11:40:53-debug: [Build Memory track]: 查询 Asset Bundle start:212.36MB, end 212.47MB, increase: 105.73KB
2025-7-24 11:40:53-debug: // ---- build task 整理部分构建选项内数据到 settings.json ----
2025-7-24 11:40:53-debug: // ---- build task 查询 Asset Bundle ---- (1ms)
2025-7-24 11:40:53-log: run build task 整理部分构建选项内数据到 settings.json success in √, progress: 12%
2025-7-24 11:40:53-debug: [Build Memory track]: 整理部分构建选项内数据到 settings.json start:212.49MB, end 212.50MB, increase: 15.07KB
2025-7-24 11:40:53-debug: // ---- build task 填充脚本数据到 settings.json ----
2025-7-24 11:40:53-debug: 填充脚本数据到 settings.json start, progress: 12%
2025-7-24 11:40:53-log: run build task 填充脚本数据到 settings.json success in √, progress: 13%
2025-7-24 11:40:53-debug: [Build Memory track]: 填充脚本数据到 settings.json start:212.53MB, end 212.54MB, increase: 14.31KB
2025-7-24 11:40:53-debug: // ---- build task 整理部分构建选项内数据到 settings.json ----
2025-7-24 11:40:53-debug: 整理部分构建选项内数据到 settings.json start, progress: 13%
2025-7-24 11:40:53-debug: [Build Memory track]: 整理部分构建选项内数据到 settings.json start:212.57MB, end 212.68MB, increase: 120.20KB
2025-7-24 11:40:53-log: run build task 整理部分构建选项内数据到 settings.json success in 2 ms√, progress: 15%
2025-7-24 11:40:53-debug: // ---- build task 整理部分构建选项内数据到 settings.json ---- (2ms)
