2025-7-19 09:45:16-debug: start **** info
2025-7-19 09:45:16-log: Cannot access game frame or container.
2025-7-19 09:45:16-debug: asset-db:require-engine-code (452ms)
2025-7-19 09:45:16-log: [box2d]:box2d wasm lib loaded.
2025-7-19 09:45:16-log: meshopt wasm decoder initialized
2025-7-19 09:45:16-log: [bullet]:bullet wasm lib loaded.
2025-7-19 09:45:16-log: Cocos Creator v3.8.6
2025-7-19 09:45:16-log: Forward render pipeline initialized.
2025-7-19 09:45:16-debug: [Assets Memory track]: asset-db:worker-init: initEngine start:29.65MB, end 80.09MB, increase: 50.44MB
2025-7-19 09:45:17-debug: [Assets Memory track]: asset-db-plugin-register: engine-extends start:224.40MB, end 227.22MB, increase: 2.82MB
2025-7-19 09:45:17-debug: [Assets Memory track]: asset-db-plugin-register: project start:80.80MB, end 227.38MB, increase: 146.58MB
2025-7-19 09:45:17-debug: [Assets Memory track]: asset-db:worker-init: initPlugin start:80.11MB, end 227.84MB, increase: 147.73MB
2025-7-19 09:45:17-debug: [Assets Memory track]: asset-db-plugin-register: builder start:88.59MB, end 229.20MB, increase: 140.61MB
2025-7-19 09:45:16-log: Using legacy pipeline
2025-7-19 09:45:16-debug: [Assets Memory track]: asset-db-plugin-register: programming start:80.92MB, end 88.57MB, increase: 7.64MB
2025-7-19 09:45:17-debug: run package(native) handler(enable) start
2025-7-19 09:45:17-debug: run package(oppo-mini-game) handler(enable) start
2025-7-19 09:45:17-debug: run package(oppo-mini-game) handler(enable) success!
2025-7-19 09:45:17-debug: run package(runtime-dev-tools) handler(enable) start
2025-7-19 09:45:17-debug: run package(runtime-dev-tools) handler(enable) success!
2025-7-19 09:45:17-debug: run package(taobao-mini-game) handler(enable) start
2025-7-19 09:45:17-debug: run package(taobao-mini-game) handler(enable) success!
2025-7-19 09:45:17-debug: run package(vivo-mini-game) handler(enable) start
2025-7-19 09:45:17-debug: run package(vivo-mini-game) handler(enable) success!
2025-7-19 09:45:17-debug: run package(web-desktop) handler(enable) start
2025-7-19 09:45:17-debug: run package(web-desktop) handler(enable) success!
2025-7-19 09:45:17-debug: run package(web-mobile) handler(enable) start
2025-7-19 09:45:17-debug: run package(ohos) handler(enable) success!
2025-7-19 09:45:17-debug: run package(wechatgame) handler(enable) start
2025-7-19 09:45:17-debug: run package(windows) handler(enable) start
2025-7-19 09:45:17-debug: run package(wechatprogram) handler(enable) start
2025-7-19 09:45:17-debug: run package(wechatgame) handler(enable) success!
2025-7-19 09:45:17-debug: run package(wechatprogram) handler(enable) success!
2025-7-19 09:45:17-debug: run package(windows) handler(enable) success!
2025-7-19 09:45:17-debug: run package(xiaomi-quick-game) handler(enable) start
2025-7-19 09:45:17-debug: run package(xiaomi-quick-game) handler(enable) success!
2025-7-19 09:45:17-debug: run package(native) handler(enable) success!
2025-7-19 09:45:17-debug: run package(im-plugin) handler(enable) start
2025-7-19 09:45:17-debug: run package(ohos) handler(enable) start
2025-7-19 09:45:17-debug: run package(fix-asset-default-userdata) handler(enable) start
2025-7-19 09:45:17-debug: run package(fix-asset-default-userdata) handler(enable) success!
2025-7-19 09:45:17-debug: run package(placeholder) handler(enable) start
2025-7-19 09:45:17-debug: run package(placeholder) handler(enable) success!
2025-7-19 09:45:17-debug: run package(cocos-service) handler(enable) success!
2025-7-19 09:45:17-debug: run package(web-mobile) handler(enable) success!
2025-7-19 09:45:17-debug: run package(cocos-service) handler(enable) start
2025-7-19 09:45:17-debug: run package(im-plugin) handler(enable) success!
2025-7-19 09:45:17-debug: asset-db:worker-init: initPlugin (1195ms)
2025-7-19 09:45:17-debug: [Assets Memory track]: asset-db:worker-init start:29.64MB, end 228.52MB, increase: 198.89MB
2025-7-19 09:45:17-debug: Run asset db hook programming:beforePreStart ...
2025-7-19 09:45:17-debug: Run asset db hook engine-extends:beforePreStart ...
2025-7-19 09:45:17-debug: Run asset db hook programming:beforePreStart success!
2025-7-19 09:45:17-debug: Run asset db hook engine-extends:beforePreStart success!
2025-7-19 09:45:17-debug: asset-db:worker-init (1747ms)
2025-7-19 09:45:17-debug: asset-db-hook-programming-beforePreStart (57ms)
2025-7-19 09:45:17-debug: asset-db-hook-engine-extends-beforePreStart (57ms)
2025-7-19 09:45:17-debug: Preimport db internal success
2025-7-19 09:45:17-debug: %cImport%c: /Users/zhao/Desktop/test/cocos-creator/PlaneFight/assets/Scripts/Enemy.tsbackground: #aaff85; color: #000;color: #000;
2025-7-19 09:45:17-debug: %cImport%c: /Users/zhao/Desktop/test/cocos-creator/PlaneFight/assets/Scripts/GameManager.tsbackground: #aaff85; color: #000;color: #000;
2025-7-19 09:45:17-debug: Preimport db assets success
2025-7-19 09:45:17-debug: Run asset db hook programming:afterPreStart ...
2025-7-19 09:45:17-debug: starting packer-driver...
2025-7-19 09:45:18-debug: initialize scripting environment...
2025-7-19 09:45:18-debug: [[Executor]] prepare before lock
2025-7-19 09:45:18-debug: Set detail map pack:///resolution-detail-map.json: {}
2025-7-19 09:45:18-debug: [[Executor]] prepare after unlock
2025-7-19 09:45:18-debug: Run asset db hook programming:afterPreStart success!
2025-7-19 09:45:18-debug: Start up the 'internal' database...
2025-7-19 09:45:18-debug: Run asset db hook engine-extends:afterPreStart success!
2025-7-19 09:45:18-debug: Run asset db hook engine-extends:afterPreStart ...
2025-7-19 09:45:18-debug: asset-db-hook-programming-afterPreStart (291ms)
2025-7-19 09:45:18-debug: asset-db:worker-effect-data-processing (147ms)
2025-7-19 09:45:18-debug: asset-db-hook-engine-extends-afterPreStart (147ms)
2025-7-19 09:45:18-debug: [Assets Memory track]: asset-db:worker-startup-database[internal] start:228.61MB, end 242.61MB, increase: 14.00MB
2025-7-19 09:45:18-debug: Start up the 'assets' database...
2025-7-19 09:45:18-debug: asset-db:worker-startup-database[internal] (424ms)
2025-7-19 09:45:18-debug: %cImport%c: /Users/zhao/Desktop/test/cocos-creator/PlaneFight/assets/Scenes/Start.scenebackground: #aaff85; color: #000;color: #000;
2025-7-19 09:45:18-debug: [Assets Memory track]: asset-db:worker-startup-database[assets] start:230.75MB, end 244.07MB, increase: 13.32MB
2025-7-19 09:45:18-debug: lazy register asset handler directory
2025-7-19 09:45:18-debug: lazy register asset handler text
2025-7-19 09:45:18-debug: lazy register asset handler json
2025-7-19 09:45:18-debug: lazy register asset handler spine-data
2025-7-19 09:45:18-debug: lazy register asset handler javascript
2025-7-19 09:45:18-debug: lazy register asset handler dragonbones-atlas
2025-7-19 09:45:18-debug: lazy register asset handler terrain
2025-7-19 09:45:18-debug: lazy register asset handler typescript
2025-7-19 09:45:18-debug: lazy register asset handler scene
2025-7-19 09:45:18-debug: lazy register asset handler prefab
2025-7-19 09:45:18-debug: lazy register asset handler sprite-frame
2025-7-19 09:45:18-debug: lazy register asset handler tiled-map
2025-7-19 09:45:18-debug: lazy register asset handler buffer
2025-7-19 09:45:18-debug: [Assets Memory track]: asset-db:worker-init: startup start:227.16MB, end 244.08MB, increase: 16.92MB
2025-7-19 09:45:18-debug: lazy register asset handler sign-image
2025-7-19 09:45:18-debug: lazy register asset handler alpha-image
2025-7-19 09:45:18-debug: lazy register asset handler texture
2025-7-19 09:45:18-debug: lazy register asset handler texture-cube
2025-7-19 09:45:18-debug: lazy register asset handler erp-texture-cube
2025-7-19 09:45:18-debug: lazy register asset handler render-texture
2025-7-19 09:45:18-debug: lazy register asset handler texture-cube-face
2025-7-19 09:45:18-debug: lazy register asset handler rt-sprite-frame
2025-7-19 09:45:18-debug: lazy register asset handler gltf
2025-7-19 09:45:18-debug: lazy register asset handler gltf-mesh
2025-7-19 09:45:18-debug: lazy register asset handler gltf-skeleton
2025-7-19 09:45:18-debug: lazy register asset handler gltf-animation
2025-7-19 09:45:18-debug: lazy register asset handler gltf-material
2025-7-19 09:45:18-debug: lazy register asset handler gltf-scene
2025-7-19 09:45:18-debug: lazy register asset handler *
2025-7-19 09:45:18-debug: lazy register asset handler fbx
2025-7-19 09:45:18-debug: lazy register asset handler material
2025-7-19 09:45:18-debug: lazy register asset handler physics-material
2025-7-19 09:45:18-debug: lazy register asset handler effect
2025-7-19 09:45:18-debug: lazy register asset handler effect-header
2025-7-19 09:45:18-debug: lazy register asset handler audio-clip
2025-7-19 09:45:18-debug: lazy register asset handler animation-clip
2025-7-19 09:45:18-debug: lazy register asset handler animation-graph
2025-7-19 09:45:18-debug: lazy register asset handler animation-graph-variant
2025-7-19 09:45:18-debug: lazy register asset handler animation-mask
2025-7-19 09:45:18-debug: lazy register asset handler ttf-font
2025-7-19 09:45:18-debug: lazy register asset handler bitmap-font
2025-7-19 09:45:18-debug: lazy register asset handler particle
2025-7-19 09:45:18-debug: lazy register asset handler sprite-atlas
2025-7-19 09:45:18-debug: lazy register asset handler auto-atlas
2025-7-19 09:45:18-debug: lazy register asset handler label-atlas
2025-7-19 09:45:18-debug: lazy register asset handler render-pipeline
2025-7-19 09:45:18-debug: lazy register asset handler render-stage
2025-7-19 09:45:18-debug: lazy register asset handler render-flow
2025-7-19 09:45:18-debug: lazy register asset handler instantiation-material
2025-7-19 09:45:18-debug: lazy register asset handler instantiation-skeleton
2025-7-19 09:45:18-debug: lazy register asset handler gltf-embeded-image
2025-7-19 09:45:18-debug: lazy register asset handler image
2025-7-19 09:45:18-debug: lazy register asset handler video-clip
2025-7-19 09:45:18-debug: lazy register asset handler dragonbones
2025-7-19 09:45:18-debug: lazy register asset handler instantiation-animation
2025-7-19 09:45:18-debug: lazy register asset handler instantiation-mesh
2025-7-19 09:45:18-debug: asset-db:worker-startup-database[assets] (377ms)
2025-7-19 09:45:18-debug: asset-db:start-database (455ms)
2025-7-19 09:45:18-debug: asset-db:ready (3399ms)
2025-7-19 09:45:18-debug: fix the bug of updateDefaultUserData
2025-7-19 09:45:18-debug: init worker message success
2025-7-19 09:45:18-debug: programming:execute-script (3ms)
2025-7-19 09:45:18-debug: [Build Memory track]: builder:worker-init start:241.91MB, end 254.43MB, increase: 12.52MB
2025-7-19 09:45:18-debug: builder:worker-init (193ms)
2025-7-19 09:56:48-debug: Query all assets info in project
2025-7-19 09:56:48-debug: init custom config: keepNodeUuid: false, useCache: true
2025-7-19 09:56:48-debug: Skip compress image, progress: 0%
2025-7-19 09:56:48-debug: Init all bundles start..., progress: 0%
2025-7-19 09:56:48-debug: Num of bundles: 2..., progress: 0%
2025-7-19 09:56:48-debug: // ---- build task 查询 Asset Bundle ----
2025-7-19 09:56:48-debug: 查询 Asset Bundle start, progress: 0%
2025-7-19 09:56:48-debug: Init bundle root assets start..., progress: 0%
2025-7-19 09:56:48-debug: Query preload assets/scripts from cc.config.json: 60f7195c-ec2a-45eb-ba94-8955f60e81d0,1c02ae6f-4492-4915-b8f8-7492a3b1e4cd,810e96e4-e456-4468-9b59-f4e8f39732c0,efe8e2a3-eace-427b-b4f1-cb8a937ec77d,e9aa9a3e-5b2b-4ac7-a2c7-073de2b2b24f,8bbdbcdd-5cd4-4100-b6d5-b7c9625b6107,50f4348b-c883-4e2f-8f11-ce233b859fa1,fda095cb-831d-4601-ad94-846013963de8,f92806d7-1768-443f-afe8-12bcde84d0f0,dd3a144d-ab7f-41f0-82b8-2e43a090d496,f0416e68-0200-4b77-a926-4f9d16e494da,970b0598-bcb0-4714-91fb-2e81440dccd8,bcd64cc6-2dd9-43f6-abbe-66318d332032,d930590d-bb92-4cc8-8bd1-23cd027f9edf,a3cd009f-0ab0-420d-9278-b9fdab939bbc,6a2d0734-bd9e-4ddf-946e-caa52498cb75,c27215d8-6835-4b68-bfbb-bdeac6100c04,b5d6115f-0370-4d7c-aad3-c194cc71cf98,871c3b6c-7379-419d-bda3-794b239ab90d,ff9b0199-ce04-4cfe-86cc-6c719f08d6e4,de1c2107-70c8-4021-8459-6399f24d01c6,cbf30902-517f-40dc-af90-a550bac27cf1
2025-7-19 09:56:48-debug: Init bundle root assets success..., progress: 0%
2025-7-19 09:56:48-debug:   Number of all scripts: 10
2025-7-19 09:56:48-debug:   Number of other assets: 498
2025-7-19 09:56:48-debug:   Number of all scenes: 1
2025-7-19 09:56:48-debug: // ---- build task 查询 Asset Bundle ---- (2ms)
2025-7-19 09:56:48-debug: [Build Memory track]: 查询 Asset Bundle start:196.12MB, end 196.10MB, increase: -13.40KB
2025-7-19 09:56:48-log: run build task 查询 Asset Bundle success in 2 ms√, progress: 5%
2025-7-19 09:56:48-debug: // ---- build task 查询 Asset Bundle ----
2025-7-19 09:56:48-debug: 查询 Asset Bundle start, progress: 5%
2025-7-19 09:56:48-debug: [Build Memory track]: 查询 Asset Bundle start:196.14MB, end 196.24MB, increase: 103.95KB
2025-7-19 09:56:48-debug: // ---- build task 整理部分构建选项内数据到 settings.json ----
2025-7-19 09:56:48-debug: 整理部分构建选项内数据到 settings.json start, progress: 10%
2025-7-19 09:56:48-log: run build task 查询 Asset Bundle success in √, progress: 10%
2025-7-19 09:56:48-log: run build task 整理部分构建选项内数据到 settings.json success in √, progress: 12%
2025-7-19 09:56:48-debug: [Build Memory track]: 整理部分构建选项内数据到 settings.json start:196.29MB, end 196.29MB, increase: 5.95KB
2025-7-19 09:56:48-debug: 填充脚本数据到 settings.json start, progress: 12%
2025-7-19 09:56:48-debug: // ---- build task 填充脚本数据到 settings.json ----
2025-7-19 09:56:48-debug: // ---- build task 填充脚本数据到 settings.json ---- (1ms)
2025-7-19 09:56:48-log: run build task 填充脚本数据到 settings.json success in 1 ms√, progress: 13%
2025-7-19 09:56:48-debug: 整理部分构建选项内数据到 settings.json start, progress: 13%
2025-7-19 09:56:48-debug: [Build Memory track]: 填充脚本数据到 settings.json start:196.37MB, end 196.37MB, increase: -2.41KB
2025-7-19 09:56:48-debug: // ---- build task 整理部分构建选项内数据到 settings.json ----
2025-7-19 09:56:48-debug: // ---- build task 整理部分构建选项内数据到 settings.json ---- (2ms)
2025-7-19 09:56:48-log: run build task 整理部分构建选项内数据到 settings.json success in 2 ms√, progress: 15%
2025-7-19 09:56:48-debug: [Build Memory track]: 整理部分构建选项内数据到 settings.json start:196.40MB, end 196.54MB, increase: 140.96KB
2025-7-19 09:56:48-debug: Query all assets info in project
2025-7-19 09:56:48-debug: Query all assets info in project
2025-7-19 09:56:48-debug: init custom config: keepNodeUuid: false, useCache: true
2025-7-19 09:56:48-debug: Skip compress image, progress: 0%
2025-7-19 09:56:48-debug: init custom config: keepNodeUuid: false, useCache: true
2025-7-19 09:56:48-debug: Skip compress image, progress: 0%
2025-7-19 09:56:48-debug: Init all bundles start..., progress: 0%
2025-7-19 09:56:48-debug: Num of bundles: 2..., progress: 0%
2025-7-19 09:56:48-debug: 查询 Asset Bundle start, progress: 0%
2025-7-19 09:56:48-debug: // ---- build task 查询 Asset Bundle ----
2025-7-19 09:56:48-debug: Init bundle root assets start..., progress: 0%
2025-7-19 09:56:48-debug: Init all bundles start..., progress: 0%
2025-7-19 09:56:48-debug: Num of bundles: 2..., progress: 0%
2025-7-19 09:56:48-debug: Init bundle root assets start..., progress: 0%
2025-7-19 09:56:48-debug: // ---- build task 查询 Asset Bundle ----
2025-7-19 09:56:48-debug: 查询 Asset Bundle start, progress: 0%
2025-7-19 09:56:48-debug: Query preload assets/scripts from cc.config.json: 60f7195c-ec2a-45eb-ba94-8955f60e81d0,1c02ae6f-4492-4915-b8f8-7492a3b1e4cd,810e96e4-e456-4468-9b59-f4e8f39732c0,efe8e2a3-eace-427b-b4f1-cb8a937ec77d,e9aa9a3e-5b2b-4ac7-a2c7-073de2b2b24f,8bbdbcdd-5cd4-4100-b6d5-b7c9625b6107,50f4348b-c883-4e2f-8f11-ce233b859fa1,fda095cb-831d-4601-ad94-846013963de8,f92806d7-1768-443f-afe8-12bcde84d0f0,dd3a144d-ab7f-41f0-82b8-2e43a090d496,f0416e68-0200-4b77-a926-4f9d16e494da,970b0598-bcb0-4714-91fb-2e81440dccd8,bcd64cc6-2dd9-43f6-abbe-66318d332032,d930590d-bb92-4cc8-8bd1-23cd027f9edf,a3cd009f-0ab0-420d-9278-b9fdab939bbc,6a2d0734-bd9e-4ddf-946e-caa52498cb75,c27215d8-6835-4b68-bfbb-bdeac6100c04,b5d6115f-0370-4d7c-aad3-c194cc71cf98,871c3b6c-7379-419d-bda3-794b239ab90d,ff9b0199-ce04-4cfe-86cc-6c719f08d6e4,de1c2107-70c8-4021-8459-6399f24d01c6,cbf30902-517f-40dc-af90-a550bac27cf1
2025-7-19 09:56:48-debug: Init bundle root assets success..., progress: 0%
2025-7-19 09:56:48-debug:   Number of all scripts: 10
2025-7-19 09:56:48-debug:   Number of other assets: 498
2025-7-19 09:56:48-debug:   Number of all scenes: 1
2025-7-19 09:56:48-debug: // ---- build task 查询 Asset Bundle ---- (1ms)
2025-7-19 09:56:48-debug: 查询 Asset Bundle start, progress: 5%
2025-7-19 09:56:48-debug: [Build Memory track]: 查询 Asset Bundle start:196.88MB, end 196.66MB, increase: -230.91KB
2025-7-19 09:56:48-debug: // ---- build task 查询 Asset Bundle ----
2025-7-19 09:56:48-log: run build task 查询 Asset Bundle success in 1 ms√, progress: 5%
2025-7-19 09:56:48-debug: Query preload assets/scripts from cc.config.json: 60f7195c-ec2a-45eb-ba94-8955f60e81d0,1c02ae6f-4492-4915-b8f8-7492a3b1e4cd,810e96e4-e456-4468-9b59-f4e8f39732c0,efe8e2a3-eace-427b-b4f1-cb8a937ec77d,e9aa9a3e-5b2b-4ac7-a2c7-073de2b2b24f,8bbdbcdd-5cd4-4100-b6d5-b7c9625b6107,50f4348b-c883-4e2f-8f11-ce233b859fa1,fda095cb-831d-4601-ad94-846013963de8,f92806d7-1768-443f-afe8-12bcde84d0f0,dd3a144d-ab7f-41f0-82b8-2e43a090d496,f0416e68-0200-4b77-a926-4f9d16e494da,970b0598-bcb0-4714-91fb-2e81440dccd8,bcd64cc6-2dd9-43f6-abbe-66318d332032,d930590d-bb92-4cc8-8bd1-23cd027f9edf,a3cd009f-0ab0-420d-9278-b9fdab939bbc,6a2d0734-bd9e-4ddf-946e-caa52498cb75,c27215d8-6835-4b68-bfbb-bdeac6100c04,b5d6115f-0370-4d7c-aad3-c194cc71cf98,871c3b6c-7379-419d-bda3-794b239ab90d,ff9b0199-ce04-4cfe-86cc-6c719f08d6e4,de1c2107-70c8-4021-8459-6399f24d01c6,cbf30902-517f-40dc-af90-a550bac27cf1
2025-7-19 09:56:48-debug: Init bundle root assets success..., progress: 0%
2025-7-19 09:56:48-debug:   Number of all scenes: 1
2025-7-19 09:56:48-debug:   Number of other assets: 498
2025-7-19 09:56:48-debug:   Number of all scripts: 10
2025-7-19 09:56:48-debug: // ---- build task 查询 Asset Bundle ---- (2ms)
2025-7-19 09:56:48-log: run build task 查询 Asset Bundle success in 2 ms√, progress: 5%
2025-7-19 09:56:48-debug: [Build Memory track]: 查询 Asset Bundle start:196.68MB, end 196.54MB, increase: -143.27KB
2025-7-19 09:56:48-debug: 查询 Asset Bundle start, progress: 5%
2025-7-19 09:56:48-debug: // ---- build task 查询 Asset Bundle ----
2025-7-19 09:56:48-log: run build task 查询 Asset Bundle success in √, progress: 10%
2025-7-19 09:56:48-debug: // ---- build task 整理部分构建选项内数据到 settings.json ----
2025-7-19 09:56:48-debug: [Build Memory track]: 查询 Asset Bundle start:196.58MB, end 196.60MB, increase: 22.60KB
2025-7-19 09:56:48-debug: 整理部分构建选项内数据到 settings.json start, progress: 10%
2025-7-19 09:56:48-log: run build task 整理部分构建选项内数据到 settings.json success in √, progress: 12%
2025-7-19 09:56:48-debug: // ---- build task 填充脚本数据到 settings.json ----
2025-7-19 09:56:48-debug: 填充脚本数据到 settings.json start, progress: 12%
2025-7-19 09:56:48-debug: [Build Memory track]: 整理部分构建选项内数据到 settings.json start:196.82MB, end 196.75MB, increase: -71.14KB
2025-7-19 09:56:48-log: run build task 填充脚本数据到 settings.json success in √, progress: 13%
2025-7-19 09:56:48-debug: 整理部分构建选项内数据到 settings.json start, progress: 13%
2025-7-19 09:56:48-debug: // ---- build task 整理部分构建选项内数据到 settings.json ----
2025-7-19 09:56:48-debug: [Build Memory track]: 填充脚本数据到 settings.json start:196.78MB, end 196.80MB, increase: 21.69KB
2025-7-19 09:56:48-log: run build task 查询 Asset Bundle success in √, progress: 10%
2025-7-19 09:56:48-debug: 整理部分构建选项内数据到 settings.json start, progress: 10%
2025-7-19 09:56:48-debug: // ---- build task 整理部分构建选项内数据到 settings.json ----
2025-7-19 09:56:48-log: run build task 整理部分构建选项内数据到 settings.json success in √, progress: 12%
2025-7-19 09:56:48-debug: [Build Memory track]: 整理部分构建选项内数据到 settings.json start:196.87MB, end 196.89MB, increase: 21.27KB
2025-7-19 09:56:48-debug: 填充脚本数据到 settings.json start, progress: 12%
2025-7-19 09:56:48-debug: // ---- build task 填充脚本数据到 settings.json ----
2025-7-19 09:56:48-log: run build task 填充脚本数据到 settings.json success in √, progress: 13%
2025-7-19 09:56:48-debug: [Build Memory track]: 填充脚本数据到 settings.json start:196.92MB, end 196.94MB, increase: 19.26KB
2025-7-19 09:56:48-debug: 整理部分构建选项内数据到 settings.json start, progress: 13%
2025-7-19 09:56:48-debug: // ---- build task 整理部分构建选项内数据到 settings.json ----
2025-7-19 09:56:48-debug: // ---- build task 整理部分构建选项内数据到 settings.json ---- (1ms)
2025-7-19 09:56:48-debug: [Build Memory track]: 整理部分构建选项内数据到 settings.json start:196.97MB, end 197.14MB, increase: 172.00KB
2025-7-19 09:56:48-log: run build task 整理部分构建选项内数据到 settings.json success in 1 ms√, progress: 15%
2025-7-19 09:56:48-log: run build task 整理部分构建选项内数据到 settings.json success in √, progress: 15%
2025-7-19 09:56:55-debug: Query all assets info in project
2025-7-19 09:56:55-debug: init custom config: keepNodeUuid: false, useCache: true
2025-7-19 09:56:55-debug: Skip compress image, progress: 0%
2025-7-19 09:56:55-debug: Init all bundles start..., progress: 0%
2025-7-19 09:56:55-debug: Num of bundles: 2..., progress: 0%
2025-7-19 09:56:55-debug: 查询 Asset Bundle start, progress: 0%
2025-7-19 09:56:55-debug: // ---- build task 查询 Asset Bundle ----
2025-7-19 09:56:55-debug: Init bundle root assets start..., progress: 0%
2025-7-19 09:56:55-debug: Query preload assets/scripts from cc.config.json: 60f7195c-ec2a-45eb-ba94-8955f60e81d0,1c02ae6f-4492-4915-b8f8-7492a3b1e4cd,810e96e4-e456-4468-9b59-f4e8f39732c0,efe8e2a3-eace-427b-b4f1-cb8a937ec77d,e9aa9a3e-5b2b-4ac7-a2c7-073de2b2b24f,8bbdbcdd-5cd4-4100-b6d5-b7c9625b6107,50f4348b-c883-4e2f-8f11-ce233b859fa1,fda095cb-831d-4601-ad94-846013963de8,f92806d7-1768-443f-afe8-12bcde84d0f0,dd3a144d-ab7f-41f0-82b8-2e43a090d496,f0416e68-0200-4b77-a926-4f9d16e494da,970b0598-bcb0-4714-91fb-2e81440dccd8,bcd64cc6-2dd9-43f6-abbe-66318d332032,d930590d-bb92-4cc8-8bd1-23cd027f9edf,a3cd009f-0ab0-420d-9278-b9fdab939bbc,6a2d0734-bd9e-4ddf-946e-caa52498cb75,c27215d8-6835-4b68-bfbb-bdeac6100c04,b5d6115f-0370-4d7c-aad3-c194cc71cf98,871c3b6c-7379-419d-bda3-794b239ab90d,ff9b0199-ce04-4cfe-86cc-6c719f08d6e4,de1c2107-70c8-4021-8459-6399f24d01c6,cbf30902-517f-40dc-af90-a550bac27cf1
2025-7-19 09:56:55-debug:   Number of all scenes: 1
2025-7-19 09:56:55-debug:   Number of other assets: 498
2025-7-19 09:56:55-debug:   Number of all scripts: 10
2025-7-19 09:56:55-debug: Init bundle root assets success..., progress: 0%
2025-7-19 09:56:55-debug: // ---- build task 查询 Asset Bundle ---- (2ms)
2025-7-19 09:56:55-debug: [Build Memory track]: 查询 Asset Bundle start:197.18MB, end 196.95MB, increase: -237.71KB
2025-7-19 09:56:55-debug: 查询 Asset Bundle start, progress: 5%
2025-7-19 09:56:55-log: run build task 查询 Asset Bundle success in 2 ms√, progress: 5%
2025-7-19 09:56:55-debug: // ---- build task 查询 Asset Bundle ----
2025-7-19 09:56:55-log: run build task 查询 Asset Bundle success in √, progress: 10%
2025-7-19 09:56:55-debug: [Build Memory track]: 查询 Asset Bundle start:196.98MB, end 197.08MB, increase: 104.29KB
2025-7-19 09:56:55-debug: 整理部分构建选项内数据到 settings.json start, progress: 10%
2025-7-19 09:56:55-debug: // ---- build task 整理部分构建选项内数据到 settings.json ----
2025-7-19 09:56:55-log: run build task 整理部分构建选项内数据到 settings.json success in √, progress: 12%
2025-7-19 09:56:55-debug: [Build Memory track]: 整理部分构建选项内数据到 settings.json start:197.11MB, end 197.13MB, increase: 17.89KB
2025-7-19 09:56:55-debug: 填充脚本数据到 settings.json start, progress: 12%
2025-7-19 09:56:55-debug: // ---- build task 填充脚本数据到 settings.json ----
2025-7-19 09:56:55-debug: // ---- build task 填充脚本数据到 settings.json ---- (1ms)
2025-7-19 09:56:55-debug: [Build Memory track]: 填充脚本数据到 settings.json start:197.16MB, end 197.19MB, increase: 28.18KB
2025-7-19 09:56:55-log: run build task 填充脚本数据到 settings.json success in 1 ms√, progress: 13%
2025-7-19 09:56:55-debug: // ---- build task 整理部分构建选项内数据到 settings.json ----
2025-7-19 09:56:55-debug: 整理部分构建选项内数据到 settings.json start, progress: 13%
2025-7-19 09:56:55-debug: // ---- build task 整理部分构建选项内数据到 settings.json ---- (1ms)
2025-7-19 09:56:55-log: run build task 整理部分构建选项内数据到 settings.json success in 1 ms√, progress: 15%
2025-7-19 09:56:55-debug: [Build Memory track]: 整理部分构建选项内数据到 settings.json start:197.23MB, end 196.65MB, increase: -601.51KB
2025-7-19 09:57:09-debug: refresh db internal success
2025-7-19 09:57:09-debug: refresh db assets success
2025-7-19 09:57:09-debug: Run asset db hook engine-extends:afterRefresh ...
2025-7-19 09:57:09-debug: Run asset db hook engine-extends:afterRefresh success!
2025-7-19 09:57:09-debug: asset-db:refresh-all-database (39ms)
2025-7-19 09:57:13-debug: refresh db internal success
2025-7-19 09:57:13-debug: refresh db assets success
2025-7-19 09:57:13-debug: Run asset db hook engine-extends:afterRefresh ...
2025-7-19 09:57:13-debug: Run asset db hook engine-extends:afterRefresh success!
2025-7-19 09:57:13-debug: asset-db:refresh-all-database (30ms)
2025-7-19 09:57:16-warn: 为更好地打开脚本，请在 {preferences} -> {program} -> {scriptEditor} 里配置打开脚本的应用程序
2025-7-19 09:57:57-debug: refresh db internal success
2025-7-19 09:57:57-debug: refresh db assets success
2025-7-19 09:57:57-debug: Run asset db hook engine-extends:afterRefresh ...
2025-7-19 09:57:57-debug: Run asset db hook engine-extends:afterRefresh success!
2025-7-19 09:57:57-debug: asset-db:refresh-all-database (33ms)
2025-7-19 09:57:57-debug: asset-db:worker-effect-data-processing (1ms)
2025-7-19 09:57:57-debug: asset-db-hook-engine-extends-afterRefresh (1ms)
2025-7-19 09:58:09-debug: refresh db internal success
2025-7-19 09:58:09-debug: refresh db assets success
2025-7-19 09:58:09-debug: Run asset db hook engine-extends:afterRefresh ...
2025-7-19 09:58:09-debug: Run asset db hook engine-extends:afterRefresh success!
2025-7-19 09:58:09-debug: asset-db:refresh-all-database (24ms)
2025-7-19 09:58:09-debug: asset-db:worker-effect-data-processing (1ms)
2025-7-19 09:58:09-debug: asset-db-hook-engine-extends-afterRefresh (1ms)
2025-7-19 09:58:10-warn: 为更好地打开脚本，请在 {preferences} -> {program} -> {scriptEditor} 里配置打开脚本的应用程序
2025-7-19 09:58:33-debug: refresh db internal success
2025-7-19 09:58:33-debug: refresh db assets success
2025-7-19 09:58:33-debug: Run asset db hook engine-extends:afterRefresh ...
2025-7-19 09:58:33-debug: Run asset db hook engine-extends:afterRefresh success!
2025-7-19 09:58:33-debug: asset-db:refresh-all-database (33ms)
2025-7-19 09:58:33-debug: asset-db-hook-engine-extends-afterRefresh (1ms)
2025-7-19 09:58:33-debug: asset-db:worker-effect-data-processing (1ms)
2025-7-19 10:00:02-debug: refresh db internal success
2025-7-19 10:00:02-debug: %cImport%c: /Users/zhao/Desktop/test/cocos-creator/PlaneFight/assets/Scripts/EnemyBox.tsbackground: #aaff85; color: #000;color: #000;
2025-7-19 10:00:02-debug: refresh db assets success
2025-7-19 10:00:02-debug: Run asset db hook engine-extends:afterRefresh ...
2025-7-19 10:00:02-debug: Run asset db hook engine-extends:afterRefresh success!
2025-7-19 10:00:02-debug: asset-db:refresh-all-database (29ms)
2025-7-19 10:00:02-debug: asset-db:worker-effect-data-processing (1ms)
2025-7-19 10:00:02-debug: asset-db-hook-engine-extends-afterRefresh (2ms)
2025-7-19 10:00:02-debug: %cImport%c: /Users/zhao/Desktop/test/cocos-creator/PlaneFight/assets/Prefabs/enemy0.prefabbackground: #aaff85; color: #000;color: #000;
2025-7-19 10:00:02-debug: asset-db:reimport-asset1983cab6-6af2-4c36-90da-682e683ae01a (3ms)
2025-7-19 10:00:05-debug: %cImport%c: /Users/zhao/Desktop/test/cocos-creator/PlaneFight/assets/Prefabs/enemy0.prefabbackground: #aaff85; color: #000;color: #000;
2025-7-19 10:00:05-debug: asset-db:reimport-asset1983cab6-6af2-4c36-90da-682e683ae01a (4ms)
2025-7-19 10:00:09-debug: %cImport%c: /Users/zhao/Desktop/test/cocos-creator/PlaneFight/assets/Prefabs/enemy0.prefabbackground: #aaff85; color: #000;color: #000;
2025-7-19 10:00:09-debug: asset-db:reimport-asset1983cab6-6af2-4c36-90da-682e683ae01a (4ms)
2025-7-19 10:00:19-debug: Query all assets info in project
2025-7-19 10:00:19-debug: init custom config: keepNodeUuid: false, useCache: true
2025-7-19 10:00:19-debug: Skip compress image, progress: 0%
2025-7-19 10:00:19-debug: Init all bundles start..., progress: 0%
2025-7-19 10:00:19-debug: Init bundle root assets start..., progress: 0%
2025-7-19 10:00:19-debug: 查询 Asset Bundle start, progress: 0%
2025-7-19 10:00:19-debug: // ---- build task 查询 Asset Bundle ----
2025-7-19 10:00:19-debug: Num of bundles: 2..., progress: 0%
2025-7-19 10:00:19-debug: Query preload assets/scripts from cc.config.json: 60f7195c-ec2a-45eb-ba94-8955f60e81d0,1c02ae6f-4492-4915-b8f8-7492a3b1e4cd,810e96e4-e456-4468-9b59-f4e8f39732c0,efe8e2a3-eace-427b-b4f1-cb8a937ec77d,e9aa9a3e-5b2b-4ac7-a2c7-073de2b2b24f,8bbdbcdd-5cd4-4100-b6d5-b7c9625b6107,50f4348b-c883-4e2f-8f11-ce233b859fa1,fda095cb-831d-4601-ad94-846013963de8,f92806d7-1768-443f-afe8-12bcde84d0f0,dd3a144d-ab7f-41f0-82b8-2e43a090d496,f0416e68-0200-4b77-a926-4f9d16e494da,970b0598-bcb0-4714-91fb-2e81440dccd8,bcd64cc6-2dd9-43f6-abbe-66318d332032,d930590d-bb92-4cc8-8bd1-23cd027f9edf,a3cd009f-0ab0-420d-9278-b9fdab939bbc,6a2d0734-bd9e-4ddf-946e-caa52498cb75,c27215d8-6835-4b68-bfbb-bdeac6100c04,b5d6115f-0370-4d7c-aad3-c194cc71cf98,871c3b6c-7379-419d-bda3-794b239ab90d,ff9b0199-ce04-4cfe-86cc-6c719f08d6e4,de1c2107-70c8-4021-8459-6399f24d01c6,cbf30902-517f-40dc-af90-a550bac27cf1
2025-7-19 10:00:19-debug:   Number of all scripts: 10
2025-7-19 10:00:19-debug: Init bundle root assets success..., progress: 0%
2025-7-19 10:00:19-debug:   Number of all scenes: 1
2025-7-19 10:00:19-debug:   Number of other assets: 498
2025-7-19 10:00:19-debug: // ---- build task 查询 Asset Bundle ---- (1ms)
2025-7-19 10:00:19-log: run build task 查询 Asset Bundle success in 1 ms√, progress: 5%
2025-7-19 10:00:19-debug: [Build Memory track]: 查询 Asset Bundle start:202.82MB, end 203.47MB, increase: 659.84KB
2025-7-19 10:00:19-debug: // ---- build task 查询 Asset Bundle ----
2025-7-19 10:00:19-debug: 查询 Asset Bundle start, progress: 5%
2025-7-19 10:00:19-log: run build task 查询 Asset Bundle success in √, progress: 10%
2025-7-19 10:00:19-debug: // ---- build task 整理部分构建选项内数据到 settings.json ----
2025-7-19 10:00:19-debug: [Build Memory track]: 查询 Asset Bundle start:203.50MB, end 202.86MB, increase: -657.46KB
2025-7-19 10:00:19-debug: 整理部分构建选项内数据到 settings.json start, progress: 10%
2025-7-19 10:00:19-log: run build task 整理部分构建选项内数据到 settings.json success in √, progress: 12%
2025-7-19 10:00:19-debug: [Build Memory track]: 整理部分构建选项内数据到 settings.json start:202.89MB, end 202.91MB, increase: 25.43KB
2025-7-19 10:00:19-debug: // ---- build task 填充脚本数据到 settings.json ----
2025-7-19 10:00:19-debug: 填充脚本数据到 settings.json start, progress: 12%
2025-7-19 10:00:19-log: run build task 填充脚本数据到 settings.json success in √, progress: 13%
2025-7-19 10:00:19-debug: // ---- build task 整理部分构建选项内数据到 settings.json ----
2025-7-19 10:00:19-debug: [Build Memory track]: 填充脚本数据到 settings.json start:202.95MB, end 202.97MB, increase: 25.31KB
2025-7-19 10:00:19-debug: 整理部分构建选项内数据到 settings.json start, progress: 13%
2025-7-19 10:00:19-debug: // ---- build task 整理部分构建选项内数据到 settings.json ---- (1ms)
2025-7-19 10:00:19-debug: [Build Memory track]: 整理部分构建选项内数据到 settings.json start:203.00MB, end 203.13MB, increase: 128.15KB
2025-7-19 10:00:19-log: run build task 整理部分构建选项内数据到 settings.json success in 1 ms√, progress: 15%
2025-7-19 10:00:53-debug: refresh db internal success
2025-7-19 10:00:53-debug: %cImport%c: /Users/zhao/Desktop/test/cocos-creator/PlaneFight/assets/Scripts/EnemyBox.tsbackground: #aaff85; color: #000;color: #000;
2025-7-19 10:00:53-debug: refresh db assets success
2025-7-19 10:00:53-debug: Run asset db hook engine-extends:afterRefresh ...
2025-7-19 10:00:53-debug: Run asset db hook engine-extends:afterRefresh success!
2025-7-19 10:00:53-debug: asset-db:refresh-all-database (32ms)
2025-7-19 10:00:53-debug: asset-db:worker-effect-data-processing (1ms)
2025-7-19 10:00:53-debug: asset-db-hook-engine-extends-afterRefresh (1ms)
2025-7-19 10:00:55-debug: Query all assets info in project
2025-7-19 10:00:55-debug: init custom config: keepNodeUuid: false, useCache: true
2025-7-19 10:00:55-debug: Skip compress image, progress: 0%
2025-7-19 10:00:55-debug: Init all bundles start..., progress: 0%
2025-7-19 10:00:55-debug: Init bundle root assets start..., progress: 0%
2025-7-19 10:00:55-debug: 查询 Asset Bundle start, progress: 0%
2025-7-19 10:00:55-debug: // ---- build task 查询 Asset Bundle ----
2025-7-19 10:00:55-debug: Num of bundles: 2..., progress: 0%
2025-7-19 10:00:55-debug: Query preload assets/scripts from cc.config.json: 60f7195c-ec2a-45eb-ba94-8955f60e81d0,1c02ae6f-4492-4915-b8f8-7492a3b1e4cd,810e96e4-e456-4468-9b59-f4e8f39732c0,efe8e2a3-eace-427b-b4f1-cb8a937ec77d,e9aa9a3e-5b2b-4ac7-a2c7-073de2b2b24f,8bbdbcdd-5cd4-4100-b6d5-b7c9625b6107,50f4348b-c883-4e2f-8f11-ce233b859fa1,fda095cb-831d-4601-ad94-846013963de8,f92806d7-1768-443f-afe8-12bcde84d0f0,dd3a144d-ab7f-41f0-82b8-2e43a090d496,f0416e68-0200-4b77-a926-4f9d16e494da,970b0598-bcb0-4714-91fb-2e81440dccd8,bcd64cc6-2dd9-43f6-abbe-66318d332032,d930590d-bb92-4cc8-8bd1-23cd027f9edf,a3cd009f-0ab0-420d-9278-b9fdab939bbc,6a2d0734-bd9e-4ddf-946e-caa52498cb75,c27215d8-6835-4b68-bfbb-bdeac6100c04,b5d6115f-0370-4d7c-aad3-c194cc71cf98,871c3b6c-7379-419d-bda3-794b239ab90d,ff9b0199-ce04-4cfe-86cc-6c719f08d6e4,de1c2107-70c8-4021-8459-6399f24d01c6,cbf30902-517f-40dc-af90-a550bac27cf1
2025-7-19 10:00:55-debug:   Number of all scripts: 10
2025-7-19 10:00:55-debug:   Number of all scenes: 1
2025-7-19 10:00:55-debug: Init bundle root assets success..., progress: 0%
2025-7-19 10:00:55-debug:   Number of other assets: 498
2025-7-19 10:00:55-debug: // ---- build task 查询 Asset Bundle ---- (1ms)
2025-7-19 10:00:55-log: run build task 查询 Asset Bundle success in 1 ms√, progress: 5%
2025-7-19 10:00:55-debug: [Build Memory track]: 查询 Asset Bundle start:204.69MB, end 204.63MB, increase: -62.62KB
2025-7-19 10:00:55-debug: 查询 Asset Bundle start, progress: 5%
2025-7-19 10:00:55-debug: // ---- build task 查询 Asset Bundle ----
2025-7-19 10:00:55-debug: // ---- build task 查询 Asset Bundle ---- (1ms)
2025-7-19 10:00:55-debug: [Build Memory track]: 查询 Asset Bundle start:204.66MB, end 204.77MB, increase: 110.39KB
2025-7-19 10:00:55-log: run build task 查询 Asset Bundle success in 1 ms√, progress: 10%
2025-7-19 10:00:55-debug: 整理部分构建选项内数据到 settings.json start, progress: 10%
2025-7-19 10:00:55-debug: // ---- build task 整理部分构建选项内数据到 settings.json ----
2025-7-19 10:00:55-log: run build task 整理部分构建选项内数据到 settings.json success in √, progress: 12%
2025-7-19 10:00:55-debug: 填充脚本数据到 settings.json start, progress: 12%
2025-7-19 10:00:55-debug: // ---- build task 填充脚本数据到 settings.json ----
2025-7-19 10:00:55-debug: [Build Memory track]: 整理部分构建选项内数据到 settings.json start:204.80MB, end 204.05MB, increase: -764.84KB
2025-7-19 10:00:55-log: run build task 填充脚本数据到 settings.json success in √, progress: 13%
2025-7-19 10:00:55-debug: 整理部分构建选项内数据到 settings.json start, progress: 13%
2025-7-19 10:00:55-debug: [Build Memory track]: 填充脚本数据到 settings.json start:204.08MB, end 204.10MB, increase: 17.98KB
2025-7-19 10:00:55-debug: // ---- build task 整理部分构建选项内数据到 settings.json ----
2025-7-19 10:00:55-debug: // ---- build task 整理部分构建选项内数据到 settings.json ---- (1ms)
2025-7-19 10:00:55-debug: [Build Memory track]: 整理部分构建选项内数据到 settings.json start:204.14MB, end 204.26MB, increase: 127.95KB
2025-7-19 10:00:55-log: run build task 整理部分构建选项内数据到 settings.json success in 1 ms√, progress: 15%
2025-7-19 10:01:15-debug: refresh db internal success
2025-7-19 10:01:15-debug: refresh db assets success
2025-7-19 10:01:15-debug: Run asset db hook engine-extends:afterRefresh ...
2025-7-19 10:01:15-debug: Run asset db hook engine-extends:afterRefresh success!
2025-7-19 10:01:15-debug: asset-db:refresh-all-database (31ms)
2025-7-19 10:01:15-debug: asset-db:worker-effect-data-processing (1ms)
2025-7-19 10:01:15-debug: asset-db-hook-engine-extends-afterRefresh (1ms)
2025-7-19 10:01:27-debug: %cImport%c: /Users/zhao/Desktop/test/cocos-creator/PlaneFight/assets/Scenes/Start.scenebackground: #aaff85; color: #000;color: #000;
2025-7-19 10:01:27-debug: asset-db:reimport-asset2fda4d65-a1e9-4078-8250-de49b04cdc34 (7ms)
2025-7-19 10:01:28-debug: Query all assets info in project
2025-7-19 10:01:28-debug: init custom config: keepNodeUuid: false, useCache: true
2025-7-19 10:01:28-debug: Skip compress image, progress: 0%
2025-7-19 10:01:28-debug: Init all bundles start..., progress: 0%
2025-7-19 10:01:28-debug: 查询 Asset Bundle start, progress: 0%
2025-7-19 10:01:28-debug: // ---- build task 查询 Asset Bundle ----
2025-7-19 10:01:28-debug: Num of bundles: 2..., progress: 0%
2025-7-19 10:01:28-debug: Init bundle root assets start..., progress: 0%
2025-7-19 10:01:28-debug: Query preload assets/scripts from cc.config.json: 60f7195c-ec2a-45eb-ba94-8955f60e81d0,1c02ae6f-4492-4915-b8f8-7492a3b1e4cd,810e96e4-e456-4468-9b59-f4e8f39732c0,efe8e2a3-eace-427b-b4f1-cb8a937ec77d,e9aa9a3e-5b2b-4ac7-a2c7-073de2b2b24f,8bbdbcdd-5cd4-4100-b6d5-b7c9625b6107,50f4348b-c883-4e2f-8f11-ce233b859fa1,fda095cb-831d-4601-ad94-846013963de8,f92806d7-1768-443f-afe8-12bcde84d0f0,dd3a144d-ab7f-41f0-82b8-2e43a090d496,f0416e68-0200-4b77-a926-4f9d16e494da,970b0598-bcb0-4714-91fb-2e81440dccd8,bcd64cc6-2dd9-43f6-abbe-66318d332032,d930590d-bb92-4cc8-8bd1-23cd027f9edf,a3cd009f-0ab0-420d-9278-b9fdab939bbc,6a2d0734-bd9e-4ddf-946e-caa52498cb75,c27215d8-6835-4b68-bfbb-bdeac6100c04,b5d6115f-0370-4d7c-aad3-c194cc71cf98,871c3b6c-7379-419d-bda3-794b239ab90d,ff9b0199-ce04-4cfe-86cc-6c719f08d6e4,de1c2107-70c8-4021-8459-6399f24d01c6,cbf30902-517f-40dc-af90-a550bac27cf1
2025-7-19 10:01:28-debug:   Number of all scenes: 1
2025-7-19 10:01:28-debug:   Number of all scripts: 10
2025-7-19 10:01:28-debug:   Number of other assets: 498
2025-7-19 10:01:28-debug: Init bundle root assets success..., progress: 0%
2025-7-19 10:01:28-debug: // ---- build task 查询 Asset Bundle ---- (1ms)
2025-7-19 10:01:28-debug: // ---- build task 查询 Asset Bundle ----
2025-7-19 10:01:28-debug: [Build Memory track]: 查询 Asset Bundle start:205.66MB, end 205.43MB, increase: -230.28KB
2025-7-19 10:01:28-debug: 查询 Asset Bundle start, progress: 5%
2025-7-19 10:01:28-log: run build task 查询 Asset Bundle success in 1 ms√, progress: 5%
2025-7-19 10:01:28-debug: // ---- build task 查询 Asset Bundle ---- (1ms)
2025-7-19 10:01:28-debug: [Build Memory track]: 查询 Asset Bundle start:205.47MB, end 205.58MB, increase: 116.02KB
2025-7-19 10:01:28-log: run build task 查询 Asset Bundle success in 1 ms√, progress: 10%
2025-7-19 10:01:28-debug: 整理部分构建选项内数据到 settings.json start, progress: 10%
2025-7-19 10:01:28-debug: // ---- build task 整理部分构建选项内数据到 settings.json ----
2025-7-19 10:01:28-log: run build task 整理部分构建选项内数据到 settings.json success in √, progress: 12%
2025-7-19 10:01:28-debug: 填充脚本数据到 settings.json start, progress: 12%
2025-7-19 10:01:28-debug: [Build Memory track]: 整理部分构建选项内数据到 settings.json start:205.61MB, end 205.64MB, increase: 24.12KB
2025-7-19 10:01:28-debug: // ---- build task 填充脚本数据到 settings.json ----
2025-7-19 10:01:28-debug: // ---- build task 填充脚本数据到 settings.json ---- (1ms)
2025-7-19 10:01:28-debug: 整理部分构建选项内数据到 settings.json start, progress: 13%
2025-7-19 10:01:28-debug: // ---- build task 整理部分构建选项内数据到 settings.json ----
2025-7-19 10:01:28-debug: [Build Memory track]: 填充脚本数据到 settings.json start:205.67MB, end 205.69MB, increase: 26.90KB
2025-7-19 10:01:28-log: run build task 填充脚本数据到 settings.json success in 1 ms√, progress: 13%
2025-7-19 10:01:28-log: run build task 整理部分构建选项内数据到 settings.json success in √, progress: 15%
2025-7-19 10:01:28-debug: [Build Memory track]: 整理部分构建选项内数据到 settings.json start:205.73MB, end 205.84MB, increase: 118.36KB
2025-7-19 10:01:45-debug: refresh db internal success
2025-7-19 10:01:45-debug: refresh db assets success
2025-7-19 10:01:45-debug: Run asset db hook engine-extends:afterRefresh ...
2025-7-19 10:01:45-debug: Run asset db hook engine-extends:afterRefresh success!
2025-7-19 10:01:45-debug: asset-db:refresh-all-database (20ms)
2025-7-19 10:02:05-debug: start refresh asset from /Users/zhao/Desktop/test/cocos-creator/PlaneFight/assets/Prefabs/enemy1.prefab...
2025-7-19 10:02:05-debug: %cImport%c: /Users/zhao/Desktop/test/cocos-creator/PlaneFight/assets/Prefabs/enemy1.prefabbackground: #aaff85; color: #000;color: #000;
2025-7-19 10:02:05-debug: refresh asset /Users/zhao/Desktop/test/cocos-creator/PlaneFight/assets/Prefabs success
2025-7-19 10:02:08-debug: Query all assets info in project
2025-7-19 10:02:08-debug: Skip compress image, progress: 0%
2025-7-19 10:02:08-debug: init custom config: keepNodeUuid: false, useCache: true
2025-7-19 10:02:08-debug: Init all bundles start..., progress: 0%
2025-7-19 10:02:08-debug: 查询 Asset Bundle start, progress: 0%
2025-7-19 10:02:08-debug: Num of bundles: 2..., progress: 0%
2025-7-19 10:02:08-debug: Init bundle root assets start..., progress: 0%
2025-7-19 10:02:08-debug: // ---- build task 查询 Asset Bundle ----
2025-7-19 10:02:08-debug: Query preload assets/scripts from cc.config.json: 60f7195c-ec2a-45eb-ba94-8955f60e81d0,1c02ae6f-4492-4915-b8f8-7492a3b1e4cd,810e96e4-e456-4468-9b59-f4e8f39732c0,efe8e2a3-eace-427b-b4f1-cb8a937ec77d,e9aa9a3e-5b2b-4ac7-a2c7-073de2b2b24f,8bbdbcdd-5cd4-4100-b6d5-b7c9625b6107,50f4348b-c883-4e2f-8f11-ce233b859fa1,fda095cb-831d-4601-ad94-846013963de8,f92806d7-1768-443f-afe8-12bcde84d0f0,dd3a144d-ab7f-41f0-82b8-2e43a090d496,f0416e68-0200-4b77-a926-4f9d16e494da,970b0598-bcb0-4714-91fb-2e81440dccd8,bcd64cc6-2dd9-43f6-abbe-66318d332032,d930590d-bb92-4cc8-8bd1-23cd027f9edf,a3cd009f-0ab0-420d-9278-b9fdab939bbc,6a2d0734-bd9e-4ddf-946e-caa52498cb75,c27215d8-6835-4b68-bfbb-bdeac6100c04,b5d6115f-0370-4d7c-aad3-c194cc71cf98,871c3b6c-7379-419d-bda3-794b239ab90d,ff9b0199-ce04-4cfe-86cc-6c719f08d6e4,de1c2107-70c8-4021-8459-6399f24d01c6,cbf30902-517f-40dc-af90-a550bac27cf1
2025-7-19 10:02:08-debug:   Number of all scenes: 1
2025-7-19 10:02:08-debug:   Number of other assets: 498
2025-7-19 10:02:08-debug: Init bundle root assets success..., progress: 0%
2025-7-19 10:02:08-debug: 查询 Asset Bundle start, progress: 5%
2025-7-19 10:02:08-debug: // ---- build task 查询 Asset Bundle ----
2025-7-19 10:02:08-log: run build task 查询 Asset Bundle success in 1 ms√, progress: 5%
2025-7-19 10:02:08-debug:   Number of all scripts: 10
2025-7-19 10:02:08-debug: // ---- build task 查询 Asset Bundle ---- (1ms)
2025-7-19 10:02:08-debug: [Build Memory track]: 查询 Asset Bundle start:206.53MB, end 207.15MB, increase: 630.85KB
2025-7-19 10:02:08-debug: // ---- build task 查询 Asset Bundle ---- (1ms)
2025-7-19 10:02:08-log: run build task 查询 Asset Bundle success in 1 ms√, progress: 10%
2025-7-19 10:02:08-debug: [Build Memory track]: 查询 Asset Bundle start:207.17MB, end 206.57MB, increase: -610.90KB
2025-7-19 10:02:08-debug: 整理部分构建选项内数据到 settings.json start, progress: 10%
2025-7-19 10:02:08-debug: // ---- build task 整理部分构建选项内数据到 settings.json ----
2025-7-19 10:02:08-log: run build task 整理部分构建选项内数据到 settings.json success in √, progress: 12%
2025-7-19 10:02:08-debug: [Build Memory track]: 整理部分构建选项内数据到 settings.json start:206.60MB, end 206.61MB, increase: 14.45KB
2025-7-19 10:02:08-debug: 填充脚本数据到 settings.json start, progress: 12%
2025-7-19 10:02:08-debug: // ---- build task 填充脚本数据到 settings.json ----
2025-7-19 10:02:08-log: run build task 填充脚本数据到 settings.json success in √, progress: 13%
2025-7-19 10:02:08-debug: // ---- build task 整理部分构建选项内数据到 settings.json ----
2025-7-19 10:02:08-debug: 整理部分构建选项内数据到 settings.json start, progress: 13%
2025-7-19 10:02:08-debug: [Build Memory track]: 填充脚本数据到 settings.json start:206.64MB, end 206.65MB, increase: 16.35KB
2025-7-19 10:02:08-debug: // ---- build task 整理部分构建选项内数据到 settings.json ---- (1ms)
2025-7-19 10:02:08-debug: [Build Memory track]: 整理部分构建选项内数据到 settings.json start:206.68MB, end 206.80MB, increase: 126.10KB
2025-7-19 10:02:08-log: run build task 整理部分构建选项内数据到 settings.json success in 1 ms√, progress: 15%
2025-7-19 10:02:22-debug: refresh db internal success
2025-7-19 10:02:22-debug: refresh db assets success
2025-7-19 10:02:22-debug: Run asset db hook engine-extends:afterRefresh ...
2025-7-19 10:02:22-debug: Run asset db hook engine-extends:afterRefresh success!
2025-7-19 10:02:22-debug: asset-db:refresh-all-database (30ms)
2025-7-19 10:02:22-debug: asset-db:worker-effect-data-processing (1ms)
2025-7-19 10:02:22-debug: asset-db-hook-engine-extends-afterRefresh (1ms)
2025-7-19 10:07:04-debug: %cImport%c: /Users/zhao/Desktop/test/cocos-creator/PlaneFight/assets/Scenes/Start.scenebackground: #aaff85; color: #000;color: #000;
2025-7-19 10:07:04-debug: asset-db:reimport-asset2fda4d65-a1e9-4078-8250-de49b04cdc34 (8ms)
2025-7-19 10:07:06-debug: %cImport%c: /Users/zhao/Desktop/test/cocos-creator/PlaneFight/assets/Scenes/Start.scenebackground: #aaff85; color: #000;color: #000;
2025-7-19 10:07:06-debug: asset-db:reimport-asset2fda4d65-a1e9-4078-8250-de49b04cdc34 (4ms)
2025-7-19 10:07:10-debug: start refresh asset from /Users/zhao/Desktop/test/cocos-creator/PlaneFight/assets/Prefabs/enemy2.prefab...
2025-7-19 10:07:10-debug: %cImport%c: /Users/zhao/Desktop/test/cocos-creator/PlaneFight/assets/Prefabs/enemy2.prefabbackground: #aaff85; color: #000;color: #000;
2025-7-19 10:07:10-debug: refresh asset /Users/zhao/Desktop/test/cocos-creator/PlaneFight/assets/Prefabs success
2025-7-19 10:07:10-debug: %cImport%c: /Users/zhao/Desktop/test/cocos-creator/PlaneFight/assets/Prefabsbackground: #aaff85; color: #000;color: #000;
2025-7-19 10:07:18-debug: %cImport%c: /Users/zhao/Desktop/test/cocos-creator/PlaneFight/assets/Scenes/Start.scenebackground: #aaff85; color: #000;color: #000;
2025-7-19 10:07:18-debug: asset-db:reimport-asset2fda4d65-a1e9-4078-8250-de49b04cdc34 (7ms)
2025-7-19 10:07:18-debug: Query all assets info in project
2025-7-19 10:07:18-debug: Skip compress image, progress: 0%
2025-7-19 10:07:18-debug: init custom config: keepNodeUuid: false, useCache: true
2025-7-19 10:07:18-debug: Init all bundles start..., progress: 0%
2025-7-19 10:07:18-debug: 查询 Asset Bundle start, progress: 0%
2025-7-19 10:07:18-debug: // ---- build task 查询 Asset Bundle ----
2025-7-19 10:07:18-debug: Num of bundles: 2..., progress: 0%
2025-7-19 10:07:18-debug: Init bundle root assets start..., progress: 0%
2025-7-19 10:07:18-debug: Query preload assets/scripts from cc.config.json: 60f7195c-ec2a-45eb-ba94-8955f60e81d0,1c02ae6f-4492-4915-b8f8-7492a3b1e4cd,810e96e4-e456-4468-9b59-f4e8f39732c0,efe8e2a3-eace-427b-b4f1-cb8a937ec77d,e9aa9a3e-5b2b-4ac7-a2c7-073de2b2b24f,8bbdbcdd-5cd4-4100-b6d5-b7c9625b6107,50f4348b-c883-4e2f-8f11-ce233b859fa1,fda095cb-831d-4601-ad94-846013963de8,f92806d7-1768-443f-afe8-12bcde84d0f0,dd3a144d-ab7f-41f0-82b8-2e43a090d496,f0416e68-0200-4b77-a926-4f9d16e494da,970b0598-bcb0-4714-91fb-2e81440dccd8,bcd64cc6-2dd9-43f6-abbe-66318d332032,d930590d-bb92-4cc8-8bd1-23cd027f9edf,a3cd009f-0ab0-420d-9278-b9fdab939bbc,6a2d0734-bd9e-4ddf-946e-caa52498cb75,c27215d8-6835-4b68-bfbb-bdeac6100c04,b5d6115f-0370-4d7c-aad3-c194cc71cf98,871c3b6c-7379-419d-bda3-794b239ab90d,ff9b0199-ce04-4cfe-86cc-6c719f08d6e4,de1c2107-70c8-4021-8459-6399f24d01c6,cbf30902-517f-40dc-af90-a550bac27cf1
2025-7-19 10:07:18-debug:   Number of other assets: 499
2025-7-19 10:07:18-debug:   Number of all scripts: 10
2025-7-19 10:07:18-debug: Init bundle root assets success..., progress: 0%
2025-7-19 10:07:18-debug:   Number of all scenes: 1
2025-7-19 10:07:18-debug: // ---- build task 查询 Asset Bundle ---- (1ms)
2025-7-19 10:07:18-debug: [Build Memory track]: 查询 Asset Bundle start:208.18MB, end 207.97MB, increase: -210.57KB
2025-7-19 10:07:18-debug: 查询 Asset Bundle start, progress: 5%
2025-7-19 10:07:18-debug: // ---- build task 查询 Asset Bundle ----
2025-7-19 10:07:18-log: run build task 查询 Asset Bundle success in 1 ms√, progress: 5%
2025-7-19 10:07:18-log: run build task 查询 Asset Bundle success in √, progress: 10%
2025-7-19 10:07:18-debug: // ---- build task 整理部分构建选项内数据到 settings.json ----
2025-7-19 10:07:18-debug: 整理部分构建选项内数据到 settings.json start, progress: 10%
2025-7-19 10:07:18-debug: [Build Memory track]: 查询 Asset Bundle start:208.00MB, end 208.36MB, increase: 371.86KB
2025-7-19 10:07:18-log: run build task 整理部分构建选项内数据到 settings.json success in √, progress: 12%
2025-7-19 10:07:18-debug: 填充脚本数据到 settings.json start, progress: 12%
2025-7-19 10:07:18-debug: [Build Memory track]: 整理部分构建选项内数据到 settings.json start:208.14MB, end 208.15MB, increase: 15.59KB
2025-7-19 10:07:18-debug: // ---- build task 填充脚本数据到 settings.json ----
2025-7-19 10:07:18-log: run build task 填充脚本数据到 settings.json success in √, progress: 13%
2025-7-19 10:07:18-debug: [Build Memory track]: 填充脚本数据到 settings.json start:208.18MB, end 208.19MB, increase: 15.18KB
2025-7-19 10:07:18-debug: 整理部分构建选项内数据到 settings.json start, progress: 13%
2025-7-19 10:07:18-debug: // ---- build task 整理部分构建选项内数据到 settings.json ----
2025-7-19 10:07:18-debug: // ---- build task 整理部分构建选项内数据到 settings.json ---- (1ms)
2025-7-19 10:07:18-log: run build task 整理部分构建选项内数据到 settings.json success in 1 ms√, progress: 15%
2025-7-19 10:07:18-debug: [Build Memory track]: 整理部分构建选项内数据到 settings.json start:208.22MB, end 208.34MB, increase: 127.19KB
2025-7-19 10:07:57-debug: refresh db internal success
2025-7-19 10:07:57-debug: refresh db assets success
2025-7-19 10:07:57-debug: Run asset db hook engine-extends:afterRefresh ...
2025-7-19 10:07:57-debug: Run asset db hook engine-extends:afterRefresh success!
2025-7-19 10:07:57-debug: asset-db:refresh-all-database (42ms)
2025-7-19 10:07:57-debug: asset-db:worker-effect-data-processing (1ms)
2025-7-19 10:07:57-debug: asset-db-hook-engine-extends-afterRefresh (1ms)
2025-7-19 10:09:01-debug: refresh db internal success
2025-7-19 10:09:01-debug: %cImport%c: /Users/zhao/Desktop/test/cocos-creator/PlaneFight/assets/Scripts/Enemy.tsbackground: #aaff85; color: #000;color: #000;
2025-7-19 10:09:01-debug: refresh db assets success
2025-7-19 10:09:01-debug: Run asset db hook engine-extends:afterRefresh ...
2025-7-19 10:09:01-debug: Run asset db hook engine-extends:afterRefresh success!
2025-7-19 10:09:01-debug: asset-db:refresh-all-database (29ms)
2025-7-19 10:09:01-debug: asset-db-hook-engine-extends-afterRefresh (1ms)
2025-7-19 10:09:01-debug: asset-db:worker-effect-data-processing (1ms)
2025-7-19 10:09:03-debug: %cImport%c: /Users/zhao/Desktop/test/cocos-creator/PlaneFight/assets/Scenes/Start.scenebackground: #aaff85; color: #000;color: #000;
2025-7-19 10:09:03-debug: asset-db:reimport-asset2fda4d65-a1e9-4078-8250-de49b04cdc34 (8ms)
2025-7-19 10:09:07-debug: Query all assets info in project
2025-7-19 10:09:07-debug: init custom config: keepNodeUuid: false, useCache: true
2025-7-19 10:09:07-debug: Skip compress image, progress: 0%
2025-7-19 10:09:07-debug: Num of bundles: 2..., progress: 0%
2025-7-19 10:09:07-debug: // ---- build task 查询 Asset Bundle ----
2025-7-19 10:09:07-debug: Init bundle root assets start..., progress: 0%
2025-7-19 10:09:07-debug: 查询 Asset Bundle start, progress: 0%
2025-7-19 10:09:07-debug: Init all bundles start..., progress: 0%
2025-7-19 10:09:07-debug: Query preload assets/scripts from cc.config.json: 60f7195c-ec2a-45eb-ba94-8955f60e81d0,1c02ae6f-4492-4915-b8f8-7492a3b1e4cd,810e96e4-e456-4468-9b59-f4e8f39732c0,efe8e2a3-eace-427b-b4f1-cb8a937ec77d,e9aa9a3e-5b2b-4ac7-a2c7-073de2b2b24f,8bbdbcdd-5cd4-4100-b6d5-b7c9625b6107,50f4348b-c883-4e2f-8f11-ce233b859fa1,fda095cb-831d-4601-ad94-846013963de8,f92806d7-1768-443f-afe8-12bcde84d0f0,dd3a144d-ab7f-41f0-82b8-2e43a090d496,f0416e68-0200-4b77-a926-4f9d16e494da,970b0598-bcb0-4714-91fb-2e81440dccd8,bcd64cc6-2dd9-43f6-abbe-66318d332032,d930590d-bb92-4cc8-8bd1-23cd027f9edf,a3cd009f-0ab0-420d-9278-b9fdab939bbc,6a2d0734-bd9e-4ddf-946e-caa52498cb75,c27215d8-6835-4b68-bfbb-bdeac6100c04,b5d6115f-0370-4d7c-aad3-c194cc71cf98,871c3b6c-7379-419d-bda3-794b239ab90d,ff9b0199-ce04-4cfe-86cc-6c719f08d6e4,de1c2107-70c8-4021-8459-6399f24d01c6,cbf30902-517f-40dc-af90-a550bac27cf1
2025-7-19 10:09:07-debug:   Number of other assets: 499
2025-7-19 10:09:07-debug:   Number of all scripts: 10
2025-7-19 10:09:07-debug: Init bundle root assets success..., progress: 0%
2025-7-19 10:09:07-debug:   Number of all scenes: 1
2025-7-19 10:09:07-debug: // ---- build task 查询 Asset Bundle ---- (1ms)
2025-7-19 10:09:07-log: run build task 查询 Asset Bundle success in 1 ms√, progress: 5%
2025-7-19 10:09:07-debug: [Build Memory track]: 查询 Asset Bundle start:209.77MB, end 209.54MB, increase: -236.37KB
2025-7-19 10:09:07-debug: 查询 Asset Bundle start, progress: 5%
2025-7-19 10:09:07-debug: // ---- build task 查询 Asset Bundle ----
2025-7-19 10:09:07-debug: // ---- build task 查询 Asset Bundle ---- (1ms)
2025-7-19 10:09:07-debug: 整理部分构建选项内数据到 settings.json start, progress: 10%
2025-7-19 10:09:07-log: run build task 查询 Asset Bundle success in 1 ms√, progress: 10%
2025-7-19 10:09:07-debug: // ---- build task 整理部分构建选项内数据到 settings.json ----
2025-7-19 10:09:07-debug: [Build Memory track]: 查询 Asset Bundle start:209.56MB, end 209.66MB, increase: 106.76KB
2025-7-19 10:09:07-log: run build task 整理部分构建选项内数据到 settings.json success in √, progress: 12%
2025-7-19 10:09:07-debug: [Build Memory track]: 整理部分构建选项内数据到 settings.json start:209.69MB, end 209.71MB, increase: 15.99KB
2025-7-19 10:09:07-debug: 填充脚本数据到 settings.json start, progress: 12%
2025-7-19 10:09:07-debug: // ---- build task 填充脚本数据到 settings.json ----
2025-7-19 10:09:07-log: run build task 填充脚本数据到 settings.json success in √, progress: 13%
2025-7-19 10:09:07-debug: [Build Memory track]: 填充脚本数据到 settings.json start:209.73MB, end 209.75MB, increase: 19.61KB
2025-7-19 10:09:07-debug: 整理部分构建选项内数据到 settings.json start, progress: 13%
2025-7-19 10:09:07-debug: // ---- build task 整理部分构建选项内数据到 settings.json ----
2025-7-19 10:09:07-debug: // ---- build task 整理部分构建选项内数据到 settings.json ---- (2ms)
2025-7-19 10:09:07-log: run build task 整理部分构建选项内数据到 settings.json success in 2 ms√, progress: 15%
2025-7-19 10:09:07-debug: [Build Memory track]: 整理部分构建选项内数据到 settings.json start:209.77MB, end 209.90MB, increase: 131.65KB
2025-7-19 10:09:28-debug: refresh db internal success
2025-7-19 10:09:28-debug: %cImport%c: /Users/zhao/Desktop/test/cocos-creator/PlaneFight/assets/Scripts/Enemy.tsbackground: #aaff85; color: #000;color: #000;
2025-7-19 10:09:28-debug: refresh db assets success
2025-7-19 10:09:28-debug: Run asset db hook engine-extends:afterRefresh ...
2025-7-19 10:09:28-debug: Run asset db hook engine-extends:afterRefresh success!
2025-7-19 10:09:28-debug: asset-db:refresh-all-database (27ms)
2025-7-19 10:09:28-debug: asset-db:worker-effect-data-processing (1ms)
2025-7-19 10:09:28-debug: asset-db-hook-engine-extends-afterRefresh (1ms)
2025-7-19 10:12:55-debug: %cImport%c: /Users/zhao/Desktop/test/cocos-creator/PlaneFight/assets/Scenes/Start.scenebackground: #aaff85; color: #000;color: #000;
2025-7-19 10:12:55-debug: asset-db:reimport-asset2fda4d65-a1e9-4078-8250-de49b04cdc34 (5ms)
2025-7-19 10:13:22-debug: start refresh asset from /Users/zhao/Desktop/test/cocos-creator/PlaneFight/assets/An...
2025-7-19 10:13:22-debug: %cImport%c: /Users/zhao/Desktop/test/cocos-creator/PlaneFight/assets/Anbackground: #aaff85; color: #000;color: #000;
2025-7-19 10:13:22-debug: refresh asset /Users/zhao/Desktop/test/cocos-creator/PlaneFight/assets success
2025-7-19 10:13:31-debug: start move asset from /Users/zhao/Desktop/test/cocos-creator/PlaneFight/assets/An -> /Users/zhao/Desktop/test/cocos-creator/PlaneFight/assets/Ani ma t...
2025-7-19 10:13:31-debug: start refresh asset from /Users/zhao/Desktop/test/cocos-creator/PlaneFight/assets/Ani ma t...
2025-7-19 10:13:31-debug: %cImport%c: /Users/zhao/Desktop/test/cocos-creator/PlaneFight/assets/Ani ma tbackground: #aaff85; color: #000;color: #000;
2025-7-19 10:13:31-debug: move asset from /Users/zhao/Desktop/test/cocos-creator/PlaneFight/assets/An -> /Users/zhao/Desktop/test/cocos-creator/PlaneFight/assets/Ani ma t success
2025-7-19 10:13:31-debug: refresh asset /Users/zhao/Desktop/test/cocos-creator/PlaneFight/assets success
2025-7-19 10:13:31-debug: start refresh asset from /Users/zhao/Desktop/test/cocos-creator/PlaneFight/assets...
2025-7-19 10:13:31-debug: refresh asset /Users/zhao/Desktop/test/cocos-creator/PlaneFight success
2025-7-19 10:13:39-debug: start move asset from /Users/zhao/Desktop/test/cocos-creator/PlaneFight/assets/Ani ma t -> /Users/zhao/Desktop/test/cocos-creator/PlaneFight/assets/Animations...
2025-7-19 10:13:39-debug: start refresh asset from /Users/zhao/Desktop/test/cocos-creator/PlaneFight/assets/Animations...
2025-7-19 10:13:39-debug: refresh asset /Users/zhao/Desktop/test/cocos-creator/PlaneFight success
2025-7-19 10:13:39-debug: %cImport%c: /Users/zhao/Desktop/test/cocos-creator/PlaneFight/assets/Animationsbackground: #aaff85; color: #000;color: #000;
2025-7-19 10:13:39-debug: move asset from /Users/zhao/Desktop/test/cocos-creator/PlaneFight/assets/Ani ma t -> /Users/zhao/Desktop/test/cocos-creator/PlaneFight/assets/Animations success
2025-7-19 10:13:39-debug: start refresh asset from /Users/zhao/Desktop/test/cocos-creator/PlaneFight/assets...
2025-7-19 10:13:39-debug: refresh asset /Users/zhao/Desktop/test/cocos-creator/PlaneFight/assets success
2025-7-19 10:17:52-debug: refresh db internal success
2025-7-19 10:17:52-debug: refresh db assets success
2025-7-19 10:17:52-debug: Run asset db hook engine-extends:afterRefresh ...
2025-7-19 10:17:52-debug: Run asset db hook engine-extends:afterRefresh success!
2025-7-19 10:17:52-debug: asset-db:refresh-all-database (51ms)
2025-7-19 10:17:52-debug: asset-db:worker-effect-data-processing (1ms)
2025-7-19 10:17:52-debug: asset-db-hook-engine-extends-afterRefresh (2ms)
2025-7-19 10:21:04-debug: refresh db internal success
2025-7-19 10:21:04-debug: refresh db assets success
2025-7-19 10:21:04-debug: Run asset db hook engine-extends:afterRefresh success!
2025-7-19 10:21:04-debug: Run asset db hook engine-extends:afterRefresh ...
2025-7-19 10:21:04-debug: asset-db:refresh-all-database (32ms)
2025-7-19 10:21:04-debug: asset-db-hook-engine-extends-afterRefresh (1ms)
2025-7-19 10:21:47-debug: start refresh asset from /Users/zhao/Desktop/test/cocos-creator/PlaneFight/assets/Animations/Hero.anim...
2025-7-19 10:21:47-debug: %cImport%c: /Users/zhao/Desktop/test/cocos-creator/PlaneFight/assets/Animations/Hero.animbackground: #aaff85; color: #000;color: #000;
2025-7-19 10:21:47-debug: refresh asset /Users/zhao/Desktop/test/cocos-creator/PlaneFight/assets/Animations success
2025-7-19 10:21:47-debug: %cImport%c: /Users/zhao/Desktop/test/cocos-creator/PlaneFight/assets/Animationsbackground: #aaff85; color: #000;color: #000;
2025-7-19 10:21:47-debug: refresh db internal success
2025-7-19 10:21:47-debug: refresh db assets success
2025-7-19 10:21:47-debug: Run asset db hook engine-extends:afterRefresh ...
2025-7-19 10:21:47-debug: Run asset db hook engine-extends:afterRefresh success!
2025-7-19 10:21:47-debug: asset-db:refresh-all-database (17ms)
2025-7-19 10:21:47-debug: asset-db:worker-effect-data-processing (1ms)
2025-7-19 10:21:47-debug: asset-db-hook-engine-extends-afterRefresh (1ms)
2025-7-19 10:23:13-debug: %cImport%c: /Users/zhao/Desktop/test/cocos-creator/PlaneFight/assets/Animations/Hero.animbackground: #aaff85; color: #000;color: #000;
2025-7-19 10:23:13-debug: asset-db:reimport-assetf1583a37-718a-4a94-bedd-4bf16c54d1cd (5ms)
2025-7-19 10:23:14-debug: %cImport%c: /Users/zhao/Desktop/test/cocos-creator/PlaneFight/assets/Animations/Hero.animbackground: #aaff85; color: #000;color: #000;
2025-7-19 10:23:14-debug: asset-db:reimport-assetf1583a37-718a-4a94-bedd-4bf16c54d1cd (2ms)
2025-7-19 10:23:16-debug: %cImport%c: /Users/zhao/Desktop/test/cocos-creator/PlaneFight/assets/Animations/Hero.animbackground: #aaff85; color: #000;color: #000;
2025-7-19 10:23:16-debug: asset-db:reimport-assetf1583a37-718a-4a94-bedd-4bf16c54d1cd (3ms)
2025-7-19 10:23:16-debug: Query all assets info in project
2025-7-19 10:23:16-debug: init custom config: keepNodeUuid: false, useCache: true
2025-7-19 10:23:16-debug: Skip compress image, progress: 0%
2025-7-19 10:23:16-debug: Init all bundles start..., progress: 0%
2025-7-19 10:23:16-debug: Num of bundles: 2..., progress: 0%
2025-7-19 10:23:16-debug: 查询 Asset Bundle start, progress: 0%
2025-7-19 10:23:16-debug: // ---- build task 查询 Asset Bundle ----
2025-7-19 10:23:16-debug: Init bundle root assets start..., progress: 0%
2025-7-19 10:23:16-debug: Query preload assets/scripts from cc.config.json: 60f7195c-ec2a-45eb-ba94-8955f60e81d0,1c02ae6f-4492-4915-b8f8-7492a3b1e4cd,810e96e4-e456-4468-9b59-f4e8f39732c0,efe8e2a3-eace-427b-b4f1-cb8a937ec77d,e9aa9a3e-5b2b-4ac7-a2c7-073de2b2b24f,8bbdbcdd-5cd4-4100-b6d5-b7c9625b6107,50f4348b-c883-4e2f-8f11-ce233b859fa1,fda095cb-831d-4601-ad94-846013963de8,f92806d7-1768-443f-afe8-12bcde84d0f0,dd3a144d-ab7f-41f0-82b8-2e43a090d496,f0416e68-0200-4b77-a926-4f9d16e494da,970b0598-bcb0-4714-91fb-2e81440dccd8,bcd64cc6-2dd9-43f6-abbe-66318d332032,d930590d-bb92-4cc8-8bd1-23cd027f9edf,a3cd009f-0ab0-420d-9278-b9fdab939bbc,6a2d0734-bd9e-4ddf-946e-caa52498cb75,c27215d8-6835-4b68-bfbb-bdeac6100c04,b5d6115f-0370-4d7c-aad3-c194cc71cf98,871c3b6c-7379-419d-bda3-794b239ab90d,ff9b0199-ce04-4cfe-86cc-6c719f08d6e4,de1c2107-70c8-4021-8459-6399f24d01c6,cbf30902-517f-40dc-af90-a550bac27cf1
2025-7-19 10:23:16-debug:   Number of other assets: 500
2025-7-19 10:23:16-debug:   Number of all scripts: 10
2025-7-19 10:23:16-debug: Init bundle root assets success..., progress: 0%
2025-7-19 10:23:16-debug:   Number of all scenes: 1
2025-7-19 10:23:16-debug: // ---- build task 查询 Asset Bundle ---- (1ms)
2025-7-19 10:23:16-log: run build task 查询 Asset Bundle success in 1 ms√, progress: 5%
2025-7-19 10:23:16-debug: [Build Memory track]: 查询 Asset Bundle start:212.21MB, end 211.94MB, increase: -277.43KB
2025-7-19 10:23:16-debug: 查询 Asset Bundle start, progress: 5%
2025-7-19 10:23:16-debug: // ---- build task 查询 Asset Bundle ----
2025-7-19 10:23:16-log: run build task 查询 Asset Bundle success in √, progress: 10%
2025-7-19 10:23:16-debug: 整理部分构建选项内数据到 settings.json start, progress: 10%
2025-7-19 10:23:16-debug: [Build Memory track]: 查询 Asset Bundle start:211.97MB, end 212.07MB, increase: 102.16KB
2025-7-19 10:23:16-debug: // ---- build task 整理部分构建选项内数据到 settings.json ----
2025-7-19 10:23:16-log: run build task 整理部分构建选项内数据到 settings.json success in √, progress: 12%
2025-7-19 10:23:16-debug: [Build Memory track]: 整理部分构建选项内数据到 settings.json start:212.10MB, end 212.11MB, increase: 14.44KB
2025-7-19 10:23:16-debug: 填充脚本数据到 settings.json start, progress: 12%
2025-7-19 10:23:16-debug: // ---- build task 填充脚本数据到 settings.json ----
2025-7-19 10:23:16-log: run build task 填充脚本数据到 settings.json success in √, progress: 13%
2025-7-19 10:23:16-debug: // ---- build task 整理部分构建选项内数据到 settings.json ----
2025-7-19 10:23:16-debug: 整理部分构建选项内数据到 settings.json start, progress: 13%
2025-7-19 10:23:16-debug: [Build Memory track]: 填充脚本数据到 settings.json start:212.14MB, end 212.15MB, increase: 15.72KB
2025-7-19 10:23:16-debug: // ---- build task 整理部分构建选项内数据到 settings.json ---- (1ms)
2025-7-19 10:23:16-log: run build task 整理部分构建选项内数据到 settings.json success in 1 ms√, progress: 15%
2025-7-19 10:23:16-debug: [Build Memory track]: 整理部分构建选项内数据到 settings.json start:212.18MB, end 212.30MB, increase: 129.65KB
2025-7-19 10:23:53-debug: %cImport%c: /Users/zhao/Desktop/test/cocos-creator/PlaneFight/assets/Animations/Hero.animbackground: #aaff85; color: #000;color: #000;
2025-7-19 10:23:53-debug: asset-db:reimport-assetf1583a37-718a-4a94-bedd-4bf16c54d1cd (4ms)
2025-7-19 10:23:53-debug: %cImport%c: /Users/zhao/Desktop/test/cocos-creator/PlaneFight/assets/Animations/Hero.animbackground: #aaff85; color: #000;color: #000;
2025-7-19 10:23:53-debug: asset-db:reimport-assetf1583a37-718a-4a94-bedd-4bf16c54d1cd (3ms)
2025-7-19 10:24:14-debug: Query all assets info in project
2025-7-19 10:24:14-debug: init custom config: keepNodeUuid: false, useCache: true
2025-7-19 10:24:14-debug: Skip compress image, progress: 0%
2025-7-19 10:24:14-debug: Init all bundles start..., progress: 0%
2025-7-19 10:24:14-debug: // ---- build task 查询 Asset Bundle ----
2025-7-19 10:24:14-debug: 查询 Asset Bundle start, progress: 0%
2025-7-19 10:24:14-debug: Num of bundles: 2..., progress: 0%
2025-7-19 10:24:14-debug: Init bundle root assets start..., progress: 0%
2025-7-19 10:24:14-debug: Query preload assets/scripts from cc.config.json: 60f7195c-ec2a-45eb-ba94-8955f60e81d0,1c02ae6f-4492-4915-b8f8-7492a3b1e4cd,810e96e4-e456-4468-9b59-f4e8f39732c0,efe8e2a3-eace-427b-b4f1-cb8a937ec77d,e9aa9a3e-5b2b-4ac7-a2c7-073de2b2b24f,8bbdbcdd-5cd4-4100-b6d5-b7c9625b6107,50f4348b-c883-4e2f-8f11-ce233b859fa1,fda095cb-831d-4601-ad94-846013963de8,f92806d7-1768-443f-afe8-12bcde84d0f0,dd3a144d-ab7f-41f0-82b8-2e43a090d496,f0416e68-0200-4b77-a926-4f9d16e494da,970b0598-bcb0-4714-91fb-2e81440dccd8,bcd64cc6-2dd9-43f6-abbe-66318d332032,d930590d-bb92-4cc8-8bd1-23cd027f9edf,a3cd009f-0ab0-420d-9278-b9fdab939bbc,6a2d0734-bd9e-4ddf-946e-caa52498cb75,c27215d8-6835-4b68-bfbb-bdeac6100c04,b5d6115f-0370-4d7c-aad3-c194cc71cf98,871c3b6c-7379-419d-bda3-794b239ab90d,ff9b0199-ce04-4cfe-86cc-6c719f08d6e4,de1c2107-70c8-4021-8459-6399f24d01c6,cbf30902-517f-40dc-af90-a550bac27cf1
2025-7-19 10:24:14-debug:   Number of all scenes: 1
2025-7-19 10:24:14-debug:   Number of all scripts: 10
2025-7-19 10:24:14-debug: Init bundle root assets success..., progress: 0%
2025-7-19 10:24:14-debug:   Number of other assets: 500
2025-7-19 10:24:14-debug: // ---- build task 查询 Asset Bundle ---- (1ms)
2025-7-19 10:24:14-debug: // ---- build task 查询 Asset Bundle ----
2025-7-19 10:24:14-log: run build task 查询 Asset Bundle success in 1 ms√, progress: 5%
2025-7-19 10:24:14-debug: 查询 Asset Bundle start, progress: 5%
2025-7-19 10:24:14-debug: [Build Memory track]: 查询 Asset Bundle start:212.40MB, end 212.14MB, increase: -269.92KB
2025-7-19 10:24:14-log: run build task 查询 Asset Bundle success in √, progress: 10%
2025-7-19 10:24:14-debug: [Build Memory track]: 查询 Asset Bundle start:212.16MB, end 212.26MB, increase: 98.07KB
2025-7-19 10:24:14-debug: 整理部分构建选项内数据到 settings.json start, progress: 10%
2025-7-19 10:24:14-debug: // ---- build task 整理部分构建选项内数据到 settings.json ----
2025-7-19 10:24:14-log: run build task 整理部分构建选项内数据到 settings.json success in √, progress: 12%
2025-7-19 10:24:14-debug: [Build Memory track]: 整理部分构建选项内数据到 settings.json start:212.28MB, end 212.30MB, increase: 14.59KB
2025-7-19 10:24:14-debug: // ---- build task 填充脚本数据到 settings.json ----
2025-7-19 10:24:14-debug: 填充脚本数据到 settings.json start, progress: 12%
2025-7-19 10:24:14-log: run build task 填充脚本数据到 settings.json success in √, progress: 13%
2025-7-19 10:24:14-debug: [Build Memory track]: 填充脚本数据到 settings.json start:212.32MB, end 212.34MB, increase: 15.92KB
2025-7-19 10:24:14-debug: 整理部分构建选项内数据到 settings.json start, progress: 13%
2025-7-19 10:24:14-debug: // ---- build task 整理部分构建选项内数据到 settings.json ----
2025-7-19 10:24:14-log: run build task 整理部分构建选项内数据到 settings.json success in √, progress: 15%
2025-7-19 10:24:14-debug: [Build Memory track]: 整理部分构建选项内数据到 settings.json start:212.36MB, end 212.47MB, increase: 113.79KB
2025-7-19 10:24:40-debug: %cImport%c: /Users/zhao/Desktop/test/cocos-creator/PlaneFight/assets/Animations/Hero.animbackground: #aaff85; color: #000;color: #000;
2025-7-19 10:24:40-debug: asset-db:reimport-assetf1583a37-718a-4a94-bedd-4bf16c54d1cd (8ms)
2025-7-19 10:24:41-debug: %cImport%c: /Users/zhao/Desktop/test/cocos-creator/PlaneFight/assets/Animations/Hero.animbackground: #aaff85; color: #000;color: #000;
2025-7-19 10:24:41-debug: asset-db:reimport-assetf1583a37-718a-4a94-bedd-4bf16c54d1cd (2ms)
2025-7-19 10:24:45-debug: %cImport%c: /Users/zhao/Desktop/test/cocos-creator/PlaneFight/assets/Scenes/Start.scenebackground: #aaff85; color: #000;color: #000;
2025-7-19 10:24:45-debug: asset-db:reimport-asset2fda4d65-a1e9-4078-8250-de49b04cdc34 (4ms)
2025-7-19 10:25:06-debug: %cImport%c: /Users/zhao/Desktop/test/cocos-creator/PlaneFight/assets/Scenes/Start.scenebackground: #aaff85; color: #000;color: #000;
2025-7-19 10:25:06-debug: asset-db:reimport-asset2fda4d65-a1e9-4078-8250-de49b04cdc34 (9ms)
2025-7-19 10:25:39-debug: Query all assets info in project
2025-7-19 10:25:39-debug: init custom config: keepNodeUuid: false, useCache: true
2025-7-19 10:25:39-debug: Skip compress image, progress: 0%
2025-7-19 10:25:39-debug: Init all bundles start..., progress: 0%
2025-7-19 10:25:39-debug: // ---- build task 查询 Asset Bundle ----
2025-7-19 10:25:39-debug: 查询 Asset Bundle start, progress: 0%
2025-7-19 10:25:39-debug: Num of bundles: 2..., progress: 0%
2025-7-19 10:25:39-debug: Init bundle root assets start..., progress: 0%
2025-7-19 10:25:39-debug: Query preload assets/scripts from cc.config.json: 60f7195c-ec2a-45eb-ba94-8955f60e81d0,1c02ae6f-4492-4915-b8f8-7492a3b1e4cd,810e96e4-e456-4468-9b59-f4e8f39732c0,efe8e2a3-eace-427b-b4f1-cb8a937ec77d,e9aa9a3e-5b2b-4ac7-a2c7-073de2b2b24f,8bbdbcdd-5cd4-4100-b6d5-b7c9625b6107,50f4348b-c883-4e2f-8f11-ce233b859fa1,fda095cb-831d-4601-ad94-846013963de8,f92806d7-1768-443f-afe8-12bcde84d0f0,dd3a144d-ab7f-41f0-82b8-2e43a090d496,f0416e68-0200-4b77-a926-4f9d16e494da,970b0598-bcb0-4714-91fb-2e81440dccd8,bcd64cc6-2dd9-43f6-abbe-66318d332032,d930590d-bb92-4cc8-8bd1-23cd027f9edf,a3cd009f-0ab0-420d-9278-b9fdab939bbc,6a2d0734-bd9e-4ddf-946e-caa52498cb75,c27215d8-6835-4b68-bfbb-bdeac6100c04,b5d6115f-0370-4d7c-aad3-c194cc71cf98,871c3b6c-7379-419d-bda3-794b239ab90d,ff9b0199-ce04-4cfe-86cc-6c719f08d6e4,de1c2107-70c8-4021-8459-6399f24d01c6,cbf30902-517f-40dc-af90-a550bac27cf1
2025-7-19 10:25:39-debug: Init bundle root assets success..., progress: 0%
2025-7-19 10:25:39-debug:   Number of all scripts: 10
2025-7-19 10:25:39-debug:   Number of other assets: 500
2025-7-19 10:25:39-debug:   Number of all scenes: 1
2025-7-19 10:25:39-debug: // ---- build task 查询 Asset Bundle ---- (1ms)
2025-7-19 10:25:39-debug: 查询 Asset Bundle start, progress: 5%
2025-7-19 10:25:39-debug: [Build Memory track]: 查询 Asset Bundle start:213.64MB, end 213.36MB, increase: -284.29KB
2025-7-19 10:25:39-debug: // ---- build task 查询 Asset Bundle ----
2025-7-19 10:25:39-log: run build task 查询 Asset Bundle success in 1 ms√, progress: 5%
2025-7-19 10:25:39-log: run build task 查询 Asset Bundle success in √, progress: 10%
2025-7-19 10:25:39-debug: [Build Memory track]: 查询 Asset Bundle start:213.39MB, end 213.48MB, increase: 97.62KB
2025-7-19 10:25:39-debug: 整理部分构建选项内数据到 settings.json start, progress: 10%
2025-7-19 10:25:39-debug: // ---- build task 整理部分构建选项内数据到 settings.json ----
2025-7-19 10:25:39-log: run build task 整理部分构建选项内数据到 settings.json success in √, progress: 12%
2025-7-19 10:25:39-debug: [Build Memory track]: 整理部分构建选项内数据到 settings.json start:213.51MB, end 213.52MB, increase: 15.07KB
2025-7-19 10:25:39-debug: 填充脚本数据到 settings.json start, progress: 12%
2025-7-19 10:25:39-debug: // ---- build task 填充脚本数据到 settings.json ----
2025-7-19 10:25:39-log: run build task 填充脚本数据到 settings.json success in √, progress: 13%
2025-7-19 10:25:39-debug: [Build Memory track]: 填充脚本数据到 settings.json start:213.55MB, end 213.56MB, increase: 14.58KB
2025-7-19 10:25:39-debug: 整理部分构建选项内数据到 settings.json start, progress: 13%
2025-7-19 10:25:39-debug: // ---- build task 整理部分构建选项内数据到 settings.json ----
2025-7-19 10:25:39-debug: // ---- build task 整理部分构建选项内数据到 settings.json ---- (1ms)
2025-7-19 10:25:39-debug: [Build Memory track]: 整理部分构建选项内数据到 settings.json start:213.59MB, end 213.71MB, increase: 130.43KB
2025-7-19 10:25:39-log: run build task 整理部分构建选项内数据到 settings.json success in 1 ms√, progress: 15%
2025-7-19 10:26:26-debug: refresh db internal success
2025-7-19 10:26:26-debug: refresh db assets success
2025-7-19 10:26:26-debug: Run asset db hook engine-extends:afterRefresh ...
2025-7-19 10:26:26-debug: Run asset db hook engine-extends:afterRefresh success!
2025-7-19 10:26:26-debug: asset-db:refresh-all-database (40ms)
2025-7-19 10:26:37-debug: %cImport%c: /Users/zhao/Desktop/test/cocos-creator/PlaneFight/assets/Animations/Hero.animbackground: #aaff85; color: #000;color: #000;
2025-7-19 10:26:37-debug: asset-db:reimport-assetf1583a37-718a-4a94-bedd-4bf16c54d1cd (4ms)
2025-7-19 10:26:38-debug: Query all assets info in project
2025-7-19 10:26:38-debug: init custom config: keepNodeUuid: false, useCache: true
2025-7-19 10:26:38-debug: Skip compress image, progress: 0%
2025-7-19 10:26:38-debug: Init all bundles start..., progress: 0%
2025-7-19 10:26:38-debug: Num of bundles: 2..., progress: 0%
2025-7-19 10:26:38-debug: 查询 Asset Bundle start, progress: 0%
2025-7-19 10:26:38-debug: Init bundle root assets start..., progress: 0%
2025-7-19 10:26:38-debug: // ---- build task 查询 Asset Bundle ----
2025-7-19 10:26:38-debug: Query preload assets/scripts from cc.config.json: 60f7195c-ec2a-45eb-ba94-8955f60e81d0,1c02ae6f-4492-4915-b8f8-7492a3b1e4cd,810e96e4-e456-4468-9b59-f4e8f39732c0,efe8e2a3-eace-427b-b4f1-cb8a937ec77d,e9aa9a3e-5b2b-4ac7-a2c7-073de2b2b24f,8bbdbcdd-5cd4-4100-b6d5-b7c9625b6107,50f4348b-c883-4e2f-8f11-ce233b859fa1,fda095cb-831d-4601-ad94-846013963de8,f92806d7-1768-443f-afe8-12bcde84d0f0,dd3a144d-ab7f-41f0-82b8-2e43a090d496,f0416e68-0200-4b77-a926-4f9d16e494da,970b0598-bcb0-4714-91fb-2e81440dccd8,bcd64cc6-2dd9-43f6-abbe-66318d332032,d930590d-bb92-4cc8-8bd1-23cd027f9edf,a3cd009f-0ab0-420d-9278-b9fdab939bbc,6a2d0734-bd9e-4ddf-946e-caa52498cb75,c27215d8-6835-4b68-bfbb-bdeac6100c04,b5d6115f-0370-4d7c-aad3-c194cc71cf98,871c3b6c-7379-419d-bda3-794b239ab90d,ff9b0199-ce04-4cfe-86cc-6c719f08d6e4,de1c2107-70c8-4021-8459-6399f24d01c6,cbf30902-517f-40dc-af90-a550bac27cf1
2025-7-19 10:26:38-debug: Init bundle root assets success..., progress: 0%
2025-7-19 10:26:38-debug:   Number of other assets: 500
2025-7-19 10:26:38-debug:   Number of all scenes: 1
2025-7-19 10:26:38-debug:   Number of all scripts: 10
2025-7-19 10:26:38-debug: // ---- build task 查询 Asset Bundle ---- (1ms)
2025-7-19 10:26:38-log: run build task 查询 Asset Bundle success in 1 ms√, progress: 5%
2025-7-19 10:26:38-debug: // ---- build task 查询 Asset Bundle ----
2025-7-19 10:26:38-debug: [Build Memory track]: 查询 Asset Bundle start:214.35MB, end 214.05MB, increase: -300.01KB
2025-7-19 10:26:38-debug: 查询 Asset Bundle start, progress: 5%
2025-7-19 10:26:38-debug: // ---- build task 查询 Asset Bundle ---- (1ms)
2025-7-19 10:26:38-log: run build task 查询 Asset Bundle success in 1 ms√, progress: 10%
2025-7-19 10:26:38-debug: [Build Memory track]: 查询 Asset Bundle start:214.08MB, end 214.19MB, increase: 115.78KB
2025-7-19 10:26:38-debug: 整理部分构建选项内数据到 settings.json start, progress: 10%
2025-7-19 10:26:38-debug: // ---- build task 整理部分构建选项内数据到 settings.json ----
2025-7-19 10:26:38-log: run build task 整理部分构建选项内数据到 settings.json success in √, progress: 12%
2025-7-19 10:26:38-debug: [Build Memory track]: 整理部分构建选项内数据到 settings.json start:214.22MB, end 214.23MB, increase: 16.21KB
2025-7-19 10:26:38-debug: 填充脚本数据到 settings.json start, progress: 12%
2025-7-19 10:26:38-debug: // ---- build task 填充脚本数据到 settings.json ----
2025-7-19 10:26:38-debug: // ---- build task 填充脚本数据到 settings.json ---- (1ms)
2025-7-19 10:26:38-log: run build task 填充脚本数据到 settings.json success in 1 ms√, progress: 13%
2025-7-19 10:26:38-debug: // ---- build task 整理部分构建选项内数据到 settings.json ----
2025-7-19 10:26:38-debug: 整理部分构建选项内数据到 settings.json start, progress: 13%
2025-7-19 10:26:38-debug: [Build Memory track]: 填充脚本数据到 settings.json start:214.26MB, end 214.28MB, increase: 23.24KB
2025-7-19 10:26:38-log: run build task 整理部分构建选项内数据到 settings.json success in 1 ms√, progress: 15%
2025-7-19 10:26:38-debug: // ---- build task 整理部分构建选项内数据到 settings.json ---- (1ms)
2025-7-19 10:26:38-debug: [Build Memory track]: 整理部分构建选项内数据到 settings.json start:214.30MB, end 214.42MB, increase: 122.64KB
2025-7-19 10:29:23-debug: %cImport%c: /Users/zhao/Desktop/test/cocos-creator/PlaneFight/assets/Animations/Hero.animbackground: #aaff85; color: #000;color: #000;
2025-7-19 10:29:23-debug: asset-db:reimport-assetf1583a37-718a-4a94-bedd-4bf16c54d1cd (5ms)
2025-7-19 10:29:26-debug: %cImport%c: /Users/zhao/Desktop/test/cocos-creator/PlaneFight/assets/Scenes/Start.scenebackground: #aaff85; color: #000;color: #000;
2025-7-19 10:29:26-debug: asset-db:reimport-asset2fda4d65-a1e9-4078-8250-de49b04cdc34 (4ms)
2025-7-19 10:30:26-debug: Query all assets info in project
2025-7-19 10:30:26-debug: init custom config: keepNodeUuid: false, useCache: true
2025-7-19 10:30:26-debug: Skip compress image, progress: 0%
2025-7-19 10:30:26-debug: Init all bundles start..., progress: 0%
2025-7-19 10:30:26-debug: Num of bundles: 2..., progress: 0%
2025-7-19 10:30:26-debug: // ---- build task 查询 Asset Bundle ----
2025-7-19 10:30:26-debug: 查询 Asset Bundle start, progress: 0%
2025-7-19 10:30:26-debug: Init bundle root assets start..., progress: 0%
2025-7-19 10:30:26-debug: Query preload assets/scripts from cc.config.json: 60f7195c-ec2a-45eb-ba94-8955f60e81d0,1c02ae6f-4492-4915-b8f8-7492a3b1e4cd,810e96e4-e456-4468-9b59-f4e8f39732c0,efe8e2a3-eace-427b-b4f1-cb8a937ec77d,e9aa9a3e-5b2b-4ac7-a2c7-073de2b2b24f,8bbdbcdd-5cd4-4100-b6d5-b7c9625b6107,50f4348b-c883-4e2f-8f11-ce233b859fa1,fda095cb-831d-4601-ad94-846013963de8,f92806d7-1768-443f-afe8-12bcde84d0f0,dd3a144d-ab7f-41f0-82b8-2e43a090d496,f0416e68-0200-4b77-a926-4f9d16e494da,970b0598-bcb0-4714-91fb-2e81440dccd8,bcd64cc6-2dd9-43f6-abbe-66318d332032,d930590d-bb92-4cc8-8bd1-23cd027f9edf,a3cd009f-0ab0-420d-9278-b9fdab939bbc,6a2d0734-bd9e-4ddf-946e-caa52498cb75,c27215d8-6835-4b68-bfbb-bdeac6100c04,b5d6115f-0370-4d7c-aad3-c194cc71cf98,871c3b6c-7379-419d-bda3-794b239ab90d,ff9b0199-ce04-4cfe-86cc-6c719f08d6e4,de1c2107-70c8-4021-8459-6399f24d01c6,cbf30902-517f-40dc-af90-a550bac27cf1
2025-7-19 10:30:26-debug:   Number of other assets: 500
2025-7-19 10:30:26-debug:   Number of all scripts: 10
2025-7-19 10:30:26-debug: Init bundle root assets success..., progress: 0%
2025-7-19 10:30:26-debug:   Number of all scenes: 1
2025-7-19 10:30:26-debug: // ---- build task 查询 Asset Bundle ---- (2ms)
2025-7-19 10:30:26-log: run build task 查询 Asset Bundle success in 2 ms√, progress: 5%
2025-7-19 10:30:26-debug: [Build Memory track]: 查询 Asset Bundle start:215.44MB, end 215.17MB, increase: -275.55KB
2025-7-19 10:30:26-debug: 查询 Asset Bundle start, progress: 5%
2025-7-19 10:30:26-debug: // ---- build task 查询 Asset Bundle ----
2025-7-19 10:30:26-log: run build task 查询 Asset Bundle success in √, progress: 10%
2025-7-19 10:30:26-debug: 整理部分构建选项内数据到 settings.json start, progress: 10%
2025-7-19 10:30:26-debug: // ---- build task 整理部分构建选项内数据到 settings.json ----
2025-7-19 10:30:26-debug: [Build Memory track]: 查询 Asset Bundle start:215.20MB, end 215.29MB, increase: 97.70KB
2025-7-19 10:30:26-log: run build task 整理部分构建选项内数据到 settings.json success in √, progress: 12%
2025-7-19 10:30:26-debug: [Build Memory track]: 整理部分构建选项内数据到 settings.json start:215.32MB, end 215.33MB, increase: 15.61KB
2025-7-19 10:30:26-debug: 填充脚本数据到 settings.json start, progress: 12%
2025-7-19 10:30:26-debug: // ---- build task 填充脚本数据到 settings.json ----
2025-7-19 10:30:26-debug: // ---- build task 填充脚本数据到 settings.json ---- (1ms)
2025-7-19 10:30:26-log: run build task 填充脚本数据到 settings.json success in 1 ms√, progress: 13%
2025-7-19 10:30:26-debug: 整理部分构建选项内数据到 settings.json start, progress: 13%
2025-7-19 10:30:26-debug: // ---- build task 整理部分构建选项内数据到 settings.json ----
2025-7-19 10:30:26-debug: [Build Memory track]: 填充脚本数据到 settings.json start:215.36MB, end 215.38MB, increase: 23.12KB
2025-7-19 10:30:26-debug: // ---- build task 整理部分构建选项内数据到 settings.json ---- (1ms)
2025-7-19 10:30:26-log: run build task 整理部分构建选项内数据到 settings.json success in 1 ms√, progress: 15%
2025-7-19 10:30:26-debug: [Build Memory track]: 整理部分构建选项内数据到 settings.json start:215.40MB, end 214.83MB, increase: -586.98KB
2025-7-19 10:31:22-debug: %cImport%c: /Users/zhao/Desktop/test/cocos-creator/PlaneFight/assets/Animations/Hero.animbackground: #aaff85; color: #000;color: #000;
2025-7-19 10:31:22-debug: asset-db:reimport-assetf1583a37-718a-4a94-bedd-4bf16c54d1cd (4ms)
2025-7-19 10:31:24-debug: %cImport%c: /Users/zhao/Desktop/test/cocos-creator/PlaneFight/assets/Animations/Hero.animbackground: #aaff85; color: #000;color: #000;
2025-7-19 10:31:24-debug: asset-db:reimport-assetf1583a37-718a-4a94-bedd-4bf16c54d1cd (2ms)
2025-7-19 10:31:28-debug: Query all assets info in project
2025-7-19 10:31:28-debug: init custom config: keepNodeUuid: false, useCache: true
2025-7-19 10:31:28-debug: Skip compress image, progress: 0%
2025-7-19 10:31:28-debug: Init all bundles start..., progress: 0%
2025-7-19 10:31:28-debug: 查询 Asset Bundle start, progress: 0%
2025-7-19 10:31:28-debug: // ---- build task 查询 Asset Bundle ----
2025-7-19 10:31:28-debug: Num of bundles: 2..., progress: 0%
2025-7-19 10:31:28-debug: Init bundle root assets start..., progress: 0%
2025-7-19 10:31:28-debug: Query preload assets/scripts from cc.config.json: 60f7195c-ec2a-45eb-ba94-8955f60e81d0,1c02ae6f-4492-4915-b8f8-7492a3b1e4cd,810e96e4-e456-4468-9b59-f4e8f39732c0,efe8e2a3-eace-427b-b4f1-cb8a937ec77d,e9aa9a3e-5b2b-4ac7-a2c7-073de2b2b24f,8bbdbcdd-5cd4-4100-b6d5-b7c9625b6107,50f4348b-c883-4e2f-8f11-ce233b859fa1,fda095cb-831d-4601-ad94-846013963de8,f92806d7-1768-443f-afe8-12bcde84d0f0,dd3a144d-ab7f-41f0-82b8-2e43a090d496,f0416e68-0200-4b77-a926-4f9d16e494da,970b0598-bcb0-4714-91fb-2e81440dccd8,bcd64cc6-2dd9-43f6-abbe-66318d332032,d930590d-bb92-4cc8-8bd1-23cd027f9edf,a3cd009f-0ab0-420d-9278-b9fdab939bbc,6a2d0734-bd9e-4ddf-946e-caa52498cb75,c27215d8-6835-4b68-bfbb-bdeac6100c04,b5d6115f-0370-4d7c-aad3-c194cc71cf98,871c3b6c-7379-419d-bda3-794b239ab90d,ff9b0199-ce04-4cfe-86cc-6c719f08d6e4,de1c2107-70c8-4021-8459-6399f24d01c6,cbf30902-517f-40dc-af90-a550bac27cf1
2025-7-19 10:31:28-debug: Init bundle root assets success..., progress: 0%
2025-7-19 10:31:28-debug:   Number of all scenes: 1
2025-7-19 10:31:28-debug:   Number of other assets: 500
2025-7-19 10:31:28-debug:   Number of all scripts: 10
2025-7-19 10:31:28-debug: // ---- build task 查询 Asset Bundle ---- (1ms)
2025-7-19 10:31:28-debug: 查询 Asset Bundle start, progress: 5%
2025-7-19 10:31:28-debug: [Build Memory track]: 查询 Asset Bundle start:198.41MB, end 199.06MB, increase: 666.07KB
2025-7-19 10:31:28-debug: // ---- build task 查询 Asset Bundle ----
2025-7-19 10:31:28-log: run build task 查询 Asset Bundle success in 1 ms√, progress: 5%
2025-7-19 10:31:28-debug: // ---- build task 查询 Asset Bundle ---- (1ms)
2025-7-19 10:31:28-debug: 整理部分构建选项内数据到 settings.json start, progress: 10%
2025-7-19 10:31:28-debug: [Build Memory track]: 查询 Asset Bundle start:199.09MB, end 198.47MB, increase: -637.13KB
2025-7-19 10:31:28-debug: // ---- build task 整理部分构建选项内数据到 settings.json ----
2025-7-19 10:31:28-log: run build task 查询 Asset Bundle success in 1 ms√, progress: 10%
2025-7-19 10:31:28-log: run build task 整理部分构建选项内数据到 settings.json success in √, progress: 12%
2025-7-19 10:31:28-debug: 填充脚本数据到 settings.json start, progress: 12%
2025-7-19 10:31:28-debug: // ---- build task 填充脚本数据到 settings.json ----
2025-7-19 10:31:28-debug: [Build Memory track]: 整理部分构建选项内数据到 settings.json start:198.49MB, end 198.51MB, increase: 15.42KB
2025-7-19 10:31:28-log: run build task 填充脚本数据到 settings.json success in √, progress: 13%
2025-7-19 10:31:28-debug: 整理部分构建选项内数据到 settings.json start, progress: 13%
2025-7-19 10:31:28-debug: [Build Memory track]: 填充脚本数据到 settings.json start:198.53MB, end 198.55MB, increase: 15.76KB
2025-7-19 10:31:28-debug: // ---- build task 整理部分构建选项内数据到 settings.json ----
2025-7-19 10:31:28-debug: // ---- build task 整理部分构建选项内数据到 settings.json ---- (1ms)
2025-7-19 10:31:28-log: run build task 整理部分构建选项内数据到 settings.json success in 1 ms√, progress: 15%
2025-7-19 10:31:28-debug: [Build Memory track]: 整理部分构建选项内数据到 settings.json start:198.57MB, end 198.70MB, increase: 126.43KB
2025-7-19 10:31:33-debug: Query all assets info in project
2025-7-19 10:31:33-debug: init custom config: keepNodeUuid: false, useCache: true
2025-7-19 10:31:33-debug: Skip compress image, progress: 0%
2025-7-19 10:31:33-debug: Num of bundles: 2..., progress: 0%
2025-7-19 10:31:33-debug: 查询 Asset Bundle start, progress: 0%
2025-7-19 10:31:33-debug: Init all bundles start..., progress: 0%
2025-7-19 10:31:33-debug: Init bundle root assets start..., progress: 0%
2025-7-19 10:31:33-debug: // ---- build task 查询 Asset Bundle ----
2025-7-19 10:31:33-debug: Query preload assets/scripts from cc.config.json: 60f7195c-ec2a-45eb-ba94-8955f60e81d0,1c02ae6f-4492-4915-b8f8-7492a3b1e4cd,810e96e4-e456-4468-9b59-f4e8f39732c0,efe8e2a3-eace-427b-b4f1-cb8a937ec77d,e9aa9a3e-5b2b-4ac7-a2c7-073de2b2b24f,8bbdbcdd-5cd4-4100-b6d5-b7c9625b6107,50f4348b-c883-4e2f-8f11-ce233b859fa1,fda095cb-831d-4601-ad94-846013963de8,f92806d7-1768-443f-afe8-12bcde84d0f0,dd3a144d-ab7f-41f0-82b8-2e43a090d496,f0416e68-0200-4b77-a926-4f9d16e494da,970b0598-bcb0-4714-91fb-2e81440dccd8,bcd64cc6-2dd9-43f6-abbe-66318d332032,d930590d-bb92-4cc8-8bd1-23cd027f9edf,a3cd009f-0ab0-420d-9278-b9fdab939bbc,6a2d0734-bd9e-4ddf-946e-caa52498cb75,c27215d8-6835-4b68-bfbb-bdeac6100c04,b5d6115f-0370-4d7c-aad3-c194cc71cf98,871c3b6c-7379-419d-bda3-794b239ab90d,ff9b0199-ce04-4cfe-86cc-6c719f08d6e4,de1c2107-70c8-4021-8459-6399f24d01c6,cbf30902-517f-40dc-af90-a550bac27cf1
2025-7-19 10:31:33-debug:   Number of all scenes: 1
2025-7-19 10:31:33-debug:   Number of all scripts: 10
2025-7-19 10:31:33-debug: Init bundle root assets success..., progress: 0%
2025-7-19 10:31:33-debug:   Number of other assets: 500
2025-7-19 10:31:33-debug: // ---- build task 查询 Asset Bundle ---- (2ms)
2025-7-19 10:31:33-log: run build task 查询 Asset Bundle success in 2 ms√, progress: 5%
2025-7-19 10:31:33-debug: [Build Memory track]: 查询 Asset Bundle start:198.81MB, end 198.55MB, increase: -268.43KB
2025-7-19 10:31:33-debug: // ---- build task 查询 Asset Bundle ----
2025-7-19 10:31:33-debug: 查询 Asset Bundle start, progress: 5%
2025-7-19 10:31:33-log: run build task 查询 Asset Bundle success in 1 ms√, progress: 10%
2025-7-19 10:31:33-debug: // ---- build task 查询 Asset Bundle ---- (1ms)
2025-7-19 10:31:33-debug: [Build Memory track]: 查询 Asset Bundle start:198.57MB, end 198.68MB, increase: 108.00KB
2025-7-19 10:31:33-debug: 整理部分构建选项内数据到 settings.json start, progress: 10%
2025-7-19 10:31:33-debug: // ---- build task 整理部分构建选项内数据到 settings.json ----
2025-7-19 10:31:33-log: run build task 整理部分构建选项内数据到 settings.json success in √, progress: 12%
2025-7-19 10:31:33-debug: // ---- build task 填充脚本数据到 settings.json ----
2025-7-19 10:31:33-debug: [Build Memory track]: 整理部分构建选项内数据到 settings.json start:198.70MB, end 198.72MB, increase: 15.89KB
2025-7-19 10:31:33-debug: 填充脚本数据到 settings.json start, progress: 12%
2025-7-19 10:31:33-debug: 整理部分构建选项内数据到 settings.json start, progress: 13%
2025-7-19 10:31:33-log: run build task 填充脚本数据到 settings.json success in √, progress: 13%
2025-7-19 10:31:33-debug: [Build Memory track]: 填充脚本数据到 settings.json start:198.74MB, end 198.76MB, increase: 15.32KB
2025-7-19 10:31:33-debug: // ---- build task 整理部分构建选项内数据到 settings.json ----
2025-7-19 10:31:33-log: run build task 整理部分构建选项内数据到 settings.json success in √, progress: 15%
2025-7-19 10:31:33-debug: [Build Memory track]: 整理部分构建选项内数据到 settings.json start:198.78MB, end 198.90MB, increase: 114.16KB
2025-7-19 10:31:41-debug: refresh db internal success
2025-7-19 10:31:41-debug: refresh db assets success
2025-7-19 10:31:41-debug: Run asset db hook engine-extends:afterRefresh ...
2025-7-19 10:31:41-debug: Run asset db hook engine-extends:afterRefresh success!
2025-7-19 10:31:41-debug: asset-db:refresh-all-database (29ms)
2025-7-19 10:31:41-debug: asset-db:worker-effect-data-processing (1ms)
2025-7-19 10:31:41-debug: asset-db-hook-engine-extends-afterRefresh (1ms)
2025-7-19 10:31:44-debug: Query all assets info in project
2025-7-19 10:31:44-debug: init custom config: keepNodeUuid: false, useCache: true
2025-7-19 10:31:44-debug: Skip compress image, progress: 0%
2025-7-19 10:31:44-debug: Init all bundles start..., progress: 0%
2025-7-19 10:31:44-debug: Num of bundles: 2..., progress: 0%
2025-7-19 10:31:44-debug: 查询 Asset Bundle start, progress: 0%
2025-7-19 10:31:44-debug: // ---- build task 查询 Asset Bundle ----
2025-7-19 10:31:44-debug: Init bundle root assets start..., progress: 0%
2025-7-19 10:31:44-debug: Query preload assets/scripts from cc.config.json: 60f7195c-ec2a-45eb-ba94-8955f60e81d0,1c02ae6f-4492-4915-b8f8-7492a3b1e4cd,810e96e4-e456-4468-9b59-f4e8f39732c0,efe8e2a3-eace-427b-b4f1-cb8a937ec77d,e9aa9a3e-5b2b-4ac7-a2c7-073de2b2b24f,8bbdbcdd-5cd4-4100-b6d5-b7c9625b6107,50f4348b-c883-4e2f-8f11-ce233b859fa1,fda095cb-831d-4601-ad94-846013963de8,f92806d7-1768-443f-afe8-12bcde84d0f0,dd3a144d-ab7f-41f0-82b8-2e43a090d496,f0416e68-0200-4b77-a926-4f9d16e494da,970b0598-bcb0-4714-91fb-2e81440dccd8,bcd64cc6-2dd9-43f6-abbe-66318d332032,d930590d-bb92-4cc8-8bd1-23cd027f9edf,a3cd009f-0ab0-420d-9278-b9fdab939bbc,6a2d0734-bd9e-4ddf-946e-caa52498cb75,c27215d8-6835-4b68-bfbb-bdeac6100c04,b5d6115f-0370-4d7c-aad3-c194cc71cf98,871c3b6c-7379-419d-bda3-794b239ab90d,ff9b0199-ce04-4cfe-86cc-6c719f08d6e4,de1c2107-70c8-4021-8459-6399f24d01c6,cbf30902-517f-40dc-af90-a550bac27cf1
2025-7-19 10:31:44-debug:   Number of other assets: 500
2025-7-19 10:31:44-debug:   Number of all scripts: 10
2025-7-19 10:31:44-debug: Init bundle root assets success..., progress: 0%
2025-7-19 10:31:44-debug:   Number of all scenes: 1
2025-7-19 10:31:44-debug: // ---- build task 查询 Asset Bundle ---- (2ms)
2025-7-19 10:31:44-log: run build task 查询 Asset Bundle success in 2 ms√, progress: 5%
2025-7-19 10:31:44-debug: [Build Memory track]: 查询 Asset Bundle start:199.54MB, end 199.25MB, increase: -302.31KB
2025-7-19 10:31:44-debug: 查询 Asset Bundle start, progress: 5%
2025-7-19 10:31:44-debug: // ---- build task 查询 Asset Bundle ----
2025-7-19 10:31:44-log: run build task 查询 Asset Bundle success in √, progress: 10%
2025-7-19 10:31:44-debug: [Build Memory track]: 查询 Asset Bundle start:199.27MB, end 199.37MB, increase: 98.63KB
2025-7-19 10:31:44-debug: 整理部分构建选项内数据到 settings.json start, progress: 10%
2025-7-19 10:31:44-debug: // ---- build task 整理部分构建选项内数据到 settings.json ----
2025-7-19 10:31:44-debug: // ---- build task 整理部分构建选项内数据到 settings.json ---- (1ms)
2025-7-19 10:31:44-log: run build task 整理部分构建选项内数据到 settings.json success in 1 ms√, progress: 12%
2025-7-19 10:31:44-debug: // ---- build task 填充脚本数据到 settings.json ----
2025-7-19 10:31:44-debug: [Build Memory track]: 整理部分构建选项内数据到 settings.json start:199.39MB, end 199.44MB, increase: 48.64KB
2025-7-19 10:31:44-debug: 填充脚本数据到 settings.json start, progress: 12%
2025-7-19 10:31:44-log: run build task 填充脚本数据到 settings.json success in √, progress: 13%
2025-7-19 10:31:44-debug: [Build Memory track]: 填充脚本数据到 settings.json start:199.44MB, end 199.46MB, increase: 20.05KB
2025-7-19 10:31:44-debug: 整理部分构建选项内数据到 settings.json start, progress: 13%
2025-7-19 10:31:44-debug: // ---- build task 整理部分构建选项内数据到 settings.json ----
2025-7-19 10:31:44-debug: // ---- build task 整理部分构建选项内数据到 settings.json ---- (1ms)
2025-7-19 10:31:44-log: run build task 整理部分构建选项内数据到 settings.json success in 1 ms√, progress: 15%
2025-7-19 10:31:44-debug: [Build Memory track]: 整理部分构建选项内数据到 settings.json start:199.49MB, end 198.93MB, increase: -568.74KB
2025-7-19 10:37:59-debug: refresh db internal success
2025-7-19 10:37:59-debug: refresh db assets success
2025-7-19 10:37:59-debug: Run asset db hook engine-extends:afterRefresh ...
2025-7-19 10:37:59-debug: Run asset db hook engine-extends:afterRefresh success!
2025-7-19 10:37:59-debug: asset-db:refresh-all-database (41ms)
2025-7-19 10:37:59-debug: asset-db:worker-effect-data-processing (1ms)
2025-7-19 10:37:59-debug: asset-db-hook-engine-extends-afterRefresh (1ms)
2025-7-19 10:38:31-debug: refresh db internal success
2025-7-19 10:38:31-debug: refresh db assets success
2025-7-19 10:38:31-debug: Run asset db hook engine-extends:afterRefresh success!
2025-7-19 10:38:31-debug: Run asset db hook engine-extends:afterRefresh ...
2025-7-19 10:38:31-debug: asset-db:refresh-all-database (17ms)
2025-7-19 10:38:31-debug: asset-db-hook-engine-extends-afterRefresh (1ms)
2025-7-19 10:38:33-debug: Query all assets info in project
2025-7-19 10:38:33-debug: init custom config: keepNodeUuid: false, useCache: true
2025-7-19 10:38:33-debug: Skip compress image, progress: 0%
2025-7-19 10:38:33-debug: Init all bundles start..., progress: 0%
2025-7-19 10:38:33-debug: Num of bundles: 2..., progress: 0%
2025-7-19 10:38:33-debug: // ---- build task 查询 Asset Bundle ----
2025-7-19 10:38:33-debug: 查询 Asset Bundle start, progress: 0%
2025-7-19 10:38:33-debug: Init bundle root assets start..., progress: 0%
2025-7-19 10:38:33-debug: Query preload assets/scripts from cc.config.json: 60f7195c-ec2a-45eb-ba94-8955f60e81d0,1c02ae6f-4492-4915-b8f8-7492a3b1e4cd,810e96e4-e456-4468-9b59-f4e8f39732c0,efe8e2a3-eace-427b-b4f1-cb8a937ec77d,e9aa9a3e-5b2b-4ac7-a2c7-073de2b2b24f,8bbdbcdd-5cd4-4100-b6d5-b7c9625b6107,50f4348b-c883-4e2f-8f11-ce233b859fa1,fda095cb-831d-4601-ad94-846013963de8,f92806d7-1768-443f-afe8-12bcde84d0f0,dd3a144d-ab7f-41f0-82b8-2e43a090d496,f0416e68-0200-4b77-a926-4f9d16e494da,970b0598-bcb0-4714-91fb-2e81440dccd8,bcd64cc6-2dd9-43f6-abbe-66318d332032,d930590d-bb92-4cc8-8bd1-23cd027f9edf,a3cd009f-0ab0-420d-9278-b9fdab939bbc,6a2d0734-bd9e-4ddf-946e-caa52498cb75,c27215d8-6835-4b68-bfbb-bdeac6100c04,b5d6115f-0370-4d7c-aad3-c194cc71cf98,871c3b6c-7379-419d-bda3-794b239ab90d,ff9b0199-ce04-4cfe-86cc-6c719f08d6e4,de1c2107-70c8-4021-8459-6399f24d01c6,cbf30902-517f-40dc-af90-a550bac27cf1
2025-7-19 10:38:33-debug:   Number of all scripts: 10
2025-7-19 10:38:33-debug:   Number of other assets: 500
2025-7-19 10:38:33-debug: Init bundle root assets success..., progress: 0%
2025-7-19 10:38:33-debug:   Number of all scenes: 1
2025-7-19 10:38:33-debug: // ---- build task 查询 Asset Bundle ---- (1ms)
2025-7-19 10:38:33-debug: 查询 Asset Bundle start, progress: 5%
2025-7-19 10:38:33-debug: [Build Memory track]: 查询 Asset Bundle start:199.82MB, end 200.44MB, increase: 635.06KB
2025-7-19 10:38:33-debug: // ---- build task 查询 Asset Bundle ----
2025-7-19 10:38:33-log: run build task 查询 Asset Bundle success in 1 ms√, progress: 5%
2025-7-19 10:38:33-log: run build task 查询 Asset Bundle success in √, progress: 10%
2025-7-19 10:38:33-debug: // ---- build task 整理部分构建选项内数据到 settings.json ----
2025-7-19 10:38:33-debug: 整理部分构建选项内数据到 settings.json start, progress: 10%
2025-7-19 10:38:33-debug: [Build Memory track]: 查询 Asset Bundle start:200.47MB, end 199.77MB, increase: -716.29KB
2025-7-19 10:38:33-log: run build task 整理部分构建选项内数据到 settings.json success in √, progress: 12%
2025-7-19 10:38:33-debug: [Build Memory track]: 整理部分构建选项内数据到 settings.json start:199.79MB, end 199.81MB, increase: 15.38KB
2025-7-19 10:38:33-debug: 填充脚本数据到 settings.json start, progress: 12%
2025-7-19 10:38:33-debug: // ---- build task 填充脚本数据到 settings.json ----
2025-7-19 10:38:33-debug: // ---- build task 填充脚本数据到 settings.json ---- (1ms)
2025-7-19 10:38:33-log: run build task 填充脚本数据到 settings.json success in 1 ms√, progress: 13%
2025-7-19 10:38:33-debug: 整理部分构建选项内数据到 settings.json start, progress: 13%
2025-7-19 10:38:33-debug: // ---- build task 整理部分构建选项内数据到 settings.json ----
2025-7-19 10:38:33-debug: [Build Memory track]: 填充脚本数据到 settings.json start:199.83MB, end 199.86MB, increase: 23.35KB
2025-7-19 10:38:33-debug: // ---- build task 整理部分构建选项内数据到 settings.json ---- (1ms)
2025-7-19 10:38:33-debug: [Build Memory track]: 整理部分构建选项内数据到 settings.json start:199.88MB, end 200.02MB, increase: 141.06KB
2025-7-19 10:38:33-log: run build task 整理部分构建选项内数据到 settings.json success in 1 ms√, progress: 15%
2025-7-19 10:39:08-debug: refresh db internal success
2025-7-19 10:39:08-debug: refresh db assets success
2025-7-19 10:39:08-debug: Run asset db hook engine-extends:afterRefresh ...
2025-7-19 10:39:08-debug: Run asset db hook engine-extends:afterRefresh success!
2025-7-19 10:39:08-debug: asset-db:refresh-all-database (30ms)
2025-7-19 10:39:29-debug: refresh db internal success
2025-7-19 10:39:29-debug: refresh db assets success
2025-7-19 10:39:29-debug: Run asset db hook engine-extends:afterRefresh ...
2025-7-19 10:39:29-debug: Run asset db hook engine-extends:afterRefresh success!
2025-7-19 10:39:29-debug: asset-db:refresh-all-database (30ms)
2025-7-19 10:39:31-debug: refresh db internal success
2025-7-19 10:39:31-debug: refresh db assets success
2025-7-19 10:39:31-debug: Run asset db hook engine-extends:afterRefresh ...
2025-7-19 10:39:31-debug: Run asset db hook engine-extends:afterRefresh success!
2025-7-19 10:39:31-debug: asset-db:refresh-all-database (28ms)
2025-7-19 10:39:31-debug: asset-db:worker-effect-data-processing (1ms)
2025-7-19 10:39:31-debug: asset-db-hook-engine-extends-afterRefresh (1ms)
2025-7-19 10:39:35-debug: refresh db internal success
2025-7-19 10:39:35-debug: refresh db assets success
2025-7-19 10:39:35-debug: Run asset db hook engine-extends:afterRefresh ...
2025-7-19 10:39:35-debug: Run asset db hook engine-extends:afterRefresh success!
2025-7-19 10:39:35-debug: asset-db:refresh-all-database (19ms)
2025-7-19 10:39:35-debug: asset-db:worker-effect-data-processing (1ms)
2025-7-19 10:39:35-debug: asset-db-hook-engine-extends-afterRefresh (1ms)
2025-7-19 10:39:36-debug: Query all assets info in project
2025-7-19 10:39:36-debug: init custom config: keepNodeUuid: false, useCache: true
2025-7-19 10:39:36-debug: Skip compress image, progress: 0%
2025-7-19 10:39:36-debug: Init all bundles start..., progress: 0%
2025-7-19 10:39:36-debug: Num of bundles: 2..., progress: 0%
2025-7-19 10:39:36-debug: 查询 Asset Bundle start, progress: 0%
2025-7-19 10:39:36-debug: Init bundle root assets start..., progress: 0%
2025-7-19 10:39:36-debug: // ---- build task 查询 Asset Bundle ----
2025-7-19 10:39:36-debug: Query preload assets/scripts from cc.config.json: 60f7195c-ec2a-45eb-ba94-8955f60e81d0,1c02ae6f-4492-4915-b8f8-7492a3b1e4cd,810e96e4-e456-4468-9b59-f4e8f39732c0,efe8e2a3-eace-427b-b4f1-cb8a937ec77d,e9aa9a3e-5b2b-4ac7-a2c7-073de2b2b24f,8bbdbcdd-5cd4-4100-b6d5-b7c9625b6107,50f4348b-c883-4e2f-8f11-ce233b859fa1,fda095cb-831d-4601-ad94-846013963de8,f92806d7-1768-443f-afe8-12bcde84d0f0,dd3a144d-ab7f-41f0-82b8-2e43a090d496,f0416e68-0200-4b77-a926-4f9d16e494da,970b0598-bcb0-4714-91fb-2e81440dccd8,bcd64cc6-2dd9-43f6-abbe-66318d332032,d930590d-bb92-4cc8-8bd1-23cd027f9edf,a3cd009f-0ab0-420d-9278-b9fdab939bbc,6a2d0734-bd9e-4ddf-946e-caa52498cb75,c27215d8-6835-4b68-bfbb-bdeac6100c04,b5d6115f-0370-4d7c-aad3-c194cc71cf98,871c3b6c-7379-419d-bda3-794b239ab90d,ff9b0199-ce04-4cfe-86cc-6c719f08d6e4,de1c2107-70c8-4021-8459-6399f24d01c6,cbf30902-517f-40dc-af90-a550bac27cf1
2025-7-19 10:39:36-debug:   Number of other assets: 500
2025-7-19 10:39:36-debug: Init bundle root assets success..., progress: 0%
2025-7-19 10:39:36-debug:   Number of all scripts: 10
2025-7-19 10:39:36-debug:   Number of all scenes: 1
2025-7-19 10:39:36-debug: // ---- build task 查询 Asset Bundle ---- (1ms)
2025-7-19 10:39:36-debug: // ---- build task 查询 Asset Bundle ----
2025-7-19 10:39:36-debug: [Build Memory track]: 查询 Asset Bundle start:202.21MB, end 202.83MB, increase: 634.28KB
2025-7-19 10:39:36-debug: 查询 Asset Bundle start, progress: 5%
2025-7-19 10:39:36-log: run build task 查询 Asset Bundle success in 1 ms√, progress: 5%
2025-7-19 10:39:36-log: run build task 查询 Asset Bundle success in √, progress: 10%
2025-7-19 10:39:36-debug: [Build Memory track]: 查询 Asset Bundle start:202.85MB, end 202.95MB, increase: 98.14KB
2025-7-19 10:39:36-debug: 整理部分构建选项内数据到 settings.json start, progress: 10%
2025-7-19 10:39:36-debug: // ---- build task 整理部分构建选项内数据到 settings.json ----
2025-7-19 10:39:36-debug: // ---- build task 整理部分构建选项内数据到 settings.json ---- (1ms)
2025-7-19 10:39:36-debug: [Build Memory track]: 整理部分构建选项内数据到 settings.json start:202.97MB, end 203.00MB, increase: 25.15KB
2025-7-19 10:39:36-log: run build task 整理部分构建选项内数据到 settings.json success in 1 ms√, progress: 12%
2025-7-19 10:39:36-debug: 填充脚本数据到 settings.json start, progress: 12%
2025-7-19 10:39:36-debug: // ---- build task 填充脚本数据到 settings.json ----
2025-7-19 10:39:36-log: run build task 填充脚本数据到 settings.json success in √, progress: 13%
2025-7-19 10:39:36-debug: [Build Memory track]: 填充脚本数据到 settings.json start:203.02MB, end 203.04MB, increase: 15.76KB
2025-7-19 10:39:36-debug: // ---- build task 整理部分构建选项内数据到 settings.json ----
2025-7-19 10:39:36-debug: 整理部分构建选项内数据到 settings.json start, progress: 13%
2025-7-19 10:39:36-debug: // ---- build task 整理部分构建选项内数据到 settings.json ---- (1ms)
2025-7-19 10:39:36-log: run build task 整理部分构建选项内数据到 settings.json success in 1 ms√, progress: 15%
2025-7-19 10:39:36-debug: [Build Memory track]: 整理部分构建选项内数据到 settings.json start:203.06MB, end 201.64MB, increase: -1459.34KB
2025-7-19 10:43:42-debug: refresh db internal success
2025-7-19 10:43:42-debug: %cImport%c: /Users/zhao/Desktop/test/cocos-creator/PlaneFight/assets/Scripts/Enemy.tsbackground: #aaff85; color: #000;color: #000;
2025-7-19 10:43:42-debug: refresh db assets success
2025-7-19 10:43:42-debug: Run asset db hook engine-extends:afterRefresh ...
2025-7-19 10:43:42-debug: Run asset db hook engine-extends:afterRefresh success!
2025-7-19 10:43:42-debug: asset-db:refresh-all-database (33ms)
2025-7-19 10:43:42-debug: asset-db-hook-engine-extends-afterRefresh (1ms)
2025-7-19 10:48:21-debug: refresh db internal success
2025-7-19 10:48:21-debug: refresh db assets success
2025-7-19 10:48:21-debug: Run asset db hook engine-extends:afterRefresh ...
2025-7-19 10:48:21-debug: Run asset db hook engine-extends:afterRefresh success!
2025-7-19 10:48:21-debug: asset-db:worker-effect-data-processing (1ms)
2025-7-19 10:48:21-debug: asset-db:refresh-all-database (37ms)
2025-7-19 10:48:21-debug: asset-db-hook-engine-extends-afterRefresh (1ms)
2025-7-19 10:48:44-debug: Query all assets info in project
2025-7-19 10:48:44-debug: init custom config: keepNodeUuid: false, useCache: true
2025-7-19 10:48:44-debug: Skip compress image, progress: 0%
2025-7-19 10:48:44-debug: Init all bundles start..., progress: 0%
2025-7-19 10:48:44-debug: Init bundle root assets start..., progress: 0%
2025-7-19 10:48:44-debug: 查询 Asset Bundle start, progress: 0%
2025-7-19 10:48:44-debug: // ---- build task 查询 Asset Bundle ----
2025-7-19 10:48:44-debug: Num of bundles: 2..., progress: 0%
2025-7-19 10:48:44-debug: Query preload assets/scripts from cc.config.json: 60f7195c-ec2a-45eb-ba94-8955f60e81d0,1c02ae6f-4492-4915-b8f8-7492a3b1e4cd,810e96e4-e456-4468-9b59-f4e8f39732c0,efe8e2a3-eace-427b-b4f1-cb8a937ec77d,e9aa9a3e-5b2b-4ac7-a2c7-073de2b2b24f,8bbdbcdd-5cd4-4100-b6d5-b7c9625b6107,50f4348b-c883-4e2f-8f11-ce233b859fa1,fda095cb-831d-4601-ad94-846013963de8,f92806d7-1768-443f-afe8-12bcde84d0f0,dd3a144d-ab7f-41f0-82b8-2e43a090d496,f0416e68-0200-4b77-a926-4f9d16e494da,970b0598-bcb0-4714-91fb-2e81440dccd8,bcd64cc6-2dd9-43f6-abbe-66318d332032,d930590d-bb92-4cc8-8bd1-23cd027f9edf,a3cd009f-0ab0-420d-9278-b9fdab939bbc,6a2d0734-bd9e-4ddf-946e-caa52498cb75,c27215d8-6835-4b68-bfbb-bdeac6100c04,b5d6115f-0370-4d7c-aad3-c194cc71cf98,871c3b6c-7379-419d-bda3-794b239ab90d,ff9b0199-ce04-4cfe-86cc-6c719f08d6e4,de1c2107-70c8-4021-8459-6399f24d01c6,cbf30902-517f-40dc-af90-a550bac27cf1
2025-7-19 10:48:44-debug:   Number of all scenes: 1
2025-7-19 10:48:44-debug:   Number of all scripts: 10
2025-7-19 10:48:44-debug:   Number of other assets: 500
2025-7-19 10:48:44-debug: Init bundle root assets success..., progress: 0%
2025-7-19 10:48:44-debug: // ---- build task 查询 Asset Bundle ---- (1ms)
2025-7-19 10:48:44-log: run build task 查询 Asset Bundle success in 1 ms√, progress: 5%
2025-7-19 10:48:44-debug: [Build Memory track]: 查询 Asset Bundle start:203.25MB, end 203.07MB, increase: -178.19KB
2025-7-19 10:48:44-debug: // ---- build task 查询 Asset Bundle ----
2025-7-19 10:48:44-debug: 查询 Asset Bundle start, progress: 5%
2025-7-19 10:48:44-log: run build task 查询 Asset Bundle success in √, progress: 10%
2025-7-19 10:48:44-debug: // ---- build task 整理部分构建选项内数据到 settings.json ----
2025-7-19 10:48:44-debug: 整理部分构建选项内数据到 settings.json start, progress: 10%
2025-7-19 10:48:44-debug: [Build Memory track]: 查询 Asset Bundle start:203.10MB, end 203.20MB, increase: 106.94KB
2025-7-19 10:48:44-log: run build task 整理部分构建选项内数据到 settings.json success in √, progress: 12%
2025-7-19 10:48:44-debug: 填充脚本数据到 settings.json start, progress: 12%
2025-7-19 10:48:44-debug: [Build Memory track]: 整理部分构建选项内数据到 settings.json start:203.23MB, end 202.52MB, increase: -725.38KB
2025-7-19 10:48:44-debug: // ---- build task 填充脚本数据到 settings.json ----
2025-7-19 10:48:44-debug: // ---- build task 填充脚本数据到 settings.json ---- (1ms)
2025-7-19 10:48:44-debug: [Build Memory track]: 填充脚本数据到 settings.json start:202.54MB, end 202.57MB, increase: 23.96KB
2025-7-19 10:48:44-log: run build task 填充脚本数据到 settings.json success in 1 ms√, progress: 13%
2025-7-19 10:48:44-debug: 整理部分构建选项内数据到 settings.json start, progress: 13%
2025-7-19 10:48:44-debug: // ---- build task 整理部分构建选项内数据到 settings.json ----
2025-7-19 10:48:44-debug: // ---- build task 整理部分构建选项内数据到 settings.json ---- (1ms)
2025-7-19 10:48:44-log: run build task 整理部分构建选项内数据到 settings.json success in 1 ms√, progress: 15%
2025-7-19 10:48:44-debug: [Build Memory track]: 整理部分构建选项内数据到 settings.json start:202.59MB, end 202.71MB, increase: 123.45KB
2025-7-19 10:48:57-debug: %cImport%c: /Users/zhao/Desktop/test/cocos-creator/PlaneFight/assets/Animations/Hero.animbackground: #aaff85; color: #000;color: #000;
2025-7-19 10:48:57-debug: asset-db:reimport-assetf1583a37-718a-4a94-bedd-4bf16c54d1cd (3ms)
2025-7-19 10:48:57-debug: %cImport%c: /Users/zhao/Desktop/test/cocos-creator/PlaneFight/assets/Animations/Hero.animbackground: #aaff85; color: #000;color: #000;
2025-7-19 10:48:57-debug: asset-db:reimport-assetf1583a37-718a-4a94-bedd-4bf16c54d1cd (1ms)
2025-7-19 10:48:58-debug: %cImport%c: /Users/zhao/Desktop/test/cocos-creator/PlaneFight/assets/Animations/Hero.animbackground: #aaff85; color: #000;color: #000;
2025-7-19 10:48:58-debug: asset-db:reimport-assetf1583a37-718a-4a94-bedd-4bf16c54d1cd (3ms)
2025-7-19 10:48:59-debug: %cImport%c: /Users/zhao/Desktop/test/cocos-creator/PlaneFight/assets/Animations/Hero.animbackground: #aaff85; color: #000;color: #000;
2025-7-19 10:48:59-debug: asset-db:reimport-assetf1583a37-718a-4a94-bedd-4bf16c54d1cd (2ms)
2025-7-19 10:49:12-debug: %cImport%c: /Users/zhao/Desktop/test/cocos-creator/PlaneFight/assets/Animations/Hero.animbackground: #aaff85; color: #000;color: #000;
2025-7-19 10:49:12-debug: asset-db:reimport-assetf1583a37-718a-4a94-bedd-4bf16c54d1cd (5ms)
2025-7-19 10:49:18-debug: %cImport%c: /Users/zhao/Desktop/test/cocos-creator/PlaneFight/assets/Animations/Hero.animbackground: #aaff85; color: #000;color: #000;
2025-7-19 10:49:18-debug: asset-db:reimport-assetf1583a37-718a-4a94-bedd-4bf16c54d1cd (4ms)
2025-7-19 10:49:18-debug: %cImport%c: /Users/zhao/Desktop/test/cocos-creator/PlaneFight/assets/Animations/Hero.animbackground: #aaff85; color: #000;color: #000;
2025-7-19 10:49:18-debug: asset-db:reimport-assetf1583a37-718a-4a94-bedd-4bf16c54d1cd (3ms)
2025-7-19 10:49:20-debug: Query all assets info in project
2025-7-19 10:49:20-debug: init custom config: keepNodeUuid: false, useCache: true
2025-7-19 10:49:20-debug: Skip compress image, progress: 0%
2025-7-19 10:49:20-debug: Init all bundles start..., progress: 0%
2025-7-19 10:49:20-debug: Init bundle root assets start..., progress: 0%
2025-7-19 10:49:20-debug: 查询 Asset Bundle start, progress: 0%
2025-7-19 10:49:20-debug: // ---- build task 查询 Asset Bundle ----
2025-7-19 10:49:20-debug: Num of bundles: 2..., progress: 0%
2025-7-19 10:49:20-debug: Query preload assets/scripts from cc.config.json: 60f7195c-ec2a-45eb-ba94-8955f60e81d0,1c02ae6f-4492-4915-b8f8-7492a3b1e4cd,810e96e4-e456-4468-9b59-f4e8f39732c0,efe8e2a3-eace-427b-b4f1-cb8a937ec77d,e9aa9a3e-5b2b-4ac7-a2c7-073de2b2b24f,8bbdbcdd-5cd4-4100-b6d5-b7c9625b6107,50f4348b-c883-4e2f-8f11-ce233b859fa1,fda095cb-831d-4601-ad94-846013963de8,f92806d7-1768-443f-afe8-12bcde84d0f0,dd3a144d-ab7f-41f0-82b8-2e43a090d496,f0416e68-0200-4b77-a926-4f9d16e494da,970b0598-bcb0-4714-91fb-2e81440dccd8,bcd64cc6-2dd9-43f6-abbe-66318d332032,d930590d-bb92-4cc8-8bd1-23cd027f9edf,a3cd009f-0ab0-420d-9278-b9fdab939bbc,6a2d0734-bd9e-4ddf-946e-caa52498cb75,c27215d8-6835-4b68-bfbb-bdeac6100c04,b5d6115f-0370-4d7c-aad3-c194cc71cf98,871c3b6c-7379-419d-bda3-794b239ab90d,ff9b0199-ce04-4cfe-86cc-6c719f08d6e4,de1c2107-70c8-4021-8459-6399f24d01c6,cbf30902-517f-40dc-af90-a550bac27cf1
2025-7-19 10:49:20-debug:   Number of all scenes: 1
2025-7-19 10:49:20-debug:   Number of all scripts: 10
2025-7-19 10:49:20-debug:   Number of other assets: 500
2025-7-19 10:49:20-debug: Init bundle root assets success..., progress: 0%
2025-7-19 10:49:20-debug: // ---- build task 查询 Asset Bundle ---- (1ms)
2025-7-19 10:49:20-debug: [Build Memory track]: 查询 Asset Bundle start:202.77MB, end 203.39MB, increase: 635.76KB
2025-7-19 10:49:20-log: run build task 查询 Asset Bundle success in 1 ms√, progress: 5%
2025-7-19 10:49:20-debug: 查询 Asset Bundle start, progress: 5%
2025-7-19 10:49:20-debug: // ---- build task 查询 Asset Bundle ----
2025-7-19 10:49:20-log: run build task 查询 Asset Bundle success in √, progress: 10%
2025-7-19 10:49:20-debug: [Build Memory track]: 查询 Asset Bundle start:203.41MB, end 202.74MB, increase: -686.98KB
2025-7-19 10:49:20-debug: 整理部分构建选项内数据到 settings.json start, progress: 10%
2025-7-19 10:49:20-debug: // ---- build task 整理部分构建选项内数据到 settings.json ----
2025-7-19 10:49:20-log: run build task 整理部分构建选项内数据到 settings.json success in √, progress: 12%
2025-7-19 10:49:20-debug: [Build Memory track]: 整理部分构建选项内数据到 settings.json start:202.77MB, end 202.78MB, increase: 14.45KB
2025-7-19 10:49:20-debug: 填充脚本数据到 settings.json start, progress: 12%
2025-7-19 10:49:20-debug: // ---- build task 填充脚本数据到 settings.json ----
2025-7-19 10:49:20-debug: // ---- build task 填充脚本数据到 settings.json ---- (1ms)
2025-7-19 10:49:20-log: run build task 填充脚本数据到 settings.json success in 1 ms√, progress: 13%
2025-7-19 10:49:20-debug: [Build Memory track]: 填充脚本数据到 settings.json start:202.81MB, end 202.83MB, increase: 23.49KB
2025-7-19 10:49:20-debug: 整理部分构建选项内数据到 settings.json start, progress: 13%
2025-7-19 10:49:20-debug: // ---- build task 整理部分构建选项内数据到 settings.json ----
2025-7-19 10:49:20-log: run build task 整理部分构建选项内数据到 settings.json success in √, progress: 15%
2025-7-19 10:49:20-debug: [Build Memory track]: 整理部分构建选项内数据到 settings.json start:202.86MB, end 202.99MB, increase: 132.56KB
2025-7-19 10:49:26-debug: %cImport%c: /Users/zhao/Desktop/test/cocos-creator/PlaneFight/assets/Animations/Hero.animbackground: #aaff85; color: #000;color: #000;
2025-7-19 10:49:26-debug: asset-db:reimport-assetf1583a37-718a-4a94-bedd-4bf16c54d1cd (4ms)
2025-7-19 10:49:28-debug: %cImport%c: /Users/zhao/Desktop/test/cocos-creator/PlaneFight/assets/Scenes/Start.scenebackground: #aaff85; color: #000;color: #000;
2025-7-19 10:49:28-debug: asset-db:reimport-asset2fda4d65-a1e9-4078-8250-de49b04cdc34 (5ms)
2025-7-19 10:49:39-debug: Query all assets info in project
2025-7-19 10:49:39-debug: Skip compress image, progress: 0%
2025-7-19 10:49:39-debug: init custom config: keepNodeUuid: false, useCache: true
2025-7-19 10:49:39-debug: Init all bundles start..., progress: 0%
2025-7-19 10:49:39-debug: Init bundle root assets start..., progress: 0%
2025-7-19 10:49:39-debug: // ---- build task 查询 Asset Bundle ----
2025-7-19 10:49:39-debug: Num of bundles: 2..., progress: 0%
2025-7-19 10:49:39-debug: 查询 Asset Bundle start, progress: 0%
2025-7-19 10:49:39-debug: Query preload assets/scripts from cc.config.json: 60f7195c-ec2a-45eb-ba94-8955f60e81d0,1c02ae6f-4492-4915-b8f8-7492a3b1e4cd,810e96e4-e456-4468-9b59-f4e8f39732c0,efe8e2a3-eace-427b-b4f1-cb8a937ec77d,e9aa9a3e-5b2b-4ac7-a2c7-073de2b2b24f,8bbdbcdd-5cd4-4100-b6d5-b7c9625b6107,50f4348b-c883-4e2f-8f11-ce233b859fa1,fda095cb-831d-4601-ad94-846013963de8,f92806d7-1768-443f-afe8-12bcde84d0f0,dd3a144d-ab7f-41f0-82b8-2e43a090d496,f0416e68-0200-4b77-a926-4f9d16e494da,970b0598-bcb0-4714-91fb-2e81440dccd8,bcd64cc6-2dd9-43f6-abbe-66318d332032,d930590d-bb92-4cc8-8bd1-23cd027f9edf,a3cd009f-0ab0-420d-9278-b9fdab939bbc,6a2d0734-bd9e-4ddf-946e-caa52498cb75,c27215d8-6835-4b68-bfbb-bdeac6100c04,b5d6115f-0370-4d7c-aad3-c194cc71cf98,871c3b6c-7379-419d-bda3-794b239ab90d,ff9b0199-ce04-4cfe-86cc-6c719f08d6e4,de1c2107-70c8-4021-8459-6399f24d01c6,cbf30902-517f-40dc-af90-a550bac27cf1
2025-7-19 10:49:39-debug:   Number of all scripts: 10
2025-7-19 10:49:39-debug:   Number of other assets: 500
2025-7-19 10:49:39-debug: Init bundle root assets success..., progress: 0%
2025-7-19 10:49:39-debug:   Number of all scenes: 1
2025-7-19 10:49:39-debug: // ---- build task 查询 Asset Bundle ---- (2ms)
2025-7-19 10:49:39-debug: 查询 Asset Bundle start, progress: 5%
2025-7-19 10:49:39-debug: [Build Memory track]: 查询 Asset Bundle start:203.69MB, end 203.48MB, increase: -215.93KB
2025-7-19 10:49:39-log: run build task 查询 Asset Bundle success in 2 ms√, progress: 5%
2025-7-19 10:49:39-debug: // ---- build task 查询 Asset Bundle ----
2025-7-19 10:49:39-log: run build task 查询 Asset Bundle success in √, progress: 10%
2025-7-19 10:49:39-debug: // ---- build task 整理部分构建选项内数据到 settings.json ----
2025-7-19 10:49:39-debug: 整理部分构建选项内数据到 settings.json start, progress: 10%
2025-7-19 10:49:39-debug: [Build Memory track]: 查询 Asset Bundle start:203.50MB, end 203.60MB, increase: 101.11KB
2025-7-19 10:49:39-debug: // ---- build task 整理部分构建选项内数据到 settings.json ---- (1ms)
2025-7-19 10:49:39-debug: [Build Memory track]: 整理部分构建选项内数据到 settings.json start:203.63MB, end 203.65MB, increase: 23.63KB
2025-7-19 10:49:39-debug: 填充脚本数据到 settings.json start, progress: 12%
2025-7-19 10:49:39-debug: // ---- build task 填充脚本数据到 settings.json ----
2025-7-19 10:49:39-log: run build task 整理部分构建选项内数据到 settings.json success in 1 ms√, progress: 12%
2025-7-19 10:49:39-log: run build task 填充脚本数据到 settings.json success in √, progress: 13%
2025-7-19 10:49:39-debug: [Build Memory track]: 填充脚本数据到 settings.json start:203.67MB, end 203.69MB, increase: 15.50KB
2025-7-19 10:49:39-debug: 整理部分构建选项内数据到 settings.json start, progress: 13%
2025-7-19 10:49:39-debug: // ---- build task 整理部分构建选项内数据到 settings.json ----
2025-7-19 10:49:39-log: run build task 整理部分构建选项内数据到 settings.json success in √, progress: 15%
2025-7-19 10:49:39-debug: [Build Memory track]: 整理部分构建选项内数据到 settings.json start:203.71MB, end 203.82MB, increase: 114.09KB
2025-7-19 10:52:01-debug: Query all assets info in project
2025-7-19 10:52:01-debug: init custom config: keepNodeUuid: false, useCache: true
2025-7-19 10:52:01-debug: Skip compress image, progress: 0%
2025-7-19 10:52:01-debug: Init all bundles start..., progress: 0%
2025-7-19 10:52:01-debug: 查询 Asset Bundle start, progress: 0%
2025-7-19 10:52:01-debug: // ---- build task 查询 Asset Bundle ----
2025-7-19 10:52:01-debug: Num of bundles: 2..., progress: 0%
2025-7-19 10:52:01-debug: Init bundle root assets start..., progress: 0%
2025-7-19 10:52:01-debug: Query preload assets/scripts from cc.config.json: 60f7195c-ec2a-45eb-ba94-8955f60e81d0,1c02ae6f-4492-4915-b8f8-7492a3b1e4cd,810e96e4-e456-4468-9b59-f4e8f39732c0,efe8e2a3-eace-427b-b4f1-cb8a937ec77d,e9aa9a3e-5b2b-4ac7-a2c7-073de2b2b24f,8bbdbcdd-5cd4-4100-b6d5-b7c9625b6107,50f4348b-c883-4e2f-8f11-ce233b859fa1,fda095cb-831d-4601-ad94-846013963de8,f92806d7-1768-443f-afe8-12bcde84d0f0,dd3a144d-ab7f-41f0-82b8-2e43a090d496,f0416e68-0200-4b77-a926-4f9d16e494da,970b0598-bcb0-4714-91fb-2e81440dccd8,bcd64cc6-2dd9-43f6-abbe-66318d332032,d930590d-bb92-4cc8-8bd1-23cd027f9edf,a3cd009f-0ab0-420d-9278-b9fdab939bbc,6a2d0734-bd9e-4ddf-946e-caa52498cb75,c27215d8-6835-4b68-bfbb-bdeac6100c04,b5d6115f-0370-4d7c-aad3-c194cc71cf98,871c3b6c-7379-419d-bda3-794b239ab90d,ff9b0199-ce04-4cfe-86cc-6c719f08d6e4,de1c2107-70c8-4021-8459-6399f24d01c6,cbf30902-517f-40dc-af90-a550bac27cf1
2025-7-19 10:52:01-debug:   Number of all scripts: 10
2025-7-19 10:52:01-debug:   Number of other assets: 500
2025-7-19 10:52:01-debug:   Number of all scenes: 1
2025-7-19 10:52:01-debug: Init bundle root assets success..., progress: 0%
2025-7-19 10:52:01-debug: // ---- build task 查询 Asset Bundle ---- (1ms)
2025-7-19 10:52:01-log: run build task 查询 Asset Bundle success in 1 ms√, progress: 5%
2025-7-19 10:52:01-debug: // ---- build task 查询 Asset Bundle ----
2025-7-19 10:52:01-debug: 查询 Asset Bundle start, progress: 5%
2025-7-19 10:52:01-debug: [Build Memory track]: 查询 Asset Bundle start:204.13MB, end 203.81MB, increase: -325.50KB
2025-7-19 10:52:01-log: run build task 查询 Asset Bundle success in 1 ms√, progress: 10%
2025-7-19 10:52:01-debug: // ---- build task 查询 Asset Bundle ---- (1ms)
2025-7-19 10:52:01-debug: [Build Memory track]: 查询 Asset Bundle start:203.84MB, end 203.94MB, increase: 105.85KB
2025-7-19 10:52:01-debug: // ---- build task 整理部分构建选项内数据到 settings.json ----
2025-7-19 10:52:01-debug: 整理部分构建选项内数据到 settings.json start, progress: 10%
2025-7-19 10:52:01-log: run build task 整理部分构建选项内数据到 settings.json success in √, progress: 12%
2025-7-19 10:52:01-debug: [Build Memory track]: 整理部分构建选项内数据到 settings.json start:203.96MB, end 203.98MB, increase: 16.05KB
2025-7-19 10:52:01-debug: 填充脚本数据到 settings.json start, progress: 12%
2025-7-19 10:52:01-debug: // ---- build task 填充脚本数据到 settings.json ----
2025-7-19 10:52:01-log: run build task 填充脚本数据到 settings.json success in √, progress: 13%
2025-7-19 10:52:01-debug: [Build Memory track]: 填充脚本数据到 settings.json start:204.01MB, end 204.02MB, increase: 14.21KB
2025-7-19 10:52:01-debug: // ---- build task 整理部分构建选项内数据到 settings.json ----
2025-7-19 10:52:01-debug: 整理部分构建选项内数据到 settings.json start, progress: 13%
2025-7-19 10:52:01-debug: // ---- build task 整理部分构建选项内数据到 settings.json ---- (2ms)
2025-7-19 10:52:01-log: run build task 整理部分构建选项内数据到 settings.json success in 2 ms√, progress: 15%
2025-7-19 10:52:01-debug: [Build Memory track]: 整理部分构建选项内数据到 settings.json start:204.04MB, end 204.17MB, increase: 124.16KB
2025-7-19 10:52:26-debug: refresh db internal success
2025-7-19 10:52:26-debug: refresh db assets success
2025-7-19 10:52:26-debug: Run asset db hook engine-extends:afterRefresh ...
2025-7-19 10:52:26-debug: Run asset db hook engine-extends:afterRefresh success!
2025-7-19 10:52:26-debug: asset-db:refresh-all-database (35ms)
2025-7-19 10:52:26-debug: asset-db:worker-effect-data-processing (1ms)
2025-7-19 10:52:26-debug: asset-db-hook-engine-extends-afterRefresh (1ms)
2025-7-19 10:52:47-debug: start refresh asset from /Users/zhao/Desktop/test/cocos-creator/PlaneFight/assets/Scripts/Player.ts...
2025-7-19 10:52:47-debug: %cImport%c: /Users/zhao/Desktop/test/cocos-creator/PlaneFight/assets/Scripts/Player.tsbackground: #aaff85; color: #000;color: #000;
2025-7-19 10:52:47-debug: refresh asset /Users/zhao/Desktop/test/cocos-creator/PlaneFight/assets/Scripts success
2025-7-19 10:52:47-debug: %cImport%c: /Users/zhao/Desktop/test/cocos-creator/PlaneFight/assets/Scriptsbackground: #aaff85; color: #000;color: #000;
2025-7-19 10:52:56-warn: 为更好地打开脚本，请在 {preferences} -> {program} -> {scriptEditor} 里配置打开脚本的应用程序
2025-7-19 10:54:16-debug: refresh db internal success
2025-7-19 10:54:16-debug: %cImport%c: /Users/zhao/Desktop/test/cocos-creator/PlaneFight/assets/Scripts/Player.tsbackground: #aaff85; color: #000;color: #000;
2025-7-19 10:54:16-debug: refresh db assets success
2025-7-19 10:54:16-debug: Run asset db hook engine-extends:afterRefresh ...
2025-7-19 10:54:16-debug: Run asset db hook engine-extends:afterRefresh success!
2025-7-19 10:54:16-debug: asset-db:refresh-all-database (31ms)
2025-7-19 10:54:16-debug: asset-db-hook-engine-extends-afterRefresh (1ms)
2025-7-19 10:54:18-debug: Query all assets info in project
2025-7-19 10:54:18-debug: init custom config: keepNodeUuid: false, useCache: true
2025-7-19 10:54:18-debug: Skip compress image, progress: 0%
2025-7-19 10:54:18-debug: Init all bundles start..., progress: 0%
2025-7-19 10:54:18-debug: // ---- build task 查询 Asset Bundle ----
2025-7-19 10:54:18-debug: Num of bundles: 2..., progress: 0%
2025-7-19 10:54:18-debug: 查询 Asset Bundle start, progress: 0%
2025-7-19 10:54:18-debug: Init bundle root assets start..., progress: 0%
2025-7-19 10:54:18-debug: Query preload assets/scripts from cc.config.json: 60f7195c-ec2a-45eb-ba94-8955f60e81d0,1c02ae6f-4492-4915-b8f8-7492a3b1e4cd,810e96e4-e456-4468-9b59-f4e8f39732c0,efe8e2a3-eace-427b-b4f1-cb8a937ec77d,e9aa9a3e-5b2b-4ac7-a2c7-073de2b2b24f,8bbdbcdd-5cd4-4100-b6d5-b7c9625b6107,50f4348b-c883-4e2f-8f11-ce233b859fa1,fda095cb-831d-4601-ad94-846013963de8,f92806d7-1768-443f-afe8-12bcde84d0f0,dd3a144d-ab7f-41f0-82b8-2e43a090d496,f0416e68-0200-4b77-a926-4f9d16e494da,970b0598-bcb0-4714-91fb-2e81440dccd8,bcd64cc6-2dd9-43f6-abbe-66318d332032,d930590d-bb92-4cc8-8bd1-23cd027f9edf,a3cd009f-0ab0-420d-9278-b9fdab939bbc,6a2d0734-bd9e-4ddf-946e-caa52498cb75,c27215d8-6835-4b68-bfbb-bdeac6100c04,b5d6115f-0370-4d7c-aad3-c194cc71cf98,871c3b6c-7379-419d-bda3-794b239ab90d,ff9b0199-ce04-4cfe-86cc-6c719f08d6e4,de1c2107-70c8-4021-8459-6399f24d01c6,cbf30902-517f-40dc-af90-a550bac27cf1
2025-7-19 10:54:18-debug: Init bundle root assets success..., progress: 0%
2025-7-19 10:54:18-debug:   Number of all scripts: 11
2025-7-19 10:54:18-debug:   Number of other assets: 500
2025-7-19 10:54:18-debug:   Number of all scenes: 1
2025-7-19 10:54:18-debug: // ---- build task 查询 Asset Bundle ---- (1ms)
2025-7-19 10:54:18-debug: [Build Memory track]: 查询 Asset Bundle start:204.89MB, end 204.59MB, increase: -305.46KB
2025-7-19 10:54:18-debug: 查询 Asset Bundle start, progress: 5%
2025-7-19 10:54:18-debug: // ---- build task 查询 Asset Bundle ----
2025-7-19 10:54:18-log: run build task 查询 Asset Bundle success in 1 ms√, progress: 5%
2025-7-19 10:54:18-debug: // ---- build task 查询 Asset Bundle ---- (1ms)
2025-7-19 10:54:18-debug: 整理部分构建选项内数据到 settings.json start, progress: 10%
2025-7-19 10:54:18-debug: [Build Memory track]: 查询 Asset Bundle start:204.61MB, end 204.72MB, increase: 105.54KB
2025-7-19 10:54:18-debug: // ---- build task 整理部分构建选项内数据到 settings.json ----
2025-7-19 10:54:18-log: run build task 查询 Asset Bundle success in 1 ms√, progress: 10%
2025-7-19 10:54:18-log: run build task 整理部分构建选项内数据到 settings.json success in √, progress: 12%
2025-7-19 10:54:18-debug: [Build Memory track]: 整理部分构建选项内数据到 settings.json start:204.74MB, end 204.76MB, increase: 16.25KB
2025-7-19 10:54:18-debug: 填充脚本数据到 settings.json start, progress: 12%
2025-7-19 10:54:18-debug: // ---- build task 填充脚本数据到 settings.json ----
2025-7-19 10:54:18-log: run build task 填充脚本数据到 settings.json success in √, progress: 13%
2025-7-19 10:54:18-debug: [Build Memory track]: 填充脚本数据到 settings.json start:204.78MB, end 204.80MB, increase: 15.10KB
2025-7-19 10:54:18-debug: 整理部分构建选项内数据到 settings.json start, progress: 13%
2025-7-19 10:54:18-debug: // ---- build task 整理部分构建选项内数据到 settings.json ----
2025-7-19 10:54:18-debug: // ---- build task 整理部分构建选项内数据到 settings.json ---- (1ms)
2025-7-19 10:54:18-log: run build task 整理部分构建选项内数据到 settings.json success in 1 ms√, progress: 15%
2025-7-19 10:54:18-debug: [Build Memory track]: 整理部分构建选项内数据到 settings.json start:204.82MB, end 204.94MB, increase: 123.62KB
2025-7-19 10:54:40-debug: refresh db internal success
2025-7-19 10:54:40-debug: %cImport%c: /Users/zhao/Desktop/test/cocos-creator/PlaneFight/assets/Scripts/Player.tsbackground: #aaff85; color: #000;color: #000;
2025-7-19 10:54:40-debug: refresh db assets success
2025-7-19 10:54:40-debug: Run asset db hook engine-extends:afterRefresh ...
2025-7-19 10:54:40-debug: Run asset db hook engine-extends:afterRefresh success!
2025-7-19 10:54:40-debug: asset-db-hook-engine-extends-afterRefresh (1ms)
2025-7-19 10:54:40-debug: asset-db:refresh-all-database (22ms)
2025-7-19 10:54:42-debug: refresh db internal success
2025-7-19 10:54:42-debug: %cImport%c: /Users/zhao/Desktop/test/cocos-creator/PlaneFight/assets/Scripts/Player.tsbackground: #aaff85; color: #000;color: #000;
2025-7-19 10:54:42-debug: refresh db assets success
2025-7-19 10:54:42-debug: Run asset db hook engine-extends:afterRefresh ...
2025-7-19 10:54:42-debug: Run asset db hook engine-extends:afterRefresh success!
2025-7-19 10:54:42-debug: asset-db:refresh-all-database (30ms)
2025-7-19 10:54:42-debug: asset-db:worker-effect-data-processing (1ms)
2025-7-19 10:54:42-debug: asset-db-hook-engine-extends-afterRefresh (1ms)
2025-7-19 10:54:47-debug: %cImport%c: /Users/zhao/Desktop/test/cocos-creator/PlaneFight/assets/Scenes/Start.scenebackground: #aaff85; color: #000;color: #000;
2025-7-19 10:54:47-debug: asset-db:reimport-asset2fda4d65-a1e9-4078-8250-de49b04cdc34 (4ms)
2025-7-19 10:54:48-debug: Query all assets info in project
2025-7-19 10:54:48-debug: init custom config: keepNodeUuid: false, useCache: true
2025-7-19 10:54:48-debug: Skip compress image, progress: 0%
2025-7-19 10:54:48-debug: Init all bundles start..., progress: 0%
2025-7-19 10:54:48-debug: Num of bundles: 2..., progress: 0%
2025-7-19 10:54:48-debug: 查询 Asset Bundle start, progress: 0%
2025-7-19 10:54:48-debug: // ---- build task 查询 Asset Bundle ----
2025-7-19 10:54:48-debug: Init bundle root assets start..., progress: 0%
2025-7-19 10:54:48-debug: Query preload assets/scripts from cc.config.json: 60f7195c-ec2a-45eb-ba94-8955f60e81d0,1c02ae6f-4492-4915-b8f8-7492a3b1e4cd,810e96e4-e456-4468-9b59-f4e8f39732c0,efe8e2a3-eace-427b-b4f1-cb8a937ec77d,e9aa9a3e-5b2b-4ac7-a2c7-073de2b2b24f,8bbdbcdd-5cd4-4100-b6d5-b7c9625b6107,50f4348b-c883-4e2f-8f11-ce233b859fa1,fda095cb-831d-4601-ad94-846013963de8,f92806d7-1768-443f-afe8-12bcde84d0f0,dd3a144d-ab7f-41f0-82b8-2e43a090d496,f0416e68-0200-4b77-a926-4f9d16e494da,970b0598-bcb0-4714-91fb-2e81440dccd8,bcd64cc6-2dd9-43f6-abbe-66318d332032,d930590d-bb92-4cc8-8bd1-23cd027f9edf,a3cd009f-0ab0-420d-9278-b9fdab939bbc,6a2d0734-bd9e-4ddf-946e-caa52498cb75,c27215d8-6835-4b68-bfbb-bdeac6100c04,b5d6115f-0370-4d7c-aad3-c194cc71cf98,871c3b6c-7379-419d-bda3-794b239ab90d,ff9b0199-ce04-4cfe-86cc-6c719f08d6e4,de1c2107-70c8-4021-8459-6399f24d01c6,cbf30902-517f-40dc-af90-a550bac27cf1
2025-7-19 10:54:48-debug:   Number of all scripts: 11
2025-7-19 10:54:48-debug:   Number of other assets: 500
2025-7-19 10:54:48-debug: Init bundle root assets success..., progress: 0%
2025-7-19 10:54:48-debug:   Number of all scenes: 1
2025-7-19 10:54:48-debug: // ---- build task 查询 Asset Bundle ---- (2ms)
2025-7-19 10:54:48-log: run build task 查询 Asset Bundle success in 2 ms√, progress: 5%
2025-7-19 10:54:48-debug: [Build Memory track]: 查询 Asset Bundle start:206.63MB, end 205.70MB, increase: -952.66KB
2025-7-19 10:54:48-debug: 查询 Asset Bundle start, progress: 5%
2025-7-19 10:54:48-debug: // ---- build task 查询 Asset Bundle ----
2025-7-19 10:54:48-debug: // ---- build task 查询 Asset Bundle ---- (1ms)
2025-7-19 10:54:48-log: run build task 查询 Asset Bundle success in 1 ms√, progress: 10%
2025-7-19 10:54:48-debug: [Build Memory track]: 查询 Asset Bundle start:205.72MB, end 205.85MB, increase: 126.50KB
2025-7-19 10:54:48-debug: 整理部分构建选项内数据到 settings.json start, progress: 10%
2025-7-19 10:54:48-debug: // ---- build task 整理部分构建选项内数据到 settings.json ----
2025-7-19 10:54:48-log: run build task 整理部分构建选项内数据到 settings.json success in √, progress: 12%
2025-7-19 10:54:48-debug: [Build Memory track]: 整理部分构建选项内数据到 settings.json start:205.87MB, end 205.89MB, increase: 16.00KB
2025-7-19 10:54:48-debug: 填充脚本数据到 settings.json start, progress: 12%
2025-7-19 10:54:48-debug: // ---- build task 填充脚本数据到 settings.json ----
2025-7-19 10:54:48-log: run build task 填充脚本数据到 settings.json success in √, progress: 13%
2025-7-19 10:54:48-debug: [Build Memory track]: 填充脚本数据到 settings.json start:205.91MB, end 205.93MB, increase: 15.38KB
2025-7-19 10:54:48-debug: 整理部分构建选项内数据到 settings.json start, progress: 13%
2025-7-19 10:54:48-debug: // ---- build task 整理部分构建选项内数据到 settings.json ----
2025-7-19 10:54:48-debug: // ---- build task 整理部分构建选项内数据到 settings.json ---- (1ms)
2025-7-19 10:54:48-log: run build task 整理部分构建选项内数据到 settings.json success in 1 ms√, progress: 15%
2025-7-19 10:54:48-debug: [Build Memory track]: 整理部分构建选项内数据到 settings.json start:205.95MB, end 206.07MB, increase: 123.84KB
2025-7-19 10:54:57-debug: refresh db internal success
2025-7-19 10:54:57-debug: %cImport%c: /Users/zhao/Desktop/test/cocos-creator/PlaneFight/assets/Scripts/Player.tsbackground: #aaff85; color: #000;color: #000;
2025-7-19 10:54:57-debug: refresh db assets success
2025-7-19 10:54:57-debug: Run asset db hook engine-extends:afterRefresh ...
2025-7-19 10:54:57-debug: Run asset db hook engine-extends:afterRefresh success!
2025-7-19 10:54:57-debug: asset-db:worker-effect-data-processing (1ms)
2025-7-19 10:54:57-debug: asset-db-hook-engine-extends-afterRefresh (1ms)
2025-7-19 10:54:57-debug: asset-db:refresh-all-database (23ms)
2025-7-19 10:54:59-debug: %cImport%c: /Users/zhao/Desktop/test/cocos-creator/PlaneFight/assets/Scenes/Start.scenebackground: #aaff85; color: #000;color: #000;
2025-7-19 10:54:59-debug: asset-db:reimport-asset2fda4d65-a1e9-4078-8250-de49b04cdc34 (7ms)
2025-7-19 10:55:00-debug: Query all assets info in project
2025-7-19 10:55:00-debug: init custom config: keepNodeUuid: false, useCache: true
2025-7-19 10:55:00-debug: Skip compress image, progress: 0%
2025-7-19 10:55:00-debug: Init all bundles start..., progress: 0%
2025-7-19 10:55:00-debug: 查询 Asset Bundle start, progress: 0%
2025-7-19 10:55:00-debug: Num of bundles: 2..., progress: 0%
2025-7-19 10:55:00-debug: Init bundle root assets start..., progress: 0%
2025-7-19 10:55:00-debug: // ---- build task 查询 Asset Bundle ----
2025-7-19 10:55:00-debug: Query preload assets/scripts from cc.config.json: 60f7195c-ec2a-45eb-ba94-8955f60e81d0,1c02ae6f-4492-4915-b8f8-7492a3b1e4cd,810e96e4-e456-4468-9b59-f4e8f39732c0,efe8e2a3-eace-427b-b4f1-cb8a937ec77d,e9aa9a3e-5b2b-4ac7-a2c7-073de2b2b24f,8bbdbcdd-5cd4-4100-b6d5-b7c9625b6107,50f4348b-c883-4e2f-8f11-ce233b859fa1,fda095cb-831d-4601-ad94-846013963de8,f92806d7-1768-443f-afe8-12bcde84d0f0,dd3a144d-ab7f-41f0-82b8-2e43a090d496,f0416e68-0200-4b77-a926-4f9d16e494da,970b0598-bcb0-4714-91fb-2e81440dccd8,bcd64cc6-2dd9-43f6-abbe-66318d332032,d930590d-bb92-4cc8-8bd1-23cd027f9edf,a3cd009f-0ab0-420d-9278-b9fdab939bbc,6a2d0734-bd9e-4ddf-946e-caa52498cb75,c27215d8-6835-4b68-bfbb-bdeac6100c04,b5d6115f-0370-4d7c-aad3-c194cc71cf98,871c3b6c-7379-419d-bda3-794b239ab90d,ff9b0199-ce04-4cfe-86cc-6c719f08d6e4,de1c2107-70c8-4021-8459-6399f24d01c6,cbf30902-517f-40dc-af90-a550bac27cf1
2025-7-19 10:55:00-debug:   Number of all scenes: 1
2025-7-19 10:55:00-debug: Init bundle root assets success..., progress: 0%
2025-7-19 10:55:00-debug:   Number of other assets: 500
2025-7-19 10:55:00-debug:   Number of all scripts: 11
2025-7-19 10:55:00-debug: // ---- build task 查询 Asset Bundle ---- (1ms)
2025-7-19 10:55:00-log: run build task 查询 Asset Bundle success in 1 ms√, progress: 5%
2025-7-19 10:55:00-debug: [Build Memory track]: 查询 Asset Bundle start:206.44MB, end 207.05MB, increase: 630.96KB
2025-7-19 10:55:00-debug: // ---- build task 查询 Asset Bundle ----
2025-7-19 10:55:00-debug: 查询 Asset Bundle start, progress: 5%
2025-7-19 10:55:00-log: run build task 查询 Asset Bundle success in √, progress: 10%
2025-7-19 10:55:00-debug: // ---- build task 整理部分构建选项内数据到 settings.json ----
2025-7-19 10:55:00-debug: 整理部分构建选项内数据到 settings.json start, progress: 10%
2025-7-19 10:55:00-debug: [Build Memory track]: 查询 Asset Bundle start:207.08MB, end 206.48MB, increase: -614.18KB
2025-7-19 10:55:00-log: run build task 整理部分构建选项内数据到 settings.json success in √, progress: 12%
2025-7-19 10:55:00-debug: // ---- build task 填充脚本数据到 settings.json ----
2025-7-19 10:55:00-debug: 填充脚本数据到 settings.json start, progress: 12%
2025-7-19 10:55:00-debug: [Build Memory track]: 整理部分构建选项内数据到 settings.json start:206.50MB, end 206.52MB, increase: 15.55KB
2025-7-19 10:55:00-debug: // ---- build task 填充脚本数据到 settings.json ---- (1ms)
2025-7-19 10:55:00-debug: [Build Memory track]: 填充脚本数据到 settings.json start:206.54MB, end 206.57MB, increase: 23.11KB
2025-7-19 10:55:00-debug: 整理部分构建选项内数据到 settings.json start, progress: 13%
2025-7-19 10:55:00-debug: // ---- build task 整理部分构建选项内数据到 settings.json ----
2025-7-19 10:55:00-log: run build task 填充脚本数据到 settings.json success in 1 ms√, progress: 13%
2025-7-19 10:55:00-log: run build task 整理部分构建选项内数据到 settings.json success in √, progress: 15%
2025-7-19 10:55:00-debug: [Build Memory track]: 整理部分构建选项内数据到 settings.json start:206.59MB, end 206.70MB, increase: 114.51KB
2025-7-19 10:58:25-debug: refresh db internal success
2025-7-19 10:58:25-debug: %cImport%c: /Users/zhao/Desktop/test/cocos-creator/PlaneFight/assets/Scripts/Player.tsbackground: #aaff85; color: #000;color: #000;
2025-7-19 10:58:25-debug: refresh db assets success
2025-7-19 10:58:25-debug: Run asset db hook engine-extends:afterRefresh ...
2025-7-19 10:58:25-debug: Run asset db hook engine-extends:afterRefresh success!
2025-7-19 10:58:25-debug: asset-db:refresh-all-database (49ms)
2025-7-19 10:58:25-debug: asset-db:worker-effect-data-processing (1ms)
2025-7-19 10:58:25-debug: asset-db-hook-engine-extends-afterRefresh (2ms)
2025-7-19 10:58:27-debug: %cImport%c: /Users/zhao/Desktop/test/cocos-creator/PlaneFight/assets/Scenes/Start.scenebackground: #aaff85; color: #000;color: #000;
2025-7-19 10:58:27-debug: asset-db:reimport-asset2fda4d65-a1e9-4078-8250-de49b04cdc34 (5ms)
2025-7-19 10:58:28-debug: Query all assets info in project
2025-7-19 10:58:28-debug: init custom config: keepNodeUuid: false, useCache: true
2025-7-19 10:58:28-debug: Skip compress image, progress: 0%
2025-7-19 10:58:28-debug: Init all bundles start..., progress: 0%
2025-7-19 10:58:28-debug: // ---- build task 查询 Asset Bundle ----
2025-7-19 10:58:28-debug: 查询 Asset Bundle start, progress: 0%
2025-7-19 10:58:28-debug: Num of bundles: 2..., progress: 0%
2025-7-19 10:58:28-debug: Init bundle root assets start..., progress: 0%
2025-7-19 10:58:28-debug: Query preload assets/scripts from cc.config.json: 60f7195c-ec2a-45eb-ba94-8955f60e81d0,1c02ae6f-4492-4915-b8f8-7492a3b1e4cd,810e96e4-e456-4468-9b59-f4e8f39732c0,efe8e2a3-eace-427b-b4f1-cb8a937ec77d,e9aa9a3e-5b2b-4ac7-a2c7-073de2b2b24f,8bbdbcdd-5cd4-4100-b6d5-b7c9625b6107,50f4348b-c883-4e2f-8f11-ce233b859fa1,fda095cb-831d-4601-ad94-846013963de8,f92806d7-1768-443f-afe8-12bcde84d0f0,dd3a144d-ab7f-41f0-82b8-2e43a090d496,f0416e68-0200-4b77-a926-4f9d16e494da,970b0598-bcb0-4714-91fb-2e81440dccd8,bcd64cc6-2dd9-43f6-abbe-66318d332032,d930590d-bb92-4cc8-8bd1-23cd027f9edf,a3cd009f-0ab0-420d-9278-b9fdab939bbc,6a2d0734-bd9e-4ddf-946e-caa52498cb75,c27215d8-6835-4b68-bfbb-bdeac6100c04,b5d6115f-0370-4d7c-aad3-c194cc71cf98,871c3b6c-7379-419d-bda3-794b239ab90d,ff9b0199-ce04-4cfe-86cc-6c719f08d6e4,de1c2107-70c8-4021-8459-6399f24d01c6,cbf30902-517f-40dc-af90-a550bac27cf1
2025-7-19 10:58:28-debug:   Number of other assets: 500
2025-7-19 10:58:28-debug:   Number of all scripts: 11
2025-7-19 10:58:28-debug: Init bundle root assets success..., progress: 0%
2025-7-19 10:58:28-debug:   Number of all scenes: 1
2025-7-19 10:58:28-debug: // ---- build task 查询 Asset Bundle ---- (1ms)
2025-7-19 10:58:28-log: run build task 查询 Asset Bundle success in 1 ms√, progress: 5%
2025-7-19 10:58:28-debug: [Build Memory track]: 查询 Asset Bundle start:207.10MB, end 207.72MB, increase: 630.35KB
2025-7-19 10:58:28-debug: // ---- build task 查询 Asset Bundle ----
2025-7-19 10:58:28-debug: 查询 Asset Bundle start, progress: 5%
2025-7-19 10:58:28-debug: // ---- build task 查询 Asset Bundle ---- (1ms)
2025-7-19 10:58:28-debug: // ---- build task 整理部分构建选项内数据到 settings.json ----
2025-7-19 10:58:28-debug: [Build Memory track]: 查询 Asset Bundle start:207.74MB, end 207.05MB, increase: -705.01KB
2025-7-19 10:58:28-debug: 整理部分构建选项内数据到 settings.json start, progress: 10%
2025-7-19 10:58:28-log: run build task 查询 Asset Bundle success in 1 ms√, progress: 10%
2025-7-19 10:58:28-log: run build task 整理部分构建选项内数据到 settings.json success in √, progress: 12%
2025-7-19 10:58:28-debug: 填充脚本数据到 settings.json start, progress: 12%
2025-7-19 10:58:28-debug: [Build Memory track]: 整理部分构建选项内数据到 settings.json start:207.08MB, end 207.09MB, increase: 16.18KB
2025-7-19 10:58:28-debug: // ---- build task 填充脚本数据到 settings.json ----
2025-7-19 10:58:28-log: run build task 填充脚本数据到 settings.json success in √, progress: 13%
2025-7-19 10:58:28-debug: 整理部分构建选项内数据到 settings.json start, progress: 13%
2025-7-19 10:58:28-debug: [Build Memory track]: 填充脚本数据到 settings.json start:207.12MB, end 207.13MB, increase: 15.17KB
2025-7-19 10:58:28-debug: // ---- build task 整理部分构建选项内数据到 settings.json ----
2025-7-19 10:58:28-debug: // ---- build task 整理部分构建选项内数据到 settings.json ---- (1ms)
2025-7-19 10:58:28-debug: [Build Memory track]: 整理部分构建选项内数据到 settings.json start:207.16MB, end 207.29MB, increase: 139.79KB
2025-7-19 10:58:28-log: run build task 整理部分构建选项内数据到 settings.json success in 1 ms√, progress: 15%
2025-7-19 10:58:37-debug: refresh db internal success
2025-7-19 10:58:37-debug: %cImport%c: /Users/zhao/Desktop/test/cocos-creator/PlaneFight/assets/Scripts/Player.tsbackground: #aaff85; color: #000;color: #000;
2025-7-19 10:58:37-debug: refresh db assets success
2025-7-19 10:58:37-debug: Run asset db hook engine-extends:afterRefresh success!
2025-7-19 10:58:37-debug: Run asset db hook engine-extends:afterRefresh ...
2025-7-19 10:58:37-debug: asset-db:refresh-all-database (24ms)
2025-7-19 10:58:38-debug: %cImport%c: /Users/zhao/Desktop/test/cocos-creator/PlaneFight/assets/Scenes/Start.scenebackground: #aaff85; color: #000;color: #000;
2025-7-19 10:58:38-debug: asset-db:reimport-asset2fda4d65-a1e9-4078-8250-de49b04cdc34 (4ms)
2025-7-19 10:58:39-debug: Query all assets info in project
2025-7-19 10:58:39-debug: init custom config: keepNodeUuid: false, useCache: true
2025-7-19 10:58:39-debug: Skip compress image, progress: 0%
2025-7-19 10:58:39-debug: Init all bundles start..., progress: 0%
2025-7-19 10:58:39-debug: Num of bundles: 2..., progress: 0%
2025-7-19 10:58:39-debug: 查询 Asset Bundle start, progress: 0%
2025-7-19 10:58:39-debug: // ---- build task 查询 Asset Bundle ----
2025-7-19 10:58:39-debug: Init bundle root assets start..., progress: 0%
2025-7-19 10:58:39-debug: Query preload assets/scripts from cc.config.json: 60f7195c-ec2a-45eb-ba94-8955f60e81d0,1c02ae6f-4492-4915-b8f8-7492a3b1e4cd,810e96e4-e456-4468-9b59-f4e8f39732c0,efe8e2a3-eace-427b-b4f1-cb8a937ec77d,e9aa9a3e-5b2b-4ac7-a2c7-073de2b2b24f,8bbdbcdd-5cd4-4100-b6d5-b7c9625b6107,50f4348b-c883-4e2f-8f11-ce233b859fa1,fda095cb-831d-4601-ad94-846013963de8,f92806d7-1768-443f-afe8-12bcde84d0f0,dd3a144d-ab7f-41f0-82b8-2e43a090d496,f0416e68-0200-4b77-a926-4f9d16e494da,970b0598-bcb0-4714-91fb-2e81440dccd8,bcd64cc6-2dd9-43f6-abbe-66318d332032,d930590d-bb92-4cc8-8bd1-23cd027f9edf,a3cd009f-0ab0-420d-9278-b9fdab939bbc,6a2d0734-bd9e-4ddf-946e-caa52498cb75,c27215d8-6835-4b68-bfbb-bdeac6100c04,b5d6115f-0370-4d7c-aad3-c194cc71cf98,871c3b6c-7379-419d-bda3-794b239ab90d,ff9b0199-ce04-4cfe-86cc-6c719f08d6e4,de1c2107-70c8-4021-8459-6399f24d01c6,cbf30902-517f-40dc-af90-a550bac27cf1
2025-7-19 10:58:39-debug:   Number of all scripts: 11
2025-7-19 10:58:39-debug: Init bundle root assets success..., progress: 0%
2025-7-19 10:58:39-debug:   Number of other assets: 500
2025-7-19 10:58:39-debug:   Number of all scenes: 1
2025-7-19 10:58:39-debug: // ---- build task 查询 Asset Bundle ---- (1ms)
2025-7-19 10:58:39-debug: // ---- build task 查询 Asset Bundle ----
2025-7-19 10:58:39-debug: [Build Memory track]: 查询 Asset Bundle start:207.76MB, end 208.38MB, increase: 628.44KB
2025-7-19 10:58:39-debug: 查询 Asset Bundle start, progress: 5%
2025-7-19 10:58:39-log: run build task 查询 Asset Bundle success in 1 ms√, progress: 5%
2025-7-19 10:58:39-debug: // ---- build task 查询 Asset Bundle ---- (1ms)
2025-7-19 10:58:39-log: run build task 查询 Asset Bundle success in 1 ms√, progress: 10%
2025-7-19 10:58:39-debug: [Build Memory track]: 查询 Asset Bundle start:208.40MB, end 207.71MB, increase: -709.23KB
2025-7-19 10:58:39-debug: 整理部分构建选项内数据到 settings.json start, progress: 10%
2025-7-19 10:58:39-debug: // ---- build task 整理部分构建选项内数据到 settings.json ----
2025-7-19 10:58:39-log: run build task 整理部分构建选项内数据到 settings.json success in √, progress: 12%
2025-7-19 10:58:39-debug: [Build Memory track]: 整理部分构建选项内数据到 settings.json start:207.73MB, end 207.75MB, increase: 15.98KB
2025-7-19 10:58:39-debug: 填充脚本数据到 settings.json start, progress: 12%
2025-7-19 10:58:39-debug: // ---- build task 填充脚本数据到 settings.json ----
2025-7-19 10:58:39-log: run build task 填充脚本数据到 settings.json success in √, progress: 13%
2025-7-19 10:58:39-debug: [Build Memory track]: 填充脚本数据到 settings.json start:207.77MB, end 207.79MB, increase: 15.14KB
2025-7-19 10:58:39-debug: 整理部分构建选项内数据到 settings.json start, progress: 13%
2025-7-19 10:58:39-debug: // ---- build task 整理部分构建选项内数据到 settings.json ----
2025-7-19 10:58:39-log: run build task 整理部分构建选项内数据到 settings.json success in √, progress: 15%
2025-7-19 10:58:39-debug: [Build Memory track]: 整理部分构建选项内数据到 settings.json start:207.81MB, end 207.93MB, increase: 120.82KB
2025-7-19 11:01:43-debug: refresh db internal success
2025-7-19 11:01:43-debug: %cImport%c: /Users/zhao/Desktop/test/cocos-creator/PlaneFight/assets/Scripts/Player.tsbackground: #aaff85; color: #000;color: #000;
2025-7-19 11:01:43-debug: refresh db assets success
2025-7-19 11:01:43-debug: Run asset db hook engine-extends:afterRefresh ...
2025-7-19 11:01:43-debug: Run asset db hook engine-extends:afterRefresh success!
2025-7-19 11:01:43-debug: asset-db:refresh-all-database (38ms)
2025-7-19 11:01:43-debug: asset-db:worker-effect-data-processing (1ms)
2025-7-19 11:01:43-debug: asset-db-hook-engine-extends-afterRefresh (1ms)
2025-7-19 11:01:44-debug: Query all assets info in project
2025-7-19 11:01:44-debug: init custom config: keepNodeUuid: false, useCache: true
2025-7-19 11:01:44-debug: Skip compress image, progress: 0%
2025-7-19 11:01:44-debug: Init all bundles start..., progress: 0%
2025-7-19 11:01:44-debug: Num of bundles: 2..., progress: 0%
2025-7-19 11:01:44-debug: 查询 Asset Bundle start, progress: 0%
2025-7-19 11:01:44-debug: Init bundle root assets start..., progress: 0%
2025-7-19 11:01:44-debug: // ---- build task 查询 Asset Bundle ----
2025-7-19 11:01:44-debug: Query preload assets/scripts from cc.config.json: 60f7195c-ec2a-45eb-ba94-8955f60e81d0,1c02ae6f-4492-4915-b8f8-7492a3b1e4cd,810e96e4-e456-4468-9b59-f4e8f39732c0,efe8e2a3-eace-427b-b4f1-cb8a937ec77d,e9aa9a3e-5b2b-4ac7-a2c7-073de2b2b24f,8bbdbcdd-5cd4-4100-b6d5-b7c9625b6107,50f4348b-c883-4e2f-8f11-ce233b859fa1,fda095cb-831d-4601-ad94-846013963de8,f92806d7-1768-443f-afe8-12bcde84d0f0,dd3a144d-ab7f-41f0-82b8-2e43a090d496,f0416e68-0200-4b77-a926-4f9d16e494da,970b0598-bcb0-4714-91fb-2e81440dccd8,bcd64cc6-2dd9-43f6-abbe-66318d332032,d930590d-bb92-4cc8-8bd1-23cd027f9edf,a3cd009f-0ab0-420d-9278-b9fdab939bbc,6a2d0734-bd9e-4ddf-946e-caa52498cb75,c27215d8-6835-4b68-bfbb-bdeac6100c04,b5d6115f-0370-4d7c-aad3-c194cc71cf98,871c3b6c-7379-419d-bda3-794b239ab90d,ff9b0199-ce04-4cfe-86cc-6c719f08d6e4,de1c2107-70c8-4021-8459-6399f24d01c6,cbf30902-517f-40dc-af90-a550bac27cf1
2025-7-19 11:01:44-debug: Init bundle root assets success..., progress: 0%
2025-7-19 11:01:44-debug:   Number of all scripts: 11
2025-7-19 11:01:44-debug:   Number of other assets: 500
2025-7-19 11:01:44-debug:   Number of all scenes: 1
2025-7-19 11:01:44-debug: // ---- build task 查询 Asset Bundle ---- (1ms)
2025-7-19 11:01:44-log: run build task 查询 Asset Bundle success in 1 ms√, progress: 5%
2025-7-19 11:01:44-debug: [Build Memory track]: 查询 Asset Bundle start:208.69MB, end 208.38MB, increase: -314.14KB
2025-7-19 11:01:44-debug: 查询 Asset Bundle start, progress: 5%
2025-7-19 11:01:44-debug: // ---- build task 查询 Asset Bundle ----
2025-7-19 11:01:44-debug: // ---- build task 查询 Asset Bundle ---- (1ms)
2025-7-19 11:01:44-log: run build task 查询 Asset Bundle success in 1 ms√, progress: 10%
2025-7-19 11:01:44-debug: [Build Memory track]: 查询 Asset Bundle start:208.41MB, end 208.51MB, increase: 107.79KB
2025-7-19 11:01:44-debug: 整理部分构建选项内数据到 settings.json start, progress: 10%
2025-7-19 11:01:44-debug: // ---- build task 整理部分构建选项内数据到 settings.json ----
2025-7-19 11:01:44-log: run build task 整理部分构建选项内数据到 settings.json success in √, progress: 12%
2025-7-19 11:01:44-debug: 填充脚本数据到 settings.json start, progress: 12%
2025-7-19 11:01:44-debug: [Build Memory track]: 整理部分构建选项内数据到 settings.json start:208.54MB, end 208.56MB, increase: 16.28KB
2025-7-19 11:01:44-debug: // ---- build task 填充脚本数据到 settings.json ----
2025-7-19 11:01:44-log: run build task 填充脚本数据到 settings.json success in √, progress: 13%
2025-7-19 11:01:44-debug: // ---- build task 整理部分构建选项内数据到 settings.json ----
2025-7-19 11:01:44-debug: 整理部分构建选项内数据到 settings.json start, progress: 13%
2025-7-19 11:01:44-debug: [Build Memory track]: 填充脚本数据到 settings.json start:208.58MB, end 208.59MB, increase: 15.07KB
2025-7-19 11:01:44-debug: // ---- build task 整理部分构建选项内数据到 settings.json ---- (2ms)
2025-7-19 11:01:44-log: run build task 整理部分构建选项内数据到 settings.json success in 2 ms√, progress: 15%
2025-7-19 11:01:44-debug: [Build Memory track]: 整理部分构建选项内数据到 settings.json start:208.62MB, end 208.74MB, increase: 121.95KB
2025-7-19 11:02:56-debug: refresh db internal success
2025-7-19 11:02:56-debug: %cImport%c: /Users/zhao/Desktop/test/cocos-creator/PlaneFight/assets/Scripts/Player.tsbackground: #aaff85; color: #000;color: #000;
2025-7-19 11:02:56-debug: refresh db assets success
2025-7-19 11:02:56-debug: Run asset db hook engine-extends:afterRefresh ...
2025-7-19 11:02:56-debug: Run asset db hook engine-extends:afterRefresh success!
2025-7-19 11:02:56-debug: asset-db:refresh-all-database (48ms)
2025-7-19 11:02:56-debug: asset-db:worker-effect-data-processing (1ms)
2025-7-19 11:02:56-debug: asset-db-hook-engine-extends-afterRefresh (1ms)
2025-7-19 11:02:58-debug: %cImport%c: /Users/zhao/Desktop/test/cocos-creator/PlaneFight/assets/Scenes/Start.scenebackground: #aaff85; color: #000;color: #000;
2025-7-19 11:02:58-debug: asset-db:reimport-asset2fda4d65-a1e9-4078-8250-de49b04cdc34 (3ms)
2025-7-19 11:02:58-debug: Query all assets info in project
2025-7-19 11:02:58-debug: init custom config: keepNodeUuid: false, useCache: true
2025-7-19 11:02:58-debug: Skip compress image, progress: 0%
2025-7-19 11:02:58-debug: Init all bundles start..., progress: 0%
2025-7-19 11:02:58-debug: 查询 Asset Bundle start, progress: 0%
2025-7-19 11:02:58-debug: // ---- build task 查询 Asset Bundle ----
2025-7-19 11:02:58-debug: Num of bundles: 2..., progress: 0%
2025-7-19 11:02:58-debug: Init bundle root assets start..., progress: 0%
2025-7-19 11:02:58-debug: Query preload assets/scripts from cc.config.json: 60f7195c-ec2a-45eb-ba94-8955f60e81d0,1c02ae6f-4492-4915-b8f8-7492a3b1e4cd,810e96e4-e456-4468-9b59-f4e8f39732c0,efe8e2a3-eace-427b-b4f1-cb8a937ec77d,e9aa9a3e-5b2b-4ac7-a2c7-073de2b2b24f,8bbdbcdd-5cd4-4100-b6d5-b7c9625b6107,50f4348b-c883-4e2f-8f11-ce233b859fa1,fda095cb-831d-4601-ad94-846013963de8,f92806d7-1768-443f-afe8-12bcde84d0f0,dd3a144d-ab7f-41f0-82b8-2e43a090d496,f0416e68-0200-4b77-a926-4f9d16e494da,970b0598-bcb0-4714-91fb-2e81440dccd8,bcd64cc6-2dd9-43f6-abbe-66318d332032,d930590d-bb92-4cc8-8bd1-23cd027f9edf,a3cd009f-0ab0-420d-9278-b9fdab939bbc,6a2d0734-bd9e-4ddf-946e-caa52498cb75,c27215d8-6835-4b68-bfbb-bdeac6100c04,b5d6115f-0370-4d7c-aad3-c194cc71cf98,871c3b6c-7379-419d-bda3-794b239ab90d,ff9b0199-ce04-4cfe-86cc-6c719f08d6e4,de1c2107-70c8-4021-8459-6399f24d01c6,cbf30902-517f-40dc-af90-a550bac27cf1
2025-7-19 11:02:58-debug:   Number of all scripts: 11
2025-7-19 11:02:58-debug:   Number of other assets: 500
2025-7-19 11:02:58-debug:   Number of all scenes: 1
2025-7-19 11:02:58-debug: Init bundle root assets success..., progress: 0%
2025-7-19 11:02:58-debug: // ---- build task 查询 Asset Bundle ---- (1ms)
2025-7-19 11:02:58-debug: [Build Memory track]: 查询 Asset Bundle start:209.01MB, end 209.63MB, increase: 630.93KB
2025-7-19 11:02:58-debug: 查询 Asset Bundle start, progress: 5%
2025-7-19 11:02:58-debug: // ---- build task 查询 Asset Bundle ----
2025-7-19 11:02:58-log: run build task 查询 Asset Bundle success in 1 ms√, progress: 5%
2025-7-19 11:02:58-debug: // ---- build task 查询 Asset Bundle ---- (1ms)
2025-7-19 11:02:58-debug: [Build Memory track]: 查询 Asset Bundle start:209.65MB, end 208.99MB, increase: -679.84KB
2025-7-19 11:02:58-debug: // ---- build task 整理部分构建选项内数据到 settings.json ----
2025-7-19 11:02:58-log: run build task 查询 Asset Bundle success in 1 ms√, progress: 10%
2025-7-19 11:02:58-debug: 整理部分构建选项内数据到 settings.json start, progress: 10%
2025-7-19 11:02:58-log: run build task 整理部分构建选项内数据到 settings.json success in √, progress: 12%
2025-7-19 11:02:58-debug: [Build Memory track]: 整理部分构建选项内数据到 settings.json start:209.01MB, end 209.03MB, increase: 16.18KB
2025-7-19 11:02:58-debug: // ---- build task 填充脚本数据到 settings.json ----
2025-7-19 11:02:58-debug: 填充脚本数据到 settings.json start, progress: 12%
2025-7-19 11:02:58-log: run build task 填充脚本数据到 settings.json success in √, progress: 13%
2025-7-19 11:02:58-debug: 整理部分构建选项内数据到 settings.json start, progress: 13%
2025-7-19 11:02:58-debug: // ---- build task 整理部分构建选项内数据到 settings.json ----
2025-7-19 11:02:58-debug: [Build Memory track]: 填充脚本数据到 settings.json start:209.05MB, end 209.07MB, increase: 15.09KB
2025-7-19 11:02:58-debug: // ---- build task 整理部分构建选项内数据到 settings.json ---- (1ms)
2025-7-19 11:02:58-debug: [Build Memory track]: 整理部分构建选项内数据到 settings.json start:209.09MB, end 209.22MB, increase: 135.89KB
2025-7-19 11:02:58-log: run build task 整理部分构建选项内数据到 settings.json success in 1 ms√, progress: 15%
2025-7-19 11:03:25-debug: refresh db internal success
2025-7-19 11:03:25-debug: %cImport%c: /Users/zhao/Desktop/test/cocos-creator/PlaneFight/assets/Scripts/Player.tsbackground: #aaff85; color: #000;color: #000;
2025-7-19 11:03:25-debug: refresh db assets success
2025-7-19 11:03:25-debug: Run asset db hook engine-extends:afterRefresh ...
2025-7-19 11:03:25-debug: Run asset db hook engine-extends:afterRefresh success!
2025-7-19 11:03:25-debug: asset-db:refresh-all-database (20ms)
2025-7-19 11:03:25-debug: asset-db:worker-effect-data-processing (1ms)
2025-7-19 11:03:25-debug: asset-db-hook-engine-extends-afterRefresh (1ms)
2025-7-19 11:13:07-debug: Query all assets info in project
2025-7-19 11:13:07-debug: init custom config: keepNodeUuid: false, useCache: true
2025-7-19 11:13:07-debug: Skip compress image, progress: 0%
2025-7-19 11:13:07-debug: Init all bundles start..., progress: 0%
2025-7-19 11:13:07-debug: Num of bundles: 2..., progress: 0%
2025-7-19 11:13:07-debug: // ---- build task 查询 Asset Bundle ----
2025-7-19 11:13:07-debug: 查询 Asset Bundle start, progress: 0%
2025-7-19 11:13:07-debug: Init bundle root assets start..., progress: 0%
2025-7-19 11:13:07-debug: Query preload assets/scripts from cc.config.json: 60f7195c-ec2a-45eb-ba94-8955f60e81d0,1c02ae6f-4492-4915-b8f8-7492a3b1e4cd,810e96e4-e456-4468-9b59-f4e8f39732c0,efe8e2a3-eace-427b-b4f1-cb8a937ec77d,e9aa9a3e-5b2b-4ac7-a2c7-073de2b2b24f,8bbdbcdd-5cd4-4100-b6d5-b7c9625b6107,50f4348b-c883-4e2f-8f11-ce233b859fa1,fda095cb-831d-4601-ad94-846013963de8,f92806d7-1768-443f-afe8-12bcde84d0f0,dd3a144d-ab7f-41f0-82b8-2e43a090d496,f0416e68-0200-4b77-a926-4f9d16e494da,970b0598-bcb0-4714-91fb-2e81440dccd8,bcd64cc6-2dd9-43f6-abbe-66318d332032,d930590d-bb92-4cc8-8bd1-23cd027f9edf,a3cd009f-0ab0-420d-9278-b9fdab939bbc,6a2d0734-bd9e-4ddf-946e-caa52498cb75,c27215d8-6835-4b68-bfbb-bdeac6100c04,b5d6115f-0370-4d7c-aad3-c194cc71cf98,871c3b6c-7379-419d-bda3-794b239ab90d,ff9b0199-ce04-4cfe-86cc-6c719f08d6e4,de1c2107-70c8-4021-8459-6399f24d01c6,cbf30902-517f-40dc-af90-a550bac27cf1
2025-7-19 11:13:07-debug:   Number of all scripts: 11
2025-7-19 11:13:07-debug:   Number of other assets: 500
2025-7-19 11:13:07-debug:   Number of all scenes: 1
2025-7-19 11:13:07-debug: Init bundle root assets success..., progress: 0%
2025-7-19 11:13:07-debug: // ---- build task 查询 Asset Bundle ---- (1ms)
2025-7-19 11:13:07-log: run build task 查询 Asset Bundle success in 1 ms√, progress: 5%
2025-7-19 11:13:07-debug: 查询 Asset Bundle start, progress: 5%
2025-7-19 11:13:07-debug: [Build Memory track]: 查询 Asset Bundle start:209.66MB, end 209.36MB, increase: -313.18KB
2025-7-19 11:13:07-debug: // ---- build task 查询 Asset Bundle ----
2025-7-19 11:13:07-log: run build task 查询 Asset Bundle success in √, progress: 10%
2025-7-19 11:13:07-debug: 整理部分构建选项内数据到 settings.json start, progress: 10%
2025-7-19 11:13:07-debug: // ---- build task 整理部分构建选项内数据到 settings.json ----
2025-7-19 11:13:07-debug: [Build Memory track]: 查询 Asset Bundle start:209.38MB, end 209.48MB, increase: 97.82KB
2025-7-19 11:13:07-log: run build task 整理部分构建选项内数据到 settings.json success in √, progress: 12%
2025-7-19 11:13:07-debug: [Build Memory track]: 整理部分构建选项内数据到 settings.json start:209.50MB, end 209.52MB, increase: 15.41KB
2025-7-19 11:13:07-debug: 填充脚本数据到 settings.json start, progress: 12%
2025-7-19 11:13:07-debug: // ---- build task 填充脚本数据到 settings.json ----
2025-7-19 11:13:07-debug: [Build Memory track]: 填充脚本数据到 settings.json start:209.54MB, end 209.56MB, increase: 14.87KB
2025-7-19 11:13:07-log: run build task 填充脚本数据到 settings.json success in √, progress: 13%
2025-7-19 11:13:07-debug: 整理部分构建选项内数据到 settings.json start, progress: 13%
2025-7-19 11:13:07-debug: // ---- build task 整理部分构建选项内数据到 settings.json ----
2025-7-19 11:13:07-debug: // ---- build task 整理部分构建选项内数据到 settings.json ---- (1ms)
2025-7-19 11:13:07-log: run build task 整理部分构建选项内数据到 settings.json success in 1 ms√, progress: 15%
2025-7-19 11:13:07-debug: [Build Memory track]: 整理部分构建选项内数据到 settings.json start:209.58MB, end 209.70MB, increase: 123.18KB
2025-7-19 11:13:37-debug: refresh db internal success
2025-7-19 11:13:37-debug: %cImport%c: /Users/zhao/Desktop/test/cocos-creator/PlaneFight/assets/Scripts/Player.tsbackground: #aaff85; color: #000;color: #000;
2025-7-19 11:13:37-debug: refresh db assets success
2025-7-19 11:13:37-debug: Run asset db hook engine-extends:afterRefresh ...
2025-7-19 11:13:37-debug: Run asset db hook engine-extends:afterRefresh success!
2025-7-19 11:13:37-debug: asset-db:refresh-all-database (58ms)
2025-7-19 11:13:37-debug: asset-db:worker-effect-data-processing (1ms)
2025-7-19 11:13:37-debug: asset-db-hook-engine-extends-afterRefresh (1ms)
2025-7-19 11:13:38-debug: %cImport%c: /Users/zhao/Desktop/test/cocos-creator/PlaneFight/assets/Scenes/Start.scenebackground: #aaff85; color: #000;color: #000;
2025-7-19 11:13:38-debug: asset-db:reimport-asset2fda4d65-a1e9-4078-8250-de49b04cdc34 (1ms)
2025-7-19 11:13:39-debug: Query all assets info in project
2025-7-19 11:13:39-debug: init custom config: keepNodeUuid: false, useCache: true
2025-7-19 11:13:39-debug: Skip compress image, progress: 0%
2025-7-19 11:13:39-debug: Init all bundles start..., progress: 0%
2025-7-19 11:13:39-debug: 查询 Asset Bundle start, progress: 0%
2025-7-19 11:13:39-debug: Init bundle root assets start..., progress: 0%
2025-7-19 11:13:39-debug: Num of bundles: 2..., progress: 0%
2025-7-19 11:13:39-debug: // ---- build task 查询 Asset Bundle ----
2025-7-19 11:13:39-debug: Query preload assets/scripts from cc.config.json: 60f7195c-ec2a-45eb-ba94-8955f60e81d0,1c02ae6f-4492-4915-b8f8-7492a3b1e4cd,810e96e4-e456-4468-9b59-f4e8f39732c0,efe8e2a3-eace-427b-b4f1-cb8a937ec77d,e9aa9a3e-5b2b-4ac7-a2c7-073de2b2b24f,8bbdbcdd-5cd4-4100-b6d5-b7c9625b6107,50f4348b-c883-4e2f-8f11-ce233b859fa1,fda095cb-831d-4601-ad94-846013963de8,f92806d7-1768-443f-afe8-12bcde84d0f0,dd3a144d-ab7f-41f0-82b8-2e43a090d496,f0416e68-0200-4b77-a926-4f9d16e494da,970b0598-bcb0-4714-91fb-2e81440dccd8,bcd64cc6-2dd9-43f6-abbe-66318d332032,d930590d-bb92-4cc8-8bd1-23cd027f9edf,a3cd009f-0ab0-420d-9278-b9fdab939bbc,6a2d0734-bd9e-4ddf-946e-caa52498cb75,c27215d8-6835-4b68-bfbb-bdeac6100c04,b5d6115f-0370-4d7c-aad3-c194cc71cf98,871c3b6c-7379-419d-bda3-794b239ab90d,ff9b0199-ce04-4cfe-86cc-6c719f08d6e4,de1c2107-70c8-4021-8459-6399f24d01c6,cbf30902-517f-40dc-af90-a550bac27cf1
2025-7-19 11:13:39-debug:   Number of other assets: 500
2025-7-19 11:13:39-debug:   Number of all scripts: 11
2025-7-19 11:13:39-debug: Init bundle root assets success..., progress: 0%
2025-7-19 11:13:39-debug:   Number of all scenes: 1
2025-7-19 11:13:39-debug: // ---- build task 查询 Asset Bundle ---- (1ms)
2025-7-19 11:13:39-log: run build task 查询 Asset Bundle success in 1 ms√, progress: 5%
2025-7-19 11:13:39-debug: 查询 Asset Bundle start, progress: 5%
2025-7-19 11:13:39-debug: [Build Memory track]: 查询 Asset Bundle start:209.88MB, end 210.50MB, increase: 634.15KB
2025-7-19 11:13:39-debug: // ---- build task 查询 Asset Bundle ----
2025-7-19 11:13:39-log: run build task 查询 Asset Bundle success in √, progress: 10%
2025-7-19 11:13:39-debug: 整理部分构建选项内数据到 settings.json start, progress: 10%
2025-7-19 11:13:39-debug: [Build Memory track]: 查询 Asset Bundle start:210.53MB, end 209.84MB, increase: -705.22KB
2025-7-19 11:13:39-debug: // ---- build task 整理部分构建选项内数据到 settings.json ----
2025-7-19 11:13:39-log: run build task 整理部分构建选项内数据到 settings.json success in √, progress: 12%
2025-7-19 11:13:39-debug: 填充脚本数据到 settings.json start, progress: 12%
2025-7-19 11:13:39-debug: [Build Memory track]: 整理部分构建选项内数据到 settings.json start:209.86MB, end 209.88MB, increase: 14.76KB
2025-7-19 11:13:39-debug: // ---- build task 填充脚本数据到 settings.json ----
2025-7-19 11:13:39-log: run build task 填充脚本数据到 settings.json success in √, progress: 13%
2025-7-19 11:13:39-debug: [Build Memory track]: 填充脚本数据到 settings.json start:209.90MB, end 209.92MB, increase: 15.59KB
2025-7-19 11:13:39-debug: 整理部分构建选项内数据到 settings.json start, progress: 13%
2025-7-19 11:13:39-debug: // ---- build task 整理部分构建选项内数据到 settings.json ----
2025-7-19 11:13:39-debug: // ---- build task 整理部分构建选项内数据到 settings.json ---- (1ms)
2025-7-19 11:13:39-debug: [Build Memory track]: 整理部分构建选项内数据到 settings.json start:209.94MB, end 210.06MB, increase: 124.00KB
2025-7-19 11:13:39-log: run build task 整理部分构建选项内数据到 settings.json success in 1 ms√, progress: 15%
2025-7-19 11:13:53-debug: refresh db internal success
2025-7-19 11:13:53-debug: %cImport%c: /Users/zhao/Desktop/test/cocos-creator/PlaneFight/assets/Scripts/Player.tsbackground: #aaff85; color: #000;color: #000;
2025-7-19 11:13:53-debug: refresh db assets success
2025-7-19 11:13:53-debug: Run asset db hook engine-extends:afterRefresh ...
2025-7-19 11:13:53-debug: Run asset db hook engine-extends:afterRefresh success!
2025-7-19 11:13:53-debug: asset-db:refresh-all-database (21ms)
2025-7-19 11:13:53-debug: asset-db:worker-effect-data-processing (1ms)
2025-7-19 11:13:53-debug: asset-db-hook-engine-extends-afterRefresh (1ms)
2025-7-19 11:13:54-debug: %cImport%c: /Users/zhao/Desktop/test/cocos-creator/PlaneFight/assets/Scenes/Start.scenebackground: #aaff85; color: #000;color: #000;
2025-7-19 11:13:54-debug: asset-db:reimport-asset2fda4d65-a1e9-4078-8250-de49b04cdc34 (2ms)
2025-7-19 11:13:55-debug: Query all assets info in project
2025-7-19 11:13:55-debug: init custom config: keepNodeUuid: false, useCache: true
2025-7-19 11:13:55-debug: Skip compress image, progress: 0%
2025-7-19 11:13:55-debug: Init all bundles start..., progress: 0%
2025-7-19 11:13:55-debug: Num of bundles: 2..., progress: 0%
2025-7-19 11:13:55-debug: Init bundle root assets start..., progress: 0%
2025-7-19 11:13:55-debug: // ---- build task 查询 Asset Bundle ----
2025-7-19 11:13:55-debug: 查询 Asset Bundle start, progress: 0%
2025-7-19 11:13:55-debug: Query preload assets/scripts from cc.config.json: 60f7195c-ec2a-45eb-ba94-8955f60e81d0,1c02ae6f-4492-4915-b8f8-7492a3b1e4cd,810e96e4-e456-4468-9b59-f4e8f39732c0,efe8e2a3-eace-427b-b4f1-cb8a937ec77d,e9aa9a3e-5b2b-4ac7-a2c7-073de2b2b24f,8bbdbcdd-5cd4-4100-b6d5-b7c9625b6107,50f4348b-c883-4e2f-8f11-ce233b859fa1,fda095cb-831d-4601-ad94-846013963de8,f92806d7-1768-443f-afe8-12bcde84d0f0,dd3a144d-ab7f-41f0-82b8-2e43a090d496,f0416e68-0200-4b77-a926-4f9d16e494da,970b0598-bcb0-4714-91fb-2e81440dccd8,bcd64cc6-2dd9-43f6-abbe-66318d332032,d930590d-bb92-4cc8-8bd1-23cd027f9edf,a3cd009f-0ab0-420d-9278-b9fdab939bbc,6a2d0734-bd9e-4ddf-946e-caa52498cb75,c27215d8-6835-4b68-bfbb-bdeac6100c04,b5d6115f-0370-4d7c-aad3-c194cc71cf98,871c3b6c-7379-419d-bda3-794b239ab90d,ff9b0199-ce04-4cfe-86cc-6c719f08d6e4,de1c2107-70c8-4021-8459-6399f24d01c6,cbf30902-517f-40dc-af90-a550bac27cf1
2025-7-19 11:13:55-debug:   Number of all scripts: 11
2025-7-19 11:13:55-debug:   Number of other assets: 500
2025-7-19 11:13:55-debug: Init bundle root assets success..., progress: 0%
2025-7-19 11:13:55-debug:   Number of all scenes: 1
2025-7-19 11:13:55-debug: // ---- build task 查询 Asset Bundle ---- (1ms)
2025-7-19 11:13:55-debug: // ---- build task 查询 Asset Bundle ----
2025-7-19 11:13:55-debug: [Build Memory track]: 查询 Asset Bundle start:210.25MB, end 210.86MB, increase: 628.40KB
2025-7-19 11:13:55-debug: 查询 Asset Bundle start, progress: 5%
2025-7-19 11:13:55-log: run build task 查询 Asset Bundle success in 1 ms√, progress: 5%
2025-7-19 11:13:55-log: run build task 查询 Asset Bundle success in √, progress: 10%
2025-7-19 11:13:55-debug: 整理部分构建选项内数据到 settings.json start, progress: 10%
2025-7-19 11:13:55-debug: // ---- build task 整理部分构建选项内数据到 settings.json ----
2025-7-19 11:13:55-debug: [Build Memory track]: 查询 Asset Bundle start:210.88MB, end 210.18MB, increase: -718.60KB
2025-7-19 11:13:55-log: run build task 整理部分构建选项内数据到 settings.json success in √, progress: 12%
2025-7-19 11:13:55-debug: [Build Memory track]: 整理部分构建选项内数据到 settings.json start:210.21MB, end 210.22MB, increase: 15.57KB
2025-7-19 11:13:55-debug: 填充脚本数据到 settings.json start, progress: 12%
2025-7-19 11:13:55-debug: // ---- build task 填充脚本数据到 settings.json ----
2025-7-19 11:13:55-debug: // ---- build task 填充脚本数据到 settings.json ---- (1ms)
2025-7-19 11:13:55-debug: [Build Memory track]: 填充脚本数据到 settings.json start:210.25MB, end 210.27MB, increase: 23.03KB
2025-7-19 11:13:55-log: run build task 填充脚本数据到 settings.json success in 1 ms√, progress: 13%
2025-7-19 11:13:55-debug: 整理部分构建选项内数据到 settings.json start, progress: 13%
2025-7-19 11:13:55-debug: // ---- build task 整理部分构建选项内数据到 settings.json ----
2025-7-19 11:13:55-debug: // ---- build task 整理部分构建选项内数据到 settings.json ---- (1ms)
2025-7-19 11:13:55-log: run build task 整理部分构建选项内数据到 settings.json success in 1 ms√, progress: 15%
2025-7-19 11:13:55-debug: [Build Memory track]: 整理部分构建选项内数据到 settings.json start:210.29MB, end 210.42MB, increase: 129.49KB
2025-7-19 11:14:12-debug: refresh db internal success
2025-7-19 11:14:12-debug: %cImport%c: /Users/zhao/Desktop/test/cocos-creator/PlaneFight/assets/Scripts/Player.tsbackground: #aaff85; color: #000;color: #000;
2025-7-19 11:14:12-debug: refresh db assets success
2025-7-19 11:14:12-debug: Run asset db hook engine-extends:afterRefresh ...
2025-7-19 11:14:12-debug: Run asset db hook engine-extends:afterRefresh success!
2025-7-19 11:14:12-debug: asset-db:refresh-all-database (24ms)
2025-7-19 11:14:12-debug: asset-db:worker-effect-data-processing (1ms)
2025-7-19 11:14:12-debug: asset-db-hook-engine-extends-afterRefresh (1ms)
2025-7-19 11:14:14-debug: %cImport%c: /Users/zhao/Desktop/test/cocos-creator/PlaneFight/assets/Scenes/Start.scenebackground: #aaff85; color: #000;color: #000;
2025-7-19 11:14:14-debug: asset-db:reimport-asset2fda4d65-a1e9-4078-8250-de49b04cdc34 (2ms)
2025-7-19 11:14:15-debug: Query all assets info in project
2025-7-19 11:14:15-debug: init custom config: keepNodeUuid: false, useCache: true
2025-7-19 11:14:15-debug: Skip compress image, progress: 0%
2025-7-19 11:14:15-debug: Init all bundles start..., progress: 0%
2025-7-19 11:14:15-debug: Num of bundles: 2..., progress: 0%
2025-7-19 11:14:15-debug: 查询 Asset Bundle start, progress: 0%
2025-7-19 11:14:15-debug: // ---- build task 查询 Asset Bundle ----
2025-7-19 11:14:15-debug: Init bundle root assets start..., progress: 0%
2025-7-19 11:14:15-debug: Query preload assets/scripts from cc.config.json: 60f7195c-ec2a-45eb-ba94-8955f60e81d0,1c02ae6f-4492-4915-b8f8-7492a3b1e4cd,810e96e4-e456-4468-9b59-f4e8f39732c0,efe8e2a3-eace-427b-b4f1-cb8a937ec77d,e9aa9a3e-5b2b-4ac7-a2c7-073de2b2b24f,8bbdbcdd-5cd4-4100-b6d5-b7c9625b6107,50f4348b-c883-4e2f-8f11-ce233b859fa1,fda095cb-831d-4601-ad94-846013963de8,f92806d7-1768-443f-afe8-12bcde84d0f0,dd3a144d-ab7f-41f0-82b8-2e43a090d496,f0416e68-0200-4b77-a926-4f9d16e494da,970b0598-bcb0-4714-91fb-2e81440dccd8,bcd64cc6-2dd9-43f6-abbe-66318d332032,d930590d-bb92-4cc8-8bd1-23cd027f9edf,a3cd009f-0ab0-420d-9278-b9fdab939bbc,6a2d0734-bd9e-4ddf-946e-caa52498cb75,c27215d8-6835-4b68-bfbb-bdeac6100c04,b5d6115f-0370-4d7c-aad3-c194cc71cf98,871c3b6c-7379-419d-bda3-794b239ab90d,ff9b0199-ce04-4cfe-86cc-6c719f08d6e4,de1c2107-70c8-4021-8459-6399f24d01c6,cbf30902-517f-40dc-af90-a550bac27cf1
2025-7-19 11:14:15-debug:   Number of other assets: 500
2025-7-19 11:14:15-debug:   Number of all scripts: 11
2025-7-19 11:14:15-debug: Init bundle root assets success..., progress: 0%
2025-7-19 11:14:15-debug:   Number of all scenes: 1
2025-7-19 11:14:15-debug: // ---- build task 查询 Asset Bundle ---- (1ms)
2025-7-19 11:14:15-log: run build task 查询 Asset Bundle success in 1 ms√, progress: 5%
2025-7-19 11:14:15-debug: [Build Memory track]: 查询 Asset Bundle start:210.58MB, end 211.19MB, increase: 630.25KB
2025-7-19 11:14:15-debug: 查询 Asset Bundle start, progress: 5%
2025-7-19 11:14:15-debug: // ---- build task 查询 Asset Bundle ----
2025-7-19 11:14:15-log: run build task 查询 Asset Bundle success in √, progress: 10%
2025-7-19 11:14:15-debug: [Build Memory track]: 查询 Asset Bundle start:211.22MB, end 210.52MB, increase: -712.52KB
2025-7-19 11:14:15-debug: 整理部分构建选项内数据到 settings.json start, progress: 10%
2025-7-19 11:14:15-debug: // ---- build task 整理部分构建选项内数据到 settings.json ----
2025-7-19 11:14:15-log: run build task 整理部分构建选项内数据到 settings.json success in √, progress: 12%
2025-7-19 11:14:15-debug: 填充脚本数据到 settings.json start, progress: 12%
2025-7-19 11:14:15-debug: [Build Memory track]: 整理部分构建选项内数据到 settings.json start:210.55MB, end 210.56MB, increase: 16.71KB
2025-7-19 11:14:15-debug: // ---- build task 填充脚本数据到 settings.json ----
2025-7-19 11:14:15-log: run build task 填充脚本数据到 settings.json success in √, progress: 13%
2025-7-19 11:14:15-debug: [Build Memory track]: 填充脚本数据到 settings.json start:210.59MB, end 210.60MB, increase: 15.00KB
2025-7-19 11:14:15-debug: 整理部分构建选项内数据到 settings.json start, progress: 13%
2025-7-19 11:14:15-debug: // ---- build task 整理部分构建选项内数据到 settings.json ----
2025-7-19 11:14:15-debug: // ---- build task 整理部分构建选项内数据到 settings.json ---- (1ms)
2025-7-19 11:14:15-log: run build task 整理部分构建选项内数据到 settings.json success in 1 ms√, progress: 15%
2025-7-19 11:14:15-debug: [Build Memory track]: 整理部分构建选项内数据到 settings.json start:210.63MB, end 210.75MB, increase: 130.03KB
2025-7-19 11:14:34-debug: refresh db internal success
2025-7-19 11:14:34-debug: %cImport%c: /Users/zhao/Desktop/test/cocos-creator/PlaneFight/assets/Scripts/Player.tsbackground: #aaff85; color: #000;color: #000;
2025-7-19 11:14:34-debug: refresh db assets success
2025-7-19 11:14:34-debug: Run asset db hook engine-extends:afterRefresh ...
2025-7-19 11:14:34-debug: Run asset db hook engine-extends:afterRefresh success!
2025-7-19 11:14:34-debug: asset-db:refresh-all-database (26ms)
2025-7-19 11:14:34-debug: asset-db-hook-engine-extends-afterRefresh (2ms)
2025-7-19 11:14:34-debug: asset-db:worker-effect-data-processing (2ms)
2025-7-19 11:14:37-debug: %cImport%c: /Users/zhao/Desktop/test/cocos-creator/PlaneFight/assets/Scenes/Start.scenebackground: #aaff85; color: #000;color: #000;
2025-7-19 11:14:37-debug: asset-db:reimport-asset2fda4d65-a1e9-4078-8250-de49b04cdc34 (2ms)
2025-7-19 11:14:39-debug: Query all assets info in project
2025-7-19 11:14:39-debug: init custom config: keepNodeUuid: false, useCache: true
2025-7-19 11:14:39-debug: Skip compress image, progress: 0%
2025-7-19 11:14:39-debug: Init all bundles start..., progress: 0%
2025-7-19 11:14:39-debug: Init bundle root assets start..., progress: 0%
2025-7-19 11:14:39-debug: Num of bundles: 2..., progress: 0%
2025-7-19 11:14:39-debug: 查询 Asset Bundle start, progress: 0%
2025-7-19 11:14:39-debug: // ---- build task 查询 Asset Bundle ----
2025-7-19 11:14:39-debug: Query preload assets/scripts from cc.config.json: 60f7195c-ec2a-45eb-ba94-8955f60e81d0,1c02ae6f-4492-4915-b8f8-7492a3b1e4cd,810e96e4-e456-4468-9b59-f4e8f39732c0,efe8e2a3-eace-427b-b4f1-cb8a937ec77d,e9aa9a3e-5b2b-4ac7-a2c7-073de2b2b24f,8bbdbcdd-5cd4-4100-b6d5-b7c9625b6107,50f4348b-c883-4e2f-8f11-ce233b859fa1,fda095cb-831d-4601-ad94-846013963de8,f92806d7-1768-443f-afe8-12bcde84d0f0,dd3a144d-ab7f-41f0-82b8-2e43a090d496,f0416e68-0200-4b77-a926-4f9d16e494da,970b0598-bcb0-4714-91fb-2e81440dccd8,bcd64cc6-2dd9-43f6-abbe-66318d332032,d930590d-bb92-4cc8-8bd1-23cd027f9edf,a3cd009f-0ab0-420d-9278-b9fdab939bbc,6a2d0734-bd9e-4ddf-946e-caa52498cb75,c27215d8-6835-4b68-bfbb-bdeac6100c04,b5d6115f-0370-4d7c-aad3-c194cc71cf98,871c3b6c-7379-419d-bda3-794b239ab90d,ff9b0199-ce04-4cfe-86cc-6c719f08d6e4,de1c2107-70c8-4021-8459-6399f24d01c6,cbf30902-517f-40dc-af90-a550bac27cf1
2025-7-19 11:14:39-debug:   Number of all scripts: 11
2025-7-19 11:14:39-debug:   Number of other assets: 500
2025-7-19 11:14:39-debug: Init bundle root assets success..., progress: 0%
2025-7-19 11:14:39-debug:   Number of all scenes: 1
2025-7-19 11:14:39-debug: // ---- build task 查询 Asset Bundle ---- (1ms)
2025-7-19 11:14:39-log: run build task 查询 Asset Bundle success in 1 ms√, progress: 5%
2025-7-19 11:14:39-debug: [Build Memory track]: 查询 Asset Bundle start:210.92MB, end 211.53MB, increase: 628.67KB
2025-7-19 11:14:39-debug: 查询 Asset Bundle start, progress: 5%
2025-7-19 11:14:39-debug: // ---- build task 查询 Asset Bundle ----
2025-7-19 11:14:39-debug: // ---- build task 查询 Asset Bundle ---- (1ms)
2025-7-19 11:14:39-log: run build task 查询 Asset Bundle success in 1 ms√, progress: 10%
2025-7-19 11:14:39-debug: [Build Memory track]: 查询 Asset Bundle start:211.55MB, end 210.87MB, increase: -702.38KB
2025-7-19 11:14:39-debug: 整理部分构建选项内数据到 settings.json start, progress: 10%
2025-7-19 11:14:39-debug: // ---- build task 整理部分构建选项内数据到 settings.json ----
2025-7-19 11:14:39-log: run build task 整理部分构建选项内数据到 settings.json success in √, progress: 12%
2025-7-19 11:14:39-debug: [Build Memory track]: 整理部分构建选项内数据到 settings.json start:210.89MB, end 210.91MB, increase: 15.75KB
2025-7-19 11:14:39-debug: 填充脚本数据到 settings.json start, progress: 12%
2025-7-19 11:14:39-debug: // ---- build task 填充脚本数据到 settings.json ----
2025-7-19 11:14:39-log: run build task 填充脚本数据到 settings.json success in √, progress: 13%
2025-7-19 11:14:39-debug: [Build Memory track]: 填充脚本数据到 settings.json start:210.93MB, end 210.95MB, increase: 15.21KB
2025-7-19 11:14:39-debug: 整理部分构建选项内数据到 settings.json start, progress: 13%
2025-7-19 11:14:39-debug: // ---- build task 整理部分构建选项内数据到 settings.json ----
2025-7-19 11:14:39-debug: // ---- build task 整理部分构建选项内数据到 settings.json ---- (1ms)
2025-7-19 11:14:39-log: run build task 整理部分构建选项内数据到 settings.json success in 1 ms√, progress: 15%
2025-7-19 11:14:39-debug: [Build Memory track]: 整理部分构建选项内数据到 settings.json start:210.97MB, end 211.11MB, increase: 140.35KB
2025-7-19 11:14:48-debug: refresh db internal success
2025-7-19 11:14:48-debug: %cImport%c: /Users/zhao/Desktop/test/cocos-creator/PlaneFight/assets/Scripts/Player.tsbackground: #aaff85; color: #000;color: #000;
2025-7-19 11:14:48-debug: refresh db assets success
2025-7-19 11:14:48-debug: Run asset db hook engine-extends:afterRefresh success!
2025-7-19 11:14:48-debug: Run asset db hook engine-extends:afterRefresh ...
2025-7-19 11:14:48-debug: asset-db:refresh-all-database (22ms)
2025-7-19 11:14:48-debug: asset-db:worker-effect-data-processing (1ms)
2025-7-19 11:14:48-debug: asset-db-hook-engine-extends-afterRefresh (1ms)
2025-7-19 11:19:35-debug: Query all assets info in project
2025-7-19 11:19:35-debug: init custom config: keepNodeUuid: false, useCache: true
2025-7-19 11:19:35-debug: Skip compress image, progress: 0%
2025-7-19 11:19:35-debug: Init all bundles start..., progress: 0%
2025-7-19 11:19:35-debug: 查询 Asset Bundle start, progress: 0%
2025-7-19 11:19:35-debug: // ---- build task 查询 Asset Bundle ----
2025-7-19 11:19:35-debug: Num of bundles: 2..., progress: 0%
2025-7-19 11:19:35-debug: Init bundle root assets start..., progress: 0%
2025-7-19 11:19:35-debug: Query preload assets/scripts from cc.config.json: 60f7195c-ec2a-45eb-ba94-8955f60e81d0,1c02ae6f-4492-4915-b8f8-7492a3b1e4cd,810e96e4-e456-4468-9b59-f4e8f39732c0,efe8e2a3-eace-427b-b4f1-cb8a937ec77d,e9aa9a3e-5b2b-4ac7-a2c7-073de2b2b24f,8bbdbcdd-5cd4-4100-b6d5-b7c9625b6107,50f4348b-c883-4e2f-8f11-ce233b859fa1,fda095cb-831d-4601-ad94-846013963de8,f92806d7-1768-443f-afe8-12bcde84d0f0,dd3a144d-ab7f-41f0-82b8-2e43a090d496,f0416e68-0200-4b77-a926-4f9d16e494da,970b0598-bcb0-4714-91fb-2e81440dccd8,bcd64cc6-2dd9-43f6-abbe-66318d332032,d930590d-bb92-4cc8-8bd1-23cd027f9edf,a3cd009f-0ab0-420d-9278-b9fdab939bbc,6a2d0734-bd9e-4ddf-946e-caa52498cb75,c27215d8-6835-4b68-bfbb-bdeac6100c04,b5d6115f-0370-4d7c-aad3-c194cc71cf98,871c3b6c-7379-419d-bda3-794b239ab90d,ff9b0199-ce04-4cfe-86cc-6c719f08d6e4,de1c2107-70c8-4021-8459-6399f24d01c6,cbf30902-517f-40dc-af90-a550bac27cf1
2025-7-19 11:19:35-debug:   Number of all scenes: 1
2025-7-19 11:19:35-debug: Init bundle root assets success..., progress: 0%
2025-7-19 11:19:35-debug:   Number of all scripts: 11
2025-7-19 11:19:35-debug:   Number of other assets: 500
2025-7-19 11:19:35-debug: // ---- build task 查询 Asset Bundle ---- (1ms)
2025-7-19 11:19:35-debug: [Build Memory track]: 查询 Asset Bundle start:211.62MB, end 211.31MB, increase: -316.36KB
2025-7-19 11:19:35-debug: // ---- build task 查询 Asset Bundle ----
2025-7-19 11:19:35-log: run build task 查询 Asset Bundle success in 1 ms√, progress: 5%
2025-7-19 11:19:35-debug: 查询 Asset Bundle start, progress: 5%
2025-7-19 11:19:35-log: run build task 查询 Asset Bundle success in √, progress: 10%
2025-7-19 11:19:35-debug: [Build Memory track]: 查询 Asset Bundle start:211.34MB, end 211.43MB, increase: 96.93KB
2025-7-19 11:19:35-debug: 整理部分构建选项内数据到 settings.json start, progress: 10%
2025-7-19 11:19:35-debug: // ---- build task 整理部分构建选项内数据到 settings.json ----
2025-7-19 11:19:35-debug: // ---- build task 整理部分构建选项内数据到 settings.json ---- (1ms)
2025-7-19 11:19:35-log: run build task 整理部分构建选项内数据到 settings.json success in 1 ms√, progress: 12%
2025-7-19 11:19:35-debug: [Build Memory track]: 整理部分构建选项内数据到 settings.json start:211.46MB, end 211.48MB, increase: 23.48KB
2025-7-19 11:19:35-debug: 填充脚本数据到 settings.json start, progress: 12%
2025-7-19 11:19:35-debug: // ---- build task 填充脚本数据到 settings.json ----
2025-7-19 11:19:35-log: run build task 填充脚本数据到 settings.json success in √, progress: 13%
2025-7-19 11:19:35-debug: 整理部分构建选项内数据到 settings.json start, progress: 13%
2025-7-19 11:19:35-debug: [Build Memory track]: 填充脚本数据到 settings.json start:211.51MB, end 212.01MB, increase: 510.31KB
2025-7-19 11:19:35-debug: // ---- build task 整理部分构建选项内数据到 settings.json ----
2025-7-19 11:19:35-debug: // ---- build task 整理部分构建选项内数据到 settings.json ---- (1ms)
2025-7-19 11:19:35-log: run build task 整理部分构建选项内数据到 settings.json success in 1 ms√, progress: 15%
2025-7-19 11:19:35-debug: [Build Memory track]: 整理部分构建选项内数据到 settings.json start:212.03MB, end 211.68MB, increase: -362.56KB
2025-7-19 11:25:41-debug: refresh db internal success
2025-7-19 11:25:41-debug: refresh db assets success
2025-7-19 11:25:41-debug: Run asset db hook engine-extends:afterRefresh ...
2025-7-19 11:25:41-debug: Run asset db hook engine-extends:afterRefresh success!
2025-7-19 11:25:41-debug: asset-db:refresh-all-database (46ms)
2025-7-19 11:25:41-debug: asset-db:worker-effect-data-processing (2ms)
2025-7-19 11:25:41-debug: asset-db-hook-engine-extends-afterRefresh (2ms)
