2025-7-18 09:50:00-debug: start **** info
2025-7-18 09:50:00-log: Cannot access game frame or container.
2025-7-18 09:50:00-debug: asset-db:require-engine-code (463ms)
2025-7-18 09:50:00-log: [bullet]:bullet wasm lib loaded.
2025-7-18 09:50:00-log: meshopt wasm decoder initialized
2025-7-18 09:50:00-log: [box2d]:box2d wasm lib loaded.
2025-7-18 09:50:00-log: Cocos Creator v3.8.6
2025-7-18 09:50:00-debug: [Assets Memory track]: asset-db-plugin-register: programming start:80.94MB, end 88.63MB, increase: 7.68MB
2025-7-18 09:50:01-debug: [Assets Memory track]: asset-db-plugin-register: builder start:88.65MB, end 224.72MB, increase: 136.06MB
2025-7-18 09:50:01-debug: [Assets Memory track]: asset-db-plugin-register: engine-extends start:224.92MB, end 227.76MB, increase: 2.84MB
2025-7-18 09:50:01-debug: [Assets Memory track]: asset-db-plugin-register: project start:80.82MB, end 227.92MB, increase: 147.10MB
2025-7-18 09:50:01-debug: [Assets Memory track]: asset-db:worker-init: initPlugin start:80.13MB, end 228.47MB, increase: 148.34MB
2025-7-18 09:50:01-debug: run package(ohos) handler(enable) start
2025-7-18 09:50:01-debug: run package(ohos) handler(enable) success!
2025-7-18 09:50:00-debug: [Assets Memory track]: asset-db:worker-init: initEngine start:29.54MB, end 80.10MB, increase: 50.56MB
2025-7-18 09:50:00-log: Using legacy pipeline
2025-7-18 09:50:00-log: Forward render pipeline initialized.
2025-7-18 09:50:01-debug: run package(oppo-mini-game) handler(enable) start
2025-7-18 09:50:01-debug: run package(runtime-dev-tools) handler(enable) success!
2025-7-18 09:50:01-debug: run package(oppo-mini-game) handler(enable) success!
2025-7-18 09:50:01-debug: run package(vivo-mini-game) handler(enable) start
2025-7-18 09:50:01-debug: run package(vivo-mini-game) handler(enable) success!
2025-7-18 09:50:01-debug: run package(runtime-dev-tools) handler(enable) start
2025-7-18 09:50:01-debug: run package(taobao-mini-game) handler(enable) success!
2025-7-18 09:50:01-debug: run package(web-mobile) handler(enable) start
2025-7-18 09:50:01-debug: run package(web-mobile) handler(enable) success!
2025-7-18 09:50:01-debug: run package(web-desktop) handler(enable) start
2025-7-18 09:50:01-debug: run package(wechatgame) handler(enable) success!
2025-7-18 09:50:01-debug: run package(wechatprogram) handler(enable) start
2025-7-18 09:50:01-debug: run package(wechatprogram) handler(enable) success!
2025-7-18 09:50:01-debug: run package(windows) handler(enable) start
2025-7-18 09:50:01-debug: run package(windows) handler(enable) success!
2025-7-18 09:50:01-debug: run package(xiaomi-quick-game) handler(enable) start
2025-7-18 09:50:01-debug: run package(xiaomi-quick-game) handler(enable) success!
2025-7-18 09:50:01-debug: run package(cocos-service) handler(enable) start
2025-7-18 09:50:01-debug: run package(cocos-service) handler(enable) success!
2025-7-18 09:50:01-debug: run package(im-plugin) handler(enable) start
2025-7-18 09:50:01-debug: run package(im-plugin) handler(enable) success!
2025-7-18 09:50:01-debug: run package(fix-asset-default-userdata) handler(enable) start
2025-7-18 09:50:01-debug: run package(wechatgame) handler(enable) start
2025-7-18 09:50:01-debug: run package(placeholder) handler(enable) start
2025-7-18 09:50:01-debug: run package(web-desktop) handler(enable) success!
2025-7-18 09:50:01-debug: run package(fix-asset-default-userdata) handler(enable) success!
2025-7-18 09:50:01-debug: run package(taobao-mini-game) handler(enable) start
2025-7-18 09:50:01-debug: run package(placeholder) handler(enable) success!
2025-7-18 09:50:01-debug: asset-db:worker-init: initPlugin (1198ms)
2025-7-18 09:50:01-debug: [Assets Memory track]: asset-db:worker-init start:29.53MB, end 229.00MB, increase: 199.46MB
2025-7-18 09:50:01-debug: Run asset db hook engine-extends:beforePreStart success!
2025-7-18 09:50:01-debug: Run asset db hook programming:beforePreStart ...
2025-7-18 09:50:01-debug: Run asset db hook engine-extends:beforePreStart ...
2025-7-18 09:50:01-debug: Run asset db hook programming:beforePreStart success!
2025-7-18 09:50:01-debug: asset-db:worker-init (1787ms)
2025-7-18 09:50:01-debug: asset-db-hook-programming-beforePreStart (54ms)
2025-7-18 09:50:01-debug: asset-db-hook-engine-extends-beforePreStart (54ms)
2025-7-18 09:50:01-debug: Preimport db internal success
2025-7-18 09:50:02-debug: Preimport db assets success
2025-7-18 09:50:02-debug: Run asset db hook programming:afterPreStart ...
2025-7-18 09:50:02-debug: starting packer-driver...
2025-7-18 09:50:02-debug: initialize scripting environment...
2025-7-18 09:50:02-debug: [[Executor]] prepare before lock
2025-7-18 09:50:02-debug: Set detail map pack:///resolution-detail-map.json: {}
2025-7-18 09:50:02-debug: [[Executor]] prepare after unlock
2025-7-18 09:50:02-debug: Start up the 'internal' database...
2025-7-18 09:50:02-debug: Run asset db hook engine-extends:afterPreStart ...
2025-7-18 09:50:02-debug: Run asset db hook engine-extends:afterPreStart success!
2025-7-18 09:50:02-debug: Run asset db hook programming:afterPreStart success!
2025-7-18 09:50:02-debug: asset-db-hook-programming-afterPreStart (231ms)
2025-7-18 09:50:02-debug: asset-db:worker-effect-data-processing (141ms)
2025-7-18 09:50:02-debug: asset-db-hook-engine-extends-afterPreStart (141ms)
2025-7-18 09:50:02-debug: [Assets Memory track]: asset-db:worker-startup-database[internal] start:229.08MB, end 242.95MB, increase: 13.87MB
2025-7-18 09:50:02-debug: Start up the 'assets' database...
2025-7-18 09:50:02-debug: asset-db:worker-startup-database[internal] (359ms)
2025-7-18 09:50:02-debug: [Assets Memory track]: asset-db:worker-startup-database[assets] start:231.68MB, end 244.48MB, increase: 12.80MB
2025-7-18 09:50:02-debug: lazy register asset handler text
2025-7-18 09:50:02-debug: lazy register asset handler json
2025-7-18 09:50:02-debug: lazy register asset handler spine-data
2025-7-18 09:50:02-debug: lazy register asset handler dragonbones
2025-7-18 09:50:02-debug: lazy register asset handler dragonbones-atlas
2025-7-18 09:50:02-debug: lazy register asset handler terrain
2025-7-18 09:50:02-debug: lazy register asset handler javascript
2025-7-18 09:50:02-debug: lazy register asset handler typescript
2025-7-18 09:50:02-debug: lazy register asset handler scene
2025-7-18 09:50:02-debug: lazy register asset handler sprite-frame
2025-7-18 09:50:02-debug: lazy register asset handler prefab
2025-7-18 09:50:02-debug: lazy register asset handler tiled-map
2025-7-18 09:50:02-debug: lazy register asset handler buffer
2025-7-18 09:50:02-debug: lazy register asset handler image
2025-7-18 09:50:02-debug: lazy register asset handler sign-image
2025-7-18 09:50:02-debug: lazy register asset handler alpha-image
2025-7-18 09:50:02-debug: lazy register asset handler texture
2025-7-18 09:50:02-debug: lazy register asset handler texture-cube
2025-7-18 09:50:02-debug: lazy register asset handler erp-texture-cube
2025-7-18 09:50:02-debug: lazy register asset handler render-texture
2025-7-18 09:50:02-debug: lazy register asset handler texture-cube-face
2025-7-18 09:50:02-debug: lazy register asset handler rt-sprite-frame
2025-7-18 09:50:02-debug: lazy register asset handler gltf
2025-7-18 09:50:02-debug: lazy register asset handler gltf-mesh
2025-7-18 09:50:02-debug: lazy register asset handler gltf-animation
2025-7-18 09:50:02-debug: lazy register asset handler gltf-skeleton
2025-7-18 09:50:02-debug: lazy register asset handler gltf-material
2025-7-18 09:50:02-debug: lazy register asset handler gltf-scene
2025-7-18 09:50:02-debug: lazy register asset handler gltf-embeded-image
2025-7-18 09:50:02-debug: lazy register asset handler fbx
2025-7-18 09:50:02-debug: lazy register asset handler material
2025-7-18 09:50:02-debug: lazy register asset handler physics-material
2025-7-18 09:50:02-debug: [Assets Memory track]: asset-db:worker-init: startup start:227.56MB, end 244.49MB, increase: 16.94MB
2025-7-18 09:50:02-debug: lazy register asset handler effect-header
2025-7-18 09:50:02-debug: lazy register asset handler audio-clip
2025-7-18 09:50:02-debug: lazy register asset handler animation-clip
2025-7-18 09:50:02-debug: lazy register asset handler animation-graph
2025-7-18 09:50:02-debug: lazy register asset handler animation-graph-variant
2025-7-18 09:50:02-debug: lazy register asset handler animation-mask
2025-7-18 09:50:02-debug: lazy register asset handler effect
2025-7-18 09:50:02-debug: lazy register asset handler ttf-font
2025-7-18 09:50:02-debug: lazy register asset handler particle
2025-7-18 09:50:02-debug: lazy register asset handler sprite-atlas
2025-7-18 09:50:02-debug: lazy register asset handler auto-atlas
2025-7-18 09:50:02-debug: lazy register asset handler label-atlas
2025-7-18 09:50:02-debug: lazy register asset handler render-pipeline
2025-7-18 09:50:02-debug: lazy register asset handler render-stage
2025-7-18 09:50:02-debug: lazy register asset handler bitmap-font
2025-7-18 09:50:02-debug: lazy register asset handler render-flow
2025-7-18 09:50:02-debug: lazy register asset handler instantiation-mesh
2025-7-18 09:50:02-debug: lazy register asset handler instantiation-skeleton
2025-7-18 09:50:02-debug: lazy register asset handler instantiation-animation
2025-7-18 09:50:02-debug: lazy register asset handler video-clip
2025-7-18 09:50:02-debug: lazy register asset handler *
2025-7-18 09:50:02-debug: lazy register asset handler directory
2025-7-18 09:50:02-debug: lazy register asset handler instantiation-material
2025-7-18 09:50:02-debug: asset-db:worker-startup-database[assets] (312ms)
2025-7-18 09:50:02-debug: asset-db:start-database (387ms)
2025-7-18 09:50:02-debug: asset-db:ready (3369ms)
2025-7-18 09:50:02-debug: fix the bug of updateDefaultUserData
2025-7-18 09:50:02-debug: init worker message success
2025-7-18 09:50:02-debug: [Build Memory track]: builder:worker-init start:242.27MB, end 254.60MB, increase: 12.33MB
2025-7-18 09:50:02-debug: programming:execute-script (3ms)
2025-7-18 09:50:02-debug: builder:worker-init (185ms)
2025-7-18 09:50:41-debug: Query all assets info in project
2025-7-18 09:50:41-debug: init custom config: keepNodeUuid: false, useCache: true
2025-7-18 09:50:41-debug: Skip compress image, progress: 0%
2025-7-18 09:50:41-debug: Init all bundles start..., progress: 0%
2025-7-18 09:50:41-debug: Num of bundles: 2..., progress: 0%
2025-7-18 09:50:41-debug: 查询 Asset Bundle start, progress: 0%
2025-7-18 09:50:41-debug: // ---- build task 查询 Asset Bundle ----
2025-7-18 09:50:41-debug: Init bundle root assets start..., progress: 0%
2025-7-18 09:50:41-debug: Query preload assets/scripts from cc.config.json: 60f7195c-ec2a-45eb-ba94-8955f60e81d0,1c02ae6f-4492-4915-b8f8-7492a3b1e4cd,810e96e4-e456-4468-9b59-f4e8f39732c0,efe8e2a3-eace-427b-b4f1-cb8a937ec77d,e9aa9a3e-5b2b-4ac7-a2c7-073de2b2b24f,8bbdbcdd-5cd4-4100-b6d5-b7c9625b6107,50f4348b-c883-4e2f-8f11-ce233b859fa1,fda095cb-831d-4601-ad94-846013963de8,f92806d7-1768-443f-afe8-12bcde84d0f0,dd3a144d-ab7f-41f0-82b8-2e43a090d496,f0416e68-0200-4b77-a926-4f9d16e494da,970b0598-bcb0-4714-91fb-2e81440dccd8,bcd64cc6-2dd9-43f6-abbe-66318d332032,d930590d-bb92-4cc8-8bd1-23cd027f9edf,a3cd009f-0ab0-420d-9278-b9fdab939bbc,6a2d0734-bd9e-4ddf-946e-caa52498cb75,c27215d8-6835-4b68-bfbb-bdeac6100c04,b5d6115f-0370-4d7c-aad3-c194cc71cf98,871c3b6c-7379-419d-bda3-794b239ab90d,ff9b0199-ce04-4cfe-86cc-6c719f08d6e4,de1c2107-70c8-4021-8459-6399f24d01c6,cbf30902-517f-40dc-af90-a550bac27cf1
2025-7-18 09:50:41-debug:   Number of all scripts: 8
2025-7-18 09:50:41-debug:   Number of all scenes: 1
2025-7-18 09:50:41-debug:   Number of other assets: 498
2025-7-18 09:50:41-debug: Init bundle root assets success..., progress: 0%
2025-7-18 09:50:41-debug: // ---- build task 查询 Asset Bundle ---- (4ms)
2025-7-18 09:50:41-log: run build task 查询 Asset Bundle success in 4 ms√, progress: 5%
2025-7-18 09:50:41-debug: [Build Memory track]: 查询 Asset Bundle start:196.58MB, end 196.40MB, increase: -192.70KB
2025-7-18 09:50:41-debug: 查询 Asset Bundle start, progress: 5%
2025-7-18 09:50:41-debug: // ---- build task 查询 Asset Bundle ----
2025-7-18 09:50:41-debug: // ---- build task 查询 Asset Bundle ---- (1ms)
2025-7-18 09:50:41-debug: [Build Memory track]: 查询 Asset Bundle start:196.43MB, end 196.54MB, increase: 115.50KB
2025-7-18 09:50:41-debug: 整理部分构建选项内数据到 settings.json start, progress: 10%
2025-7-18 09:50:41-log: run build task 查询 Asset Bundle success in 1 ms√, progress: 10%
2025-7-18 09:50:41-log: run build task 整理部分构建选项内数据到 settings.json success in √, progress: 12%
2025-7-18 09:50:41-debug: [Build Memory track]: 整理部分构建选项内数据到 settings.json start:196.57MB, end 196.60MB, increase: 31.15KB
2025-7-18 09:50:41-debug: // ---- build task 整理部分构建选项内数据到 settings.json ----
2025-7-18 09:50:41-debug: // ---- build task 填充脚本数据到 settings.json ----
2025-7-18 09:50:41-debug: 填充脚本数据到 settings.json start, progress: 12%
2025-7-18 09:50:41-log: run build task 填充脚本数据到 settings.json success in √, progress: 13%
2025-7-18 09:50:41-debug: [Build Memory track]: 填充脚本数据到 settings.json start:196.65MB, end 196.66MB, increase: 13.04KB
2025-7-18 09:50:41-debug: 整理部分构建选项内数据到 settings.json start, progress: 13%
2025-7-18 09:50:41-debug: // ---- build task 整理部分构建选项内数据到 settings.json ----
2025-7-18 09:50:41-debug: // ---- build task 整理部分构建选项内数据到 settings.json ---- (1ms)
2025-7-18 09:50:41-log: run build task 整理部分构建选项内数据到 settings.json success in 1 ms√, progress: 15%
2025-7-18 09:50:41-debug: [Build Memory track]: 整理部分构建选项内数据到 settings.json start:196.69MB, end 196.16MB, increase: -552.27KB
2025-7-18 09:50:55-debug: refresh db internal success
2025-7-18 09:50:55-debug: refresh db assets success
2025-7-18 09:50:55-debug: Run asset db hook engine-extends:afterRefresh ...
2025-7-18 09:50:55-debug: Run asset db hook engine-extends:afterRefresh success!
2025-7-18 09:50:55-debug: asset-db:refresh-all-database (33ms)
2025-7-18 09:51:00-warn: 为更好地打开脚本，请在 {preferences} -> {program} -> {scriptEditor} 里配置打开脚本的应用程序
2025-7-18 09:51:20-debug: refresh db internal success
2025-7-18 09:51:21-debug: %cImport%c: /Users/zhao/Desktop/test/cocos-creator/PlaneFight/assets/Scripts/Ememy.tsbackground: #aaff85; color: #000;color: #000;
2025-7-18 09:51:21-debug: refresh db assets success
2025-7-18 09:51:21-debug: Run asset db hook engine-extends:afterRefresh ...
2025-7-18 09:51:21-debug: Run asset db hook engine-extends:afterRefresh success!
2025-7-18 09:51:21-debug: asset-db:refresh-all-database (40ms)
2025-7-18 09:51:21-debug: asset-db:worker-effect-data-processing (1ms)
2025-7-18 09:51:21-debug: asset-db-hook-engine-extends-afterRefresh (2ms)
2025-7-18 09:51:21-debug: Query all assets info in project
2025-7-18 09:51:21-debug: init custom config: keepNodeUuid: false, useCache: true
2025-7-18 09:51:21-debug: Skip compress image, progress: 0%
2025-7-18 09:51:21-debug: Init all bundles start..., progress: 0%
2025-7-18 09:51:21-debug: Num of bundles: 2..., progress: 0%
2025-7-18 09:51:21-debug: Init bundle root assets start..., progress: 0%
2025-7-18 09:51:21-debug: 查询 Asset Bundle start, progress: 0%
2025-7-18 09:51:21-debug: // ---- build task 查询 Asset Bundle ----
2025-7-18 09:51:21-debug: Query preload assets/scripts from cc.config.json: 60f7195c-ec2a-45eb-ba94-8955f60e81d0,1c02ae6f-4492-4915-b8f8-7492a3b1e4cd,810e96e4-e456-4468-9b59-f4e8f39732c0,efe8e2a3-eace-427b-b4f1-cb8a937ec77d,e9aa9a3e-5b2b-4ac7-a2c7-073de2b2b24f,8bbdbcdd-5cd4-4100-b6d5-b7c9625b6107,50f4348b-c883-4e2f-8f11-ce233b859fa1,fda095cb-831d-4601-ad94-846013963de8,f92806d7-1768-443f-afe8-12bcde84d0f0,dd3a144d-ab7f-41f0-82b8-2e43a090d496,f0416e68-0200-4b77-a926-4f9d16e494da,970b0598-bcb0-4714-91fb-2e81440dccd8,bcd64cc6-2dd9-43f6-abbe-66318d332032,d930590d-bb92-4cc8-8bd1-23cd027f9edf,a3cd009f-0ab0-420d-9278-b9fdab939bbc,6a2d0734-bd9e-4ddf-946e-caa52498cb75,c27215d8-6835-4b68-bfbb-bdeac6100c04,b5d6115f-0370-4d7c-aad3-c194cc71cf98,871c3b6c-7379-419d-bda3-794b239ab90d,ff9b0199-ce04-4cfe-86cc-6c719f08d6e4,de1c2107-70c8-4021-8459-6399f24d01c6,cbf30902-517f-40dc-af90-a550bac27cf1
2025-7-18 09:51:21-debug: Init bundle root assets success..., progress: 0%
2025-7-18 09:51:21-debug:   Number of all scripts: 8
2025-7-18 09:51:21-debug:   Number of other assets: 498
2025-7-18 09:51:21-debug:   Number of all scenes: 1
2025-7-18 09:51:21-debug: // ---- build task 查询 Asset Bundle ---- (8ms)
2025-7-18 09:51:21-log: run build task 查询 Asset Bundle success in 8 ms√, progress: 5%
2025-7-18 09:51:21-debug: [Build Memory track]: 查询 Asset Bundle start:198.49MB, end 199.14MB, increase: 658.57KB
2025-7-18 09:51:21-debug: // ---- build task 查询 Asset Bundle ----
2025-7-18 09:51:21-debug: 查询 Asset Bundle start, progress: 5%
2025-7-18 09:51:21-debug: // ---- build task 查询 Asset Bundle ---- (1ms)
2025-7-18 09:51:21-log: run build task 查询 Asset Bundle success in 1 ms√, progress: 10%
2025-7-18 09:51:21-debug: [Build Memory track]: 查询 Asset Bundle start:199.17MB, end 198.55MB, increase: -629.55KB
2025-7-18 09:51:21-debug: // ---- build task 整理部分构建选项内数据到 settings.json ----
2025-7-18 09:51:21-debug: 整理部分构建选项内数据到 settings.json start, progress: 10%
2025-7-18 09:51:21-log: run build task 整理部分构建选项内数据到 settings.json success in √, progress: 12%
2025-7-18 09:51:21-debug: [Build Memory track]: 整理部分构建选项内数据到 settings.json start:198.59MB, end 198.61MB, increase: 27.74KB
2025-7-18 09:51:21-debug: 填充脚本数据到 settings.json start, progress: 12%
2025-7-18 09:51:21-debug: // ---- build task 填充脚本数据到 settings.json ----
2025-7-18 09:51:21-debug: // ---- build task 填充脚本数据到 settings.json ---- (1ms)
2025-7-18 09:51:21-log: run build task 填充脚本数据到 settings.json success in 1 ms√, progress: 13%
2025-7-18 09:51:21-debug: [Build Memory track]: 填充脚本数据到 settings.json start:198.65MB, end 199.07MB, increase: 434.67KB
2025-7-18 09:51:21-debug: // ---- build task 整理部分构建选项内数据到 settings.json ----
2025-7-18 09:51:21-debug: 整理部分构建选项内数据到 settings.json start, progress: 13%
2025-7-18 09:51:21-debug: // ---- build task 整理部分构建选项内数据到 settings.json ---- (3ms)
2025-7-18 09:51:21-log: run build task 整理部分构建选项内数据到 settings.json success in 3 ms√, progress: 15%
2025-7-18 09:51:21-debug: [Build Memory track]: 整理部分构建选项内数据到 settings.json start:198.71MB, end 198.85MB, increase: 138.11KB
2025-7-18 09:51:42-debug: refresh db internal success
2025-7-18 09:51:42-debug: refresh db assets success
2025-7-18 09:51:42-debug: Run asset db hook engine-extends:afterRefresh ...
2025-7-18 09:51:42-debug: Run asset db hook engine-extends:afterRefresh success!
2025-7-18 09:51:42-debug: asset-db:refresh-all-database (29ms)
2025-7-18 09:51:42-debug: asset-db-hook-engine-extends-afterRefresh (1ms)
2025-7-18 09:51:42-debug: asset-db:worker-effect-data-processing (1ms)
2025-7-18 09:51:46-debug: Query all assets info in project
2025-7-18 09:51:46-debug: init custom config: keepNodeUuid: false, useCache: true
2025-7-18 09:51:46-debug: Skip compress image, progress: 0%
2025-7-18 09:51:46-debug: Init all bundles start..., progress: 0%
2025-7-18 09:51:46-debug: Num of bundles: 2..., progress: 0%
2025-7-18 09:51:46-debug: 查询 Asset Bundle start, progress: 0%
2025-7-18 09:51:46-debug: // ---- build task 查询 Asset Bundle ----
2025-7-18 09:51:46-debug: Init bundle root assets start..., progress: 0%
2025-7-18 09:51:46-debug: Query preload assets/scripts from cc.config.json: 60f7195c-ec2a-45eb-ba94-8955f60e81d0,1c02ae6f-4492-4915-b8f8-7492a3b1e4cd,810e96e4-e456-4468-9b59-f4e8f39732c0,efe8e2a3-eace-427b-b4f1-cb8a937ec77d,e9aa9a3e-5b2b-4ac7-a2c7-073de2b2b24f,8bbdbcdd-5cd4-4100-b6d5-b7c9625b6107,50f4348b-c883-4e2f-8f11-ce233b859fa1,fda095cb-831d-4601-ad94-846013963de8,f92806d7-1768-443f-afe8-12bcde84d0f0,dd3a144d-ab7f-41f0-82b8-2e43a090d496,f0416e68-0200-4b77-a926-4f9d16e494da,970b0598-bcb0-4714-91fb-2e81440dccd8,bcd64cc6-2dd9-43f6-abbe-66318d332032,d930590d-bb92-4cc8-8bd1-23cd027f9edf,a3cd009f-0ab0-420d-9278-b9fdab939bbc,6a2d0734-bd9e-4ddf-946e-caa52498cb75,c27215d8-6835-4b68-bfbb-bdeac6100c04,b5d6115f-0370-4d7c-aad3-c194cc71cf98,871c3b6c-7379-419d-bda3-794b239ab90d,ff9b0199-ce04-4cfe-86cc-6c719f08d6e4,de1c2107-70c8-4021-8459-6399f24d01c6,cbf30902-517f-40dc-af90-a550bac27cf1
2025-7-18 09:51:46-debug: Init bundle root assets success..., progress: 0%
2025-7-18 09:51:46-debug:   Number of all scripts: 8
2025-7-18 09:51:46-debug:   Number of other assets: 498
2025-7-18 09:51:46-debug:   Number of all scenes: 1
2025-7-18 09:51:46-debug: // ---- build task 查询 Asset Bundle ---- (2ms)
2025-7-18 09:51:46-debug: [Build Memory track]: 查询 Asset Bundle start:199.99MB, end 200.47MB, increase: 490.14KB
2025-7-18 09:51:46-debug: // ---- build task 查询 Asset Bundle ----
2025-7-18 09:51:46-debug: 查询 Asset Bundle start, progress: 5%
2025-7-18 09:51:46-log: run build task 查询 Asset Bundle success in 2 ms√, progress: 5%
2025-7-18 09:51:46-log: run build task 查询 Asset Bundle success in √, progress: 10%
2025-7-18 09:51:46-debug: 整理部分构建选项内数据到 settings.json start, progress: 10%
2025-7-18 09:51:46-debug: // ---- build task 整理部分构建选项内数据到 settings.json ----
2025-7-18 09:51:46-debug: [Build Memory track]: 查询 Asset Bundle start:200.50MB, end 199.88MB, increase: -641.06KB
2025-7-18 09:51:46-log: run build task 整理部分构建选项内数据到 settings.json success in √, progress: 12%
2025-7-18 09:51:46-debug: [Build Memory track]: 整理部分构建选项内数据到 settings.json start:199.91MB, end 199.93MB, increase: 18.01KB
2025-7-18 09:51:46-debug: // ---- build task 填充脚本数据到 settings.json ----
2025-7-18 09:51:46-debug: 填充脚本数据到 settings.json start, progress: 12%
2025-7-18 09:51:46-log: run build task 填充脚本数据到 settings.json success in √, progress: 13%
2025-7-18 09:51:46-debug: 整理部分构建选项内数据到 settings.json start, progress: 13%
2025-7-18 09:51:46-debug: // ---- build task 整理部分构建选项内数据到 settings.json ----
2025-7-18 09:51:46-debug: [Build Memory track]: 填充脚本数据到 settings.json start:199.96MB, end 199.98MB, increase: 17.50KB
2025-7-18 09:51:46-debug: // ---- build task 整理部分构建选项内数据到 settings.json ---- (1ms)
2025-7-18 09:51:46-debug: [Build Memory track]: 整理部分构建选项内数据到 settings.json start:200.01MB, end 200.14MB, increase: 132.08KB
2025-7-18 09:51:46-log: run build task 整理部分构建选项内数据到 settings.json success in 1 ms√, progress: 15%
2025-7-18 09:52:23-debug: refresh db internal success
2025-7-18 09:52:23-debug: Run asset db hook engine-extends:afterRefresh ...
2025-7-18 09:52:23-debug: Run asset db hook engine-extends:afterRefresh success!
2025-7-18 09:52:23-debug: refresh db assets success
2025-7-18 09:52:23-debug: asset-db:refresh-all-database (21ms)
2025-7-18 09:52:23-debug: asset-db:worker-effect-data-processing (1ms)
2025-7-18 09:52:23-debug: asset-db-hook-engine-extends-afterRefresh (1ms)
2025-7-18 09:55:43-debug: refresh db internal success
2025-7-18 09:55:43-debug: %cImport%c: /Users/zhao/Desktop/test/cocos-creator/PlaneFight/assets/Scripts/Ememy.tsbackground: #aaff85; color: #000;color: #000;
2025-7-18 09:55:43-debug: refresh db assets success
2025-7-18 09:55:43-debug: Run asset db hook engine-extends:afterRefresh ...
2025-7-18 09:55:43-debug: Run asset db hook engine-extends:afterRefresh success!
2025-7-18 09:55:43-debug: asset-db:refresh-all-database (40ms)
2025-7-18 09:55:43-debug: asset-db:worker-effect-data-processing (1ms)
2025-7-18 09:55:43-debug: asset-db-hook-engine-extends-afterRefresh (1ms)
2025-7-18 09:55:44-debug: Query all assets info in project
2025-7-18 09:55:44-debug: Skip compress image, progress: 0%
2025-7-18 09:55:44-debug: init custom config: keepNodeUuid: false, useCache: true
2025-7-18 09:55:44-debug: Init all bundles start..., progress: 0%
2025-7-18 09:55:44-debug: Num of bundles: 2..., progress: 0%
2025-7-18 09:55:44-debug: 查询 Asset Bundle start, progress: 0%
2025-7-18 09:55:44-debug: // ---- build task 查询 Asset Bundle ----
2025-7-18 09:55:44-debug: Init bundle root assets start..., progress: 0%
2025-7-18 09:55:44-debug: Query preload assets/scripts from cc.config.json: 60f7195c-ec2a-45eb-ba94-8955f60e81d0,1c02ae6f-4492-4915-b8f8-7492a3b1e4cd,810e96e4-e456-4468-9b59-f4e8f39732c0,efe8e2a3-eace-427b-b4f1-cb8a937ec77d,e9aa9a3e-5b2b-4ac7-a2c7-073de2b2b24f,8bbdbcdd-5cd4-4100-b6d5-b7c9625b6107,50f4348b-c883-4e2f-8f11-ce233b859fa1,fda095cb-831d-4601-ad94-846013963de8,f92806d7-1768-443f-afe8-12bcde84d0f0,dd3a144d-ab7f-41f0-82b8-2e43a090d496,f0416e68-0200-4b77-a926-4f9d16e494da,970b0598-bcb0-4714-91fb-2e81440dccd8,bcd64cc6-2dd9-43f6-abbe-66318d332032,d930590d-bb92-4cc8-8bd1-23cd027f9edf,a3cd009f-0ab0-420d-9278-b9fdab939bbc,6a2d0734-bd9e-4ddf-946e-caa52498cb75,c27215d8-6835-4b68-bfbb-bdeac6100c04,b5d6115f-0370-4d7c-aad3-c194cc71cf98,871c3b6c-7379-419d-bda3-794b239ab90d,ff9b0199-ce04-4cfe-86cc-6c719f08d6e4,de1c2107-70c8-4021-8459-6399f24d01c6,cbf30902-517f-40dc-af90-a550bac27cf1
2025-7-18 09:55:44-debug:   Number of all scripts: 8
2025-7-18 09:55:44-debug:   Number of other assets: 498
2025-7-18 09:55:44-debug: Init bundle root assets success..., progress: 0%
2025-7-18 09:55:44-debug:   Number of all scenes: 1
2025-7-18 09:55:44-debug: // ---- build task 查询 Asset Bundle ---- (4ms)
2025-7-18 09:55:44-log: run build task 查询 Asset Bundle success in 4 ms√, progress: 5%
2025-7-18 09:55:44-debug: 查询 Asset Bundle start, progress: 5%
2025-7-18 09:55:44-debug: [Build Memory track]: 查询 Asset Bundle start:202.71MB, end 202.39MB, increase: -318.94KB
2025-7-18 09:55:44-debug: // ---- build task 查询 Asset Bundle ----
2025-7-18 09:55:44-debug: // ---- build task 查询 Asset Bundle ---- (4ms)
2025-7-18 09:55:44-log: run build task 查询 Asset Bundle success in 4 ms√, progress: 10%
2025-7-18 09:55:44-debug: [Build Memory track]: 查询 Asset Bundle start:202.43MB, end 202.54MB, increase: 113.17KB
2025-7-18 09:55:44-debug: 整理部分构建选项内数据到 settings.json start, progress: 10%
2025-7-18 09:55:44-debug: // ---- build task 整理部分构建选项内数据到 settings.json ----
2025-7-18 09:55:44-debug: // ---- build task 整理部分构建选项内数据到 settings.json ---- (1ms)
2025-7-18 09:55:44-log: run build task 整理部分构建选项内数据到 settings.json success in 1 ms√, progress: 12%
2025-7-18 09:55:44-debug: 填充脚本数据到 settings.json start, progress: 12%
2025-7-18 09:55:44-debug: // ---- build task 填充脚本数据到 settings.json ----
2025-7-18 09:55:44-debug: [Build Memory track]: 整理部分构建选项内数据到 settings.json start:202.57MB, end 202.60MB, increase: 30.45KB
2025-7-18 09:55:44-log: run build task 填充脚本数据到 settings.json success in √, progress: 13%
2025-7-18 09:55:44-debug: [Build Memory track]: 填充脚本数据到 settings.json start:202.63MB, end 202.65MB, increase: 19.51KB
2025-7-18 09:55:44-debug: 整理部分构建选项内数据到 settings.json start, progress: 13%
2025-7-18 09:55:44-debug: // ---- build task 整理部分构建选项内数据到 settings.json ----
2025-7-18 09:55:44-debug: // ---- build task 整理部分构建选项内数据到 settings.json ---- (4ms)
2025-7-18 09:55:44-log: run build task 整理部分构建选项内数据到 settings.json success in 4 ms√, progress: 15%
2025-7-18 09:55:44-debug: [Build Memory track]: 整理部分构建选项内数据到 settings.json start:202.68MB, end 202.81MB, increase: 128.79KB
2025-7-18 09:55:47-debug: Query all assets info in project
2025-7-18 09:55:47-debug: init custom config: keepNodeUuid: false, useCache: true
2025-7-18 09:55:47-debug: Skip compress image, progress: 0%
2025-7-18 09:55:47-debug: Init all bundles start..., progress: 0%
2025-7-18 09:55:47-debug: // ---- build task 查询 Asset Bundle ----
2025-7-18 09:55:47-debug: 查询 Asset Bundle start, progress: 0%
2025-7-18 09:55:47-debug: Num of bundles: 2..., progress: 0%
2025-7-18 09:55:47-debug: Init bundle root assets start..., progress: 0%
2025-7-18 09:55:47-debug: Query preload assets/scripts from cc.config.json: 60f7195c-ec2a-45eb-ba94-8955f60e81d0,1c02ae6f-4492-4915-b8f8-7492a3b1e4cd,810e96e4-e456-4468-9b59-f4e8f39732c0,efe8e2a3-eace-427b-b4f1-cb8a937ec77d,e9aa9a3e-5b2b-4ac7-a2c7-073de2b2b24f,8bbdbcdd-5cd4-4100-b6d5-b7c9625b6107,50f4348b-c883-4e2f-8f11-ce233b859fa1,fda095cb-831d-4601-ad94-846013963de8,f92806d7-1768-443f-afe8-12bcde84d0f0,dd3a144d-ab7f-41f0-82b8-2e43a090d496,f0416e68-0200-4b77-a926-4f9d16e494da,970b0598-bcb0-4714-91fb-2e81440dccd8,bcd64cc6-2dd9-43f6-abbe-66318d332032,d930590d-bb92-4cc8-8bd1-23cd027f9edf,a3cd009f-0ab0-420d-9278-b9fdab939bbc,6a2d0734-bd9e-4ddf-946e-caa52498cb75,c27215d8-6835-4b68-bfbb-bdeac6100c04,b5d6115f-0370-4d7c-aad3-c194cc71cf98,871c3b6c-7379-419d-bda3-794b239ab90d,ff9b0199-ce04-4cfe-86cc-6c719f08d6e4,de1c2107-70c8-4021-8459-6399f24d01c6,cbf30902-517f-40dc-af90-a550bac27cf1
2025-7-18 09:55:47-debug:   Number of all scripts: 8
2025-7-18 09:55:47-debug:   Number of all scenes: 1
2025-7-18 09:55:47-debug: Init bundle root assets success..., progress: 0%
2025-7-18 09:55:47-debug:   Number of other assets: 498
2025-7-18 09:55:47-debug: // ---- build task 查询 Asset Bundle ---- (2ms)
2025-7-18 09:55:47-log: run build task 查询 Asset Bundle success in 2 ms√, progress: 5%
2025-7-18 09:55:47-debug: [Build Memory track]: 查询 Asset Bundle start:202.74MB, end 202.50MB, increase: -249.21KB
2025-7-18 09:55:47-debug: 查询 Asset Bundle start, progress: 5%
2025-7-18 09:55:47-debug: // ---- build task 查询 Asset Bundle ----
2025-7-18 09:55:47-log: run build task 查询 Asset Bundle success in √, progress: 10%
2025-7-18 09:55:47-debug: [Build Memory track]: 查询 Asset Bundle start:202.53MB, end 202.63MB, increase: 101.61KB
2025-7-18 09:55:47-debug: 整理部分构建选项内数据到 settings.json start, progress: 10%
2025-7-18 09:55:47-debug: // ---- build task 整理部分构建选项内数据到 settings.json ----
2025-7-18 09:55:47-debug: // ---- build task 整理部分构建选项内数据到 settings.json ---- (1ms)
2025-7-18 09:55:47-debug: [Build Memory track]: 整理部分构建选项内数据到 settings.json start:202.66MB, end 202.70MB, increase: 36.66KB
2025-7-18 09:55:47-debug: // ---- build task 填充脚本数据到 settings.json ----
2025-7-18 09:55:47-log: run build task 整理部分构建选项内数据到 settings.json success in 1 ms√, progress: 12%
2025-7-18 09:55:47-debug: 填充脚本数据到 settings.json start, progress: 12%
2025-7-18 09:55:47-log: run build task 填充脚本数据到 settings.json success in √, progress: 13%
2025-7-18 09:55:47-debug: 整理部分构建选项内数据到 settings.json start, progress: 13%
2025-7-18 09:55:47-debug: [Build Memory track]: 填充脚本数据到 settings.json start:202.73MB, end 202.75MB, increase: 18.98KB
2025-7-18 09:55:47-debug: // ---- build task 整理部分构建选项内数据到 settings.json ----
2025-7-18 09:55:47-log: run build task 整理部分构建选项内数据到 settings.json success in √, progress: 15%
2025-7-18 09:55:47-debug: [Build Memory track]: 整理部分构建选项内数据到 settings.json start:202.78MB, end 202.91MB, increase: 132.05KB
2025-7-18 09:55:56-debug: refresh db internal success
2025-7-18 09:55:56-debug: refresh db assets success
2025-7-18 09:55:56-debug: Run asset db hook engine-extends:afterRefresh ...
2025-7-18 09:55:56-debug: Run asset db hook engine-extends:afterRefresh success!
2025-7-18 09:55:56-debug: asset-db:refresh-all-database (21ms)
2025-7-18 09:55:56-debug: asset-db:worker-effect-data-processing (1ms)
2025-7-18 09:55:56-debug: asset-db-hook-engine-extends-afterRefresh (1ms)
2025-7-18 09:56:29-debug: refresh db internal success
2025-7-18 09:56:29-debug: %cImport%c: /Users/zhao/Desktop/test/cocos-creator/PlaneFight/assets/Scripts/Ememy.tsbackground: #aaff85; color: #000;color: #000;
2025-7-18 09:56:29-debug: refresh db assets success
2025-7-18 09:56:29-debug: Run asset db hook engine-extends:afterRefresh ...
2025-7-18 09:56:29-debug: Run asset db hook engine-extends:afterRefresh success!
2025-7-18 09:56:29-debug: asset-db:refresh-all-database (18ms)
2025-7-18 09:56:29-debug: asset-db-hook-engine-extends-afterRefresh (1ms)
2025-7-18 09:56:30-debug: Query all assets info in project
2025-7-18 09:56:30-debug: init custom config: keepNodeUuid: false, useCache: true
2025-7-18 09:56:30-debug: Skip compress image, progress: 0%
2025-7-18 09:56:30-debug: Init all bundles start..., progress: 0%
2025-7-18 09:56:30-debug: Num of bundles: 2..., progress: 0%
2025-7-18 09:56:30-debug: // ---- build task 查询 Asset Bundle ----
2025-7-18 09:56:30-debug: 查询 Asset Bundle start, progress: 0%
2025-7-18 09:56:30-debug: Init bundle root assets start..., progress: 0%
2025-7-18 09:56:30-debug: Query preload assets/scripts from cc.config.json: 60f7195c-ec2a-45eb-ba94-8955f60e81d0,1c02ae6f-4492-4915-b8f8-7492a3b1e4cd,810e96e4-e456-4468-9b59-f4e8f39732c0,efe8e2a3-eace-427b-b4f1-cb8a937ec77d,e9aa9a3e-5b2b-4ac7-a2c7-073de2b2b24f,8bbdbcdd-5cd4-4100-b6d5-b7c9625b6107,50f4348b-c883-4e2f-8f11-ce233b859fa1,fda095cb-831d-4601-ad94-846013963de8,f92806d7-1768-443f-afe8-12bcde84d0f0,dd3a144d-ab7f-41f0-82b8-2e43a090d496,f0416e68-0200-4b77-a926-4f9d16e494da,970b0598-bcb0-4714-91fb-2e81440dccd8,bcd64cc6-2dd9-43f6-abbe-66318d332032,d930590d-bb92-4cc8-8bd1-23cd027f9edf,a3cd009f-0ab0-420d-9278-b9fdab939bbc,6a2d0734-bd9e-4ddf-946e-caa52498cb75,c27215d8-6835-4b68-bfbb-bdeac6100c04,b5d6115f-0370-4d7c-aad3-c194cc71cf98,871c3b6c-7379-419d-bda3-794b239ab90d,ff9b0199-ce04-4cfe-86cc-6c719f08d6e4,de1c2107-70c8-4021-8459-6399f24d01c6,cbf30902-517f-40dc-af90-a550bac27cf1
2025-7-18 09:56:30-debug:   Number of all scenes: 1
2025-7-18 09:56:30-debug:   Number of all scripts: 8
2025-7-18 09:56:30-debug: Init bundle root assets success..., progress: 0%
2025-7-18 09:56:30-debug:   Number of other assets: 498
2025-7-18 09:56:30-debug: // ---- build task 查询 Asset Bundle ---- (3ms)
2025-7-18 09:56:30-log: run build task 查询 Asset Bundle success in 3 ms√, progress: 5%
2025-7-18 09:56:30-debug: 查询 Asset Bundle start, progress: 5%
2025-7-18 09:56:30-debug: [Build Memory track]: 查询 Asset Bundle start:203.50MB, end 203.22MB, increase: -288.28KB
2025-7-18 09:56:30-debug: // ---- build task 查询 Asset Bundle ----
2025-7-18 09:56:30-log: run build task 查询 Asset Bundle success in √, progress: 10%
2025-7-18 09:56:30-debug: [Build Memory track]: 查询 Asset Bundle start:203.25MB, end 203.35MB, increase: 100.78KB
2025-7-18 09:56:30-debug: // ---- build task 整理部分构建选项内数据到 settings.json ----
2025-7-18 09:56:30-debug: 整理部分构建选项内数据到 settings.json start, progress: 10%
2025-7-18 09:56:30-log: run build task 整理部分构建选项内数据到 settings.json success in √, progress: 12%
2025-7-18 09:56:30-debug: [Build Memory track]: 整理部分构建选项内数据到 settings.json start:203.38MB, end 203.40MB, increase: 18.08KB
2025-7-18 09:56:30-debug: 填充脚本数据到 settings.json start, progress: 12%
2025-7-18 09:56:30-debug: // ---- build task 填充脚本数据到 settings.json ----
2025-7-18 09:56:30-log: run build task 填充脚本数据到 settings.json success in √, progress: 13%
2025-7-18 09:56:30-debug: [Build Memory track]: 填充脚本数据到 settings.json start:203.43MB, end 203.45MB, increase: 18.63KB
2025-7-18 09:56:30-debug: // ---- build task 整理部分构建选项内数据到 settings.json ----
2025-7-18 09:56:30-debug: 整理部分构建选项内数据到 settings.json start, progress: 13%
2025-7-18 09:56:30-debug: // ---- build task 整理部分构建选项内数据到 settings.json ---- (2ms)
2025-7-18 09:56:30-log: run build task 整理部分构建选项内数据到 settings.json success in 2 ms√, progress: 15%
2025-7-18 09:56:30-debug: [Build Memory track]: 整理部分构建选项内数据到 settings.json start:203.48MB, end 203.61MB, increase: 127.02KB
2025-7-18 09:56:33-debug: Query all assets info in project
2025-7-18 09:56:33-debug: init custom config: keepNodeUuid: false, useCache: true
2025-7-18 09:56:33-debug: Skip compress image, progress: 0%
2025-7-18 09:56:33-debug: Init all bundles start..., progress: 0%
2025-7-18 09:56:33-debug: Num of bundles: 2..., progress: 0%
2025-7-18 09:56:33-debug: 查询 Asset Bundle start, progress: 0%
2025-7-18 09:56:33-debug: Init bundle root assets start..., progress: 0%
2025-7-18 09:56:33-debug: // ---- build task 查询 Asset Bundle ----
2025-7-18 09:56:33-debug: Query preload assets/scripts from cc.config.json: 60f7195c-ec2a-45eb-ba94-8955f60e81d0,1c02ae6f-4492-4915-b8f8-7492a3b1e4cd,810e96e4-e456-4468-9b59-f4e8f39732c0,efe8e2a3-eace-427b-b4f1-cb8a937ec77d,e9aa9a3e-5b2b-4ac7-a2c7-073de2b2b24f,8bbdbcdd-5cd4-4100-b6d5-b7c9625b6107,50f4348b-c883-4e2f-8f11-ce233b859fa1,fda095cb-831d-4601-ad94-846013963de8,f92806d7-1768-443f-afe8-12bcde84d0f0,dd3a144d-ab7f-41f0-82b8-2e43a090d496,f0416e68-0200-4b77-a926-4f9d16e494da,970b0598-bcb0-4714-91fb-2e81440dccd8,bcd64cc6-2dd9-43f6-abbe-66318d332032,d930590d-bb92-4cc8-8bd1-23cd027f9edf,a3cd009f-0ab0-420d-9278-b9fdab939bbc,6a2d0734-bd9e-4ddf-946e-caa52498cb75,c27215d8-6835-4b68-bfbb-bdeac6100c04,b5d6115f-0370-4d7c-aad3-c194cc71cf98,871c3b6c-7379-419d-bda3-794b239ab90d,ff9b0199-ce04-4cfe-86cc-6c719f08d6e4,de1c2107-70c8-4021-8459-6399f24d01c6,cbf30902-517f-40dc-af90-a550bac27cf1
2025-7-18 09:56:33-debug: Init bundle root assets success..., progress: 0%
2025-7-18 09:56:33-debug:   Number of all scenes: 1
2025-7-18 09:56:33-debug:   Number of all scripts: 8
2025-7-18 09:56:33-debug:   Number of other assets: 498
2025-7-18 09:56:33-debug: // ---- build task 查询 Asset Bundle ---- (2ms)
2025-7-18 09:56:33-debug: [Build Memory track]: 查询 Asset Bundle start:203.54MB, end 203.64MB, increase: 94.82KB
2025-7-18 09:56:33-log: run build task 查询 Asset Bundle success in 2 ms√, progress: 5%
2025-7-18 09:56:33-debug: 查询 Asset Bundle start, progress: 5%
2025-7-18 09:56:33-debug: // ---- build task 查询 Asset Bundle ----
2025-7-18 09:56:33-log: run build task 查询 Asset Bundle success in √, progress: 10%
2025-7-18 09:56:33-debug: [Build Memory track]: 查询 Asset Bundle start:203.67MB, end 203.42MB, increase: -257.53KB
2025-7-18 09:56:33-debug: 整理部分构建选项内数据到 settings.json start, progress: 10%
2025-7-18 09:56:33-debug: // ---- build task 整理部分构建选项内数据到 settings.json ----
2025-7-18 09:56:33-debug: // ---- build task 整理部分构建选项内数据到 settings.json ---- (1ms)
2025-7-18 09:56:33-debug: [Build Memory track]: 整理部分构建选项内数据到 settings.json start:203.45MB, end 203.48MB, increase: 30.56KB
2025-7-18 09:56:33-log: run build task 整理部分构建选项内数据到 settings.json success in 1 ms√, progress: 12%
2025-7-18 09:56:33-debug: 填充脚本数据到 settings.json start, progress: 12%
2025-7-18 09:56:33-debug: // ---- build task 填充脚本数据到 settings.json ----
2025-7-18 09:56:33-log: run build task 填充脚本数据到 settings.json success in √, progress: 13%
2025-7-18 09:56:33-debug: 整理部分构建选项内数据到 settings.json start, progress: 13%
2025-7-18 09:56:33-debug: // ---- build task 整理部分构建选项内数据到 settings.json ----
2025-7-18 09:56:33-debug: [Build Memory track]: 填充脚本数据到 settings.json start:203.51MB, end 203.53MB, increase: 20.03KB
2025-7-18 09:56:33-debug: // ---- build task 整理部分构建选项内数据到 settings.json ---- (1ms)
2025-7-18 09:56:33-log: run build task 整理部分构建选项内数据到 settings.json success in 1 ms√, progress: 15%
2025-7-18 09:56:33-debug: [Build Memory track]: 整理部分构建选项内数据到 settings.json start:203.56MB, end 203.69MB, increase: 128.37KB
2025-7-18 09:56:55-debug: refresh db internal success
2025-7-18 09:56:55-debug: %cImport%c: /Users/zhao/Desktop/test/cocos-creator/PlaneFight/assets/Scripts/Ememy.tsbackground: #aaff85; color: #000;color: #000;
2025-7-18 09:56:55-debug: refresh db assets success
2025-7-18 09:56:55-debug: Run asset db hook engine-extends:afterRefresh success!
2025-7-18 09:56:55-debug: Run asset db hook engine-extends:afterRefresh ...
2025-7-18 09:56:55-debug: asset-db:refresh-all-database (33ms)
2025-7-18 09:56:55-debug: asset-db:worker-effect-data-processing (1ms)
2025-7-18 09:56:55-debug: asset-db-hook-engine-extends-afterRefresh (1ms)
2025-7-18 09:56:56-debug: Query all assets info in project
2025-7-18 09:56:56-debug: Skip compress image, progress: 0%
2025-7-18 09:56:56-debug: init custom config: keepNodeUuid: false, useCache: true
2025-7-18 09:56:56-debug: Init all bundles start..., progress: 0%
2025-7-18 09:56:56-debug: Num of bundles: 2..., progress: 0%
2025-7-18 09:56:56-debug: Init bundle root assets start..., progress: 0%
2025-7-18 09:56:56-debug: // ---- build task 查询 Asset Bundle ----
2025-7-18 09:56:56-debug: 查询 Asset Bundle start, progress: 0%
2025-7-18 09:56:56-debug: Query preload assets/scripts from cc.config.json: 60f7195c-ec2a-45eb-ba94-8955f60e81d0,1c02ae6f-4492-4915-b8f8-7492a3b1e4cd,810e96e4-e456-4468-9b59-f4e8f39732c0,efe8e2a3-eace-427b-b4f1-cb8a937ec77d,e9aa9a3e-5b2b-4ac7-a2c7-073de2b2b24f,8bbdbcdd-5cd4-4100-b6d5-b7c9625b6107,50f4348b-c883-4e2f-8f11-ce233b859fa1,fda095cb-831d-4601-ad94-846013963de8,f92806d7-1768-443f-afe8-12bcde84d0f0,dd3a144d-ab7f-41f0-82b8-2e43a090d496,f0416e68-0200-4b77-a926-4f9d16e494da,970b0598-bcb0-4714-91fb-2e81440dccd8,bcd64cc6-2dd9-43f6-abbe-66318d332032,d930590d-bb92-4cc8-8bd1-23cd027f9edf,a3cd009f-0ab0-420d-9278-b9fdab939bbc,6a2d0734-bd9e-4ddf-946e-caa52498cb75,c27215d8-6835-4b68-bfbb-bdeac6100c04,b5d6115f-0370-4d7c-aad3-c194cc71cf98,871c3b6c-7379-419d-bda3-794b239ab90d,ff9b0199-ce04-4cfe-86cc-6c719f08d6e4,de1c2107-70c8-4021-8459-6399f24d01c6,cbf30902-517f-40dc-af90-a550bac27cf1
2025-7-18 09:56:56-debug: Init bundle root assets success..., progress: 0%
2025-7-18 09:56:56-debug:   Number of all scenes: 1
2025-7-18 09:56:56-debug:   Number of other assets: 498
2025-7-18 09:56:56-debug:   Number of all scripts: 8
2025-7-18 09:56:56-debug: // ---- build task 查询 Asset Bundle ---- (3ms)
2025-7-18 09:56:56-log: run build task 查询 Asset Bundle success in 3 ms√, progress: 5%
2025-7-18 09:56:56-debug: [Build Memory track]: 查询 Asset Bundle start:204.36MB, end 204.04MB, increase: -321.38KB
2025-7-18 09:56:56-debug: // ---- build task 查询 Asset Bundle ----
2025-7-18 09:56:56-debug: 查询 Asset Bundle start, progress: 5%
2025-7-18 09:56:56-debug: // ---- build task 查询 Asset Bundle ---- (1ms)
2025-7-18 09:56:56-debug: // ---- build task 整理部分构建选项内数据到 settings.json ----
2025-7-18 09:56:56-debug: 整理部分构建选项内数据到 settings.json start, progress: 10%
2025-7-18 09:56:56-log: run build task 查询 Asset Bundle success in 1 ms√, progress: 10%
2025-7-18 09:56:56-debug: [Build Memory track]: 查询 Asset Bundle start:204.07MB, end 204.17MB, increase: 106.46KB
2025-7-18 09:56:56-log: run build task 整理部分构建选项内数据到 settings.json success in √, progress: 12%
2025-7-18 09:56:56-debug: [Build Memory track]: 整理部分构建选项内数据到 settings.json start:204.20MB, end 204.21MB, increase: 16.15KB
2025-7-18 09:56:56-debug: // ---- build task 填充脚本数据到 settings.json ----
2025-7-18 09:56:56-debug: 填充脚本数据到 settings.json start, progress: 12%
2025-7-18 09:56:56-debug: // ---- build task 填充脚本数据到 settings.json ---- (1ms)
2025-7-18 09:56:56-debug: // ---- build task 整理部分构建选项内数据到 settings.json ----
2025-7-18 09:56:56-log: run build task 填充脚本数据到 settings.json success in 1 ms√, progress: 13%
2025-7-18 09:56:56-debug: [Build Memory track]: 填充脚本数据到 settings.json start:204.24MB, end 204.26MB, increase: 23.39KB
2025-7-18 09:56:56-debug: 整理部分构建选项内数据到 settings.json start, progress: 13%
2025-7-18 09:56:56-debug: // ---- build task 整理部分构建选项内数据到 settings.json ---- (2ms)
2025-7-18 09:56:56-log: run build task 整理部分构建选项内数据到 settings.json success in 2 ms√, progress: 15%
2025-7-18 09:56:56-debug: [Build Memory track]: 整理部分构建选项内数据到 settings.json start:204.29MB, end 204.41MB, increase: 124.27KB
2025-7-18 09:57:17-debug: Query all assets info in project
2025-7-18 09:57:17-debug: init custom config: keepNodeUuid: false, useCache: true
2025-7-18 09:57:17-debug: Skip compress image, progress: 0%
2025-7-18 09:57:17-debug: Init all bundles start..., progress: 0%
2025-7-18 09:57:17-debug: Init bundle root assets start..., progress: 0%
2025-7-18 09:57:17-debug: Num of bundles: 2..., progress: 0%
2025-7-18 09:57:17-debug: // ---- build task 查询 Asset Bundle ----
2025-7-18 09:57:17-debug: 查询 Asset Bundle start, progress: 0%
2025-7-18 09:57:17-debug: Query preload assets/scripts from cc.config.json: 60f7195c-ec2a-45eb-ba94-8955f60e81d0,1c02ae6f-4492-4915-b8f8-7492a3b1e4cd,810e96e4-e456-4468-9b59-f4e8f39732c0,efe8e2a3-eace-427b-b4f1-cb8a937ec77d,e9aa9a3e-5b2b-4ac7-a2c7-073de2b2b24f,8bbdbcdd-5cd4-4100-b6d5-b7c9625b6107,50f4348b-c883-4e2f-8f11-ce233b859fa1,fda095cb-831d-4601-ad94-846013963de8,f92806d7-1768-443f-afe8-12bcde84d0f0,dd3a144d-ab7f-41f0-82b8-2e43a090d496,f0416e68-0200-4b77-a926-4f9d16e494da,970b0598-bcb0-4714-91fb-2e81440dccd8,bcd64cc6-2dd9-43f6-abbe-66318d332032,d930590d-bb92-4cc8-8bd1-23cd027f9edf,a3cd009f-0ab0-420d-9278-b9fdab939bbc,6a2d0734-bd9e-4ddf-946e-caa52498cb75,c27215d8-6835-4b68-bfbb-bdeac6100c04,b5d6115f-0370-4d7c-aad3-c194cc71cf98,871c3b6c-7379-419d-bda3-794b239ab90d,ff9b0199-ce04-4cfe-86cc-6c719f08d6e4,de1c2107-70c8-4021-8459-6399f24d01c6,cbf30902-517f-40dc-af90-a550bac27cf1
2025-7-18 09:57:17-debug: Init bundle root assets success..., progress: 0%
2025-7-18 09:57:17-debug:   Number of all scenes: 1
2025-7-18 09:57:17-debug:   Number of all scripts: 8
2025-7-18 09:57:17-debug:   Number of other assets: 498
2025-7-18 09:57:17-debug: // ---- build task 查询 Asset Bundle ---- (1ms)
2025-7-18 09:57:17-debug: // ---- build task 查询 Asset Bundle ----
2025-7-18 09:57:17-log: run build task 查询 Asset Bundle success in 1 ms√, progress: 5%
2025-7-18 09:57:17-debug: [Build Memory track]: 查询 Asset Bundle start:204.39MB, end 205.01MB, increase: 635.52KB
2025-7-18 09:57:17-debug: 查询 Asset Bundle start, progress: 5%
2025-7-18 09:57:17-debug: // ---- build task 查询 Asset Bundle ---- (1ms)
2025-7-18 09:57:17-log: run build task 查询 Asset Bundle success in 1 ms√, progress: 10%
2025-7-18 09:57:17-debug: [Build Memory track]: 查询 Asset Bundle start:205.03MB, end 204.71MB, increase: -334.51KB
2025-7-18 09:57:17-debug: 整理部分构建选项内数据到 settings.json start, progress: 10%
2025-7-18 09:57:17-debug: // ---- build task 整理部分构建选项内数据到 settings.json ----
2025-7-18 09:57:17-log: run build task 整理部分构建选项内数据到 settings.json success in √, progress: 12%
2025-7-18 09:57:17-debug: [Build Memory track]: 整理部分构建选项内数据到 settings.json start:204.73MB, end 204.51MB, increase: -231.84KB
2025-7-18 09:57:17-debug: 填充脚本数据到 settings.json start, progress: 12%
2025-7-18 09:57:17-debug: // ---- build task 填充脚本数据到 settings.json ----
2025-7-18 09:57:17-log: run build task 填充脚本数据到 settings.json success in √, progress: 13%
2025-7-18 09:57:17-debug: [Build Memory track]: 填充脚本数据到 settings.json start:204.53MB, end 204.55MB, increase: 16.75KB
2025-7-18 09:57:17-debug: 整理部分构建选项内数据到 settings.json start, progress: 13%
2025-7-18 09:57:17-debug: // ---- build task 整理部分构建选项内数据到 settings.json ----
2025-7-18 09:57:17-debug: // ---- build task 整理部分构建选项内数据到 settings.json ---- (1ms)
2025-7-18 09:57:17-log: run build task 整理部分构建选项内数据到 settings.json success in 1 ms√, progress: 15%
2025-7-18 09:57:17-debug: [Build Memory track]: 整理部分构建选项内数据到 settings.json start:204.57MB, end 204.71MB, increase: 137.23KB
2025-7-18 09:58:00-debug: refresh db internal success
2025-7-18 09:58:00-debug: %cImport%c: /Users/zhao/Desktop/test/cocos-creator/PlaneFight/assets/Scripts/Ememy.tsbackground: #aaff85; color: #000;color: #000;
2025-7-18 09:58:00-debug: refresh db assets success
2025-7-18 09:58:00-debug: Run asset db hook engine-extends:afterRefresh ...
2025-7-18 09:58:00-debug: Run asset db hook engine-extends:afterRefresh success!
2025-7-18 09:58:00-debug: asset-db:worker-effect-data-processing (1ms)
2025-7-18 09:58:00-debug: asset-db:refresh-all-database (33ms)
2025-7-18 09:58:00-debug: asset-db-hook-engine-extends-afterRefresh (1ms)
2025-7-18 09:58:01-debug: Query all assets info in project
2025-7-18 09:58:01-debug: init custom config: keepNodeUuid: false, useCache: true
2025-7-18 09:58:01-debug: Skip compress image, progress: 0%
2025-7-18 09:58:01-debug: Init all bundles start..., progress: 0%
2025-7-18 09:58:01-debug: 查询 Asset Bundle start, progress: 0%
2025-7-18 09:58:01-debug: // ---- build task 查询 Asset Bundle ----
2025-7-18 09:58:01-debug: Init bundle root assets start..., progress: 0%
2025-7-18 09:58:01-debug: Num of bundles: 2..., progress: 0%
2025-7-18 09:58:01-debug: Query preload assets/scripts from cc.config.json: 60f7195c-ec2a-45eb-ba94-8955f60e81d0,1c02ae6f-4492-4915-b8f8-7492a3b1e4cd,810e96e4-e456-4468-9b59-f4e8f39732c0,efe8e2a3-eace-427b-b4f1-cb8a937ec77d,e9aa9a3e-5b2b-4ac7-a2c7-073de2b2b24f,8bbdbcdd-5cd4-4100-b6d5-b7c9625b6107,50f4348b-c883-4e2f-8f11-ce233b859fa1,fda095cb-831d-4601-ad94-846013963de8,f92806d7-1768-443f-afe8-12bcde84d0f0,dd3a144d-ab7f-41f0-82b8-2e43a090d496,f0416e68-0200-4b77-a926-4f9d16e494da,970b0598-bcb0-4714-91fb-2e81440dccd8,bcd64cc6-2dd9-43f6-abbe-66318d332032,d930590d-bb92-4cc8-8bd1-23cd027f9edf,a3cd009f-0ab0-420d-9278-b9fdab939bbc,6a2d0734-bd9e-4ddf-946e-caa52498cb75,c27215d8-6835-4b68-bfbb-bdeac6100c04,b5d6115f-0370-4d7c-aad3-c194cc71cf98,871c3b6c-7379-419d-bda3-794b239ab90d,ff9b0199-ce04-4cfe-86cc-6c719f08d6e4,de1c2107-70c8-4021-8459-6399f24d01c6,cbf30902-517f-40dc-af90-a550bac27cf1
2025-7-18 09:58:01-debug: Init bundle root assets success..., progress: 0%
2025-7-18 09:58:01-debug:   Number of all scripts: 8
2025-7-18 09:58:01-debug:   Number of other assets: 498
2025-7-18 09:58:01-debug:   Number of all scenes: 1
2025-7-18 09:58:01-log: run build task 查询 Asset Bundle success in 4 ms√, progress: 5%
2025-7-18 09:58:01-debug: [Build Memory track]: 查询 Asset Bundle start:205.72MB, end 205.40MB, increase: -324.41KB
2025-7-18 09:58:01-debug: 查询 Asset Bundle start, progress: 5%
2025-7-18 09:58:01-debug: // ---- build task 查询 Asset Bundle ----
2025-7-18 09:58:01-debug: // ---- build task 查询 Asset Bundle ---- (4ms)
2025-7-18 09:58:01-log: run build task 查询 Asset Bundle success in 1 ms√, progress: 10%
2025-7-18 09:58:01-debug: // ---- build task 查询 Asset Bundle ---- (1ms)
2025-7-18 09:58:01-debug: [Build Memory track]: 查询 Asset Bundle start:205.43MB, end 205.53MB, increase: 105.70KB
2025-7-18 09:58:01-debug: 整理部分构建选项内数据到 settings.json start, progress: 10%
2025-7-18 09:58:01-debug: // ---- build task 整理部分构建选项内数据到 settings.json ----
2025-7-18 09:58:01-debug: [Build Memory track]: 整理部分构建选项内数据到 settings.json start:205.55MB, end 205.57MB, increase: 16.19KB
2025-7-18 09:58:01-log: run build task 整理部分构建选项内数据到 settings.json success in √, progress: 12%
2025-7-18 09:58:01-debug: 填充脚本数据到 settings.json start, progress: 12%
2025-7-18 09:58:01-debug: // ---- build task 填充脚本数据到 settings.json ----
2025-7-18 09:58:01-debug: // ---- build task 填充脚本数据到 settings.json ---- (1ms)
2025-7-18 09:58:01-log: run build task 填充脚本数据到 settings.json success in 1 ms√, progress: 13%
2025-7-18 09:58:01-debug: 整理部分构建选项内数据到 settings.json start, progress: 13%
2025-7-18 09:58:01-debug: [Build Memory track]: 填充脚本数据到 settings.json start:205.60MB, end 205.62MB, increase: 23.40KB
2025-7-18 09:58:01-debug: // ---- build task 整理部分构建选项内数据到 settings.json ----
2025-7-18 09:58:01-debug: // ---- build task 整理部分构建选项内数据到 settings.json ---- (1ms)
2025-7-18 09:58:01-log: run build task 整理部分构建选项内数据到 settings.json success in 1 ms√, progress: 15%
2025-7-18 09:58:01-debug: [Build Memory track]: 整理部分构建选项内数据到 settings.json start:205.64MB, end 205.77MB, increase: 129.48KB
2025-7-18 09:58:18-debug: Query all assets info in project
2025-7-18 09:58:18-debug: init custom config: keepNodeUuid: false, useCache: true
2025-7-18 09:58:18-debug: Skip compress image, progress: 0%
2025-7-18 09:58:18-debug: Init all bundles start..., progress: 0%
2025-7-18 09:58:18-debug: // ---- build task 查询 Asset Bundle ----
2025-7-18 09:58:18-debug: 查询 Asset Bundle start, progress: 0%
2025-7-18 09:58:18-debug: Num of bundles: 2..., progress: 0%
2025-7-18 09:58:18-debug: Init bundle root assets start..., progress: 0%
2025-7-18 09:58:18-debug: Query preload assets/scripts from cc.config.json: 60f7195c-ec2a-45eb-ba94-8955f60e81d0,1c02ae6f-4492-4915-b8f8-7492a3b1e4cd,810e96e4-e456-4468-9b59-f4e8f39732c0,efe8e2a3-eace-427b-b4f1-cb8a937ec77d,e9aa9a3e-5b2b-4ac7-a2c7-073de2b2b24f,8bbdbcdd-5cd4-4100-b6d5-b7c9625b6107,50f4348b-c883-4e2f-8f11-ce233b859fa1,fda095cb-831d-4601-ad94-846013963de8,f92806d7-1768-443f-afe8-12bcde84d0f0,dd3a144d-ab7f-41f0-82b8-2e43a090d496,f0416e68-0200-4b77-a926-4f9d16e494da,970b0598-bcb0-4714-91fb-2e81440dccd8,bcd64cc6-2dd9-43f6-abbe-66318d332032,d930590d-bb92-4cc8-8bd1-23cd027f9edf,a3cd009f-0ab0-420d-9278-b9fdab939bbc,6a2d0734-bd9e-4ddf-946e-caa52498cb75,c27215d8-6835-4b68-bfbb-bdeac6100c04,b5d6115f-0370-4d7c-aad3-c194cc71cf98,871c3b6c-7379-419d-bda3-794b239ab90d,ff9b0199-ce04-4cfe-86cc-6c719f08d6e4,de1c2107-70c8-4021-8459-6399f24d01c6,cbf30902-517f-40dc-af90-a550bac27cf1
2025-7-18 09:58:18-debug: Init bundle root assets success..., progress: 0%
2025-7-18 09:58:18-debug:   Number of all scripts: 8
2025-7-18 09:58:18-debug:   Number of other assets: 498
2025-7-18 09:58:18-debug:   Number of all scenes: 1
2025-7-18 09:58:18-debug: // ---- build task 查询 Asset Bundle ---- (2ms)
2025-7-18 09:58:18-debug: 查询 Asset Bundle start, progress: 5%
2025-7-18 09:58:18-debug: [Build Memory track]: 查询 Asset Bundle start:206.61MB, end 205.68MB, increase: -955.13KB
2025-7-18 09:58:18-debug: // ---- build task 查询 Asset Bundle ----
2025-7-18 09:58:18-log: run build task 查询 Asset Bundle success in 2 ms√, progress: 5%
2025-7-18 09:58:18-log: run build task 查询 Asset Bundle success in √, progress: 10%
2025-7-18 09:58:18-debug: // ---- build task 整理部分构建选项内数据到 settings.json ----
2025-7-18 09:58:18-debug: 整理部分构建选项内数据到 settings.json start, progress: 10%
2025-7-18 09:58:18-debug: [Build Memory track]: 查询 Asset Bundle start:205.70MB, end 205.80MB, increase: 98.48KB
2025-7-18 09:58:18-debug: // ---- build task 整理部分构建选项内数据到 settings.json ---- (1ms)
2025-7-18 09:58:18-debug: // ---- build task 填充脚本数据到 settings.json ----
2025-7-18 09:58:18-debug: [Build Memory track]: 整理部分构建选项内数据到 settings.json start:205.82MB, end 205.85MB, increase: 23.66KB
2025-7-18 09:58:18-debug: 填充脚本数据到 settings.json start, progress: 12%
2025-7-18 09:58:18-log: run build task 整理部分构建选项内数据到 settings.json success in 1 ms√, progress: 12%
2025-7-18 09:58:18-log: run build task 填充脚本数据到 settings.json success in √, progress: 13%
2025-7-18 09:58:18-debug: // ---- build task 整理部分构建选项内数据到 settings.json ----
2025-7-18 09:58:18-debug: 整理部分构建选项内数据到 settings.json start, progress: 13%
2025-7-18 09:58:18-debug: [Build Memory track]: 填充脚本数据到 settings.json start:205.87MB, end 205.89MB, increase: 15.57KB
2025-7-18 09:58:18-debug: // ---- build task 整理部分构建选项内数据到 settings.json ---- (1ms)
2025-7-18 09:58:18-debug: [Build Memory track]: 整理部分构建选项内数据到 settings.json start:205.91MB, end 206.04MB, increase: 132.25KB
2025-7-18 09:58:18-log: run build task 整理部分构建选项内数据到 settings.json success in 1 ms√, progress: 15%
2025-7-18 10:01:15-debug: refresh db internal success
2025-7-18 10:01:15-debug: %cImport%c: /Users/zhao/Desktop/test/cocos-creator/PlaneFight/assets/Scripts/Ememy.tsbackground: #aaff85; color: #000;color: #000;
2025-7-18 10:01:15-debug: refresh db assets success
2025-7-18 10:01:15-debug: Run asset db hook engine-extends:afterRefresh ...
2025-7-18 10:01:15-debug: Run asset db hook engine-extends:afterRefresh success!
2025-7-18 10:01:15-debug: asset-db:refresh-all-database (25ms)
2025-7-18 10:01:15-debug: asset-db:worker-effect-data-processing (2ms)
2025-7-18 10:01:15-debug: asset-db-hook-engine-extends-afterRefresh (2ms)
2025-7-18 10:01:16-debug: Query all assets info in project
2025-7-18 10:01:16-debug: Skip compress image, progress: 0%
2025-7-18 10:01:16-debug: init custom config: keepNodeUuid: false, useCache: true
2025-7-18 10:01:16-debug: Init all bundles start..., progress: 0%
2025-7-18 10:01:16-debug: 查询 Asset Bundle start, progress: 0%
2025-7-18 10:01:16-debug: Num of bundles: 2..., progress: 0%
2025-7-18 10:01:16-debug: // ---- build task 查询 Asset Bundle ----
2025-7-18 10:01:16-debug: Init bundle root assets start..., progress: 0%
2025-7-18 10:01:16-debug: Query preload assets/scripts from cc.config.json: 60f7195c-ec2a-45eb-ba94-8955f60e81d0,1c02ae6f-4492-4915-b8f8-7492a3b1e4cd,810e96e4-e456-4468-9b59-f4e8f39732c0,efe8e2a3-eace-427b-b4f1-cb8a937ec77d,e9aa9a3e-5b2b-4ac7-a2c7-073de2b2b24f,8bbdbcdd-5cd4-4100-b6d5-b7c9625b6107,50f4348b-c883-4e2f-8f11-ce233b859fa1,fda095cb-831d-4601-ad94-846013963de8,f92806d7-1768-443f-afe8-12bcde84d0f0,dd3a144d-ab7f-41f0-82b8-2e43a090d496,f0416e68-0200-4b77-a926-4f9d16e494da,970b0598-bcb0-4714-91fb-2e81440dccd8,bcd64cc6-2dd9-43f6-abbe-66318d332032,d930590d-bb92-4cc8-8bd1-23cd027f9edf,a3cd009f-0ab0-420d-9278-b9fdab939bbc,6a2d0734-bd9e-4ddf-946e-caa52498cb75,c27215d8-6835-4b68-bfbb-bdeac6100c04,b5d6115f-0370-4d7c-aad3-c194cc71cf98,871c3b6c-7379-419d-bda3-794b239ab90d,ff9b0199-ce04-4cfe-86cc-6c719f08d6e4,de1c2107-70c8-4021-8459-6399f24d01c6,cbf30902-517f-40dc-af90-a550bac27cf1
2025-7-18 10:01:16-debug:   Number of all scenes: 1
2025-7-18 10:01:16-debug:   Number of all scripts: 8
2025-7-18 10:01:16-debug:   Number of other assets: 498
2025-7-18 10:01:16-debug: Init bundle root assets success..., progress: 0%
2025-7-18 10:01:16-debug: // ---- build task 查询 Asset Bundle ---- (4ms)
2025-7-18 10:01:16-debug: [Build Memory track]: 查询 Asset Bundle start:206.55MB, end 206.26MB, increase: -299.48KB
2025-7-18 10:01:16-debug: 查询 Asset Bundle start, progress: 5%
2025-7-18 10:01:16-log: run build task 查询 Asset Bundle success in 4 ms√, progress: 5%
2025-7-18 10:01:16-debug: // ---- build task 查询 Asset Bundle ----
2025-7-18 10:01:16-debug: // ---- build task 查询 Asset Bundle ---- (3ms)
2025-7-18 10:01:16-debug: // ---- build task 整理部分构建选项内数据到 settings.json ----
2025-7-18 10:01:16-debug: [Build Memory track]: 查询 Asset Bundle start:206.28MB, end 206.40MB, increase: 113.03KB
2025-7-18 10:01:16-debug: 整理部分构建选项内数据到 settings.json start, progress: 10%
2025-7-18 10:01:16-log: run build task 查询 Asset Bundle success in 3 ms√, progress: 10%
2025-7-18 10:01:16-debug: [Build Memory track]: 整理部分构建选项内数据到 settings.json start:206.42MB, end 206.43MB, increase: 14.18KB
2025-7-18 10:01:16-debug: // ---- build task 填充脚本数据到 settings.json ---- (1ms)
2025-7-18 10:01:16-debug: 填充脚本数据到 settings.json start, progress: 12%
2025-7-18 10:01:16-debug: [Build Memory track]: 填充脚本数据到 settings.json start:206.46MB, end 206.48MB, increase: 22.30KB
2025-7-18 10:01:16-debug: 整理部分构建选项内数据到 settings.json start, progress: 13%
2025-7-18 10:01:16-debug: // ---- build task 整理部分构建选项内数据到 settings.json ----
2025-7-18 10:01:16-log: run build task 整理部分构建选项内数据到 settings.json success in √, progress: 12%
2025-7-18 10:01:16-debug: // ---- build task 填充脚本数据到 settings.json ----
2025-7-18 10:01:16-log: run build task 填充脚本数据到 settings.json success in 1 ms√, progress: 13%
2025-7-18 10:01:16-log: run build task 整理部分构建选项内数据到 settings.json success in 5 ms√, progress: 15%
2025-7-18 10:01:16-debug: [Build Memory track]: 整理部分构建选项内数据到 settings.json start:206.63MB, end 206.63MB, increase: 2.71KB
2025-7-18 10:01:16-debug: // ---- build task 整理部分构建选项内数据到 settings.json ---- (5ms)
2025-7-18 10:01:18-debug: refresh db internal success
2025-7-18 10:01:18-debug: %cImport%c: /Users/zhao/Desktop/test/cocos-creator/PlaneFight/assets/Scripts/Ememy.tsbackground: #aaff85; color: #000;color: #000;
2025-7-18 10:01:18-debug: refresh db assets success
2025-7-18 10:01:18-debug: Run asset db hook engine-extends:afterRefresh success!
2025-7-18 10:01:18-debug: Run asset db hook engine-extends:afterRefresh ...
2025-7-18 10:01:18-debug: asset-db:refresh-all-database (32ms)
2025-7-18 10:01:18-debug: asset-db:worker-effect-data-processing (1ms)
2025-7-18 10:01:18-debug: asset-db-hook-engine-extends-afterRefresh (1ms)
2025-7-18 10:01:18-debug: Query all assets info in project
2025-7-18 10:01:18-debug: init custom config: keepNodeUuid: false, useCache: true
2025-7-18 10:01:18-debug: Skip compress image, progress: 0%
2025-7-18 10:01:18-debug: Init all bundles start..., progress: 0%
2025-7-18 10:01:18-debug: Init bundle root assets start..., progress: 0%
2025-7-18 10:01:18-debug: Num of bundles: 2..., progress: 0%
2025-7-18 10:01:18-debug: // ---- build task 查询 Asset Bundle ----
2025-7-18 10:01:18-debug: 查询 Asset Bundle start, progress: 0%
2025-7-18 10:01:18-debug: Query preload assets/scripts from cc.config.json: 60f7195c-ec2a-45eb-ba94-8955f60e81d0,1c02ae6f-4492-4915-b8f8-7492a3b1e4cd,810e96e4-e456-4468-9b59-f4e8f39732c0,efe8e2a3-eace-427b-b4f1-cb8a937ec77d,e9aa9a3e-5b2b-4ac7-a2c7-073de2b2b24f,8bbdbcdd-5cd4-4100-b6d5-b7c9625b6107,50f4348b-c883-4e2f-8f11-ce233b859fa1,fda095cb-831d-4601-ad94-846013963de8,f92806d7-1768-443f-afe8-12bcde84d0f0,dd3a144d-ab7f-41f0-82b8-2e43a090d496,f0416e68-0200-4b77-a926-4f9d16e494da,970b0598-bcb0-4714-91fb-2e81440dccd8,bcd64cc6-2dd9-43f6-abbe-66318d332032,d930590d-bb92-4cc8-8bd1-23cd027f9edf,a3cd009f-0ab0-420d-9278-b9fdab939bbc,6a2d0734-bd9e-4ddf-946e-caa52498cb75,c27215d8-6835-4b68-bfbb-bdeac6100c04,b5d6115f-0370-4d7c-aad3-c194cc71cf98,871c3b6c-7379-419d-bda3-794b239ab90d,ff9b0199-ce04-4cfe-86cc-6c719f08d6e4,de1c2107-70c8-4021-8459-6399f24d01c6,cbf30902-517f-40dc-af90-a550bac27cf1
2025-7-18 10:01:18-debug:   Number of all scenes: 1
2025-7-18 10:01:18-debug:   Number of all scripts: 8
2025-7-18 10:01:18-debug:   Number of other assets: 498
2025-7-18 10:01:18-debug: Init bundle root assets success..., progress: 0%
2025-7-18 10:01:18-log: run build task 查询 Asset Bundle success in 2 ms√, progress: 5%
2025-7-18 10:01:18-debug: // ---- build task 查询 Asset Bundle ----
2025-7-18 10:01:18-debug: [Build Memory track]: 查询 Asset Bundle start:207.82MB, end 206.61MB, increase: -1239.71KB
2025-7-18 10:01:18-debug: 查询 Asset Bundle start, progress: 5%
2025-7-18 10:01:18-debug: // ---- build task 查询 Asset Bundle ---- (2ms)
2025-7-18 10:01:18-debug: // ---- build task 查询 Asset Bundle ---- (1ms)
2025-7-18 10:01:18-log: run build task 查询 Asset Bundle success in 1 ms√, progress: 10%
2025-7-18 10:01:18-debug: [Build Memory track]: 查询 Asset Bundle start:206.63MB, end 206.74MB, increase: 109.09KB
2025-7-18 10:01:18-debug: 整理部分构建选项内数据到 settings.json start, progress: 10%
2025-7-18 10:01:18-debug: // ---- build task 整理部分构建选项内数据到 settings.json ----
2025-7-18 10:01:18-log: run build task 整理部分构建选项内数据到 settings.json success in 1 ms√, progress: 12%
2025-7-18 10:01:18-debug: // ---- build task 整理部分构建选项内数据到 settings.json ---- (1ms)
2025-7-18 10:01:18-debug: // ---- build task 填充脚本数据到 settings.json ----
2025-7-18 10:01:18-debug: [Build Memory track]: 整理部分构建选项内数据到 settings.json start:206.77MB, end 206.79MB, increase: 24.29KB
2025-7-18 10:01:18-debug: 填充脚本数据到 settings.json start, progress: 12%
2025-7-18 10:01:18-log: run build task 填充脚本数据到 settings.json success in √, progress: 13%
2025-7-18 10:01:18-debug: [Build Memory track]: 填充脚本数据到 settings.json start:206.82MB, end 206.83MB, increase: 18.72KB
2025-7-18 10:01:18-debug: 整理部分构建选项内数据到 settings.json start, progress: 13%
2025-7-18 10:01:18-debug: // ---- build task 整理部分构建选项内数据到 settings.json ----
2025-7-18 10:01:18-debug: // ---- build task 整理部分构建选项内数据到 settings.json ---- (1ms)
2025-7-18 10:01:18-log: run build task 整理部分构建选项内数据到 settings.json success in 1 ms√, progress: 15%
2025-7-18 10:01:18-debug: [Build Memory track]: 整理部分构建选项内数据到 settings.json start:206.86MB, end 206.98MB, increase: 123.09KB
2025-7-18 10:01:21-debug: %cImport%c: /Users/zhao/Desktop/test/cocos-creator/PlaneFight/assets/Scenes/Start.scenebackground: #aaff85; color: #000;color: #000;
2025-7-18 10:01:21-debug: asset-db:reimport-asset2fda4d65-a1e9-4078-8250-de49b04cdc34 (8ms)
2025-7-18 10:01:21-debug: Query all assets info in project
2025-7-18 10:01:21-debug: init custom config: keepNodeUuid: false, useCache: true
2025-7-18 10:01:21-debug: Skip compress image, progress: 0%
2025-7-18 10:01:21-debug: Init all bundles start..., progress: 0%
2025-7-18 10:01:21-debug: Num of bundles: 2..., progress: 0%
2025-7-18 10:01:21-debug: 查询 Asset Bundle start, progress: 0%
2025-7-18 10:01:21-debug: // ---- build task 查询 Asset Bundle ----
2025-7-18 10:01:21-debug: Init bundle root assets start..., progress: 0%
2025-7-18 10:01:21-debug: Query preload assets/scripts from cc.config.json: 60f7195c-ec2a-45eb-ba94-8955f60e81d0,1c02ae6f-4492-4915-b8f8-7492a3b1e4cd,810e96e4-e456-4468-9b59-f4e8f39732c0,efe8e2a3-eace-427b-b4f1-cb8a937ec77d,e9aa9a3e-5b2b-4ac7-a2c7-073de2b2b24f,8bbdbcdd-5cd4-4100-b6d5-b7c9625b6107,50f4348b-c883-4e2f-8f11-ce233b859fa1,fda095cb-831d-4601-ad94-846013963de8,f92806d7-1768-443f-afe8-12bcde84d0f0,dd3a144d-ab7f-41f0-82b8-2e43a090d496,f0416e68-0200-4b77-a926-4f9d16e494da,970b0598-bcb0-4714-91fb-2e81440dccd8,bcd64cc6-2dd9-43f6-abbe-66318d332032,d930590d-bb92-4cc8-8bd1-23cd027f9edf,a3cd009f-0ab0-420d-9278-b9fdab939bbc,6a2d0734-bd9e-4ddf-946e-caa52498cb75,c27215d8-6835-4b68-bfbb-bdeac6100c04,b5d6115f-0370-4d7c-aad3-c194cc71cf98,871c3b6c-7379-419d-bda3-794b239ab90d,ff9b0199-ce04-4cfe-86cc-6c719f08d6e4,de1c2107-70c8-4021-8459-6399f24d01c6,cbf30902-517f-40dc-af90-a550bac27cf1
2025-7-18 10:01:21-debug:   Number of all scenes: 1
2025-7-18 10:01:21-debug:   Number of all scripts: 8
2025-7-18 10:01:21-debug:   Number of other assets: 498
2025-7-18 10:01:21-debug: Init bundle root assets success..., progress: 0%
2025-7-18 10:01:21-debug: // ---- build task 查询 Asset Bundle ---- (3ms)
2025-7-18 10:01:21-debug: // ---- build task 查询 Asset Bundle ----
2025-7-18 10:01:21-log: run build task 查询 Asset Bundle success in 3 ms√, progress: 5%
2025-7-18 10:01:21-debug: 查询 Asset Bundle start, progress: 5%
2025-7-18 10:01:21-debug: [Build Memory track]: 查询 Asset Bundle start:207.95MB, end 206.79MB, increase: -1192.35KB
2025-7-18 10:01:21-debug: // ---- build task 查询 Asset Bundle ---- (1ms)
2025-7-18 10:01:21-debug: // ---- build task 整理部分构建选项内数据到 settings.json ----
2025-7-18 10:01:21-debug: [Build Memory track]: 查询 Asset Bundle start:206.81MB, end 206.91MB, increase: 107.76KB
2025-7-18 10:01:21-debug: 整理部分构建选项内数据到 settings.json start, progress: 10%
2025-7-18 10:01:21-log: run build task 查询 Asset Bundle success in 1 ms√, progress: 10%
2025-7-18 10:01:21-log: run build task 整理部分构建选项内数据到 settings.json success in √, progress: 12%
2025-7-18 10:01:21-debug: [Build Memory track]: 整理部分构建选项内数据到 settings.json start:206.94MB, end 206.96MB, increase: 16.11KB
2025-7-18 10:01:21-debug: 填充脚本数据到 settings.json start, progress: 12%
2025-7-18 10:01:21-debug: // ---- build task 填充脚本数据到 settings.json ----
2025-7-18 10:01:21-log: run build task 填充脚本数据到 settings.json success in √, progress: 13%
2025-7-18 10:01:21-debug: [Build Memory track]: 填充脚本数据到 settings.json start:206.98MB, end 207.00MB, increase: 15.37KB
2025-7-18 10:01:21-debug: 整理部分构建选项内数据到 settings.json start, progress: 13%
2025-7-18 10:01:21-debug: // ---- build task 整理部分构建选项内数据到 settings.json ----
2025-7-18 10:01:21-debug: // ---- build task 整理部分构建选项内数据到 settings.json ---- (1ms)
2025-7-18 10:01:21-log: run build task 整理部分构建选项内数据到 settings.json success in 1 ms√, progress: 15%
2025-7-18 10:01:21-debug: [Build Memory track]: 整理部分构建选项内数据到 settings.json start:207.02MB, end 207.15MB, increase: 130.99KB
2025-7-18 10:01:22-debug: Query all assets info in project
2025-7-18 10:01:22-debug: Skip compress image, progress: 0%
2025-7-18 10:01:22-debug: init custom config: keepNodeUuid: false, useCache: true
2025-7-18 10:01:22-debug: Init all bundles start..., progress: 0%
2025-7-18 10:01:22-debug: 查询 Asset Bundle start, progress: 0%
2025-7-18 10:01:22-debug: Num of bundles: 2..., progress: 0%
2025-7-18 10:01:22-debug: // ---- build task 查询 Asset Bundle ----
2025-7-18 10:01:22-debug: Init bundle root assets start..., progress: 0%
2025-7-18 10:01:22-debug: Query preload assets/scripts from cc.config.json: 60f7195c-ec2a-45eb-ba94-8955f60e81d0,1c02ae6f-4492-4915-b8f8-7492a3b1e4cd,810e96e4-e456-4468-9b59-f4e8f39732c0,efe8e2a3-eace-427b-b4f1-cb8a937ec77d,e9aa9a3e-5b2b-4ac7-a2c7-073de2b2b24f,8bbdbcdd-5cd4-4100-b6d5-b7c9625b6107,50f4348b-c883-4e2f-8f11-ce233b859fa1,fda095cb-831d-4601-ad94-846013963de8,f92806d7-1768-443f-afe8-12bcde84d0f0,dd3a144d-ab7f-41f0-82b8-2e43a090d496,f0416e68-0200-4b77-a926-4f9d16e494da,970b0598-bcb0-4714-91fb-2e81440dccd8,bcd64cc6-2dd9-43f6-abbe-66318d332032,d930590d-bb92-4cc8-8bd1-23cd027f9edf,a3cd009f-0ab0-420d-9278-b9fdab939bbc,6a2d0734-bd9e-4ddf-946e-caa52498cb75,c27215d8-6835-4b68-bfbb-bdeac6100c04,b5d6115f-0370-4d7c-aad3-c194cc71cf98,871c3b6c-7379-419d-bda3-794b239ab90d,ff9b0199-ce04-4cfe-86cc-6c719f08d6e4,de1c2107-70c8-4021-8459-6399f24d01c6,cbf30902-517f-40dc-af90-a550bac27cf1
2025-7-18 10:01:22-debug:   Number of all scenes: 1
2025-7-18 10:01:22-debug: Init bundle root assets success..., progress: 0%
2025-7-18 10:01:22-debug:   Number of all scripts: 8
2025-7-18 10:01:22-debug:   Number of other assets: 498
2025-7-18 10:01:22-log: run build task 查询 Asset Bundle success in 1 ms√, progress: 5%
2025-7-18 10:01:22-debug: // ---- build task 查询 Asset Bundle ---- (1ms)
2025-7-18 10:01:22-debug: 查询 Asset Bundle start, progress: 5%
2025-7-18 10:01:22-debug: [Build Memory track]: 查询 Asset Bundle start:207.53MB, end 208.16MB, increase: 652.35KB
2025-7-18 10:01:22-debug: // ---- build task 查询 Asset Bundle ----
2025-7-18 10:01:22-debug: // ---- build task 查询 Asset Bundle ---- (1ms)
2025-7-18 10:01:22-log: run build task 查询 Asset Bundle success in 1 ms√, progress: 10%
2025-7-18 10:01:22-debug: [Build Memory track]: 查询 Asset Bundle start:208.19MB, end 206.83MB, increase: -1394.49KB
2025-7-18 10:01:22-debug: 整理部分构建选项内数据到 settings.json start, progress: 10%
2025-7-18 10:01:22-debug: // ---- build task 整理部分构建选项内数据到 settings.json ----
2025-7-18 10:01:22-log: run build task 整理部分构建选项内数据到 settings.json success in √, progress: 12%
2025-7-18 10:01:22-debug: [Build Memory track]: 整理部分构建选项内数据到 settings.json start:206.85MB, end 206.87MB, increase: 14.81KB
2025-7-18 10:01:22-debug: 填充脚本数据到 settings.json start, progress: 12%
2025-7-18 10:01:22-debug: // ---- build task 填充脚本数据到 settings.json ----
2025-7-18 10:01:22-log: run build task 填充脚本数据到 settings.json success in √, progress: 13%
2025-7-18 10:01:22-debug: 整理部分构建选项内数据到 settings.json start, progress: 13%
2025-7-18 10:01:22-debug: [Build Memory track]: 填充脚本数据到 settings.json start:206.89MB, end 206.91MB, increase: 16.62KB
2025-7-18 10:01:22-debug: // ---- build task 整理部分构建选项内数据到 settings.json ----
2025-7-18 10:01:22-debug: // ---- build task 整理部分构建选项内数据到 settings.json ---- (1ms)
2025-7-18 10:01:22-log: run build task 整理部分构建选项内数据到 settings.json success in 1 ms√, progress: 15%
2025-7-18 10:01:22-debug: [Build Memory track]: 整理部分构建选项内数据到 settings.json start:206.93MB, end 207.05MB, increase: 122.95KB
2025-7-18 10:01:40-debug: Query all assets info in project
2025-7-18 10:01:40-debug: init custom config: keepNodeUuid: false, useCache: true
2025-7-18 10:01:40-debug: Skip compress image, progress: 0%
2025-7-18 10:01:40-debug: Init all bundles start..., progress: 0%
2025-7-18 10:01:40-debug: // ---- build task 查询 Asset Bundle ----
2025-7-18 10:01:40-debug: 查询 Asset Bundle start, progress: 0%
2025-7-18 10:01:40-debug: Num of bundles: 2..., progress: 0%
2025-7-18 10:01:40-debug: Init bundle root assets start..., progress: 0%
2025-7-18 10:01:40-debug: Query preload assets/scripts from cc.config.json: 60f7195c-ec2a-45eb-ba94-8955f60e81d0,1c02ae6f-4492-4915-b8f8-7492a3b1e4cd,810e96e4-e456-4468-9b59-f4e8f39732c0,efe8e2a3-eace-427b-b4f1-cb8a937ec77d,e9aa9a3e-5b2b-4ac7-a2c7-073de2b2b24f,8bbdbcdd-5cd4-4100-b6d5-b7c9625b6107,50f4348b-c883-4e2f-8f11-ce233b859fa1,fda095cb-831d-4601-ad94-846013963de8,f92806d7-1768-443f-afe8-12bcde84d0f0,dd3a144d-ab7f-41f0-82b8-2e43a090d496,f0416e68-0200-4b77-a926-4f9d16e494da,970b0598-bcb0-4714-91fb-2e81440dccd8,bcd64cc6-2dd9-43f6-abbe-66318d332032,d930590d-bb92-4cc8-8bd1-23cd027f9edf,a3cd009f-0ab0-420d-9278-b9fdab939bbc,6a2d0734-bd9e-4ddf-946e-caa52498cb75,c27215d8-6835-4b68-bfbb-bdeac6100c04,b5d6115f-0370-4d7c-aad3-c194cc71cf98,871c3b6c-7379-419d-bda3-794b239ab90d,ff9b0199-ce04-4cfe-86cc-6c719f08d6e4,de1c2107-70c8-4021-8459-6399f24d01c6,cbf30902-517f-40dc-af90-a550bac27cf1
2025-7-18 10:01:40-debug:   Number of all scenes: 1
2025-7-18 10:01:40-debug:   Number of all scripts: 8
2025-7-18 10:01:40-debug:   Number of other assets: 498
2025-7-18 10:01:40-debug: Init bundle root assets success..., progress: 0%
2025-7-18 10:01:40-debug: // ---- build task 查询 Asset Bundle ---- (1ms)
2025-7-18 10:01:40-debug: 查询 Asset Bundle start, progress: 5%
2025-7-18 10:01:40-debug: // ---- build task 查询 Asset Bundle ----
2025-7-18 10:01:40-debug: [Build Memory track]: 查询 Asset Bundle start:208.24MB, end 207.00MB, increase: -1270.23KB
2025-7-18 10:01:40-log: run build task 查询 Asset Bundle success in 1 ms√, progress: 5%
2025-7-18 10:01:40-debug: // ---- build task 查询 Asset Bundle ---- (1ms)
2025-7-18 10:01:40-debug: // ---- build task 整理部分构建选项内数据到 settings.json ----
2025-7-18 10:01:40-debug: [Build Memory track]: 查询 Asset Bundle start:207.02MB, end 207.13MB, increase: 106.28KB
2025-7-18 10:01:40-debug: 整理部分构建选项内数据到 settings.json start, progress: 10%
2025-7-18 10:01:40-log: run build task 查询 Asset Bundle success in 1 ms√, progress: 10%
2025-7-18 10:01:40-debug: // ---- build task 整理部分构建选项内数据到 settings.json ---- (1ms)
2025-7-18 10:01:40-debug: [Build Memory track]: 整理部分构建选项内数据到 settings.json start:207.15MB, end 207.18MB, increase: 24.17KB
2025-7-18 10:01:40-log: run build task 整理部分构建选项内数据到 settings.json success in 1 ms√, progress: 12%
2025-7-18 10:01:40-debug: // ---- build task 填充脚本数据到 settings.json ----
2025-7-18 10:01:40-debug: 填充脚本数据到 settings.json start, progress: 12%
2025-7-18 10:01:40-log: run build task 填充脚本数据到 settings.json success in √, progress: 13%
2025-7-18 10:01:40-debug: 整理部分构建选项内数据到 settings.json start, progress: 13%
2025-7-18 10:01:40-debug: // ---- build task 整理部分构建选项内数据到 settings.json ----
2025-7-18 10:01:40-debug: [Build Memory track]: 填充脚本数据到 settings.json start:207.20MB, end 207.22MB, increase: 15.84KB
2025-7-18 10:01:40-log: run build task 整理部分构建选项内数据到 settings.json success in 1 ms√, progress: 15%
2025-7-18 10:01:40-debug: // ---- build task 整理部分构建选项内数据到 settings.json ---- (1ms)
2025-7-18 10:01:40-debug: [Build Memory track]: 整理部分构建选项内数据到 settings.json start:207.24MB, end 207.36MB, increase: 126.39KB
2025-7-18 10:03:08-debug: refresh db internal success
2025-7-18 10:03:08-debug: refresh db assets success
2025-7-18 10:03:08-debug: Run asset db hook engine-extends:afterRefresh ...
2025-7-18 10:03:08-debug: Run asset db hook engine-extends:afterRefresh success!
2025-7-18 10:03:08-debug: asset-db:refresh-all-database (30ms)
2025-7-18 10:03:08-debug: asset-db-hook-engine-extends-afterRefresh (1ms)
2025-7-18 10:03:08-debug: asset-db:worker-effect-data-processing (1ms)
2025-7-18 10:03:54-debug: start refresh asset from /Users/zhao/Desktop/test/cocos-creator/PlaneFight/assets/Scripts/GameManager.ts...
2025-7-18 10:03:54-debug: %cImport%c: /Users/zhao/Desktop/test/cocos-creator/PlaneFight/assets/Scripts/GameManager.tsbackground: #aaff85; color: #000;color: #000;
2025-7-18 10:03:54-debug: refresh asset /Users/zhao/Desktop/test/cocos-creator/PlaneFight/assets/Scripts success
2025-7-18 10:03:55-debug: %cImport%c: /Users/zhao/Desktop/test/cocos-creator/PlaneFight/assets/Scriptsbackground: #aaff85; color: #000;color: #000;
2025-7-18 10:03:55-debug: Query all assets info in project
2025-7-18 10:03:55-debug: init custom config: keepNodeUuid: false, useCache: true
2025-7-18 10:03:55-debug: Skip compress image, progress: 0%
2025-7-18 10:03:55-debug: Init all bundles start..., progress: 0%
2025-7-18 10:03:55-debug: Num of bundles: 2..., progress: 0%
2025-7-18 10:03:55-debug: 查询 Asset Bundle start, progress: 0%
2025-7-18 10:03:55-debug: // ---- build task 查询 Asset Bundle ----
2025-7-18 10:03:55-debug: Init bundle root assets start..., progress: 0%
2025-7-18 10:03:55-debug: Query preload assets/scripts from cc.config.json: 60f7195c-ec2a-45eb-ba94-8955f60e81d0,1c02ae6f-4492-4915-b8f8-7492a3b1e4cd,810e96e4-e456-4468-9b59-f4e8f39732c0,efe8e2a3-eace-427b-b4f1-cb8a937ec77d,e9aa9a3e-5b2b-4ac7-a2c7-073de2b2b24f,8bbdbcdd-5cd4-4100-b6d5-b7c9625b6107,50f4348b-c883-4e2f-8f11-ce233b859fa1,fda095cb-831d-4601-ad94-846013963de8,f92806d7-1768-443f-afe8-12bcde84d0f0,dd3a144d-ab7f-41f0-82b8-2e43a090d496,f0416e68-0200-4b77-a926-4f9d16e494da,970b0598-bcb0-4714-91fb-2e81440dccd8,bcd64cc6-2dd9-43f6-abbe-66318d332032,d930590d-bb92-4cc8-8bd1-23cd027f9edf,a3cd009f-0ab0-420d-9278-b9fdab939bbc,6a2d0734-bd9e-4ddf-946e-caa52498cb75,c27215d8-6835-4b68-bfbb-bdeac6100c04,b5d6115f-0370-4d7c-aad3-c194cc71cf98,871c3b6c-7379-419d-bda3-794b239ab90d,ff9b0199-ce04-4cfe-86cc-6c719f08d6e4,de1c2107-70c8-4021-8459-6399f24d01c6,cbf30902-517f-40dc-af90-a550bac27cf1
2025-7-18 10:03:55-debug:   Number of all scripts: 9
2025-7-18 10:03:55-debug:   Number of all scenes: 1
2025-7-18 10:03:55-debug:   Number of other assets: 498
2025-7-18 10:03:55-debug: Init bundle root assets success..., progress: 0%
2025-7-18 10:03:55-debug: // ---- build task 查询 Asset Bundle ---- (4ms)
2025-7-18 10:03:55-log: run build task 查询 Asset Bundle success in 4 ms√, progress: 5%
2025-7-18 10:03:55-debug: [Build Memory track]: 查询 Asset Bundle start:208.16MB, end 208.79MB, increase: 645.20KB
2025-7-18 10:03:55-debug: 查询 Asset Bundle start, progress: 5%
2025-7-18 10:03:55-debug: // ---- build task 查询 Asset Bundle ----
2025-7-18 10:03:55-log: run build task 查询 Asset Bundle success in 1 ms√, progress: 10%
2025-7-18 10:03:55-debug: [Build Memory track]: 查询 Asset Bundle start:208.81MB, end 208.21MB, increase: -620.70KB
2025-7-18 10:03:55-debug: // ---- build task 查询 Asset Bundle ---- (1ms)
2025-7-18 10:03:55-debug: 整理部分构建选项内数据到 settings.json start, progress: 10%
2025-7-18 10:03:55-debug: // ---- build task 整理部分构建选项内数据到 settings.json ----
2025-7-18 10:03:55-debug: // ---- build task 整理部分构建选项内数据到 settings.json ---- (1ms)
2025-7-18 10:03:55-debug: [Build Memory track]: 整理部分构建选项内数据到 settings.json start:208.23MB, end 208.25MB, increase: 22.26KB
2025-7-18 10:03:55-debug: 填充脚本数据到 settings.json start, progress: 12%
2025-7-18 10:03:55-debug: // ---- build task 填充脚本数据到 settings.json ----
2025-7-18 10:03:55-log: run build task 整理部分构建选项内数据到 settings.json success in 1 ms√, progress: 12%
2025-7-18 10:03:55-log: run build task 填充脚本数据到 settings.json success in √, progress: 13%
2025-7-18 10:03:55-debug: 整理部分构建选项内数据到 settings.json start, progress: 13%
2025-7-18 10:03:55-debug: [Build Memory track]: 填充脚本数据到 settings.json start:208.28MB, end 208.29MB, increase: 16.57KB
2025-7-18 10:03:55-debug: // ---- build task 整理部分构建选项内数据到 settings.json ----
2025-7-18 10:03:55-debug: // ---- build task 整理部分构建选项内数据到 settings.json ---- (2ms)
2025-7-18 10:03:55-log: run build task 整理部分构建选项内数据到 settings.json success in 2 ms√, progress: 15%
2025-7-18 10:03:55-debug: [Build Memory track]: 整理部分构建选项内数据到 settings.json start:208.32MB, end 208.44MB, increase: 123.29KB
2025-7-18 10:05:14-debug: refresh db internal success
2025-7-18 10:05:14-debug: %cImport%c: /Users/zhao/Desktop/test/cocos-creator/PlaneFight/assets/Scripts/Ememy.tsbackground: #aaff85; color: #000;color: #000;
2025-7-18 10:05:14-debug: refresh db assets success
2025-7-18 10:05:14-debug: Run asset db hook engine-extends:afterRefresh ...
2025-7-18 10:05:14-debug: Run asset db hook engine-extends:afterRefresh success!
2025-7-18 10:05:14-debug: asset-db:refresh-all-database (49ms)
2025-7-18 10:05:14-debug: asset-db:worker-effect-data-processing (1ms)
2025-7-18 10:05:14-debug: asset-db-hook-engine-extends-afterRefresh (1ms)
2025-7-18 10:05:15-debug: Query all assets info in project
2025-7-18 10:05:15-debug: Skip compress image, progress: 0%
2025-7-18 10:05:15-debug: init custom config: keepNodeUuid: false, useCache: true
2025-7-18 10:05:15-debug: Init all bundles start..., progress: 0%
2025-7-18 10:05:15-debug: Num of bundles: 2..., progress: 0%
2025-7-18 10:05:15-debug: 查询 Asset Bundle start, progress: 0%
2025-7-18 10:05:15-debug: // ---- build task 查询 Asset Bundle ----
2025-7-18 10:05:15-debug: Init bundle root assets start..., progress: 0%
2025-7-18 10:05:15-debug: Query preload assets/scripts from cc.config.json: 60f7195c-ec2a-45eb-ba94-8955f60e81d0,1c02ae6f-4492-4915-b8f8-7492a3b1e4cd,810e96e4-e456-4468-9b59-f4e8f39732c0,efe8e2a3-eace-427b-b4f1-cb8a937ec77d,e9aa9a3e-5b2b-4ac7-a2c7-073de2b2b24f,8bbdbcdd-5cd4-4100-b6d5-b7c9625b6107,50f4348b-c883-4e2f-8f11-ce233b859fa1,fda095cb-831d-4601-ad94-846013963de8,f92806d7-1768-443f-afe8-12bcde84d0f0,dd3a144d-ab7f-41f0-82b8-2e43a090d496,f0416e68-0200-4b77-a926-4f9d16e494da,970b0598-bcb0-4714-91fb-2e81440dccd8,bcd64cc6-2dd9-43f6-abbe-66318d332032,d930590d-bb92-4cc8-8bd1-23cd027f9edf,a3cd009f-0ab0-420d-9278-b9fdab939bbc,6a2d0734-bd9e-4ddf-946e-caa52498cb75,c27215d8-6835-4b68-bfbb-bdeac6100c04,b5d6115f-0370-4d7c-aad3-c194cc71cf98,871c3b6c-7379-419d-bda3-794b239ab90d,ff9b0199-ce04-4cfe-86cc-6c719f08d6e4,de1c2107-70c8-4021-8459-6399f24d01c6,cbf30902-517f-40dc-af90-a550bac27cf1
2025-7-18 10:05:15-debug: Init bundle root assets success..., progress: 0%
2025-7-18 10:05:15-debug:   Number of other assets: 498
2025-7-18 10:05:15-debug:   Number of all scripts: 9
2025-7-18 10:05:15-debug:   Number of all scenes: 1
2025-7-18 10:05:15-debug: // ---- build task 查询 Asset Bundle ---- (4ms)
2025-7-18 10:05:15-log: run build task 查询 Asset Bundle success in 4 ms√, progress: 5%
2025-7-18 10:05:15-debug: [Build Memory track]: 查询 Asset Bundle start:209.79MB, end 209.61MB, increase: -191.42KB
2025-7-18 10:05:15-debug: 查询 Asset Bundle start, progress: 5%
2025-7-18 10:05:15-debug: // ---- build task 查询 Asset Bundle ----
2025-7-18 10:05:15-debug: // ---- build task 查询 Asset Bundle ---- (1ms)
2025-7-18 10:05:15-log: run build task 查询 Asset Bundle success in 1 ms√, progress: 10%
2025-7-18 10:05:15-debug: [Build Memory track]: 查询 Asset Bundle start:209.63MB, end 209.73MB, increase: 104.84KB
2025-7-18 10:05:15-debug: 整理部分构建选项内数据到 settings.json start, progress: 10%
2025-7-18 10:05:15-debug: // ---- build task 整理部分构建选项内数据到 settings.json ----
2025-7-18 10:05:15-debug: // ---- build task 整理部分构建选项内数据到 settings.json ---- (1ms)
2025-7-18 10:05:15-log: run build task 整理部分构建选项内数据到 settings.json success in 1 ms√, progress: 12%
2025-7-18 10:05:15-debug: [Build Memory track]: 整理部分构建选项内数据到 settings.json start:209.76MB, end 209.78MB, increase: 24.24KB
2025-7-18 10:05:15-debug: 填充脚本数据到 settings.json start, progress: 12%
2025-7-18 10:05:15-debug: // ---- build task 填充脚本数据到 settings.json ----
2025-7-18 10:05:15-debug: // ---- build task 填充脚本数据到 settings.json ---- (1ms)
2025-7-18 10:05:15-debug: // ---- build task 整理部分构建选项内数据到 settings.json ----
2025-7-18 10:05:15-debug: [Build Memory track]: 填充脚本数据到 settings.json start:209.81MB, end 209.83MB, increase: 23.60KB
2025-7-18 10:05:15-debug: 整理部分构建选项内数据到 settings.json start, progress: 13%
2025-7-18 10:05:15-log: run build task 填充脚本数据到 settings.json success in 1 ms√, progress: 13%
2025-7-18 10:05:15-log: run build task 整理部分构建选项内数据到 settings.json success in 3 ms√, progress: 15%
2025-7-18 10:05:15-debug: [Build Memory track]: 整理部分构建选项内数据到 settings.json start:209.85MB, end 209.25MB, increase: -623.65KB
2025-7-18 10:05:15-debug: // ---- build task 整理部分构建选项内数据到 settings.json ---- (3ms)
2025-7-18 10:06:44-debug: refresh db internal success
2025-7-18 10:06:44-debug: %cImport%c: /Users/zhao/Desktop/test/cocos-creator/PlaneFight/assets/Scripts/Ememy.tsbackground: #aaff85; color: #000;color: #000;
2025-7-18 10:06:44-debug: refresh db assets success
2025-7-18 10:06:44-debug: Run asset db hook engine-extends:afterRefresh ...
2025-7-18 10:06:44-debug: Run asset db hook engine-extends:afterRefresh success!
2025-7-18 10:06:44-debug: asset-db:refresh-all-database (43ms)
2025-7-18 10:06:44-debug: asset-db:worker-effect-data-processing (1ms)
2025-7-18 10:06:44-debug: asset-db-hook-engine-extends-afterRefresh (1ms)
2025-7-18 10:06:44-debug: Query all assets info in project
2025-7-18 10:06:44-debug: init custom config: keepNodeUuid: false, useCache: true
2025-7-18 10:06:44-debug: Skip compress image, progress: 0%
2025-7-18 10:06:44-debug: Init all bundles start..., progress: 0%
2025-7-18 10:06:44-debug: Num of bundles: 2..., progress: 0%
2025-7-18 10:06:44-debug: 查询 Asset Bundle start, progress: 0%
2025-7-18 10:06:44-debug: // ---- build task 查询 Asset Bundle ----
2025-7-18 10:06:44-debug: Init bundle root assets start..., progress: 0%
2025-7-18 10:06:44-debug: Query preload assets/scripts from cc.config.json: 60f7195c-ec2a-45eb-ba94-8955f60e81d0,1c02ae6f-4492-4915-b8f8-7492a3b1e4cd,810e96e4-e456-4468-9b59-f4e8f39732c0,efe8e2a3-eace-427b-b4f1-cb8a937ec77d,e9aa9a3e-5b2b-4ac7-a2c7-073de2b2b24f,8bbdbcdd-5cd4-4100-b6d5-b7c9625b6107,50f4348b-c883-4e2f-8f11-ce233b859fa1,fda095cb-831d-4601-ad94-846013963de8,f92806d7-1768-443f-afe8-12bcde84d0f0,dd3a144d-ab7f-41f0-82b8-2e43a090d496,f0416e68-0200-4b77-a926-4f9d16e494da,970b0598-bcb0-4714-91fb-2e81440dccd8,bcd64cc6-2dd9-43f6-abbe-66318d332032,d930590d-bb92-4cc8-8bd1-23cd027f9edf,a3cd009f-0ab0-420d-9278-b9fdab939bbc,6a2d0734-bd9e-4ddf-946e-caa52498cb75,c27215d8-6835-4b68-bfbb-bdeac6100c04,b5d6115f-0370-4d7c-aad3-c194cc71cf98,871c3b6c-7379-419d-bda3-794b239ab90d,ff9b0199-ce04-4cfe-86cc-6c719f08d6e4,de1c2107-70c8-4021-8459-6399f24d01c6,cbf30902-517f-40dc-af90-a550bac27cf1
2025-7-18 10:06:44-debug:   Number of all scenes: 1
2025-7-18 10:06:44-debug:   Number of all scripts: 9
2025-7-18 10:06:44-debug: Init bundle root assets success..., progress: 0%
2025-7-18 10:06:44-debug:   Number of other assets: 498
2025-7-18 10:06:44-debug: // ---- build task 查询 Asset Bundle ---- (5ms)
2025-7-18 10:06:44-log: run build task 查询 Asset Bundle success in 5 ms√, progress: 5%
2025-7-18 10:06:44-debug: [Build Memory track]: 查询 Asset Bundle start:210.97MB, end 210.77MB, increase: -204.34KB
2025-7-18 10:06:44-debug: 查询 Asset Bundle start, progress: 5%
2025-7-18 10:06:44-debug: // ---- build task 查询 Asset Bundle ----
2025-7-18 10:06:44-debug: // ---- build task 查询 Asset Bundle ---- (2ms)
2025-7-18 10:06:44-log: run build task 查询 Asset Bundle success in 2 ms√, progress: 10%
2025-7-18 10:06:44-debug: 整理部分构建选项内数据到 settings.json start, progress: 10%
2025-7-18 10:06:44-log: run build task 整理部分构建选项内数据到 settings.json success in √, progress: 12%
2025-7-18 10:06:44-debug: // ---- build task 填充脚本数据到 settings.json ----
2025-7-18 10:06:44-debug: [Build Memory track]: 查询 Asset Bundle start:210.79MB, end 210.90MB, increase: 106.44KB
2025-7-18 10:06:44-debug: 填充脚本数据到 settings.json start, progress: 12%
2025-7-18 10:06:44-debug: [Build Memory track]: 整理部分构建选项内数据到 settings.json start:210.92MB, end 210.93MB, increase: 13.41KB
2025-7-18 10:06:44-debug: // ---- build task 整理部分构建选项内数据到 settings.json ----
2025-7-18 10:06:44-log: run build task 填充脚本数据到 settings.json success in √, progress: 13%
2025-7-18 10:06:44-debug: // ---- build task 整理部分构建选项内数据到 settings.json ----
2025-7-18 10:06:44-debug: [Build Memory track]: 填充脚本数据到 settings.json start:210.96MB, end 210.97MB, increase: 14.52KB
2025-7-18 10:06:44-debug: 整理部分构建选项内数据到 settings.json start, progress: 13%
2025-7-18 10:06:44-debug: // ---- build task 整理部分构建选项内数据到 settings.json ---- (3ms)
2025-7-18 10:06:44-log: run build task 整理部分构建选项内数据到 settings.json success in 3 ms√, progress: 15%
2025-7-18 10:06:44-debug: [Build Memory track]: 整理部分构建选项内数据到 settings.json start:211.00MB, end 211.13MB, increase: 136.82KB
2025-7-18 10:06:49-debug: start refresh asset from /Users/zhao/Desktop/test/cocos-creator/PlaneFight/assets/Prefabs/enemy1.prefab...
2025-7-18 10:06:49-debug: %cImport%c: /Users/zhao/Desktop/test/cocos-creator/PlaneFight/assets/Prefabs/enemy1.prefabbackground: #aaff85; color: #000;color: #000;
2025-7-18 10:06:49-debug: refresh asset /Users/zhao/Desktop/test/cocos-creator/PlaneFight/assets/Prefabs success
2025-7-18 10:06:51-debug: start refresh asset from /Users/zhao/Desktop/test/cocos-creator/PlaneFight/assets/Prefabs/enemy0.prefab...
2025-7-18 10:06:51-debug: %cImport%c: /Users/zhao/Desktop/test/cocos-creator/PlaneFight/assets/Prefabs/enemy0.prefabbackground: #aaff85; color: #000;color: #000;
2025-7-18 10:06:51-debug: refresh asset /Users/zhao/Desktop/test/cocos-creator/PlaneFight/assets/Prefabs success
2025-7-18 10:07:00-debug: refresh db internal success
2025-7-18 10:07:00-debug: refresh db assets success
2025-7-18 10:07:00-debug: Run asset db hook engine-extends:afterRefresh success!
2025-7-18 10:07:00-debug: Run asset db hook engine-extends:afterRefresh ...
2025-7-18 10:07:00-debug: asset-db:refresh-all-database (30ms)
2025-7-18 10:07:00-debug: asset-db:worker-effect-data-processing (1ms)
2025-7-18 10:07:00-debug: asset-db-hook-engine-extends-afterRefresh (1ms)
2025-7-18 10:07:01-warn: 为更好地打开脚本，请在 {preferences} -> {program} -> {scriptEditor} 里配置打开脚本的应用程序
2025-7-18 10:07:33-debug: refresh db internal success
2025-7-18 10:07:33-debug: %cImport%c: /Users/zhao/Desktop/test/cocos-creator/PlaneFight/assets/Scripts/GameManager.tsbackground: #aaff85; color: #000;color: #000;
2025-7-18 10:07:33-debug: refresh db assets success
2025-7-18 10:07:33-debug: Run asset db hook engine-extends:afterRefresh ...
2025-7-18 10:07:33-debug: Run asset db hook engine-extends:afterRefresh success!
2025-7-18 10:07:33-debug: asset-db:refresh-all-database (32ms)
2025-7-18 10:07:33-debug: asset-db-hook-engine-extends-afterRefresh (1ms)
2025-7-18 10:07:34-debug: Query all assets info in project
2025-7-18 10:07:34-debug: init custom config: keepNodeUuid: false, useCache: true
2025-7-18 10:07:34-debug: Skip compress image, progress: 0%
2025-7-18 10:07:34-debug: Init all bundles start..., progress: 0%
2025-7-18 10:07:34-debug: // ---- build task 查询 Asset Bundle ----
2025-7-18 10:07:34-debug: Num of bundles: 2..., progress: 0%
2025-7-18 10:07:34-debug: 查询 Asset Bundle start, progress: 0%
2025-7-18 10:07:34-debug: Init bundle root assets start..., progress: 0%
2025-7-18 10:07:34-debug: Query preload assets/scripts from cc.config.json: 60f7195c-ec2a-45eb-ba94-8955f60e81d0,1c02ae6f-4492-4915-b8f8-7492a3b1e4cd,810e96e4-e456-4468-9b59-f4e8f39732c0,efe8e2a3-eace-427b-b4f1-cb8a937ec77d,e9aa9a3e-5b2b-4ac7-a2c7-073de2b2b24f,8bbdbcdd-5cd4-4100-b6d5-b7c9625b6107,50f4348b-c883-4e2f-8f11-ce233b859fa1,fda095cb-831d-4601-ad94-846013963de8,f92806d7-1768-443f-afe8-12bcde84d0f0,dd3a144d-ab7f-41f0-82b8-2e43a090d496,f0416e68-0200-4b77-a926-4f9d16e494da,970b0598-bcb0-4714-91fb-2e81440dccd8,bcd64cc6-2dd9-43f6-abbe-66318d332032,d930590d-bb92-4cc8-8bd1-23cd027f9edf,a3cd009f-0ab0-420d-9278-b9fdab939bbc,6a2d0734-bd9e-4ddf-946e-caa52498cb75,c27215d8-6835-4b68-bfbb-bdeac6100c04,b5d6115f-0370-4d7c-aad3-c194cc71cf98,871c3b6c-7379-419d-bda3-794b239ab90d,ff9b0199-ce04-4cfe-86cc-6c719f08d6e4,de1c2107-70c8-4021-8459-6399f24d01c6,cbf30902-517f-40dc-af90-a550bac27cf1
2025-7-18 10:07:34-debug: Init bundle root assets success..., progress: 0%
2025-7-18 10:07:34-debug:   Number of other assets: 498
2025-7-18 10:07:34-debug:   Number of all scripts: 9
2025-7-18 10:07:34-debug:   Number of all scenes: 1
2025-7-18 10:07:34-debug: // ---- build task 查询 Asset Bundle ---- (5ms)
2025-7-18 10:07:34-debug: // ---- build task 查询 Asset Bundle ----
2025-7-18 10:07:34-log: run build task 查询 Asset Bundle success in 5 ms√, progress: 5%
2025-7-18 10:07:34-debug: 查询 Asset Bundle start, progress: 5%
2025-7-18 10:07:34-debug: [Build Memory track]: 查询 Asset Bundle start:212.79MB, end 212.56MB, increase: -234.18KB
2025-7-18 10:07:34-debug: // ---- build task 查询 Asset Bundle ---- (2ms)
2025-7-18 10:07:34-debug: // ---- build task 整理部分构建选项内数据到 settings.json ----
2025-7-18 10:07:34-debug: [Build Memory track]: 查询 Asset Bundle start:212.58MB, end 212.70MB, increase: 117.79KB
2025-7-18 10:07:34-debug: 整理部分构建选项内数据到 settings.json start, progress: 10%
2025-7-18 10:07:34-log: run build task 整理部分构建选项内数据到 settings.json success in 1 ms√, progress: 12%
2025-7-18 10:07:34-debug: 填充脚本数据到 settings.json start, progress: 12%
2025-7-18 10:07:34-log: run build task 查询 Asset Bundle success in 2 ms√, progress: 10%
2025-7-18 10:07:34-debug: // ---- build task 填充脚本数据到 settings.json ----
2025-7-18 10:07:34-debug: [Build Memory track]: 整理部分构建选项内数据到 settings.json start:212.72MB, end 212.75MB, increase: 22.04KB
2025-7-18 10:07:34-debug: // ---- build task 整理部分构建选项内数据到 settings.json ---- (1ms)
2025-7-18 10:07:34-debug: // ---- build task 填充脚本数据到 settings.json ---- (1ms)
2025-7-18 10:07:34-log: run build task 填充脚本数据到 settings.json success in 1 ms√, progress: 13%
2025-7-18 10:07:34-debug: 整理部分构建选项内数据到 settings.json start, progress: 13%
2025-7-18 10:07:34-debug: [Build Memory track]: 填充脚本数据到 settings.json start:212.77MB, end 212.80MB, increase: 30.70KB
2025-7-18 10:07:34-debug: // ---- build task 整理部分构建选项内数据到 settings.json ----
2025-7-18 10:07:34-debug: // ---- build task 整理部分构建选项内数据到 settings.json ---- (3ms)
2025-7-18 10:07:34-debug: [Build Memory track]: 整理部分构建选项内数据到 settings.json start:212.82MB, end 212.95MB, increase: 130.10KB
2025-7-18 10:07:34-log: run build task 整理部分构建选项内数据到 settings.json success in 3 ms√, progress: 15%
2025-7-18 10:07:56-debug: %cImport%c: /Users/zhao/Desktop/test/cocos-creator/PlaneFight/assets/Scenes/Start.scenebackground: #aaff85; color: #000;color: #000;
2025-7-18 10:07:56-debug: asset-db:reimport-asset2fda4d65-a1e9-4078-8250-de49b04cdc34 (9ms)
2025-7-18 10:07:57-debug: Query all assets info in project
2025-7-18 10:07:57-debug: init custom config: keepNodeUuid: false, useCache: true
2025-7-18 10:07:57-debug: Skip compress image, progress: 0%
2025-7-18 10:07:57-debug: Init all bundles start..., progress: 0%
2025-7-18 10:07:57-debug: Num of bundles: 2..., progress: 0%
2025-7-18 10:07:57-debug: 查询 Asset Bundle start, progress: 0%
2025-7-18 10:07:57-debug: Init bundle root assets start..., progress: 0%
2025-7-18 10:07:57-debug: // ---- build task 查询 Asset Bundle ----
2025-7-18 10:07:57-debug: Query preload assets/scripts from cc.config.json: 60f7195c-ec2a-45eb-ba94-8955f60e81d0,1c02ae6f-4492-4915-b8f8-7492a3b1e4cd,810e96e4-e456-4468-9b59-f4e8f39732c0,efe8e2a3-eace-427b-b4f1-cb8a937ec77d,e9aa9a3e-5b2b-4ac7-a2c7-073de2b2b24f,8bbdbcdd-5cd4-4100-b6d5-b7c9625b6107,50f4348b-c883-4e2f-8f11-ce233b859fa1,fda095cb-831d-4601-ad94-846013963de8,f92806d7-1768-443f-afe8-12bcde84d0f0,dd3a144d-ab7f-41f0-82b8-2e43a090d496,f0416e68-0200-4b77-a926-4f9d16e494da,970b0598-bcb0-4714-91fb-2e81440dccd8,bcd64cc6-2dd9-43f6-abbe-66318d332032,d930590d-bb92-4cc8-8bd1-23cd027f9edf,a3cd009f-0ab0-420d-9278-b9fdab939bbc,6a2d0734-bd9e-4ddf-946e-caa52498cb75,c27215d8-6835-4b68-bfbb-bdeac6100c04,b5d6115f-0370-4d7c-aad3-c194cc71cf98,871c3b6c-7379-419d-bda3-794b239ab90d,ff9b0199-ce04-4cfe-86cc-6c719f08d6e4,de1c2107-70c8-4021-8459-6399f24d01c6,cbf30902-517f-40dc-af90-a550bac27cf1
2025-7-18 10:07:57-debug:   Number of all scenes: 1
2025-7-18 10:07:57-debug: Init bundle root assets success..., progress: 0%
2025-7-18 10:07:57-debug:   Number of all scripts: 9
2025-7-18 10:07:57-debug:   Number of other assets: 498
2025-7-18 10:07:57-debug: // ---- build task 查询 Asset Bundle ---- (4ms)
2025-7-18 10:07:57-debug: // ---- build task 查询 Asset Bundle ----
2025-7-18 10:07:57-debug: [Build Memory track]: 查询 Asset Bundle start:213.02MB, end 212.76MB, increase: -266.19KB
2025-7-18 10:07:57-debug: 查询 Asset Bundle start, progress: 5%
2025-7-18 10:07:57-log: run build task 查询 Asset Bundle success in 4 ms√, progress: 5%
2025-7-18 10:07:57-debug: // ---- build task 查询 Asset Bundle ---- (1ms)
2025-7-18 10:07:57-log: run build task 查询 Asset Bundle success in 1 ms√, progress: 10%
2025-7-18 10:07:57-debug: [Build Memory track]: 查询 Asset Bundle start:212.78MB, end 212.89MB, increase: 106.04KB
2025-7-18 10:07:57-debug: // ---- build task 整理部分构建选项内数据到 settings.json ----
2025-7-18 10:07:57-debug: 整理部分构建选项内数据到 settings.json start, progress: 10%
2025-7-18 10:07:57-log: run build task 整理部分构建选项内数据到 settings.json success in √, progress: 12%
2025-7-18 10:07:57-debug: [Build Memory track]: 整理部分构建选项内数据到 settings.json start:212.91MB, end 212.93MB, increase: 16.19KB
2025-7-18 10:07:57-debug: 填充脚本数据到 settings.json start, progress: 12%
2025-7-18 10:07:57-debug: // ---- build task 填充脚本数据到 settings.json ----
2025-7-18 10:07:57-debug: // ---- build task 填充脚本数据到 settings.json ---- (1ms)
2025-7-18 10:07:57-debug: // ---- build task 整理部分构建选项内数据到 settings.json ----
2025-7-18 10:07:57-debug: [Build Memory track]: 填充脚本数据到 settings.json start:212.95MB, end 212.97MB, increase: 22.93KB
2025-7-18 10:07:57-debug: 整理部分构建选项内数据到 settings.json start, progress: 13%
2025-7-18 10:07:57-log: run build task 填充脚本数据到 settings.json success in 1 ms√, progress: 13%
2025-7-18 10:07:57-debug: // ---- build task 整理部分构建选项内数据到 settings.json ---- (3ms)
2025-7-18 10:07:57-log: run build task 整理部分构建选项内数据到 settings.json success in 3 ms√, progress: 15%
2025-7-18 10:07:57-debug: [Build Memory track]: 整理部分构建选项内数据到 settings.json start:213.00MB, end 213.13MB, increase: 134.38KB
2025-7-18 10:08:06-debug: refresh db internal success
2025-7-18 10:08:06-debug: refresh db assets success
2025-7-18 10:08:06-debug: Run asset db hook engine-extends:afterRefresh ...
2025-7-18 10:08:06-debug: Run asset db hook engine-extends:afterRefresh success!
2025-7-18 10:08:06-debug: asset-db:refresh-all-database (31ms)
2025-7-18 10:08:06-debug: asset-db:worker-effect-data-processing (1ms)
2025-7-18 10:08:06-debug: asset-db-hook-engine-extends-afterRefresh (1ms)
2025-7-18 10:08:19-debug: refresh db internal success
2025-7-18 10:08:19-debug: refresh db assets success
2025-7-18 10:08:19-debug: Run asset db hook engine-extends:afterRefresh success!
2025-7-18 10:08:19-debug: Run asset db hook engine-extends:afterRefresh ...
2025-7-18 10:08:19-debug: asset-db:refresh-all-database (20ms)
2025-7-18 10:09:59-debug: refresh db internal success
2025-7-18 10:09:59-debug: refresh db assets success
2025-7-18 10:09:59-debug: Run asset db hook engine-extends:afterRefresh ...
2025-7-18 10:09:59-debug: Run asset db hook engine-extends:afterRefresh success!
2025-7-18 10:09:59-debug: asset-db:refresh-all-database (29ms)
2025-7-18 10:15:59-debug: refresh db internal success
2025-7-18 10:15:59-debug: %cImport%c: /Users/zhao/Desktop/test/cocos-creator/PlaneFight/assets/Scripts/Ememy.tsbackground: #aaff85; color: #000;color: #000;
2025-7-18 10:15:59-debug: %cImport%c: /Users/zhao/Desktop/test/cocos-creator/PlaneFight/assets/Scripts/GameManager.tsbackground: #aaff85; color: #000;color: #000;
2025-7-18 10:15:59-debug: refresh db assets success
2025-7-18 10:15:59-debug: Run asset db hook engine-extends:afterRefresh ...
2025-7-18 10:15:59-debug: Run asset db hook engine-extends:afterRefresh success!
2025-7-18 10:15:59-debug: asset-db:refresh-all-database (40ms)
2025-7-18 10:15:59-debug: asset-db:worker-effect-data-processing (1ms)
2025-7-18 10:15:59-debug: asset-db-hook-engine-extends-afterRefresh (1ms)
2025-7-18 10:16:00-debug: %cImport%c: /Users/zhao/Desktop/test/cocos-creator/PlaneFight/assets/Scenes/Start.scenebackground: #aaff85; color: #000;color: #000;
2025-7-18 10:16:00-debug: asset-db:reimport-asset2fda4d65-a1e9-4078-8250-de49b04cdc34 (7ms)
2025-7-18 10:16:01-debug: %cImport%c: /Users/zhao/Desktop/test/cocos-creator/PlaneFight/assets/Scenes/Start.scenebackground: #aaff85; color: #000;color: #000;
2025-7-18 10:16:01-debug: asset-db:reimport-asset2fda4d65-a1e9-4078-8250-de49b04cdc34 (5ms)
2025-7-18 10:16:02-debug: Query all assets info in project
2025-7-18 10:16:02-debug: init custom config: keepNodeUuid: false, useCache: true
2025-7-18 10:16:02-debug: Skip compress image, progress: 0%
2025-7-18 10:16:02-debug: Init all bundles start..., progress: 0%
2025-7-18 10:16:02-debug: Num of bundles: 2..., progress: 0%
2025-7-18 10:16:02-debug: 查询 Asset Bundle start, progress: 0%
2025-7-18 10:16:02-debug: // ---- build task 查询 Asset Bundle ----
2025-7-18 10:16:02-debug: Init bundle root assets start..., progress: 0%
2025-7-18 10:16:02-debug: Query preload assets/scripts from cc.config.json: 60f7195c-ec2a-45eb-ba94-8955f60e81d0,1c02ae6f-4492-4915-b8f8-7492a3b1e4cd,810e96e4-e456-4468-9b59-f4e8f39732c0,efe8e2a3-eace-427b-b4f1-cb8a937ec77d,e9aa9a3e-5b2b-4ac7-a2c7-073de2b2b24f,8bbdbcdd-5cd4-4100-b6d5-b7c9625b6107,50f4348b-c883-4e2f-8f11-ce233b859fa1,fda095cb-831d-4601-ad94-846013963de8,f92806d7-1768-443f-afe8-12bcde84d0f0,dd3a144d-ab7f-41f0-82b8-2e43a090d496,f0416e68-0200-4b77-a926-4f9d16e494da,970b0598-bcb0-4714-91fb-2e81440dccd8,bcd64cc6-2dd9-43f6-abbe-66318d332032,d930590d-bb92-4cc8-8bd1-23cd027f9edf,a3cd009f-0ab0-420d-9278-b9fdab939bbc,6a2d0734-bd9e-4ddf-946e-caa52498cb75,c27215d8-6835-4b68-bfbb-bdeac6100c04,b5d6115f-0370-4d7c-aad3-c194cc71cf98,871c3b6c-7379-419d-bda3-794b239ab90d,ff9b0199-ce04-4cfe-86cc-6c719f08d6e4,de1c2107-70c8-4021-8459-6399f24d01c6,cbf30902-517f-40dc-af90-a550bac27cf1
2025-7-18 10:16:02-debug:   Number of all scenes: 1
2025-7-18 10:16:02-debug: Init bundle root assets success..., progress: 0%
2025-7-18 10:16:02-debug:   Number of all scripts: 9
2025-7-18 10:16:02-debug:   Number of other assets: 498
2025-7-18 10:16:02-debug: // ---- build task 查询 Asset Bundle ---- (1ms)
2025-7-18 10:16:02-log: run build task 查询 Asset Bundle success in 1 ms√, progress: 5%
2025-7-18 10:16:02-debug: 查询 Asset Bundle start, progress: 5%
2025-7-18 10:16:02-debug: [Build Memory track]: 查询 Asset Bundle start:214.50MB, end 214.25MB, increase: -250.77KB
2025-7-18 10:16:02-debug: // ---- build task 查询 Asset Bundle ----
2025-7-18 10:16:02-log: run build task 查询 Asset Bundle success in 1 ms√, progress: 10%
2025-7-18 10:16:02-debug: // ---- build task 整理部分构建选项内数据到 settings.json ----
2025-7-18 10:16:02-debug: // ---- build task 查询 Asset Bundle ---- (1ms)
2025-7-18 10:16:02-debug: 整理部分构建选项内数据到 settings.json start, progress: 10%
2025-7-18 10:16:02-debug: [Build Memory track]: 查询 Asset Bundle start:214.30MB, end 214.40MB, increase: 109.42KB
2025-7-18 10:16:02-log: run build task 整理部分构建选项内数据到 settings.json success in √, progress: 12%
2025-7-18 10:16:02-debug: [Build Memory track]: 整理部分构建选项内数据到 settings.json start:214.43MB, end 214.44MB, increase: 15.73KB
2025-7-18 10:16:02-debug: // ---- build task 填充脚本数据到 settings.json ----
2025-7-18 10:16:02-debug: 填充脚本数据到 settings.json start, progress: 12%
2025-7-18 10:16:02-log: run build task 填充脚本数据到 settings.json success in √, progress: 13%
2025-7-18 10:16:02-debug: [Build Memory track]: 填充脚本数据到 settings.json start:214.47MB, end 214.48MB, increase: 14.99KB
2025-7-18 10:16:02-debug: 整理部分构建选项内数据到 settings.json start, progress: 13%
2025-7-18 10:16:02-debug: // ---- build task 整理部分构建选项内数据到 settings.json ----
2025-7-18 10:16:02-debug: // ---- build task 整理部分构建选项内数据到 settings.json ---- (4ms)
2025-7-18 10:16:02-log: run build task 整理部分构建选项内数据到 settings.json success in 4 ms√, progress: 15%
2025-7-18 10:16:02-debug: [Build Memory track]: 整理部分构建选项内数据到 settings.json start:214.51MB, end 214.63MB, increase: 122.25KB
2025-7-18 10:16:36-debug: refresh db internal success
2025-7-18 10:16:36-debug: %cImport%c: /Users/zhao/Desktop/test/cocos-creator/PlaneFight/assets/Scripts/Ememy.tsbackground: #aaff85; color: #000;color: #000;
2025-7-18 10:16:36-debug: %cImport%c: /Users/zhao/Desktop/test/cocos-creator/PlaneFight/assets/Scripts/GameManager.tsbackground: #aaff85; color: #000;color: #000;
2025-7-18 10:16:36-debug: Run asset db hook engine-extends:afterRefresh ...
2025-7-18 10:16:36-debug: refresh db assets success
2025-7-18 10:16:36-debug: Run asset db hook engine-extends:afterRefresh success!
2025-7-18 10:16:36-debug: asset-db:refresh-all-database (38ms)
2025-7-18 10:16:36-debug: asset-db:worker-effect-data-processing (1ms)
2025-7-18 10:16:36-debug: asset-db-hook-engine-extends-afterRefresh (1ms)
2025-7-18 10:16:41-debug: Query all assets info in project
2025-7-18 10:16:41-debug: init custom config: keepNodeUuid: false, useCache: true
2025-7-18 10:16:41-debug: Skip compress image, progress: 0%
2025-7-18 10:16:41-debug: Init all bundles start..., progress: 0%
2025-7-18 10:16:41-debug: Num of bundles: 2..., progress: 0%
2025-7-18 10:16:41-debug: 查询 Asset Bundle start, progress: 0%
2025-7-18 10:16:41-debug: // ---- build task 查询 Asset Bundle ----
2025-7-18 10:16:41-debug: Init bundle root assets start..., progress: 0%
2025-7-18 10:16:41-debug: Query preload assets/scripts from cc.config.json: 60f7195c-ec2a-45eb-ba94-8955f60e81d0,1c02ae6f-4492-4915-b8f8-7492a3b1e4cd,810e96e4-e456-4468-9b59-f4e8f39732c0,efe8e2a3-eace-427b-b4f1-cb8a937ec77d,e9aa9a3e-5b2b-4ac7-a2c7-073de2b2b24f,8bbdbcdd-5cd4-4100-b6d5-b7c9625b6107,50f4348b-c883-4e2f-8f11-ce233b859fa1,fda095cb-831d-4601-ad94-846013963de8,f92806d7-1768-443f-afe8-12bcde84d0f0,dd3a144d-ab7f-41f0-82b8-2e43a090d496,f0416e68-0200-4b77-a926-4f9d16e494da,970b0598-bcb0-4714-91fb-2e81440dccd8,bcd64cc6-2dd9-43f6-abbe-66318d332032,d930590d-bb92-4cc8-8bd1-23cd027f9edf,a3cd009f-0ab0-420d-9278-b9fdab939bbc,6a2d0734-bd9e-4ddf-946e-caa52498cb75,c27215d8-6835-4b68-bfbb-bdeac6100c04,b5d6115f-0370-4d7c-aad3-c194cc71cf98,871c3b6c-7379-419d-bda3-794b239ab90d,ff9b0199-ce04-4cfe-86cc-6c719f08d6e4,de1c2107-70c8-4021-8459-6399f24d01c6,cbf30902-517f-40dc-af90-a550bac27cf1
2025-7-18 10:16:41-debug:   Number of other assets: 498
2025-7-18 10:16:41-debug:   Number of all scripts: 9
2025-7-18 10:16:41-debug: Init bundle root assets success..., progress: 0%
2025-7-18 10:16:41-debug: // ---- build task 查询 Asset Bundle ---- (2ms)
2025-7-18 10:16:41-debug: 查询 Asset Bundle start, progress: 5%
2025-7-18 10:16:41-debug: // ---- build task 查询 Asset Bundle ----
2025-7-18 10:16:41-debug: [Build Memory track]: 查询 Asset Bundle start:197.24MB, end 197.92MB, increase: 692.11KB
2025-7-18 10:16:41-log: run build task 查询 Asset Bundle success in 2 ms√, progress: 5%
2025-7-18 10:16:41-debug:   Number of all scenes: 1
2025-7-18 10:16:41-log: run build task 查询 Asset Bundle success in 2 ms√, progress: 10%
2025-7-18 10:16:41-debug: [Build Memory track]: 查询 Asset Bundle start:197.94MB, end 198.05MB, increase: 106.58KB
2025-7-18 10:16:41-debug: 整理部分构建选项内数据到 settings.json start, progress: 10%
2025-7-18 10:16:41-debug: // ---- build task 整理部分构建选项内数据到 settings.json ----
2025-7-18 10:16:41-debug: // ---- build task 查询 Asset Bundle ---- (2ms)
2025-7-18 10:16:41-log: run build task 整理部分构建选项内数据到 settings.json success in √, progress: 12%
2025-7-18 10:16:41-debug: 填充脚本数据到 settings.json start, progress: 12%
2025-7-18 10:16:41-debug: // ---- build task 填充脚本数据到 settings.json ----
2025-7-18 10:16:41-debug: [Build Memory track]: 整理部分构建选项内数据到 settings.json start:198.07MB, end 198.09MB, increase: 15.97KB
2025-7-18 10:16:41-debug: [Build Memory track]: 填充脚本数据到 settings.json start:198.11MB, end 198.13MB, increase: 12.63KB
2025-7-18 10:16:41-log: run build task 填充脚本数据到 settings.json success in √, progress: 13%
2025-7-18 10:16:41-debug: 整理部分构建选项内数据到 settings.json start, progress: 13%
2025-7-18 10:16:41-debug: // ---- build task 整理部分构建选项内数据到 settings.json ----
2025-7-18 10:16:41-debug: // ---- build task 整理部分构建选项内数据到 settings.json ---- (1ms)
2025-7-18 10:16:41-log: run build task 整理部分构建选项内数据到 settings.json success in 1 ms√, progress: 15%
2025-7-18 10:16:41-debug: [Build Memory track]: 整理部分构建选项内数据到 settings.json start:198.15MB, end 198.27MB, increase: 128.20KB
2025-7-18 10:21:45-debug: refresh db internal success
2025-7-18 10:21:45-debug: refresh db assets success
2025-7-18 10:21:45-debug: Run asset db hook engine-extends:afterRefresh ...
2025-7-18 10:21:46-debug: Run asset db hook engine-extends:afterRefresh success!
2025-7-18 10:21:46-debug: asset-db:refresh-all-database (47ms)
2025-7-18 10:21:46-debug: asset-db:worker-effect-data-processing (1ms)
2025-7-18 10:21:46-debug: asset-db-hook-engine-extends-afterRefresh (1ms)
2025-7-18 10:22:52-debug: refresh db internal success
2025-7-18 10:22:52-debug: %cImport%c: /Users/zhao/Desktop/test/cocos-creator/PlaneFight/assets/Scripts/Ememy.tsbackground: #aaff85; color: #000;color: #000;
2025-7-18 10:22:52-debug: refresh db assets success
2025-7-18 10:22:52-debug: Run asset db hook engine-extends:afterRefresh ...
2025-7-18 10:22:52-debug: Run asset db hook engine-extends:afterRefresh success!
2025-7-18 10:22:52-debug: asset-db:refresh-all-database (47ms)
2025-7-18 10:22:52-debug: asset-db-hook-engine-extends-afterRefresh (1ms)
2025-7-18 10:22:52-debug: asset-db:worker-effect-data-processing (1ms)
2025-7-18 10:22:54-debug: Query all assets info in project
2025-7-18 10:22:54-debug: init custom config: keepNodeUuid: false, useCache: true
2025-7-18 10:22:54-debug: Skip compress image, progress: 0%
2025-7-18 10:22:54-debug: Init all bundles start..., progress: 0%
2025-7-18 10:22:54-debug: Num of bundles: 2..., progress: 0%
2025-7-18 10:22:54-debug: Init bundle root assets start..., progress: 0%
2025-7-18 10:22:54-debug: // ---- build task 查询 Asset Bundle ----
2025-7-18 10:22:54-debug: 查询 Asset Bundle start, progress: 0%
2025-7-18 10:22:54-debug: Query preload assets/scripts from cc.config.json: 60f7195c-ec2a-45eb-ba94-8955f60e81d0,1c02ae6f-4492-4915-b8f8-7492a3b1e4cd,810e96e4-e456-4468-9b59-f4e8f39732c0,efe8e2a3-eace-427b-b4f1-cb8a937ec77d,e9aa9a3e-5b2b-4ac7-a2c7-073de2b2b24f,8bbdbcdd-5cd4-4100-b6d5-b7c9625b6107,50f4348b-c883-4e2f-8f11-ce233b859fa1,fda095cb-831d-4601-ad94-846013963de8,f92806d7-1768-443f-afe8-12bcde84d0f0,dd3a144d-ab7f-41f0-82b8-2e43a090d496,f0416e68-0200-4b77-a926-4f9d16e494da,970b0598-bcb0-4714-91fb-2e81440dccd8,bcd64cc6-2dd9-43f6-abbe-66318d332032,d930590d-bb92-4cc8-8bd1-23cd027f9edf,a3cd009f-0ab0-420d-9278-b9fdab939bbc,6a2d0734-bd9e-4ddf-946e-caa52498cb75,c27215d8-6835-4b68-bfbb-bdeac6100c04,b5d6115f-0370-4d7c-aad3-c194cc71cf98,871c3b6c-7379-419d-bda3-794b239ab90d,ff9b0199-ce04-4cfe-86cc-6c719f08d6e4,de1c2107-70c8-4021-8459-6399f24d01c6,cbf30902-517f-40dc-af90-a550bac27cf1
2025-7-18 10:22:54-debug:   Number of all scenes: 1
2025-7-18 10:22:54-debug:   Number of all scripts: 9
2025-7-18 10:22:54-debug:   Number of other assets: 498
2025-7-18 10:22:54-debug: Init bundle root assets success..., progress: 0%
2025-7-18 10:22:54-debug: // ---- build task 查询 Asset Bundle ---- (2ms)
2025-7-18 10:22:54-log: run build task 查询 Asset Bundle success in 2 ms√, progress: 5%
2025-7-18 10:22:54-debug: [Build Memory track]: 查询 Asset Bundle start:198.40MB, end 198.12MB, increase: -284.83KB
2025-7-18 10:22:54-debug: 查询 Asset Bundle start, progress: 5%
2025-7-18 10:22:54-debug: // ---- build task 查询 Asset Bundle ----
2025-7-18 10:22:54-log: run build task 查询 Asset Bundle success in √, progress: 10%
2025-7-18 10:22:54-debug: 整理部分构建选项内数据到 settings.json start, progress: 10%
2025-7-18 10:22:54-debug: // ---- build task 整理部分构建选项内数据到 settings.json ----
2025-7-18 10:22:54-debug: [Build Memory track]: 查询 Asset Bundle start:198.14MB, end 198.23MB, increase: 97.71KB
2025-7-18 10:22:54-log: run build task 整理部分构建选项内数据到 settings.json success in √, progress: 12%
2025-7-18 10:22:54-debug: // ---- build task 填充脚本数据到 settings.json ----
2025-7-18 10:22:54-debug: [Build Memory track]: 整理部分构建选项内数据到 settings.json start:198.26MB, end 198.27MB, increase: 15.39KB
2025-7-18 10:22:54-debug: 填充脚本数据到 settings.json start, progress: 12%
2025-7-18 10:22:54-debug: // ---- build task 填充脚本数据到 settings.json ---- (1ms)
2025-7-18 10:22:54-log: run build task 填充脚本数据到 settings.json success in 1 ms√, progress: 13%
2025-7-18 10:22:54-debug: [Build Memory track]: 填充脚本数据到 settings.json start:198.30MB, end 198.32MB, increase: 22.24KB
2025-7-18 10:22:54-debug: 整理部分构建选项内数据到 settings.json start, progress: 13%
2025-7-18 10:22:54-debug: // ---- build task 整理部分构建选项内数据到 settings.json ----
2025-7-18 10:22:54-debug: // ---- build task 整理部分构建选项内数据到 settings.json ---- (1ms)
2025-7-18 10:22:54-log: run build task 整理部分构建选项内数据到 settings.json success in 1 ms√, progress: 15%
2025-7-18 10:22:54-debug: [Build Memory track]: 整理部分构建选项内数据到 settings.json start:198.34MB, end 198.47MB, increase: 131.91KB
2025-7-18 10:23:19-debug: refresh db internal success
2025-7-18 10:23:19-debug: %cImport%c: /Users/zhao/Desktop/test/cocos-creator/PlaneFight/assets/Scripts/Ememy.tsbackground: #aaff85; color: #000;color: #000;
2025-7-18 10:23:19-debug: refresh db assets success
2025-7-18 10:23:19-debug: Run asset db hook engine-extends:afterRefresh ...
2025-7-18 10:23:19-debug: Run asset db hook engine-extends:afterRefresh success!
2025-7-18 10:23:19-debug: asset-db:refresh-all-database (31ms)
2025-7-18 10:23:19-debug: asset-db-hook-engine-extends-afterRefresh (1ms)
2025-7-18 10:23:19-debug: asset-db:worker-effect-data-processing (1ms)
2025-7-18 10:23:22-debug: Query all assets info in project
2025-7-18 10:23:22-debug: init custom config: keepNodeUuid: false, useCache: true
2025-7-18 10:23:22-debug: Skip compress image, progress: 0%
2025-7-18 10:23:22-debug: Init all bundles start..., progress: 0%
2025-7-18 10:23:22-debug: Num of bundles: 2..., progress: 0%
2025-7-18 10:23:22-debug: // ---- build task 查询 Asset Bundle ----
2025-7-18 10:23:22-debug: 查询 Asset Bundle start, progress: 0%
2025-7-18 10:23:22-debug: Init bundle root assets start..., progress: 0%
2025-7-18 10:23:22-debug: Query preload assets/scripts from cc.config.json: 60f7195c-ec2a-45eb-ba94-8955f60e81d0,1c02ae6f-4492-4915-b8f8-7492a3b1e4cd,810e96e4-e456-4468-9b59-f4e8f39732c0,efe8e2a3-eace-427b-b4f1-cb8a937ec77d,e9aa9a3e-5b2b-4ac7-a2c7-073de2b2b24f,8bbdbcdd-5cd4-4100-b6d5-b7c9625b6107,50f4348b-c883-4e2f-8f11-ce233b859fa1,fda095cb-831d-4601-ad94-846013963de8,f92806d7-1768-443f-afe8-12bcde84d0f0,dd3a144d-ab7f-41f0-82b8-2e43a090d496,f0416e68-0200-4b77-a926-4f9d16e494da,970b0598-bcb0-4714-91fb-2e81440dccd8,bcd64cc6-2dd9-43f6-abbe-66318d332032,d930590d-bb92-4cc8-8bd1-23cd027f9edf,a3cd009f-0ab0-420d-9278-b9fdab939bbc,6a2d0734-bd9e-4ddf-946e-caa52498cb75,c27215d8-6835-4b68-bfbb-bdeac6100c04,b5d6115f-0370-4d7c-aad3-c194cc71cf98,871c3b6c-7379-419d-bda3-794b239ab90d,ff9b0199-ce04-4cfe-86cc-6c719f08d6e4,de1c2107-70c8-4021-8459-6399f24d01c6,cbf30902-517f-40dc-af90-a550bac27cf1
2025-7-18 10:23:22-debug:   Number of all scenes: 1
2025-7-18 10:23:22-debug:   Number of other assets: 498
2025-7-18 10:23:22-debug:   Number of all scripts: 9
2025-7-18 10:23:22-debug: Init bundle root assets success..., progress: 0%
2025-7-18 10:23:22-debug: // ---- build task 查询 Asset Bundle ---- (1ms)
2025-7-18 10:23:22-debug: [Build Memory track]: 查询 Asset Bundle start:198.90MB, end 198.60MB, increase: -302.85KB
2025-7-18 10:23:22-debug: // ---- build task 查询 Asset Bundle ----
2025-7-18 10:23:22-debug: 查询 Asset Bundle start, progress: 5%
2025-7-18 10:23:22-log: run build task 查询 Asset Bundle success in 1 ms√, progress: 5%
2025-7-18 10:23:22-log: run build task 查询 Asset Bundle success in √, progress: 10%
2025-7-18 10:23:22-debug: // ---- build task 整理部分构建选项内数据到 settings.json ----
2025-7-18 10:23:22-debug: 整理部分构建选项内数据到 settings.json start, progress: 10%
2025-7-18 10:23:22-debug: [Build Memory track]: 查询 Asset Bundle start:198.63MB, end 198.74MB, increase: 116.80KB
2025-7-18 10:23:22-log: run build task 整理部分构建选项内数据到 settings.json success in √, progress: 12%
2025-7-18 10:23:22-debug: 填充脚本数据到 settings.json start, progress: 12%
2025-7-18 10:23:22-debug: [Build Memory track]: 整理部分构建选项内数据到 settings.json start:198.77MB, end 198.78MB, increase: 15.49KB
2025-7-18 10:23:22-debug: // ---- build task 填充脚本数据到 settings.json ----
2025-7-18 10:23:22-log: run build task 填充脚本数据到 settings.json success in √, progress: 13%
2025-7-18 10:23:22-debug: // ---- build task 整理部分构建选项内数据到 settings.json ----
2025-7-18 10:23:22-debug: 整理部分构建选项内数据到 settings.json start, progress: 13%
2025-7-18 10:23:22-debug: [Build Memory track]: 填充脚本数据到 settings.json start:198.81MB, end 198.82MB, increase: 14.96KB
2025-7-18 10:23:22-log: run build task 整理部分构建选项内数据到 settings.json success in √, progress: 15%
2025-7-18 10:23:22-debug: [Build Memory track]: 整理部分构建选项内数据到 settings.json start:198.85MB, end 198.96MB, increase: 113.84KB
2025-7-18 10:24:39-debug: refresh db internal success
2025-7-18 10:24:39-debug: refresh db assets success
2025-7-18 10:24:39-debug: Run asset db hook engine-extends:afterRefresh ...
2025-7-18 10:24:39-debug: Run asset db hook engine-extends:afterRefresh success!
2025-7-18 10:24:39-debug: asset-db:refresh-all-database (29ms)
2025-7-18 10:25:58-debug: refresh db internal success
2025-7-18 10:25:58-debug: %cImport%c: /Users/zhao/Desktop/test/cocos-creator/PlaneFight/assets/Scripts/Ememy.tsbackground: #aaff85; color: #000;color: #000;
2025-7-18 10:25:58-debug: refresh db assets success
2025-7-18 10:25:58-debug: Run asset db hook engine-extends:afterRefresh ...
2025-7-18 10:25:58-debug: Run asset db hook engine-extends:afterRefresh success!
2025-7-18 10:25:58-debug: asset-db:refresh-all-database (40ms)
2025-7-18 10:25:58-debug: asset-db:worker-effect-data-processing (1ms)
2025-7-18 10:25:58-debug: asset-db-hook-engine-extends-afterRefresh (1ms)
2025-7-18 10:26:00-debug: Query all assets info in project
2025-7-18 10:26:00-debug: init custom config: keepNodeUuid: false, useCache: true
2025-7-18 10:26:00-debug: Skip compress image, progress: 0%
2025-7-18 10:26:00-debug: Init all bundles start..., progress: 0%
2025-7-18 10:26:00-debug: Num of bundles: 2..., progress: 0%
2025-7-18 10:26:00-debug: 查询 Asset Bundle start, progress: 0%
2025-7-18 10:26:00-debug: // ---- build task 查询 Asset Bundle ----
2025-7-18 10:26:00-debug: Init bundle root assets start..., progress: 0%
2025-7-18 10:26:00-debug: Query preload assets/scripts from cc.config.json: 60f7195c-ec2a-45eb-ba94-8955f60e81d0,1c02ae6f-4492-4915-b8f8-7492a3b1e4cd,810e96e4-e456-4468-9b59-f4e8f39732c0,efe8e2a3-eace-427b-b4f1-cb8a937ec77d,e9aa9a3e-5b2b-4ac7-a2c7-073de2b2b24f,8bbdbcdd-5cd4-4100-b6d5-b7c9625b6107,50f4348b-c883-4e2f-8f11-ce233b859fa1,fda095cb-831d-4601-ad94-846013963de8,f92806d7-1768-443f-afe8-12bcde84d0f0,dd3a144d-ab7f-41f0-82b8-2e43a090d496,f0416e68-0200-4b77-a926-4f9d16e494da,970b0598-bcb0-4714-91fb-2e81440dccd8,bcd64cc6-2dd9-43f6-abbe-66318d332032,d930590d-bb92-4cc8-8bd1-23cd027f9edf,a3cd009f-0ab0-420d-9278-b9fdab939bbc,6a2d0734-bd9e-4ddf-946e-caa52498cb75,c27215d8-6835-4b68-bfbb-bdeac6100c04,b5d6115f-0370-4d7c-aad3-c194cc71cf98,871c3b6c-7379-419d-bda3-794b239ab90d,ff9b0199-ce04-4cfe-86cc-6c719f08d6e4,de1c2107-70c8-4021-8459-6399f24d01c6,cbf30902-517f-40dc-af90-a550bac27cf1
2025-7-18 10:26:00-debug:   Number of other assets: 498
2025-7-18 10:26:00-debug:   Number of all scenes: 1
2025-7-18 10:26:00-debug:   Number of all scripts: 9
2025-7-18 10:26:00-debug: Init bundle root assets success..., progress: 0%
2025-7-18 10:26:00-debug: // ---- build task 查询 Asset Bundle ---- (1ms)
2025-7-18 10:26:00-log: run build task 查询 Asset Bundle success in 1 ms√, progress: 5%
2025-7-18 10:26:00-debug: [Build Memory track]: 查询 Asset Bundle start:199.90MB, end 199.63MB, increase: -273.23KB
2025-7-18 10:26:00-debug: 查询 Asset Bundle start, progress: 5%
2025-7-18 10:26:00-debug: // ---- build task 查询 Asset Bundle ----
2025-7-18 10:26:00-debug: // ---- build task 查询 Asset Bundle ---- (1ms)
2025-7-18 10:26:00-debug: 整理部分构建选项内数据到 settings.json start, progress: 10%
2025-7-18 10:26:00-debug: [Build Memory track]: 查询 Asset Bundle start:199.66MB, end 199.76MB, increase: 106.17KB
2025-7-18 10:26:00-log: run build task 查询 Asset Bundle success in 1 ms√, progress: 10%
2025-7-18 10:26:00-debug: // ---- build task 整理部分构建选项内数据到 settings.json ----
2025-7-18 10:26:00-log: run build task 整理部分构建选项内数据到 settings.json success in √, progress: 12%
2025-7-18 10:26:00-debug: [Build Memory track]: 整理部分构建选项内数据到 settings.json start:199.79MB, end 199.80MB, increase: 15.90KB
2025-7-18 10:26:00-debug: 填充脚本数据到 settings.json start, progress: 12%
2025-7-18 10:26:00-debug: // ---- build task 填充脚本数据到 settings.json ----
2025-7-18 10:26:00-log: run build task 填充脚本数据到 settings.json success in √, progress: 13%
2025-7-18 10:26:00-debug: [Build Memory track]: 填充脚本数据到 settings.json start:199.83MB, end 199.85MB, increase: 18.91KB
2025-7-18 10:26:00-debug: // ---- build task 整理部分构建选项内数据到 settings.json ----
2025-7-18 10:26:00-debug: 整理部分构建选项内数据到 settings.json start, progress: 13%
2025-7-18 10:26:00-debug: // ---- build task 整理部分构建选项内数据到 settings.json ---- (2ms)
2025-7-18 10:26:00-log: run build task 整理部分构建选项内数据到 settings.json success in 2 ms√, progress: 15%
2025-7-18 10:26:00-debug: [Build Memory track]: 整理部分构建选项内数据到 settings.json start:199.87MB, end 199.99MB, increase: 126.74KB
2025-7-18 10:27:00-debug: refresh db internal success
2025-7-18 10:27:00-debug: %cImport%c: /Users/zhao/Desktop/test/cocos-creator/PlaneFight/assets/Scripts/Ememy.tsbackground: #aaff85; color: #000;color: #000;
2025-7-18 10:27:00-debug: refresh db assets success
2025-7-18 10:27:00-debug: Run asset db hook engine-extends:afterRefresh success!
2025-7-18 10:27:00-debug: Run asset db hook engine-extends:afterRefresh ...
2025-7-18 10:27:00-debug: asset-db:refresh-all-database (18ms)
2025-7-18 10:27:00-debug: asset-db:worker-effect-data-processing (1ms)
2025-7-18 10:27:00-debug: asset-db-hook-engine-extends-afterRefresh (1ms)
2025-7-18 10:27:12-debug: start refresh asset from /Users/zhao/Desktop/test/cocos-creator/PlaneFight/assets/Scripts/NewComponent.ts...
2025-7-18 10:27:12-debug: %cImport%c: /Users/zhao/Desktop/test/cocos-creator/PlaneFight/assets/Scripts/NewComponent.tsbackground: #aaff85; color: #000;color: #000;
2025-7-18 10:27:12-debug: refresh asset /Users/zhao/Desktop/test/cocos-creator/PlaneFight/assets/Scripts success
2025-7-18 10:27:13-debug: %cImport%c: /Users/zhao/Desktop/test/cocos-creator/PlaneFight/assets/Scriptsbackground: #aaff85; color: #000;color: #000;
2025-7-18 10:27:16-debug: refresh db internal success
2025-7-18 10:27:16-debug: refresh db assets success
2025-7-18 10:27:16-debug: Run asset db hook engine-extends:afterRefresh ...
2025-7-18 10:27:16-debug: Run asset db hook engine-extends:afterRefresh success!
2025-7-18 10:27:16-debug: asset-db:refresh-all-database (16ms)
2025-7-18 10:27:16-debug: asset-db:worker-effect-data-processing (1ms)
2025-7-18 10:27:16-debug: asset-db-hook-engine-extends-afterRefresh (1ms)
2025-7-18 10:27:20-debug: programming:execute-script (1ms)
2025-7-18 10:27:21-debug: start remove asset /Users/zhao/Desktop/test/cocos-creator/PlaneFight/assets/Scripts/NewComponent.ts...
2025-7-18 10:27:21-debug: start refresh asset from /Users/zhao/Desktop/test/cocos-creator/PlaneFight/assets/Scripts/NewComponent.ts...
2025-7-18 10:27:21-debug: %cDestroy%c: /Users/zhao/Desktop/test/cocos-creator/PlaneFight/assets/Scripts/NewComponent.tsbackground: #ffb8b8; color: #000;color: #000;
2025-7-18 10:27:21-debug: refresh asset /Users/zhao/Desktop/test/cocos-creator/PlaneFight/assets/Scripts success
2025-7-18 10:27:21-debug: remove asset /Users/zhao/Desktop/test/cocos-creator/PlaneFight/assets/Scripts/NewComponent.ts success
2025-7-18 10:27:21-debug: %cImport%c: /Users/zhao/Desktop/test/cocos-creator/PlaneFight/assets/Scriptsbackground: #aaff85; color: #000;color: #000;
2025-7-18 10:27:44-debug: start refresh asset from /Users/zhao/Desktop/test/cocos-creator/PlaneFight/assets/Scripts/EmemyBox.ts...
2025-7-18 10:27:44-debug: %cImport%c: /Users/zhao/Desktop/test/cocos-creator/PlaneFight/assets/Scripts/EmemyBox.tsbackground: #aaff85; color: #000;color: #000;
2025-7-18 10:27:44-debug: refresh asset /Users/zhao/Desktop/test/cocos-creator/PlaneFight/assets/Scripts success
2025-7-18 10:27:44-debug: %cImport%c: /Users/zhao/Desktop/test/cocos-creator/PlaneFight/assets/Scriptsbackground: #aaff85; color: #000;color: #000;
2025-7-18 10:28:19-debug: refresh db internal success
2025-7-18 10:28:19-debug: %cImport%c: /Users/zhao/Desktop/test/cocos-creator/PlaneFight/assets/Scripts/Ememy.tsbackground: #aaff85; color: #000;color: #000;
2025-7-18 10:28:19-debug: refresh db assets success
2025-7-18 10:28:19-debug: Run asset db hook engine-extends:afterRefresh ...
2025-7-18 10:28:19-debug: Run asset db hook engine-extends:afterRefresh success!
2025-7-18 10:28:19-debug: asset-db:refresh-all-database (43ms)
2025-7-18 10:28:22-debug: refresh db internal success
2025-7-18 10:28:22-debug: refresh db assets success
2025-7-18 10:28:22-debug: Run asset db hook engine-extends:afterRefresh ...
2025-7-18 10:28:22-debug: Run asset db hook engine-extends:afterRefresh success!
2025-7-18 10:28:22-debug: asset-db:refresh-all-database (21ms)
2025-7-18 10:28:27-warn: 为更好地打开脚本，请在 {preferences} -> {program} -> {scriptEditor} 里配置打开脚本的应用程序
2025-7-18 10:35:02-debug: refresh db internal success
2025-7-18 10:35:03-debug: %cImport%c: /Users/zhao/Desktop/test/cocos-creator/PlaneFight/assets/Scripts/Ememy.tsbackground: #aaff85; color: #000;color: #000;
2025-7-18 10:35:03-debug: %cImport%c: /Users/zhao/Desktop/test/cocos-creator/PlaneFight/assets/Scripts/GameManager.tsbackground: #aaff85; color: #000;color: #000;
2025-7-18 10:35:03-debug: %cImport%c: /Users/zhao/Desktop/test/cocos-creator/PlaneFight/assets/Scripts/EmemyBox.tsbackground: #aaff85; color: #000;color: #000;
2025-7-18 10:35:03-debug: Run asset db hook engine-extends:afterRefresh ...
2025-7-18 10:35:03-debug: refresh db assets success
2025-7-18 10:35:03-debug: Run asset db hook engine-extends:afterRefresh success!
2025-7-18 10:35:03-debug: asset-db-hook-engine-extends-afterRefresh (2ms)
2025-7-18 10:35:03-debug: asset-db:refresh-all-database (45ms)
2025-7-18 10:35:03-debug: asset-db:worker-effect-data-processing (2ms)
2025-7-18 10:35:04-debug: %cImport%c: /Users/zhao/Desktop/test/cocos-creator/PlaneFight/assets/Scenes/Start.scenebackground: #aaff85; color: #000;color: #000;
2025-7-18 10:35:04-debug: asset-db:reimport-asset2fda4d65-a1e9-4078-8250-de49b04cdc34 (9ms)
2025-7-18 10:35:07-debug: Query all assets info in project
2025-7-18 10:35:07-debug: init custom config: keepNodeUuid: false, useCache: true
2025-7-18 10:35:07-debug: Skip compress image, progress: 0%
2025-7-18 10:35:07-debug: Init all bundles start..., progress: 0%
2025-7-18 10:35:07-debug: Num of bundles: 2..., progress: 0%
2025-7-18 10:35:07-debug: // ---- build task 查询 Asset Bundle ----
2025-7-18 10:35:07-debug: 查询 Asset Bundle start, progress: 0%
2025-7-18 10:35:07-debug: Init bundle root assets start..., progress: 0%
2025-7-18 10:35:07-debug: Query preload assets/scripts from cc.config.json: 60f7195c-ec2a-45eb-ba94-8955f60e81d0,1c02ae6f-4492-4915-b8f8-7492a3b1e4cd,810e96e4-e456-4468-9b59-f4e8f39732c0,efe8e2a3-eace-427b-b4f1-cb8a937ec77d,e9aa9a3e-5b2b-4ac7-a2c7-073de2b2b24f,8bbdbcdd-5cd4-4100-b6d5-b7c9625b6107,50f4348b-c883-4e2f-8f11-ce233b859fa1,fda095cb-831d-4601-ad94-846013963de8,f92806d7-1768-443f-afe8-12bcde84d0f0,dd3a144d-ab7f-41f0-82b8-2e43a090d496,f0416e68-0200-4b77-a926-4f9d16e494da,970b0598-bcb0-4714-91fb-2e81440dccd8,bcd64cc6-2dd9-43f6-abbe-66318d332032,d930590d-bb92-4cc8-8bd1-23cd027f9edf,a3cd009f-0ab0-420d-9278-b9fdab939bbc,6a2d0734-bd9e-4ddf-946e-caa52498cb75,c27215d8-6835-4b68-bfbb-bdeac6100c04,b5d6115f-0370-4d7c-aad3-c194cc71cf98,871c3b6c-7379-419d-bda3-794b239ab90d,ff9b0199-ce04-4cfe-86cc-6c719f08d6e4,de1c2107-70c8-4021-8459-6399f24d01c6,cbf30902-517f-40dc-af90-a550bac27cf1
2025-7-18 10:35:07-debug: Init bundle root assets success..., progress: 0%
2025-7-18 10:35:07-debug:   Number of all scenes: 1
2025-7-18 10:35:07-debug:   Number of other assets: 498
2025-7-18 10:35:07-debug:   Number of all scripts: 10
2025-7-18 10:35:07-debug: // ---- build task 查询 Asset Bundle ---- (1ms)
2025-7-18 10:35:07-log: run build task 查询 Asset Bundle success in 1 ms√, progress: 5%
2025-7-18 10:35:07-debug: 查询 Asset Bundle start, progress: 5%
2025-7-18 10:35:07-debug: [Build Memory track]: 查询 Asset Bundle start:202.00MB, end 202.62MB, increase: 632.32KB
2025-7-18 10:35:07-debug: // ---- build task 查询 Asset Bundle ----
2025-7-18 10:35:07-log: run build task 查询 Asset Bundle success in √, progress: 10%
2025-7-18 10:35:07-debug: 整理部分构建选项内数据到 settings.json start, progress: 10%
2025-7-18 10:35:07-debug: [Build Memory track]: 查询 Asset Bundle start:202.64MB, end 202.02MB, increase: -641.73KB
2025-7-18 10:35:07-debug: // ---- build task 整理部分构建选项内数据到 settings.json ----
2025-7-18 10:35:07-log: run build task 整理部分构建选项内数据到 settings.json success in √, progress: 12%
2025-7-18 10:35:07-debug: // ---- build task 填充脚本数据到 settings.json ----
2025-7-18 10:35:07-debug: 填充脚本数据到 settings.json start, progress: 12%
2025-7-18 10:35:07-debug: [Build Memory track]: 整理部分构建选项内数据到 settings.json start:202.04MB, end 202.06MB, increase: 14.05KB
2025-7-18 10:35:07-log: run build task 填充脚本数据到 settings.json success in √, progress: 13%
2025-7-18 10:35:07-debug: [Build Memory track]: 填充脚本数据到 settings.json start:202.08MB, end 202.10MB, increase: 15.95KB
2025-7-18 10:35:07-debug: 整理部分构建选项内数据到 settings.json start, progress: 13%
2025-7-18 10:35:07-debug: // ---- build task 整理部分构建选项内数据到 settings.json ----
2025-7-18 10:35:07-debug: // ---- build task 整理部分构建选项内数据到 settings.json ---- (2ms)
2025-7-18 10:35:07-log: run build task 整理部分构建选项内数据到 settings.json success in 2 ms√, progress: 15%
2025-7-18 10:35:07-debug: [Build Memory track]: 整理部分构建选项内数据到 settings.json start:202.12MB, end 202.24MB, increase: 122.38KB
2025-7-18 10:35:42-debug: refresh db internal success
2025-7-18 10:35:42-debug: %cImport%c: /Users/zhao/Desktop/test/cocos-creator/PlaneFight/assets/Scripts/EmemyBox.tsbackground: #aaff85; color: #000;color: #000;
2025-7-18 10:35:42-debug: refresh db assets success
2025-7-18 10:35:42-debug: Run asset db hook engine-extends:afterRefresh ...
2025-7-18 10:35:42-debug: Run asset db hook engine-extends:afterRefresh success!
2025-7-18 10:35:42-debug: asset-db:refresh-all-database (38ms)
2025-7-18 10:35:45-debug: Query all assets info in project
2025-7-18 10:35:45-debug: init custom config: keepNodeUuid: false, useCache: true
2025-7-18 10:35:45-debug: Skip compress image, progress: 0%
2025-7-18 10:35:45-debug: Init all bundles start..., progress: 0%
2025-7-18 10:35:45-debug: Num of bundles: 2..., progress: 0%
2025-7-18 10:35:45-debug: Init bundle root assets start..., progress: 0%
2025-7-18 10:35:45-debug: 查询 Asset Bundle start, progress: 0%
2025-7-18 10:35:45-debug: // ---- build task 查询 Asset Bundle ----
2025-7-18 10:35:45-debug: Query preload assets/scripts from cc.config.json: 60f7195c-ec2a-45eb-ba94-8955f60e81d0,1c02ae6f-4492-4915-b8f8-7492a3b1e4cd,810e96e4-e456-4468-9b59-f4e8f39732c0,efe8e2a3-eace-427b-b4f1-cb8a937ec77d,e9aa9a3e-5b2b-4ac7-a2c7-073de2b2b24f,8bbdbcdd-5cd4-4100-b6d5-b7c9625b6107,50f4348b-c883-4e2f-8f11-ce233b859fa1,fda095cb-831d-4601-ad94-846013963de8,f92806d7-1768-443f-afe8-12bcde84d0f0,dd3a144d-ab7f-41f0-82b8-2e43a090d496,f0416e68-0200-4b77-a926-4f9d16e494da,970b0598-bcb0-4714-91fb-2e81440dccd8,bcd64cc6-2dd9-43f6-abbe-66318d332032,d930590d-bb92-4cc8-8bd1-23cd027f9edf,a3cd009f-0ab0-420d-9278-b9fdab939bbc,6a2d0734-bd9e-4ddf-946e-caa52498cb75,c27215d8-6835-4b68-bfbb-bdeac6100c04,b5d6115f-0370-4d7c-aad3-c194cc71cf98,871c3b6c-7379-419d-bda3-794b239ab90d,ff9b0199-ce04-4cfe-86cc-6c719f08d6e4,de1c2107-70c8-4021-8459-6399f24d01c6,cbf30902-517f-40dc-af90-a550bac27cf1
2025-7-18 10:35:45-debug:   Number of other assets: 498
2025-7-18 10:35:45-debug: Init bundle root assets success..., progress: 0%
2025-7-18 10:35:45-debug:   Number of all scenes: 1
2025-7-18 10:35:45-debug:   Number of all scripts: 10
2025-7-18 10:35:45-debug: // ---- build task 查询 Asset Bundle ---- (1ms)
2025-7-18 10:35:45-debug: [Build Memory track]: 查询 Asset Bundle start:202.94MB, end 202.64MB, increase: -308.81KB
2025-7-18 10:35:45-debug: 查询 Asset Bundle start, progress: 5%
2025-7-18 10:35:45-log: run build task 查询 Asset Bundle success in 1 ms√, progress: 5%
2025-7-18 10:35:45-debug: // ---- build task 查询 Asset Bundle ----
2025-7-18 10:35:45-debug: // ---- build task 查询 Asset Bundle ---- (1ms)
2025-7-18 10:35:45-log: run build task 查询 Asset Bundle success in 1 ms√, progress: 10%
2025-7-18 10:35:45-debug: [Build Memory track]: 查询 Asset Bundle start:202.66MB, end 202.77MB, increase: 106.24KB
2025-7-18 10:35:45-debug: 整理部分构建选项内数据到 settings.json start, progress: 10%
2025-7-18 10:35:45-debug: // ---- build task 整理部分构建选项内数据到 settings.json ----
2025-7-18 10:35:45-log: run build task 整理部分构建选项内数据到 settings.json success in √, progress: 12%
2025-7-18 10:35:45-debug: // ---- build task 填充脚本数据到 settings.json ----
2025-7-18 10:35:45-debug: [Build Memory track]: 整理部分构建选项内数据到 settings.json start:202.79MB, end 202.81MB, increase: 15.73KB
2025-7-18 10:35:45-debug: 填充脚本数据到 settings.json start, progress: 12%
2025-7-18 10:35:45-log: run build task 填充脚本数据到 settings.json success in √, progress: 13%
2025-7-18 10:35:45-debug: [Build Memory track]: 填充脚本数据到 settings.json start:202.83MB, end 202.85MB, increase: 21.27KB
2025-7-18 10:35:45-debug: 整理部分构建选项内数据到 settings.json start, progress: 13%
2025-7-18 10:35:45-debug: // ---- build task 整理部分构建选项内数据到 settings.json ----
2025-7-18 10:35:45-debug: // ---- build task 整理部分构建选项内数据到 settings.json ---- (1ms)
2025-7-18 10:35:45-log: run build task 整理部分构建选项内数据到 settings.json success in 1 ms√, progress: 15%
2025-7-18 10:35:45-debug: [Build Memory track]: 整理部分构建选项内数据到 settings.json start:202.87MB, end 202.99MB, increase: 122.86KB
2025-7-18 10:35:48-debug: Query all assets info in project
2025-7-18 10:35:48-debug: init custom config: keepNodeUuid: false, useCache: true
2025-7-18 10:35:48-debug: Skip compress image, progress: 0%
2025-7-18 10:35:48-debug: Init all bundles start..., progress: 0%
2025-7-18 10:35:48-debug: Num of bundles: 2..., progress: 0%
2025-7-18 10:35:48-debug: // ---- build task 查询 Asset Bundle ----
2025-7-18 10:35:48-debug: 查询 Asset Bundle start, progress: 0%
2025-7-18 10:35:48-debug: Init bundle root assets start..., progress: 0%
2025-7-18 10:35:48-debug: Query preload assets/scripts from cc.config.json: 60f7195c-ec2a-45eb-ba94-8955f60e81d0,1c02ae6f-4492-4915-b8f8-7492a3b1e4cd,810e96e4-e456-4468-9b59-f4e8f39732c0,efe8e2a3-eace-427b-b4f1-cb8a937ec77d,e9aa9a3e-5b2b-4ac7-a2c7-073de2b2b24f,8bbdbcdd-5cd4-4100-b6d5-b7c9625b6107,50f4348b-c883-4e2f-8f11-ce233b859fa1,fda095cb-831d-4601-ad94-846013963de8,f92806d7-1768-443f-afe8-12bcde84d0f0,dd3a144d-ab7f-41f0-82b8-2e43a090d496,f0416e68-0200-4b77-a926-4f9d16e494da,970b0598-bcb0-4714-91fb-2e81440dccd8,bcd64cc6-2dd9-43f6-abbe-66318d332032,d930590d-bb92-4cc8-8bd1-23cd027f9edf,a3cd009f-0ab0-420d-9278-b9fdab939bbc,6a2d0734-bd9e-4ddf-946e-caa52498cb75,c27215d8-6835-4b68-bfbb-bdeac6100c04,b5d6115f-0370-4d7c-aad3-c194cc71cf98,871c3b6c-7379-419d-bda3-794b239ab90d,ff9b0199-ce04-4cfe-86cc-6c719f08d6e4,de1c2107-70c8-4021-8459-6399f24d01c6,cbf30902-517f-40dc-af90-a550bac27cf1
2025-7-18 10:35:48-debug: Init bundle root assets success..., progress: 0%
2025-7-18 10:35:48-debug:   Number of all scenes: 1
2025-7-18 10:35:48-debug:   Number of all scripts: 10
2025-7-18 10:35:48-debug:   Number of other assets: 498
2025-7-18 10:35:48-debug: // ---- build task 查询 Asset Bundle ---- (1ms)
2025-7-18 10:35:48-debug: 查询 Asset Bundle start, progress: 5%
2025-7-18 10:35:48-debug: [Build Memory track]: 查询 Asset Bundle start:203.19MB, end 202.91MB, increase: -287.48KB
2025-7-18 10:35:48-log: run build task 查询 Asset Bundle success in 1 ms√, progress: 5%
2025-7-18 10:35:48-debug: // ---- build task 查询 Asset Bundle ----
2025-7-18 10:35:48-debug: // ---- build task 查询 Asset Bundle ---- (1ms)
2025-7-18 10:35:48-log: run build task 查询 Asset Bundle success in 1 ms√, progress: 10%
2025-7-18 10:35:48-debug: [Build Memory track]: 查询 Asset Bundle start:202.94MB, end 203.04MB, increase: 105.77KB
2025-7-18 10:35:48-debug: // ---- build task 整理部分构建选项内数据到 settings.json ----
2025-7-18 10:35:48-debug: 整理部分构建选项内数据到 settings.json start, progress: 10%
2025-7-18 10:35:48-log: run build task 整理部分构建选项内数据到 settings.json success in √, progress: 12%
2025-7-18 10:35:48-debug: [Build Memory track]: 整理部分构建选项内数据到 settings.json start:203.06MB, end 203.08MB, increase: 15.29KB
2025-7-18 10:35:48-debug: 填充脚本数据到 settings.json start, progress: 12%
2025-7-18 10:35:48-debug: // ---- build task 填充脚本数据到 settings.json ----
2025-7-18 10:35:48-log: run build task 填充脚本数据到 settings.json success in √, progress: 13%
2025-7-18 10:35:48-debug: [Build Memory track]: 填充脚本数据到 settings.json start:203.10MB, end 203.12MB, increase: 15.74KB
2025-7-18 10:35:48-debug: 整理部分构建选项内数据到 settings.json start, progress: 13%
2025-7-18 10:35:48-debug: // ---- build task 整理部分构建选项内数据到 settings.json ----
2025-7-18 10:35:48-log: run build task 整理部分构建选项内数据到 settings.json success in √, progress: 15%
2025-7-18 10:35:48-debug: [Build Memory track]: 整理部分构建选项内数据到 settings.json start:203.14MB, end 203.26MB, increase: 116.38KB
2025-7-18 10:36:12-debug: %cImport%c: /Users/zhao/Desktop/test/cocos-creator/PlaneFight/assets/Scenes/Start.scenebackground: #aaff85; color: #000;color: #000;
2025-7-18 10:36:12-debug: asset-db:reimport-asset2fda4d65-a1e9-4078-8250-de49b04cdc34 (6ms)
2025-7-18 10:36:14-debug: refresh db internal success
2025-7-18 10:36:14-debug: %cImport%c: /Users/zhao/Desktop/test/cocos-creator/PlaneFight/assets/Scripts/EmemyBox.tsbackground: #aaff85; color: #000;color: #000;
2025-7-18 10:36:14-debug: refresh db assets success
2025-7-18 10:36:14-debug: Run asset db hook engine-extends:afterRefresh ...
2025-7-18 10:36:14-debug: Run asset db hook engine-extends:afterRefresh success!
2025-7-18 10:36:14-debug: asset-db:refresh-all-database (24ms)
2025-7-18 10:36:14-debug: asset-db:worker-effect-data-processing (1ms)
2025-7-18 10:36:14-debug: asset-db-hook-engine-extends-afterRefresh (1ms)
2025-7-18 10:36:17-debug: Query all assets info in project
2025-7-18 10:36:17-debug: init custom config: keepNodeUuid: false, useCache: true
2025-7-18 10:36:17-debug: Skip compress image, progress: 0%
2025-7-18 10:36:17-debug: Init all bundles start..., progress: 0%
2025-7-18 10:36:17-debug: Num of bundles: 2..., progress: 0%
2025-7-18 10:36:17-debug: Init bundle root assets start..., progress: 0%
2025-7-18 10:36:17-debug: // ---- build task 查询 Asset Bundle ----
2025-7-18 10:36:17-debug: 查询 Asset Bundle start, progress: 0%
2025-7-18 10:36:17-debug: Query preload assets/scripts from cc.config.json: 60f7195c-ec2a-45eb-ba94-8955f60e81d0,1c02ae6f-4492-4915-b8f8-7492a3b1e4cd,810e96e4-e456-4468-9b59-f4e8f39732c0,efe8e2a3-eace-427b-b4f1-cb8a937ec77d,e9aa9a3e-5b2b-4ac7-a2c7-073de2b2b24f,8bbdbcdd-5cd4-4100-b6d5-b7c9625b6107,50f4348b-c883-4e2f-8f11-ce233b859fa1,fda095cb-831d-4601-ad94-846013963de8,f92806d7-1768-443f-afe8-12bcde84d0f0,dd3a144d-ab7f-41f0-82b8-2e43a090d496,f0416e68-0200-4b77-a926-4f9d16e494da,970b0598-bcb0-4714-91fb-2e81440dccd8,bcd64cc6-2dd9-43f6-abbe-66318d332032,d930590d-bb92-4cc8-8bd1-23cd027f9edf,a3cd009f-0ab0-420d-9278-b9fdab939bbc,6a2d0734-bd9e-4ddf-946e-caa52498cb75,c27215d8-6835-4b68-bfbb-bdeac6100c04,b5d6115f-0370-4d7c-aad3-c194cc71cf98,871c3b6c-7379-419d-bda3-794b239ab90d,ff9b0199-ce04-4cfe-86cc-6c719f08d6e4,de1c2107-70c8-4021-8459-6399f24d01c6,cbf30902-517f-40dc-af90-a550bac27cf1
2025-7-18 10:36:17-debug: Init bundle root assets success..., progress: 0%
2025-7-18 10:36:17-debug:   Number of all scripts: 10
2025-7-18 10:36:17-debug:   Number of other assets: 498
2025-7-18 10:36:17-debug:   Number of all scenes: 1
2025-7-18 10:36:17-debug: // ---- build task 查询 Asset Bundle ---- (1ms)
2025-7-18 10:36:17-debug: // ---- build task 查询 Asset Bundle ----
2025-7-18 10:36:17-debug: [Build Memory track]: 查询 Asset Bundle start:203.66MB, end 203.39MB, increase: -282.00KB
2025-7-18 10:36:17-debug: 查询 Asset Bundle start, progress: 5%
2025-7-18 10:36:17-log: run build task 查询 Asset Bundle success in 1 ms√, progress: 5%
2025-7-18 10:36:17-log: run build task 查询 Asset Bundle success in √, progress: 10%
2025-7-18 10:36:17-debug: // ---- build task 整理部分构建选项内数据到 settings.json ----
2025-7-18 10:36:17-debug: 整理部分构建选项内数据到 settings.json start, progress: 10%
2025-7-18 10:36:17-debug: [Build Memory track]: 查询 Asset Bundle start:203.41MB, end 203.51MB, increase: 98.25KB
2025-7-18 10:36:17-log: run build task 整理部分构建选项内数据到 settings.json success in √, progress: 12%
2025-7-18 10:36:17-debug: 填充脚本数据到 settings.json start, progress: 12%
2025-7-18 10:36:17-debug: [Build Memory track]: 整理部分构建选项内数据到 settings.json start:203.53MB, end 203.55MB, increase: 15.52KB
2025-7-18 10:36:17-debug: // ---- build task 填充脚本数据到 settings.json ----
2025-7-18 10:36:17-debug: // ---- build task 填充脚本数据到 settings.json ---- (1ms)
2025-7-18 10:36:17-log: run build task 填充脚本数据到 settings.json success in 1 ms√, progress: 13%
2025-7-18 10:36:17-debug: [Build Memory track]: 填充脚本数据到 settings.json start:203.57MB, end 203.60MB, increase: 22.96KB
2025-7-18 10:36:17-debug: 整理部分构建选项内数据到 settings.json start, progress: 13%
2025-7-18 10:36:17-debug: // ---- build task 整理部分构建选项内数据到 settings.json ----
2025-7-18 10:36:17-log: run build task 整理部分构建选项内数据到 settings.json success in √, progress: 15%
2025-7-18 10:36:17-debug: [Build Memory track]: 整理部分构建选项内数据到 settings.json start:203.62MB, end 203.73MB, increase: 114.44KB
2025-7-18 10:36:21-debug: Query all assets info in project
2025-7-18 10:36:21-debug: init custom config: keepNodeUuid: false, useCache: true
2025-7-18 10:36:21-debug: Skip compress image, progress: 0%
2025-7-18 10:36:21-debug: Init all bundles start..., progress: 0%
2025-7-18 10:36:21-debug: // ---- build task 查询 Asset Bundle ----
2025-7-18 10:36:21-debug: Init bundle root assets start..., progress: 0%
2025-7-18 10:36:21-debug: 查询 Asset Bundle start, progress: 0%
2025-7-18 10:36:21-debug: Num of bundles: 2..., progress: 0%
2025-7-18 10:36:21-debug: Query preload assets/scripts from cc.config.json: 60f7195c-ec2a-45eb-ba94-8955f60e81d0,1c02ae6f-4492-4915-b8f8-7492a3b1e4cd,810e96e4-e456-4468-9b59-f4e8f39732c0,efe8e2a3-eace-427b-b4f1-cb8a937ec77d,e9aa9a3e-5b2b-4ac7-a2c7-073de2b2b24f,8bbdbcdd-5cd4-4100-b6d5-b7c9625b6107,50f4348b-c883-4e2f-8f11-ce233b859fa1,fda095cb-831d-4601-ad94-846013963de8,f92806d7-1768-443f-afe8-12bcde84d0f0,dd3a144d-ab7f-41f0-82b8-2e43a090d496,f0416e68-0200-4b77-a926-4f9d16e494da,970b0598-bcb0-4714-91fb-2e81440dccd8,bcd64cc6-2dd9-43f6-abbe-66318d332032,d930590d-bb92-4cc8-8bd1-23cd027f9edf,a3cd009f-0ab0-420d-9278-b9fdab939bbc,6a2d0734-bd9e-4ddf-946e-caa52498cb75,c27215d8-6835-4b68-bfbb-bdeac6100c04,b5d6115f-0370-4d7c-aad3-c194cc71cf98,871c3b6c-7379-419d-bda3-794b239ab90d,ff9b0199-ce04-4cfe-86cc-6c719f08d6e4,de1c2107-70c8-4021-8459-6399f24d01c6,cbf30902-517f-40dc-af90-a550bac27cf1
2025-7-18 10:36:21-debug: Init bundle root assets success..., progress: 0%
2025-7-18 10:36:21-debug:   Number of all scripts: 10
2025-7-18 10:36:21-debug:   Number of other assets: 498
2025-7-18 10:36:21-debug:   Number of all scenes: 1
2025-7-18 10:36:21-debug: // ---- build task 查询 Asset Bundle ---- (1ms)
2025-7-18 10:36:21-log: run build task 查询 Asset Bundle success in 1 ms√, progress: 5%
2025-7-18 10:36:21-debug: [Build Memory track]: 查询 Asset Bundle start:203.96MB, end 204.57MB, increase: 631.14KB
2025-7-18 10:36:21-debug: 查询 Asset Bundle start, progress: 5%
2025-7-18 10:36:21-debug: // ---- build task 查询 Asset Bundle ----
2025-7-18 10:36:21-log: run build task 查询 Asset Bundle success in √, progress: 10%
2025-7-18 10:36:21-debug: [Build Memory track]: 查询 Asset Bundle start:204.60MB, end 204.69MB, increase: 97.70KB
2025-7-18 10:36:21-debug: 整理部分构建选项内数据到 settings.json start, progress: 10%
2025-7-18 10:36:21-debug: // ---- build task 整理部分构建选项内数据到 settings.json ----
2025-7-18 10:36:21-log: run build task 整理部分构建选项内数据到 settings.json success in √, progress: 12%
2025-7-18 10:36:21-debug: [Build Memory track]: 整理部分构建选项内数据到 settings.json start:204.72MB, end 204.73MB, increase: 14.09KB
2025-7-18 10:36:21-debug: // ---- build task 填充脚本数据到 settings.json ----
2025-7-18 10:36:21-debug: 填充脚本数据到 settings.json start, progress: 12%
2025-7-18 10:36:21-log: run build task 填充脚本数据到 settings.json success in √, progress: 13%
2025-7-18 10:36:21-debug: [Build Memory track]: 填充脚本数据到 settings.json start:204.76MB, end 204.77MB, increase: 15.28KB
2025-7-18 10:36:21-debug: // ---- build task 整理部分构建选项内数据到 settings.json ----
2025-7-18 10:36:21-debug: 整理部分构建选项内数据到 settings.json start, progress: 13%
2025-7-18 10:36:21-log: run build task 整理部分构建选项内数据到 settings.json success in √, progress: 15%
2025-7-18 10:36:21-debug: [Build Memory track]: 整理部分构建选项内数据到 settings.json start:204.80MB, end 204.91MB, increase: 120.29KB
2025-7-18 10:36:34-debug: refresh db internal success
2025-7-18 10:36:34-debug: %cImport%c: /Users/zhao/Desktop/test/cocos-creator/PlaneFight/assets/Scripts/EmemyBox.tsbackground: #aaff85; color: #000;color: #000;
2025-7-18 10:36:34-debug: refresh db assets success
2025-7-18 10:36:34-debug: Run asset db hook engine-extends:afterRefresh ...
2025-7-18 10:36:34-debug: Run asset db hook engine-extends:afterRefresh success!
2025-7-18 10:36:34-debug: asset-db:refresh-all-database (30ms)
2025-7-18 10:36:34-debug: asset-db:worker-effect-data-processing (1ms)
2025-7-18 10:36:34-debug: asset-db-hook-engine-extends-afterRefresh (1ms)
2025-7-18 10:36:40-debug: Query all assets info in project
2025-7-18 10:36:40-debug: init custom config: keepNodeUuid: false, useCache: true
2025-7-18 10:36:40-debug: Skip compress image, progress: 0%
2025-7-18 10:36:40-debug: Init all bundles start..., progress: 0%
2025-7-18 10:36:40-debug: Num of bundles: 2..., progress: 0%
2025-7-18 10:36:40-debug: 查询 Asset Bundle start, progress: 0%
2025-7-18 10:36:40-debug: // ---- build task 查询 Asset Bundle ----
2025-7-18 10:36:40-debug: Init bundle root assets start..., progress: 0%
2025-7-18 10:36:40-debug: Query preload assets/scripts from cc.config.json: 60f7195c-ec2a-45eb-ba94-8955f60e81d0,1c02ae6f-4492-4915-b8f8-7492a3b1e4cd,810e96e4-e456-4468-9b59-f4e8f39732c0,efe8e2a3-eace-427b-b4f1-cb8a937ec77d,e9aa9a3e-5b2b-4ac7-a2c7-073de2b2b24f,8bbdbcdd-5cd4-4100-b6d5-b7c9625b6107,50f4348b-c883-4e2f-8f11-ce233b859fa1,fda095cb-831d-4601-ad94-846013963de8,f92806d7-1768-443f-afe8-12bcde84d0f0,dd3a144d-ab7f-41f0-82b8-2e43a090d496,f0416e68-0200-4b77-a926-4f9d16e494da,970b0598-bcb0-4714-91fb-2e81440dccd8,bcd64cc6-2dd9-43f6-abbe-66318d332032,d930590d-bb92-4cc8-8bd1-23cd027f9edf,a3cd009f-0ab0-420d-9278-b9fdab939bbc,6a2d0734-bd9e-4ddf-946e-caa52498cb75,c27215d8-6835-4b68-bfbb-bdeac6100c04,b5d6115f-0370-4d7c-aad3-c194cc71cf98,871c3b6c-7379-419d-bda3-794b239ab90d,ff9b0199-ce04-4cfe-86cc-6c719f08d6e4,de1c2107-70c8-4021-8459-6399f24d01c6,cbf30902-517f-40dc-af90-a550bac27cf1
2025-7-18 10:36:40-debug: Init bundle root assets success..., progress: 0%
2025-7-18 10:36:40-debug:   Number of all scripts: 10
2025-7-18 10:36:40-debug:   Number of other assets: 498
2025-7-18 10:36:40-debug:   Number of all scenes: 1
2025-7-18 10:36:40-debug: // ---- build task 查询 Asset Bundle ---- (2ms)
2025-7-18 10:36:40-debug: 查询 Asset Bundle start, progress: 5%
2025-7-18 10:36:40-debug: [Build Memory track]: 查询 Asset Bundle start:204.27MB, end 203.97MB, increase: -308.14KB
2025-7-18 10:36:40-debug: // ---- build task 查询 Asset Bundle ----
2025-7-18 10:36:40-log: run build task 查询 Asset Bundle success in 2 ms√, progress: 5%
2025-7-18 10:36:40-log: run build task 查询 Asset Bundle success in √, progress: 10%
2025-7-18 10:36:40-debug: [Build Memory track]: 查询 Asset Bundle start:203.99MB, end 204.09MB, increase: 97.56KB
2025-7-18 10:36:40-debug: 整理部分构建选项内数据到 settings.json start, progress: 10%
2025-7-18 10:36:40-debug: // ---- build task 整理部分构建选项内数据到 settings.json ----
2025-7-18 10:36:40-log: run build task 整理部分构建选项内数据到 settings.json success in √, progress: 12%
2025-7-18 10:36:40-debug: [Build Memory track]: 整理部分构建选项内数据到 settings.json start:204.11MB, end 204.13MB, increase: 15.52KB
2025-7-18 10:36:40-debug: 填充脚本数据到 settings.json start, progress: 12%
2025-7-18 10:36:40-debug: // ---- build task 填充脚本数据到 settings.json ----
2025-7-18 10:36:40-debug: // ---- build task 填充脚本数据到 settings.json ---- (1ms)
2025-7-18 10:36:40-debug: 整理部分构建选项内数据到 settings.json start, progress: 13%
2025-7-18 10:36:40-debug: [Build Memory track]: 填充脚本数据到 settings.json start:204.15MB, end 204.18MB, increase: 22.96KB
2025-7-18 10:36:40-debug: // ---- build task 整理部分构建选项内数据到 settings.json ----
2025-7-18 10:36:40-log: run build task 填充脚本数据到 settings.json success in 1 ms√, progress: 13%
2025-7-18 10:36:40-log: run build task 整理部分构建选项内数据到 settings.json success in √, progress: 15%
2025-7-18 10:36:40-debug: [Build Memory track]: 整理部分构建选项内数据到 settings.json start:204.20MB, end 204.32MB, increase: 121.66KB
2025-7-18 10:37:01-debug: refresh db internal success
2025-7-18 10:37:01-debug: %cImport%c: /Users/zhao/Desktop/test/cocos-creator/PlaneFight/assets/Scripts/EmemyBox.tsbackground: #aaff85; color: #000;color: #000;
2025-7-18 10:37:01-debug: refresh db assets success
2025-7-18 10:37:01-debug: Run asset db hook engine-extends:afterRefresh ...
2025-7-18 10:37:01-debug: Run asset db hook engine-extends:afterRefresh success!
2025-7-18 10:37:01-debug: asset-db:refresh-all-database (17ms)
2025-7-18 10:37:01-debug: asset-db-hook-engine-extends-afterRefresh (1ms)
2025-7-18 10:37:37-debug: refresh db internal success
2025-7-18 10:37:37-debug: %cImport%c: /Users/zhao/Desktop/test/cocos-creator/PlaneFight/assets/Scripts/EmemyBox.tsbackground: #aaff85; color: #000;color: #000;
2025-7-18 10:37:37-debug: refresh db assets success
2025-7-18 10:37:37-debug: Run asset db hook engine-extends:afterRefresh ...
2025-7-18 10:37:37-debug: Run asset db hook engine-extends:afterRefresh success!
2025-7-18 10:37:37-debug: asset-db:refresh-all-database (36ms)
2025-7-18 10:37:37-debug: asset-db-hook-engine-extends-afterRefresh (1ms)
2025-7-18 10:37:46-debug: refresh db internal success
2025-7-18 10:37:46-debug: %cImport%c: /Users/zhao/Desktop/test/cocos-creator/PlaneFight/assets/Scripts/EmemyBox.tsbackground: #aaff85; color: #000;color: #000;
2025-7-18 10:37:46-debug: refresh db assets success
2025-7-18 10:37:46-debug: Run asset db hook engine-extends:afterRefresh ...
2025-7-18 10:37:46-debug: Run asset db hook engine-extends:afterRefresh success!
2025-7-18 10:37:46-debug: asset-db:refresh-all-database (20ms)
2025-7-18 10:37:55-debug: refresh db internal success
2025-7-18 10:37:55-debug: refresh db assets success
2025-7-18 10:37:55-debug: Run asset db hook engine-extends:afterRefresh ...
2025-7-18 10:37:55-debug: Run asset db hook engine-extends:afterRefresh success!
2025-7-18 10:37:55-debug: asset-db:refresh-all-database (17ms)
2025-7-18 10:37:55-debug: asset-db:worker-effect-data-processing (1ms)
2025-7-18 10:37:55-debug: asset-db-hook-engine-extends-afterRefresh (1ms)
2025-7-18 10:37:57-debug: %cImport%c: /Users/zhao/Desktop/test/cocos-creator/PlaneFight/assets/Scenes/Start.scenebackground: #aaff85; color: #000;color: #000;
2025-7-18 10:37:57-debug: asset-db:reimport-asset2fda4d65-a1e9-4078-8250-de49b04cdc34 (4ms)
2025-7-18 10:38:05-debug: Query all assets info in project
2025-7-18 10:38:05-debug: init custom config: keepNodeUuid: false, useCache: true
2025-7-18 10:38:05-debug: Skip compress image, progress: 0%
2025-7-18 10:38:05-debug: Init all bundles start..., progress: 0%
2025-7-18 10:38:05-debug: Num of bundles: 2..., progress: 0%
2025-7-18 10:38:05-debug: Init bundle root assets start..., progress: 0%
2025-7-18 10:38:05-debug: 查询 Asset Bundle start, progress: 0%
2025-7-18 10:38:05-debug: // ---- build task 查询 Asset Bundle ----
2025-7-18 10:38:05-debug: Query preload assets/scripts from cc.config.json: 60f7195c-ec2a-45eb-ba94-8955f60e81d0,1c02ae6f-4492-4915-b8f8-7492a3b1e4cd,810e96e4-e456-4468-9b59-f4e8f39732c0,efe8e2a3-eace-427b-b4f1-cb8a937ec77d,e9aa9a3e-5b2b-4ac7-a2c7-073de2b2b24f,8bbdbcdd-5cd4-4100-b6d5-b7c9625b6107,50f4348b-c883-4e2f-8f11-ce233b859fa1,fda095cb-831d-4601-ad94-846013963de8,f92806d7-1768-443f-afe8-12bcde84d0f0,dd3a144d-ab7f-41f0-82b8-2e43a090d496,f0416e68-0200-4b77-a926-4f9d16e494da,970b0598-bcb0-4714-91fb-2e81440dccd8,bcd64cc6-2dd9-43f6-abbe-66318d332032,d930590d-bb92-4cc8-8bd1-23cd027f9edf,a3cd009f-0ab0-420d-9278-b9fdab939bbc,6a2d0734-bd9e-4ddf-946e-caa52498cb75,c27215d8-6835-4b68-bfbb-bdeac6100c04,b5d6115f-0370-4d7c-aad3-c194cc71cf98,871c3b6c-7379-419d-bda3-794b239ab90d,ff9b0199-ce04-4cfe-86cc-6c719f08d6e4,de1c2107-70c8-4021-8459-6399f24d01c6,cbf30902-517f-40dc-af90-a550bac27cf1
2025-7-18 10:38:05-debug: Init bundle root assets success..., progress: 0%
2025-7-18 10:38:05-debug:   Number of all scripts: 10
2025-7-18 10:38:05-debug:   Number of other assets: 498
2025-7-18 10:38:05-debug:   Number of all scenes: 1
2025-7-18 10:38:05-debug: // ---- build task 查询 Asset Bundle ---- (1ms)
2025-7-18 10:38:05-log: run build task 查询 Asset Bundle success in 1 ms√, progress: 5%
2025-7-18 10:38:05-debug: 查询 Asset Bundle start, progress: 5%
2025-7-18 10:38:05-debug: [Build Memory track]: 查询 Asset Bundle start:206.51MB, end 207.12MB, increase: 631.20KB
2025-7-18 10:38:05-debug: // ---- build task 查询 Asset Bundle ----
2025-7-18 10:38:05-debug: // ---- build task 查询 Asset Bundle ---- (1ms)
2025-7-18 10:38:05-log: run build task 查询 Asset Bundle success in 1 ms√, progress: 10%
2025-7-18 10:38:05-debug: [Build Memory track]: 查询 Asset Bundle start:207.15MB, end 206.38MB, increase: -788.60KB
2025-7-18 10:38:05-debug: // ---- build task 整理部分构建选项内数据到 settings.json ----
2025-7-18 10:38:05-debug: 整理部分构建选项内数据到 settings.json start, progress: 10%
2025-7-18 10:38:05-log: run build task 整理部分构建选项内数据到 settings.json success in √, progress: 12%
2025-7-18 10:38:05-debug: 填充脚本数据到 settings.json start, progress: 12%
2025-7-18 10:38:05-debug: // ---- build task 填充脚本数据到 settings.json ----
2025-7-18 10:38:05-debug: [Build Memory track]: 整理部分构建选项内数据到 settings.json start:206.40MB, end 206.42MB, increase: 21.91KB
2025-7-18 10:38:05-log: run build task 填充脚本数据到 settings.json success in √, progress: 13%
2025-7-18 10:38:05-debug: 整理部分构建选项内数据到 settings.json start, progress: 13%
2025-7-18 10:38:05-debug: [Build Memory track]: 填充脚本数据到 settings.json start:206.45MB, end 206.46MB, increase: 16.11KB
2025-7-18 10:38:05-debug: // ---- build task 整理部分构建选项内数据到 settings.json ----
2025-7-18 10:38:05-debug: // ---- build task 整理部分构建选项内数据到 settings.json ---- (1ms)
2025-7-18 10:38:05-debug: [Build Memory track]: 整理部分构建选项内数据到 settings.json start:206.49MB, end 206.61MB, increase: 121.88KB
2025-7-18 10:38:05-log: run build task 整理部分构建选项内数据到 settings.json success in 1 ms√, progress: 15%
2025-7-18 10:38:27-debug: refresh db internal success
2025-7-18 10:38:27-debug: %cImport%c: /Users/zhao/Desktop/test/cocos-creator/PlaneFight/assets/Scripts/EmemyBox.tsbackground: #aaff85; color: #000;color: #000;
2025-7-18 10:38:27-debug: refresh db assets success
2025-7-18 10:38:27-debug: Run asset db hook engine-extends:afterRefresh ...
2025-7-18 10:38:27-debug: Run asset db hook engine-extends:afterRefresh success!
2025-7-18 10:38:27-debug: asset-db:refresh-all-database (24ms)
2025-7-18 10:38:27-debug: asset-db:worker-effect-data-processing (1ms)
2025-7-18 10:38:27-debug: asset-db-hook-engine-extends-afterRefresh (1ms)
2025-7-18 10:38:29-debug: %cImport%c: /Users/zhao/Desktop/test/cocos-creator/PlaneFight/assets/Scenes/Start.scenebackground: #aaff85; color: #000;color: #000;
2025-7-18 10:38:29-debug: asset-db:reimport-asset2fda4d65-a1e9-4078-8250-de49b04cdc34 (4ms)
2025-7-18 10:38:32-debug: Query all assets info in project
2025-7-18 10:38:32-debug: init custom config: keepNodeUuid: false, useCache: true
2025-7-18 10:38:32-debug: Skip compress image, progress: 0%
2025-7-18 10:38:32-debug: Init all bundles start..., progress: 0%
2025-7-18 10:38:32-debug: Num of bundles: 2..., progress: 0%
2025-7-18 10:38:32-debug: // ---- build task 查询 Asset Bundle ----
2025-7-18 10:38:32-debug: 查询 Asset Bundle start, progress: 0%
2025-7-18 10:38:32-debug: Init bundle root assets start..., progress: 0%
2025-7-18 10:38:32-debug: Query preload assets/scripts from cc.config.json: 60f7195c-ec2a-45eb-ba94-8955f60e81d0,1c02ae6f-4492-4915-b8f8-7492a3b1e4cd,810e96e4-e456-4468-9b59-f4e8f39732c0,efe8e2a3-eace-427b-b4f1-cb8a937ec77d,e9aa9a3e-5b2b-4ac7-a2c7-073de2b2b24f,8bbdbcdd-5cd4-4100-b6d5-b7c9625b6107,50f4348b-c883-4e2f-8f11-ce233b859fa1,fda095cb-831d-4601-ad94-846013963de8,f92806d7-1768-443f-afe8-12bcde84d0f0,dd3a144d-ab7f-41f0-82b8-2e43a090d496,f0416e68-0200-4b77-a926-4f9d16e494da,970b0598-bcb0-4714-91fb-2e81440dccd8,bcd64cc6-2dd9-43f6-abbe-66318d332032,d930590d-bb92-4cc8-8bd1-23cd027f9edf,a3cd009f-0ab0-420d-9278-b9fdab939bbc,6a2d0734-bd9e-4ddf-946e-caa52498cb75,c27215d8-6835-4b68-bfbb-bdeac6100c04,b5d6115f-0370-4d7c-aad3-c194cc71cf98,871c3b6c-7379-419d-bda3-794b239ab90d,ff9b0199-ce04-4cfe-86cc-6c719f08d6e4,de1c2107-70c8-4021-8459-6399f24d01c6,cbf30902-517f-40dc-af90-a550bac27cf1
2025-7-18 10:38:32-debug: Init bundle root assets success..., progress: 0%
2025-7-18 10:38:32-debug:   Number of other assets: 498
2025-7-18 10:38:32-debug:   Number of all scenes: 1
2025-7-18 10:38:32-debug:   Number of all scripts: 10
2025-7-18 10:38:32-debug: // ---- build task 查询 Asset Bundle ---- (1ms)
2025-7-18 10:38:32-log: run build task 查询 Asset Bundle success in 1 ms√, progress: 5%
2025-7-18 10:38:32-debug: [Build Memory track]: 查询 Asset Bundle start:207.02MB, end 207.63MB, increase: 631.19KB
2025-7-18 10:38:32-debug: 查询 Asset Bundle start, progress: 5%
2025-7-18 10:38:32-debug: // ---- build task 查询 Asset Bundle ----
2025-7-18 10:38:32-log: run build task 查询 Asset Bundle success in √, progress: 10%
2025-7-18 10:38:32-debug: 整理部分构建选项内数据到 settings.json start, progress: 10%
2025-7-18 10:38:32-debug: // ---- build task 整理部分构建选项内数据到 settings.json ----
2025-7-18 10:38:32-debug: [Build Memory track]: 查询 Asset Bundle start:207.66MB, end 207.07MB, increase: -605.77KB
2025-7-18 10:38:32-log: run build task 整理部分构建选项内数据到 settings.json success in √, progress: 12%
2025-7-18 10:38:32-debug: // ---- build task 填充脚本数据到 settings.json ----
2025-7-18 10:38:32-debug: 填充脚本数据到 settings.json start, progress: 12%
2025-7-18 10:38:32-debug: [Build Memory track]: 整理部分构建选项内数据到 settings.json start:207.09MB, end 207.11MB, increase: 15.40KB
2025-7-18 10:38:32-debug: // ---- build task 填充脚本数据到 settings.json ---- (1ms)
2025-7-18 10:38:32-debug: 整理部分构建选项内数据到 settings.json start, progress: 13%
2025-7-18 10:38:32-log: run build task 填充脚本数据到 settings.json success in 1 ms√, progress: 13%
2025-7-18 10:38:32-debug: [Build Memory track]: 填充脚本数据到 settings.json start:207.13MB, end 207.15MB, increase: 22.60KB
2025-7-18 10:38:32-debug: // ---- build task 整理部分构建选项内数据到 settings.json ----
2025-7-18 10:38:32-debug: // ---- build task 整理部分构建选项内数据到 settings.json ---- (1ms)
2025-7-18 10:38:32-debug: [Build Memory track]: 整理部分构建选项内数据到 settings.json start:207.18MB, end 207.30MB, increase: 122.89KB
2025-7-18 10:38:32-log: run build task 整理部分构建选项内数据到 settings.json success in 1 ms√, progress: 15%
2025-7-18 10:38:50-debug: refresh db internal success
2025-7-18 10:38:50-debug: refresh db assets success
2025-7-18 10:38:50-debug: Run asset db hook engine-extends:afterRefresh ...
2025-7-18 10:38:50-debug: Run asset db hook engine-extends:afterRefresh success!
2025-7-18 10:38:50-debug: asset-db:refresh-all-database (23ms)
2025-7-18 10:38:50-debug: asset-db:worker-effect-data-processing (1ms)
2025-7-18 10:38:50-debug: asset-db-hook-engine-extends-afterRefresh (1ms)
2025-7-18 10:39:17-debug: refresh db internal success
2025-7-18 10:39:17-debug: refresh db assets success
2025-7-18 10:39:17-debug: Run asset db hook engine-extends:afterRefresh ...
2025-7-18 10:39:17-debug: Run asset db hook engine-extends:afterRefresh success!
2025-7-18 10:39:17-debug: asset-db:refresh-all-database (24ms)
2025-7-18 10:39:17-debug: asset-db:worker-effect-data-processing (1ms)
2025-7-18 10:39:17-debug: asset-db-hook-engine-extends-afterRefresh (1ms)
2025-7-18 10:39:19-debug: %cImport%c: /Users/zhao/Desktop/test/cocos-creator/PlaneFight/assets/Scenes/Start.scenebackground: #aaff85; color: #000;color: #000;
2025-7-18 10:39:19-debug: asset-db:reimport-asset2fda4d65-a1e9-4078-8250-de49b04cdc34 (7ms)
2025-7-18 10:39:20-debug: %cImport%c: /Users/zhao/Desktop/test/cocos-creator/PlaneFight/assets/Scenes/Start.scenebackground: #aaff85; color: #000;color: #000;
2025-7-18 10:39:20-debug: asset-db:reimport-asset2fda4d65-a1e9-4078-8250-de49b04cdc34 (6ms)
2025-7-18 10:39:27-debug: Query all assets info in project
2025-7-18 10:39:27-debug: init custom config: keepNodeUuid: false, useCache: true
2025-7-18 10:39:27-debug: Skip compress image, progress: 0%
2025-7-18 10:39:27-debug: Init all bundles start..., progress: 0%
2025-7-18 10:39:27-debug: Num of bundles: 2..., progress: 0%
2025-7-18 10:39:27-debug: 查询 Asset Bundle start, progress: 0%
2025-7-18 10:39:27-debug: // ---- build task 查询 Asset Bundle ----
2025-7-18 10:39:27-debug: Init bundle root assets start..., progress: 0%
2025-7-18 10:39:27-debug: Query preload assets/scripts from cc.config.json: 60f7195c-ec2a-45eb-ba94-8955f60e81d0,1c02ae6f-4492-4915-b8f8-7492a3b1e4cd,810e96e4-e456-4468-9b59-f4e8f39732c0,efe8e2a3-eace-427b-b4f1-cb8a937ec77d,e9aa9a3e-5b2b-4ac7-a2c7-073de2b2b24f,8bbdbcdd-5cd4-4100-b6d5-b7c9625b6107,50f4348b-c883-4e2f-8f11-ce233b859fa1,fda095cb-831d-4601-ad94-846013963de8,f92806d7-1768-443f-afe8-12bcde84d0f0,dd3a144d-ab7f-41f0-82b8-2e43a090d496,f0416e68-0200-4b77-a926-4f9d16e494da,970b0598-bcb0-4714-91fb-2e81440dccd8,bcd64cc6-2dd9-43f6-abbe-66318d332032,d930590d-bb92-4cc8-8bd1-23cd027f9edf,a3cd009f-0ab0-420d-9278-b9fdab939bbc,6a2d0734-bd9e-4ddf-946e-caa52498cb75,c27215d8-6835-4b68-bfbb-bdeac6100c04,b5d6115f-0370-4d7c-aad3-c194cc71cf98,871c3b6c-7379-419d-bda3-794b239ab90d,ff9b0199-ce04-4cfe-86cc-6c719f08d6e4,de1c2107-70c8-4021-8459-6399f24d01c6,cbf30902-517f-40dc-af90-a550bac27cf1
2025-7-18 10:39:27-debug: Init bundle root assets success..., progress: 0%
2025-7-18 10:39:27-debug:   Number of all scenes: 1
2025-7-18 10:39:27-debug:   Number of other assets: 498
2025-7-18 10:39:27-debug:   Number of all scripts: 10
2025-7-18 10:39:27-debug: // ---- build task 查询 Asset Bundle ---- (1ms)
2025-7-18 10:39:27-log: run build task 查询 Asset Bundle success in 1 ms√, progress: 5%
2025-7-18 10:39:27-debug: [Build Memory track]: 查询 Asset Bundle start:208.16MB, end 208.78MB, increase: 633.73KB
2025-7-18 10:39:27-debug: 查询 Asset Bundle start, progress: 5%
2025-7-18 10:39:27-debug: // ---- build task 查询 Asset Bundle ----
2025-7-18 10:39:27-debug: // ---- build task 查询 Asset Bundle ---- (1ms)
2025-7-18 10:39:27-debug: // ---- build task 整理部分构建选项内数据到 settings.json ----
2025-7-18 10:39:27-log: run build task 查询 Asset Bundle success in 1 ms√, progress: 10%
2025-7-18 10:39:27-debug: 整理部分构建选项内数据到 settings.json start, progress: 10%
2025-7-18 10:39:27-debug: [Build Memory track]: 查询 Asset Bundle start:208.80MB, end 208.20MB, increase: -616.24KB
2025-7-18 10:39:27-log: run build task 整理部分构建选项内数据到 settings.json success in √, progress: 12%
2025-7-18 10:39:27-debug: [Build Memory track]: 整理部分构建选项内数据到 settings.json start:208.23MB, end 208.24MB, increase: 16.21KB
2025-7-18 10:39:27-debug: 填充脚本数据到 settings.json start, progress: 12%
2025-7-18 10:39:27-debug: // ---- build task 填充脚本数据到 settings.json ----
2025-7-18 10:39:27-debug: // ---- build task 填充脚本数据到 settings.json ---- (1ms)
2025-7-18 10:39:27-debug: [Build Memory track]: 填充脚本数据到 settings.json start:208.27MB, end 208.29MB, increase: 22.76KB
2025-7-18 10:39:27-debug: 整理部分构建选项内数据到 settings.json start, progress: 13%
2025-7-18 10:39:27-log: run build task 填充脚本数据到 settings.json success in 1 ms√, progress: 13%
2025-7-18 10:39:27-debug: // ---- build task 整理部分构建选项内数据到 settings.json ----
2025-7-18 10:39:27-debug: // ---- build task 整理部分构建选项内数据到 settings.json ---- (1ms)
2025-7-18 10:39:27-debug: [Build Memory track]: 整理部分构建选项内数据到 settings.json start:208.32MB, end 208.44MB, increase: 126.68KB
2025-7-18 10:39:27-log: run build task 整理部分构建选项内数据到 settings.json success in 1 ms√, progress: 15%
2025-7-18 10:39:48-debug: refresh db internal success
2025-7-18 10:39:48-debug: %cImport%c: /Users/zhao/Desktop/test/cocos-creator/PlaneFight/assets/Scripts/GameManager.tsbackground: #aaff85; color: #000;color: #000;
2025-7-18 10:39:48-debug: refresh db assets success
2025-7-18 10:39:48-debug: Run asset db hook engine-extends:afterRefresh ...
2025-7-18 10:39:48-debug: Run asset db hook engine-extends:afterRefresh success!
2025-7-18 10:39:48-debug: asset-db:refresh-all-database (24ms)
2025-7-18 10:39:48-debug: asset-db:worker-effect-data-processing (1ms)
2025-7-18 10:39:48-debug: asset-db-hook-engine-extends-afterRefresh (1ms)
2025-7-18 10:39:48-debug: %cImport%c: /Users/zhao/Desktop/test/cocos-creator/PlaneFight/assets/Scenes/Start.scenebackground: #aaff85; color: #000;color: #000;
2025-7-18 10:39:48-debug: asset-db:reimport-asset2fda4d65-a1e9-4078-8250-de49b04cdc34 (3ms)
2025-7-18 10:39:49-debug: %cImport%c: /Users/zhao/Desktop/test/cocos-creator/PlaneFight/assets/Scenes/Start.scenebackground: #aaff85; color: #000;color: #000;
2025-7-18 10:39:49-debug: asset-db:reimport-asset2fda4d65-a1e9-4078-8250-de49b04cdc34 (4ms)
2025-7-18 10:39:55-debug: Query all assets info in project
2025-7-18 10:39:55-debug: init custom config: keepNodeUuid: false, useCache: true
2025-7-18 10:39:55-debug: Skip compress image, progress: 0%
2025-7-18 10:39:55-debug: Init all bundles start..., progress: 0%
2025-7-18 10:39:55-debug: 查询 Asset Bundle start, progress: 0%
2025-7-18 10:39:55-debug: Init bundle root assets start..., progress: 0%
2025-7-18 10:39:55-debug: // ---- build task 查询 Asset Bundle ----
2025-7-18 10:39:55-debug: Num of bundles: 2..., progress: 0%
2025-7-18 10:39:55-debug: Query preload assets/scripts from cc.config.json: 60f7195c-ec2a-45eb-ba94-8955f60e81d0,1c02ae6f-4492-4915-b8f8-7492a3b1e4cd,810e96e4-e456-4468-9b59-f4e8f39732c0,efe8e2a3-eace-427b-b4f1-cb8a937ec77d,e9aa9a3e-5b2b-4ac7-a2c7-073de2b2b24f,8bbdbcdd-5cd4-4100-b6d5-b7c9625b6107,50f4348b-c883-4e2f-8f11-ce233b859fa1,fda095cb-831d-4601-ad94-846013963de8,f92806d7-1768-443f-afe8-12bcde84d0f0,dd3a144d-ab7f-41f0-82b8-2e43a090d496,f0416e68-0200-4b77-a926-4f9d16e494da,970b0598-bcb0-4714-91fb-2e81440dccd8,bcd64cc6-2dd9-43f6-abbe-66318d332032,d930590d-bb92-4cc8-8bd1-23cd027f9edf,a3cd009f-0ab0-420d-9278-b9fdab939bbc,6a2d0734-bd9e-4ddf-946e-caa52498cb75,c27215d8-6835-4b68-bfbb-bdeac6100c04,b5d6115f-0370-4d7c-aad3-c194cc71cf98,871c3b6c-7379-419d-bda3-794b239ab90d,ff9b0199-ce04-4cfe-86cc-6c719f08d6e4,de1c2107-70c8-4021-8459-6399f24d01c6,cbf30902-517f-40dc-af90-a550bac27cf1
2025-7-18 10:39:55-debug:   Number of other assets: 498
2025-7-18 10:39:55-debug:   Number of all scripts: 10
2025-7-18 10:39:55-debug: Init bundle root assets success..., progress: 0%
2025-7-18 10:39:55-debug:   Number of all scenes: 1
2025-7-18 10:39:55-debug: // ---- build task 查询 Asset Bundle ---- (1ms)
2025-7-18 10:39:55-debug: 查询 Asset Bundle start, progress: 5%
2025-7-18 10:39:55-log: run build task 查询 Asset Bundle success in 1 ms√, progress: 5%
2025-7-18 10:39:55-debug: [Build Memory track]: 查询 Asset Bundle start:209.25MB, end 208.97MB, increase: -285.00KB
2025-7-18 10:39:55-debug: // ---- build task 查询 Asset Bundle ----
2025-7-18 10:39:55-debug: // ---- build task 查询 Asset Bundle ---- (1ms)
2025-7-18 10:39:55-debug: [Build Memory track]: 查询 Asset Bundle start:208.99MB, end 209.10MB, increase: 105.40KB
2025-7-18 10:39:55-debug: 整理部分构建选项内数据到 settings.json start, progress: 10%
2025-7-18 10:39:55-debug: // ---- build task 整理部分构建选项内数据到 settings.json ----
2025-7-18 10:39:55-log: run build task 查询 Asset Bundle success in 1 ms√, progress: 10%
2025-7-18 10:39:55-log: run build task 整理部分构建选项内数据到 settings.json success in √, progress: 12%
2025-7-18 10:39:55-debug: 填充脚本数据到 settings.json start, progress: 12%
2025-7-18 10:39:55-debug: // ---- build task 填充脚本数据到 settings.json ----
2025-7-18 10:39:55-debug: [Build Memory track]: 整理部分构建选项内数据到 settings.json start:209.12MB, end 209.14MB, increase: 15.97KB
2025-7-18 10:39:55-log: run build task 填充脚本数据到 settings.json success in √, progress: 13%
2025-7-18 10:39:55-debug: 整理部分构建选项内数据到 settings.json start, progress: 13%
2025-7-18 10:39:55-debug: [Build Memory track]: 填充脚本数据到 settings.json start:209.16MB, end 209.18MB, increase: 14.79KB
2025-7-18 10:39:55-debug: // ---- build task 整理部分构建选项内数据到 settings.json ----
2025-7-18 10:39:55-debug: // ---- build task 整理部分构建选项内数据到 settings.json ---- (1ms)
2025-7-18 10:39:55-log: run build task 整理部分构建选项内数据到 settings.json success in 1 ms√, progress: 15%
2025-7-18 10:39:55-debug: [Build Memory track]: 整理部分构建选项内数据到 settings.json start:209.20MB, end 209.32MB, increase: 121.68KB
2025-7-18 10:39:58-debug: Query all assets info in project
2025-7-18 10:39:58-debug: init custom config: keepNodeUuid: false, useCache: true
2025-7-18 10:39:58-debug: Skip compress image, progress: 0%
2025-7-18 10:39:58-debug: Init all bundles start..., progress: 0%
2025-7-18 10:39:58-debug: 查询 Asset Bundle start, progress: 0%
2025-7-18 10:39:58-debug: // ---- build task 查询 Asset Bundle ----
2025-7-18 10:39:58-debug: Num of bundles: 2..., progress: 0%
2025-7-18 10:39:58-debug: Init bundle root assets start..., progress: 0%
2025-7-18 10:39:58-debug: Query preload assets/scripts from cc.config.json: 60f7195c-ec2a-45eb-ba94-8955f60e81d0,1c02ae6f-4492-4915-b8f8-7492a3b1e4cd,810e96e4-e456-4468-9b59-f4e8f39732c0,efe8e2a3-eace-427b-b4f1-cb8a937ec77d,e9aa9a3e-5b2b-4ac7-a2c7-073de2b2b24f,8bbdbcdd-5cd4-4100-b6d5-b7c9625b6107,50f4348b-c883-4e2f-8f11-ce233b859fa1,fda095cb-831d-4601-ad94-846013963de8,f92806d7-1768-443f-afe8-12bcde84d0f0,dd3a144d-ab7f-41f0-82b8-2e43a090d496,f0416e68-0200-4b77-a926-4f9d16e494da,970b0598-bcb0-4714-91fb-2e81440dccd8,bcd64cc6-2dd9-43f6-abbe-66318d332032,d930590d-bb92-4cc8-8bd1-23cd027f9edf,a3cd009f-0ab0-420d-9278-b9fdab939bbc,6a2d0734-bd9e-4ddf-946e-caa52498cb75,c27215d8-6835-4b68-bfbb-bdeac6100c04,b5d6115f-0370-4d7c-aad3-c194cc71cf98,871c3b6c-7379-419d-bda3-794b239ab90d,ff9b0199-ce04-4cfe-86cc-6c719f08d6e4,de1c2107-70c8-4021-8459-6399f24d01c6,cbf30902-517f-40dc-af90-a550bac27cf1
2025-7-18 10:39:58-debug:   Number of other assets: 498
2025-7-18 10:39:58-debug:   Number of all scripts: 10
2025-7-18 10:39:58-debug: Init bundle root assets success..., progress: 0%
2025-7-18 10:39:58-debug:   Number of all scenes: 1
2025-7-18 10:39:58-debug: // ---- build task 查询 Asset Bundle ---- (1ms)
2025-7-18 10:39:58-debug: 查询 Asset Bundle start, progress: 5%
2025-7-18 10:39:58-debug: [Build Memory track]: 查询 Asset Bundle start:209.48MB, end 209.19MB, increase: -300.34KB
2025-7-18 10:39:58-log: run build task 查询 Asset Bundle success in 1 ms√, progress: 5%
2025-7-18 10:39:58-debug: // ---- build task 查询 Asset Bundle ----
2025-7-18 10:39:58-debug: // ---- build task 查询 Asset Bundle ---- (1ms)
2025-7-18 10:39:58-debug: [Build Memory track]: 查询 Asset Bundle start:209.21MB, end 209.32MB, increase: 105.77KB
2025-7-18 10:39:58-debug: 整理部分构建选项内数据到 settings.json start, progress: 10%
2025-7-18 10:39:58-log: run build task 查询 Asset Bundle success in 1 ms√, progress: 10%
2025-7-18 10:39:58-debug: // ---- build task 整理部分构建选项内数据到 settings.json ----
2025-7-18 10:39:58-log: run build task 整理部分构建选项内数据到 settings.json success in √, progress: 12%
2025-7-18 10:39:58-debug: // ---- build task 填充脚本数据到 settings.json ----
2025-7-18 10:39:58-debug: 填充脚本数据到 settings.json start, progress: 12%
2025-7-18 10:39:58-debug: [Build Memory track]: 整理部分构建选项内数据到 settings.json start:209.34MB, end 209.36MB, increase: 15.32KB
2025-7-18 10:39:58-log: run build task 填充脚本数据到 settings.json success in √, progress: 13%
2025-7-18 10:39:58-debug: 整理部分构建选项内数据到 settings.json start, progress: 13%
2025-7-18 10:39:58-debug: [Build Memory track]: 填充脚本数据到 settings.json start:209.38MB, end 209.40MB, increase: 15.43KB
2025-7-18 10:39:58-debug: // ---- build task 整理部分构建选项内数据到 settings.json ----
2025-7-18 10:39:58-log: run build task 整理部分构建选项内数据到 settings.json success in √, progress: 15%
2025-7-18 10:39:58-debug: [Build Memory track]: 整理部分构建选项内数据到 settings.json start:209.42MB, end 209.53MB, increase: 113.61KB
2025-7-18 10:40:16-debug: Query all assets info in project
2025-7-18 10:40:16-debug: init custom config: keepNodeUuid: false, useCache: true
2025-7-18 10:40:16-debug: Skip compress image, progress: 0%
2025-7-18 10:40:16-debug: Init all bundles start..., progress: 0%
2025-7-18 10:40:16-debug: // ---- build task 查询 Asset Bundle ----
2025-7-18 10:40:16-debug: Num of bundles: 2..., progress: 0%
2025-7-18 10:40:16-debug: 查询 Asset Bundle start, progress: 0%
2025-7-18 10:40:16-debug: Init bundle root assets start..., progress: 0%
2025-7-18 10:40:16-debug: Query preload assets/scripts from cc.config.json: 60f7195c-ec2a-45eb-ba94-8955f60e81d0,1c02ae6f-4492-4915-b8f8-7492a3b1e4cd,810e96e4-e456-4468-9b59-f4e8f39732c0,efe8e2a3-eace-427b-b4f1-cb8a937ec77d,e9aa9a3e-5b2b-4ac7-a2c7-073de2b2b24f,8bbdbcdd-5cd4-4100-b6d5-b7c9625b6107,50f4348b-c883-4e2f-8f11-ce233b859fa1,fda095cb-831d-4601-ad94-846013963de8,f92806d7-1768-443f-afe8-12bcde84d0f0,dd3a144d-ab7f-41f0-82b8-2e43a090d496,f0416e68-0200-4b77-a926-4f9d16e494da,970b0598-bcb0-4714-91fb-2e81440dccd8,bcd64cc6-2dd9-43f6-abbe-66318d332032,d930590d-bb92-4cc8-8bd1-23cd027f9edf,a3cd009f-0ab0-420d-9278-b9fdab939bbc,6a2d0734-bd9e-4ddf-946e-caa52498cb75,c27215d8-6835-4b68-bfbb-bdeac6100c04,b5d6115f-0370-4d7c-aad3-c194cc71cf98,871c3b6c-7379-419d-bda3-794b239ab90d,ff9b0199-ce04-4cfe-86cc-6c719f08d6e4,de1c2107-70c8-4021-8459-6399f24d01c6,cbf30902-517f-40dc-af90-a550bac27cf1
2025-7-18 10:40:16-debug:   Number of all scripts: 10
2025-7-18 10:40:16-debug:   Number of all scenes: 1
2025-7-18 10:40:16-debug:   Number of other assets: 498
2025-7-18 10:40:16-debug: Init bundle root assets success..., progress: 0%
2025-7-18 10:40:16-debug: // ---- build task 查询 Asset Bundle ---- (2ms)
2025-7-18 10:40:16-log: run build task 查询 Asset Bundle success in 2 ms√, progress: 5%
2025-7-18 10:40:16-debug: // ---- build task 查询 Asset Bundle ----
2025-7-18 10:40:16-debug: 查询 Asset Bundle start, progress: 5%
2025-7-18 10:40:16-debug: [Build Memory track]: 查询 Asset Bundle start:209.58MB, end 209.30MB, increase: -285.79KB
2025-7-18 10:40:16-log: run build task 查询 Asset Bundle success in √, progress: 10%
2025-7-18 10:40:16-debug: 整理部分构建选项内数据到 settings.json start, progress: 10%
2025-7-18 10:40:16-debug: [Build Memory track]: 查询 Asset Bundle start:209.33MB, end 209.42MB, increase: 97.80KB
2025-7-18 10:40:16-debug: // ---- build task 整理部分构建选项内数据到 settings.json ----
2025-7-18 10:40:16-log: run build task 整理部分构建选项内数据到 settings.json success in √, progress: 12%
2025-7-18 10:40:16-debug: [Build Memory track]: 整理部分构建选项内数据到 settings.json start:209.45MB, end 209.46MB, increase: 15.34KB
2025-7-18 10:40:16-debug: 填充脚本数据到 settings.json start, progress: 12%
2025-7-18 10:40:16-debug: // ---- build task 填充脚本数据到 settings.json ----
2025-7-18 10:40:16-log: run build task 填充脚本数据到 settings.json success in √, progress: 13%
2025-7-18 10:40:16-debug: 整理部分构建选项内数据到 settings.json start, progress: 13%
2025-7-18 10:40:16-debug: [Build Memory track]: 填充脚本数据到 settings.json start:209.49MB, end 209.50MB, increase: 14.84KB
2025-7-18 10:40:16-debug: // ---- build task 整理部分构建选项内数据到 settings.json ----
2025-7-18 10:40:16-log: run build task 整理部分构建选项内数据到 settings.json success in √, progress: 15%
2025-7-18 10:40:16-debug: [Build Memory track]: 整理部分构建选项内数据到 settings.json start:209.53MB, end 209.64MB, increase: 113.63KB
2025-7-18 10:40:55-debug: refresh db internal success
2025-7-18 10:40:55-debug: %cImport%c: /Users/zhao/Desktop/test/cocos-creator/PlaneFight/assets/Scripts/GameManager.tsbackground: #aaff85; color: #000;color: #000;
2025-7-18 10:40:55-debug: refresh db assets success
2025-7-18 10:40:55-debug: Run asset db hook engine-extends:afterRefresh ...
2025-7-18 10:40:55-debug: Run asset db hook engine-extends:afterRefresh success!
2025-7-18 10:40:55-debug: asset-db:refresh-all-database (47ms)
2025-7-18 10:40:55-debug: asset-db-hook-engine-extends-afterRefresh (1ms)
2025-7-18 10:41:20-debug: refresh db internal success
2025-7-18 10:41:20-debug: %cImport%c: /Users/zhao/Desktop/test/cocos-creator/PlaneFight/assets/Scripts/EmemyBox.tsbackground: #aaff85; color: #000;color: #000;
2025-7-18 10:41:20-debug: refresh db assets success
2025-7-18 10:41:20-debug: Run asset db hook engine-extends:afterRefresh ...
2025-7-18 10:41:20-debug: Run asset db hook engine-extends:afterRefresh success!
2025-7-18 10:41:20-debug: asset-db:refresh-all-database (23ms)
2025-7-18 10:41:20-debug: asset-db:worker-effect-data-processing (1ms)
2025-7-18 10:41:20-debug: asset-db-hook-engine-extends-afterRefresh (1ms)
2025-7-18 10:41:21-debug: %cImport%c: /Users/zhao/Desktop/test/cocos-creator/PlaneFight/assets/Scenes/Start.scenebackground: #aaff85; color: #000;color: #000;
2025-7-18 10:41:21-debug: asset-db:reimport-asset2fda4d65-a1e9-4078-8250-de49b04cdc34 (6ms)
2025-7-18 10:41:25-debug: Query all assets info in project
2025-7-18 10:41:25-debug: init custom config: keepNodeUuid: false, useCache: true
2025-7-18 10:41:25-debug: Skip compress image, progress: 0%
2025-7-18 10:41:25-debug: Init all bundles start..., progress: 0%
2025-7-18 10:41:25-debug: Init bundle root assets start..., progress: 0%
2025-7-18 10:41:25-debug: 查询 Asset Bundle start, progress: 0%
2025-7-18 10:41:25-debug: // ---- build task 查询 Asset Bundle ----
2025-7-18 10:41:25-debug: Num of bundles: 2..., progress: 0%
2025-7-18 10:41:25-debug: Query preload assets/scripts from cc.config.json: 60f7195c-ec2a-45eb-ba94-8955f60e81d0,1c02ae6f-4492-4915-b8f8-7492a3b1e4cd,810e96e4-e456-4468-9b59-f4e8f39732c0,efe8e2a3-eace-427b-b4f1-cb8a937ec77d,e9aa9a3e-5b2b-4ac7-a2c7-073de2b2b24f,8bbdbcdd-5cd4-4100-b6d5-b7c9625b6107,50f4348b-c883-4e2f-8f11-ce233b859fa1,fda095cb-831d-4601-ad94-846013963de8,f92806d7-1768-443f-afe8-12bcde84d0f0,dd3a144d-ab7f-41f0-82b8-2e43a090d496,f0416e68-0200-4b77-a926-4f9d16e494da,970b0598-bcb0-4714-91fb-2e81440dccd8,bcd64cc6-2dd9-43f6-abbe-66318d332032,d930590d-bb92-4cc8-8bd1-23cd027f9edf,a3cd009f-0ab0-420d-9278-b9fdab939bbc,6a2d0734-bd9e-4ddf-946e-caa52498cb75,c27215d8-6835-4b68-bfbb-bdeac6100c04,b5d6115f-0370-4d7c-aad3-c194cc71cf98,871c3b6c-7379-419d-bda3-794b239ab90d,ff9b0199-ce04-4cfe-86cc-6c719f08d6e4,de1c2107-70c8-4021-8459-6399f24d01c6,cbf30902-517f-40dc-af90-a550bac27cf1
2025-7-18 10:41:25-debug:   Number of other assets: 498
2025-7-18 10:41:25-debug:   Number of all scripts: 10
2025-7-18 10:41:25-debug: Init bundle root assets success..., progress: 0%
2025-7-18 10:41:25-debug:   Number of all scenes: 1
2025-7-18 10:41:25-debug: // ---- build task 查询 Asset Bundle ---- (1ms)
2025-7-18 10:41:25-debug: [Build Memory track]: 查询 Asset Bundle start:210.38MB, end 210.29MB, increase: -90.13KB
2025-7-18 10:41:25-debug: 查询 Asset Bundle start, progress: 5%
2025-7-18 10:41:25-debug: // ---- build task 查询 Asset Bundle ----
2025-7-18 10:41:25-log: run build task 查询 Asset Bundle success in 1 ms√, progress: 5%
2025-7-18 10:41:25-debug: // ---- build task 查询 Asset Bundle ---- (1ms)
2025-7-18 10:41:25-log: run build task 查询 Asset Bundle success in 1 ms√, progress: 10%
2025-7-18 10:41:25-debug: // ---- build task 整理部分构建选项内数据到 settings.json ----
2025-7-18 10:41:25-debug: 整理部分构建选项内数据到 settings.json start, progress: 10%
2025-7-18 10:41:25-debug: [Build Memory track]: 查询 Asset Bundle start:210.31MB, end 210.42MB, increase: 105.67KB
2025-7-18 10:41:25-log: run build task 整理部分构建选项内数据到 settings.json success in √, progress: 12%
2025-7-18 10:41:25-debug: [Build Memory track]: 整理部分构建选项内数据到 settings.json start:210.44MB, end 209.72MB, increase: -743.73KB
2025-7-18 10:41:25-debug: 填充脚本数据到 settings.json start, progress: 12%
2025-7-18 10:41:25-debug: // ---- build task 填充脚本数据到 settings.json ----
2025-7-18 10:41:25-debug: // ---- build task 填充脚本数据到 settings.json ---- (1ms)
2025-7-18 10:41:25-log: run build task 填充脚本数据到 settings.json success in 1 ms√, progress: 13%
2025-7-18 10:41:25-debug: [Build Memory track]: 填充脚本数据到 settings.json start:209.74MB, end 209.76MB, increase: 23.96KB
2025-7-18 10:41:25-debug: // ---- build task 整理部分构建选项内数据到 settings.json ----
2025-7-18 10:41:25-debug: 整理部分构建选项内数据到 settings.json start, progress: 13%
2025-7-18 10:41:25-debug: // ---- build task 整理部分构建选项内数据到 settings.json ---- (1ms)
2025-7-18 10:41:25-log: run build task 整理部分构建选项内数据到 settings.json success in 1 ms√, progress: 15%
2025-7-18 10:41:25-debug: [Build Memory track]: 整理部分构建选项内数据到 settings.json start:209.79MB, end 209.91MB, increase: 122.16KB
2025-7-18 10:41:37-debug: refresh db internal success
2025-7-18 10:41:37-debug: %cImport%c: /Users/zhao/Desktop/test/cocos-creator/PlaneFight/assets/Scripts/EmemyBox.tsbackground: #aaff85; color: #000;color: #000;
2025-7-18 10:41:37-debug: refresh db assets success
2025-7-18 10:41:37-debug: Run asset db hook engine-extends:afterRefresh ...
2025-7-18 10:41:37-debug: Run asset db hook engine-extends:afterRefresh success!
2025-7-18 10:41:37-debug: asset-db:refresh-all-database (25ms)
2025-7-18 10:41:38-debug: Query all assets info in project
2025-7-18 10:41:38-debug: init custom config: keepNodeUuid: false, useCache: true
2025-7-18 10:41:38-debug: Skip compress image, progress: 0%
2025-7-18 10:41:38-debug: Init all bundles start..., progress: 0%
2025-7-18 10:41:38-debug: 查询 Asset Bundle start, progress: 0%
2025-7-18 10:41:38-debug: // ---- build task 查询 Asset Bundle ----
2025-7-18 10:41:38-debug: Num of bundles: 2..., progress: 0%
2025-7-18 10:41:38-debug: Init bundle root assets start..., progress: 0%
2025-7-18 10:41:38-debug: Query preload assets/scripts from cc.config.json: 60f7195c-ec2a-45eb-ba94-8955f60e81d0,1c02ae6f-4492-4915-b8f8-7492a3b1e4cd,810e96e4-e456-4468-9b59-f4e8f39732c0,efe8e2a3-eace-427b-b4f1-cb8a937ec77d,e9aa9a3e-5b2b-4ac7-a2c7-073de2b2b24f,8bbdbcdd-5cd4-4100-b6d5-b7c9625b6107,50f4348b-c883-4e2f-8f11-ce233b859fa1,fda095cb-831d-4601-ad94-846013963de8,f92806d7-1768-443f-afe8-12bcde84d0f0,dd3a144d-ab7f-41f0-82b8-2e43a090d496,f0416e68-0200-4b77-a926-4f9d16e494da,970b0598-bcb0-4714-91fb-2e81440dccd8,bcd64cc6-2dd9-43f6-abbe-66318d332032,d930590d-bb92-4cc8-8bd1-23cd027f9edf,a3cd009f-0ab0-420d-9278-b9fdab939bbc,6a2d0734-bd9e-4ddf-946e-caa52498cb75,c27215d8-6835-4b68-bfbb-bdeac6100c04,b5d6115f-0370-4d7c-aad3-c194cc71cf98,871c3b6c-7379-419d-bda3-794b239ab90d,ff9b0199-ce04-4cfe-86cc-6c719f08d6e4,de1c2107-70c8-4021-8459-6399f24d01c6,cbf30902-517f-40dc-af90-a550bac27cf1
2025-7-18 10:41:38-debug:   Number of all scripts: 10
2025-7-18 10:41:38-debug:   Number of other assets: 498
2025-7-18 10:41:38-debug: Init bundle root assets success..., progress: 0%
2025-7-18 10:41:38-debug:   Number of all scenes: 1
2025-7-18 10:41:38-debug: // ---- build task 查询 Asset Bundle ---- (1ms)
2025-7-18 10:41:38-debug: 查询 Asset Bundle start, progress: 5%
2025-7-18 10:41:38-debug: [Build Memory track]: 查询 Asset Bundle start:210.36MB, end 210.11MB, increase: -253.26KB
2025-7-18 10:41:38-log: run build task 查询 Asset Bundle success in 1 ms√, progress: 5%
2025-7-18 10:41:38-debug: // ---- build task 查询 Asset Bundle ----
2025-7-18 10:41:38-log: run build task 查询 Asset Bundle success in √, progress: 10%
2025-7-18 10:41:38-debug: [Build Memory track]: 查询 Asset Bundle start:210.14MB, end 210.23MB, increase: 98.13KB
2025-7-18 10:41:38-debug: // ---- build task 整理部分构建选项内数据到 settings.json ----
2025-7-18 10:41:38-debug: 整理部分构建选项内数据到 settings.json start, progress: 10%
2025-7-18 10:41:38-debug: // ---- build task 整理部分构建选项内数据到 settings.json ---- (1ms)
2025-7-18 10:41:38-log: run build task 整理部分构建选项内数据到 settings.json success in 1 ms√, progress: 12%
2025-7-18 10:41:38-debug: [Build Memory track]: 整理部分构建选项内数据到 settings.json start:210.26MB, end 210.28MB, increase: 23.14KB
2025-7-18 10:41:38-debug: 填充脚本数据到 settings.json start, progress: 12%
2025-7-18 10:41:38-debug: // ---- build task 填充脚本数据到 settings.json ----
2025-7-18 10:41:38-log: run build task 填充脚本数据到 settings.json success in √, progress: 13%
2025-7-18 10:41:38-debug: [Build Memory track]: 填充脚本数据到 settings.json start:210.31MB, end 210.32MB, increase: 15.61KB
2025-7-18 10:41:38-debug: 整理部分构建选项内数据到 settings.json start, progress: 13%
2025-7-18 10:41:38-debug: // ---- build task 整理部分构建选项内数据到 settings.json ----
2025-7-18 10:41:38-debug: // ---- build task 整理部分构建选项内数据到 settings.json ---- (1ms)
2025-7-18 10:41:38-log: run build task 整理部分构建选项内数据到 settings.json success in 1 ms√, progress: 15%
2025-7-18 10:41:38-debug: [Build Memory track]: 整理部分构建选项内数据到 settings.json start:210.35MB, end 210.47MB, increase: 121.72KB
2025-7-18 10:41:43-debug: refresh db internal success
2025-7-18 10:41:43-debug: refresh db assets success
2025-7-18 10:41:43-debug: Run asset db hook engine-extends:afterRefresh ...
2025-7-18 10:41:43-debug: Run asset db hook engine-extends:afterRefresh success!
2025-7-18 10:41:43-debug: asset-db:refresh-all-database (28ms)
2025-7-18 10:42:00-debug: refresh db internal success
2025-7-18 10:42:00-debug: %cImport%c: /Users/zhao/Desktop/test/cocos-creator/PlaneFight/assets/Scripts/EmemyBox.tsbackground: #aaff85; color: #000;color: #000;
2025-7-18 10:42:00-debug: refresh db assets success
2025-7-18 10:42:00-debug: Run asset db hook engine-extends:afterRefresh success!
2025-7-18 10:42:00-debug: Run asset db hook engine-extends:afterRefresh ...
2025-7-18 10:42:00-debug: asset-db:refresh-all-database (25ms)
2025-7-18 10:42:00-debug: asset-db:worker-effect-data-processing (2ms)
2025-7-18 10:42:00-debug: asset-db-hook-engine-extends-afterRefresh (2ms)
2025-7-18 10:42:07-debug: %cImport%c: /Users/zhao/Desktop/test/cocos-creator/PlaneFight/assets/Scenes/Start.scenebackground: #aaff85; color: #000;color: #000;
2025-7-18 10:42:07-debug: asset-db:reimport-asset2fda4d65-a1e9-4078-8250-de49b04cdc34 (4ms)
2025-7-18 10:42:10-debug: Query all assets info in project
2025-7-18 10:42:10-debug: init custom config: keepNodeUuid: false, useCache: true
2025-7-18 10:42:10-debug: Skip compress image, progress: 0%
2025-7-18 10:42:10-debug: Init all bundles start..., progress: 0%
2025-7-18 10:42:10-debug: Num of bundles: 2..., progress: 0%
2025-7-18 10:42:10-debug: 查询 Asset Bundle start, progress: 0%
2025-7-18 10:42:10-debug: Init bundle root assets start..., progress: 0%
2025-7-18 10:42:10-debug: // ---- build task 查询 Asset Bundle ----
2025-7-18 10:42:10-debug: Query preload assets/scripts from cc.config.json: 60f7195c-ec2a-45eb-ba94-8955f60e81d0,1c02ae6f-4492-4915-b8f8-7492a3b1e4cd,810e96e4-e456-4468-9b59-f4e8f39732c0,efe8e2a3-eace-427b-b4f1-cb8a937ec77d,e9aa9a3e-5b2b-4ac7-a2c7-073de2b2b24f,8bbdbcdd-5cd4-4100-b6d5-b7c9625b6107,50f4348b-c883-4e2f-8f11-ce233b859fa1,fda095cb-831d-4601-ad94-846013963de8,f92806d7-1768-443f-afe8-12bcde84d0f0,dd3a144d-ab7f-41f0-82b8-2e43a090d496,f0416e68-0200-4b77-a926-4f9d16e494da,970b0598-bcb0-4714-91fb-2e81440dccd8,bcd64cc6-2dd9-43f6-abbe-66318d332032,d930590d-bb92-4cc8-8bd1-23cd027f9edf,a3cd009f-0ab0-420d-9278-b9fdab939bbc,6a2d0734-bd9e-4ddf-946e-caa52498cb75,c27215d8-6835-4b68-bfbb-bdeac6100c04,b5d6115f-0370-4d7c-aad3-c194cc71cf98,871c3b6c-7379-419d-bda3-794b239ab90d,ff9b0199-ce04-4cfe-86cc-6c719f08d6e4,de1c2107-70c8-4021-8459-6399f24d01c6,cbf30902-517f-40dc-af90-a550bac27cf1
2025-7-18 10:42:10-debug:   Number of all scripts: 10
2025-7-18 10:42:10-debug: Init bundle root assets success..., progress: 0%
2025-7-18 10:42:10-debug:   Number of other assets: 498
2025-7-18 10:42:10-debug:   Number of all scenes: 1
2025-7-18 10:42:10-debug: // ---- build task 查询 Asset Bundle ---- (1ms)
2025-7-18 10:42:10-debug: 查询 Asset Bundle start, progress: 5%
2025-7-18 10:42:10-debug: [Build Memory track]: 查询 Asset Bundle start:211.18MB, end 211.79MB, increase: 628.21KB
2025-7-18 10:42:10-debug: // ---- build task 查询 Asset Bundle ----
2025-7-18 10:42:10-log: run build task 查询 Asset Bundle success in 1 ms√, progress: 5%
2025-7-18 10:42:10-log: run build task 查询 Asset Bundle success in √, progress: 10%
2025-7-18 10:42:10-debug: [Build Memory track]: 查询 Asset Bundle start:211.81MB, end 211.19MB, increase: -639.85KB
2025-7-18 10:42:10-debug: 整理部分构建选项内数据到 settings.json start, progress: 10%
2025-7-18 10:42:10-debug: // ---- build task 整理部分构建选项内数据到 settings.json ----
2025-7-18 10:42:10-log: run build task 整理部分构建选项内数据到 settings.json success in √, progress: 12%
2025-7-18 10:42:10-debug: 填充脚本数据到 settings.json start, progress: 12%
2025-7-18 10:42:10-debug: // ---- build task 填充脚本数据到 settings.json ----
2025-7-18 10:42:10-debug: [Build Memory track]: 整理部分构建选项内数据到 settings.json start:211.21MB, end 211.23MB, increase: 15.03KB
2025-7-18 10:42:10-debug: // ---- build task 填充脚本数据到 settings.json ---- (1ms)
2025-7-18 10:42:10-debug: 整理部分构建选项内数据到 settings.json start, progress: 13%
2025-7-18 10:42:10-debug: [Build Memory track]: 填充脚本数据到 settings.json start:211.25MB, end 211.50MB, increase: 249.32KB
2025-7-18 10:42:10-log: run build task 填充脚本数据到 settings.json success in 1 ms√, progress: 13%
2025-7-18 10:42:10-debug: // ---- build task 整理部分构建选项内数据到 settings.json ----
2025-7-18 10:42:10-debug: // ---- build task 整理部分构建选项内数据到 settings.json ---- (1ms)
2025-7-18 10:42:10-log: run build task 整理部分构建选项内数据到 settings.json success in 1 ms√, progress: 15%
2025-7-18 10:42:10-debug: [Build Memory track]: 整理部分构建选项内数据到 settings.json start:211.31MB, end 211.43MB, increase: 123.22KB
2025-7-18 10:42:17-debug: refresh db internal success
2025-7-18 10:42:17-debug: refresh db assets success
2025-7-18 10:42:17-debug: Run asset db hook engine-extends:afterRefresh ...
2025-7-18 10:42:17-debug: Run asset db hook engine-extends:afterRefresh success!
2025-7-18 10:42:17-debug: asset-db:refresh-all-database (24ms)
2025-7-18 10:42:17-debug: asset-db-hook-engine-extends-afterRefresh (1ms)
2025-7-18 10:42:30-debug: Query all assets info in project
2025-7-18 10:42:30-debug: init custom config: keepNodeUuid: false, useCache: true
2025-7-18 10:42:30-debug: Skip compress image, progress: 0%
2025-7-18 10:42:30-debug: Init all bundles start..., progress: 0%
2025-7-18 10:42:30-debug: // ---- build task 查询 Asset Bundle ----
2025-7-18 10:42:30-debug: Num of bundles: 2..., progress: 0%
2025-7-18 10:42:30-debug: 查询 Asset Bundle start, progress: 0%
2025-7-18 10:42:30-debug: Init bundle root assets start..., progress: 0%
2025-7-18 10:42:30-debug: Query preload assets/scripts from cc.config.json: 60f7195c-ec2a-45eb-ba94-8955f60e81d0,1c02ae6f-4492-4915-b8f8-7492a3b1e4cd,810e96e4-e456-4468-9b59-f4e8f39732c0,efe8e2a3-eace-427b-b4f1-cb8a937ec77d,e9aa9a3e-5b2b-4ac7-a2c7-073de2b2b24f,8bbdbcdd-5cd4-4100-b6d5-b7c9625b6107,50f4348b-c883-4e2f-8f11-ce233b859fa1,fda095cb-831d-4601-ad94-846013963de8,f92806d7-1768-443f-afe8-12bcde84d0f0,dd3a144d-ab7f-41f0-82b8-2e43a090d496,f0416e68-0200-4b77-a926-4f9d16e494da,970b0598-bcb0-4714-91fb-2e81440dccd8,bcd64cc6-2dd9-43f6-abbe-66318d332032,d930590d-bb92-4cc8-8bd1-23cd027f9edf,a3cd009f-0ab0-420d-9278-b9fdab939bbc,6a2d0734-bd9e-4ddf-946e-caa52498cb75,c27215d8-6835-4b68-bfbb-bdeac6100c04,b5d6115f-0370-4d7c-aad3-c194cc71cf98,871c3b6c-7379-419d-bda3-794b239ab90d,ff9b0199-ce04-4cfe-86cc-6c719f08d6e4,de1c2107-70c8-4021-8459-6399f24d01c6,cbf30902-517f-40dc-af90-a550bac27cf1
2025-7-18 10:42:30-debug:   Number of all scripts: 10
2025-7-18 10:42:30-debug:   Number of other assets: 498
2025-7-18 10:42:30-debug: Init bundle root assets success..., progress: 0%
2025-7-18 10:42:30-debug:   Number of all scenes: 1
2025-7-18 10:42:30-debug: // ---- build task 查询 Asset Bundle ---- (1ms)
2025-7-18 10:42:30-log: run build task 查询 Asset Bundle success in 1 ms√, progress: 5%
2025-7-18 10:42:30-debug: 查询 Asset Bundle start, progress: 5%
2025-7-18 10:42:30-debug: // ---- build task 查询 Asset Bundle ----
2025-7-18 10:42:30-debug: [Build Memory track]: 查询 Asset Bundle start:212.03MB, end 211.72MB, increase: -320.92KB
2025-7-18 10:42:30-debug: // ---- build task 查询 Asset Bundle ---- (1ms)
2025-7-18 10:42:30-debug: [Build Memory track]: 查询 Asset Bundle start:211.74MB, end 211.84MB, increase: 105.57KB
2025-7-18 10:42:30-debug: 整理部分构建选项内数据到 settings.json start, progress: 10%
2025-7-18 10:42:30-debug: // ---- build task 整理部分构建选项内数据到 settings.json ----
2025-7-18 10:42:30-log: run build task 查询 Asset Bundle success in 1 ms√, progress: 10%
2025-7-18 10:42:30-log: run build task 整理部分构建选项内数据到 settings.json success in √, progress: 12%
2025-7-18 10:42:30-debug: [Build Memory track]: 整理部分构建选项内数据到 settings.json start:211.87MB, end 211.88MB, increase: 14.86KB
2025-7-18 10:42:30-debug: 填充脚本数据到 settings.json start, progress: 12%
2025-7-18 10:42:30-debug: // ---- build task 填充脚本数据到 settings.json ----
2025-7-18 10:42:30-log: run build task 填充脚本数据到 settings.json success in √, progress: 13%
2025-7-18 10:42:30-debug: [Build Memory track]: 填充脚本数据到 settings.json start:211.91MB, end 211.92MB, increase: 15.86KB
2025-7-18 10:42:30-debug: 整理部分构建选项内数据到 settings.json start, progress: 13%
2025-7-18 10:42:30-debug: // ---- build task 整理部分构建选项内数据到 settings.json ----
2025-7-18 10:42:30-debug: // ---- build task 整理部分构建选项内数据到 settings.json ---- (1ms)
2025-7-18 10:42:30-log: run build task 整理部分构建选项内数据到 settings.json success in 1 ms√, progress: 15%
2025-7-18 10:42:30-debug: [Build Memory track]: 整理部分构建选项内数据到 settings.json start:211.95MB, end 212.07MB, increase: 121.69KB
2025-7-18 10:42:37-debug: refresh db internal success
2025-7-18 10:42:37-debug: %cImport%c: /Users/zhao/Desktop/test/cocos-creator/PlaneFight/assets/Scripts/EmemyBox.tsbackground: #aaff85; color: #000;color: #000;
2025-7-18 10:42:37-debug: refresh db assets success
2025-7-18 10:42:37-debug: Run asset db hook engine-extends:afterRefresh ...
2025-7-18 10:42:37-debug: Run asset db hook engine-extends:afterRefresh success!
2025-7-18 10:42:37-debug: asset-db:refresh-all-database (25ms)
2025-7-18 10:42:37-debug: asset-db:worker-effect-data-processing (1ms)
2025-7-18 10:42:37-debug: asset-db-hook-engine-extends-afterRefresh (1ms)
2025-7-18 10:42:40-debug: Query all assets info in project
2025-7-18 10:42:40-debug: init custom config: keepNodeUuid: false, useCache: true
2025-7-18 10:42:40-debug: Skip compress image, progress: 0%
2025-7-18 10:42:40-debug: Init all bundles start..., progress: 0%
2025-7-18 10:42:40-debug: 查询 Asset Bundle start, progress: 0%
2025-7-18 10:42:40-debug: Num of bundles: 2..., progress: 0%
2025-7-18 10:42:40-debug: // ---- build task 查询 Asset Bundle ----
2025-7-18 10:42:40-debug: Init bundle root assets start..., progress: 0%
2025-7-18 10:42:40-debug: Query preload assets/scripts from cc.config.json: 60f7195c-ec2a-45eb-ba94-8955f60e81d0,1c02ae6f-4492-4915-b8f8-7492a3b1e4cd,810e96e4-e456-4468-9b59-f4e8f39732c0,efe8e2a3-eace-427b-b4f1-cb8a937ec77d,e9aa9a3e-5b2b-4ac7-a2c7-073de2b2b24f,8bbdbcdd-5cd4-4100-b6d5-b7c9625b6107,50f4348b-c883-4e2f-8f11-ce233b859fa1,fda095cb-831d-4601-ad94-846013963de8,f92806d7-1768-443f-afe8-12bcde84d0f0,dd3a144d-ab7f-41f0-82b8-2e43a090d496,f0416e68-0200-4b77-a926-4f9d16e494da,970b0598-bcb0-4714-91fb-2e81440dccd8,bcd64cc6-2dd9-43f6-abbe-66318d332032,d930590d-bb92-4cc8-8bd1-23cd027f9edf,a3cd009f-0ab0-420d-9278-b9fdab939bbc,6a2d0734-bd9e-4ddf-946e-caa52498cb75,c27215d8-6835-4b68-bfbb-bdeac6100c04,b5d6115f-0370-4d7c-aad3-c194cc71cf98,871c3b6c-7379-419d-bda3-794b239ab90d,ff9b0199-ce04-4cfe-86cc-6c719f08d6e4,de1c2107-70c8-4021-8459-6399f24d01c6,cbf30902-517f-40dc-af90-a550bac27cf1
2025-7-18 10:42:40-debug:   Number of all scenes: 1
2025-7-18 10:42:40-debug:   Number of all scripts: 10
2025-7-18 10:42:40-debug:   Number of other assets: 498
2025-7-18 10:42:40-debug: Init bundle root assets success..., progress: 0%
2025-7-18 10:42:40-debug: // ---- build task 查询 Asset Bundle ---- (1ms)
2025-7-18 10:42:40-debug: 查询 Asset Bundle start, progress: 5%
2025-7-18 10:42:40-debug: [Build Memory track]: 查询 Asset Bundle start:212.31MB, end 212.01MB, increase: -307.43KB
2025-7-18 10:42:40-debug: // ---- build task 查询 Asset Bundle ----
2025-7-18 10:42:40-log: run build task 查询 Asset Bundle success in 1 ms√, progress: 5%
2025-7-18 10:42:40-debug: // ---- build task 查询 Asset Bundle ---- (1ms)
2025-7-18 10:42:40-log: run build task 查询 Asset Bundle success in 1 ms√, progress: 10%
2025-7-18 10:42:40-debug: // ---- build task 整理部分构建选项内数据到 settings.json ----
2025-7-18 10:42:40-debug: 整理部分构建选项内数据到 settings.json start, progress: 10%
2025-7-18 10:42:40-debug: [Build Memory track]: 查询 Asset Bundle start:212.04MB, end 212.14MB, increase: 105.00KB
2025-7-18 10:42:40-log: run build task 整理部分构建选项内数据到 settings.json success in √, progress: 12%
2025-7-18 10:42:40-debug: [Build Memory track]: 整理部分构建选项内数据到 settings.json start:212.16MB, end 212.18MB, increase: 19.17KB
2025-7-18 10:42:40-debug: 填充脚本数据到 settings.json start, progress: 12%
2025-7-18 10:42:40-debug: // ---- build task 填充脚本数据到 settings.json ----
2025-7-18 10:42:40-log: run build task 填充脚本数据到 settings.json success in √, progress: 13%
2025-7-18 10:42:40-debug: [Build Memory track]: 填充脚本数据到 settings.json start:212.21MB, end 212.23MB, increase: 20.30KB
2025-7-18 10:42:40-debug: 整理部分构建选项内数据到 settings.json start, progress: 13%
2025-7-18 10:42:40-debug: // ---- build task 整理部分构建选项内数据到 settings.json ----
2025-7-18 10:42:40-debug: // ---- build task 整理部分构建选项内数据到 settings.json ---- (1ms)
2025-7-18 10:42:40-debug: [Build Memory track]: 整理部分构建选项内数据到 settings.json start:212.25MB, end 212.37MB, increase: 122.18KB
2025-7-18 10:42:40-log: run build task 整理部分构建选项内数据到 settings.json success in 1 ms√, progress: 15%
2025-7-18 10:42:44-debug: Query all assets info in project
2025-7-18 10:42:44-debug: init custom config: keepNodeUuid: false, useCache: true
2025-7-18 10:42:44-debug: Skip compress image, progress: 0%
2025-7-18 10:42:44-debug: Init all bundles start..., progress: 0%
2025-7-18 10:42:44-debug: // ---- build task 查询 Asset Bundle ----
2025-7-18 10:42:44-debug: 查询 Asset Bundle start, progress: 0%
2025-7-18 10:42:44-debug: Init bundle root assets start..., progress: 0%
2025-7-18 10:42:44-debug: Num of bundles: 2..., progress: 0%
2025-7-18 10:42:44-debug: Query preload assets/scripts from cc.config.json: 60f7195c-ec2a-45eb-ba94-8955f60e81d0,1c02ae6f-4492-4915-b8f8-7492a3b1e4cd,810e96e4-e456-4468-9b59-f4e8f39732c0,efe8e2a3-eace-427b-b4f1-cb8a937ec77d,e9aa9a3e-5b2b-4ac7-a2c7-073de2b2b24f,8bbdbcdd-5cd4-4100-b6d5-b7c9625b6107,50f4348b-c883-4e2f-8f11-ce233b859fa1,fda095cb-831d-4601-ad94-846013963de8,f92806d7-1768-443f-afe8-12bcde84d0f0,dd3a144d-ab7f-41f0-82b8-2e43a090d496,f0416e68-0200-4b77-a926-4f9d16e494da,970b0598-bcb0-4714-91fb-2e81440dccd8,bcd64cc6-2dd9-43f6-abbe-66318d332032,d930590d-bb92-4cc8-8bd1-23cd027f9edf,a3cd009f-0ab0-420d-9278-b9fdab939bbc,6a2d0734-bd9e-4ddf-946e-caa52498cb75,c27215d8-6835-4b68-bfbb-bdeac6100c04,b5d6115f-0370-4d7c-aad3-c194cc71cf98,871c3b6c-7379-419d-bda3-794b239ab90d,ff9b0199-ce04-4cfe-86cc-6c719f08d6e4,de1c2107-70c8-4021-8459-6399f24d01c6,cbf30902-517f-40dc-af90-a550bac27cf1
2025-7-18 10:42:44-debug:   Number of all scenes: 1
2025-7-18 10:42:44-debug:   Number of all scripts: 10
2025-7-18 10:42:44-debug:   Number of other assets: 498
2025-7-18 10:42:44-debug: Init bundle root assets success..., progress: 0%
2025-7-18 10:42:44-debug: // ---- build task 查询 Asset Bundle ---- (1ms)
2025-7-18 10:42:44-log: run build task 查询 Asset Bundle success in 1 ms√, progress: 5%
2025-7-18 10:42:44-debug: [Build Memory track]: 查询 Asset Bundle start:212.63MB, end 212.34MB, increase: -295.80KB
2025-7-18 10:42:44-debug: 查询 Asset Bundle start, progress: 5%
2025-7-18 10:42:44-debug: // ---- build task 查询 Asset Bundle ----
2025-7-18 10:42:44-debug: // ---- build task 查询 Asset Bundle ---- (1ms)
2025-7-18 10:42:44-log: run build task 查询 Asset Bundle success in 1 ms√, progress: 10%
2025-7-18 10:42:44-debug: [Build Memory track]: 查询 Asset Bundle start:212.36MB, end 212.46MB, increase: 105.61KB
2025-7-18 10:42:44-debug: 整理部分构建选项内数据到 settings.json start, progress: 10%
2025-7-18 10:42:44-debug: // ---- build task 整理部分构建选项内数据到 settings.json ----
2025-7-18 10:42:44-debug: // ---- build task 整理部分构建选项内数据到 settings.json ---- (1ms)
2025-7-18 10:42:44-log: run build task 整理部分构建选项内数据到 settings.json success in 1 ms√, progress: 12%
2025-7-18 10:42:44-debug: [Build Memory track]: 整理部分构建选项内数据到 settings.json start:212.49MB, end 212.51MB, increase: 24.75KB
2025-7-18 10:42:44-debug: 填充脚本数据到 settings.json start, progress: 12%
2025-7-18 10:42:44-debug: // ---- build task 填充脚本数据到 settings.json ----
2025-7-18 10:42:44-log: run build task 填充脚本数据到 settings.json success in √, progress: 13%
2025-7-18 10:42:44-debug: [Build Memory track]: 填充脚本数据到 settings.json start:212.54MB, end 212.55MB, increase: 16.08KB
2025-7-18 10:42:44-debug: 整理部分构建选项内数据到 settings.json start, progress: 13%
2025-7-18 10:42:44-debug: // ---- build task 整理部分构建选项内数据到 settings.json ----
2025-7-18 10:42:44-debug: // ---- build task 整理部分构建选项内数据到 settings.json ---- (1ms)
2025-7-18 10:42:44-log: run build task 整理部分构建选项内数据到 settings.json success in 1 ms√, progress: 15%
2025-7-18 10:42:44-debug: [Build Memory track]: 整理部分构建选项内数据到 settings.json start:212.58MB, end 212.70MB, increase: 122.23KB
2025-7-18 10:43:24-debug: refresh db internal success
2025-7-18 10:43:24-debug: %cImport%c: /Users/zhao/Desktop/test/cocos-creator/PlaneFight/assets/Scripts/EmemyBox.tsbackground: #aaff85; color: #000;color: #000;
2025-7-18 10:43:24-debug: refresh db assets success
2025-7-18 10:43:24-debug: Run asset db hook engine-extends:afterRefresh ...
2025-7-18 10:43:24-debug: Run asset db hook engine-extends:afterRefresh success!
2025-7-18 10:43:24-debug: asset-db:refresh-all-database (44ms)
2025-7-18 10:43:24-debug: asset-db-hook-engine-extends-afterRefresh (1ms)
2025-7-18 10:43:24-debug: asset-db:worker-effect-data-processing (1ms)
2025-7-18 10:43:27-debug: Query all assets info in project
2025-7-18 10:43:27-debug: init custom config: keepNodeUuid: false, useCache: true
2025-7-18 10:43:27-debug: Skip compress image, progress: 0%
2025-7-18 10:43:27-debug: Init all bundles start..., progress: 0%
2025-7-18 10:43:27-debug: 查询 Asset Bundle start, progress: 0%
2025-7-18 10:43:27-debug: // ---- build task 查询 Asset Bundle ----
2025-7-18 10:43:27-debug: Num of bundles: 2..., progress: 0%
2025-7-18 10:43:27-debug: Init bundle root assets start..., progress: 0%
2025-7-18 10:43:27-debug: Query preload assets/scripts from cc.config.json: 60f7195c-ec2a-45eb-ba94-8955f60e81d0,1c02ae6f-4492-4915-b8f8-7492a3b1e4cd,810e96e4-e456-4468-9b59-f4e8f39732c0,efe8e2a3-eace-427b-b4f1-cb8a937ec77d,e9aa9a3e-5b2b-4ac7-a2c7-073de2b2b24f,8bbdbcdd-5cd4-4100-b6d5-b7c9625b6107,50f4348b-c883-4e2f-8f11-ce233b859fa1,fda095cb-831d-4601-ad94-846013963de8,f92806d7-1768-443f-afe8-12bcde84d0f0,dd3a144d-ab7f-41f0-82b8-2e43a090d496,f0416e68-0200-4b77-a926-4f9d16e494da,970b0598-bcb0-4714-91fb-2e81440dccd8,bcd64cc6-2dd9-43f6-abbe-66318d332032,d930590d-bb92-4cc8-8bd1-23cd027f9edf,a3cd009f-0ab0-420d-9278-b9fdab939bbc,6a2d0734-bd9e-4ddf-946e-caa52498cb75,c27215d8-6835-4b68-bfbb-bdeac6100c04,b5d6115f-0370-4d7c-aad3-c194cc71cf98,871c3b6c-7379-419d-bda3-794b239ab90d,ff9b0199-ce04-4cfe-86cc-6c719f08d6e4,de1c2107-70c8-4021-8459-6399f24d01c6,cbf30902-517f-40dc-af90-a550bac27cf1
2025-7-18 10:43:27-debug: Init bundle root assets success..., progress: 0%
2025-7-18 10:43:27-debug:   Number of all scripts: 10
2025-7-18 10:43:27-debug:   Number of other assets: 498
2025-7-18 10:43:27-debug:   Number of all scenes: 1
2025-7-18 10:43:27-debug: // ---- build task 查询 Asset Bundle ---- (1ms)
2025-7-18 10:43:27-debug: [Build Memory track]: 查询 Asset Bundle start:212.77MB, end 212.46MB, increase: -314.32KB
2025-7-18 10:43:27-debug: // ---- build task 查询 Asset Bundle ----
2025-7-18 10:43:27-debug: 查询 Asset Bundle start, progress: 5%
2025-7-18 10:43:27-log: run build task 查询 Asset Bundle success in 1 ms√, progress: 5%
2025-7-18 10:43:27-log: run build task 查询 Asset Bundle success in √, progress: 10%
2025-7-18 10:43:27-debug: [Build Memory track]: 查询 Asset Bundle start:212.49MB, end 212.58MB, increase: 98.78KB
2025-7-18 10:43:27-debug: 整理部分构建选项内数据到 settings.json start, progress: 10%
2025-7-18 10:43:27-debug: // ---- build task 整理部分构建选项内数据到 settings.json ----
2025-7-18 10:43:27-log: run build task 整理部分构建选项内数据到 settings.json success in √, progress: 12%
2025-7-18 10:43:27-debug: [Build Memory track]: 整理部分构建选项内数据到 settings.json start:212.61MB, end 212.62MB, increase: 15.88KB
2025-7-18 10:43:27-debug: 填充脚本数据到 settings.json start, progress: 12%
2025-7-18 10:43:27-debug: // ---- build task 填充脚本数据到 settings.json ----
2025-7-18 10:43:27-log: run build task 填充脚本数据到 settings.json success in √, progress: 13%
2025-7-18 10:43:27-debug: [Build Memory track]: 填充脚本数据到 settings.json start:212.65MB, end 212.66MB, increase: 15.35KB
2025-7-18 10:43:27-debug: 整理部分构建选项内数据到 settings.json start, progress: 13%
2025-7-18 10:43:27-debug: // ---- build task 整理部分构建选项内数据到 settings.json ----
2025-7-18 10:43:27-debug: // ---- build task 整理部分构建选项内数据到 settings.json ---- (1ms)
2025-7-18 10:43:27-log: run build task 整理部分构建选项内数据到 settings.json success in 1 ms√, progress: 15%
2025-7-18 10:43:27-debug: [Build Memory track]: 整理部分构建选项内数据到 settings.json start:212.69MB, end 212.81MB, increase: 122.18KB
2025-7-18 10:44:53-debug: refresh db internal success
2025-7-18 10:44:53-debug: %cImport%c: /Users/zhao/Desktop/test/cocos-creator/PlaneFight/assets/Scripts/EmemyBox.tsbackground: #aaff85; color: #000;color: #000;
2025-7-18 10:44:53-debug: refresh db assets success
2025-7-18 10:44:53-debug: Run asset db hook engine-extends:afterRefresh ...
2025-7-18 10:44:53-debug: Run asset db hook engine-extends:afterRefresh success!
2025-7-18 10:44:53-debug: asset-db:refresh-all-database (47ms)
2025-7-18 10:44:53-debug: asset-db:worker-effect-data-processing (1ms)
2025-7-18 10:44:53-debug: asset-db-hook-engine-extends-afterRefresh (1ms)
2025-7-18 10:44:54-debug: %cImport%c: /Users/zhao/Desktop/test/cocos-creator/PlaneFight/assets/Scenes/Start.scenebackground: #aaff85; color: #000;color: #000;
2025-7-18 10:44:54-debug: asset-db:reimport-asset2fda4d65-a1e9-4078-8250-de49b04cdc34 (7ms)
2025-7-18 10:44:58-debug: Query all assets info in project
2025-7-18 10:44:58-debug: init custom config: keepNodeUuid: false, useCache: true
2025-7-18 10:44:58-debug: Skip compress image, progress: 0%
2025-7-18 10:44:58-debug: Init all bundles start..., progress: 0%
2025-7-18 10:44:58-debug: Num of bundles: 2..., progress: 0%
2025-7-18 10:44:58-debug: 查询 Asset Bundle start, progress: 0%
2025-7-18 10:44:58-debug: // ---- build task 查询 Asset Bundle ----
2025-7-18 10:44:58-debug: Init bundle root assets start..., progress: 0%
2025-7-18 10:44:58-debug: Query preload assets/scripts from cc.config.json: 60f7195c-ec2a-45eb-ba94-8955f60e81d0,1c02ae6f-4492-4915-b8f8-7492a3b1e4cd,810e96e4-e456-4468-9b59-f4e8f39732c0,efe8e2a3-eace-427b-b4f1-cb8a937ec77d,e9aa9a3e-5b2b-4ac7-a2c7-073de2b2b24f,8bbdbcdd-5cd4-4100-b6d5-b7c9625b6107,50f4348b-c883-4e2f-8f11-ce233b859fa1,fda095cb-831d-4601-ad94-846013963de8,f92806d7-1768-443f-afe8-12bcde84d0f0,dd3a144d-ab7f-41f0-82b8-2e43a090d496,f0416e68-0200-4b77-a926-4f9d16e494da,970b0598-bcb0-4714-91fb-2e81440dccd8,bcd64cc6-2dd9-43f6-abbe-66318d332032,d930590d-bb92-4cc8-8bd1-23cd027f9edf,a3cd009f-0ab0-420d-9278-b9fdab939bbc,6a2d0734-bd9e-4ddf-946e-caa52498cb75,c27215d8-6835-4b68-bfbb-bdeac6100c04,b5d6115f-0370-4d7c-aad3-c194cc71cf98,871c3b6c-7379-419d-bda3-794b239ab90d,ff9b0199-ce04-4cfe-86cc-6c719f08d6e4,de1c2107-70c8-4021-8459-6399f24d01c6,cbf30902-517f-40dc-af90-a550bac27cf1
2025-7-18 10:44:58-debug:   Number of all scenes: 1
2025-7-18 10:44:58-debug:   Number of all scripts: 10
2025-7-18 10:44:58-debug:   Number of other assets: 498
2025-7-18 10:44:58-debug: Init bundle root assets success..., progress: 0%
2025-7-18 10:44:58-debug: // ---- build task 查询 Asset Bundle ---- (1ms)
2025-7-18 10:44:58-debug: // ---- build task 查询 Asset Bundle ----
2025-7-18 10:44:58-debug: [Build Memory track]: 查询 Asset Bundle start:213.09MB, end 213.98MB, increase: 907.38KB
2025-7-18 10:44:58-debug: 查询 Asset Bundle start, progress: 5%
2025-7-18 10:44:58-log: run build task 查询 Asset Bundle success in 1 ms√, progress: 5%
2025-7-18 10:44:58-debug: // ---- build task 查询 Asset Bundle ---- (1ms)
2025-7-18 10:44:58-debug: // ---- build task 整理部分构建选项内数据到 settings.json ----
2025-7-18 10:44:58-debug: [Build Memory track]: 查询 Asset Bundle start:213.74MB, end 213.07MB, increase: -687.04KB
2025-7-18 10:44:58-debug: 整理部分构建选项内数据到 settings.json start, progress: 10%
2025-7-18 10:44:58-log: run build task 查询 Asset Bundle success in 1 ms√, progress: 10%
2025-7-18 10:44:58-log: run build task 整理部分构建选项内数据到 settings.json success in √, progress: 12%
2025-7-18 10:44:58-debug: // ---- build task 填充脚本数据到 settings.json ----
2025-7-18 10:44:58-debug: 填充脚本数据到 settings.json start, progress: 12%
2025-7-18 10:44:58-debug: [Build Memory track]: 整理部分构建选项内数据到 settings.json start:213.10MB, end 213.11MB, increase: 16.50KB
2025-7-18 10:44:58-log: run build task 填充脚本数据到 settings.json success in √, progress: 13%
2025-7-18 10:44:58-debug: 整理部分构建选项内数据到 settings.json start, progress: 13%
2025-7-18 10:44:58-debug: [Build Memory track]: 填充脚本数据到 settings.json start:213.14MB, end 213.15MB, increase: 14.80KB
2025-7-18 10:44:58-debug: // ---- build task 整理部分构建选项内数据到 settings.json ----
2025-7-18 10:44:58-debug: // ---- build task 整理部分构建选项内数据到 settings.json ---- (1ms)
2025-7-18 10:44:58-log: run build task 整理部分构建选项内数据到 settings.json success in 1 ms√, progress: 15%
2025-7-18 10:44:58-debug: [Build Memory track]: 整理部分构建选项内数据到 settings.json start:213.18MB, end 213.31MB, increase: 139.29KB
2025-7-18 10:45:19-debug: refresh db internal success
2025-7-18 10:45:19-debug: %cImport%c: /Users/zhao/Desktop/test/cocos-creator/PlaneFight/assets/Scripts/EmemyBox.tsbackground: #aaff85; color: #000;color: #000;
2025-7-18 10:45:19-debug: refresh db assets success
2025-7-18 10:45:19-debug: Run asset db hook engine-extends:afterRefresh ...
2025-7-18 10:45:19-debug: Run asset db hook engine-extends:afterRefresh success!
2025-7-18 10:45:19-debug: asset-db:refresh-all-database (25ms)
2025-7-18 10:45:19-debug: asset-db-hook-engine-extends-afterRefresh (1ms)
2025-7-18 10:45:23-debug: Query all assets info in project
2025-7-18 10:45:23-debug: init custom config: keepNodeUuid: false, useCache: true
2025-7-18 10:45:23-debug: Skip compress image, progress: 0%
2025-7-18 10:45:23-debug: Init all bundles start..., progress: 0%
2025-7-18 10:45:23-debug: 查询 Asset Bundle start, progress: 0%
2025-7-18 10:45:23-debug: // ---- build task 查询 Asset Bundle ----
2025-7-18 10:45:23-debug: Num of bundles: 2..., progress: 0%
2025-7-18 10:45:23-debug: Init bundle root assets start..., progress: 0%
2025-7-18 10:45:23-debug: Query preload assets/scripts from cc.config.json: 60f7195c-ec2a-45eb-ba94-8955f60e81d0,1c02ae6f-4492-4915-b8f8-7492a3b1e4cd,810e96e4-e456-4468-9b59-f4e8f39732c0,efe8e2a3-eace-427b-b4f1-cb8a937ec77d,e9aa9a3e-5b2b-4ac7-a2c7-073de2b2b24f,8bbdbcdd-5cd4-4100-b6d5-b7c9625b6107,50f4348b-c883-4e2f-8f11-ce233b859fa1,fda095cb-831d-4601-ad94-846013963de8,f92806d7-1768-443f-afe8-12bcde84d0f0,dd3a144d-ab7f-41f0-82b8-2e43a090d496,f0416e68-0200-4b77-a926-4f9d16e494da,970b0598-bcb0-4714-91fb-2e81440dccd8,bcd64cc6-2dd9-43f6-abbe-66318d332032,d930590d-bb92-4cc8-8bd1-23cd027f9edf,a3cd009f-0ab0-420d-9278-b9fdab939bbc,6a2d0734-bd9e-4ddf-946e-caa52498cb75,c27215d8-6835-4b68-bfbb-bdeac6100c04,b5d6115f-0370-4d7c-aad3-c194cc71cf98,871c3b6c-7379-419d-bda3-794b239ab90d,ff9b0199-ce04-4cfe-86cc-6c719f08d6e4,de1c2107-70c8-4021-8459-6399f24d01c6,cbf30902-517f-40dc-af90-a550bac27cf1
2025-7-18 10:45:23-debug:   Number of other assets: 498
2025-7-18 10:45:23-debug:   Number of all scripts: 10
2025-7-18 10:45:23-debug: Init bundle root assets success..., progress: 0%
2025-7-18 10:45:23-debug:   Number of all scenes: 1
2025-7-18 10:45:23-debug: // ---- build task 查询 Asset Bundle ---- (1ms)
2025-7-18 10:45:23-debug: // ---- build task 查询 Asset Bundle ----
2025-7-18 10:45:23-debug: [Build Memory track]: 查询 Asset Bundle start:213.60MB, end 213.39MB, increase: -211.62KB
2025-7-18 10:45:23-debug: 查询 Asset Bundle start, progress: 5%
2025-7-18 10:45:23-log: run build task 查询 Asset Bundle success in 1 ms√, progress: 5%
2025-7-18 10:45:23-log: run build task 查询 Asset Bundle success in √, progress: 10%
2025-7-18 10:45:23-debug: [Build Memory track]: 查询 Asset Bundle start:213.41MB, end 213.51MB, increase: 98.75KB
2025-7-18 10:45:23-debug: 整理部分构建选项内数据到 settings.json start, progress: 10%
2025-7-18 10:45:23-debug: // ---- build task 整理部分构建选项内数据到 settings.json ----
2025-7-18 10:45:23-log: run build task 整理部分构建选项内数据到 settings.json success in √, progress: 12%
2025-7-18 10:45:23-debug: [Build Memory track]: 整理部分构建选项内数据到 settings.json start:213.54MB, end 213.55MB, increase: 15.62KB
2025-7-18 10:45:23-debug: // ---- build task 填充脚本数据到 settings.json ----
2025-7-18 10:45:23-debug: 填充脚本数据到 settings.json start, progress: 12%
2025-7-18 10:45:23-log: run build task 填充脚本数据到 settings.json success in √, progress: 13%
2025-7-18 10:45:23-debug: 整理部分构建选项内数据到 settings.json start, progress: 13%
2025-7-18 10:45:23-debug: [Build Memory track]: 填充脚本数据到 settings.json start:213.58MB, end 213.59MB, increase: 15.54KB
2025-7-18 10:45:23-debug: // ---- build task 整理部分构建选项内数据到 settings.json ----
2025-7-18 10:45:23-log: run build task 整理部分构建选项内数据到 settings.json success in √, progress: 15%
2025-7-18 10:45:23-debug: [Build Memory track]: 整理部分构建选项内数据到 settings.json start:213.62MB, end 213.73MB, increase: 114.14KB
2025-7-18 10:48:21-debug: refresh db internal success
2025-7-18 10:48:21-debug: refresh db assets success
2025-7-18 10:48:21-debug: Run asset db hook engine-extends:afterRefresh ...
2025-7-18 10:48:21-debug: Run asset db hook engine-extends:afterRefresh success!
2025-7-18 10:48:21-debug: asset-db:refresh-all-database (35ms)
2025-7-18 10:48:31-debug: %cImport%c: /Users/zhao/Desktop/test/cocos-creator/PlaneFight/assets/Scenes/Start.scenebackground: #aaff85; color: #000;color: #000;
2025-7-18 10:48:31-debug: asset-db:reimport-asset2fda4d65-a1e9-4078-8250-de49b04cdc34 (8ms)
2025-7-18 10:48:31-debug: %cImport%c: /Users/zhao/Desktop/test/cocos-creator/PlaneFight/assets/Scenes/Start.scenebackground: #aaff85; color: #000;color: #000;
2025-7-18 10:48:31-debug: asset-db:reimport-asset2fda4d65-a1e9-4078-8250-de49b04cdc34 (4ms)
2025-7-18 10:48:34-debug: Query all assets info in project
2025-7-18 10:48:34-debug: init custom config: keepNodeUuid: false, useCache: true
2025-7-18 10:48:34-debug: Skip compress image, progress: 0%
2025-7-18 10:48:34-debug: Init all bundles start..., progress: 0%
2025-7-18 10:48:34-debug: // ---- build task 查询 Asset Bundle ----
2025-7-18 10:48:34-debug: Init bundle root assets start..., progress: 0%
2025-7-18 10:48:34-debug: 查询 Asset Bundle start, progress: 0%
2025-7-18 10:48:34-debug: Num of bundles: 2..., progress: 0%
2025-7-18 10:48:34-debug: Query preload assets/scripts from cc.config.json: 60f7195c-ec2a-45eb-ba94-8955f60e81d0,1c02ae6f-4492-4915-b8f8-7492a3b1e4cd,810e96e4-e456-4468-9b59-f4e8f39732c0,efe8e2a3-eace-427b-b4f1-cb8a937ec77d,e9aa9a3e-5b2b-4ac7-a2c7-073de2b2b24f,8bbdbcdd-5cd4-4100-b6d5-b7c9625b6107,50f4348b-c883-4e2f-8f11-ce233b859fa1,fda095cb-831d-4601-ad94-846013963de8,f92806d7-1768-443f-afe8-12bcde84d0f0,dd3a144d-ab7f-41f0-82b8-2e43a090d496,f0416e68-0200-4b77-a926-4f9d16e494da,970b0598-bcb0-4714-91fb-2e81440dccd8,bcd64cc6-2dd9-43f6-abbe-66318d332032,d930590d-bb92-4cc8-8bd1-23cd027f9edf,a3cd009f-0ab0-420d-9278-b9fdab939bbc,6a2d0734-bd9e-4ddf-946e-caa52498cb75,c27215d8-6835-4b68-bfbb-bdeac6100c04,b5d6115f-0370-4d7c-aad3-c194cc71cf98,871c3b6c-7379-419d-bda3-794b239ab90d,ff9b0199-ce04-4cfe-86cc-6c719f08d6e4,de1c2107-70c8-4021-8459-6399f24d01c6,cbf30902-517f-40dc-af90-a550bac27cf1
2025-7-18 10:48:34-debug: Init bundle root assets success..., progress: 0%
2025-7-18 10:48:34-debug:   Number of all scripts: 10
2025-7-18 10:48:34-debug:   Number of other assets: 498
2025-7-18 10:48:34-debug:   Number of all scenes: 1
2025-7-18 10:48:34-debug: // ---- build task 查询 Asset Bundle ---- (2ms)
2025-7-18 10:48:34-debug: // ---- build task 查询 Asset Bundle ----
2025-7-18 10:48:34-debug: [Build Memory track]: 查询 Asset Bundle start:214.37MB, end 214.08MB, increase: -296.46KB
2025-7-18 10:48:34-debug: 查询 Asset Bundle start, progress: 5%
2025-7-18 10:48:34-log: run build task 查询 Asset Bundle success in 2 ms√, progress: 5%
2025-7-18 10:48:34-log: run build task 查询 Asset Bundle success in √, progress: 10%
2025-7-18 10:48:34-debug: 整理部分构建选项内数据到 settings.json start, progress: 10%
2025-7-18 10:48:34-debug: [Build Memory track]: 查询 Asset Bundle start:214.11MB, end 214.21MB, increase: 98.65KB
2025-7-18 10:48:34-debug: // ---- build task 整理部分构建选项内数据到 settings.json ----
2025-7-18 10:48:34-debug: // ---- build task 整理部分构建选项内数据到 settings.json ---- (1ms)
2025-7-18 10:48:34-debug: [Build Memory track]: 整理部分构建选项内数据到 settings.json start:214.23MB, end 214.25MB, increase: 23.89KB
2025-7-18 10:48:34-log: run build task 整理部分构建选项内数据到 settings.json success in 1 ms√, progress: 12%
2025-7-18 10:48:34-debug: // ---- build task 填充脚本数据到 settings.json ----
2025-7-18 10:48:34-debug: 填充脚本数据到 settings.json start, progress: 12%
2025-7-18 10:48:34-log: run build task 填充脚本数据到 settings.json success in √, progress: 13%
2025-7-18 10:48:34-debug: [Build Memory track]: 填充脚本数据到 settings.json start:214.28MB, end 214.29MB, increase: 15.85KB
2025-7-18 10:48:34-debug: 整理部分构建选项内数据到 settings.json start, progress: 13%
2025-7-18 10:48:34-debug: // ---- build task 整理部分构建选项内数据到 settings.json ----
2025-7-18 10:48:34-debug: // ---- build task 整理部分构建选项内数据到 settings.json ---- (1ms)
2025-7-18 10:48:34-debug: [Build Memory track]: 整理部分构建选项内数据到 settings.json start:214.32MB, end 214.45MB, increase: 132.06KB
2025-7-18 10:48:34-log: run build task 整理部分构建选项内数据到 settings.json success in 1 ms√, progress: 15%
2025-7-18 10:49:43-debug: refresh db internal success
2025-7-18 10:49:43-debug: refresh db assets success
2025-7-18 10:49:43-debug: Run asset db hook engine-extends:afterRefresh ...
2025-7-18 10:49:43-debug: Run asset db hook engine-extends:afterRefresh success!
2025-7-18 10:49:43-debug: asset-db:refresh-all-database (42ms)
2025-7-18 10:49:43-debug: asset-db:worker-effect-data-processing (1ms)
2025-7-18 10:49:43-debug: asset-db-hook-engine-extends-afterRefresh (1ms)
2025-7-18 10:49:56-debug: refresh db internal success
2025-7-18 10:49:56-debug: refresh db assets success
2025-7-18 10:49:56-debug: Run asset db hook engine-extends:afterRefresh success!
2025-7-18 10:49:56-debug: Run asset db hook engine-extends:afterRefresh ...
2025-7-18 10:49:56-debug: asset-db:refresh-all-database (27ms)
2025-7-18 10:49:56-debug: asset-db-hook-engine-extends-afterRefresh (1ms)
2025-7-18 10:50:03-debug: refresh db internal success
2025-7-18 10:50:03-debug: refresh db assets success
2025-7-18 10:50:03-debug: Run asset db hook engine-extends:afterRefresh ...
2025-7-18 10:50:03-debug: Run asset db hook engine-extends:afterRefresh success!
2025-7-18 10:50:03-debug: asset-db:refresh-all-database (31ms)
2025-7-18 10:50:03-debug: asset-db:worker-effect-data-processing (1ms)
2025-7-18 10:50:03-debug: asset-db-hook-engine-extends-afterRefresh (1ms)
2025-7-18 10:51:18-debug: refresh db internal success
2025-7-18 10:51:18-debug: %cImport%c: /Users/zhao/Desktop/test/cocos-creator/PlaneFight/assets/Scripts/EmemyBox.tsbackground: #aaff85; color: #000;color: #000;
2025-7-18 10:51:18-debug: refresh db assets success
2025-7-18 10:51:18-debug: Run asset db hook engine-extends:afterRefresh ...
2025-7-18 10:51:18-debug: Run asset db hook engine-extends:afterRefresh success!
2025-7-18 10:51:18-debug: asset-db:refresh-all-database (39ms)
2025-7-18 10:51:18-debug: asset-db:worker-effect-data-processing (1ms)
2025-7-18 10:51:18-debug: asset-db-hook-engine-extends-afterRefresh (1ms)
2025-7-18 10:51:20-debug: Query all assets info in project
2025-7-18 10:51:20-debug: init custom config: keepNodeUuid: false, useCache: true
2025-7-18 10:51:20-debug: Skip compress image, progress: 0%
2025-7-18 10:51:20-debug: Init all bundles start..., progress: 0%
2025-7-18 10:51:20-debug: // ---- build task 查询 Asset Bundle ----
2025-7-18 10:51:20-debug: 查询 Asset Bundle start, progress: 0%
2025-7-18 10:51:20-debug: Init bundle root assets start..., progress: 0%
2025-7-18 10:51:20-debug: Num of bundles: 2..., progress: 0%
2025-7-18 10:51:20-debug: Query preload assets/scripts from cc.config.json: 60f7195c-ec2a-45eb-ba94-8955f60e81d0,1c02ae6f-4492-4915-b8f8-7492a3b1e4cd,810e96e4-e456-4468-9b59-f4e8f39732c0,efe8e2a3-eace-427b-b4f1-cb8a937ec77d,e9aa9a3e-5b2b-4ac7-a2c7-073de2b2b24f,8bbdbcdd-5cd4-4100-b6d5-b7c9625b6107,50f4348b-c883-4e2f-8f11-ce233b859fa1,fda095cb-831d-4601-ad94-846013963de8,f92806d7-1768-443f-afe8-12bcde84d0f0,dd3a144d-ab7f-41f0-82b8-2e43a090d496,f0416e68-0200-4b77-a926-4f9d16e494da,970b0598-bcb0-4714-91fb-2e81440dccd8,bcd64cc6-2dd9-43f6-abbe-66318d332032,d930590d-bb92-4cc8-8bd1-23cd027f9edf,a3cd009f-0ab0-420d-9278-b9fdab939bbc,6a2d0734-bd9e-4ddf-946e-caa52498cb75,c27215d8-6835-4b68-bfbb-bdeac6100c04,b5d6115f-0370-4d7c-aad3-c194cc71cf98,871c3b6c-7379-419d-bda3-794b239ab90d,ff9b0199-ce04-4cfe-86cc-6c719f08d6e4,de1c2107-70c8-4021-8459-6399f24d01c6,cbf30902-517f-40dc-af90-a550bac27cf1
2025-7-18 10:51:20-debug:   Number of other assets: 498
2025-7-18 10:51:20-debug:   Number of all scripts: 10
2025-7-18 10:51:20-debug: Init bundle root assets success..., progress: 0%
2025-7-18 10:51:20-debug:   Number of all scenes: 1
2025-7-18 10:51:20-debug: // ---- build task 查询 Asset Bundle ---- (1ms)
2025-7-18 10:51:20-log: run build task 查询 Asset Bundle success in 1 ms√, progress: 5%
2025-7-18 10:51:20-debug: // ---- build task 查询 Asset Bundle ----
2025-7-18 10:51:20-debug: 查询 Asset Bundle start, progress: 5%
2025-7-18 10:51:20-debug: [Build Memory track]: 查询 Asset Bundle start:215.93MB, end 215.64MB, increase: -296.49KB
2025-7-18 10:51:20-debug: // ---- build task 查询 Asset Bundle ---- (1ms)
2025-7-18 10:51:20-log: run build task 查询 Asset Bundle success in 1 ms√, progress: 10%
2025-7-18 10:51:20-debug: [Build Memory track]: 查询 Asset Bundle start:215.67MB, end 215.77MB, increase: 106.78KB
2025-7-18 10:51:20-debug: 整理部分构建选项内数据到 settings.json start, progress: 10%
2025-7-18 10:51:20-debug: // ---- build task 整理部分构建选项内数据到 settings.json ----
2025-7-18 10:51:20-log: run build task 整理部分构建选项内数据到 settings.json success in √, progress: 12%
2025-7-18 10:51:20-debug: [Build Memory track]: 整理部分构建选项内数据到 settings.json start:215.80MB, end 215.81MB, increase: 15.90KB
2025-7-18 10:51:20-debug: 填充脚本数据到 settings.json start, progress: 12%
2025-7-18 10:51:20-debug: // ---- build task 填充脚本数据到 settings.json ----
2025-7-18 10:51:20-log: run build task 填充脚本数据到 settings.json success in √, progress: 13%
2025-7-18 10:51:20-debug: 整理部分构建选项内数据到 settings.json start, progress: 13%
2025-7-18 10:51:20-debug: [Build Memory track]: 填充脚本数据到 settings.json start:215.84MB, end 215.85MB, increase: 15.84KB
2025-7-18 10:51:20-debug: // ---- build task 整理部分构建选项内数据到 settings.json ----
2025-7-18 10:51:20-debug: // ---- build task 整理部分构建选项内数据到 settings.json ---- (1ms)
2025-7-18 10:51:20-log: run build task 整理部分构建选项内数据到 settings.json success in 1 ms√, progress: 15%
2025-7-18 10:51:20-debug: [Build Memory track]: 整理部分构建选项内数据到 settings.json start:215.88MB, end 216.00MB, increase: 122.14KB
2025-7-18 10:51:33-debug: refresh db internal success
2025-7-18 10:51:33-debug: refresh db assets success
2025-7-18 10:51:33-debug: Run asset db hook engine-extends:afterRefresh ...
2025-7-18 10:51:33-debug: Run asset db hook engine-extends:afterRefresh success!
2025-7-18 10:51:33-debug: asset-db:refresh-all-database (21ms)
2025-7-18 10:51:53-debug: refresh db internal success
2025-7-18 10:51:53-debug: %cImport%c: /Users/zhao/Desktop/test/cocos-creator/PlaneFight/assets/Scripts/EmemyBox.tsbackground: #aaff85; color: #000;color: #000;
2025-7-18 10:51:53-debug: refresh db assets success
2025-7-18 10:51:53-debug: Run asset db hook engine-extends:afterRefresh ...
2025-7-18 10:51:53-debug: Run asset db hook engine-extends:afterRefresh success!
2025-7-18 10:51:53-debug: asset-db:refresh-all-database (22ms)
2025-7-18 10:51:53-debug: asset-db:worker-effect-data-processing (1ms)
2025-7-18 10:51:53-debug: asset-db-hook-engine-extends-afterRefresh (1ms)
2025-7-18 10:51:54-debug: %cImport%c: /Users/zhao/Desktop/test/cocos-creator/PlaneFight/assets/Scenes/Start.scenebackground: #aaff85; color: #000;color: #000;
2025-7-18 10:51:54-debug: asset-db:reimport-asset2fda4d65-a1e9-4078-8250-de49b04cdc34 (5ms)
2025-7-18 10:51:58-debug: Query all assets info in project
2025-7-18 10:51:58-debug: init custom config: keepNodeUuid: false, useCache: true
2025-7-18 10:51:58-debug: Skip compress image, progress: 0%
2025-7-18 10:51:58-debug: Init all bundles start..., progress: 0%
2025-7-18 10:51:58-debug: Num of bundles: 2..., progress: 0%
2025-7-18 10:51:58-debug: 查询 Asset Bundle start, progress: 0%
2025-7-18 10:51:58-debug: // ---- build task 查询 Asset Bundle ----
2025-7-18 10:51:58-debug: Init bundle root assets start..., progress: 0%
2025-7-18 10:51:58-debug: Query preload assets/scripts from cc.config.json: 60f7195c-ec2a-45eb-ba94-8955f60e81d0,1c02ae6f-4492-4915-b8f8-7492a3b1e4cd,810e96e4-e456-4468-9b59-f4e8f39732c0,efe8e2a3-eace-427b-b4f1-cb8a937ec77d,e9aa9a3e-5b2b-4ac7-a2c7-073de2b2b24f,8bbdbcdd-5cd4-4100-b6d5-b7c9625b6107,50f4348b-c883-4e2f-8f11-ce233b859fa1,fda095cb-831d-4601-ad94-846013963de8,f92806d7-1768-443f-afe8-12bcde84d0f0,dd3a144d-ab7f-41f0-82b8-2e43a090d496,f0416e68-0200-4b77-a926-4f9d16e494da,970b0598-bcb0-4714-91fb-2e81440dccd8,bcd64cc6-2dd9-43f6-abbe-66318d332032,d930590d-bb92-4cc8-8bd1-23cd027f9edf,a3cd009f-0ab0-420d-9278-b9fdab939bbc,6a2d0734-bd9e-4ddf-946e-caa52498cb75,c27215d8-6835-4b68-bfbb-bdeac6100c04,b5d6115f-0370-4d7c-aad3-c194cc71cf98,871c3b6c-7379-419d-bda3-794b239ab90d,ff9b0199-ce04-4cfe-86cc-6c719f08d6e4,de1c2107-70c8-4021-8459-6399f24d01c6,cbf30902-517f-40dc-af90-a550bac27cf1
2025-7-18 10:51:58-debug:   Number of other assets: 498
2025-7-18 10:51:58-debug: Init bundle root assets success..., progress: 0%
2025-7-18 10:51:58-debug:   Number of all scenes: 1
2025-7-18 10:51:58-debug:   Number of all scripts: 10
2025-7-18 10:51:58-debug: // ---- build task 查询 Asset Bundle ---- (1ms)
2025-7-18 10:51:58-debug: 查询 Asset Bundle start, progress: 5%
2025-7-18 10:51:58-debug: [Build Memory track]: 查询 Asset Bundle start:216.57MB, end 217.19MB, increase: 630.49KB
2025-7-18 10:51:58-debug: // ---- build task 查询 Asset Bundle ----
2025-7-18 10:51:58-log: run build task 查询 Asset Bundle success in 1 ms√, progress: 5%
2025-7-18 10:51:58-log: run build task 查询 Asset Bundle success in √, progress: 10%
2025-7-18 10:51:58-debug: 整理部分构建选项内数据到 settings.json start, progress: 10%
2025-7-18 10:51:58-debug: [Build Memory track]: 查询 Asset Bundle start:217.21MB, end 216.55MB, increase: -675.47KB
2025-7-18 10:51:58-debug: // ---- build task 整理部分构建选项内数据到 settings.json ----
2025-7-18 10:51:58-debug: [Build Memory track]: 整理部分构建选项内数据到 settings.json start:216.58MB, end 216.59MB, increase: 15.51KB
2025-7-18 10:51:58-debug: 填充脚本数据到 settings.json start, progress: 12%
2025-7-18 10:51:58-debug: // ---- build task 填充脚本数据到 settings.json ----
2025-7-18 10:51:58-log: run build task 整理部分构建选项内数据到 settings.json success in √, progress: 12%
2025-7-18 10:51:58-log: run build task 填充脚本数据到 settings.json success in √, progress: 13%
2025-7-18 10:51:58-debug: 整理部分构建选项内数据到 settings.json start, progress: 13%
2025-7-18 10:51:58-debug: [Build Memory track]: 填充脚本数据到 settings.json start:216.62MB, end 216.63MB, increase: 14.13KB
2025-7-18 10:51:58-debug: // ---- build task 整理部分构建选项内数据到 settings.json ----
2025-7-18 10:51:58-debug: // ---- build task 整理部分构建选项内数据到 settings.json ---- (1ms)
2025-7-18 10:51:58-log: run build task 整理部分构建选项内数据到 settings.json success in 1 ms√, progress: 15%
2025-7-18 10:51:58-debug: [Build Memory track]: 整理部分构建选项内数据到 settings.json start:216.66MB, end 216.79MB, increase: 132.62KB
2025-7-18 10:52:28-debug: refresh db internal success
2025-7-18 10:52:28-debug: refresh db assets success
2025-7-18 10:52:28-debug: Run asset db hook engine-extends:afterRefresh ...
2025-7-18 10:52:28-debug: Run asset db hook engine-extends:afterRefresh success!
2025-7-18 10:52:28-debug: asset-db-hook-engine-extends-afterRefresh (1ms)
2025-7-18 10:52:28-debug: asset-db:refresh-all-database (46ms)
2025-7-18 10:52:28-debug: asset-db:worker-effect-data-processing (1ms)
2025-7-18 10:54:24-debug: refresh db internal success
2025-7-18 10:54:24-debug: %cImport%c: /Users/zhao/Desktop/test/cocos-creator/PlaneFight/assets/Scripts/GameManager.tsbackground: #aaff85; color: #000;color: #000;
2025-7-18 10:54:24-debug: refresh db assets success
2025-7-18 10:54:24-debug: Run asset db hook engine-extends:afterRefresh ...
2025-7-18 10:54:24-debug: Run asset db hook engine-extends:afterRefresh success!
2025-7-18 10:54:24-debug: asset-db:refresh-all-database (35ms)
2025-7-18 10:54:24-debug: asset-db:worker-effect-data-processing (1ms)
2025-7-18 10:54:24-debug: asset-db-hook-engine-extends-afterRefresh (1ms)
2025-7-18 10:54:24-debug: %cImport%c: /Users/zhao/Desktop/test/cocos-creator/PlaneFight/assets/Scenes/Start.scenebackground: #aaff85; color: #000;color: #000;
2025-7-18 10:54:24-debug: asset-db:reimport-asset2fda4d65-a1e9-4078-8250-de49b04cdc34 (4ms)
2025-7-18 10:54:28-debug: Query all assets info in project
2025-7-18 10:54:28-debug: init custom config: keepNodeUuid: false, useCache: true
2025-7-18 10:54:28-debug: Skip compress image, progress: 0%
2025-7-18 10:54:28-debug: Init all bundles start..., progress: 0%
2025-7-18 10:54:28-debug: Num of bundles: 2..., progress: 0%
2025-7-18 10:54:28-debug: 查询 Asset Bundle start, progress: 0%
2025-7-18 10:54:28-debug: // ---- build task 查询 Asset Bundle ----
2025-7-18 10:54:28-debug: Init bundle root assets start..., progress: 0%
2025-7-18 10:54:28-debug: Query preload assets/scripts from cc.config.json: 60f7195c-ec2a-45eb-ba94-8955f60e81d0,1c02ae6f-4492-4915-b8f8-7492a3b1e4cd,810e96e4-e456-4468-9b59-f4e8f39732c0,efe8e2a3-eace-427b-b4f1-cb8a937ec77d,e9aa9a3e-5b2b-4ac7-a2c7-073de2b2b24f,8bbdbcdd-5cd4-4100-b6d5-b7c9625b6107,50f4348b-c883-4e2f-8f11-ce233b859fa1,fda095cb-831d-4601-ad94-846013963de8,f92806d7-1768-443f-afe8-12bcde84d0f0,dd3a144d-ab7f-41f0-82b8-2e43a090d496,f0416e68-0200-4b77-a926-4f9d16e494da,970b0598-bcb0-4714-91fb-2e81440dccd8,bcd64cc6-2dd9-43f6-abbe-66318d332032,d930590d-bb92-4cc8-8bd1-23cd027f9edf,a3cd009f-0ab0-420d-9278-b9fdab939bbc,6a2d0734-bd9e-4ddf-946e-caa52498cb75,c27215d8-6835-4b68-bfbb-bdeac6100c04,b5d6115f-0370-4d7c-aad3-c194cc71cf98,871c3b6c-7379-419d-bda3-794b239ab90d,ff9b0199-ce04-4cfe-86cc-6c719f08d6e4,de1c2107-70c8-4021-8459-6399f24d01c6,cbf30902-517f-40dc-af90-a550bac27cf1
2025-7-18 10:54:28-debug:   Number of other assets: 498
2025-7-18 10:54:28-debug:   Number of all scripts: 10
2025-7-18 10:54:28-debug: Init bundle root assets success..., progress: 0%
2025-7-18 10:54:28-debug:   Number of all scenes: 1
2025-7-18 10:54:28-debug: // ---- build task 查询 Asset Bundle ---- (2ms)
2025-7-18 10:54:28-debug: [Build Memory track]: 查询 Asset Bundle start:198.91MB, end 198.87MB, increase: -41.78KB
2025-7-18 10:54:28-debug: 查询 Asset Bundle start, progress: 5%
2025-7-18 10:54:28-log: run build task 查询 Asset Bundle success in 2 ms√, progress: 5%
2025-7-18 10:54:28-debug: // ---- build task 查询 Asset Bundle ----
2025-7-18 10:54:28-log: run build task 查询 Asset Bundle success in √, progress: 10%
2025-7-18 10:54:28-debug: 整理部分构建选项内数据到 settings.json start, progress: 10%
2025-7-18 10:54:28-debug: [Build Memory track]: 查询 Asset Bundle start:198.90MB, end 199.00MB, increase: 99.30KB
2025-7-18 10:54:28-debug: // ---- build task 整理部分构建选项内数据到 settings.json ----
2025-7-18 10:54:28-log: run build task 整理部分构建选项内数据到 settings.json success in √, progress: 12%
2025-7-18 10:54:28-debug: 填充脚本数据到 settings.json start, progress: 12%
2025-7-18 10:54:28-debug: // ---- build task 填充脚本数据到 settings.json ----
2025-7-18 10:54:28-debug: [Build Memory track]: 整理部分构建选项内数据到 settings.json start:199.02MB, end 199.03MB, increase: 14.94KB
2025-7-18 10:54:28-log: run build task 填充脚本数据到 settings.json success in √, progress: 13%
2025-7-18 10:54:28-debug: 整理部分构建选项内数据到 settings.json start, progress: 13%
2025-7-18 10:54:28-debug: [Build Memory track]: 填充脚本数据到 settings.json start:199.06MB, end 199.07MB, increase: 15.38KB
2025-7-18 10:54:28-debug: // ---- build task 整理部分构建选项内数据到 settings.json ----
2025-7-18 10:54:28-debug: // ---- build task 整理部分构建选项内数据到 settings.json ---- (1ms)
2025-7-18 10:54:28-log: run build task 整理部分构建选项内数据到 settings.json success in 1 ms√, progress: 15%
2025-7-18 10:54:28-debug: [Build Memory track]: 整理部分构建选项内数据到 settings.json start:199.10MB, end 199.23MB, increase: 137.00KB
2025-7-18 10:54:46-debug: refresh db internal success
2025-7-18 10:54:46-debug: %cImport%c: /Users/zhao/Desktop/test/cocos-creator/PlaneFight/assets/Scripts/GameManager.tsbackground: #aaff85; color: #000;color: #000;
2025-7-18 10:54:46-debug: refresh db assets success
2025-7-18 10:54:46-debug: Run asset db hook engine-extends:afterRefresh ...
2025-7-18 10:54:46-debug: Run asset db hook engine-extends:afterRefresh success!
2025-7-18 10:54:46-debug: asset-db:worker-effect-data-processing (1ms)
2025-7-18 10:54:46-debug: asset-db-hook-engine-extends-afterRefresh (1ms)
2025-7-18 10:54:46-debug: asset-db:refresh-all-database (33ms)
2025-7-18 10:58:29-debug: refresh db internal success
2025-7-18 10:58:29-debug: refresh db assets success
2025-7-18 10:58:29-debug: Run asset db hook engine-extends:afterRefresh ...
2025-7-18 10:58:29-debug: Run asset db hook engine-extends:afterRefresh success!
2025-7-18 10:58:29-debug: asset-db:refresh-all-database (42ms)
2025-7-18 10:58:29-debug: asset-db:worker-effect-data-processing (1ms)
2025-7-18 10:58:29-debug: asset-db-hook-engine-extends-afterRefresh (1ms)
2025-7-18 10:59:19-debug: start move asset from /Users/zhao/Desktop/test/cocos-creator/PlaneFight/assets/Scripts/EmemyBox.ts -> /Users/zhao/Desktop/test/cocos-creator/PlaneFight/assets/Scripts/EnemyBox.ts...
2025-7-18 10:59:19-debug: start refresh asset from /Users/zhao/Desktop/test/cocos-creator/PlaneFight/assets/Scripts/EnemyBox.ts...
2025-7-18 10:59:19-debug: %cImport%c: /Users/zhao/Desktop/test/cocos-creator/PlaneFight/assets/Scripts/EnemyBox.tsbackground: #aaff85; color: #000;color: #000;
2025-7-18 10:59:19-debug: refresh asset /Users/zhao/Desktop/test/cocos-creator/PlaneFight/assets/Scripts success
2025-7-18 10:59:19-debug: start refresh asset from /Users/zhao/Desktop/test/cocos-creator/PlaneFight/assets/Scripts...
2025-7-18 10:59:19-debug: %cImport%c: /Users/zhao/Desktop/test/cocos-creator/PlaneFight/assets/Scriptsbackground: #aaff85; color: #000;color: #000;
2025-7-18 10:59:19-debug: refresh asset /Users/zhao/Desktop/test/cocos-creator/PlaneFight/assets success
2025-7-18 10:59:19-debug: move asset from /Users/zhao/Desktop/test/cocos-creator/PlaneFight/assets/Scripts/EmemyBox.ts -> /Users/zhao/Desktop/test/cocos-creator/PlaneFight/assets/Scripts/EnemyBox.ts success
2025-7-18 10:59:30-warn: 为更好地打开脚本，请在 {preferences} -> {program} -> {scriptEditor} 里配置打开脚本的应用程序
2025-7-18 11:00:33-debug: refresh db internal success
2025-7-18 11:00:33-debug: %cImport%c: /Users/zhao/Desktop/test/cocos-creator/PlaneFight/assets/Scripts/EmemyBox.tsbackground: #aaff85; color: #000;color: #000;
2025-7-18 11:00:33-debug: %cImport%c: /Users/zhao/Desktop/test/cocos-creator/PlaneFight/assets/Scriptsbackground: #aaff85; color: #000;color: #000;
2025-7-18 11:00:33-debug: %cImport%c: /Users/zhao/Desktop/test/cocos-creator/PlaneFight/assets/Scripts/Ememy.tsbackground: #aaff85; color: #000;color: #000;
2025-7-18 11:00:33-debug: %cImport%c: /Users/zhao/Desktop/test/cocos-creator/PlaneFight/assets/Scripts/GameManager.tsbackground: #aaff85; color: #000;color: #000;
2025-7-18 11:00:33-debug: refresh db assets success
2025-7-18 11:00:33-debug: Run asset db hook engine-extends:afterRefresh ...
2025-7-18 11:00:33-debug: Run asset db hook engine-extends:afterRefresh success!
2025-7-18 11:00:33-debug: asset-db:refresh-all-database (51ms)
2025-7-18 11:00:33-debug: asset-db:worker-effect-data-processing (1ms)
2025-7-18 11:00:33-debug: asset-db-hook-engine-extends-afterRefresh (1ms)
2025-7-18 11:00:47-debug: start move asset from /Users/zhao/Desktop/test/cocos-creator/PlaneFight/assets/Scripts/Ememy.ts -> /Users/zhao/Desktop/test/cocos-creator/PlaneFight/assets/Scripts/Enemy.ts...
2025-7-18 11:00:47-debug: start refresh asset from /Users/zhao/Desktop/test/cocos-creator/PlaneFight/assets/Scripts/Enemy.ts...
2025-7-18 11:00:47-debug: %cImport%c: /Users/zhao/Desktop/test/cocos-creator/PlaneFight/assets/Scripts/Enemy.tsbackground: #aaff85; color: #000;color: #000;
2025-7-18 11:00:47-debug: refresh asset /Users/zhao/Desktop/test/cocos-creator/PlaneFight/assets/Scripts success
2025-7-18 11:00:47-debug: start refresh asset from /Users/zhao/Desktop/test/cocos-creator/PlaneFight/assets/Scripts...
2025-7-18 11:00:47-debug: %cImport%c: /Users/zhao/Desktop/test/cocos-creator/PlaneFight/assets/Scriptsbackground: #aaff85; color: #000;color: #000;
2025-7-18 11:00:47-debug: refresh asset /Users/zhao/Desktop/test/cocos-creator/PlaneFight/assets success
2025-7-18 11:00:47-debug: move asset from /Users/zhao/Desktop/test/cocos-creator/PlaneFight/assets/Scripts/Ememy.ts -> /Users/zhao/Desktop/test/cocos-creator/PlaneFight/assets/Scripts/Enemy.ts success
2025-7-18 11:00:55-warn: 为更好地打开脚本，请在 {preferences} -> {program} -> {scriptEditor} 里配置打开脚本的应用程序
2025-7-18 11:00:57-debug: refresh db internal success
2025-7-18 11:00:57-debug: refresh db assets success
2025-7-18 11:00:57-debug: Run asset db hook engine-extends:afterRefresh ...
2025-7-18 11:00:57-debug: Run asset db hook engine-extends:afterRefresh success!
2025-7-18 11:00:57-debug: asset-db:refresh-all-database (25ms)
2025-7-18 11:01:01-debug: programming:execute-script (1ms)
2025-7-18 11:01:02-debug: start remove asset /Users/zhao/Desktop/test/cocos-creator/PlaneFight/assets/Scripts/EmemyBox.ts...
2025-7-18 11:01:02-debug: start refresh asset from /Users/zhao/Desktop/test/cocos-creator/PlaneFight/assets/Scripts/EmemyBox.ts...
2025-7-18 11:01:02-debug: %cDestroy%c: /Users/zhao/Desktop/test/cocos-creator/PlaneFight/assets/Scripts/EmemyBox.tsbackground: #ffb8b8; color: #000;color: #000;
2025-7-18 11:01:02-debug: refresh asset /Users/zhao/Desktop/test/cocos-creator/PlaneFight/assets/Scripts success
2025-7-18 11:01:02-debug: remove asset /Users/zhao/Desktop/test/cocos-creator/PlaneFight/assets/Scripts/EmemyBox.ts success
2025-7-18 11:01:02-debug: %cImport%c: /Users/zhao/Desktop/test/cocos-creator/PlaneFight/assets/Scriptsbackground: #aaff85; color: #000;color: #000;
2025-7-18 11:01:22-debug: refresh db internal success
2025-7-18 11:01:22-debug: refresh db assets success
2025-7-18 11:01:22-debug: Run asset db hook engine-extends:afterRefresh ...
2025-7-18 11:01:22-debug: Run asset db hook engine-extends:afterRefresh success!
2025-7-18 11:01:22-debug: asset-db:refresh-all-database (20ms)
2025-7-18 11:01:22-debug: asset-db:worker-effect-data-processing (1ms)
2025-7-18 11:01:22-debug: asset-db-hook-engine-extends-afterRefresh (1ms)
2025-7-18 11:01:23-warn: 为更好地打开脚本，请在 {preferences} -> {program} -> {scriptEditor} 里配置打开脚本的应用程序
2025-7-18 11:01:26-debug: refresh db internal success
2025-7-18 11:01:26-debug: refresh db assets success
2025-7-18 11:01:26-debug: Run asset db hook engine-extends:afterRefresh ...
2025-7-18 11:01:26-debug: Run asset db hook engine-extends:afterRefresh success!
2025-7-18 11:01:26-debug: asset-db:refresh-all-database (17ms)
2025-7-18 11:01:26-debug: asset-db:worker-effect-data-processing (1ms)
2025-7-18 11:01:26-debug: asset-db-hook-engine-extends-afterRefresh (1ms)
2025-7-18 11:01:27-warn: 为更好地打开脚本，请在 {preferences} -> {program} -> {scriptEditor} 里配置打开脚本的应用程序
2025-7-18 11:01:36-debug: refresh db internal success
2025-7-18 11:01:36-debug: %cImport%c: /Users/zhao/Desktop/test/cocos-creator/PlaneFight/assets/Scripts/EnemyBox.tsbackground: #aaff85; color: #000;color: #000;
2025-7-18 11:01:36-debug: refresh db assets success
2025-7-18 11:01:36-debug: Run asset db hook engine-extends:afterRefresh success!
2025-7-18 11:01:36-debug: Run asset db hook engine-extends:afterRefresh ...
2025-7-18 11:01:36-debug: asset-db:refresh-all-database (20ms)
2025-7-18 11:09:00-debug: refresh db internal success
2025-7-18 11:09:00-debug: refresh db assets success
2025-7-18 11:09:00-debug: Run asset db hook engine-extends:afterRefresh ...
2025-7-18 11:09:00-debug: Run asset db hook engine-extends:afterRefresh success!
2025-7-18 11:09:00-debug: asset-db:refresh-all-database (36ms)
2025-7-18 11:09:00-debug: asset-db:worker-effect-data-processing (1ms)
2025-7-18 11:09:00-debug: asset-db-hook-engine-extends-afterRefresh (1ms)
2025-7-18 11:09:06-debug: refresh db internal success
2025-7-18 11:09:06-debug: refresh db assets success
2025-7-18 11:09:06-debug: Run asset db hook engine-extends:afterRefresh ...
2025-7-18 11:09:06-debug: Run asset db hook engine-extends:afterRefresh success!
2025-7-18 11:09:06-debug: asset-db:refresh-all-database (26ms)
2025-7-18 11:09:06-debug: asset-db:worker-effect-data-processing (1ms)
2025-7-18 11:09:06-debug: asset-db-hook-engine-extends-afterRefresh (1ms)
2025-7-18 11:09:11-debug: refresh db internal success
2025-7-18 11:09:11-debug: refresh db assets success
2025-7-18 11:09:11-debug: Run asset db hook engine-extends:afterRefresh ...
2025-7-18 11:09:11-debug: Run asset db hook engine-extends:afterRefresh success!
2025-7-18 11:09:11-debug: asset-db:refresh-all-database (30ms)
2025-7-18 11:09:22-debug: refresh db internal success
2025-7-18 11:09:22-debug: refresh db assets success
2025-7-18 11:09:22-debug: Run asset db hook engine-extends:afterRefresh ...
2025-7-18 11:09:22-debug: Run asset db hook engine-extends:afterRefresh success!
2025-7-18 11:09:22-debug: asset-db:refresh-all-database (21ms)
2025-7-18 11:09:22-debug: asset-db-hook-engine-extends-afterRefresh (1ms)
2025-7-18 11:09:29-debug: refresh db internal success
2025-7-18 11:09:29-debug: refresh db assets success
2025-7-18 11:09:29-debug: Run asset db hook engine-extends:afterRefresh ...
2025-7-18 11:09:29-debug: Run asset db hook engine-extends:afterRefresh success!
2025-7-18 11:09:29-debug: asset-db-hook-engine-extends-afterRefresh (1ms)
2025-7-18 11:09:29-debug: asset-db:refresh-all-database (18ms)
2025-7-18 11:14:41-debug: refresh db internal success
2025-7-18 11:14:41-debug: refresh db assets success
2025-7-18 11:14:41-debug: Run asset db hook engine-extends:afterRefresh ...
2025-7-18 11:14:41-debug: Run asset db hook engine-extends:afterRefresh success!
2025-7-18 11:14:41-debug: asset-db:refresh-all-database (33ms)
2025-7-18 11:14:41-debug: asset-db:worker-effect-data-processing (1ms)
2025-7-18 11:14:41-debug: asset-db-hook-engine-extends-afterRefresh (1ms)
2025-7-18 11:15:03-debug: start refresh asset from /Users/zhao/Desktop/test/cocos-creator/PlaneFight/assets/Prefabs/enemy0.prefab...
2025-7-18 11:15:03-debug: %cImport%c: /Users/zhao/Desktop/test/cocos-creator/PlaneFight/assets/Prefabs/enemy0.prefabbackground: #aaff85; color: #000;color: #000;
2025-7-18 11:15:03-debug: refresh asset /Users/zhao/Desktop/test/cocos-creator/PlaneFight/assets/Prefabs success
2025-7-18 11:15:13-debug: refresh db internal success
2025-7-18 11:15:13-debug: refresh db assets success
2025-7-18 11:15:13-debug: Run asset db hook engine-extends:afterRefresh ...
2025-7-18 11:15:13-debug: Run asset db hook engine-extends:afterRefresh success!
2025-7-18 11:15:13-debug: asset-db:refresh-all-database (14ms)
2025-7-18 11:15:13-debug: asset-db:worker-effect-data-processing (1ms)
2025-7-18 11:15:13-debug: asset-db-hook-engine-extends-afterRefresh (1ms)
2025-7-18 11:15:43-debug: start refresh asset from /Users/zhao/Desktop/test/cocos-creator/PlaneFight/assets/Prefabs/enemy0.prefab...
2025-7-18 11:15:43-debug: %cImport%c: /Users/zhao/Desktop/test/cocos-creator/PlaneFight/assets/Prefabs/enemy0.prefabbackground: #aaff85; color: #000;color: #000;
2025-7-18 11:15:43-debug: refresh asset /Users/zhao/Desktop/test/cocos-creator/PlaneFight/assets/Prefabs success
2025-7-18 11:15:54-debug: refresh db internal success
2025-7-18 11:15:54-debug: refresh db assets success
2025-7-18 11:15:54-debug: Run asset db hook engine-extends:afterRefresh ...
2025-7-18 11:15:54-debug: Run asset db hook engine-extends:afterRefresh success!
2025-7-18 11:15:54-debug: asset-db:refresh-all-database (31ms)
2025-7-18 11:15:56-warn: 为更好地打开脚本，请在 {preferences} -> {program} -> {scriptEditor} 里配置打开脚本的应用程序
2025-7-18 11:16:08-debug: refresh db internal success
2025-7-18 11:16:08-debug: %cImport%c: /Users/zhao/Desktop/test/cocos-creator/PlaneFight/assets/Scripts/EnemyBox.tsbackground: #aaff85; color: #000;color: #000;
2025-7-18 11:16:08-debug: refresh db assets success
2025-7-18 11:16:08-debug: Run asset db hook engine-extends:afterRefresh ...
2025-7-18 11:16:08-debug: Run asset db hook engine-extends:afterRefresh success!
2025-7-18 11:16:08-debug: asset-db:refresh-all-database (25ms)
2025-7-18 11:16:08-debug: asset-db:worker-effect-data-processing (1ms)
2025-7-18 11:16:08-debug: asset-db-hook-engine-extends-afterRefresh (1ms)
2025-7-18 11:16:14-debug: %cImport%c: /Users/zhao/Desktop/test/cocos-creator/PlaneFight/assets/Scenes/Start.scenebackground: #aaff85; color: #000;color: #000;
2025-7-18 11:16:14-debug: asset-db:reimport-asset2fda4d65-a1e9-4078-8250-de49b04cdc34 (5ms)
2025-7-18 11:17:07-debug: %cImport%c: /Users/zhao/Desktop/test/cocos-creator/PlaneFight/assets/Scenes/Start.scenebackground: #aaff85; color: #000;color: #000;
2025-7-18 11:17:07-debug: asset-db:reimport-asset2fda4d65-a1e9-4078-8250-de49b04cdc34 (4ms)
2025-7-18 11:17:32-debug: refresh db internal success
2025-7-18 11:17:32-debug: refresh db assets success
2025-7-18 11:17:32-debug: Run asset db hook engine-extends:afterRefresh ...
2025-7-18 11:17:32-debug: Run asset db hook engine-extends:afterRefresh success!
2025-7-18 11:17:32-debug: asset-db:refresh-all-database (18ms)
2025-7-18 11:17:32-debug: asset-db:worker-effect-data-processing (1ms)
2025-7-18 11:17:32-debug: asset-db-hook-engine-extends-afterRefresh (1ms)
2025-7-18 11:17:37-warn: 为更好地打开脚本，请在 {preferences} -> {program} -> {scriptEditor} 里配置打开脚本的应用程序
2025-7-18 11:17:49-debug: refresh db internal success
2025-7-18 11:17:49-debug: %cImport%c: /Users/zhao/Desktop/test/cocos-creator/PlaneFight/assets/Scripts/GameManager.tsbackground: #aaff85; color: #000;color: #000;
2025-7-18 11:17:49-debug: refresh db assets success
2025-7-18 11:17:49-debug: Run asset db hook engine-extends:afterRefresh ...
2025-7-18 11:17:49-debug: Run asset db hook engine-extends:afterRefresh success!
2025-7-18 11:17:49-debug: asset-db:refresh-all-database (30ms)
2025-7-18 11:17:50-warn: 为更好地打开脚本，请在 {preferences} -> {program} -> {scriptEditor} 里配置打开脚本的应用程序
2025-7-18 11:18:03-debug: refresh db internal success
2025-7-18 11:18:03-debug: %cImport%c: /Users/zhao/Desktop/test/cocos-creator/PlaneFight/assets/Scripts/EnemyBox.tsbackground: #aaff85; color: #000;color: #000;
2025-7-18 11:18:03-debug: refresh db assets success
2025-7-18 11:18:03-debug: Run asset db hook engine-extends:afterRefresh ...
2025-7-18 11:18:03-debug: Run asset db hook engine-extends:afterRefresh success!
2025-7-18 11:18:03-debug: asset-db:refresh-all-database (23ms)
2025-7-18 11:18:03-debug: asset-db:worker-effect-data-processing (1ms)
2025-7-18 11:18:03-debug: asset-db-hook-engine-extends-afterRefresh (1ms)
2025-7-18 11:18:05-debug: %cImport%c: /Users/zhao/Desktop/test/cocos-creator/PlaneFight/assets/Scenes/Start.scenebackground: #aaff85; color: #000;color: #000;
2025-7-18 11:18:05-debug: asset-db:reimport-asset2fda4d65-a1e9-4078-8250-de49b04cdc34 (7ms)
2025-7-18 11:18:11-warn: 为更好地打开脚本，请在 {preferences} -> {program} -> {scriptEditor} 里配置打开脚本的应用程序
2025-7-18 11:18:14-debug: refresh db internal success
2025-7-18 11:18:14-debug: %cImport%c: /Users/zhao/Desktop/test/cocos-creator/PlaneFight/assets/Scripts/GameManager.tsbackground: #aaff85; color: #000;color: #000;
2025-7-18 11:18:14-debug: refresh db assets success
2025-7-18 11:18:14-debug: Run asset db hook engine-extends:afterRefresh ...
2025-7-18 11:18:14-debug: Run asset db hook engine-extends:afterRefresh success!
2025-7-18 11:18:14-debug: asset-db:refresh-all-database (24ms)
2025-7-18 11:18:14-debug: asset-db-hook-engine-extends-afterRefresh (1ms)
2025-7-18 11:18:27-debug: %cImport%c: /Users/zhao/Desktop/test/cocos-creator/PlaneFight/assets/Scenes/Start.scenebackground: #aaff85; color: #000;color: #000;
2025-7-18 11:18:27-debug: asset-db:reimport-asset2fda4d65-a1e9-4078-8250-de49b04cdc34 (6ms)
2025-7-18 11:18:29-debug: refresh db internal success
2025-7-18 11:18:29-debug: %cImport%c: /Users/zhao/Desktop/test/cocos-creator/PlaneFight/assets/Scripts/GameManager.tsbackground: #aaff85; color: #000;color: #000;
2025-7-18 11:18:29-debug: refresh db assets success
2025-7-18 11:18:29-debug: Run asset db hook engine-extends:afterRefresh success!
2025-7-18 11:18:29-debug: Run asset db hook engine-extends:afterRefresh ...
2025-7-18 11:18:29-debug: asset-db:refresh-all-database (23ms)
2025-7-18 11:18:29-debug: asset-db:worker-effect-data-processing (1ms)
2025-7-18 11:18:29-debug: asset-db-hook-engine-extends-afterRefresh (1ms)
2025-7-18 11:18:33-debug: Query all assets info in project
2025-7-18 11:18:33-debug: init custom config: keepNodeUuid: false, useCache: true
2025-7-18 11:18:33-debug: Skip compress image, progress: 0%
2025-7-18 11:18:33-debug: Init all bundles start..., progress: 0%
2025-7-18 11:18:33-debug: Num of bundles: 2..., progress: 0%
2025-7-18 11:18:33-debug: Init bundle root assets start..., progress: 0%
2025-7-18 11:18:33-debug: 查询 Asset Bundle start, progress: 0%
2025-7-18 11:18:33-debug: // ---- build task 查询 Asset Bundle ----
2025-7-18 11:18:33-debug: Query preload assets/scripts from cc.config.json: 60f7195c-ec2a-45eb-ba94-8955f60e81d0,1c02ae6f-4492-4915-b8f8-7492a3b1e4cd,810e96e4-e456-4468-9b59-f4e8f39732c0,efe8e2a3-eace-427b-b4f1-cb8a937ec77d,e9aa9a3e-5b2b-4ac7-a2c7-073de2b2b24f,8bbdbcdd-5cd4-4100-b6d5-b7c9625b6107,50f4348b-c883-4e2f-8f11-ce233b859fa1,fda095cb-831d-4601-ad94-846013963de8,f92806d7-1768-443f-afe8-12bcde84d0f0,dd3a144d-ab7f-41f0-82b8-2e43a090d496,f0416e68-0200-4b77-a926-4f9d16e494da,970b0598-bcb0-4714-91fb-2e81440dccd8,bcd64cc6-2dd9-43f6-abbe-66318d332032,d930590d-bb92-4cc8-8bd1-23cd027f9edf,a3cd009f-0ab0-420d-9278-b9fdab939bbc,6a2d0734-bd9e-4ddf-946e-caa52498cb75,c27215d8-6835-4b68-bfbb-bdeac6100c04,b5d6115f-0370-4d7c-aad3-c194cc71cf98,871c3b6c-7379-419d-bda3-794b239ab90d,ff9b0199-ce04-4cfe-86cc-6c719f08d6e4,de1c2107-70c8-4021-8459-6399f24d01c6,cbf30902-517f-40dc-af90-a550bac27cf1
2025-7-18 11:18:33-debug:   Number of all scripts: 10
2025-7-18 11:18:33-debug:   Number of all scenes: 1
2025-7-18 11:18:33-debug:   Number of other assets: 498
2025-7-18 11:18:33-debug: Init bundle root assets success..., progress: 0%
2025-7-18 11:18:33-debug: // ---- build task 查询 Asset Bundle ---- (1ms)
2025-7-18 11:18:33-debug: [Build Memory track]: 查询 Asset Bundle start:213.46MB, end 213.13MB, increase: -334.88KB
2025-7-18 11:18:33-debug: 查询 Asset Bundle start, progress: 5%
2025-7-18 11:18:33-debug: // ---- build task 查询 Asset Bundle ----
2025-7-18 11:18:33-log: run build task 查询 Asset Bundle success in 1 ms√, progress: 5%
2025-7-18 11:18:33-log: run build task 查询 Asset Bundle success in √, progress: 10%
2025-7-18 11:18:33-debug: 整理部分构建选项内数据到 settings.json start, progress: 10%
2025-7-18 11:18:33-debug: [Build Memory track]: 查询 Asset Bundle start:213.16MB, end 213.25MB, increase: 96.79KB
2025-7-18 11:18:33-debug: // ---- build task 整理部分构建选项内数据到 settings.json ----
2025-7-18 11:18:33-log: run build task 整理部分构建选项内数据到 settings.json success in √, progress: 12%
2025-7-18 11:18:33-debug: 填充脚本数据到 settings.json start, progress: 12%
2025-7-18 11:18:33-debug: // ---- build task 填充脚本数据到 settings.json ----
2025-7-18 11:18:33-debug: [Build Memory track]: 整理部分构建选项内数据到 settings.json start:213.28MB, end 213.29MB, increase: 15.25KB
2025-7-18 11:18:33-debug: [Build Memory track]: 填充脚本数据到 settings.json start:213.32MB, end 213.33MB, increase: 14.71KB
2025-7-18 11:18:33-log: run build task 填充脚本数据到 settings.json success in √, progress: 13%
2025-7-18 11:18:33-debug: 整理部分构建选项内数据到 settings.json start, progress: 13%
2025-7-18 11:18:33-debug: // ---- build task 整理部分构建选项内数据到 settings.json ----
2025-7-18 11:18:33-debug: // ---- build task 整理部分构建选项内数据到 settings.json ---- (1ms)
2025-7-18 11:18:33-log: run build task 整理部分构建选项内数据到 settings.json success in 1 ms√, progress: 15%
2025-7-18 11:18:33-debug: [Build Memory track]: 整理部分构建选项内数据到 settings.json start:213.36MB, end 213.47MB, increase: 121.61KB
2025-7-18 11:18:44-debug: refresh db internal success
2025-7-18 11:18:44-debug: %cImport%c: /Users/zhao/Desktop/test/cocos-creator/PlaneFight/assets/Scripts/GameManager.tsbackground: #aaff85; color: #000;color: #000;
2025-7-18 11:18:44-debug: refresh db assets success
2025-7-18 11:18:44-debug: Run asset db hook engine-extends:afterRefresh ...
2025-7-18 11:18:44-debug: Run asset db hook engine-extends:afterRefresh success!
2025-7-18 11:18:44-debug: asset-db:refresh-all-database (30ms)
2025-7-18 11:18:46-warn: 为更好地打开脚本，请在 {preferences} -> {program} -> {scriptEditor} 里配置打开脚本的应用程序
2025-7-18 11:18:59-debug: refresh db internal success
2025-7-18 11:18:59-debug: %cImport%c: /Users/zhao/Desktop/test/cocos-creator/PlaneFight/assets/Scripts/EnemyBox.tsbackground: #aaff85; color: #000;color: #000;
2025-7-18 11:18:59-debug: refresh db assets success
2025-7-18 11:18:59-debug: Run asset db hook engine-extends:afterRefresh ...
2025-7-18 11:18:59-debug: Run asset db hook engine-extends:afterRefresh success!
2025-7-18 11:18:59-debug: asset-db:refresh-all-database (26ms)
2025-7-18 11:19:09-debug: refresh db internal success
2025-7-18 11:19:09-debug: %cImport%c: /Users/zhao/Desktop/test/cocos-creator/PlaneFight/assets/Scripts/EnemyBox.tsbackground: #aaff85; color: #000;color: #000;
2025-7-18 11:19:09-debug: refresh db assets success
2025-7-18 11:19:09-debug: Run asset db hook engine-extends:afterRefresh ...
2025-7-18 11:19:09-debug: Run asset db hook engine-extends:afterRefresh success!
2025-7-18 11:19:09-debug: asset-db:refresh-all-database (31ms)
2025-7-18 11:19:09-debug: asset-db:worker-effect-data-processing (1ms)
2025-7-18 11:19:09-debug: asset-db-hook-engine-extends-afterRefresh (1ms)
2025-7-18 11:19:26-debug: %cImport%c: /Users/zhao/Desktop/test/cocos-creator/PlaneFight/assets/Scenes/Start.scenebackground: #aaff85; color: #000;color: #000;
2025-7-18 11:19:26-debug: asset-db:reimport-asset2fda4d65-a1e9-4078-8250-de49b04cdc34 (8ms)
2025-7-18 11:19:27-debug: %cImport%c: /Users/zhao/Desktop/test/cocos-creator/PlaneFight/assets/Scenes/Start.scenebackground: #aaff85; color: #000;color: #000;
2025-7-18 11:19:27-debug: asset-db:reimport-asset2fda4d65-a1e9-4078-8250-de49b04cdc34 (7ms)
2025-7-18 11:20:09-debug: refresh db internal success
2025-7-18 11:20:09-debug: refresh db assets success
2025-7-18 11:20:09-debug: Run asset db hook engine-extends:afterRefresh ...
2025-7-18 11:20:09-debug: Run asset db hook engine-extends:afterRefresh success!
2025-7-18 11:20:09-debug: asset-db:refresh-all-database (27ms)
2025-7-18 11:20:09-debug: asset-db:worker-effect-data-processing (1ms)
2025-7-18 11:20:09-debug: asset-db-hook-engine-extends-afterRefresh (1ms)
2025-7-18 11:20:20-debug: start refresh asset from /Users/zhao/Desktop/test/cocos-creator/PlaneFight/assets/Prefabs/enemy0.prefab...
2025-7-18 11:20:20-debug: %cImport%c: /Users/zhao/Desktop/test/cocos-creator/PlaneFight/assets/Prefabs/enemy0.prefabbackground: #aaff85; color: #000;color: #000;
2025-7-18 11:20:20-debug: refresh asset /Users/zhao/Desktop/test/cocos-creator/PlaneFight/assets/Prefabs success
2025-7-18 11:20:28-debug: %cImport%c: /Users/zhao/Desktop/test/cocos-creator/PlaneFight/assets/Scenes/Start.scenebackground: #aaff85; color: #000;color: #000;
2025-7-18 11:20:28-debug: asset-db:reimport-asset2fda4d65-a1e9-4078-8250-de49b04cdc34 (8ms)
2025-7-18 11:20:33-debug: Query all assets info in project
2025-7-18 11:20:33-debug: init custom config: keepNodeUuid: false, useCache: true
2025-7-18 11:20:33-debug: Skip compress image, progress: 0%
2025-7-18 11:20:33-debug: Init all bundles start..., progress: 0%
2025-7-18 11:20:33-debug: 查询 Asset Bundle start, progress: 0%
2025-7-18 11:20:33-debug: Init bundle root assets start..., progress: 0%
2025-7-18 11:20:33-debug: // ---- build task 查询 Asset Bundle ----
2025-7-18 11:20:33-debug: Num of bundles: 2..., progress: 0%
2025-7-18 11:20:33-debug: Query preload assets/scripts from cc.config.json: 60f7195c-ec2a-45eb-ba94-8955f60e81d0,1c02ae6f-4492-4915-b8f8-7492a3b1e4cd,810e96e4-e456-4468-9b59-f4e8f39732c0,efe8e2a3-eace-427b-b4f1-cb8a937ec77d,e9aa9a3e-5b2b-4ac7-a2c7-073de2b2b24f,8bbdbcdd-5cd4-4100-b6d5-b7c9625b6107,50f4348b-c883-4e2f-8f11-ce233b859fa1,fda095cb-831d-4601-ad94-846013963de8,f92806d7-1768-443f-afe8-12bcde84d0f0,dd3a144d-ab7f-41f0-82b8-2e43a090d496,f0416e68-0200-4b77-a926-4f9d16e494da,970b0598-bcb0-4714-91fb-2e81440dccd8,bcd64cc6-2dd9-43f6-abbe-66318d332032,d930590d-bb92-4cc8-8bd1-23cd027f9edf,a3cd009f-0ab0-420d-9278-b9fdab939bbc,6a2d0734-bd9e-4ddf-946e-caa52498cb75,c27215d8-6835-4b68-bfbb-bdeac6100c04,b5d6115f-0370-4d7c-aad3-c194cc71cf98,871c3b6c-7379-419d-bda3-794b239ab90d,ff9b0199-ce04-4cfe-86cc-6c719f08d6e4,de1c2107-70c8-4021-8459-6399f24d01c6,cbf30902-517f-40dc-af90-a550bac27cf1
2025-7-18 11:20:33-debug:   Number of all scenes: 1
2025-7-18 11:20:33-debug:   Number of all scripts: 10
2025-7-18 11:20:33-debug:   Number of other assets: 498
2025-7-18 11:20:33-debug: Init bundle root assets success..., progress: 0%
2025-7-18 11:20:33-debug: // ---- build task 查询 Asset Bundle ---- (1ms)
2025-7-18 11:20:33-debug: // ---- build task 查询 Asset Bundle ----
2025-7-18 11:20:33-debug: [Build Memory track]: 查询 Asset Bundle start:215.70MB, end 215.43MB, increase: -278.53KB
2025-7-18 11:20:33-debug: 查询 Asset Bundle start, progress: 5%
2025-7-18 11:20:33-log: run build task 查询 Asset Bundle success in 1 ms√, progress: 5%
2025-7-18 11:20:33-log: run build task 查询 Asset Bundle success in √, progress: 10%
2025-7-18 11:20:33-debug: [Build Memory track]: 查询 Asset Bundle start:215.45MB, end 215.55MB, increase: 97.07KB
2025-7-18 11:20:33-debug: 整理部分构建选项内数据到 settings.json start, progress: 10%
2025-7-18 11:20:33-debug: // ---- build task 整理部分构建选项内数据到 settings.json ----
2025-7-18 11:20:33-log: run build task 整理部分构建选项内数据到 settings.json success in √, progress: 12%
2025-7-18 11:20:33-debug: 填充脚本数据到 settings.json start, progress: 12%
2025-7-18 11:20:33-debug: [Build Memory track]: 整理部分构建选项内数据到 settings.json start:215.57MB, end 215.59MB, increase: 15.23KB
2025-7-18 11:20:33-debug: // ---- build task 填充脚本数据到 settings.json ----
2025-7-18 11:20:33-log: run build task 填充脚本数据到 settings.json success in √, progress: 13%
2025-7-18 11:20:33-debug: [Build Memory track]: 填充脚本数据到 settings.json start:215.61MB, end 215.63MB, increase: 14.80KB
2025-7-18 11:20:33-debug: 整理部分构建选项内数据到 settings.json start, progress: 13%
2025-7-18 11:20:33-debug: // ---- build task 整理部分构建选项内数据到 settings.json ----
2025-7-18 11:20:33-debug: // ---- build task 整理部分构建选项内数据到 settings.json ---- (1ms)
2025-7-18 11:20:33-log: run build task 整理部分构建选项内数据到 settings.json success in 1 ms√, progress: 15%
2025-7-18 11:20:33-debug: [Build Memory track]: 整理部分构建选项内数据到 settings.json start:215.65MB, end 215.77MB, increase: 121.48KB
2025-7-18 11:20:44-debug: refresh db internal success
2025-7-18 11:20:44-debug: %cImport%c: /Users/zhao/Desktop/test/cocos-creator/PlaneFight/assets/Scripts/EnemyBox.tsbackground: #aaff85; color: #000;color: #000;
2025-7-18 11:20:44-debug: refresh db assets success
2025-7-18 11:20:44-debug: Run asset db hook engine-extends:afterRefresh ...
2025-7-18 11:20:44-debug: Run asset db hook engine-extends:afterRefresh success!
2025-7-18 11:20:44-debug: asset-db:refresh-all-database (40ms)
2025-7-18 11:20:44-debug: asset-db:worker-effect-data-processing (1ms)
2025-7-18 11:20:44-debug: asset-db-hook-engine-extends-afterRefresh (1ms)
2025-7-18 11:20:46-debug: Query all assets info in project
2025-7-18 11:20:46-debug: init custom config: keepNodeUuid: false, useCache: true
2025-7-18 11:20:46-debug: Skip compress image, progress: 0%
2025-7-18 11:20:46-debug: Init all bundles start..., progress: 0%
2025-7-18 11:20:46-debug: Num of bundles: 2..., progress: 0%
2025-7-18 11:20:46-debug: 查询 Asset Bundle start, progress: 0%
2025-7-18 11:20:46-debug: // ---- build task 查询 Asset Bundle ----
2025-7-18 11:20:46-debug: Init bundle root assets start..., progress: 0%
2025-7-18 11:20:46-debug: Query preload assets/scripts from cc.config.json: 60f7195c-ec2a-45eb-ba94-8955f60e81d0,1c02ae6f-4492-4915-b8f8-7492a3b1e4cd,810e96e4-e456-4468-9b59-f4e8f39732c0,efe8e2a3-eace-427b-b4f1-cb8a937ec77d,e9aa9a3e-5b2b-4ac7-a2c7-073de2b2b24f,8bbdbcdd-5cd4-4100-b6d5-b7c9625b6107,50f4348b-c883-4e2f-8f11-ce233b859fa1,fda095cb-831d-4601-ad94-846013963de8,f92806d7-1768-443f-afe8-12bcde84d0f0,dd3a144d-ab7f-41f0-82b8-2e43a090d496,f0416e68-0200-4b77-a926-4f9d16e494da,970b0598-bcb0-4714-91fb-2e81440dccd8,bcd64cc6-2dd9-43f6-abbe-66318d332032,d930590d-bb92-4cc8-8bd1-23cd027f9edf,a3cd009f-0ab0-420d-9278-b9fdab939bbc,6a2d0734-bd9e-4ddf-946e-caa52498cb75,c27215d8-6835-4b68-bfbb-bdeac6100c04,b5d6115f-0370-4d7c-aad3-c194cc71cf98,871c3b6c-7379-419d-bda3-794b239ab90d,ff9b0199-ce04-4cfe-86cc-6c719f08d6e4,de1c2107-70c8-4021-8459-6399f24d01c6,cbf30902-517f-40dc-af90-a550bac27cf1
2025-7-18 11:20:46-debug:   Number of other assets: 498
2025-7-18 11:20:46-debug:   Number of all scripts: 10
2025-7-18 11:20:46-debug: Init bundle root assets success..., progress: 0%
2025-7-18 11:20:46-debug:   Number of all scenes: 1
2025-7-18 11:20:46-debug: // ---- build task 查询 Asset Bundle ---- (1ms)
2025-7-18 11:20:46-debug: 查询 Asset Bundle start, progress: 5%
2025-7-18 11:20:46-debug: [Build Memory track]: 查询 Asset Bundle start:216.46MB, end 216.15MB, increase: -315.24KB
2025-7-18 11:20:46-debug: // ---- build task 查询 Asset Bundle ----
2025-7-18 11:20:46-log: run build task 查询 Asset Bundle success in 1 ms√, progress: 5%
2025-7-18 11:20:46-log: run build task 查询 Asset Bundle success in √, progress: 10%
2025-7-18 11:20:46-debug: 整理部分构建选项内数据到 settings.json start, progress: 10%
2025-7-18 11:20:46-debug: // ---- build task 整理部分构建选项内数据到 settings.json ----
2025-7-18 11:20:46-debug: [Build Memory track]: 查询 Asset Bundle start:216.17MB, end 216.27MB, increase: 96.96KB
2025-7-18 11:20:46-log: run build task 整理部分构建选项内数据到 settings.json success in √, progress: 12%
2025-7-18 11:20:46-debug: [Build Memory track]: 整理部分构建选项内数据到 settings.json start:216.29MB, end 216.31MB, increase: 15.25KB
2025-7-18 11:20:46-debug: 填充脚本数据到 settings.json start, progress: 12%
2025-7-18 11:20:46-debug: // ---- build task 填充脚本数据到 settings.json ----
2025-7-18 11:20:46-log: run build task 填充脚本数据到 settings.json success in √, progress: 13%
2025-7-18 11:20:46-debug: [Build Memory track]: 填充脚本数据到 settings.json start:216.33MB, end 216.35MB, increase: 14.73KB
2025-7-18 11:20:46-debug: // ---- build task 整理部分构建选项内数据到 settings.json ----
2025-7-18 11:20:46-debug: 整理部分构建选项内数据到 settings.json start, progress: 13%
2025-7-18 11:20:46-debug: // ---- build task 整理部分构建选项内数据到 settings.json ---- (1ms)
2025-7-18 11:20:46-debug: [Build Memory track]: 整理部分构建选项内数据到 settings.json start:216.37MB, end 216.49MB, increase: 121.58KB
2025-7-18 11:20:46-log: run build task 整理部分构建选项内数据到 settings.json success in 1 ms√, progress: 15%
2025-7-18 11:21:32-debug: refresh db internal success
2025-7-18 11:21:32-debug: %cImport%c: /Users/zhao/Desktop/test/cocos-creator/PlaneFight/assets/Scripts/EnemyBox.tsbackground: #aaff85; color: #000;color: #000;
2025-7-18 11:21:32-debug: refresh db assets success
2025-7-18 11:21:32-debug: Run asset db hook engine-extends:afterRefresh ...
2025-7-18 11:21:32-debug: Run asset db hook engine-extends:afterRefresh success!
2025-7-18 11:21:32-debug: asset-db:refresh-all-database (21ms)
2025-7-18 11:21:32-debug: asset-db-hook-engine-extends-afterRefresh (1ms)
2025-7-18 11:21:32-debug: asset-db:worker-effect-data-processing (1ms)
2025-7-18 11:21:34-debug: refresh db internal success
2025-7-18 11:21:34-debug: %cImport%c: /Users/zhao/Desktop/test/cocos-creator/PlaneFight/assets/Scripts/EnemyBox.tsbackground: #aaff85; color: #000;color: #000;
2025-7-18 11:21:34-debug: Run asset db hook engine-extends:afterRefresh ...
2025-7-18 11:21:34-debug: Run asset db hook engine-extends:afterRefresh success!
2025-7-18 11:21:34-debug: refresh db assets success
2025-7-18 11:21:34-debug: asset-db:worker-effect-data-processing (2ms)
2025-7-18 11:21:34-debug: asset-db-hook-engine-extends-afterRefresh (2ms)
2025-7-18 11:21:34-debug: asset-db:refresh-all-database (55ms)
2025-7-18 11:21:37-debug: Query all assets info in project
2025-7-18 11:21:37-debug: init custom config: keepNodeUuid: false, useCache: true
2025-7-18 11:21:37-debug: Skip compress image, progress: 0%
2025-7-18 11:21:37-debug: Init all bundles start..., progress: 0%
2025-7-18 11:21:37-debug: // ---- build task 查询 Asset Bundle ----
2025-7-18 11:21:37-debug: Num of bundles: 2..., progress: 0%
2025-7-18 11:21:37-debug: Init bundle root assets start..., progress: 0%
2025-7-18 11:21:37-debug: 查询 Asset Bundle start, progress: 0%
2025-7-18 11:21:37-debug: Query preload assets/scripts from cc.config.json: 60f7195c-ec2a-45eb-ba94-8955f60e81d0,1c02ae6f-4492-4915-b8f8-7492a3b1e4cd,810e96e4-e456-4468-9b59-f4e8f39732c0,efe8e2a3-eace-427b-b4f1-cb8a937ec77d,e9aa9a3e-5b2b-4ac7-a2c7-073de2b2b24f,8bbdbcdd-5cd4-4100-b6d5-b7c9625b6107,50f4348b-c883-4e2f-8f11-ce233b859fa1,fda095cb-831d-4601-ad94-846013963de8,f92806d7-1768-443f-afe8-12bcde84d0f0,dd3a144d-ab7f-41f0-82b8-2e43a090d496,f0416e68-0200-4b77-a926-4f9d16e494da,970b0598-bcb0-4714-91fb-2e81440dccd8,bcd64cc6-2dd9-43f6-abbe-66318d332032,d930590d-bb92-4cc8-8bd1-23cd027f9edf,a3cd009f-0ab0-420d-9278-b9fdab939bbc,6a2d0734-bd9e-4ddf-946e-caa52498cb75,c27215d8-6835-4b68-bfbb-bdeac6100c04,b5d6115f-0370-4d7c-aad3-c194cc71cf98,871c3b6c-7379-419d-bda3-794b239ab90d,ff9b0199-ce04-4cfe-86cc-6c719f08d6e4,de1c2107-70c8-4021-8459-6399f24d01c6,cbf30902-517f-40dc-af90-a550bac27cf1
2025-7-18 11:21:37-debug:   Number of all scripts: 10
2025-7-18 11:21:37-debug: Init bundle root assets success..., progress: 0%
2025-7-18 11:21:37-debug:   Number of other assets: 498
2025-7-18 11:21:37-debug:   Number of all scenes: 1
2025-7-18 11:21:37-debug: // ---- build task 查询 Asset Bundle ---- (2ms)
2025-7-18 11:21:37-log: run build task 查询 Asset Bundle success in 2 ms√, progress: 5%
2025-7-18 11:21:37-debug: // ---- build task 查询 Asset Bundle ----
2025-7-18 11:21:37-debug: [Build Memory track]: 查询 Asset Bundle start:198.90MB, end 199.55MB, increase: 670.43KB
2025-7-18 11:21:37-debug: 查询 Asset Bundle start, progress: 5%
2025-7-18 11:21:37-log: run build task 查询 Asset Bundle success in √, progress: 10%
2025-7-18 11:21:37-debug: [Build Memory track]: 查询 Asset Bundle start:199.57MB, end 199.67MB, increase: 97.80KB
2025-7-18 11:21:37-debug: 整理部分构建选项内数据到 settings.json start, progress: 10%
2025-7-18 11:21:37-debug: // ---- build task 整理部分构建选项内数据到 settings.json ----
2025-7-18 11:21:37-log: run build task 整理部分构建选项内数据到 settings.json success in √, progress: 12%
2025-7-18 11:21:37-debug: 填充脚本数据到 settings.json start, progress: 12%
2025-7-18 11:21:37-debug: // ---- build task 填充脚本数据到 settings.json ----
2025-7-18 11:21:37-debug: [Build Memory track]: 整理部分构建选项内数据到 settings.json start:199.70MB, end 199.71MB, increase: 14.95KB
2025-7-18 11:21:37-log: run build task 填充脚本数据到 settings.json success in √, progress: 13%
2025-7-18 11:21:37-debug: [Build Memory track]: 填充脚本数据到 settings.json start:199.73MB, end 199.75MB, increase: 14.65KB
2025-7-18 11:21:37-debug: // ---- build task 整理部分构建选项内数据到 settings.json ----
2025-7-18 11:21:37-debug: 整理部分构建选项内数据到 settings.json start, progress: 13%
2025-7-18 11:21:37-debug: // ---- build task 整理部分构建选项内数据到 settings.json ---- (1ms)
2025-7-18 11:21:37-log: run build task 整理部分构建选项内数据到 settings.json success in 1 ms√, progress: 15%
2025-7-18 11:21:37-debug: [Build Memory track]: 整理部分构建选项内数据到 settings.json start:199.77MB, end 198.44MB, increase: -1367.64KB
2025-7-18 11:21:54-debug: refresh db internal success
2025-7-18 11:21:54-debug: refresh db assets success
2025-7-18 11:21:54-debug: Run asset db hook engine-extends:afterRefresh ...
2025-7-18 11:21:54-debug: Run asset db hook engine-extends:afterRefresh success!
2025-7-18 11:21:54-debug: asset-db:refresh-all-database (26ms)
2025-7-18 11:21:54-debug: asset-db:worker-effect-data-processing (1ms)
2025-7-18 11:21:54-debug: asset-db-hook-engine-extends-afterRefresh (2ms)
2025-7-18 11:22:11-debug: refresh db internal success
2025-7-18 11:22:11-debug: %cImport%c: /Users/zhao/Desktop/test/cocos-creator/PlaneFight/assets/Scripts/GameManager.tsbackground: #aaff85; color: #000;color: #000;
2025-7-18 11:22:11-debug: refresh db assets success
2025-7-18 11:22:11-debug: Run asset db hook engine-extends:afterRefresh ...
2025-7-18 11:22:11-debug: Run asset db hook engine-extends:afterRefresh success!
2025-7-18 11:22:11-debug: asset-db:refresh-all-database (28ms)
2025-7-18 11:22:11-debug: asset-db:worker-effect-data-processing (1ms)
2025-7-18 11:22:11-debug: asset-db-hook-engine-extends-afterRefresh (1ms)
2025-7-18 11:22:14-debug: Query all assets info in project
2025-7-18 11:22:14-debug: init custom config: keepNodeUuid: false, useCache: true
2025-7-18 11:22:14-debug: Skip compress image, progress: 0%
2025-7-18 11:22:14-debug: Init all bundles start..., progress: 0%
2025-7-18 11:22:14-debug: // ---- build task 查询 Asset Bundle ----
2025-7-18 11:22:14-debug: Num of bundles: 2..., progress: 0%
2025-7-18 11:22:14-debug: Init bundle root assets start..., progress: 0%
2025-7-18 11:22:14-debug: 查询 Asset Bundle start, progress: 0%
2025-7-18 11:22:14-debug: Query preload assets/scripts from cc.config.json: 60f7195c-ec2a-45eb-ba94-8955f60e81d0,1c02ae6f-4492-4915-b8f8-7492a3b1e4cd,810e96e4-e456-4468-9b59-f4e8f39732c0,efe8e2a3-eace-427b-b4f1-cb8a937ec77d,e9aa9a3e-5b2b-4ac7-a2c7-073de2b2b24f,8bbdbcdd-5cd4-4100-b6d5-b7c9625b6107,50f4348b-c883-4e2f-8f11-ce233b859fa1,fda095cb-831d-4601-ad94-846013963de8,f92806d7-1768-443f-afe8-12bcde84d0f0,dd3a144d-ab7f-41f0-82b8-2e43a090d496,f0416e68-0200-4b77-a926-4f9d16e494da,970b0598-bcb0-4714-91fb-2e81440dccd8,bcd64cc6-2dd9-43f6-abbe-66318d332032,d930590d-bb92-4cc8-8bd1-23cd027f9edf,a3cd009f-0ab0-420d-9278-b9fdab939bbc,6a2d0734-bd9e-4ddf-946e-caa52498cb75,c27215d8-6835-4b68-bfbb-bdeac6100c04,b5d6115f-0370-4d7c-aad3-c194cc71cf98,871c3b6c-7379-419d-bda3-794b239ab90d,ff9b0199-ce04-4cfe-86cc-6c719f08d6e4,de1c2107-70c8-4021-8459-6399f24d01c6,cbf30902-517f-40dc-af90-a550bac27cf1
2025-7-18 11:22:14-debug:   Number of all scenes: 1
2025-7-18 11:22:14-debug:   Number of all scripts: 10
2025-7-18 11:22:14-debug: Init bundle root assets success..., progress: 0%
2025-7-18 11:22:14-debug:   Number of other assets: 498
2025-7-18 11:22:14-debug: // ---- build task 查询 Asset Bundle ---- (1ms)
2025-7-18 11:22:14-log: run build task 查询 Asset Bundle success in 1 ms√, progress: 5%
2025-7-18 11:22:14-debug: [Build Memory track]: 查询 Asset Bundle start:199.97MB, end 199.66MB, increase: -319.59KB
2025-7-18 11:22:14-debug: 查询 Asset Bundle start, progress: 5%
2025-7-18 11:22:14-debug: // ---- build task 查询 Asset Bundle ----
2025-7-18 11:22:14-debug: // ---- build task 查询 Asset Bundle ---- (1ms)
2025-7-18 11:22:14-debug: [Build Memory track]: 查询 Asset Bundle start:199.68MB, end 199.79MB, increase: 107.02KB
2025-7-18 11:22:14-debug: 整理部分构建选项内数据到 settings.json start, progress: 10%
2025-7-18 11:22:14-debug: // ---- build task 整理部分构建选项内数据到 settings.json ----
2025-7-18 11:22:14-log: run build task 查询 Asset Bundle success in 1 ms√, progress: 10%
2025-7-18 11:22:14-log: run build task 整理部分构建选项内数据到 settings.json success in √, progress: 12%
2025-7-18 11:22:14-debug: [Build Memory track]: 整理部分构建选项内数据到 settings.json start:199.81MB, end 199.83MB, increase: 15.76KB
2025-7-18 11:22:14-debug: // ---- build task 填充脚本数据到 settings.json ----
2025-7-18 11:22:14-debug: 填充脚本数据到 settings.json start, progress: 12%
2025-7-18 11:22:14-log: run build task 填充脚本数据到 settings.json success in √, progress: 13%
2025-7-18 11:22:14-debug: [Build Memory track]: 填充脚本数据到 settings.json start:199.85MB, end 199.87MB, increase: 14.35KB
2025-7-18 11:22:14-debug: 整理部分构建选项内数据到 settings.json start, progress: 13%
2025-7-18 11:22:14-debug: // ---- build task 整理部分构建选项内数据到 settings.json ----
2025-7-18 11:22:14-debug: // ---- build task 整理部分构建选项内数据到 settings.json ---- (1ms)
2025-7-18 11:22:14-log: run build task 整理部分构建选项内数据到 settings.json success in 1 ms√, progress: 15%
2025-7-18 11:22:14-debug: [Build Memory track]: 整理部分构建选项内数据到 settings.json start:199.89MB, end 200.01MB, increase: 123.32KB
2025-7-18 11:23:01-debug: refresh db internal success
2025-7-18 11:23:01-debug: %cImport%c: /Users/zhao/Desktop/test/cocos-creator/PlaneFight/assets/Scripts/EnemyBox.tsbackground: #aaff85; color: #000;color: #000;
2025-7-18 11:23:01-debug: %cImport%c: /Users/zhao/Desktop/test/cocos-creator/PlaneFight/assets/Scripts/GameManager.tsbackground: #aaff85; color: #000;color: #000;
2025-7-18 11:23:01-debug: refresh db assets success
2025-7-18 11:23:01-debug: Run asset db hook engine-extends:afterRefresh ...
2025-7-18 11:23:01-debug: Run asset db hook engine-extends:afterRefresh success!
2025-7-18 11:23:01-debug: asset-db:refresh-all-database (38ms)
2025-7-18 11:23:01-debug: asset-db-hook-engine-extends-afterRefresh (1ms)
2025-7-18 11:23:01-debug: asset-db:worker-effect-data-processing (1ms)
2025-7-18 11:23:03-debug: Query all assets info in project
2025-7-18 11:23:03-debug: init custom config: keepNodeUuid: false, useCache: true
2025-7-18 11:23:03-debug: Skip compress image, progress: 0%
2025-7-18 11:23:03-debug: Init all bundles start..., progress: 0%
2025-7-18 11:23:03-debug: Num of bundles: 2..., progress: 0%
2025-7-18 11:23:03-debug: // ---- build task 查询 Asset Bundle ----
2025-7-18 11:23:03-debug: 查询 Asset Bundle start, progress: 0%
2025-7-18 11:23:03-debug: Init bundle root assets start..., progress: 0%
2025-7-18 11:23:03-debug: Query preload assets/scripts from cc.config.json: 60f7195c-ec2a-45eb-ba94-8955f60e81d0,1c02ae6f-4492-4915-b8f8-7492a3b1e4cd,810e96e4-e456-4468-9b59-f4e8f39732c0,efe8e2a3-eace-427b-b4f1-cb8a937ec77d,e9aa9a3e-5b2b-4ac7-a2c7-073de2b2b24f,8bbdbcdd-5cd4-4100-b6d5-b7c9625b6107,50f4348b-c883-4e2f-8f11-ce233b859fa1,fda095cb-831d-4601-ad94-846013963de8,f92806d7-1768-443f-afe8-12bcde84d0f0,dd3a144d-ab7f-41f0-82b8-2e43a090d496,f0416e68-0200-4b77-a926-4f9d16e494da,970b0598-bcb0-4714-91fb-2e81440dccd8,bcd64cc6-2dd9-43f6-abbe-66318d332032,d930590d-bb92-4cc8-8bd1-23cd027f9edf,a3cd009f-0ab0-420d-9278-b9fdab939bbc,6a2d0734-bd9e-4ddf-946e-caa52498cb75,c27215d8-6835-4b68-bfbb-bdeac6100c04,b5d6115f-0370-4d7c-aad3-c194cc71cf98,871c3b6c-7379-419d-bda3-794b239ab90d,ff9b0199-ce04-4cfe-86cc-6c719f08d6e4,de1c2107-70c8-4021-8459-6399f24d01c6,cbf30902-517f-40dc-af90-a550bac27cf1
2025-7-18 11:23:03-debug:   Number of all scenes: 1
2025-7-18 11:23:03-debug: Init bundle root assets success..., progress: 0%
2025-7-18 11:23:03-debug:   Number of all scripts: 10
2025-7-18 11:23:03-debug:   Number of other assets: 498
2025-7-18 11:23:03-debug: // ---- build task 查询 Asset Bundle ---- (2ms)
2025-7-18 11:23:03-log: run build task 查询 Asset Bundle success in 2 ms√, progress: 5%
2025-7-18 11:23:03-debug: // ---- build task 查询 Asset Bundle ----
2025-7-18 11:23:03-debug: 查询 Asset Bundle start, progress: 5%
2025-7-18 11:23:03-debug: [Build Memory track]: 查询 Asset Bundle start:200.72MB, end 200.40MB, increase: -323.80KB
2025-7-18 11:23:03-log: run build task 查询 Asset Bundle success in √, progress: 10%
2025-7-18 11:23:03-debug: [Build Memory track]: 查询 Asset Bundle start:200.42MB, end 200.54MB, increase: 115.52KB
2025-7-18 11:23:03-debug: 整理部分构建选项内数据到 settings.json start, progress: 10%
2025-7-18 11:23:03-debug: // ---- build task 整理部分构建选项内数据到 settings.json ----
2025-7-18 11:23:03-log: run build task 整理部分构建选项内数据到 settings.json success in √, progress: 12%
2025-7-18 11:23:03-debug: 填充脚本数据到 settings.json start, progress: 12%
2025-7-18 11:23:03-debug: [Build Memory track]: 整理部分构建选项内数据到 settings.json start:200.56MB, end 200.58MB, increase: 17.08KB
2025-7-18 11:23:03-debug: // ---- build task 填充脚本数据到 settings.json ----
2025-7-18 11:23:03-log: run build task 填充脚本数据到 settings.json success in √, progress: 13%
2025-7-18 11:23:03-debug: 整理部分构建选项内数据到 settings.json start, progress: 13%
2025-7-18 11:23:03-debug: [Build Memory track]: 填充脚本数据到 settings.json start:200.60MB, end 200.62MB, increase: 14.63KB
2025-7-18 11:23:03-debug: // ---- build task 整理部分构建选项内数据到 settings.json ----
2025-7-18 11:23:03-debug: // ---- build task 整理部分构建选项内数据到 settings.json ---- (1ms)
2025-7-18 11:23:03-log: run build task 整理部分构建选项内数据到 settings.json success in 1 ms√, progress: 15%
2025-7-18 11:23:03-debug: [Build Memory track]: 整理部分构建选项内数据到 settings.json start:200.64MB, end 200.76MB, increase: 121.36KB
2025-7-18 11:23:38-debug: refresh db internal success
2025-7-18 11:23:38-debug: refresh db assets success
2025-7-18 11:23:38-debug: Run asset db hook engine-extends:afterRefresh ...
2025-7-18 11:23:38-debug: Run asset db hook engine-extends:afterRefresh success!
2025-7-18 11:23:38-debug: asset-db:refresh-all-database (29ms)
2025-7-18 11:23:38-debug: asset-db-hook-engine-extends-afterRefresh (1ms)
2025-7-18 11:28:12-debug: refresh db internal success
2025-7-18 11:28:12-debug: %cImport%c: /Users/zhao/Desktop/test/cocos-creator/PlaneFight/assets/Scripts/EnemyBox.tsbackground: #aaff85; color: #000;color: #000;
2025-7-18 11:28:12-debug: %cImport%c: /Users/zhao/Desktop/test/cocos-creator/PlaneFight/assets/Scripts/GameManager.tsbackground: #aaff85; color: #000;color: #000;
2025-7-18 11:28:12-debug: refresh db assets success
2025-7-18 11:28:12-debug: Run asset db hook engine-extends:afterRefresh ...
2025-7-18 11:28:12-debug: Run asset db hook engine-extends:afterRefresh success!
2025-7-18 11:28:12-debug: asset-db:refresh-all-database (42ms)
2025-7-18 11:28:12-debug: asset-db:worker-effect-data-processing (2ms)
2025-7-18 11:28:12-debug: asset-db-hook-engine-extends-afterRefresh (2ms)
2025-7-18 11:28:14-debug: %cImport%c: /Users/zhao/Desktop/test/cocos-creator/PlaneFight/assets/Scenes/Start.scenebackground: #aaff85; color: #000;color: #000;
2025-7-18 11:28:14-debug: asset-db:reimport-asset2fda4d65-a1e9-4078-8250-de49b04cdc34 (4ms)
2025-7-18 11:28:16-debug: Query all assets info in project
2025-7-18 11:28:16-debug: init custom config: keepNodeUuid: false, useCache: true
2025-7-18 11:28:16-debug: Skip compress image, progress: 0%
2025-7-18 11:28:16-debug: Init all bundles start..., progress: 0%
2025-7-18 11:28:16-debug: Init bundle root assets start..., progress: 0%
2025-7-18 11:28:16-debug: Num of bundles: 2..., progress: 0%
2025-7-18 11:28:16-debug: // ---- build task 查询 Asset Bundle ----
2025-7-18 11:28:16-debug: 查询 Asset Bundle start, progress: 0%
2025-7-18 11:28:16-debug: Query preload assets/scripts from cc.config.json: 60f7195c-ec2a-45eb-ba94-8955f60e81d0,1c02ae6f-4492-4915-b8f8-7492a3b1e4cd,810e96e4-e456-4468-9b59-f4e8f39732c0,efe8e2a3-eace-427b-b4f1-cb8a937ec77d,e9aa9a3e-5b2b-4ac7-a2c7-073de2b2b24f,8bbdbcdd-5cd4-4100-b6d5-b7c9625b6107,50f4348b-c883-4e2f-8f11-ce233b859fa1,fda095cb-831d-4601-ad94-846013963de8,f92806d7-1768-443f-afe8-12bcde84d0f0,dd3a144d-ab7f-41f0-82b8-2e43a090d496,f0416e68-0200-4b77-a926-4f9d16e494da,970b0598-bcb0-4714-91fb-2e81440dccd8,bcd64cc6-2dd9-43f6-abbe-66318d332032,d930590d-bb92-4cc8-8bd1-23cd027f9edf,a3cd009f-0ab0-420d-9278-b9fdab939bbc,6a2d0734-bd9e-4ddf-946e-caa52498cb75,c27215d8-6835-4b68-bfbb-bdeac6100c04,b5d6115f-0370-4d7c-aad3-c194cc71cf98,871c3b6c-7379-419d-bda3-794b239ab90d,ff9b0199-ce04-4cfe-86cc-6c719f08d6e4,de1c2107-70c8-4021-8459-6399f24d01c6,cbf30902-517f-40dc-af90-a550bac27cf1
2025-7-18 11:28:16-debug:   Number of all scripts: 10
2025-7-18 11:28:16-debug:   Number of other assets: 498
2025-7-18 11:28:16-debug:   Number of all scenes: 1
2025-7-18 11:28:16-debug: Init bundle root assets success..., progress: 0%
2025-7-18 11:28:16-debug: // ---- build task 查询 Asset Bundle ---- (2ms)
2025-7-18 11:28:16-debug: 查询 Asset Bundle start, progress: 5%
2025-7-18 11:28:16-log: run build task 查询 Asset Bundle success in 2 ms√, progress: 5%
2025-7-18 11:28:16-debug: [Build Memory track]: 查询 Asset Bundle start:201.49MB, end 201.24MB, increase: -258.75KB
2025-7-18 11:28:16-debug: // ---- build task 查询 Asset Bundle ----
2025-7-18 11:28:16-log: run build task 查询 Asset Bundle success in √, progress: 10%
2025-7-18 11:28:16-debug: // ---- build task 整理部分构建选项内数据到 settings.json ----
2025-7-18 11:28:16-debug: 整理部分构建选项内数据到 settings.json start, progress: 10%
2025-7-18 11:28:16-debug: [Build Memory track]: 查询 Asset Bundle start:201.26MB, end 201.36MB, increase: 97.34KB
2025-7-18 11:28:16-debug: // ---- build task 整理部分构建选项内数据到 settings.json ---- (1ms)
2025-7-18 11:28:16-log: run build task 整理部分构建选项内数据到 settings.json success in 1 ms√, progress: 12%
2025-7-18 11:28:16-debug: [Build Memory track]: 整理部分构建选项内数据到 settings.json start:201.38MB, end 201.41MB, increase: 22.75KB
2025-7-18 11:28:16-debug: // ---- build task 填充脚本数据到 settings.json ----
2025-7-18 11:28:16-debug: 填充脚本数据到 settings.json start, progress: 12%
2025-7-18 11:28:16-log: run build task 填充脚本数据到 settings.json success in √, progress: 13%
2025-7-18 11:28:16-debug: [Build Memory track]: 填充脚本数据到 settings.json start:201.43MB, end 201.44MB, increase: 14.31KB
2025-7-18 11:28:16-debug: 整理部分构建选项内数据到 settings.json start, progress: 13%
2025-7-18 11:28:16-debug: // ---- build task 整理部分构建选项内数据到 settings.json ----
2025-7-18 11:28:16-debug: // ---- build task 整理部分构建选项内数据到 settings.json ---- (1ms)
2025-7-18 11:28:16-log: run build task 整理部分构建选项内数据到 settings.json success in 1 ms√, progress: 15%
2025-7-18 11:28:16-debug: [Build Memory track]: 整理部分构建选项内数据到 settings.json start:201.47MB, end 201.59MB, increase: 127.23KB
2025-7-18 11:28:42-debug: refresh db internal success
2025-7-18 11:28:42-debug: %cImport%c: /Users/zhao/Desktop/test/cocos-creator/PlaneFight/assets/Scripts/EnemyBox.tsbackground: #aaff85; color: #000;color: #000;
2025-7-18 11:28:42-debug: %cImport%c: /Users/zhao/Desktop/test/cocos-creator/PlaneFight/assets/Scripts/GameManager.tsbackground: #aaff85; color: #000;color: #000;
2025-7-18 11:28:42-debug: refresh db assets success
2025-7-18 11:28:42-debug: Run asset db hook engine-extends:afterRefresh ...
2025-7-18 11:28:42-debug: Run asset db hook engine-extends:afterRefresh success!
2025-7-18 11:28:42-debug: asset-db:refresh-all-database (16ms)
2025-7-18 11:28:42-debug: asset-db:worker-effect-data-processing (1ms)
2025-7-18 11:28:42-debug: asset-db-hook-engine-extends-afterRefresh (1ms)
2025-7-18 11:28:45-debug: Query all assets info in project
2025-7-18 11:28:45-debug: init custom config: keepNodeUuid: false, useCache: true
2025-7-18 11:28:45-debug: Skip compress image, progress: 0%
2025-7-18 11:28:45-debug: Init all bundles start..., progress: 0%
2025-7-18 11:28:45-debug: // ---- build task 查询 Asset Bundle ----
2025-7-18 11:28:45-debug: 查询 Asset Bundle start, progress: 0%
2025-7-18 11:28:45-debug: Init bundle root assets start..., progress: 0%
2025-7-18 11:28:45-debug: Num of bundles: 2..., progress: 0%
2025-7-18 11:28:45-debug: Query preload assets/scripts from cc.config.json: 60f7195c-ec2a-45eb-ba94-8955f60e81d0,1c02ae6f-4492-4915-b8f8-7492a3b1e4cd,810e96e4-e456-4468-9b59-f4e8f39732c0,efe8e2a3-eace-427b-b4f1-cb8a937ec77d,e9aa9a3e-5b2b-4ac7-a2c7-073de2b2b24f,8bbdbcdd-5cd4-4100-b6d5-b7c9625b6107,50f4348b-c883-4e2f-8f11-ce233b859fa1,fda095cb-831d-4601-ad94-846013963de8,f92806d7-1768-443f-afe8-12bcde84d0f0,dd3a144d-ab7f-41f0-82b8-2e43a090d496,f0416e68-0200-4b77-a926-4f9d16e494da,970b0598-bcb0-4714-91fb-2e81440dccd8,bcd64cc6-2dd9-43f6-abbe-66318d332032,d930590d-bb92-4cc8-8bd1-23cd027f9edf,a3cd009f-0ab0-420d-9278-b9fdab939bbc,6a2d0734-bd9e-4ddf-946e-caa52498cb75,c27215d8-6835-4b68-bfbb-bdeac6100c04,b5d6115f-0370-4d7c-aad3-c194cc71cf98,871c3b6c-7379-419d-bda3-794b239ab90d,ff9b0199-ce04-4cfe-86cc-6c719f08d6e4,de1c2107-70c8-4021-8459-6399f24d01c6,cbf30902-517f-40dc-af90-a550bac27cf1
2025-7-18 11:28:45-debug:   Number of all scripts: 10
2025-7-18 11:28:45-debug:   Number of all scenes: 1
2025-7-18 11:28:45-debug: Init bundle root assets success..., progress: 0%
2025-7-18 11:28:45-debug:   Number of other assets: 498
2025-7-18 11:28:45-debug: // ---- build task 查询 Asset Bundle ---- (2ms)
2025-7-18 11:28:45-debug: 查询 Asset Bundle start, progress: 5%
2025-7-18 11:28:45-log: run build task 查询 Asset Bundle success in 2 ms√, progress: 5%
2025-7-18 11:28:45-debug: [Build Memory track]: 查询 Asset Bundle start:202.41MB, end 202.12MB, increase: -300.87KB
2025-7-18 11:28:45-debug: // ---- build task 查询 Asset Bundle ----
2025-7-18 11:28:45-log: run build task 查询 Asset Bundle success in √, progress: 10%
2025-7-18 11:28:45-debug: [Build Memory track]: 查询 Asset Bundle start:202.15MB, end 202.24MB, increase: 97.63KB
2025-7-18 11:28:45-debug: 整理部分构建选项内数据到 settings.json start, progress: 10%
2025-7-18 11:28:45-debug: // ---- build task 整理部分构建选项内数据到 settings.json ----
2025-7-18 11:28:45-log: run build task 整理部分构建选项内数据到 settings.json success in √, progress: 12%
2025-7-18 11:28:45-debug: [Build Memory track]: 整理部分构建选项内数据到 settings.json start:202.27MB, end 202.28MB, increase: 15.11KB
2025-7-18 11:28:45-debug: 填充脚本数据到 settings.json start, progress: 12%
2025-7-18 11:28:45-debug: // ---- build task 填充脚本数据到 settings.json ----
2025-7-18 11:28:45-debug: // ---- build task 填充脚本数据到 settings.json ---- (1ms)
2025-7-18 11:28:45-log: run build task 填充脚本数据到 settings.json success in 1 ms√, progress: 13%
2025-7-18 11:28:45-debug: [Build Memory track]: 填充脚本数据到 settings.json start:202.30MB, end 202.33MB, increase: 22.52KB
2025-7-18 11:28:45-debug: 整理部分构建选项内数据到 settings.json start, progress: 13%
2025-7-18 11:28:45-debug: // ---- build task 整理部分构建选项内数据到 settings.json ----
2025-7-18 11:28:45-debug: // ---- build task 整理部分构建选项内数据到 settings.json ---- (1ms)
2025-7-18 11:28:45-log: run build task 整理部分构建选项内数据到 settings.json success in 1 ms√, progress: 15%
2025-7-18 11:28:45-debug: [Build Memory track]: 整理部分构建选项内数据到 settings.json start:202.35MB, end 202.48MB, increase: 128.94KB
2025-7-18 11:29:00-debug: refresh db internal success
2025-7-18 11:29:00-debug: %cImport%c: /Users/zhao/Desktop/test/cocos-creator/PlaneFight/assets/Scripts/GameManager.tsbackground: #aaff85; color: #000;color: #000;
2025-7-18 11:29:00-debug: refresh db assets success
2025-7-18 11:29:00-debug: Run asset db hook engine-extends:afterRefresh ...
2025-7-18 11:29:00-debug: Run asset db hook engine-extends:afterRefresh success!
2025-7-18 11:29:00-debug: asset-db:refresh-all-database (27ms)
2025-7-18 11:29:00-debug: asset-db:worker-effect-data-processing (1ms)
2025-7-18 11:29:00-debug: asset-db-hook-engine-extends-afterRefresh (1ms)
2025-7-18 11:29:17-debug: refresh db internal success
2025-7-18 11:29:17-debug: %cImport%c: /Users/zhao/Desktop/test/cocos-creator/PlaneFight/assets/Scripts/EnemyBox.tsbackground: #aaff85; color: #000;color: #000;
2025-7-18 11:29:17-debug: refresh db assets success
2025-7-18 11:29:17-debug: Run asset db hook engine-extends:afterRefresh ...
2025-7-18 11:29:17-debug: Run asset db hook engine-extends:afterRefresh success!
2025-7-18 11:29:17-debug: asset-db:refresh-all-database (29ms)
2025-7-18 11:29:17-debug: asset-db-hook-engine-extends-afterRefresh (1ms)
2025-7-18 11:29:17-debug: asset-db:worker-effect-data-processing (1ms)
2025-7-18 11:29:21-debug: Query all assets info in project
2025-7-18 11:29:21-debug: init custom config: keepNodeUuid: false, useCache: true
2025-7-18 11:29:21-debug: Skip compress image, progress: 0%
2025-7-18 11:29:21-debug: Init all bundles start..., progress: 0%
2025-7-18 11:29:21-debug: // ---- build task 查询 Asset Bundle ----
2025-7-18 11:29:21-debug: 查询 Asset Bundle start, progress: 0%
2025-7-18 11:29:21-debug: Num of bundles: 2..., progress: 0%
2025-7-18 11:29:21-debug: Init bundle root assets start..., progress: 0%
2025-7-18 11:29:21-debug: Query preload assets/scripts from cc.config.json: 60f7195c-ec2a-45eb-ba94-8955f60e81d0,1c02ae6f-4492-4915-b8f8-7492a3b1e4cd,810e96e4-e456-4468-9b59-f4e8f39732c0,efe8e2a3-eace-427b-b4f1-cb8a937ec77d,e9aa9a3e-5b2b-4ac7-a2c7-073de2b2b24f,8bbdbcdd-5cd4-4100-b6d5-b7c9625b6107,50f4348b-c883-4e2f-8f11-ce233b859fa1,fda095cb-831d-4601-ad94-846013963de8,f92806d7-1768-443f-afe8-12bcde84d0f0,dd3a144d-ab7f-41f0-82b8-2e43a090d496,f0416e68-0200-4b77-a926-4f9d16e494da,970b0598-bcb0-4714-91fb-2e81440dccd8,bcd64cc6-2dd9-43f6-abbe-66318d332032,d930590d-bb92-4cc8-8bd1-23cd027f9edf,a3cd009f-0ab0-420d-9278-b9fdab939bbc,6a2d0734-bd9e-4ddf-946e-caa52498cb75,c27215d8-6835-4b68-bfbb-bdeac6100c04,b5d6115f-0370-4d7c-aad3-c194cc71cf98,871c3b6c-7379-419d-bda3-794b239ab90d,ff9b0199-ce04-4cfe-86cc-6c719f08d6e4,de1c2107-70c8-4021-8459-6399f24d01c6,cbf30902-517f-40dc-af90-a550bac27cf1
2025-7-18 11:29:21-debug:   Number of all scenes: 1
2025-7-18 11:29:21-debug:   Number of other assets: 498
2025-7-18 11:29:21-debug:   Number of all scripts: 10
2025-7-18 11:29:21-debug: Init bundle root assets success..., progress: 0%
2025-7-18 11:29:21-debug: // ---- build task 查询 Asset Bundle ---- (1ms)
2025-7-18 11:29:21-debug: [Build Memory track]: 查询 Asset Bundle start:203.61MB, end 203.30MB, increase: -312.07KB
2025-7-18 11:29:21-debug: // ---- build task 查询 Asset Bundle ----
2025-7-18 11:29:21-log: run build task 查询 Asset Bundle success in 1 ms√, progress: 5%
2025-7-18 11:29:21-debug: 查询 Asset Bundle start, progress: 5%
2025-7-18 11:29:21-log: run build task 查询 Asset Bundle success in √, progress: 10%
2025-7-18 11:29:21-debug: 整理部分构建选项内数据到 settings.json start, progress: 10%
2025-7-18 11:29:21-debug: // ---- build task 整理部分构建选项内数据到 settings.json ----
2025-7-18 11:29:21-debug: [Build Memory track]: 查询 Asset Bundle start:203.33MB, end 203.42MB, increase: 97.26KB
2025-7-18 11:29:21-log: run build task 整理部分构建选项内数据到 settings.json success in √, progress: 12%
2025-7-18 11:29:21-debug: 填充脚本数据到 settings.json start, progress: 12%
2025-7-18 11:29:21-debug: [Build Memory track]: 整理部分构建选项内数据到 settings.json start:203.45MB, end 203.46MB, increase: 15.14KB
2025-7-18 11:29:21-debug: // ---- build task 填充脚本数据到 settings.json ----
2025-7-18 11:29:21-log: run build task 填充脚本数据到 settings.json success in √, progress: 13%
2025-7-18 11:29:21-debug: 整理部分构建选项内数据到 settings.json start, progress: 13%
2025-7-18 11:29:21-debug: [Build Memory track]: 填充脚本数据到 settings.json start:203.49MB, end 203.50MB, increase: 14.60KB
2025-7-18 11:29:21-debug: // ---- build task 整理部分构建选项内数据到 settings.json ----
2025-7-18 11:29:21-debug: // ---- build task 整理部分构建选项内数据到 settings.json ---- (1ms)
2025-7-18 11:29:21-log: run build task 整理部分构建选项内数据到 settings.json success in 1 ms√, progress: 15%
2025-7-18 11:29:21-debug: [Build Memory track]: 整理部分构建选项内数据到 settings.json start:203.53MB, end 203.65MB, increase: 121.36KB
2025-7-18 11:29:58-debug: refresh db internal success
2025-7-18 11:29:58-debug: refresh db assets success
2025-7-18 11:29:58-debug: Run asset db hook engine-extends:afterRefresh ...
2025-7-18 11:29:58-debug: Run asset db hook engine-extends:afterRefresh success!
2025-7-18 11:29:58-debug: asset-db:refresh-all-database (45ms)
2025-7-18 11:29:58-debug: asset-db:worker-effect-data-processing (1ms)
2025-7-18 11:29:58-debug: asset-db-hook-engine-extends-afterRefresh (1ms)
2025-7-18 11:30:30-debug: refresh db internal success
2025-7-18 11:30:30-debug: %cImport%c: /Users/zhao/Desktop/test/cocos-creator/PlaneFight/assets/Scripts/EnemyBox.tsbackground: #aaff85; color: #000;color: #000;
2025-7-18 11:30:30-debug: refresh db assets success
2025-7-18 11:30:30-debug: Run asset db hook engine-extends:afterRefresh ...
2025-7-18 11:30:30-debug: Run asset db hook engine-extends:afterRefresh success!
2025-7-18 11:30:30-debug: asset-db:refresh-all-database (43ms)
2025-7-18 11:30:30-debug: asset-db-hook-engine-extends-afterRefresh (1ms)
2025-7-18 11:30:52-debug: refresh db internal success
2025-7-18 11:30:52-debug: %cImport%c: /Users/zhao/Desktop/test/cocos-creator/PlaneFight/assets/Scripts/EnemyBox.tsbackground: #aaff85; color: #000;color: #000;
2025-7-18 11:30:52-debug: refresh db assets success
2025-7-18 11:30:52-debug: Run asset db hook engine-extends:afterRefresh ...
2025-7-18 11:30:52-debug: Run asset db hook engine-extends:afterRefresh success!
2025-7-18 11:30:52-debug: asset-db:refresh-all-database (25ms)
2025-7-18 11:30:52-debug: asset-db:worker-effect-data-processing (1ms)
2025-7-18 11:30:52-debug: asset-db-hook-engine-extends-afterRefresh (1ms)
2025-7-18 11:30:56-debug: Query all assets info in project
2025-7-18 11:30:56-debug: init custom config: keepNodeUuid: false, useCache: true
2025-7-18 11:30:56-debug: Skip compress image, progress: 0%
2025-7-18 11:30:56-debug: Init all bundles start..., progress: 0%
2025-7-18 11:30:56-debug: Num of bundles: 2..., progress: 0%
2025-7-18 11:30:56-debug: 查询 Asset Bundle start, progress: 0%
2025-7-18 11:30:56-debug: // ---- build task 查询 Asset Bundle ----
2025-7-18 11:30:56-debug: Init bundle root assets start..., progress: 0%
2025-7-18 11:30:56-debug: Query preload assets/scripts from cc.config.json: 60f7195c-ec2a-45eb-ba94-8955f60e81d0,1c02ae6f-4492-4915-b8f8-7492a3b1e4cd,810e96e4-e456-4468-9b59-f4e8f39732c0,efe8e2a3-eace-427b-b4f1-cb8a937ec77d,e9aa9a3e-5b2b-4ac7-a2c7-073de2b2b24f,8bbdbcdd-5cd4-4100-b6d5-b7c9625b6107,50f4348b-c883-4e2f-8f11-ce233b859fa1,fda095cb-831d-4601-ad94-846013963de8,f92806d7-1768-443f-afe8-12bcde84d0f0,dd3a144d-ab7f-41f0-82b8-2e43a090d496,f0416e68-0200-4b77-a926-4f9d16e494da,970b0598-bcb0-4714-91fb-2e81440dccd8,bcd64cc6-2dd9-43f6-abbe-66318d332032,d930590d-bb92-4cc8-8bd1-23cd027f9edf,a3cd009f-0ab0-420d-9278-b9fdab939bbc,6a2d0734-bd9e-4ddf-946e-caa52498cb75,c27215d8-6835-4b68-bfbb-bdeac6100c04,b5d6115f-0370-4d7c-aad3-c194cc71cf98,871c3b6c-7379-419d-bda3-794b239ab90d,ff9b0199-ce04-4cfe-86cc-6c719f08d6e4,de1c2107-70c8-4021-8459-6399f24d01c6,cbf30902-517f-40dc-af90-a550bac27cf1
2025-7-18 11:30:56-debug: Init bundle root assets success..., progress: 0%
2025-7-18 11:30:56-debug:   Number of all scripts: 10
2025-7-18 11:30:56-debug:   Number of other assets: 498
2025-7-18 11:30:56-debug:   Number of all scenes: 1
2025-7-18 11:30:56-debug: // ---- build task 查询 Asset Bundle ---- (1ms)
2025-7-18 11:30:56-debug: [Build Memory track]: 查询 Asset Bundle start:205.27MB, end 204.98MB, increase: -294.12KB
2025-7-18 11:30:56-debug: 查询 Asset Bundle start, progress: 5%
2025-7-18 11:30:56-log: run build task 查询 Asset Bundle success in 1 ms√, progress: 5%
2025-7-18 11:30:56-debug: // ---- build task 查询 Asset Bundle ----
2025-7-18 11:30:56-debug: // ---- build task 查询 Asset Bundle ---- (1ms)
2025-7-18 11:30:56-debug: [Build Memory track]: 查询 Asset Bundle start:205.01MB, end 205.11MB, increase: 105.50KB
2025-7-18 11:30:56-debug: 整理部分构建选项内数据到 settings.json start, progress: 10%
2025-7-18 11:30:56-log: run build task 查询 Asset Bundle success in 1 ms√, progress: 10%
2025-7-18 11:30:56-debug: // ---- build task 整理部分构建选项内数据到 settings.json ----
2025-7-18 11:30:56-log: run build task 整理部分构建选项内数据到 settings.json success in √, progress: 12%
2025-7-18 11:30:56-debug: 填充脚本数据到 settings.json start, progress: 12%
2025-7-18 11:30:56-debug: // ---- build task 填充脚本数据到 settings.json ----
2025-7-18 11:30:56-debug: [Build Memory track]: 整理部分构建选项内数据到 settings.json start:205.13MB, end 205.15MB, increase: 15.36KB
2025-7-18 11:30:56-log: run build task 填充脚本数据到 settings.json success in √, progress: 13%
2025-7-18 11:30:56-debug: [Build Memory track]: 填充脚本数据到 settings.json start:205.17MB, end 205.19MB, increase: 15.03KB
2025-7-18 11:30:56-debug: 整理部分构建选项内数据到 settings.json start, progress: 13%
2025-7-18 11:30:56-debug: // ---- build task 整理部分构建选项内数据到 settings.json ----
2025-7-18 11:30:56-debug: // ---- build task 整理部分构建选项内数据到 settings.json ---- (2ms)
2025-7-18 11:30:56-log: run build task 整理部分构建选项内数据到 settings.json success in 2 ms√, progress: 15%
2025-7-18 11:30:56-debug: [Build Memory track]: 整理部分构建选项内数据到 settings.json start:205.21MB, end 205.33MB, increase: 121.36KB
2025-7-18 11:31:13-debug: refresh db internal success
2025-7-18 11:31:13-debug: refresh db assets success
2025-7-18 11:31:13-debug: Run asset db hook engine-extends:afterRefresh ...
2025-7-18 11:31:13-debug: Run asset db hook engine-extends:afterRefresh success!
2025-7-18 11:31:13-debug: asset-db:refresh-all-database (28ms)
2025-7-18 11:31:13-debug: asset-db:worker-effect-data-processing (1ms)
2025-7-18 11:31:13-debug: asset-db-hook-engine-extends-afterRefresh (1ms)
2025-7-18 11:31:27-debug: refresh db internal success
2025-7-18 11:31:27-debug: %cImport%c: /Users/zhao/Desktop/test/cocos-creator/PlaneFight/assets/Scripts/EnemyBox.tsbackground: #aaff85; color: #000;color: #000;
2025-7-18 11:31:27-debug: refresh db assets success
2025-7-18 11:31:27-debug: Run asset db hook engine-extends:afterRefresh ...
2025-7-18 11:31:27-debug: Run asset db hook engine-extends:afterRefresh success!
2025-7-18 11:31:27-debug: asset-db:refresh-all-database (28ms)
2025-7-18 11:31:27-debug: asset-db:worker-effect-data-processing (1ms)
2025-7-18 11:31:27-debug: asset-db-hook-engine-extends-afterRefresh (1ms)
2025-7-18 11:31:35-debug: refresh db internal success
2025-7-18 11:31:35-debug: refresh db assets success
2025-7-18 11:31:35-debug: Run asset db hook engine-extends:afterRefresh ...
2025-7-18 11:31:35-debug: Run asset db hook engine-extends:afterRefresh success!
2025-7-18 11:31:35-debug: asset-db:refresh-all-database (20ms)
2025-7-18 11:31:36-warn: 为更好地打开脚本，请在 {preferences} -> {program} -> {scriptEditor} 里配置打开脚本的应用程序
2025-7-18 11:31:57-debug: refresh db internal success
2025-7-18 11:31:57-debug: %cImport%c: /Users/zhao/Desktop/test/cocos-creator/PlaneFight/assets/Scripts/Enemy.tsbackground: #aaff85; color: #000;color: #000;
2025-7-18 11:31:57-debug: refresh db assets success
2025-7-18 11:31:57-debug: Run asset db hook engine-extends:afterRefresh ...
2025-7-18 11:31:57-debug: Run asset db hook engine-extends:afterRefresh success!
2025-7-18 11:31:57-debug: asset-db:refresh-all-database (27ms)
2025-7-18 11:31:57-debug: asset-db:worker-effect-data-processing (1ms)
2025-7-18 11:31:57-debug: asset-db-hook-engine-extends-afterRefresh (1ms)
2025-7-18 11:32:12-debug: %cImport%c: /Users/zhao/Desktop/test/cocos-creator/PlaneFight/assets/Scenes/Start.scenebackground: #aaff85; color: #000;color: #000;
2025-7-18 11:32:12-debug: asset-db:reimport-asset2fda4d65-a1e9-4078-8250-de49b04cdc34 (8ms)
2025-7-18 11:32:29-debug: refresh db internal success
2025-7-18 11:32:29-debug: %cImport%c: /Users/zhao/Desktop/test/cocos-creator/PlaneFight/assets/Scripts/Enemy.tsbackground: #aaff85; color: #000;color: #000;
2025-7-18 11:32:29-debug: %cImport%c: /Users/zhao/Desktop/test/cocos-creator/PlaneFight/assets/Scripts/EnemyBox.tsbackground: #aaff85; color: #000;color: #000;
2025-7-18 11:32:29-debug: refresh db assets success
2025-7-18 11:32:29-debug: Run asset db hook engine-extends:afterRefresh ...
2025-7-18 11:32:29-debug: Run asset db hook engine-extends:afterRefresh success!
2025-7-18 11:32:29-debug: asset-db:refresh-all-database (31ms)
2025-7-18 11:32:29-debug: asset-db-hook-engine-extends-afterRefresh (1ms)
2025-7-18 11:32:29-debug: asset-db:worker-effect-data-processing (1ms)
2025-7-18 11:34:25-debug: refresh db internal success
2025-7-18 11:34:25-debug: refresh db assets success
2025-7-18 11:34:25-debug: Run asset db hook engine-extends:afterRefresh success!
2025-7-18 11:34:25-debug: Run asset db hook engine-extends:afterRefresh ...
2025-7-18 11:34:25-debug: asset-db:refresh-all-database (44ms)
2025-7-18 11:34:25-debug: asset-db:worker-effect-data-processing (1ms)
2025-7-18 11:34:25-debug: asset-db-hook-engine-extends-afterRefresh (2ms)
2025-7-18 11:35:04-debug: refresh db internal success
2025-7-18 11:35:04-debug: refresh db assets success
2025-7-18 11:35:04-debug: Run asset db hook engine-extends:afterRefresh ...
2025-7-18 11:35:04-debug: Run asset db hook engine-extends:afterRefresh success!
2025-7-18 11:35:04-debug: asset-db:refresh-all-database (21ms)
2025-7-18 11:35:04-debug: asset-db:worker-effect-data-processing (1ms)
2025-7-18 11:35:04-debug: asset-db-hook-engine-extends-afterRefresh (1ms)
2025-7-18 11:36:25-debug: refresh db internal success
2025-7-18 11:36:25-debug: %cImport%c: /Users/zhao/Desktop/test/cocos-creator/PlaneFight/assets/Scripts/EnemyBox.tsbackground: #aaff85; color: #000;color: #000;
2025-7-18 11:36:25-debug: refresh db assets success
2025-7-18 11:36:25-debug: Run asset db hook engine-extends:afterRefresh ...
2025-7-18 11:36:25-debug: Run asset db hook engine-extends:afterRefresh success!
2025-7-18 11:36:25-debug: asset-db:refresh-all-database (39ms)
2025-7-18 11:36:25-debug: asset-db-hook-engine-extends-afterRefresh (1ms)
2025-7-18 11:36:27-debug: Query all assets info in project
2025-7-18 11:36:27-debug: init custom config: keepNodeUuid: false, useCache: true
2025-7-18 11:36:27-debug: Skip compress image, progress: 0%
2025-7-18 11:36:27-debug: Init all bundles start..., progress: 0%
2025-7-18 11:36:27-debug: // ---- build task 查询 Asset Bundle ----
2025-7-18 11:36:27-debug: 查询 Asset Bundle start, progress: 0%
2025-7-18 11:36:27-debug: Init bundle root assets start..., progress: 0%
2025-7-18 11:36:27-debug: Num of bundles: 2..., progress: 0%
2025-7-18 11:36:27-debug: Query preload assets/scripts from cc.config.json: 60f7195c-ec2a-45eb-ba94-8955f60e81d0,1c02ae6f-4492-4915-b8f8-7492a3b1e4cd,810e96e4-e456-4468-9b59-f4e8f39732c0,efe8e2a3-eace-427b-b4f1-cb8a937ec77d,e9aa9a3e-5b2b-4ac7-a2c7-073de2b2b24f,8bbdbcdd-5cd4-4100-b6d5-b7c9625b6107,50f4348b-c883-4e2f-8f11-ce233b859fa1,fda095cb-831d-4601-ad94-846013963de8,f92806d7-1768-443f-afe8-12bcde84d0f0,dd3a144d-ab7f-41f0-82b8-2e43a090d496,f0416e68-0200-4b77-a926-4f9d16e494da,970b0598-bcb0-4714-91fb-2e81440dccd8,bcd64cc6-2dd9-43f6-abbe-66318d332032,d930590d-bb92-4cc8-8bd1-23cd027f9edf,a3cd009f-0ab0-420d-9278-b9fdab939bbc,6a2d0734-bd9e-4ddf-946e-caa52498cb75,c27215d8-6835-4b68-bfbb-bdeac6100c04,b5d6115f-0370-4d7c-aad3-c194cc71cf98,871c3b6c-7379-419d-bda3-794b239ab90d,ff9b0199-ce04-4cfe-86cc-6c719f08d6e4,de1c2107-70c8-4021-8459-6399f24d01c6,cbf30902-517f-40dc-af90-a550bac27cf1
2025-7-18 11:36:27-debug: Init bundle root assets success..., progress: 0%
2025-7-18 11:36:27-debug:   Number of all scripts: 10
2025-7-18 11:36:27-debug:   Number of other assets: 498
2025-7-18 11:36:27-debug:   Number of all scenes: 1
2025-7-18 11:36:27-debug: // ---- build task 查询 Asset Bundle ---- (1ms)
2025-7-18 11:36:27-log: run build task 查询 Asset Bundle success in 1 ms√, progress: 5%
2025-7-18 11:36:27-debug: 查询 Asset Bundle start, progress: 5%
2025-7-18 11:36:27-debug: // ---- build task 查询 Asset Bundle ----
2025-7-18 11:36:27-debug: [Build Memory track]: 查询 Asset Bundle start:209.00MB, end 208.69MB, increase: -308.29KB
2025-7-18 11:36:27-debug: // ---- build task 查询 Asset Bundle ---- (1ms)
2025-7-18 11:36:27-debug: // ---- build task 整理部分构建选项内数据到 settings.json ----
2025-7-18 11:36:27-log: run build task 查询 Asset Bundle success in 1 ms√, progress: 10%
2025-7-18 11:36:27-debug: 整理部分构建选项内数据到 settings.json start, progress: 10%
2025-7-18 11:36:27-debug: [Build Memory track]: 查询 Asset Bundle start:208.72MB, end 208.82MB, increase: 104.00KB
2025-7-18 11:36:27-log: run build task 整理部分构建选项内数据到 settings.json success in √, progress: 12%
2025-7-18 11:36:27-debug: [Build Memory track]: 整理部分构建选项内数据到 settings.json start:208.85MB, end 208.86MB, increase: 14.95KB
2025-7-18 11:36:27-debug: 填充脚本数据到 settings.json start, progress: 12%
2025-7-18 11:36:27-debug: // ---- build task 填充脚本数据到 settings.json ----
2025-7-18 11:36:27-log: run build task 填充脚本数据到 settings.json success in √, progress: 13%
2025-7-18 11:36:27-debug: // ---- build task 整理部分构建选项内数据到 settings.json ----
2025-7-18 11:36:27-debug: [Build Memory track]: 填充脚本数据到 settings.json start:208.88MB, end 208.90MB, increase: 15.20KB
2025-7-18 11:36:27-debug: 整理部分构建选项内数据到 settings.json start, progress: 13%
2025-7-18 11:36:27-debug: // ---- build task 整理部分构建选项内数据到 settings.json ---- (2ms)
2025-7-18 11:36:27-log: run build task 整理部分构建选项内数据到 settings.json success in 2 ms√, progress: 15%
2025-7-18 11:36:27-debug: [Build Memory track]: 整理部分构建选项内数据到 settings.json start:208.92MB, end 209.04MB, increase: 121.59KB
2025-7-18 11:38:06-debug: refresh db internal success
2025-7-18 11:38:06-debug: %cImport%c: /Users/zhao/Desktop/test/cocos-creator/PlaneFight/assets/Scripts/Enemy.tsbackground: #aaff85; color: #000;color: #000;
2025-7-18 11:38:06-debug: refresh db assets success
2025-7-18 11:38:06-debug: Run asset db hook engine-extends:afterRefresh ...
2025-7-18 11:38:06-debug: Run asset db hook engine-extends:afterRefresh success!
2025-7-18 11:38:06-debug: asset-db:refresh-all-database (19ms)
2025-7-18 11:38:06-debug: asset-db:worker-effect-data-processing (1ms)
2025-7-18 11:38:06-debug: asset-db-hook-engine-extends-afterRefresh (1ms)
2025-7-18 11:38:15-debug: refresh db internal success
2025-7-18 11:38:15-debug: refresh db assets success
2025-7-18 11:38:15-debug: Run asset db hook engine-extends:afterRefresh ...
2025-7-18 11:38:15-debug: Run asset db hook engine-extends:afterRefresh success!
2025-7-18 11:38:15-debug: asset-db:refresh-all-database (21ms)
2025-7-18 11:38:15-debug: asset-db:worker-effect-data-processing (1ms)
2025-7-18 11:38:15-debug: asset-db-hook-engine-extends-afterRefresh (1ms)
2025-7-18 11:38:16-debug: %cImport%c: /Users/zhao/Desktop/test/cocos-creator/PlaneFight/assets/Scenes/Start.scenebackground: #aaff85; color: #000;color: #000;
2025-7-18 11:38:16-debug: asset-db:reimport-asset2fda4d65-a1e9-4078-8250-de49b04cdc34 (4ms)
2025-7-18 11:38:20-debug: start refresh asset from /Users/zhao/Desktop/test/cocos-creator/PlaneFight/assets/Prefabs/enemy0.prefab...
2025-7-18 11:38:20-debug: %cImport%c: /Users/zhao/Desktop/test/cocos-creator/PlaneFight/assets/Prefabs/enemy0.prefabbackground: #aaff85; color: #000;color: #000;
2025-7-18 11:38:20-debug: refresh asset /Users/zhao/Desktop/test/cocos-creator/PlaneFight/assets/Prefabs success
2025-7-18 11:38:25-debug: refresh db internal success
2025-7-18 11:38:25-debug: Run asset db hook engine-extends:afterRefresh ...
2025-7-18 11:38:25-debug: refresh db assets success
2025-7-18 11:38:25-debug: Run asset db hook engine-extends:afterRefresh success!
2025-7-18 11:38:25-debug: asset-db:refresh-all-database (21ms)
2025-7-18 11:38:25-debug: asset-db:worker-effect-data-processing (1ms)
2025-7-18 11:38:25-debug: asset-db-hook-engine-extends-afterRefresh (1ms)
2025-7-18 11:38:28-debug: start refresh asset from /Users/zhao/Desktop/test/cocos-creator/PlaneFight/assets/Prefabs/enemy1.prefab...
2025-7-18 11:38:28-debug: %cImport%c: /Users/zhao/Desktop/test/cocos-creator/PlaneFight/assets/Prefabs/enemy1.prefabbackground: #aaff85; color: #000;color: #000;
2025-7-18 11:38:28-debug: refresh asset /Users/zhao/Desktop/test/cocos-creator/PlaneFight/assets/Prefabs success
2025-7-18 11:39:29-debug: refresh db internal success
2025-7-18 11:39:29-debug: %cImport%c: /Users/zhao/Desktop/test/cocos-creator/PlaneFight/assets/Scripts/Enemy.tsbackground: #aaff85; color: #000;color: #000;
2025-7-18 11:39:29-debug: refresh db assets success
2025-7-18 11:39:29-debug: Run asset db hook engine-extends:afterRefresh ...
2025-7-18 11:39:29-debug: Run asset db hook engine-extends:afterRefresh success!
2025-7-18 11:39:29-debug: asset-db:refresh-all-database (28ms)
2025-7-18 11:39:29-debug: asset-db:worker-effect-data-processing (1ms)
2025-7-18 11:39:29-debug: asset-db-hook-engine-extends-afterRefresh (1ms)
2025-7-18 11:39:32-debug: start refresh asset from /Users/zhao/Desktop/test/cocos-creator/PlaneFight/assets/Prefabs/enemy0.prefab...
2025-7-18 11:39:32-debug: %cImport%c: /Users/zhao/Desktop/test/cocos-creator/PlaneFight/assets/Prefabs/enemy0.prefabbackground: #aaff85; color: #000;color: #000;
2025-7-18 11:39:32-debug: refresh asset /Users/zhao/Desktop/test/cocos-creator/PlaneFight/assets/Prefabs success
2025-7-18 11:39:34-debug: start refresh asset from /Users/zhao/Desktop/test/cocos-creator/PlaneFight/assets/Prefabs/enemy1.prefab...
2025-7-18 11:39:34-debug: %cImport%c: /Users/zhao/Desktop/test/cocos-creator/PlaneFight/assets/Prefabs/enemy1.prefabbackground: #aaff85; color: #000;color: #000;
2025-7-18 11:39:34-debug: refresh asset /Users/zhao/Desktop/test/cocos-creator/PlaneFight/assets/Prefabs success
2025-7-18 11:44:19-debug: refresh db internal success
2025-7-18 11:44:19-debug: %cImport%c: /Users/zhao/Desktop/test/cocos-creator/PlaneFight/assets/Scripts/EnemyBox.tsbackground: #aaff85; color: #000;color: #000;
2025-7-18 11:44:19-debug: %cImport%c: /Users/zhao/Desktop/test/cocos-creator/PlaneFight/assets/Scripts/GameManager.tsbackground: #aaff85; color: #000;color: #000;
2025-7-18 11:44:19-debug: refresh db assets success
2025-7-18 11:44:19-debug: Run asset db hook engine-extends:afterRefresh ...
2025-7-18 11:44:19-debug: Run asset db hook engine-extends:afterRefresh success!
2025-7-18 11:44:19-debug: asset-db:refresh-all-database (39ms)
2025-7-18 11:44:19-debug: asset-db-hook-engine-extends-afterRefresh (1ms)
2025-7-18 11:44:19-debug: asset-db:worker-effect-data-processing (1ms)
2025-7-18 11:44:24-debug: Query all assets info in project
2025-7-18 11:44:24-debug: init custom config: keepNodeUuid: false, useCache: true
2025-7-18 11:44:24-debug: Skip compress image, progress: 0%
2025-7-18 11:44:24-debug: Init all bundles start..., progress: 0%
2025-7-18 11:44:24-debug: 查询 Asset Bundle start, progress: 0%
2025-7-18 11:44:24-debug: // ---- build task 查询 Asset Bundle ----
2025-7-18 11:44:24-debug: Num of bundles: 2..., progress: 0%
2025-7-18 11:44:24-debug: Init bundle root assets start..., progress: 0%
2025-7-18 11:44:24-debug: Query preload assets/scripts from cc.config.json: 60f7195c-ec2a-45eb-ba94-8955f60e81d0,1c02ae6f-4492-4915-b8f8-7492a3b1e4cd,810e96e4-e456-4468-9b59-f4e8f39732c0,efe8e2a3-eace-427b-b4f1-cb8a937ec77d,e9aa9a3e-5b2b-4ac7-a2c7-073de2b2b24f,8bbdbcdd-5cd4-4100-b6d5-b7c9625b6107,50f4348b-c883-4e2f-8f11-ce233b859fa1,fda095cb-831d-4601-ad94-846013963de8,f92806d7-1768-443f-afe8-12bcde84d0f0,dd3a144d-ab7f-41f0-82b8-2e43a090d496,f0416e68-0200-4b77-a926-4f9d16e494da,970b0598-bcb0-4714-91fb-2e81440dccd8,bcd64cc6-2dd9-43f6-abbe-66318d332032,d930590d-bb92-4cc8-8bd1-23cd027f9edf,a3cd009f-0ab0-420d-9278-b9fdab939bbc,6a2d0734-bd9e-4ddf-946e-caa52498cb75,c27215d8-6835-4b68-bfbb-bdeac6100c04,b5d6115f-0370-4d7c-aad3-c194cc71cf98,871c3b6c-7379-419d-bda3-794b239ab90d,ff9b0199-ce04-4cfe-86cc-6c719f08d6e4,de1c2107-70c8-4021-8459-6399f24d01c6,cbf30902-517f-40dc-af90-a550bac27cf1
2025-7-18 11:44:24-debug: Init bundle root assets success..., progress: 0%
2025-7-18 11:44:24-debug:   Number of all scripts: 10
2025-7-18 11:44:24-debug:   Number of other assets: 498
2025-7-18 11:44:24-debug:   Number of all scenes: 1
2025-7-18 11:44:24-debug: // ---- build task 查询 Asset Bundle ---- (2ms)
2025-7-18 11:44:24-debug: // ---- build task 查询 Asset Bundle ----
2025-7-18 11:44:24-debug: [Build Memory track]: 查询 Asset Bundle start:211.84MB, end 211.55MB, increase: -299.55KB
2025-7-18 11:44:24-debug: 查询 Asset Bundle start, progress: 5%
2025-7-18 11:44:24-log: run build task 查询 Asset Bundle success in 2 ms√, progress: 5%
2025-7-18 11:44:24-log: run build task 查询 Asset Bundle success in √, progress: 10%
2025-7-18 11:44:24-debug: 整理部分构建选项内数据到 settings.json start, progress: 10%
2025-7-18 11:44:24-debug: [Build Memory track]: 查询 Asset Bundle start:211.57MB, end 211.67MB, increase: 96.91KB
2025-7-18 11:44:24-debug: // ---- build task 整理部分构建选项内数据到 settings.json ----
2025-7-18 11:44:24-log: run build task 整理部分构建选项内数据到 settings.json success in √, progress: 12%
2025-7-18 11:44:24-debug: 填充脚本数据到 settings.json start, progress: 12%
2025-7-18 11:44:24-debug: [Build Memory track]: 整理部分构建选项内数据到 settings.json start:211.69MB, end 211.71MB, increase: 15.14KB
2025-7-18 11:44:24-debug: // ---- build task 填充脚本数据到 settings.json ----
2025-7-18 11:44:24-debug: // ---- build task 填充脚本数据到 settings.json ---- (1ms)
2025-7-18 11:44:24-debug: 整理部分构建选项内数据到 settings.json start, progress: 13%
2025-7-18 11:44:24-debug: [Build Memory track]: 填充脚本数据到 settings.json start:211.73MB, end 211.75MB, increase: 22.49KB
2025-7-18 11:44:24-debug: // ---- build task 整理部分构建选项内数据到 settings.json ----
2025-7-18 11:44:24-log: run build task 填充脚本数据到 settings.json success in 1 ms√, progress: 13%
2025-7-18 11:44:24-debug: // ---- build task 整理部分构建选项内数据到 settings.json ---- (1ms)
2025-7-18 11:44:24-log: run build task 整理部分构建选项内数据到 settings.json success in 1 ms√, progress: 15%
2025-7-18 11:44:24-debug: [Build Memory track]: 整理部分构建选项内数据到 settings.json start:211.78MB, end 211.90MB, increase: 122.01KB
2025-7-18 11:45:07-debug: refresh db internal success
2025-7-18 11:45:07-debug: %cImport%c: /Users/zhao/Desktop/test/cocos-creator/PlaneFight/assets/Scripts/EnemyBox.tsbackground: #aaff85; color: #000;color: #000;
2025-7-18 11:45:07-debug: refresh db assets success
2025-7-18 11:45:07-debug: Run asset db hook engine-extends:afterRefresh success!
2025-7-18 11:45:07-debug: Run asset db hook engine-extends:afterRefresh ...
2025-7-18 11:45:07-debug: asset-db:refresh-all-database (40ms)
2025-7-18 11:45:07-debug: asset-db:worker-effect-data-processing (1ms)
2025-7-18 11:45:07-debug: asset-db-hook-engine-extends-afterRefresh (1ms)
2025-7-18 11:45:12-debug: Query all assets info in project
2025-7-18 11:45:12-debug: init custom config: keepNodeUuid: false, useCache: true
2025-7-18 11:45:12-debug: Skip compress image, progress: 0%
2025-7-18 11:45:12-debug: Init all bundles start..., progress: 0%
2025-7-18 11:45:12-debug: 查询 Asset Bundle start, progress: 0%
2025-7-18 11:45:12-debug: Num of bundles: 2..., progress: 0%
2025-7-18 11:45:12-debug: Init bundle root assets start..., progress: 0%
2025-7-18 11:45:12-debug: // ---- build task 查询 Asset Bundle ----
2025-7-18 11:45:12-debug: Query preload assets/scripts from cc.config.json: 60f7195c-ec2a-45eb-ba94-8955f60e81d0,1c02ae6f-4492-4915-b8f8-7492a3b1e4cd,810e96e4-e456-4468-9b59-f4e8f39732c0,efe8e2a3-eace-427b-b4f1-cb8a937ec77d,e9aa9a3e-5b2b-4ac7-a2c7-073de2b2b24f,8bbdbcdd-5cd4-4100-b6d5-b7c9625b6107,50f4348b-c883-4e2f-8f11-ce233b859fa1,fda095cb-831d-4601-ad94-846013963de8,f92806d7-1768-443f-afe8-12bcde84d0f0,dd3a144d-ab7f-41f0-82b8-2e43a090d496,f0416e68-0200-4b77-a926-4f9d16e494da,970b0598-bcb0-4714-91fb-2e81440dccd8,bcd64cc6-2dd9-43f6-abbe-66318d332032,d930590d-bb92-4cc8-8bd1-23cd027f9edf,a3cd009f-0ab0-420d-9278-b9fdab939bbc,6a2d0734-bd9e-4ddf-946e-caa52498cb75,c27215d8-6835-4b68-bfbb-bdeac6100c04,b5d6115f-0370-4d7c-aad3-c194cc71cf98,871c3b6c-7379-419d-bda3-794b239ab90d,ff9b0199-ce04-4cfe-86cc-6c719f08d6e4,de1c2107-70c8-4021-8459-6399f24d01c6,cbf30902-517f-40dc-af90-a550bac27cf1
2025-7-18 11:45:12-debug: Init bundle root assets success..., progress: 0%
2025-7-18 11:45:12-debug:   Number of all scripts: 10
2025-7-18 11:45:12-debug:   Number of other assets: 498
2025-7-18 11:45:12-debug:   Number of all scenes: 1
2025-7-18 11:45:12-debug: // ---- build task 查询 Asset Bundle ---- (2ms)
2025-7-18 11:45:12-log: run build task 查询 Asset Bundle success in 2 ms√, progress: 5%
2025-7-18 11:45:12-debug: [Build Memory track]: 查询 Asset Bundle start:212.50MB, end 212.20MB, increase: -311.61KB
2025-7-18 11:45:12-debug: 查询 Asset Bundle start, progress: 5%
2025-7-18 11:45:12-debug: // ---- build task 查询 Asset Bundle ----
2025-7-18 11:45:12-log: run build task 查询 Asset Bundle success in √, progress: 10%
2025-7-18 11:45:12-debug: 整理部分构建选项内数据到 settings.json start, progress: 10%
2025-7-18 11:45:12-debug: // ---- build task 整理部分构建选项内数据到 settings.json ----
2025-7-18 11:45:12-debug: [Build Memory track]: 查询 Asset Bundle start:212.22MB, end 212.32MB, increase: 96.85KB
2025-7-18 11:45:12-debug: // ---- build task 整理部分构建选项内数据到 settings.json ---- (1ms)
2025-7-18 11:45:12-debug: [Build Memory track]: 整理部分构建选项内数据到 settings.json start:212.34MB, end 212.37MB, increase: 22.06KB
2025-7-18 11:45:12-debug: 填充脚本数据到 settings.json start, progress: 12%
2025-7-18 11:45:12-log: run build task 整理部分构建选项内数据到 settings.json success in 1 ms√, progress: 12%
2025-7-18 11:45:12-debug: // ---- build task 填充脚本数据到 settings.json ----
2025-7-18 11:45:12-log: run build task 填充脚本数据到 settings.json success in √, progress: 13%
2025-7-18 11:45:12-debug: [Build Memory track]: 填充脚本数据到 settings.json start:212.39MB, end 212.41MB, increase: 15.74KB
2025-7-18 11:45:12-debug: 整理部分构建选项内数据到 settings.json start, progress: 13%
2025-7-18 11:45:12-debug: // ---- build task 整理部分构建选项内数据到 settings.json ----
2025-7-18 11:45:12-debug: // ---- build task 整理部分构建选项内数据到 settings.json ---- (1ms)
2025-7-18 11:45:12-log: run build task 整理部分构建选项内数据到 settings.json success in 1 ms√, progress: 15%
2025-7-18 11:45:12-debug: [Build Memory track]: 整理部分构建选项内数据到 settings.json start:212.43MB, end 212.55MB, increase: 121.73KB
2025-7-18 11:45:50-debug: refresh db internal success
2025-7-18 11:45:50-debug: %cImport%c: /Users/zhao/Desktop/test/cocos-creator/PlaneFight/assets/Scripts/EnemyBox.tsbackground: #aaff85; color: #000;color: #000;
2025-7-18 11:45:50-debug: refresh db assets success
2025-7-18 11:45:50-debug: Run asset db hook engine-extends:afterRefresh ...
2025-7-18 11:45:50-debug: Run asset db hook engine-extends:afterRefresh success!
2025-7-18 11:45:50-debug: asset-db:refresh-all-database (25ms)
2025-7-18 11:45:50-debug: asset-db:worker-effect-data-processing (1ms)
2025-7-18 11:45:50-debug: asset-db-hook-engine-extends-afterRefresh (1ms)
2025-7-18 11:45:53-debug: Query all assets info in project
2025-7-18 11:45:53-debug: init custom config: keepNodeUuid: false, useCache: true
2025-7-18 11:45:53-debug: Skip compress image, progress: 0%
2025-7-18 11:45:53-debug: Init all bundles start..., progress: 0%
2025-7-18 11:45:53-debug: 查询 Asset Bundle start, progress: 0%
2025-7-18 11:45:53-debug: Init bundle root assets start..., progress: 0%
2025-7-18 11:45:53-debug: // ---- build task 查询 Asset Bundle ----
2025-7-18 11:45:53-debug: Num of bundles: 2..., progress: 0%
2025-7-18 11:45:53-debug:   Number of all scenes: 1
2025-7-18 11:45:53-debug: Init bundle root assets success..., progress: 0%
2025-7-18 11:45:53-debug:   Number of all scripts: 10
2025-7-18 11:45:53-debug:   Number of other assets: 498
2025-7-18 11:45:53-debug: Query preload assets/scripts from cc.config.json: 60f7195c-ec2a-45eb-ba94-8955f60e81d0,1c02ae6f-4492-4915-b8f8-7492a3b1e4cd,810e96e4-e456-4468-9b59-f4e8f39732c0,efe8e2a3-eace-427b-b4f1-cb8a937ec77d,e9aa9a3e-5b2b-4ac7-a2c7-073de2b2b24f,8bbdbcdd-5cd4-4100-b6d5-b7c9625b6107,50f4348b-c883-4e2f-8f11-ce233b859fa1,fda095cb-831d-4601-ad94-846013963de8,f92806d7-1768-443f-afe8-12bcde84d0f0,dd3a144d-ab7f-41f0-82b8-2e43a090d496,f0416e68-0200-4b77-a926-4f9d16e494da,970b0598-bcb0-4714-91fb-2e81440dccd8,bcd64cc6-2dd9-43f6-abbe-66318d332032,d930590d-bb92-4cc8-8bd1-23cd027f9edf,a3cd009f-0ab0-420d-9278-b9fdab939bbc,6a2d0734-bd9e-4ddf-946e-caa52498cb75,c27215d8-6835-4b68-bfbb-bdeac6100c04,b5d6115f-0370-4d7c-aad3-c194cc71cf98,871c3b6c-7379-419d-bda3-794b239ab90d,ff9b0199-ce04-4cfe-86cc-6c719f08d6e4,de1c2107-70c8-4021-8459-6399f24d01c6,cbf30902-517f-40dc-af90-a550bac27cf1
2025-7-18 11:45:53-debug: // ---- build task 查询 Asset Bundle ---- (2ms)
2025-7-18 11:45:53-log: run build task 查询 Asset Bundle success in 2 ms√, progress: 5%
2025-7-18 11:45:53-debug: 查询 Asset Bundle start, progress: 5%
2025-7-18 11:45:53-debug: // ---- build task 查询 Asset Bundle ----
2025-7-18 11:45:53-debug: [Build Memory track]: 查询 Asset Bundle start:213.05MB, end 212.76MB, increase: -303.32KB
2025-7-18 11:45:53-log: run build task 查询 Asset Bundle success in √, progress: 10%
2025-7-18 11:45:53-debug: 整理部分构建选项内数据到 settings.json start, progress: 10%
2025-7-18 11:45:53-debug: // ---- build task 整理部分构建选项内数据到 settings.json ----
2025-7-18 11:45:53-debug: [Build Memory track]: 查询 Asset Bundle start:212.78MB, end 212.88MB, increase: 97.60KB
2025-7-18 11:45:53-log: run build task 整理部分构建选项内数据到 settings.json success in √, progress: 12%
2025-7-18 11:45:53-debug: [Build Memory track]: 整理部分构建选项内数据到 settings.json start:212.90MB, end 212.92MB, increase: 15.17KB
2025-7-18 11:45:53-debug: 填充脚本数据到 settings.json start, progress: 12%
2025-7-18 11:45:53-debug: // ---- build task 填充脚本数据到 settings.json ----
2025-7-18 11:45:53-log: run build task 填充脚本数据到 settings.json success in √, progress: 13%
2025-7-18 11:45:53-debug: // ---- build task 整理部分构建选项内数据到 settings.json ----
2025-7-18 11:45:53-debug: 整理部分构建选项内数据到 settings.json start, progress: 13%
2025-7-18 11:45:53-debug: [Build Memory track]: 填充脚本数据到 settings.json start:212.94MB, end 212.95MB, increase: 14.63KB
2025-7-18 11:45:53-debug: // ---- build task 整理部分构建选项内数据到 settings.json ---- (1ms)
2025-7-18 11:45:53-debug: [Build Memory track]: 整理部分构建选项内数据到 settings.json start:212.98MB, end 213.11MB, increase: 139.00KB
2025-7-18 11:45:53-log: run build task 整理部分构建选项内数据到 settings.json success in 1 ms√, progress: 15%
2025-7-18 11:47:15-debug: refresh db internal success
2025-7-18 11:47:15-debug: %cImport%c: /Users/zhao/Desktop/test/cocos-creator/PlaneFight/assets/Scripts/EnemyBox.tsbackground: #aaff85; color: #000;color: #000;
2025-7-18 11:47:15-debug: %cImport%c: /Users/zhao/Desktop/test/cocos-creator/PlaneFight/assets/Scripts/Enemy.tsbackground: #aaff85; color: #000;color: #000;
2025-7-18 11:47:15-debug: refresh db assets success
2025-7-18 11:47:15-debug: Run asset db hook engine-extends:afterRefresh ...
2025-7-18 11:47:15-debug: Run asset db hook engine-extends:afterRefresh success!
2025-7-18 11:47:15-debug: asset-db:refresh-all-database (15ms)
2025-7-18 11:47:15-debug: asset-db:worker-effect-data-processing (1ms)
2025-7-18 11:47:15-debug: asset-db-hook-engine-extends-afterRefresh (1ms)
2025-7-18 11:47:51-debug: refresh db internal success
2025-7-18 11:47:51-debug: refresh db assets success
2025-7-18 11:47:51-debug: Run asset db hook engine-extends:afterRefresh ...
2025-7-18 11:47:51-debug: Run asset db hook engine-extends:afterRefresh success!
2025-7-18 11:47:51-debug: asset-db:refresh-all-database (39ms)
2025-7-18 11:47:55-debug: %cImport%c: /Users/zhao/Desktop/test/cocos-creator/PlaneFight/assets/Scenes/Start.scenebackground: #aaff85; color: #000;color: #000;
2025-7-18 11:47:55-debug: asset-db:reimport-asset2fda4d65-a1e9-4078-8250-de49b04cdc34 (6ms)
