{
  "__version__": "1.0.3",
  "builder": {},
  "gizmos-infos": {
    "is2D": false,
    "is3DIcon": false,
    "iconSize": 2,
    "gridVisible": true,
    "originAxis2D": {
      "x_visible": true,
      "y_visible": true,
      "z_visible": false
    },
    "originAxis3D": {
      "x_visible": true,
      "y_visible": false,
      "z_visible": true
    },
    "gridColor": [
      166,
      166,
      166,
      255
    ],
    "transformToolName": "position",
    "pivot": "pivot",
    "coordinate": "local",
    "toolsVisibility3d": true
  },
  "snap-configs": {
    "position": {
      "x": 1,
      "y": 1,
      "z": 1
    },
    "rotation": 1,
    "scale": 1,
    "isPositionSnapEnabled": false,
    "isRotationSnapEnabled": false,
    "isScaleSnapEnabled": false
  },
  "rect-snap-configs": {
    "enableSnapping": true,
    "snapThreshold": 4
  },
  "float-window": {
    "position": {
      "cc": {
        "Camera": {
          "dock": false,
          "top": null,
          "bottom": 10,
          "left": null,
          "right": 10
        }
      }
    }
  },
  "camera-infos": {
    "54f8025c-064c-453b-bba7-a536c9ea935c": {
      "position": {
        "x": 33.76183224664324,
        "y": 33.76183224664323,
        "z": 33.76183224664323
      },
      "rotation": {
        "x": -0.27984814233312133,
        "y": 0.3647051996310009,
        "z": 0.11591689595929512,
        "w": 0.8804762392171493
      },
      "viewCenter": {
        "x": 0,
        "y": 0,
        "z": 0
      },
      "contentRect": {
        "x": 0,
        "y": 0,
        "width": 958,
        "height": 425
      },
      "scale": 1
    },
    "44066b77-b969-4c6a-ae49-f302620c776b": {
      "position": {
        "x": 7.10249859355631,
        "y": 146.6929860879504,
        "z": -0.0017243318016320064
      },
      "rotation": {
        "x": -0.4956031621650381,
        "y": 0.5043643555021292,
        "z": 0.5040108103322329,
        "w": 0.4959508096769104
      },
      "viewCenter": {
        "x": 7,
        "y": 0.5,
        "z": 0
      },
      "contentRect": {
        "x": 0,
        "y": 0,
        "width": 958,
        "height": 425
      },
      "scale": 1
    },
    "18fbcb84-f5ee-407f-889e-34b2d38e7480": {
      "position": {
        "x": 4.0111179150801695,
        "y": 16.65740007007588,
        "z": 3.9998129635356428
      },
      "rotation": {
        "x": -0.4956031621650381,
        "y": 0.5043643555021292,
        "z": 0.5040108103322329,
        "w": 0.4959508096769104
      },
      "viewCenter": {
        "x": 4,
        "y": 0.8,
        "z": 4
      },
      "contentRect": {
        "x": 0,
        "y": 0,
        "width": 958,
        "height": 425
      },
      "scale": 1
    },
    "bd6f8ad7-5249-4c9f-bc71-79f946570991": {
      "position": {
        "x": 0.09529334648959478,
        "y": 8.87746294219493,
        "z": -5.452884985340877
      },
      "rotation": {
        "x": -0.004099946229944364,
        "y": 0.8830216895586185,
        "z": 0.4692508525792667,
        "w": 0.007715151559481512
      },
      "viewCenter": {
        "x": 0,
        "y": 0.8,
        "z": 0
      },
      "contentRect": {
        "x": 0,
        "y": 0,
        "width": 958,
        "height": 425
      },
      "scale": 1
    }
  },
  "camera-uuids": [
    "54f8025c-064c-453b-bba7-a536c9ea935c",
    "44066b77-b969-4c6a-ae49-f302620c776b",
    "18fbcb84-f5ee-407f-889e-34b2d38e7480",
    "bd6f8ad7-5249-4c9f-bc71-79f946570991"
  ],
  "camera": {
    "color": [
      48,
      48,
      48,
      255
    ],
    "fov": 45,
    "far": 10000,
    "near": 0.01,
    "wheelSpeed": 0.01,
    "wanderSpeed": 10,
    "enableAcceleration": true,
    "size": "__default_design__",
    "far2D": 10000,
    "near2D": 1,
    "wheelSpeed2D": 6,
    "iso": 0,
    "aperture": 19,
    "shutter": 7
  }
}
