2025-6-24 09:36:31-debug: start **** info
2025-6-24 09:36:32-log: Cannot access game frame or container.
2025-6-24 09:36:32-debug: asset-db:require-engine-code (370ms)
2025-6-24 09:36:32-log: [bullet]:bullet wasm lib loaded.
2025-6-24 09:36:32-log: [box2d]:box2d wasm lib loaded.
2025-6-24 09:36:32-log: meshopt wasm decoder initialized
2025-6-24 09:36:32-log: Cocos Creator v3.8.6
2025-6-24 09:36:32-log: Forward render pipeline initialized.
2025-6-24 09:36:32-debug: [Assets Memory track]: asset-db:worker-init: initEngine start:29.65MB, end 80.17MB, increase: 50.52MB
2025-6-24 09:36:33-debug: [Assets Memory track]: asset-db-plugin-register: project start:80.84MB, end 272.59MB, increase: 191.75MB
2025-6-24 09:36:33-debug: [Assets Memory track]: asset-db-plugin-register: builder start:88.69MB, end 272.34MB, increase: 183.65MB
2025-6-24 09:36:32-log: Using legacy pipeline
2025-6-24 09:36:32-debug: [Assets Memory track]: asset-db-plugin-register: programming start:80.96MB, end 88.66MB, increase: 7.70MB
2025-6-24 09:36:33-debug: [Assets Memory track]: asset-db:worker-init: initPlugin start:80.19MB, end 272.93MB, increase: 192.75MB
2025-6-24 09:36:33-debug: run package(mac) handler(enable) start
2025-6-24 09:36:33-debug: run package(native) handler(enable) start
2025-6-24 09:36:33-debug: run package(native) handler(enable) success!
2025-6-24 09:36:33-debug: run package(ohos) handler(enable) start
2025-6-24 09:36:33-debug: run package(ohos) handler(enable) success!
2025-6-24 09:36:33-debug: run package(oppo-mini-game) handler(enable) start
2025-6-24 09:36:33-debug: run package(migu-mini-game) handler(enable) start
2025-6-24 09:36:33-debug: run package(mac) handler(enable) success!
2025-6-24 09:36:33-debug: run package(runtime-dev-tools) handler(enable) success!
2025-6-24 09:36:33-debug: run package(taobao-mini-game) handler(enable) start
2025-6-24 09:36:33-debug: run package(taobao-mini-game) handler(enable) success!
2025-6-24 09:36:33-debug: run package(vivo-mini-game) handler(enable) start
2025-6-24 09:36:33-debug: run package(vivo-mini-game) handler(enable) success!
2025-6-24 09:36:33-debug: run package(web-desktop) handler(enable) start
2025-6-24 09:36:33-debug: run package(web-desktop) handler(enable) success!
2025-6-24 09:36:33-debug: run package(web-mobile) handler(enable) success!
2025-6-24 09:36:33-debug: run package(web-mobile) handler(enable) start
2025-6-24 09:36:33-debug: run package(wechatgame) handler(enable) start
2025-6-24 09:36:33-debug: run package(migu-mini-game) handler(enable) success!
2025-6-24 09:36:33-debug: run package(wechatprogram) handler(enable) start
2025-6-24 09:36:33-debug: run package(wechatprogram) handler(enable) success!
2025-6-24 09:36:33-debug: run package(windows) handler(enable) start
2025-6-24 09:36:33-debug: run package(windows) handler(enable) success!
2025-6-24 09:36:33-debug: run package(xiaomi-quick-game) handler(enable) start
2025-6-24 09:36:33-debug: run package(xiaomi-quick-game) handler(enable) success!
2025-6-24 09:36:33-debug: run package(cocos-service) handler(enable) start
2025-6-24 09:36:33-debug: run package(cocos-service) handler(enable) success!
2025-6-24 09:36:33-debug: run package(im-plugin) handler(enable) start
2025-6-24 09:36:33-debug: run package(im-plugin) handler(enable) success!
2025-6-24 09:36:33-debug: run package(fix-asset-default-userdata) handler(enable) start
2025-6-24 09:36:33-debug: run package(fix-asset-default-userdata) handler(enable) success!
2025-6-24 09:36:33-debug: run package(placeholder) handler(enable) start
2025-6-24 09:36:33-debug: run package(placeholder) handler(enable) success!
2025-6-24 09:36:33-debug: run package(oppo-mini-game) handler(enable) success!
2025-6-24 09:36:33-debug: run package(runtime-dev-tools) handler(enable) start
2025-6-24 09:36:33-debug: run package(wechatgame) handler(enable) success!
2025-6-24 09:36:33-debug: asset-db:worker-init: initPlugin (1248ms)
2025-6-24 09:36:33-debug: [Assets Memory track]: asset-db:worker-init start:29.64MB, end 271.66MB, increase: 242.02MB
2025-6-24 09:36:33-debug: Run asset db hook programming:beforePreStart success!
2025-6-24 09:36:33-debug: Run asset db hook engine-extends:beforePreStart success!
2025-6-24 09:36:33-debug: Run asset db hook programming:beforePreStart ...
2025-6-24 09:36:33-debug: Run asset db hook engine-extends:beforePreStart ...
2025-6-24 09:36:33-debug: asset-db:worker-init (1725ms)
2025-6-24 09:36:33-debug: asset-db-hook-programming-beforePreStart (56ms)
2025-6-24 09:36:33-debug: asset-db-hook-engine-extends-beforePreStart (56ms)
2025-6-24 09:36:33-debug: Preimport db internal success
2025-6-24 09:36:33-debug: Preimport db assets success
2025-6-24 09:36:33-debug: Run asset db hook programming:afterPreStart ...
2025-6-24 09:36:33-debug: starting packer-driver...
2025-6-24 09:36:33-debug: initialize scripting environment...
2025-6-24 09:36:33-debug: [[Executor]] prepare before lock
2025-6-24 09:36:33-debug: Set detail map pack:///resolution-detail-map.json: {}
2025-6-24 09:36:33-debug: Run asset db hook programming:afterPreStart success!
2025-6-24 09:36:33-debug: [Assets Memory track]: asset-db:worker-init: preStart start:271.67MB, end 275.13MB, increase: 3.46MB
2025-6-24 09:36:33-debug: Start up the 'internal' database...
2025-6-24 09:36:33-debug: Run asset db hook engine-extends:afterPreStart success!
2025-6-24 09:36:33-debug: [[Executor]] prepare after unlock
2025-6-24 09:36:33-debug: Run asset db hook engine-extends:afterPreStart ...
2025-6-24 09:36:33-debug: asset-db-hook-programming-afterPreStart (237ms)
2025-6-24 09:36:33-debug: asset-db:worker-effect-data-processing (144ms)
2025-6-24 09:36:33-debug: asset-db-hook-engine-extends-afterPreStart (144ms)
2025-6-24 09:36:33-debug: [Assets Memory track]: asset-db:worker-startup-database[internal] start:271.74MB, end 291.39MB, increase: 19.65MB
2025-6-24 09:36:33-debug: Start up the 'assets' database...
2025-6-24 09:36:33-debug: asset-db:worker-startup-database[internal] (345ms)
2025-6-24 09:36:33-debug: [Assets Memory track]: asset-db:worker-init: startup start:275.14MB, end 290.97MB, increase: 15.83MB
2025-6-24 09:36:33-debug: lazy register asset handler text
2025-6-24 09:36:33-debug: lazy register asset handler json
2025-6-24 09:36:33-debug: lazy register asset handler spine-data
2025-6-24 09:36:33-debug: lazy register asset handler dragonbones
2025-6-24 09:36:33-debug: lazy register asset handler dragonbones-atlas
2025-6-24 09:36:33-debug: lazy register asset handler terrain
2025-6-24 09:36:33-debug: lazy register asset handler javascript
2025-6-24 09:36:33-debug: lazy register asset handler typescript
2025-6-24 09:36:33-debug: lazy register asset handler prefab
2025-6-24 09:36:33-debug: lazy register asset handler scene
2025-6-24 09:36:33-debug: lazy register asset handler sprite-frame
2025-6-24 09:36:33-debug: lazy register asset handler tiled-map
2025-6-24 09:36:33-debug: lazy register asset handler buffer
2025-6-24 09:36:33-debug: lazy register asset handler sign-image
2025-6-24 09:36:33-debug: lazy register asset handler image
2025-6-24 09:36:33-debug: lazy register asset handler alpha-image
2025-6-24 09:36:33-debug: lazy register asset handler texture
2025-6-24 09:36:33-debug: lazy register asset handler texture-cube
2025-6-24 09:36:33-debug: lazy register asset handler erp-texture-cube
2025-6-24 09:36:33-debug: lazy register asset handler texture-cube-face
2025-6-24 09:36:33-debug: lazy register asset handler render-texture
2025-6-24 09:36:33-debug: lazy register asset handler rt-sprite-frame
2025-6-24 09:36:33-debug: lazy register asset handler gltf
2025-6-24 09:36:33-debug: lazy register asset handler gltf-mesh
2025-6-24 09:36:33-debug: lazy register asset handler gltf-animation
2025-6-24 09:36:33-debug: lazy register asset handler gltf-skeleton
2025-6-24 09:36:33-debug: lazy register asset handler gltf-material
2025-6-24 09:36:33-debug: [Assets Memory track]: asset-db:worker-startup-database[assets] start:274.40MB, end 290.95MB, increase: 16.56MB
2025-6-24 09:36:33-debug: lazy register asset handler gltf-embeded-image
2025-6-24 09:36:33-debug: lazy register asset handler fbx
2025-6-24 09:36:33-debug: lazy register asset handler material
2025-6-24 09:36:33-debug: lazy register asset handler physics-material
2025-6-24 09:36:33-debug: lazy register asset handler effect
2025-6-24 09:36:33-debug: lazy register asset handler effect-header
2025-6-24 09:36:33-debug: lazy register asset handler audio-clip
2025-6-24 09:36:33-debug: lazy register asset handler animation-clip
2025-6-24 09:36:33-debug: lazy register asset handler animation-graph
2025-6-24 09:36:33-debug: lazy register asset handler animation-graph-variant
2025-6-24 09:36:33-debug: lazy register asset handler animation-mask
2025-6-24 09:36:33-debug: lazy register asset handler bitmap-font
2025-6-24 09:36:33-debug: lazy register asset handler ttf-font
2025-6-24 09:36:33-debug: lazy register asset handler directory
2025-6-24 09:36:33-debug: lazy register asset handler sprite-atlas
2025-6-24 09:36:33-debug: lazy register asset handler label-atlas
2025-6-24 09:36:33-debug: lazy register asset handler auto-atlas
2025-6-24 09:36:33-debug: lazy register asset handler render-stage
2025-6-24 09:36:33-debug: lazy register asset handler render-pipeline
2025-6-24 09:36:33-debug: lazy register asset handler render-flow
2025-6-24 09:36:33-debug: lazy register asset handler instantiation-material
2025-6-24 09:36:33-debug: lazy register asset handler instantiation-mesh
2025-6-24 09:36:33-debug: lazy register asset handler instantiation-skeleton
2025-6-24 09:36:33-debug: lazy register asset handler instantiation-animation
2025-6-24 09:36:33-debug: lazy register asset handler particle
2025-6-24 09:36:33-debug: lazy register asset handler video-clip
2025-6-24 09:36:33-debug: lazy register asset handler *
2025-6-24 09:36:33-debug: lazy register asset handler gltf-scene
2025-6-24 09:36:33-debug: asset-db:ready (3329ms)
2025-6-24 09:36:33-debug: asset-db:worker-startup-database[assets] (291ms)
2025-6-24 09:36:33-debug: init worker message success
2025-6-24 09:36:33-debug: asset-db:start-database (368ms)
2025-6-24 09:36:33-debug: fix the bug of updateDefaultUserData
2025-6-24 09:36:34-debug: [Build Memory track]: builder:worker-init start:292.09MB, end 305.73MB, increase: 13.64MB
2025-6-24 09:36:34-debug: programming:execute-script (3ms)
2025-6-24 09:36:34-debug: builder:worker-init (196ms)
2025-6-24 09:36:53-debug: Query all assets info in project
2025-6-24 09:36:53-debug: init custom config: keepNodeUuid: false, useCache: true
2025-6-24 09:36:53-debug: Skip compress image, progress: 0%
2025-6-24 09:36:53-debug: Init all bundles start..., progress: 0%
2025-6-24 09:36:53-debug: Init bundle root assets start..., progress: 0%
2025-6-24 09:36:53-debug: 查询 Asset Bundle start, progress: 0%
2025-6-24 09:36:53-debug: // ---- build task 查询 Asset Bundle ----
2025-6-24 09:36:53-debug: Num of bundles: 2..., progress: 0%
2025-6-24 09:36:53-debug: Query preload assets/scripts from cc.config.json: 60f7195c-ec2a-45eb-ba94-8955f60e81d0,1c02ae6f-4492-4915-b8f8-7492a3b1e4cd,810e96e4-e456-4468-9b59-f4e8f39732c0,efe8e2a3-eace-427b-b4f1-cb8a937ec77d,e9aa9a3e-5b2b-4ac7-a2c7-073de2b2b24f,8bbdbcdd-5cd4-4100-b6d5-b7c9625b6107,50f4348b-c883-4e2f-8f11-ce233b859fa1,fda095cb-831d-4601-ad94-846013963de8,f92806d7-1768-443f-afe8-12bcde84d0f0,dd3a144d-ab7f-41f0-82b8-2e43a090d496,f0416e68-0200-4b77-a926-4f9d16e494da,970b0598-bcb0-4714-91fb-2e81440dccd8,bcd64cc6-2dd9-43f6-abbe-66318d332032,d930590d-bb92-4cc8-8bd1-23cd027f9edf,a3cd009f-0ab0-420d-9278-b9fdab939bbc,6a2d0734-bd9e-4ddf-946e-caa52498cb75,c27215d8-6835-4b68-bfbb-bdeac6100c04,b5d6115f-0370-4d7c-aad3-c194cc71cf98,871c3b6c-7379-419d-bda3-794b239ab90d,ff9b0199-ce04-4cfe-86cc-6c719f08d6e4,de1c2107-70c8-4021-8459-6399f24d01c6,cbf30902-517f-40dc-af90-a550bac27cf1
2025-6-24 09:36:53-debug:   Number of all scenes: 1
2025-6-24 09:36:53-debug:   Number of other assets: 312
2025-6-24 09:36:53-debug:   Number of all scripts: 8
2025-6-24 09:36:53-debug: // ---- build task 查询 Asset Bundle ---- (3ms)
2025-6-24 09:36:53-debug: Init bundle root assets success..., progress: 0%
2025-6-24 09:36:53-debug: [Build Memory track]: 查询 Asset Bundle start:301.69MB, end 302.29MB, increase: 618.70KB
2025-6-24 09:36:53-debug: 查询 Asset Bundle start, progress: 5%
2025-6-24 09:36:53-log: run build task 查询 Asset Bundle success in 3 ms√, progress: 5%
2025-6-24 09:36:53-debug: // ---- build task 查询 Asset Bundle ----
2025-6-24 09:36:53-debug: // ---- build task 查询 Asset Bundle ---- (1ms)
2025-6-24 09:36:53-log: run build task 查询 Asset Bundle success in 1 ms√, progress: 10%
2025-6-24 09:36:53-debug: 整理部分构建选项内数据到 settings.json start, progress: 10%
2025-6-24 09:36:53-debug: 填充脚本数据到 settings.json start, progress: 12%
2025-6-24 09:36:53-debug: // ---- build task 填充脚本数据到 settings.json ----
2025-6-24 09:36:53-debug: [Build Memory track]: 整理部分构建选项内数据到 settings.json start:301.64MB, end 301.66MB, increase: 16.70KB
2025-6-24 09:36:53-debug: // ---- build task 整理部分构建选项内数据到 settings.json ----
2025-6-24 09:36:53-log: run build task 整理部分构建选项内数据到 settings.json success in √, progress: 12%
2025-6-24 09:36:53-debug: [Build Memory track]: 查询 Asset Bundle start:302.32MB, end 301.61MB, increase: -734.30KB
2025-6-24 09:36:53-log: run build task 填充脚本数据到 settings.json success in √, progress: 13%
2025-6-24 09:36:53-debug: 整理部分构建选项内数据到 settings.json start, progress: 13%
2025-6-24 09:36:53-debug: // ---- build task 整理部分构建选项内数据到 settings.json ----
2025-6-24 09:36:53-debug: [Build Memory track]: 填充脚本数据到 settings.json start:301.90MB, end 301.71MB, increase: -193.91KB
2025-6-24 09:36:53-debug: // ---- build task 整理部分构建选项内数据到 settings.json ---- (2ms)
2025-6-24 09:36:53-log: run build task 整理部分构建选项内数据到 settings.json success in 2 ms√, progress: 15%
2025-6-24 09:36:53-debug: [Build Memory track]: 整理部分构建选项内数据到 settings.json start:301.75MB, end 301.90MB, increase: 154.93KB
2025-6-24 09:37:06-debug: refresh db internal success
2025-6-24 09:37:06-debug: refresh db assets success
2025-6-24 09:37:06-debug: Run asset db hook engine-extends:afterRefresh ...
2025-6-24 09:37:06-debug: Run asset db hook engine-extends:afterRefresh success!
2025-6-24 09:37:06-debug: asset-db:refresh-all-database (41ms)
2025-6-24 09:37:06-debug: asset-db:worker-effect-data-processing (1ms)
2025-6-24 09:37:06-debug: asset-db-hook-engine-extends-afterRefresh (2ms)
2025-6-24 09:37:12-warn: 为更好地打开脚本，请在 {preferences} -> {program} -> {scriptEditor} 里配置打开脚本的应用程序
2025-6-24 09:37:22-debug: refresh db internal success
2025-6-24 09:37:22-debug: refresh db assets success
2025-6-24 09:37:22-debug: Run asset db hook engine-extends:afterRefresh ...
2025-6-24 09:37:22-debug: Run asset db hook engine-extends:afterRefresh success!
2025-6-24 09:37:22-debug: asset-db:refresh-all-database (32ms)
2025-6-24 09:37:22-debug: asset-db:worker-effect-data-processing (1ms)
2025-6-24 09:37:22-debug: asset-db-hook-engine-extends-afterRefresh (1ms)
2025-6-24 09:37:26-debug: Query all assets info in project
2025-6-24 09:37:26-debug: init custom config: keepNodeUuid: false, useCache: true
2025-6-24 09:37:26-debug: Skip compress image, progress: 0%
2025-6-24 09:37:26-debug: Init all bundles start..., progress: 0%
2025-6-24 09:37:26-debug: Init bundle root assets start..., progress: 0%
2025-6-24 09:37:26-debug: Num of bundles: 2..., progress: 0%
2025-6-24 09:37:26-debug: 查询 Asset Bundle start, progress: 0%
2025-6-24 09:37:26-debug: // ---- build task 查询 Asset Bundle ----
2025-6-24 09:37:26-debug: Query preload assets/scripts from cc.config.json: 60f7195c-ec2a-45eb-ba94-8955f60e81d0,1c02ae6f-4492-4915-b8f8-7492a3b1e4cd,810e96e4-e456-4468-9b59-f4e8f39732c0,efe8e2a3-eace-427b-b4f1-cb8a937ec77d,e9aa9a3e-5b2b-4ac7-a2c7-073de2b2b24f,8bbdbcdd-5cd4-4100-b6d5-b7c9625b6107,50f4348b-c883-4e2f-8f11-ce233b859fa1,fda095cb-831d-4601-ad94-846013963de8,f92806d7-1768-443f-afe8-12bcde84d0f0,dd3a144d-ab7f-41f0-82b8-2e43a090d496,f0416e68-0200-4b77-a926-4f9d16e494da,970b0598-bcb0-4714-91fb-2e81440dccd8,bcd64cc6-2dd9-43f6-abbe-66318d332032,d930590d-bb92-4cc8-8bd1-23cd027f9edf,a3cd009f-0ab0-420d-9278-b9fdab939bbc,6a2d0734-bd9e-4ddf-946e-caa52498cb75,c27215d8-6835-4b68-bfbb-bdeac6100c04,b5d6115f-0370-4d7c-aad3-c194cc71cf98,871c3b6c-7379-419d-bda3-794b239ab90d,ff9b0199-ce04-4cfe-86cc-6c719f08d6e4,de1c2107-70c8-4021-8459-6399f24d01c6,cbf30902-517f-40dc-af90-a550bac27cf1
2025-6-24 09:37:26-debug:   Number of all scripts: 8
2025-6-24 09:37:26-debug:   Number of all scenes: 1
2025-6-24 09:37:26-debug:   Number of other assets: 312
2025-6-24 09:37:26-debug: Init bundle root assets success..., progress: 0%
2025-6-24 09:37:26-debug: // ---- build task 查询 Asset Bundle ---- (3ms)
2025-6-24 09:37:26-debug: 查询 Asset Bundle start, progress: 5%
2025-6-24 09:37:26-debug: [Build Memory track]: 查询 Asset Bundle start:198.24MB, end 197.91MB, increase: -340.57KB
2025-6-24 09:37:26-debug: // ---- build task 查询 Asset Bundle ----
2025-6-24 09:37:26-log: run build task 查询 Asset Bundle success in 3 ms√, progress: 5%
2025-6-24 09:37:26-debug: // ---- build task 查询 Asset Bundle ---- (1ms)
2025-6-24 09:37:26-log: run build task 查询 Asset Bundle success in 1 ms√, progress: 10%
2025-6-24 09:37:26-debug: [Build Memory track]: 查询 Asset Bundle start:197.94MB, end 198.03MB, increase: 87.79KB
2025-6-24 09:37:26-debug: 整理部分构建选项内数据到 settings.json start, progress: 10%
2025-6-24 09:37:26-debug: // ---- build task 整理部分构建选项内数据到 settings.json ----
2025-6-24 09:37:26-debug: // ---- build task 整理部分构建选项内数据到 settings.json ---- (1ms)
2025-6-24 09:37:26-debug: 填充脚本数据到 settings.json start, progress: 12%
2025-6-24 09:37:26-log: run build task 整理部分构建选项内数据到 settings.json success in 1 ms√, progress: 12%
2025-6-24 09:37:26-debug: [Build Memory track]: 整理部分构建选项内数据到 settings.json start:198.07MB, end 198.23MB, increase: 165.19KB
2025-6-24 09:37:26-debug: // ---- build task 填充脚本数据到 settings.json ----
2025-6-24 09:37:26-log: run build task 填充脚本数据到 settings.json success in √, progress: 13%
2025-6-24 09:37:26-debug: 整理部分构建选项内数据到 settings.json start, progress: 13%
2025-6-24 09:37:26-debug: [Build Memory track]: 填充脚本数据到 settings.json start:198.14MB, end 198.16MB, increase: 22.61KB
2025-6-24 09:37:26-debug: // ---- build task 整理部分构建选项内数据到 settings.json ----
2025-6-24 09:37:26-log: run build task 整理部分构建选项内数据到 settings.json success in 2 ms√, progress: 15%
2025-6-24 09:37:26-debug: // ---- build task 整理部分构建选项内数据到 settings.json ---- (2ms)
2025-6-24 09:37:26-debug: [Build Memory track]: 整理部分构建选项内数据到 settings.json start:198.19MB, end 198.33MB, increase: 138.32KB
2025-6-24 09:37:48-debug: refresh db internal success
2025-6-24 09:37:48-debug: %cImport%c: /Users/zhao/Desktop/test/cocos-creator/JumpingBlock/assets/Scripts/Player.tsbackground: #aaff85; color: #000;color: #000;
2025-6-24 09:37:48-debug: refresh db assets success
2025-6-24 09:37:48-debug: Run asset db hook engine-extends:afterRefresh ...
2025-6-24 09:37:48-debug: Run asset db hook engine-extends:afterRefresh success!
2025-6-24 09:37:48-debug: asset-db:refresh-all-database (26ms)
2025-6-24 09:37:48-debug: asset-db-hook-engine-extends-afterRefresh (1ms)
2025-6-24 09:37:48-debug: asset-db:worker-effect-data-processing (1ms)
2025-6-24 09:37:48-debug: %cImport%c: /Users/zhao/Desktop/test/cocos-creator/JumpingBlock/assets/Scenes/main.scenebackground: #aaff85; color: #000;color: #000;
2025-6-24 09:37:48-debug: asset-db:reimport-asset20b35577-f54e-49ab-a58a-ce370c78bfaa (5ms)
2025-6-24 09:37:49-debug: Query all assets info in project
2025-6-24 09:37:49-debug: init custom config: keepNodeUuid: false, useCache: true
2025-6-24 09:37:49-debug: Skip compress image, progress: 0%
2025-6-24 09:37:49-debug: Init all bundles start..., progress: 0%
2025-6-24 09:37:49-debug: Num of bundles: 2..., progress: 0%
2025-6-24 09:37:49-debug: 查询 Asset Bundle start, progress: 0%
2025-6-24 09:37:49-debug: // ---- build task 查询 Asset Bundle ----
2025-6-24 09:37:49-debug: Init bundle root assets start..., progress: 0%
2025-6-24 09:37:49-debug: Query preload assets/scripts from cc.config.json: 60f7195c-ec2a-45eb-ba94-8955f60e81d0,1c02ae6f-4492-4915-b8f8-7492a3b1e4cd,810e96e4-e456-4468-9b59-f4e8f39732c0,efe8e2a3-eace-427b-b4f1-cb8a937ec77d,e9aa9a3e-5b2b-4ac7-a2c7-073de2b2b24f,8bbdbcdd-5cd4-4100-b6d5-b7c9625b6107,50f4348b-c883-4e2f-8f11-ce233b859fa1,fda095cb-831d-4601-ad94-846013963de8,f92806d7-1768-443f-afe8-12bcde84d0f0,dd3a144d-ab7f-41f0-82b8-2e43a090d496,f0416e68-0200-4b77-a926-4f9d16e494da,970b0598-bcb0-4714-91fb-2e81440dccd8,bcd64cc6-2dd9-43f6-abbe-66318d332032,d930590d-bb92-4cc8-8bd1-23cd027f9edf,a3cd009f-0ab0-420d-9278-b9fdab939bbc,6a2d0734-bd9e-4ddf-946e-caa52498cb75,c27215d8-6835-4b68-bfbb-bdeac6100c04,b5d6115f-0370-4d7c-aad3-c194cc71cf98,871c3b6c-7379-419d-bda3-794b239ab90d,ff9b0199-ce04-4cfe-86cc-6c719f08d6e4,de1c2107-70c8-4021-8459-6399f24d01c6,cbf30902-517f-40dc-af90-a550bac27cf1
2025-6-24 09:37:49-debug:   Number of other assets: 312
2025-6-24 09:37:49-debug: Init bundle root assets success..., progress: 0%
2025-6-24 09:37:49-debug:   Number of all scenes: 1
2025-6-24 09:37:49-debug:   Number of all scripts: 8
2025-6-24 09:37:49-debug: // ---- build task 查询 Asset Bundle ---- (7ms)
2025-6-24 09:37:49-log: run build task 查询 Asset Bundle success in 7 ms√, progress: 5%
2025-6-24 09:37:49-debug: [Build Memory track]: 查询 Asset Bundle start:199.34MB, end 199.10MB, increase: -244.10KB
2025-6-24 09:37:49-debug: 查询 Asset Bundle start, progress: 5%
2025-6-24 09:37:49-debug: // ---- build task 查询 Asset Bundle ----
2025-6-24 09:37:49-debug: // ---- build task 查询 Asset Bundle ---- (2ms)
2025-6-24 09:37:49-log: run build task 查询 Asset Bundle success in 2 ms√, progress: 10%
2025-6-24 09:37:49-debug: // ---- build task 整理部分构建选项内数据到 settings.json ----
2025-6-24 09:37:49-debug: 整理部分构建选项内数据到 settings.json start, progress: 10%
2025-6-24 09:37:49-debug: [Build Memory track]: 查询 Asset Bundle start:199.13MB, end 199.21MB, increase: 85.20KB
2025-6-24 09:37:49-log: run build task 整理部分构建选项内数据到 settings.json success in √, progress: 12%
2025-6-24 09:37:49-debug: [Build Memory track]: 整理部分构建选项内数据到 settings.json start:199.25MB, end 199.26MB, increase: 17.84KB
2025-6-24 09:37:49-debug: 填充脚本数据到 settings.json start, progress: 12%
2025-6-24 09:37:49-debug: // ---- build task 填充脚本数据到 settings.json ----
2025-6-24 09:37:49-log: run build task 填充脚本数据到 settings.json success in √, progress: 13%
2025-6-24 09:37:49-debug: 整理部分构建选项内数据到 settings.json start, progress: 13%
2025-6-24 09:37:49-debug: // ---- build task 整理部分构建选项内数据到 settings.json ----
2025-6-24 09:37:49-debug: [Build Memory track]: 填充脚本数据到 settings.json start:199.30MB, end 199.31MB, increase: 18.27KB
2025-6-24 09:37:49-debug: // ---- build task 整理部分构建选项内数据到 settings.json ---- (3ms)
2025-6-24 09:37:49-log: run build task 整理部分构建选项内数据到 settings.json success in 3 ms√, progress: 15%
2025-6-24 09:37:49-debug: [Build Memory track]: 整理部分构建选项内数据到 settings.json start:199.35MB, end 199.47MB, increase: 127.74KB
2025-6-24 09:37:51-debug: Query all assets info in project
2025-6-24 09:37:51-debug: Skip compress image, progress: 0%
2025-6-24 09:37:51-debug: init custom config: keepNodeUuid: false, useCache: true
2025-6-24 09:37:51-debug: Init all bundles start..., progress: 0%
2025-6-24 09:37:51-debug: Num of bundles: 2..., progress: 0%
2025-6-24 09:37:51-debug: 查询 Asset Bundle start, progress: 0%
2025-6-24 09:37:51-debug: // ---- build task 查询 Asset Bundle ----
2025-6-24 09:37:51-debug: Init bundle root assets start..., progress: 0%
2025-6-24 09:37:51-debug: Query preload assets/scripts from cc.config.json: 60f7195c-ec2a-45eb-ba94-8955f60e81d0,1c02ae6f-4492-4915-b8f8-7492a3b1e4cd,810e96e4-e456-4468-9b59-f4e8f39732c0,efe8e2a3-eace-427b-b4f1-cb8a937ec77d,e9aa9a3e-5b2b-4ac7-a2c7-073de2b2b24f,8bbdbcdd-5cd4-4100-b6d5-b7c9625b6107,50f4348b-c883-4e2f-8f11-ce233b859fa1,fda095cb-831d-4601-ad94-846013963de8,f92806d7-1768-443f-afe8-12bcde84d0f0,dd3a144d-ab7f-41f0-82b8-2e43a090d496,f0416e68-0200-4b77-a926-4f9d16e494da,970b0598-bcb0-4714-91fb-2e81440dccd8,bcd64cc6-2dd9-43f6-abbe-66318d332032,d930590d-bb92-4cc8-8bd1-23cd027f9edf,a3cd009f-0ab0-420d-9278-b9fdab939bbc,6a2d0734-bd9e-4ddf-946e-caa52498cb75,c27215d8-6835-4b68-bfbb-bdeac6100c04,b5d6115f-0370-4d7c-aad3-c194cc71cf98,871c3b6c-7379-419d-bda3-794b239ab90d,ff9b0199-ce04-4cfe-86cc-6c719f08d6e4,de1c2107-70c8-4021-8459-6399f24d01c6,cbf30902-517f-40dc-af90-a550bac27cf1
2025-6-24 09:37:51-debug: Init bundle root assets success..., progress: 0%
2025-6-24 09:37:51-debug:   Number of all scripts: 8
2025-6-24 09:37:51-debug:   Number of other assets: 312
2025-6-24 09:37:51-debug:   Number of all scenes: 1
2025-6-24 09:37:51-debug: // ---- build task 查询 Asset Bundle ---- (4ms)
2025-6-24 09:37:51-debug: // ---- build task 查询 Asset Bundle ----
2025-6-24 09:37:51-log: run build task 查询 Asset Bundle success in 4 ms√, progress: 5%
2025-6-24 09:37:51-debug: 查询 Asset Bundle start, progress: 5%
2025-6-24 09:37:51-debug: [Build Memory track]: 查询 Asset Bundle start:199.17MB, end 199.72MB, increase: 560.50KB
2025-6-24 09:37:51-debug: // ---- build task 查询 Asset Bundle ---- (2ms)
2025-6-24 09:37:51-log: run build task 查询 Asset Bundle success in 2 ms√, progress: 10%
2025-6-24 09:37:51-debug: // ---- build task 整理部分构建选项内数据到 settings.json ----
2025-6-24 09:37:51-debug: [Build Memory track]: 查询 Asset Bundle start:199.75MB, end 199.83MB, increase: 82.30KB
2025-6-24 09:37:51-debug: 整理部分构建选项内数据到 settings.json start, progress: 10%
2025-6-24 09:37:51-debug: [Build Memory track]: 整理部分构建选项内数据到 settings.json start:199.87MB, end 199.90MB, increase: 30.78KB
2025-6-24 09:37:51-debug: 填充脚本数据到 settings.json start, progress: 12%
2025-6-24 09:37:51-debug: // ---- build task 填充脚本数据到 settings.json ----
2025-6-24 09:37:51-log: run build task 整理部分构建选项内数据到 settings.json success in 1 ms√, progress: 12%
2025-6-24 09:37:51-debug: // ---- build task 整理部分构建选项内数据到 settings.json ---- (1ms)
2025-6-24 09:37:51-debug: [Build Memory track]: 填充脚本数据到 settings.json start:199.93MB, end 199.17MB, increase: -774.01KB
2025-6-24 09:37:51-debug: // ---- build task 整理部分构建选项内数据到 settings.json ----
2025-6-24 09:37:51-log: run build task 填充脚本数据到 settings.json success in √, progress: 13%
2025-6-24 09:37:51-log: run build task 整理部分构建选项内数据到 settings.json success in 2 ms√, progress: 15%
2025-6-24 09:37:51-debug: // ---- build task 整理部分构建选项内数据到 settings.json ---- (2ms)
2025-6-24 09:37:51-debug: 整理部分构建选项内数据到 settings.json start, progress: 13%
2025-6-24 09:37:51-debug: [Build Memory track]: 整理部分构建选项内数据到 settings.json start:199.20MB, end 199.33MB, increase: 124.52KB
2025-6-24 09:37:58-debug: Query all assets info in project
2025-6-24 09:37:58-debug: init custom config: keepNodeUuid: false, useCache: true
2025-6-24 09:37:58-debug: Skip compress image, progress: 0%
2025-6-24 09:37:58-debug: Init all bundles start..., progress: 0%
2025-6-24 09:37:58-debug: Num of bundles: 2..., progress: 0%
2025-6-24 09:37:58-debug: 查询 Asset Bundle start, progress: 0%
2025-6-24 09:37:58-debug: // ---- build task 查询 Asset Bundle ----
2025-6-24 09:37:58-debug: Init bundle root assets start..., progress: 0%
2025-6-24 09:37:58-debug: Query preload assets/scripts from cc.config.json: 60f7195c-ec2a-45eb-ba94-8955f60e81d0,1c02ae6f-4492-4915-b8f8-7492a3b1e4cd,810e96e4-e456-4468-9b59-f4e8f39732c0,efe8e2a3-eace-427b-b4f1-cb8a937ec77d,e9aa9a3e-5b2b-4ac7-a2c7-073de2b2b24f,8bbdbcdd-5cd4-4100-b6d5-b7c9625b6107,50f4348b-c883-4e2f-8f11-ce233b859fa1,fda095cb-831d-4601-ad94-846013963de8,f92806d7-1768-443f-afe8-12bcde84d0f0,dd3a144d-ab7f-41f0-82b8-2e43a090d496,f0416e68-0200-4b77-a926-4f9d16e494da,970b0598-bcb0-4714-91fb-2e81440dccd8,bcd64cc6-2dd9-43f6-abbe-66318d332032,d930590d-bb92-4cc8-8bd1-23cd027f9edf,a3cd009f-0ab0-420d-9278-b9fdab939bbc,6a2d0734-bd9e-4ddf-946e-caa52498cb75,c27215d8-6835-4b68-bfbb-bdeac6100c04,b5d6115f-0370-4d7c-aad3-c194cc71cf98,871c3b6c-7379-419d-bda3-794b239ab90d,ff9b0199-ce04-4cfe-86cc-6c719f08d6e4,de1c2107-70c8-4021-8459-6399f24d01c6,cbf30902-517f-40dc-af90-a550bac27cf1
2025-6-24 09:37:58-debug:   Number of other assets: 312
2025-6-24 09:37:58-debug: Init bundle root assets success..., progress: 0%
2025-6-24 09:37:58-debug:   Number of all scenes: 1
2025-6-24 09:37:58-debug:   Number of all scripts: 8
2025-6-24 09:37:58-debug: // ---- build task 查询 Asset Bundle ---- (3ms)
2025-6-24 09:37:58-debug: // ---- build task 查询 Asset Bundle ----
2025-6-24 09:37:58-debug: [Build Memory track]: 查询 Asset Bundle start:199.84MB, end 199.47MB, increase: -382.40KB
2025-6-24 09:37:58-debug: 查询 Asset Bundle start, progress: 5%
2025-6-24 09:37:58-log: run build task 查询 Asset Bundle success in 3 ms√, progress: 5%
2025-6-24 09:37:58-debug: // ---- build task 查询 Asset Bundle ---- (2ms)
2025-6-24 09:37:58-debug: // ---- build task 整理部分构建选项内数据到 settings.json ----
2025-6-24 09:37:58-debug: [Build Memory track]: 查询 Asset Bundle start:199.50MB, end 199.58MB, increase: 83.21KB
2025-6-24 09:37:58-debug: 整理部分构建选项内数据到 settings.json start, progress: 10%
2025-6-24 09:37:58-log: run build task 查询 Asset Bundle success in 2 ms√, progress: 10%
2025-6-24 09:37:58-log: run build task 整理部分构建选项内数据到 settings.json success in √, progress: 12%
2025-6-24 09:37:58-debug: 填充脚本数据到 settings.json start, progress: 12%
2025-6-24 09:37:58-debug: // ---- build task 填充脚本数据到 settings.json ----
2025-6-24 09:37:58-debug: [Build Memory track]: 整理部分构建选项内数据到 settings.json start:199.61MB, end 199.64MB, increase: 27.04KB
2025-6-24 09:37:58-log: run build task 填充脚本数据到 settings.json success in √, progress: 13%
2025-6-24 09:37:58-debug: [Build Memory track]: 填充脚本数据到 settings.json start:199.67MB, end 199.69MB, increase: 17.57KB
2025-6-24 09:37:58-debug: // ---- build task 整理部分构建选项内数据到 settings.json ----
2025-6-24 09:37:58-debug: 整理部分构建选项内数据到 settings.json start, progress: 13%
2025-6-24 09:37:58-debug: // ---- build task 整理部分构建选项内数据到 settings.json ---- (2ms)
2025-6-24 09:37:58-log: run build task 整理部分构建选项内数据到 settings.json success in 2 ms√, progress: 15%
2025-6-24 09:37:58-debug: [Build Memory track]: 整理部分构建选项内数据到 settings.json start:199.72MB, end 199.84MB, increase: 127.83KB
2025-6-24 09:38:09-debug: refresh db internal success
2025-6-24 09:38:09-debug: refresh db assets success
2025-6-24 09:38:09-debug: Run asset db hook engine-extends:afterRefresh ...
2025-6-24 09:38:09-debug: Run asset db hook engine-extends:afterRefresh success!
2025-6-24 09:38:09-debug: asset-db:refresh-all-database (32ms)
2025-6-24 09:38:09-debug: asset-db:worker-effect-data-processing (1ms)
2025-6-24 09:38:09-debug: asset-db-hook-engine-extends-afterRefresh (1ms)
2025-6-24 09:38:32-debug: refresh db internal success
2025-6-24 09:38:32-debug: %cImport%c: /Users/zhao/Desktop/test/cocos-creator/JumpingBlock/assets/Scripts/Player.tsbackground: #aaff85; color: #000;color: #000;
2025-6-24 09:38:32-debug: refresh db assets success
2025-6-24 09:38:32-debug: Run asset db hook engine-extends:afterRefresh ...
2025-6-24 09:38:32-debug: Run asset db hook engine-extends:afterRefresh success!
2025-6-24 09:38:32-debug: asset-db:refresh-all-database (32ms)
2025-6-24 09:38:32-debug: asset-db-hook-engine-extends-afterRefresh (1ms)
2025-6-24 09:38:32-debug: %cImport%c: /Users/zhao/Desktop/test/cocos-creator/JumpingBlock/assets/Scenes/main.scenebackground: #aaff85; color: #000;color: #000;
2025-6-24 09:38:32-debug: asset-db:reimport-asset20b35577-f54e-49ab-a58a-ce370c78bfaa (3ms)
2025-6-24 09:38:33-debug: Query all assets info in project
2025-6-24 09:38:33-debug: init custom config: keepNodeUuid: false, useCache: true
2025-6-24 09:38:33-debug: Skip compress image, progress: 0%
2025-6-24 09:38:33-debug: Init all bundles start..., progress: 0%
2025-6-24 09:38:33-debug: 查询 Asset Bundle start, progress: 0%
2025-6-24 09:38:33-debug: // ---- build task 查询 Asset Bundle ----
2025-6-24 09:38:33-debug: Init bundle root assets start..., progress: 0%
2025-6-24 09:38:33-debug: Num of bundles: 2..., progress: 0%
2025-6-24 09:38:33-debug: Query preload assets/scripts from cc.config.json: 60f7195c-ec2a-45eb-ba94-8955f60e81d0,1c02ae6f-4492-4915-b8f8-7492a3b1e4cd,810e96e4-e456-4468-9b59-f4e8f39732c0,efe8e2a3-eace-427b-b4f1-cb8a937ec77d,e9aa9a3e-5b2b-4ac7-a2c7-073de2b2b24f,8bbdbcdd-5cd4-4100-b6d5-b7c9625b6107,50f4348b-c883-4e2f-8f11-ce233b859fa1,fda095cb-831d-4601-ad94-846013963de8,f92806d7-1768-443f-afe8-12bcde84d0f0,dd3a144d-ab7f-41f0-82b8-2e43a090d496,f0416e68-0200-4b77-a926-4f9d16e494da,970b0598-bcb0-4714-91fb-2e81440dccd8,bcd64cc6-2dd9-43f6-abbe-66318d332032,d930590d-bb92-4cc8-8bd1-23cd027f9edf,a3cd009f-0ab0-420d-9278-b9fdab939bbc,6a2d0734-bd9e-4ddf-946e-caa52498cb75,c27215d8-6835-4b68-bfbb-bdeac6100c04,b5d6115f-0370-4d7c-aad3-c194cc71cf98,871c3b6c-7379-419d-bda3-794b239ab90d,ff9b0199-ce04-4cfe-86cc-6c719f08d6e4,de1c2107-70c8-4021-8459-6399f24d01c6,cbf30902-517f-40dc-af90-a550bac27cf1
2025-6-24 09:38:33-debug:   Number of all scenes: 1
2025-6-24 09:38:33-debug:   Number of all scripts: 8
2025-6-24 09:38:33-debug:   Number of other assets: 312
2025-6-24 09:38:33-debug: Init bundle root assets success..., progress: 0%
2025-6-24 09:38:33-debug: // ---- build task 查询 Asset Bundle ---- (3ms)
2025-6-24 09:38:33-debug: // ---- build task 查询 Asset Bundle ----
2025-6-24 09:38:33-debug: [Build Memory track]: 查询 Asset Bundle start:201.97MB, end 201.62MB, increase: -363.73KB
2025-6-24 09:38:33-debug: 查询 Asset Bundle start, progress: 5%
2025-6-24 09:38:33-log: run build task 查询 Asset Bundle success in 3 ms√, progress: 5%
2025-6-24 09:38:33-debug: // ---- build task 查询 Asset Bundle ---- (1ms)
2025-6-24 09:38:33-debug: // ---- build task 整理部分构建选项内数据到 settings.json ----
2025-6-24 09:38:33-debug: 整理部分构建选项内数据到 settings.json start, progress: 10%
2025-6-24 09:38:33-log: run build task 查询 Asset Bundle success in 1 ms√, progress: 10%
2025-6-24 09:38:33-debug: [Build Memory track]: 查询 Asset Bundle start:201.65MB, end 201.73MB, increase: 83.48KB
2025-6-24 09:38:33-debug: // ---- build task 整理部分构建选项内数据到 settings.json ---- (2ms)
2025-6-24 09:38:33-debug: 填充脚本数据到 settings.json start, progress: 12%
2025-6-24 09:38:33-debug: [Build Memory track]: 整理部分构建选项内数据到 settings.json start:201.77MB, end 201.79MB, increase: 29.18KB
2025-6-24 09:38:33-debug: // ---- build task 填充脚本数据到 settings.json ----
2025-6-24 09:38:33-log: run build task 整理部分构建选项内数据到 settings.json success in 2 ms√, progress: 12%
2025-6-24 09:38:33-log: run build task 填充脚本数据到 settings.json success in √, progress: 13%
2025-6-24 09:38:33-debug: [Build Memory track]: 填充脚本数据到 settings.json start:201.83MB, end 201.84MB, increase: 17.65KB
2025-6-24 09:38:33-debug: 整理部分构建选项内数据到 settings.json start, progress: 13%
2025-6-24 09:38:33-debug: // ---- build task 整理部分构建选项内数据到 settings.json ----
2025-6-24 09:38:33-debug: // ---- build task 整理部分构建选项内数据到 settings.json ---- (2ms)
2025-6-24 09:38:33-log: run build task 整理部分构建选项内数据到 settings.json success in 2 ms√, progress: 15%
2025-6-24 09:38:33-debug: [Build Memory track]: 整理部分构建选项内数据到 settings.json start:201.88MB, end 202.00MB, increase: 127.87KB
2025-6-24 09:38:54-debug: refresh db internal success
2025-6-24 09:38:54-debug: refresh db assets success
2025-6-24 09:38:54-debug: Run asset db hook engine-extends:afterRefresh ...
2025-6-24 09:38:54-debug: Run asset db hook engine-extends:afterRefresh success!
2025-6-24 09:38:54-debug: asset-db:refresh-all-database (30ms)
2025-6-24 09:38:54-debug: asset-db:worker-effect-data-processing (1ms)
2025-6-24 09:38:54-debug: asset-db-hook-engine-extends-afterRefresh (1ms)
2025-6-24 09:38:56-debug: refresh db internal success
2025-6-24 09:38:56-debug: refresh db assets success
2025-6-24 09:38:56-debug: Run asset db hook engine-extends:afterRefresh ...
2025-6-24 09:38:56-debug: Run asset db hook engine-extends:afterRefresh success!
2025-6-24 09:38:56-debug: asset-db:refresh-all-database (18ms)
2025-6-24 09:38:56-debug: asset-db:worker-effect-data-processing (1ms)
2025-6-24 09:38:56-debug: asset-db-hook-engine-extends-afterRefresh (1ms)
2025-6-24 09:40:19-debug: refresh db internal success
2025-6-24 09:40:19-debug: %cImport%c: /Users/zhao/Desktop/test/cocos-creator/JumpingBlock/assets/Scripts/Player.tsbackground: #aaff85; color: #000;color: #000;
2025-6-24 09:40:19-debug: refresh db assets success
2025-6-24 09:40:19-debug: Run asset db hook engine-extends:afterRefresh ...
2025-6-24 09:40:19-debug: Run asset db hook engine-extends:afterRefresh success!
2025-6-24 09:40:19-debug: asset-db-hook-engine-extends-afterRefresh (2ms)
2025-6-24 09:40:19-debug: asset-db:worker-effect-data-processing (1ms)
2025-6-24 09:40:19-debug: asset-db:refresh-all-database (29ms)
2025-6-24 09:40:19-debug: %cImport%c: /Users/zhao/Desktop/test/cocos-creator/JumpingBlock/assets/Scenes/main.scenebackground: #aaff85; color: #000;color: #000;
2025-6-24 09:40:19-debug: asset-db:reimport-asset20b35577-f54e-49ab-a58a-ce370c78bfaa (2ms)
2025-6-24 09:40:19-debug: %cImport%c: /Users/zhao/Desktop/test/cocos-creator/JumpingBlock/assets/Scenes/main.scenebackground: #aaff85; color: #000;color: #000;
2025-6-24 09:40:19-debug: asset-db:reimport-asset20b35577-f54e-49ab-a58a-ce370c78bfaa (3ms)
2025-6-24 09:40:20-debug: Query all assets info in project
2025-6-24 09:40:20-debug: init custom config: keepNodeUuid: false, useCache: true
2025-6-24 09:40:20-debug: Skip compress image, progress: 0%
2025-6-24 09:40:20-debug: Init all bundles start..., progress: 0%
2025-6-24 09:40:20-debug: Num of bundles: 2..., progress: 0%
2025-6-24 09:40:20-debug: 查询 Asset Bundle start, progress: 0%
2025-6-24 09:40:20-debug: Init bundle root assets start..., progress: 0%
2025-6-24 09:40:20-debug: // ---- build task 查询 Asset Bundle ----
2025-6-24 09:40:20-debug: Query preload assets/scripts from cc.config.json: 60f7195c-ec2a-45eb-ba94-8955f60e81d0,1c02ae6f-4492-4915-b8f8-7492a3b1e4cd,810e96e4-e456-4468-9b59-f4e8f39732c0,efe8e2a3-eace-427b-b4f1-cb8a937ec77d,e9aa9a3e-5b2b-4ac7-a2c7-073de2b2b24f,8bbdbcdd-5cd4-4100-b6d5-b7c9625b6107,50f4348b-c883-4e2f-8f11-ce233b859fa1,fda095cb-831d-4601-ad94-846013963de8,f92806d7-1768-443f-afe8-12bcde84d0f0,dd3a144d-ab7f-41f0-82b8-2e43a090d496,f0416e68-0200-4b77-a926-4f9d16e494da,970b0598-bcb0-4714-91fb-2e81440dccd8,bcd64cc6-2dd9-43f6-abbe-66318d332032,d930590d-bb92-4cc8-8bd1-23cd027f9edf,a3cd009f-0ab0-420d-9278-b9fdab939bbc,6a2d0734-bd9e-4ddf-946e-caa52498cb75,c27215d8-6835-4b68-bfbb-bdeac6100c04,b5d6115f-0370-4d7c-aad3-c194cc71cf98,871c3b6c-7379-419d-bda3-794b239ab90d,ff9b0199-ce04-4cfe-86cc-6c719f08d6e4,de1c2107-70c8-4021-8459-6399f24d01c6,cbf30902-517f-40dc-af90-a550bac27cf1
2025-6-24 09:40:20-debug:   Number of all scenes: 1
2025-6-24 09:40:20-debug: Init bundle root assets success..., progress: 0%
2025-6-24 09:40:20-debug:   Number of other assets: 312
2025-6-24 09:40:20-debug:   Number of all scripts: 8
2025-6-24 09:40:20-debug: // ---- build task 查询 Asset Bundle ---- (5ms)
2025-6-24 09:40:20-log: run build task 查询 Asset Bundle success in 5 ms√, progress: 5%
2025-6-24 09:40:20-debug: [Build Memory track]: 查询 Asset Bundle start:203.57MB, end 203.19MB, increase: -389.53KB
2025-6-24 09:40:20-debug: 查询 Asset Bundle start, progress: 5%
2025-6-24 09:40:20-debug: // ---- build task 查询 Asset Bundle ----
2025-6-24 09:40:20-debug: // ---- build task 查询 Asset Bundle ---- (3ms)
2025-6-24 09:40:20-log: run build task 查询 Asset Bundle success in 3 ms√, progress: 10%
2025-6-24 09:40:20-debug: [Build Memory track]: 查询 Asset Bundle start:203.22MB, end 203.31MB, increase: 90.86KB
2025-6-24 09:40:20-debug: 整理部分构建选项内数据到 settings.json start, progress: 10%
2025-6-24 09:40:20-debug: // ---- build task 整理部分构建选项内数据到 settings.json ----
2025-6-24 09:40:20-debug: [Build Memory track]: 整理部分构建选项内数据到 settings.json start:203.33MB, end 203.35MB, increase: 16.41KB
2025-6-24 09:40:20-debug: 填充脚本数据到 settings.json start, progress: 12%
2025-6-24 09:40:20-debug: // ---- build task 填充脚本数据到 settings.json ----
2025-6-24 09:40:20-log: run build task 整理部分构建选项内数据到 settings.json success in √, progress: 12%
2025-6-24 09:40:20-log: run build task 填充脚本数据到 settings.json success in 1 ms√, progress: 13%
2025-6-24 09:40:20-debug: [Build Memory track]: 填充脚本数据到 settings.json start:203.37MB, end 203.40MB, increase: 25.84KB
2025-6-24 09:40:20-debug: 整理部分构建选项内数据到 settings.json start, progress: 13%
2025-6-24 09:40:20-debug: // ---- build task 整理部分构建选项内数据到 settings.json ----
2025-6-24 09:40:20-debug: // ---- build task 填充脚本数据到 settings.json ---- (1ms)
2025-6-24 09:40:20-debug: // ---- build task 整理部分构建选项内数据到 settings.json ---- (5ms)
2025-6-24 09:40:20-log: run build task 整理部分构建选项内数据到 settings.json success in 5 ms√, progress: 15%
2025-6-24 09:40:20-debug: [Build Memory track]: 整理部分构建选项内数据到 settings.json start:203.42MB, end 203.54MB, increase: 124.34KB
2025-6-24 09:40:32-debug: refresh db internal success
2025-6-24 09:40:32-debug: refresh db assets success
2025-6-24 09:40:32-debug: Run asset db hook engine-extends:afterRefresh ...
2025-6-24 09:40:32-debug: Run asset db hook engine-extends:afterRefresh success!
2025-6-24 09:40:32-debug: asset-db:refresh-all-database (29ms)
2025-6-24 09:43:12-debug: refresh db internal success
2025-6-24 09:43:12-debug: %cImport%c: /Users/zhao/Desktop/test/cocos-creator/JumpingBlock/assets/Scripts/Player.tsbackground: #aaff85; color: #000;color: #000;
2025-6-24 09:43:12-debug: refresh db assets success
2025-6-24 09:43:12-debug: Run asset db hook engine-extends:afterRefresh ...
2025-6-24 09:43:12-debug: Run asset db hook engine-extends:afterRefresh success!
2025-6-24 09:43:12-debug: asset-db:refresh-all-database (31ms)
2025-6-24 09:43:12-debug: asset-db:worker-effect-data-processing (1ms)
2025-6-24 09:43:12-debug: asset-db-hook-engine-extends-afterRefresh (1ms)
2025-6-24 09:43:13-debug: Query all assets info in project
2025-6-24 09:43:13-debug: init custom config: keepNodeUuid: false, useCache: true
2025-6-24 09:43:13-debug: Skip compress image, progress: 0%
2025-6-24 09:43:13-debug: Init all bundles start..., progress: 0%
2025-6-24 09:43:13-debug: 查询 Asset Bundle start, progress: 0%
2025-6-24 09:43:13-debug: Num of bundles: 2..., progress: 0%
2025-6-24 09:43:13-debug: // ---- build task 查询 Asset Bundle ----
2025-6-24 09:43:13-debug: Init bundle root assets start..., progress: 0%
2025-6-24 09:43:13-debug: Query preload assets/scripts from cc.config.json: 60f7195c-ec2a-45eb-ba94-8955f60e81d0,1c02ae6f-4492-4915-b8f8-7492a3b1e4cd,810e96e4-e456-4468-9b59-f4e8f39732c0,efe8e2a3-eace-427b-b4f1-cb8a937ec77d,e9aa9a3e-5b2b-4ac7-a2c7-073de2b2b24f,8bbdbcdd-5cd4-4100-b6d5-b7c9625b6107,50f4348b-c883-4e2f-8f11-ce233b859fa1,fda095cb-831d-4601-ad94-846013963de8,f92806d7-1768-443f-afe8-12bcde84d0f0,dd3a144d-ab7f-41f0-82b8-2e43a090d496,f0416e68-0200-4b77-a926-4f9d16e494da,970b0598-bcb0-4714-91fb-2e81440dccd8,bcd64cc6-2dd9-43f6-abbe-66318d332032,d930590d-bb92-4cc8-8bd1-23cd027f9edf,a3cd009f-0ab0-420d-9278-b9fdab939bbc,6a2d0734-bd9e-4ddf-946e-caa52498cb75,c27215d8-6835-4b68-bfbb-bdeac6100c04,b5d6115f-0370-4d7c-aad3-c194cc71cf98,871c3b6c-7379-419d-bda3-794b239ab90d,ff9b0199-ce04-4cfe-86cc-6c719f08d6e4,de1c2107-70c8-4021-8459-6399f24d01c6,cbf30902-517f-40dc-af90-a550bac27cf1
2025-6-24 09:43:13-debug:   Number of all scenes: 1
2025-6-24 09:43:13-debug:   Number of all scripts: 8
2025-6-24 09:43:13-debug: Init bundle root assets success..., progress: 0%
2025-6-24 09:43:13-debug:   Number of other assets: 312
2025-6-24 09:43:13-debug: // ---- build task 查询 Asset Bundle ---- (4ms)
2025-6-24 09:43:13-debug: 查询 Asset Bundle start, progress: 5%
2025-6-24 09:43:13-debug: [Build Memory track]: 查询 Asset Bundle start:204.02MB, end 204.53MB, increase: 518.69KB
2025-6-24 09:43:13-debug: // ---- build task 查询 Asset Bundle ----
2025-6-24 09:43:13-log: run build task 查询 Asset Bundle success in 4 ms√, progress: 5%
2025-6-24 09:43:13-debug: // ---- build task 查询 Asset Bundle ---- (2ms)
2025-6-24 09:43:13-log: run build task 查询 Asset Bundle success in 2 ms√, progress: 10%
2025-6-24 09:43:13-debug: // ---- build task 整理部分构建选项内数据到 settings.json ----
2025-6-24 09:43:13-debug: [Build Memory track]: 查询 Asset Bundle start:204.55MB, end 203.86MB, increase: -708.35KB
2025-6-24 09:43:13-debug: 整理部分构建选项内数据到 settings.json start, progress: 10%
2025-6-24 09:43:13-debug: // ---- build task 整理部分构建选项内数据到 settings.json ---- (1ms)
2025-6-24 09:43:13-log: run build task 整理部分构建选项内数据到 settings.json success in 1 ms√, progress: 12%
2025-6-24 09:43:13-debug: 填充脚本数据到 settings.json start, progress: 12%
2025-6-24 09:43:13-debug: [Build Memory track]: 整理部分构建选项内数据到 settings.json start:203.89MB, end 203.91MB, increase: 24.42KB
2025-6-24 09:43:13-debug: // ---- build task 填充脚本数据到 settings.json ----
2025-6-24 09:43:13-debug: // ---- build task 填充脚本数据到 settings.json ---- (1ms)
2025-6-24 09:43:13-log: run build task 填充脚本数据到 settings.json success in 1 ms√, progress: 13%
2025-6-24 09:43:13-debug: [Build Memory track]: 填充脚本数据到 settings.json start:203.94MB, end 203.96MB, increase: 25.01KB
2025-6-24 09:43:13-debug: // ---- build task 整理部分构建选项内数据到 settings.json ----
2025-6-24 09:43:13-debug: 整理部分构建选项内数据到 settings.json start, progress: 13%
2025-6-24 09:43:13-debug: // ---- build task 整理部分构建选项内数据到 settings.json ---- (2ms)
2025-6-24 09:43:13-log: run build task 整理部分构建选项内数据到 settings.json success in 2 ms√, progress: 15%
2025-6-24 09:43:13-debug: [Build Memory track]: 整理部分构建选项内数据到 settings.json start:203.99MB, end 204.11MB, increase: 126.91KB
2025-6-24 09:45:13-debug: refresh db internal success
2025-6-24 09:45:13-debug: %cImport%c: /Users/zhao/Desktop/test/cocos-creator/JumpingBlock/assets/Scripts/Player.tsbackground: #aaff85; color: #000;color: #000;
2025-6-24 09:45:13-debug: refresh db assets success
2025-6-24 09:45:13-debug: Run asset db hook engine-extends:afterRefresh ...
2025-6-24 09:45:13-debug: Run asset db hook engine-extends:afterRefresh success!
2025-6-24 09:45:13-debug: asset-db:refresh-all-database (23ms)
2025-6-24 09:45:13-debug: asset-db:worker-effect-data-processing (1ms)
2025-6-24 09:45:13-debug: asset-db-hook-engine-extends-afterRefresh (1ms)
2025-6-24 09:45:13-debug: %cImport%c: /Users/zhao/Desktop/test/cocos-creator/JumpingBlock/assets/Animations/JumpOneStep.animbackground: #aaff85; color: #000;color: #000;
2025-6-24 09:45:13-debug: asset-db:reimport-asset3c2dc981-2049-4119-a09f-bd50c580edaf (4ms)
2025-6-24 09:45:14-debug: Query all assets info in project
2025-6-24 09:45:14-debug: init custom config: keepNodeUuid: false, useCache: true
2025-6-24 09:45:14-debug: Skip compress image, progress: 0%
2025-6-24 09:45:14-debug: Init all bundles start..., progress: 0%
2025-6-24 09:45:14-debug: Num of bundles: 2..., progress: 0%
2025-6-24 09:45:14-debug: Init bundle root assets start..., progress: 0%
2025-6-24 09:45:14-debug: 查询 Asset Bundle start, progress: 0%
2025-6-24 09:45:14-debug: // ---- build task 查询 Asset Bundle ----
2025-6-24 09:45:14-debug: Query preload assets/scripts from cc.config.json: 60f7195c-ec2a-45eb-ba94-8955f60e81d0,1c02ae6f-4492-4915-b8f8-7492a3b1e4cd,810e96e4-e456-4468-9b59-f4e8f39732c0,efe8e2a3-eace-427b-b4f1-cb8a937ec77d,e9aa9a3e-5b2b-4ac7-a2c7-073de2b2b24f,8bbdbcdd-5cd4-4100-b6d5-b7c9625b6107,50f4348b-c883-4e2f-8f11-ce233b859fa1,fda095cb-831d-4601-ad94-846013963de8,f92806d7-1768-443f-afe8-12bcde84d0f0,dd3a144d-ab7f-41f0-82b8-2e43a090d496,f0416e68-0200-4b77-a926-4f9d16e494da,970b0598-bcb0-4714-91fb-2e81440dccd8,bcd64cc6-2dd9-43f6-abbe-66318d332032,d930590d-bb92-4cc8-8bd1-23cd027f9edf,a3cd009f-0ab0-420d-9278-b9fdab939bbc,6a2d0734-bd9e-4ddf-946e-caa52498cb75,c27215d8-6835-4b68-bfbb-bdeac6100c04,b5d6115f-0370-4d7c-aad3-c194cc71cf98,871c3b6c-7379-419d-bda3-794b239ab90d,ff9b0199-ce04-4cfe-86cc-6c719f08d6e4,de1c2107-70c8-4021-8459-6399f24d01c6,cbf30902-517f-40dc-af90-a550bac27cf1
2025-6-24 09:45:14-debug:   Number of all scenes: 1
2025-6-24 09:45:14-debug:   Number of other assets: 312
2025-6-24 09:45:14-debug: Init bundle root assets success..., progress: 0%
2025-6-24 09:45:14-debug:   Number of all scripts: 8
2025-6-24 09:45:14-debug: // ---- build task 查询 Asset Bundle ---- (3ms)
2025-6-24 09:45:14-log: run build task 查询 Asset Bundle success in 3 ms√, progress: 5%
2025-6-24 09:45:14-debug: [Build Memory track]: 查询 Asset Bundle start:204.88MB, end 204.56MB, increase: -328.57KB
2025-6-24 09:45:14-debug: // ---- build task 查询 Asset Bundle ----
2025-6-24 09:45:14-debug: 查询 Asset Bundle start, progress: 5%
2025-6-24 09:45:14-debug: [Build Memory track]: 查询 Asset Bundle start:204.58MB, end 204.67MB, increase: 85.77KB
2025-6-24 09:45:14-debug: 整理部分构建选项内数据到 settings.json start, progress: 10%
2025-6-24 09:45:14-log: run build task 查询 Asset Bundle success in 1 ms√, progress: 10%
2025-6-24 09:45:14-debug: // ---- build task 整理部分构建选项内数据到 settings.json ----
2025-6-24 09:45:14-debug: // ---- build task 查询 Asset Bundle ---- (1ms)
2025-6-24 09:45:14-log: run build task 整理部分构建选项内数据到 settings.json success in √, progress: 12%
2025-6-24 09:45:14-debug: // ---- build task 填充脚本数据到 settings.json ----
2025-6-24 09:45:14-debug: [Build Memory track]: 整理部分构建选项内数据到 settings.json start:204.69MB, end 204.71MB, increase: 15.45KB
2025-6-24 09:45:14-debug: 填充脚本数据到 settings.json start, progress: 12%
2025-6-24 09:45:14-debug: 整理部分构建选项内数据到 settings.json start, progress: 13%
2025-6-24 09:45:14-debug: [Build Memory track]: 填充脚本数据到 settings.json start:204.73MB, end 204.75MB, increase: 14.74KB
2025-6-24 09:45:14-log: run build task 填充脚本数据到 settings.json success in √, progress: 13%
2025-6-24 09:45:14-debug: // ---- build task 整理部分构建选项内数据到 settings.json ----
2025-6-24 09:45:14-debug: // ---- build task 整理部分构建选项内数据到 settings.json ---- (2ms)
2025-6-24 09:45:14-log: run build task 整理部分构建选项内数据到 settings.json success in 2 ms√, progress: 15%
2025-6-24 09:45:14-debug: [Build Memory track]: 整理部分构建选项内数据到 settings.json start:204.77MB, end 204.90MB, increase: 128.70KB
2025-6-24 09:45:14-debug: %cImport%c: /Users/zhao/Desktop/test/cocos-creator/JumpingBlock/assets/Animations/JumpOneStep.animbackground: #aaff85; color: #000;color: #000;
2025-6-24 09:45:14-debug: asset-db:reimport-asset3c2dc981-2049-4119-a09f-bd50c580edaf (2ms)
2025-6-24 09:45:23-debug: refresh db internal success
2025-6-24 09:45:23-debug: refresh db assets success
2025-6-24 09:45:23-debug: Run asset db hook engine-extends:afterRefresh ...
2025-6-24 09:45:23-debug: Run asset db hook engine-extends:afterRefresh success!
2025-6-24 09:45:23-debug: asset-db:refresh-all-database (29ms)
2025-6-24 09:45:23-debug: asset-db:worker-effect-data-processing (1ms)
2025-6-24 09:45:23-debug: asset-db-hook-engine-extends-afterRefresh (1ms)
2025-6-24 09:45:24-debug: refresh db internal success
2025-6-24 09:45:24-debug: refresh db assets success
2025-6-24 09:45:24-debug: Run asset db hook engine-extends:afterRefresh ...
2025-6-24 09:45:24-debug: Run asset db hook engine-extends:afterRefresh success!
2025-6-24 09:45:24-debug: asset-db:refresh-all-database (18ms)
2025-6-24 09:45:24-debug: asset-db:worker-effect-data-processing (1ms)
2025-6-24 09:45:24-debug: asset-db-hook-engine-extends-afterRefresh (1ms)
2025-6-24 09:45:38-debug: refresh db internal success
2025-6-24 09:45:38-debug: %cImport%c: /Users/zhao/Desktop/test/cocos-creator/JumpingBlock/assets/Scripts/Player.tsbackground: #aaff85; color: #000;color: #000;
2025-6-24 09:45:38-debug: refresh db assets success
2025-6-24 09:45:38-debug: Run asset db hook engine-extends:afterRefresh ...
2025-6-24 09:45:38-debug: Run asset db hook engine-extends:afterRefresh success!
2025-6-24 09:45:38-debug: asset-db:refresh-all-database (21ms)
2025-6-24 09:45:38-debug: asset-db:worker-effect-data-processing (1ms)
2025-6-24 09:45:38-debug: asset-db-hook-engine-extends-afterRefresh (1ms)
2025-6-24 09:45:38-debug: %cImport%c: /Users/zhao/Desktop/test/cocos-creator/JumpingBlock/assets/Animations/JumpOneStep.animbackground: #aaff85; color: #000;color: #000;
2025-6-24 09:45:38-debug: asset-db:reimport-asset3c2dc981-2049-4119-a09f-bd50c580edaf (3ms)
2025-6-24 09:45:39-debug: Query all assets info in project
2025-6-24 09:45:39-debug: Skip compress image, progress: 0%
2025-6-24 09:45:39-debug: init custom config: keepNodeUuid: false, useCache: true
2025-6-24 09:45:39-debug: Init all bundles start..., progress: 0%
2025-6-24 09:45:39-debug: Num of bundles: 2..., progress: 0%
2025-6-24 09:45:39-debug: 查询 Asset Bundle start, progress: 0%
2025-6-24 09:45:39-debug: Init bundle root assets start..., progress: 0%
2025-6-24 09:45:39-debug: // ---- build task 查询 Asset Bundle ----
2025-6-24 09:45:39-debug: Query preload assets/scripts from cc.config.json: 60f7195c-ec2a-45eb-ba94-8955f60e81d0,1c02ae6f-4492-4915-b8f8-7492a3b1e4cd,810e96e4-e456-4468-9b59-f4e8f39732c0,efe8e2a3-eace-427b-b4f1-cb8a937ec77d,e9aa9a3e-5b2b-4ac7-a2c7-073de2b2b24f,8bbdbcdd-5cd4-4100-b6d5-b7c9625b6107,50f4348b-c883-4e2f-8f11-ce233b859fa1,fda095cb-831d-4601-ad94-846013963de8,f92806d7-1768-443f-afe8-12bcde84d0f0,dd3a144d-ab7f-41f0-82b8-2e43a090d496,f0416e68-0200-4b77-a926-4f9d16e494da,970b0598-bcb0-4714-91fb-2e81440dccd8,bcd64cc6-2dd9-43f6-abbe-66318d332032,d930590d-bb92-4cc8-8bd1-23cd027f9edf,a3cd009f-0ab0-420d-9278-b9fdab939bbc,6a2d0734-bd9e-4ddf-946e-caa52498cb75,c27215d8-6835-4b68-bfbb-bdeac6100c04,b5d6115f-0370-4d7c-aad3-c194cc71cf98,871c3b6c-7379-419d-bda3-794b239ab90d,ff9b0199-ce04-4cfe-86cc-6c719f08d6e4,de1c2107-70c8-4021-8459-6399f24d01c6,cbf30902-517f-40dc-af90-a550bac27cf1
2025-6-24 09:45:39-debug:   Number of all scenes: 1
2025-6-24 09:45:39-debug:   Number of all scripts: 8
2025-6-24 09:45:39-debug:   Number of other assets: 312
2025-6-24 09:45:39-debug: Init bundle root assets success..., progress: 0%
2025-6-24 09:45:39-debug: // ---- build task 查询 Asset Bundle ---- (5ms)
2025-6-24 09:45:39-log: run build task 查询 Asset Bundle success in 5 ms√, progress: 5%
2025-6-24 09:45:39-debug: 查询 Asset Bundle start, progress: 5%
2025-6-24 09:45:39-debug: [Build Memory track]: 查询 Asset Bundle start:205.67MB, end 206.18MB, increase: 518.95KB
2025-6-24 09:45:39-debug: // ---- build task 查询 Asset Bundle ----
2025-6-24 09:45:39-debug: // ---- build task 查询 Asset Bundle ---- (2ms)
2025-6-24 09:45:39-debug: [Build Memory track]: 查询 Asset Bundle start:206.20MB, end 205.57MB, increase: -649.82KB
2025-6-24 09:45:39-debug: // ---- build task 整理部分构建选项内数据到 settings.json ----
2025-6-24 09:45:39-log: run build task 查询 Asset Bundle success in 2 ms√, progress: 10%
2025-6-24 09:45:39-debug: 整理部分构建选项内数据到 settings.json start, progress: 10%
2025-6-24 09:45:39-log: run build task 整理部分构建选项内数据到 settings.json success in √, progress: 12%
2025-6-24 09:45:39-debug: [Build Memory track]: 整理部分构建选项内数据到 settings.json start:205.59MB, end 205.61MB, increase: 16.29KB
2025-6-24 09:45:39-debug: 填充脚本数据到 settings.json start, progress: 12%
2025-6-24 09:45:39-debug: // ---- build task 填充脚本数据到 settings.json ----
2025-6-24 09:45:39-debug: // ---- build task 填充脚本数据到 settings.json ---- (1ms)
2025-6-24 09:45:39-debug: // ---- build task 整理部分构建选项内数据到 settings.json ----
2025-6-24 09:45:39-log: run build task 填充脚本数据到 settings.json success in 1 ms√, progress: 13%
2025-6-24 09:45:39-debug: [Build Memory track]: 填充脚本数据到 settings.json start:205.63MB, end 205.66MB, increase: 23.29KB
2025-6-24 09:45:39-debug: 整理部分构建选项内数据到 settings.json start, progress: 13%
2025-6-24 09:45:39-debug: // ---- build task 整理部分构建选项内数据到 settings.json ---- (11ms)
2025-6-24 09:45:39-debug: [Build Memory track]: 整理部分构建选项内数据到 settings.json start:205.68MB, end 205.81MB, increase: 136.09KB
2025-6-24 09:45:39-log: run build task 整理部分构建选项内数据到 settings.json success in 11 ms√, progress: 15%
2025-6-24 09:46:04-debug: refresh db internal success
2025-6-24 09:46:04-debug: refresh db assets success
2025-6-24 09:46:04-debug: Run asset db hook engine-extends:afterRefresh ...
2025-6-24 09:46:04-debug: Run asset db hook engine-extends:afterRefresh success!
2025-6-24 09:46:04-debug: asset-db:refresh-all-database (29ms)
2025-6-24 09:46:04-debug: asset-db:worker-effect-data-processing (1ms)
2025-6-24 09:46:04-debug: asset-db-hook-engine-extends-afterRefresh (1ms)
2025-6-24 09:46:21-debug: refresh db internal success
2025-6-24 09:46:21-debug: %cImport%c: /Users/zhao/Desktop/test/cocos-creator/JumpingBlock/assets/Scripts/Player.tsbackground: #aaff85; color: #000;color: #000;
2025-6-24 09:46:21-debug: refresh db assets success
2025-6-24 09:46:21-debug: Run asset db hook engine-extends:afterRefresh ...
2025-6-24 09:46:21-debug: Run asset db hook engine-extends:afterRefresh success!
2025-6-24 09:46:21-debug: asset-db:refresh-all-database (27ms)
2025-6-24 09:46:22-debug: %cImport%c: /Users/zhao/Desktop/test/cocos-creator/JumpingBlock/assets/Animations/JumpOneStep.animbackground: #aaff85; color: #000;color: #000;
2025-6-24 09:46:22-debug: asset-db:reimport-asset3c2dc981-2049-4119-a09f-bd50c580edaf (3ms)
2025-6-24 09:46:22-debug: Query all assets info in project
2025-6-24 09:46:22-debug: init custom config: keepNodeUuid: false, useCache: true
2025-6-24 09:46:22-debug: Skip compress image, progress: 0%
2025-6-24 09:46:22-debug: Init all bundles start..., progress: 0%
2025-6-24 09:46:22-debug: Num of bundles: 2..., progress: 0%
2025-6-24 09:46:22-debug: // ---- build task 查询 Asset Bundle ----
2025-6-24 09:46:22-debug: 查询 Asset Bundle start, progress: 0%
2025-6-24 09:46:22-debug: Init bundle root assets start..., progress: 0%
2025-6-24 09:46:22-debug: Query preload assets/scripts from cc.config.json: 60f7195c-ec2a-45eb-ba94-8955f60e81d0,1c02ae6f-4492-4915-b8f8-7492a3b1e4cd,810e96e4-e456-4468-9b59-f4e8f39732c0,efe8e2a3-eace-427b-b4f1-cb8a937ec77d,e9aa9a3e-5b2b-4ac7-a2c7-073de2b2b24f,8bbdbcdd-5cd4-4100-b6d5-b7c9625b6107,50f4348b-c883-4e2f-8f11-ce233b859fa1,fda095cb-831d-4601-ad94-846013963de8,f92806d7-1768-443f-afe8-12bcde84d0f0,dd3a144d-ab7f-41f0-82b8-2e43a090d496,f0416e68-0200-4b77-a926-4f9d16e494da,970b0598-bcb0-4714-91fb-2e81440dccd8,bcd64cc6-2dd9-43f6-abbe-66318d332032,d930590d-bb92-4cc8-8bd1-23cd027f9edf,a3cd009f-0ab0-420d-9278-b9fdab939bbc,6a2d0734-bd9e-4ddf-946e-caa52498cb75,c27215d8-6835-4b68-bfbb-bdeac6100c04,b5d6115f-0370-4d7c-aad3-c194cc71cf98,871c3b6c-7379-419d-bda3-794b239ab90d,ff9b0199-ce04-4cfe-86cc-6c719f08d6e4,de1c2107-70c8-4021-8459-6399f24d01c6,cbf30902-517f-40dc-af90-a550bac27cf1
2025-6-24 09:46:22-debug:   Number of all scenes: 1
2025-6-24 09:46:22-debug:   Number of other assets: 312
2025-6-24 09:46:22-debug: Init bundle root assets success..., progress: 0%
2025-6-24 09:46:22-debug:   Number of all scripts: 8
2025-6-24 09:46:22-debug: // ---- build task 查询 Asset Bundle ---- (5ms)
2025-6-24 09:46:22-log: run build task 查询 Asset Bundle success in 5 ms√, progress: 5%
2025-6-24 09:46:22-debug: [Build Memory track]: 查询 Asset Bundle start:206.24MB, end 206.74MB, increase: 512.64KB
2025-6-24 09:46:22-debug: 查询 Asset Bundle start, progress: 5%
2025-6-24 09:46:22-debug: // ---- build task 查询 Asset Bundle ----
2025-6-24 09:46:22-debug: // ---- build task 查询 Asset Bundle ---- (6ms)
2025-6-24 09:46:22-debug: // ---- build task 整理部分构建选项内数据到 settings.json ----
2025-6-24 09:46:22-log: run build task 查询 Asset Bundle success in 6 ms√, progress: 10%
2025-6-24 09:46:22-debug: [Build Memory track]: 查询 Asset Bundle start:206.77MB, end 206.90MB, increase: 135.23KB
2025-6-24 09:46:22-debug: 整理部分构建选项内数据到 settings.json start, progress: 10%
2025-6-24 09:46:22-log: run build task 整理部分构建选项内数据到 settings.json success in √, progress: 12%
2025-6-24 09:46:22-debug: 填充脚本数据到 settings.json start, progress: 12%
2025-6-24 09:46:22-debug: // ---- build task 填充脚本数据到 settings.json ----
2025-6-24 09:46:22-debug: [Build Memory track]: 整理部分构建选项内数据到 settings.json start:206.93MB, end 206.95MB, increase: 16.04KB
2025-6-24 09:46:22-debug: // ---- build task 填充脚本数据到 settings.json ---- (1ms)
2025-6-24 09:46:22-log: run build task 填充脚本数据到 settings.json success in 1 ms√, progress: 13%
2025-6-24 09:46:22-debug: [Build Memory track]: 填充脚本数据到 settings.json start:206.97MB, end 206.28MB, increase: -710.47KB
2025-6-24 09:46:22-debug: // ---- build task 整理部分构建选项内数据到 settings.json ----
2025-6-24 09:46:22-debug: 整理部分构建选项内数据到 settings.json start, progress: 13%
2025-6-24 09:46:22-debug: // ---- build task 整理部分构建选项内数据到 settings.json ---- (3ms)
2025-6-24 09:46:22-log: run build task 整理部分构建选项内数据到 settings.json success in 3 ms√, progress: 15%
2025-6-24 09:46:22-debug: [Build Memory track]: 整理部分构建选项内数据到 settings.json start:206.30MB, end 206.43MB, increase: 131.42KB
2025-6-24 09:46:22-debug: %cImport%c: /Users/zhao/Desktop/test/cocos-creator/JumpingBlock/assets/Animations/JumpOneStep.animbackground: #aaff85; color: #000;color: #000;
2025-6-24 09:46:22-debug: asset-db:reimport-asset3c2dc981-2049-4119-a09f-bd50c580edaf (6ms)
2025-6-24 09:46:27-debug: refresh db internal success
2025-6-24 09:46:27-debug: refresh db assets success
2025-6-24 09:46:27-debug: Run asset db hook engine-extends:afterRefresh ...
2025-6-24 09:46:27-debug: Run asset db hook engine-extends:afterRefresh success!
2025-6-24 09:46:27-debug: asset-db:refresh-all-database (29ms)
2025-6-24 09:46:27-debug: asset-db:worker-effect-data-processing (1ms)
2025-6-24 09:46:27-debug: asset-db-hook-engine-extends-afterRefresh (1ms)
2025-6-24 09:46:36-debug: refresh db internal success
2025-6-24 09:46:36-debug: refresh db assets success
2025-6-24 09:46:36-debug: Run asset db hook engine-extends:afterRefresh ...
2025-6-24 09:46:36-debug: Run asset db hook engine-extends:afterRefresh success!
2025-6-24 09:46:36-debug: asset-db:refresh-all-database (28ms)
2025-6-24 09:47:06-debug: refresh db internal success
2025-6-24 09:47:06-debug: refresh db assets success
2025-6-24 09:47:06-debug: Run asset db hook engine-extends:afterRefresh ...
2025-6-24 09:47:06-debug: Run asset db hook engine-extends:afterRefresh success!
2025-6-24 09:47:06-debug: asset-db:refresh-all-database (21ms)
2025-6-24 09:47:06-debug: asset-db:worker-effect-data-processing (1ms)
2025-6-24 09:47:06-debug: asset-db-hook-engine-extends-afterRefresh (1ms)
2025-6-24 09:47:08-debug: refresh db internal success
2025-6-24 09:47:08-debug: refresh db assets success
2025-6-24 09:47:08-debug: Run asset db hook engine-extends:afterRefresh ...
2025-6-24 09:47:08-debug: Run asset db hook engine-extends:afterRefresh success!
2025-6-24 09:47:08-debug: asset-db:refresh-all-database (21ms)
2025-6-24 09:47:10-debug: refresh db internal success
2025-6-24 09:47:10-debug: refresh db assets success
2025-6-24 09:47:10-debug: Run asset db hook engine-extends:afterRefresh ...
2025-6-24 09:47:10-debug: Run asset db hook engine-extends:afterRefresh success!
2025-6-24 09:47:10-debug: asset-db:refresh-all-database (28ms)
2025-6-24 09:47:10-debug: asset-db-hook-engine-extends-afterRefresh (1ms)
2025-6-24 09:51:07-debug: refresh db internal success
2025-6-24 09:51:07-debug: %cImport%c: /Users/zhao/Desktop/test/cocos-creator/JumpingBlock/assets/Scripts/Player.tsbackground: #aaff85; color: #000;color: #000;
2025-6-24 09:51:07-debug: refresh db assets success
2025-6-24 09:51:07-debug: Run asset db hook engine-extends:afterRefresh ...
2025-6-24 09:51:07-debug: Run asset db hook engine-extends:afterRefresh success!
2025-6-24 09:51:07-debug: asset-db:refresh-all-database (38ms)
2025-6-24 09:51:07-debug: asset-db:worker-effect-data-processing (1ms)
2025-6-24 09:51:07-debug: asset-db-hook-engine-extends-afterRefresh (2ms)
2025-6-24 09:51:08-debug: Query all assets info in project
2025-6-24 09:51:08-debug: init custom config: keepNodeUuid: false, useCache: true
2025-6-24 09:51:08-debug: Skip compress image, progress: 0%
2025-6-24 09:51:08-debug: Init all bundles start..., progress: 0%
2025-6-24 09:51:08-debug: Num of bundles: 2..., progress: 0%
2025-6-24 09:51:08-debug: 查询 Asset Bundle start, progress: 0%
2025-6-24 09:51:08-debug: // ---- build task 查询 Asset Bundle ----
2025-6-24 09:51:08-debug: Init bundle root assets start..., progress: 0%
2025-6-24 09:51:08-debug: Query preload assets/scripts from cc.config.json: 60f7195c-ec2a-45eb-ba94-8955f60e81d0,1c02ae6f-4492-4915-b8f8-7492a3b1e4cd,810e96e4-e456-4468-9b59-f4e8f39732c0,efe8e2a3-eace-427b-b4f1-cb8a937ec77d,e9aa9a3e-5b2b-4ac7-a2c7-073de2b2b24f,8bbdbcdd-5cd4-4100-b6d5-b7c9625b6107,50f4348b-c883-4e2f-8f11-ce233b859fa1,fda095cb-831d-4601-ad94-846013963de8,f92806d7-1768-443f-afe8-12bcde84d0f0,dd3a144d-ab7f-41f0-82b8-2e43a090d496,f0416e68-0200-4b77-a926-4f9d16e494da,970b0598-bcb0-4714-91fb-2e81440dccd8,bcd64cc6-2dd9-43f6-abbe-66318d332032,d930590d-bb92-4cc8-8bd1-23cd027f9edf,a3cd009f-0ab0-420d-9278-b9fdab939bbc,6a2d0734-bd9e-4ddf-946e-caa52498cb75,c27215d8-6835-4b68-bfbb-bdeac6100c04,b5d6115f-0370-4d7c-aad3-c194cc71cf98,871c3b6c-7379-419d-bda3-794b239ab90d,ff9b0199-ce04-4cfe-86cc-6c719f08d6e4,de1c2107-70c8-4021-8459-6399f24d01c6,cbf30902-517f-40dc-af90-a550bac27cf1
2025-6-24 09:51:08-debug: Init bundle root assets success..., progress: 0%
2025-6-24 09:51:08-debug: // ---- build task 查询 Asset Bundle ---- (7ms)
2025-6-24 09:51:08-log: run build task 查询 Asset Bundle success in 7 ms√, progress: 5%
2025-6-24 09:51:08-debug: [Build Memory track]: 查询 Asset Bundle start:208.20MB, end 208.71MB, increase: 514.12KB
2025-6-24 09:51:08-debug: 查询 Asset Bundle start, progress: 5%
2025-6-24 09:51:08-debug: // ---- build task 查询 Asset Bundle ----
2025-6-24 09:51:08-debug:   Number of all scenes: 1
2025-6-24 09:51:08-debug:   Number of all scripts: 8
2025-6-24 09:51:08-debug:   Number of other assets: 312
2025-6-24 09:51:08-debug: // ---- build task 查询 Asset Bundle ---- (7ms)
2025-6-24 09:51:08-log: run build task 查询 Asset Bundle success in 7 ms√, progress: 10%
2025-6-24 09:51:08-debug: [Build Memory track]: 查询 Asset Bundle start:208.73MB, end 208.83MB, increase: 97.34KB
2025-6-24 09:51:08-debug: 整理部分构建选项内数据到 settings.json start, progress: 10%
2025-6-24 09:51:08-log: run build task 整理部分构建选项内数据到 settings.json success in 1 ms√, progress: 12%
2025-6-24 09:51:08-debug: [Build Memory track]: 整理部分构建选项内数据到 settings.json start:208.86MB, end 208.88MB, increase: 21.81KB
2025-6-24 09:51:08-debug: 填充脚本数据到 settings.json start, progress: 12%
2025-6-24 09:51:08-debug: // ---- build task 填充脚本数据到 settings.json ----
2025-6-24 09:51:08-debug: // ---- build task 整理部分构建选项内数据到 settings.json ---- (1ms)
2025-6-24 09:51:08-debug: // ---- build task 整理部分构建选项内数据到 settings.json ----
2025-6-24 09:51:08-debug: // ---- build task 填充脚本数据到 settings.json ---- (1ms)
2025-6-24 09:51:08-log: run build task 填充脚本数据到 settings.json success in 1 ms√, progress: 13%
2025-6-24 09:51:08-debug: [Build Memory track]: 填充脚本数据到 settings.json start:208.90MB, end 208.93MB, increase: 22.67KB
2025-6-24 09:51:08-debug: 整理部分构建选项内数据到 settings.json start, progress: 13%
2025-6-24 09:51:08-debug: // ---- build task 整理部分构建选项内数据到 settings.json ----
2025-6-24 09:51:08-log: run build task 整理部分构建选项内数据到 settings.json success in 7 ms√, progress: 15%
2025-6-24 09:51:08-debug: [Build Memory track]: 整理部分构建选项内数据到 settings.json start:208.95MB, end 208.31MB, increase: -654.93KB
2025-6-24 09:51:08-debug: // ---- build task 整理部分构建选项内数据到 settings.json ---- (7ms)
2025-6-24 09:51:08-debug: %cImport%c: /Users/zhao/Desktop/test/cocos-creator/JumpingBlock/assets/Animations/JumpOneStep.animbackground: #aaff85; color: #000;color: #000;
2025-6-24 09:51:08-debug: asset-db:reimport-asset3c2dc981-2049-4119-a09f-bd50c580edaf (4ms)
2025-6-24 09:51:16-debug: refresh db internal success
2025-6-24 09:51:16-debug: refresh db assets success
2025-6-24 09:51:16-debug: Run asset db hook engine-extends:afterRefresh ...
2025-6-24 09:51:16-debug: Run asset db hook engine-extends:afterRefresh success!
2025-6-24 09:51:16-debug: asset-db:refresh-all-database (27ms)
2025-6-24 09:51:16-debug: asset-db:worker-effect-data-processing (1ms)
2025-6-24 09:51:16-debug: asset-db-hook-engine-extends-afterRefresh (1ms)
2025-6-24 09:52:07-debug: refresh db internal success
2025-6-24 09:52:07-debug: refresh db assets success
2025-6-24 09:52:07-debug: Run asset db hook engine-extends:afterRefresh ...
2025-6-24 09:52:07-debug: Run asset db hook engine-extends:afterRefresh success!
2025-6-24 09:52:07-debug: asset-db:refresh-all-database (28ms)
2025-6-24 09:52:07-debug: asset-db:worker-effect-data-processing (1ms)
2025-6-24 09:52:07-debug: asset-db-hook-engine-extends-afterRefresh (1ms)
2025-6-24 09:52:31-debug: %cImport%c: /Users/zhao/Desktop/test/cocos-creator/JumpingBlock/assets/Animations/JumpOneStep.animbackground: #aaff85; color: #000;color: #000;
2025-6-24 09:52:31-debug: asset-db:reimport-asset3c2dc981-2049-4119-a09f-bd50c580edaf (3ms)
2025-6-24 09:52:35-debug: Query all assets info in project
2025-6-24 09:52:35-debug: init custom config: keepNodeUuid: false, useCache: true
2025-6-24 09:52:35-debug: Skip compress image, progress: 0%
2025-6-24 09:52:35-debug: Init all bundles start..., progress: 0%
2025-6-24 09:52:35-debug: // ---- build task 查询 Asset Bundle ----
2025-6-24 09:52:35-debug: 查询 Asset Bundle start, progress: 0%
2025-6-24 09:52:35-debug: Num of bundles: 2..., progress: 0%
2025-6-24 09:52:35-debug: Init bundle root assets start..., progress: 0%
2025-6-24 09:52:35-debug: Query preload assets/scripts from cc.config.json: 60f7195c-ec2a-45eb-ba94-8955f60e81d0,1c02ae6f-4492-4915-b8f8-7492a3b1e4cd,810e96e4-e456-4468-9b59-f4e8f39732c0,efe8e2a3-eace-427b-b4f1-cb8a937ec77d,e9aa9a3e-5b2b-4ac7-a2c7-073de2b2b24f,8bbdbcdd-5cd4-4100-b6d5-b7c9625b6107,50f4348b-c883-4e2f-8f11-ce233b859fa1,fda095cb-831d-4601-ad94-846013963de8,f92806d7-1768-443f-afe8-12bcde84d0f0,dd3a144d-ab7f-41f0-82b8-2e43a090d496,f0416e68-0200-4b77-a926-4f9d16e494da,970b0598-bcb0-4714-91fb-2e81440dccd8,bcd64cc6-2dd9-43f6-abbe-66318d332032,d930590d-bb92-4cc8-8bd1-23cd027f9edf,a3cd009f-0ab0-420d-9278-b9fdab939bbc,6a2d0734-bd9e-4ddf-946e-caa52498cb75,c27215d8-6835-4b68-bfbb-bdeac6100c04,b5d6115f-0370-4d7c-aad3-c194cc71cf98,871c3b6c-7379-419d-bda3-794b239ab90d,ff9b0199-ce04-4cfe-86cc-6c719f08d6e4,de1c2107-70c8-4021-8459-6399f24d01c6,cbf30902-517f-40dc-af90-a550bac27cf1
2025-6-24 09:52:35-debug: Init bundle root assets success..., progress: 0%
2025-6-24 09:52:35-debug:   Number of all scripts: 8
2025-6-24 09:52:35-debug:   Number of other assets: 312
2025-6-24 09:52:35-debug:   Number of all scenes: 1
2025-6-24 09:52:35-debug: // ---- build task 查询 Asset Bundle ---- (4ms)
2025-6-24 09:52:35-debug: // ---- build task 查询 Asset Bundle ----
2025-6-24 09:52:35-log: run build task 查询 Asset Bundle success in 4 ms√, progress: 5%
2025-6-24 09:52:35-debug: 查询 Asset Bundle start, progress: 5%
2025-6-24 09:52:35-debug: [Build Memory track]: 查询 Asset Bundle start:208.95MB, end 209.50MB, increase: 553.41KB
2025-6-24 09:52:35-debug: // ---- build task 查询 Asset Bundle ---- (3ms)
2025-6-24 09:52:35-log: run build task 查询 Asset Bundle success in 3 ms√, progress: 10%
2025-6-24 09:52:35-debug: [Build Memory track]: 查询 Asset Bundle start:209.52MB, end 209.59MB, increase: 76.35KB
2025-6-24 09:52:35-debug: 整理部分构建选项内数据到 settings.json start, progress: 10%
2025-6-24 09:52:35-debug: // ---- build task 整理部分构建选项内数据到 settings.json ----
2025-6-24 09:52:35-debug: // ---- build task 整理部分构建选项内数据到 settings.json ---- (1ms)
2025-6-24 09:52:35-debug: [Build Memory track]: 整理部分构建选项内数据到 settings.json start:209.62MB, end 209.64MB, increase: 24.38KB
2025-6-24 09:52:35-debug: 填充脚本数据到 settings.json start, progress: 12%
2025-6-24 09:52:35-debug: // ---- build task 填充脚本数据到 settings.json ----
2025-6-24 09:52:35-log: run build task 整理部分构建选项内数据到 settings.json success in 1 ms√, progress: 12%
2025-6-24 09:52:35-log: run build task 填充脚本数据到 settings.json success in √, progress: 13%
2025-6-24 09:52:35-debug: [Build Memory track]: 填充脚本数据到 settings.json start:209.67MB, end 208.95MB, increase: -736.33KB
2025-6-24 09:52:35-debug: 整理部分构建选项内数据到 settings.json start, progress: 13%
2025-6-24 09:52:35-debug: // ---- build task 整理部分构建选项内数据到 settings.json ----
2025-6-24 09:52:35-debug: // ---- build task 整理部分构建选项内数据到 settings.json ---- (2ms)
2025-6-24 09:52:35-log: run build task 整理部分构建选项内数据到 settings.json success in 2 ms√, progress: 15%
2025-6-24 09:52:35-debug: [Build Memory track]: 整理部分构建选项内数据到 settings.json start:208.97MB, end 209.11MB, increase: 137.50KB
2025-6-24 09:52:37-debug: refresh db internal success
2025-6-24 09:52:37-debug: refresh db assets success
2025-6-24 09:52:37-debug: Run asset db hook engine-extends:afterRefresh ...
2025-6-24 09:52:37-debug: Run asset db hook engine-extends:afterRefresh success!
2025-6-24 09:52:37-debug: asset-db:refresh-all-database (27ms)
2025-6-24 09:52:37-debug: asset-db:worker-effect-data-processing (1ms)
2025-6-24 09:52:37-debug: asset-db-hook-engine-extends-afterRefresh (1ms)
2025-6-24 09:52:43-debug: refresh db internal success
2025-6-24 09:52:43-debug: %cImport%c: /Users/zhao/Desktop/test/cocos-creator/JumpingBlock/assets/Scripts/Player.tsbackground: #aaff85; color: #000;color: #000;
2025-6-24 09:52:43-debug: refresh db assets success
2025-6-24 09:52:43-debug: Run asset db hook engine-extends:afterRefresh ...
2025-6-24 09:52:43-debug: Run asset db hook engine-extends:afterRefresh success!
2025-6-24 09:52:43-debug: asset-db:refresh-all-database (33ms)
2025-6-24 09:52:43-debug: asset-db:worker-effect-data-processing (1ms)
2025-6-24 09:52:43-debug: asset-db-hook-engine-extends-afterRefresh (1ms)
2025-6-24 09:52:44-debug: %cImport%c: /Users/zhao/Desktop/test/cocos-creator/JumpingBlock/assets/Animations/JumpOneStep.animbackground: #aaff85; color: #000;color: #000;
2025-6-24 09:52:44-debug: asset-db:reimport-asset3c2dc981-2049-4119-a09f-bd50c580edaf (3ms)
2025-6-24 09:52:44-debug: Query all assets info in project
2025-6-24 09:52:44-debug: Skip compress image, progress: 0%
2025-6-24 09:52:44-debug: init custom config: keepNodeUuid: false, useCache: true
2025-6-24 09:52:44-debug: Init all bundles start..., progress: 0%
2025-6-24 09:52:44-debug: Init bundle root assets start..., progress: 0%
2025-6-24 09:52:44-debug: 查询 Asset Bundle start, progress: 0%
2025-6-24 09:52:44-debug: // ---- build task 查询 Asset Bundle ----
2025-6-24 09:52:44-debug: Num of bundles: 2..., progress: 0%
2025-6-24 09:52:44-debug: Query preload assets/scripts from cc.config.json: 60f7195c-ec2a-45eb-ba94-8955f60e81d0,1c02ae6f-4492-4915-b8f8-7492a3b1e4cd,810e96e4-e456-4468-9b59-f4e8f39732c0,efe8e2a3-eace-427b-b4f1-cb8a937ec77d,e9aa9a3e-5b2b-4ac7-a2c7-073de2b2b24f,8bbdbcdd-5cd4-4100-b6d5-b7c9625b6107,50f4348b-c883-4e2f-8f11-ce233b859fa1,fda095cb-831d-4601-ad94-846013963de8,f92806d7-1768-443f-afe8-12bcde84d0f0,dd3a144d-ab7f-41f0-82b8-2e43a090d496,f0416e68-0200-4b77-a926-4f9d16e494da,970b0598-bcb0-4714-91fb-2e81440dccd8,bcd64cc6-2dd9-43f6-abbe-66318d332032,d930590d-bb92-4cc8-8bd1-23cd027f9edf,a3cd009f-0ab0-420d-9278-b9fdab939bbc,6a2d0734-bd9e-4ddf-946e-caa52498cb75,c27215d8-6835-4b68-bfbb-bdeac6100c04,b5d6115f-0370-4d7c-aad3-c194cc71cf98,871c3b6c-7379-419d-bda3-794b239ab90d,ff9b0199-ce04-4cfe-86cc-6c719f08d6e4,de1c2107-70c8-4021-8459-6399f24d01c6,cbf30902-517f-40dc-af90-a550bac27cf1
2025-6-24 09:52:44-debug: Init bundle root assets success..., progress: 0%
2025-6-24 09:52:44-debug:   Number of all scenes: 1
2025-6-24 09:52:44-debug:   Number of other assets: 312
2025-6-24 09:52:44-debug:   Number of all scripts: 8
2025-6-24 09:52:44-debug: // ---- build task 查询 Asset Bundle ---- (5ms)
2025-6-24 09:52:44-log: run build task 查询 Asset Bundle success in 5 ms√, progress: 5%
2025-6-24 09:52:44-debug: [Build Memory track]: 查询 Asset Bundle start:209.78MB, end 210.29MB, increase: 518.86KB
2025-6-24 09:52:44-debug: // ---- build task 查询 Asset Bundle ----
2025-6-24 09:52:44-debug: 查询 Asset Bundle start, progress: 5%
2025-6-24 09:52:44-debug: // ---- build task 查询 Asset Bundle ---- (2ms)
2025-6-24 09:52:44-log: run build task 查询 Asset Bundle success in 2 ms√, progress: 10%
2025-6-24 09:52:44-debug: [Build Memory track]: 查询 Asset Bundle start:210.31MB, end 210.39MB, increase: 77.92KB
2025-6-24 09:52:44-debug: 整理部分构建选项内数据到 settings.json start, progress: 10%
2025-6-24 09:52:44-debug: // ---- build task 整理部分构建选项内数据到 settings.json ----
2025-6-24 09:52:44-log: run build task 整理部分构建选项内数据到 settings.json success in √, progress: 12%
2025-6-24 09:52:44-debug: 填充脚本数据到 settings.json start, progress: 12%
2025-6-24 09:52:44-debug: [Build Memory track]: 整理部分构建选项内数据到 settings.json start:210.41MB, end 210.43MB, increase: 16.43KB
2025-6-24 09:52:44-debug: // ---- build task 填充脚本数据到 settings.json ----
2025-6-24 09:52:44-debug: // ---- build task 填充脚本数据到 settings.json ---- (1ms)
2025-6-24 09:52:44-debug: 整理部分构建选项内数据到 settings.json start, progress: 13%
2025-6-24 09:52:44-debug: [Build Memory track]: 填充脚本数据到 settings.json start:210.45MB, end 210.48MB, increase: 23.39KB
2025-6-24 09:52:44-debug: // ---- build task 整理部分构建选项内数据到 settings.json ----
2025-6-24 09:52:44-log: run build task 填充脚本数据到 settings.json success in 1 ms√, progress: 13%
2025-6-24 09:52:44-debug: // ---- build task 整理部分构建选项内数据到 settings.json ---- (2ms)
2025-6-24 09:52:44-log: run build task 整理部分构建选项内数据到 settings.json success in 2 ms√, progress: 15%
2025-6-24 09:52:44-debug: [Build Memory track]: 整理部分构建选项内数据到 settings.json start:210.50MB, end 209.88MB, increase: -637.61KB
2025-6-24 09:52:49-debug: refresh db internal success
2025-6-24 09:52:49-debug: refresh db assets success
2025-6-24 09:52:49-debug: Run asset db hook engine-extends:afterRefresh success!
2025-6-24 09:52:49-debug: Run asset db hook engine-extends:afterRefresh ...
2025-6-24 09:52:49-debug: asset-db:refresh-all-database (27ms)
2025-6-24 09:53:49-debug: refresh db internal success
2025-6-24 09:53:49-debug: refresh db assets success
2025-6-24 09:53:49-debug: Run asset db hook engine-extends:afterRefresh ...
2025-6-24 09:53:49-debug: Run asset db hook engine-extends:afterRefresh success!
2025-6-24 09:53:49-debug: asset-db:refresh-all-database (27ms)
2025-6-24 09:53:49-debug: asset-db:worker-effect-data-processing (1ms)
2025-6-24 09:53:49-debug: asset-db-hook-engine-extends-afterRefresh (1ms)
2025-6-24 09:54:30-debug: %cImport%c: /Users/zhao/Desktop/test/cocos-creator/JumpingBlock/assets/Scenes/main.scenebackground: #aaff85; color: #000;color: #000;
2025-6-24 09:54:30-debug: asset-db:reimport-asset20b35577-f54e-49ab-a58a-ce370c78bfaa (6ms)
2025-6-24 09:54:31-debug: Query all assets info in project
2025-6-24 09:54:31-debug: init custom config: keepNodeUuid: false, useCache: true
2025-6-24 09:54:31-debug: Skip compress image, progress: 0%
2025-6-24 09:54:31-debug: Init all bundles start..., progress: 0%
2025-6-24 09:54:31-debug: // ---- build task 查询 Asset Bundle ----
2025-6-24 09:54:31-debug: Init bundle root assets start..., progress: 0%
2025-6-24 09:54:31-debug: 查询 Asset Bundle start, progress: 0%
2025-6-24 09:54:31-debug: Num of bundles: 2..., progress: 0%
2025-6-24 09:54:31-debug: Query preload assets/scripts from cc.config.json: 60f7195c-ec2a-45eb-ba94-8955f60e81d0,1c02ae6f-4492-4915-b8f8-7492a3b1e4cd,810e96e4-e456-4468-9b59-f4e8f39732c0,efe8e2a3-eace-427b-b4f1-cb8a937ec77d,e9aa9a3e-5b2b-4ac7-a2c7-073de2b2b24f,8bbdbcdd-5cd4-4100-b6d5-b7c9625b6107,50f4348b-c883-4e2f-8f11-ce233b859fa1,fda095cb-831d-4601-ad94-846013963de8,f92806d7-1768-443f-afe8-12bcde84d0f0,dd3a144d-ab7f-41f0-82b8-2e43a090d496,f0416e68-0200-4b77-a926-4f9d16e494da,970b0598-bcb0-4714-91fb-2e81440dccd8,bcd64cc6-2dd9-43f6-abbe-66318d332032,d930590d-bb92-4cc8-8bd1-23cd027f9edf,a3cd009f-0ab0-420d-9278-b9fdab939bbc,6a2d0734-bd9e-4ddf-946e-caa52498cb75,c27215d8-6835-4b68-bfbb-bdeac6100c04,b5d6115f-0370-4d7c-aad3-c194cc71cf98,871c3b6c-7379-419d-bda3-794b239ab90d,ff9b0199-ce04-4cfe-86cc-6c719f08d6e4,de1c2107-70c8-4021-8459-6399f24d01c6,cbf30902-517f-40dc-af90-a550bac27cf1
2025-6-24 09:54:31-debug: Init bundle root assets success..., progress: 0%
2025-6-24 09:54:31-debug:   Number of all scripts: 8
2025-6-24 09:54:31-debug:   Number of other assets: 312
2025-6-24 09:54:31-debug:   Number of all scenes: 1
2025-6-24 09:54:31-debug: // ---- build task 查询 Asset Bundle ---- (3ms)
2025-6-24 09:54:31-debug: // ---- build task 查询 Asset Bundle ----
2025-6-24 09:54:31-debug: [Build Memory track]: 查询 Asset Bundle start:210.70MB, end 211.21MB, increase: 519.82KB
2025-6-24 09:54:31-debug: 查询 Asset Bundle start, progress: 5%
2025-6-24 09:54:31-log: run build task 查询 Asset Bundle success in 3 ms√, progress: 5%
2025-6-24 09:54:31-debug: // ---- build task 查询 Asset Bundle ---- (2ms)
2025-6-24 09:54:31-log: run build task 查询 Asset Bundle success in 2 ms√, progress: 10%
2025-6-24 09:54:31-debug: [Build Memory track]: 查询 Asset Bundle start:211.23MB, end 210.55MB, increase: -697.51KB
2025-6-24 09:54:31-debug: // ---- build task 整理部分构建选项内数据到 settings.json ----
2025-6-24 09:54:31-debug: 整理部分构建选项内数据到 settings.json start, progress: 10%
2025-6-24 09:54:31-debug: // ---- build task 整理部分构建选项内数据到 settings.json ---- (1ms)
2025-6-24 09:54:31-log: run build task 整理部分构建选项内数据到 settings.json success in 1 ms√, progress: 12%
2025-6-24 09:54:31-debug: [Build Memory track]: 整理部分构建选项内数据到 settings.json start:210.58MB, end 210.60MB, increase: 24.56KB
2025-6-24 09:54:31-debug: 填充脚本数据到 settings.json start, progress: 12%
2025-6-24 09:54:31-debug: // ---- build task 填充脚本数据到 settings.json ----
2025-6-24 09:54:31-debug: // ---- build task 填充脚本数据到 settings.json ---- (1ms)
2025-6-24 09:54:31-debug: // ---- build task 整理部分构建选项内数据到 settings.json ----
2025-6-24 09:54:31-debug: [Build Memory track]: 填充脚本数据到 settings.json start:210.62MB, end 210.65MB, increase: 24.01KB
2025-6-24 09:54:31-debug: 整理部分构建选项内数据到 settings.json start, progress: 13%
2025-6-24 09:54:31-log: run build task 填充脚本数据到 settings.json success in 1 ms√, progress: 13%
2025-6-24 09:54:31-debug: // ---- build task 整理部分构建选项内数据到 settings.json ---- (2ms)
2025-6-24 09:54:31-log: run build task 整理部分构建选项内数据到 settings.json success in 2 ms√, progress: 15%
2025-6-24 09:54:31-debug: [Build Memory track]: 整理部分构建选项内数据到 settings.json start:210.67MB, end 210.80MB, increase: 130.14KB
2025-6-24 09:54:45-debug: %cImport%c: /Users/zhao/Desktop/test/cocos-creator/JumpingBlock/assets/Scenes/main.scenebackground: #aaff85; color: #000;color: #000;
2025-6-24 09:54:45-debug: asset-db:reimport-asset20b35577-f54e-49ab-a58a-ce370c78bfaa (8ms)
2025-6-24 09:54:45-debug: Query all assets info in project
2025-6-24 09:54:45-debug: init custom config: keepNodeUuid: false, useCache: true
2025-6-24 09:54:45-debug: Skip compress image, progress: 0%
2025-6-24 09:54:45-debug: Init all bundles start..., progress: 0%
2025-6-24 09:54:45-debug: 查询 Asset Bundle start, progress: 0%
2025-6-24 09:54:45-debug: // ---- build task 查询 Asset Bundle ----
2025-6-24 09:54:45-debug: Num of bundles: 2..., progress: 0%
2025-6-24 09:54:45-debug: Init bundle root assets start..., progress: 0%
2025-6-24 09:54:45-debug: Query preload assets/scripts from cc.config.json: 60f7195c-ec2a-45eb-ba94-8955f60e81d0,1c02ae6f-4492-4915-b8f8-7492a3b1e4cd,810e96e4-e456-4468-9b59-f4e8f39732c0,efe8e2a3-eace-427b-b4f1-cb8a937ec77d,e9aa9a3e-5b2b-4ac7-a2c7-073de2b2b24f,8bbdbcdd-5cd4-4100-b6d5-b7c9625b6107,50f4348b-c883-4e2f-8f11-ce233b859fa1,fda095cb-831d-4601-ad94-846013963de8,f92806d7-1768-443f-afe8-12bcde84d0f0,dd3a144d-ab7f-41f0-82b8-2e43a090d496,f0416e68-0200-4b77-a926-4f9d16e494da,970b0598-bcb0-4714-91fb-2e81440dccd8,bcd64cc6-2dd9-43f6-abbe-66318d332032,d930590d-bb92-4cc8-8bd1-23cd027f9edf,a3cd009f-0ab0-420d-9278-b9fdab939bbc,6a2d0734-bd9e-4ddf-946e-caa52498cb75,c27215d8-6835-4b68-bfbb-bdeac6100c04,b5d6115f-0370-4d7c-aad3-c194cc71cf98,871c3b6c-7379-419d-bda3-794b239ab90d,ff9b0199-ce04-4cfe-86cc-6c719f08d6e4,de1c2107-70c8-4021-8459-6399f24d01c6,cbf30902-517f-40dc-af90-a550bac27cf1
2025-6-24 09:54:45-debug:   Number of other assets: 312
2025-6-24 09:54:45-debug:   Number of all scripts: 8
2025-6-24 09:54:45-debug: Init bundle root assets success..., progress: 0%
2025-6-24 09:54:45-debug:   Number of all scenes: 1
2025-6-24 09:54:45-debug: // ---- build task 查询 Asset Bundle ---- (4ms)
2025-6-24 09:54:45-log: run build task 查询 Asset Bundle success in 4 ms√, progress: 5%
2025-6-24 09:54:45-debug: [Build Memory track]: 查询 Asset Bundle start:211.15MB, end 211.65MB, increase: 513.64KB
2025-6-24 09:54:45-debug: // ---- build task 查询 Asset Bundle ----
2025-6-24 09:54:45-debug: 查询 Asset Bundle start, progress: 5%
2025-6-24 09:54:45-log: run build task 查询 Asset Bundle success in 1 ms√, progress: 10%
2025-6-24 09:54:45-debug: [Build Memory track]: 查询 Asset Bundle start:211.67MB, end 211.06MB, increase: -628.69KB
2025-6-24 09:54:45-debug: // ---- build task 查询 Asset Bundle ---- (1ms)
2025-6-24 09:54:45-debug: 整理部分构建选项内数据到 settings.json start, progress: 10%
2025-6-24 09:54:45-debug: // ---- build task 整理部分构建选项内数据到 settings.json ----
2025-6-24 09:54:45-debug: [Build Memory track]: 整理部分构建选项内数据到 settings.json start:211.09MB, end 211.10MB, increase: 16.17KB
2025-6-24 09:54:45-log: run build task 整理部分构建选项内数据到 settings.json success in √, progress: 12%
2025-6-24 09:54:45-debug: 填充脚本数据到 settings.json start, progress: 12%
2025-6-24 09:54:45-debug: // ---- build task 填充脚本数据到 settings.json ----
2025-6-24 09:54:45-log: run build task 填充脚本数据到 settings.json success in √, progress: 13%
2025-6-24 09:54:45-debug: 整理部分构建选项内数据到 settings.json start, progress: 13%
2025-6-24 09:54:45-debug: [Build Memory track]: 填充脚本数据到 settings.json start:211.13MB, end 211.14MB, increase: 15.11KB
2025-6-24 09:54:45-debug: // ---- build task 整理部分构建选项内数据到 settings.json ----
2025-6-24 09:54:45-debug: // ---- build task 整理部分构建选项内数据到 settings.json ---- (1ms)
2025-6-24 09:54:45-log: run build task 整理部分构建选项内数据到 settings.json success in 1 ms√, progress: 15%
2025-6-24 09:54:45-debug: [Build Memory track]: 整理部分构建选项内数据到 settings.json start:211.17MB, end 211.29MB, increase: 122.95KB
2025-6-24 09:54:50-debug: %cImport%c: /Users/zhao/Desktop/test/cocos-creator/JumpingBlock/assets/Scenes/main.scenebackground: #aaff85; color: #000;color: #000;
2025-6-24 09:54:50-debug: asset-db:reimport-asset20b35577-f54e-49ab-a58a-ce370c78bfaa (4ms)
2025-6-24 09:54:51-debug: Query all assets info in project
2025-6-24 09:54:51-debug: init custom config: keepNodeUuid: false, useCache: true
2025-6-24 09:54:51-debug: Skip compress image, progress: 0%
2025-6-24 09:54:51-debug: Init all bundles start..., progress: 0%
2025-6-24 09:54:51-debug: Init bundle root assets start..., progress: 0%
2025-6-24 09:54:51-debug: 查询 Asset Bundle start, progress: 0%
2025-6-24 09:54:51-debug: // ---- build task 查询 Asset Bundle ----
2025-6-24 09:54:51-debug: Num of bundles: 2..., progress: 0%
2025-6-24 09:54:51-debug: Query preload assets/scripts from cc.config.json: 60f7195c-ec2a-45eb-ba94-8955f60e81d0,1c02ae6f-4492-4915-b8f8-7492a3b1e4cd,810e96e4-e456-4468-9b59-f4e8f39732c0,efe8e2a3-eace-427b-b4f1-cb8a937ec77d,e9aa9a3e-5b2b-4ac7-a2c7-073de2b2b24f,8bbdbcdd-5cd4-4100-b6d5-b7c9625b6107,50f4348b-c883-4e2f-8f11-ce233b859fa1,fda095cb-831d-4601-ad94-846013963de8,f92806d7-1768-443f-afe8-12bcde84d0f0,dd3a144d-ab7f-41f0-82b8-2e43a090d496,f0416e68-0200-4b77-a926-4f9d16e494da,970b0598-bcb0-4714-91fb-2e81440dccd8,bcd64cc6-2dd9-43f6-abbe-66318d332032,d930590d-bb92-4cc8-8bd1-23cd027f9edf,a3cd009f-0ab0-420d-9278-b9fdab939bbc,6a2d0734-bd9e-4ddf-946e-caa52498cb75,c27215d8-6835-4b68-bfbb-bdeac6100c04,b5d6115f-0370-4d7c-aad3-c194cc71cf98,871c3b6c-7379-419d-bda3-794b239ab90d,ff9b0199-ce04-4cfe-86cc-6c719f08d6e4,de1c2107-70c8-4021-8459-6399f24d01c6,cbf30902-517f-40dc-af90-a550bac27cf1
2025-6-24 09:54:51-debug: Init bundle root assets success..., progress: 0%
2025-6-24 09:54:51-debug:   Number of all scripts: 8
2025-6-24 09:54:51-debug:   Number of other assets: 312
2025-6-24 09:54:51-debug:   Number of all scenes: 1
2025-6-24 09:54:51-debug: // ---- build task 查询 Asset Bundle ---- (4ms)
2025-6-24 09:54:51-log: run build task 查询 Asset Bundle success in 4 ms√, progress: 5%
2025-6-24 09:54:51-debug: [Build Memory track]: 查询 Asset Bundle start:211.15MB, end 211.65MB, increase: 514.04KB
2025-6-24 09:54:51-debug: 查询 Asset Bundle start, progress: 5%
2025-6-24 09:54:51-debug: // ---- build task 查询 Asset Bundle ----
2025-6-24 09:54:51-debug: // ---- build task 查询 Asset Bundle ---- (2ms)
2025-6-24 09:54:51-debug: // ---- build task 整理部分构建选项内数据到 settings.json ----
2025-6-24 09:54:51-debug: [Build Memory track]: 查询 Asset Bundle start:211.68MB, end 211.75MB, increase: 77.57KB
2025-6-24 09:54:51-debug: 整理部分构建选项内数据到 settings.json start, progress: 10%
2025-6-24 09:54:51-log: run build task 查询 Asset Bundle success in 2 ms√, progress: 10%
2025-6-24 09:54:51-log: run build task 整理部分构建选项内数据到 settings.json success in √, progress: 12%
2025-6-24 09:54:51-debug: [Build Memory track]: 整理部分构建选项内数据到 settings.json start:211.78MB, end 211.09MB, increase: -710.73KB
2025-6-24 09:54:51-debug: // ---- build task 填充脚本数据到 settings.json ----
2025-6-24 09:54:51-debug: 填充脚本数据到 settings.json start, progress: 12%
2025-6-24 09:54:51-log: run build task 填充脚本数据到 settings.json success in √, progress: 13%
2025-6-24 09:54:51-debug: 整理部分构建选项内数据到 settings.json start, progress: 13%
2025-6-24 09:54:51-debug: [Build Memory track]: 填充脚本数据到 settings.json start:211.11MB, end 211.13MB, increase: 16.10KB
2025-6-24 09:54:51-debug: // ---- build task 整理部分构建选项内数据到 settings.json ----
2025-6-24 09:54:51-debug: // ---- build task 整理部分构建选项内数据到 settings.json ---- (2ms)
2025-6-24 09:54:51-log: run build task 整理部分构建选项内数据到 settings.json success in 2 ms√, progress: 15%
2025-6-24 09:54:51-debug: [Build Memory track]: 整理部分构建选项内数据到 settings.json start:211.15MB, end 211.27MB, increase: 122.64KB
2025-6-24 09:54:52-debug: Query all assets info in project
2025-6-24 09:54:52-debug: init custom config: keepNodeUuid: false, useCache: true
2025-6-24 09:54:52-debug: Skip compress image, progress: 0%
2025-6-24 09:54:52-debug: Init all bundles start..., progress: 0%
2025-6-24 09:54:52-debug: Init bundle root assets start..., progress: 0%
2025-6-24 09:54:52-debug: 查询 Asset Bundle start, progress: 0%
2025-6-24 09:54:52-debug: // ---- build task 查询 Asset Bundle ----
2025-6-24 09:54:52-debug: Num of bundles: 2..., progress: 0%
2025-6-24 09:54:52-debug: Query preload assets/scripts from cc.config.json: 60f7195c-ec2a-45eb-ba94-8955f60e81d0,1c02ae6f-4492-4915-b8f8-7492a3b1e4cd,810e96e4-e456-4468-9b59-f4e8f39732c0,efe8e2a3-eace-427b-b4f1-cb8a937ec77d,e9aa9a3e-5b2b-4ac7-a2c7-073de2b2b24f,8bbdbcdd-5cd4-4100-b6d5-b7c9625b6107,50f4348b-c883-4e2f-8f11-ce233b859fa1,fda095cb-831d-4601-ad94-846013963de8,f92806d7-1768-443f-afe8-12bcde84d0f0,dd3a144d-ab7f-41f0-82b8-2e43a090d496,f0416e68-0200-4b77-a926-4f9d16e494da,970b0598-bcb0-4714-91fb-2e81440dccd8,bcd64cc6-2dd9-43f6-abbe-66318d332032,d930590d-bb92-4cc8-8bd1-23cd027f9edf,a3cd009f-0ab0-420d-9278-b9fdab939bbc,6a2d0734-bd9e-4ddf-946e-caa52498cb75,c27215d8-6835-4b68-bfbb-bdeac6100c04,b5d6115f-0370-4d7c-aad3-c194cc71cf98,871c3b6c-7379-419d-bda3-794b239ab90d,ff9b0199-ce04-4cfe-86cc-6c719f08d6e4,de1c2107-70c8-4021-8459-6399f24d01c6,cbf30902-517f-40dc-af90-a550bac27cf1
2025-6-24 09:54:52-debug:   Number of all scenes: 1
2025-6-24 09:54:52-debug:   Number of all scripts: 8
2025-6-24 09:54:52-debug:   Number of other assets: 312
2025-6-24 09:54:52-debug: Init bundle root assets success..., progress: 0%
2025-6-24 09:54:52-debug: // ---- build task 查询 Asset Bundle ---- (3ms)
2025-6-24 09:54:52-debug: // ---- build task 查询 Asset Bundle ----
2025-6-24 09:54:52-debug: [Build Memory track]: 查询 Asset Bundle start:211.72MB, end 211.33MB, increase: -392.47KB
2025-6-24 09:54:52-debug: 查询 Asset Bundle start, progress: 5%
2025-6-24 09:54:52-log: run build task 查询 Asset Bundle success in 3 ms√, progress: 5%
2025-6-24 09:54:52-debug: // ---- build task 查询 Asset Bundle ---- (2ms)
2025-6-24 09:54:52-debug: // ---- build task 整理部分构建选项内数据到 settings.json ----
2025-6-24 09:54:52-log: run build task 查询 Asset Bundle success in 2 ms√, progress: 10%
2025-6-24 09:54:52-debug: 整理部分构建选项内数据到 settings.json start, progress: 10%
2025-6-24 09:54:52-debug: [Build Memory track]: 查询 Asset Bundle start:211.36MB, end 211.44MB, increase: 77.78KB
2025-6-24 09:54:52-debug: // ---- build task 整理部分构建选项内数据到 settings.json ---- (1ms)
2025-6-24 09:54:52-debug: // ---- build task 填充脚本数据到 settings.json ----
2025-6-24 09:54:52-debug: [Build Memory track]: 整理部分构建选项内数据到 settings.json start:211.46MB, end 211.48MB, increase: 24.50KB
2025-6-24 09:54:52-debug: 填充脚本数据到 settings.json start, progress: 12%
2025-6-24 09:54:52-log: run build task 整理部分构建选项内数据到 settings.json success in 1 ms√, progress: 12%
2025-6-24 09:54:52-debug: // ---- build task 填充脚本数据到 settings.json ---- (1ms)
2025-6-24 09:54:52-log: run build task 填充脚本数据到 settings.json success in 1 ms√, progress: 13%
2025-6-24 09:54:52-debug: [Build Memory track]: 填充脚本数据到 settings.json start:211.51MB, end 211.53MB, increase: 23.92KB
2025-6-24 09:54:52-debug: 整理部分构建选项内数据到 settings.json start, progress: 13%
2025-6-24 09:54:52-debug: // ---- build task 整理部分构建选项内数据到 settings.json ----
2025-6-24 09:54:52-debug: // ---- build task 整理部分构建选项内数据到 settings.json ---- (1ms)
2025-6-24 09:54:52-log: run build task 整理部分构建选项内数据到 settings.json success in 1 ms√, progress: 15%
2025-6-24 09:54:52-debug: [Build Memory track]: 整理部分构建选项内数据到 settings.json start:211.56MB, end 211.68MB, increase: 124.96KB
2025-6-24 09:54:56-debug: refresh db internal success
2025-6-24 09:54:56-debug: refresh db assets success
2025-6-24 09:54:56-debug: Run asset db hook engine-extends:afterRefresh ...
2025-6-24 09:54:56-debug: Run asset db hook engine-extends:afterRefresh success!
2025-6-24 09:54:56-debug: asset-db:refresh-all-database (12ms)
2025-6-24 09:55:29-debug: refresh db internal success
2025-6-24 09:55:29-debug: refresh db assets success
2025-6-24 09:55:29-debug: Run asset db hook engine-extends:afterRefresh ...
2025-6-24 09:55:29-debug: Run asset db hook engine-extends:afterRefresh success!
2025-6-24 09:55:29-debug: asset-db:refresh-all-database (21ms)
2025-6-24 09:55:33-debug: %cImport%c: /Users/zhao/Desktop/test/cocos-creator/JumpingBlock/assets/Scenes/main.scenebackground: #aaff85; color: #000;color: #000;
2025-6-24 09:55:33-debug: asset-db:reimport-asset20b35577-f54e-49ab-a58a-ce370c78bfaa (7ms)
2025-6-24 09:55:34-debug: %cImport%c: /Users/zhao/Desktop/test/cocos-creator/JumpingBlock/assets/Scenes/main.scenebackground: #aaff85; color: #000;color: #000;
2025-6-24 09:55:34-debug: asset-db:reimport-asset20b35577-f54e-49ab-a58a-ce370c78bfaa (3ms)
2025-6-24 09:55:34-debug: Query all assets info in project
2025-6-24 09:55:34-debug: init custom config: keepNodeUuid: false, useCache: true
2025-6-24 09:55:34-debug: Skip compress image, progress: 0%
2025-6-24 09:55:34-debug: Init all bundles start..., progress: 0%
2025-6-24 09:55:34-debug: // ---- build task 查询 Asset Bundle ----
2025-6-24 09:55:34-debug: Num of bundles: 2..., progress: 0%
2025-6-24 09:55:34-debug: Init bundle root assets start..., progress: 0%
2025-6-24 09:55:34-debug: 查询 Asset Bundle start, progress: 0%
2025-6-24 09:55:34-debug: Query preload assets/scripts from cc.config.json: 60f7195c-ec2a-45eb-ba94-8955f60e81d0,1c02ae6f-4492-4915-b8f8-7492a3b1e4cd,810e96e4-e456-4468-9b59-f4e8f39732c0,efe8e2a3-eace-427b-b4f1-cb8a937ec77d,e9aa9a3e-5b2b-4ac7-a2c7-073de2b2b24f,8bbdbcdd-5cd4-4100-b6d5-b7c9625b6107,50f4348b-c883-4e2f-8f11-ce233b859fa1,fda095cb-831d-4601-ad94-846013963de8,f92806d7-1768-443f-afe8-12bcde84d0f0,dd3a144d-ab7f-41f0-82b8-2e43a090d496,f0416e68-0200-4b77-a926-4f9d16e494da,970b0598-bcb0-4714-91fb-2e81440dccd8,bcd64cc6-2dd9-43f6-abbe-66318d332032,d930590d-bb92-4cc8-8bd1-23cd027f9edf,a3cd009f-0ab0-420d-9278-b9fdab939bbc,6a2d0734-bd9e-4ddf-946e-caa52498cb75,c27215d8-6835-4b68-bfbb-bdeac6100c04,b5d6115f-0370-4d7c-aad3-c194cc71cf98,871c3b6c-7379-419d-bda3-794b239ab90d,ff9b0199-ce04-4cfe-86cc-6c719f08d6e4,de1c2107-70c8-4021-8459-6399f24d01c6,cbf30902-517f-40dc-af90-a550bac27cf1
2025-6-24 09:55:34-debug:   Number of other assets: 312
2025-6-24 09:55:34-debug:   Number of all scripts: 8
2025-6-24 09:55:34-debug: Init bundle root assets success..., progress: 0%
2025-6-24 09:55:34-debug:   Number of all scenes: 1
2025-6-24 09:55:34-log: run build task 查询 Asset Bundle success in 2 ms√, progress: 5%
2025-6-24 09:55:34-debug: // ---- build task 查询 Asset Bundle ---- (2ms)
2025-6-24 09:55:34-debug: [Build Memory track]: 查询 Asset Bundle start:212.02MB, end 211.81MB, increase: -216.50KB
2025-6-24 09:55:34-debug: 查询 Asset Bundle start, progress: 5%
2025-6-24 09:55:34-debug: // ---- build task 查询 Asset Bundle ----
2025-6-24 09:55:34-debug: // ---- build task 查询 Asset Bundle ---- (1ms)
2025-6-24 09:55:34-log: run build task 查询 Asset Bundle success in 1 ms√, progress: 10%
2025-6-24 09:55:34-debug: [Build Memory track]: 查询 Asset Bundle start:211.83MB, end 211.91MB, increase: 78.14KB
2025-6-24 09:55:34-debug: 整理部分构建选项内数据到 settings.json start, progress: 10%
2025-6-24 09:55:34-debug: // ---- build task 整理部分构建选项内数据到 settings.json ----
2025-6-24 09:55:34-debug: // ---- build task 整理部分构建选项内数据到 settings.json ---- (1ms)
2025-6-24 09:55:34-debug: 填充脚本数据到 settings.json start, progress: 12%
2025-6-24 09:55:34-log: run build task 整理部分构建选项内数据到 settings.json success in 1 ms√, progress: 12%
2025-6-24 09:55:34-debug: [Build Memory track]: 整理部分构建选项内数据到 settings.json start:211.93MB, end 211.96MB, increase: 24.45KB
2025-6-24 09:55:34-debug: // ---- build task 填充脚本数据到 settings.json ----
2025-6-24 09:55:34-log: run build task 填充脚本数据到 settings.json success in 2 ms√, progress: 13%
2025-6-24 09:55:34-debug: // ---- build task 填充脚本数据到 settings.json ---- (2ms)
2025-6-24 09:55:34-debug: [Build Memory track]: 填充脚本数据到 settings.json start:211.98MB, end 212.00MB, increase: 23.88KB
2025-6-24 09:55:34-debug: // ---- build task 整理部分构建选项内数据到 settings.json ----
2025-6-24 09:55:34-debug: 整理部分构建选项内数据到 settings.json start, progress: 13%
2025-6-24 09:55:34-debug: // ---- build task 整理部分构建选项内数据到 settings.json ---- (3ms)
2025-6-24 09:55:34-log: run build task 整理部分构建选项内数据到 settings.json success in 3 ms√, progress: 15%
2025-6-24 09:55:34-debug: [Build Memory track]: 整理部分构建选项内数据到 settings.json start:212.03MB, end 212.15MB, increase: 123.16KB
2025-6-24 09:55:39-debug: refresh db internal success
2025-6-24 09:55:39-debug: refresh db assets success
2025-6-24 09:55:39-debug: Run asset db hook engine-extends:afterRefresh ...
2025-6-24 09:55:39-debug: Run asset db hook engine-extends:afterRefresh success!
2025-6-24 09:55:39-debug: asset-db:refresh-all-database (20ms)
2025-6-24 09:56:07-debug: %cImport%c: /Users/zhao/Desktop/test/cocos-creator/JumpingBlock/assets/Scenes/main.scenebackground: #aaff85; color: #000;color: #000;
2025-6-24 09:56:07-debug: asset-db:reimport-asset20b35577-f54e-49ab-a58a-ce370c78bfaa (6ms)
2025-6-24 09:56:08-debug: Query all assets info in project
2025-6-24 09:56:08-debug: init custom config: keepNodeUuid: false, useCache: true
2025-6-24 09:56:08-debug: Skip compress image, progress: 0%
2025-6-24 09:56:08-debug: Init all bundles start..., progress: 0%
2025-6-24 09:56:08-debug: 查询 Asset Bundle start, progress: 0%
2025-6-24 09:56:08-debug: // ---- build task 查询 Asset Bundle ----
2025-6-24 09:56:08-debug: Num of bundles: 2..., progress: 0%
2025-6-24 09:56:08-debug: Init bundle root assets start..., progress: 0%
2025-6-24 09:56:08-debug: Query preload assets/scripts from cc.config.json: 60f7195c-ec2a-45eb-ba94-8955f60e81d0,1c02ae6f-4492-4915-b8f8-7492a3b1e4cd,810e96e4-e456-4468-9b59-f4e8f39732c0,efe8e2a3-eace-427b-b4f1-cb8a937ec77d,e9aa9a3e-5b2b-4ac7-a2c7-073de2b2b24f,8bbdbcdd-5cd4-4100-b6d5-b7c9625b6107,50f4348b-c883-4e2f-8f11-ce233b859fa1,fda095cb-831d-4601-ad94-846013963de8,f92806d7-1768-443f-afe8-12bcde84d0f0,dd3a144d-ab7f-41f0-82b8-2e43a090d496,f0416e68-0200-4b77-a926-4f9d16e494da,970b0598-bcb0-4714-91fb-2e81440dccd8,bcd64cc6-2dd9-43f6-abbe-66318d332032,d930590d-bb92-4cc8-8bd1-23cd027f9edf,a3cd009f-0ab0-420d-9278-b9fdab939bbc,6a2d0734-bd9e-4ddf-946e-caa52498cb75,c27215d8-6835-4b68-bfbb-bdeac6100c04,b5d6115f-0370-4d7c-aad3-c194cc71cf98,871c3b6c-7379-419d-bda3-794b239ab90d,ff9b0199-ce04-4cfe-86cc-6c719f08d6e4,de1c2107-70c8-4021-8459-6399f24d01c6,cbf30902-517f-40dc-af90-a550bac27cf1
2025-6-24 09:56:08-debug: Init bundle root assets success..., progress: 0%
2025-6-24 09:56:08-log: run build task 查询 Asset Bundle success in 5 ms√, progress: 5%
2025-6-24 09:56:08-debug: [Build Memory track]: 查询 Asset Bundle start:212.18MB, end 212.68MB, increase: 515.94KB
2025-6-24 09:56:08-debug:   Number of other assets: 312
2025-6-24 09:56:08-debug:   Number of all scripts: 8
2025-6-24 09:56:08-debug: // ---- build task 查询 Asset Bundle ----
2025-6-24 09:56:08-debug:   Number of all scenes: 1
2025-6-24 09:56:08-debug: 查询 Asset Bundle start, progress: 5%
2025-6-24 09:56:08-debug: // ---- build task 查询 Asset Bundle ---- (5ms)
2025-6-24 09:56:08-log: run build task 查询 Asset Bundle success in 1 ms√, progress: 10%
2025-6-24 09:56:08-debug: [Build Memory track]: 查询 Asset Bundle start:212.71MB, end 212.79MB, increase: 80.48KB
2025-6-24 09:56:08-debug: // ---- build task 查询 Asset Bundle ---- (1ms)
2025-6-24 09:56:08-debug: 整理部分构建选项内数据到 settings.json start, progress: 10%
2025-6-24 09:56:08-debug: // ---- build task 整理部分构建选项内数据到 settings.json ----
2025-6-24 09:56:08-debug: [Build Memory track]: 整理部分构建选项内数据到 settings.json start:212.81MB, end 212.11MB, increase: -720.28KB
2025-6-24 09:56:08-log: run build task 整理部分构建选项内数据到 settings.json success in √, progress: 12%
2025-6-24 09:56:08-debug: // ---- build task 填充脚本数据到 settings.json ----
2025-6-24 09:56:08-debug: 填充脚本数据到 settings.json start, progress: 12%
2025-6-24 09:56:08-log: run build task 填充脚本数据到 settings.json success in √, progress: 13%
2025-6-24 09:56:08-debug: [Build Memory track]: 填充脚本数据到 settings.json start:212.13MB, end 212.15MB, increase: 16.22KB
2025-6-24 09:56:08-debug: 整理部分构建选项内数据到 settings.json start, progress: 13%
2025-6-24 09:56:08-debug: // ---- build task 整理部分构建选项内数据到 settings.json ----
2025-6-24 09:56:08-log: run build task 整理部分构建选项内数据到 settings.json success in 2 ms√, progress: 15%
2025-6-24 09:56:08-debug: [Build Memory track]: 整理部分构建选项内数据到 settings.json start:212.18MB, end 212.30MB, increase: 122.84KB
2025-6-24 09:56:08-debug: // ---- build task 整理部分构建选项内数据到 settings.json ---- (2ms)
2025-6-24 09:56:14-debug: refresh db internal success
2025-6-24 09:56:14-debug: refresh db assets success
2025-6-24 09:56:14-debug: Run asset db hook engine-extends:afterRefresh ...
2025-6-24 09:56:14-debug: Run asset db hook engine-extends:afterRefresh success!
2025-6-24 09:56:14-debug: asset-db:refresh-all-database (21ms)
2025-6-24 09:56:14-debug: asset-db:worker-effect-data-processing (1ms)
2025-6-24 09:56:14-debug: asset-db-hook-engine-extends-afterRefresh (1ms)
2025-6-24 09:57:11-debug: refresh db internal success
2025-6-24 09:57:11-debug: refresh db assets success
2025-6-24 09:57:11-debug: Run asset db hook engine-extends:afterRefresh ...
2025-6-24 09:57:11-debug: Run asset db hook engine-extends:afterRefresh success!
2025-6-24 09:57:11-debug: asset-db:refresh-all-database (28ms)
2025-6-24 09:57:11-debug: asset-db:worker-effect-data-processing (1ms)
2025-6-24 09:57:11-debug: asset-db-hook-engine-extends-afterRefresh (1ms)
2025-6-24 09:57:32-debug: refresh db internal success
2025-6-24 09:57:32-debug: Run asset db hook engine-extends:afterRefresh ...
2025-6-24 09:57:32-debug: refresh db assets success
2025-6-24 09:57:32-debug: Run asset db hook engine-extends:afterRefresh success!
2025-6-24 09:57:32-debug: asset-db:refresh-all-database (31ms)
2025-6-24 09:57:32-debug: asset-db:worker-effect-data-processing (1ms)
2025-6-24 09:57:32-debug: asset-db-hook-engine-extends-afterRefresh (1ms)
2025-6-24 09:57:53-debug: refresh db internal success
2025-6-24 09:57:53-debug: Run asset db hook engine-extends:afterRefresh ...
2025-6-24 09:57:53-debug: Run asset db hook engine-extends:afterRefresh success!
2025-6-24 09:57:53-debug: refresh db assets success
2025-6-24 09:57:53-debug: asset-db:refresh-all-database (28ms)
2025-6-24 09:57:53-debug: asset-db:worker-effect-data-processing (1ms)
2025-6-24 09:57:53-debug: asset-db-hook-engine-extends-afterRefresh (1ms)
2025-6-24 09:58:03-debug: refresh db internal success
2025-6-24 09:58:03-debug: refresh db assets success
2025-6-24 09:58:03-debug: Run asset db hook engine-extends:afterRefresh success!
2025-6-24 09:58:03-debug: Run asset db hook engine-extends:afterRefresh ...
2025-6-24 09:58:03-debug: asset-db:refresh-all-database (29ms)
2025-6-24 09:58:03-debug: asset-db:worker-effect-data-processing (1ms)
2025-6-24 09:58:03-debug: asset-db-hook-engine-extends-afterRefresh (1ms)
2025-6-24 09:58:09-debug: %cImport%c: /Users/zhao/Desktop/test/cocos-creator/JumpingBlock/assets/Animations/JumpOneStep.animbackground: #aaff85; color: #000;color: #000;
2025-6-24 09:58:09-debug: asset-db:reimport-asset3c2dc981-2049-4119-a09f-bd50c580edaf (7ms)
2025-6-24 09:58:15-debug: refresh db internal success
2025-6-24 09:58:15-debug: Run asset db hook engine-extends:afterRefresh ...
2025-6-24 09:58:15-debug: refresh db assets success
2025-6-24 09:58:15-debug: Run asset db hook engine-extends:afterRefresh success!
2025-6-24 09:58:15-debug: asset-db:refresh-all-database (27ms)
2025-6-24 09:58:15-debug: asset-db-hook-engine-extends-afterRefresh (1ms)
2025-6-24 09:58:15-debug: asset-db:worker-effect-data-processing (1ms)
2025-6-24 09:59:47-debug: refresh db internal success
2025-6-24 09:59:47-debug: %cImport%c: /Users/zhao/Desktop/test/cocos-creator/JumpingBlock/assets/Scripts/Player.tsbackground: #aaff85; color: #000;color: #000;
2025-6-24 09:59:47-debug: refresh db assets success
2025-6-24 09:59:47-debug: Run asset db hook engine-extends:afterRefresh ...
2025-6-24 09:59:47-debug: Run asset db hook engine-extends:afterRefresh success!
2025-6-24 09:59:47-debug: asset-db:refresh-all-database (20ms)
2025-6-24 09:59:47-debug: asset-db:worker-effect-data-processing (1ms)
2025-6-24 09:59:47-debug: asset-db-hook-engine-extends-afterRefresh (1ms)
2025-6-24 09:59:47-debug: %cImport%c: /Users/zhao/Desktop/test/cocos-creator/JumpingBlock/assets/Animations/JumpOneStep.animbackground: #aaff85; color: #000;color: #000;
2025-6-24 09:59:47-debug: asset-db:reimport-asset3c2dc981-2049-4119-a09f-bd50c580edaf (2ms)
2025-6-24 09:59:48-debug: %cImport%c: /Users/zhao/Desktop/test/cocos-creator/JumpingBlock/assets/Animations/JumpOneStep.animbackground: #aaff85; color: #000;color: #000;
2025-6-24 09:59:48-debug: asset-db:reimport-asset3c2dc981-2049-4119-a09f-bd50c580edaf (10ms)
2025-6-24 09:59:48-debug: Query all assets info in project
2025-6-24 09:59:48-debug: init custom config: keepNodeUuid: false, useCache: true
2025-6-24 09:59:48-debug: Skip compress image, progress: 0%
2025-6-24 09:59:48-debug: Init all bundles start..., progress: 0%
2025-6-24 09:59:48-debug: Num of bundles: 2..., progress: 0%
2025-6-24 09:59:48-debug: 查询 Asset Bundle start, progress: 0%
2025-6-24 09:59:48-debug: // ---- build task 查询 Asset Bundle ----
2025-6-24 09:59:48-debug: Init bundle root assets start..., progress: 0%
2025-6-24 09:59:48-debug: Query preload assets/scripts from cc.config.json: 60f7195c-ec2a-45eb-ba94-8955f60e81d0,1c02ae6f-4492-4915-b8f8-7492a3b1e4cd,810e96e4-e456-4468-9b59-f4e8f39732c0,efe8e2a3-eace-427b-b4f1-cb8a937ec77d,e9aa9a3e-5b2b-4ac7-a2c7-073de2b2b24f,8bbdbcdd-5cd4-4100-b6d5-b7c9625b6107,50f4348b-c883-4e2f-8f11-ce233b859fa1,fda095cb-831d-4601-ad94-846013963de8,f92806d7-1768-443f-afe8-12bcde84d0f0,dd3a144d-ab7f-41f0-82b8-2e43a090d496,f0416e68-0200-4b77-a926-4f9d16e494da,970b0598-bcb0-4714-91fb-2e81440dccd8,bcd64cc6-2dd9-43f6-abbe-66318d332032,d930590d-bb92-4cc8-8bd1-23cd027f9edf,a3cd009f-0ab0-420d-9278-b9fdab939bbc,6a2d0734-bd9e-4ddf-946e-caa52498cb75,c27215d8-6835-4b68-bfbb-bdeac6100c04,b5d6115f-0370-4d7c-aad3-c194cc71cf98,871c3b6c-7379-419d-bda3-794b239ab90d,ff9b0199-ce04-4cfe-86cc-6c719f08d6e4,de1c2107-70c8-4021-8459-6399f24d01c6,cbf30902-517f-40dc-af90-a550bac27cf1
2025-6-24 09:59:48-debug:   Number of all scripts: 8
2025-6-24 09:59:48-debug:   Number of other assets: 312
2025-6-24 09:59:48-log: run build task 查询 Asset Bundle success in 8 ms√, progress: 5%
2025-6-24 09:59:48-debug: [Build Memory track]: 查询 Asset Bundle start:214.58MB, end 215.09MB, increase: 524.25KB
2025-6-24 09:59:48-debug: 查询 Asset Bundle start, progress: 5%
2025-6-24 09:59:48-debug: // ---- build task 查询 Asset Bundle ----
2025-6-24 09:59:48-debug: Init bundle root assets success..., progress: 0%
2025-6-24 09:59:48-debug:   Number of all scenes: 1
2025-6-24 09:59:48-debug: // ---- build task 查询 Asset Bundle ---- (8ms)
2025-6-24 09:59:48-log: run build task 查询 Asset Bundle success in 2 ms√, progress: 10%
2025-6-24 09:59:48-debug: [Build Memory track]: 查询 Asset Bundle start:215.12MB, end 214.44MB, increase: -692.54KB
2025-6-24 09:59:48-debug: // ---- build task 整理部分构建选项内数据到 settings.json ----
2025-6-24 09:59:48-debug: // ---- build task 查询 Asset Bundle ---- (2ms)
2025-6-24 09:59:48-debug: 整理部分构建选项内数据到 settings.json start, progress: 10%
2025-6-24 09:59:48-debug: // ---- build task 整理部分构建选项内数据到 settings.json ---- (1ms)
2025-6-24 09:59:48-log: run build task 整理部分构建选项内数据到 settings.json success in 1 ms√, progress: 12%
2025-6-24 09:59:48-debug: [Build Memory track]: 整理部分构建选项内数据到 settings.json start:214.47MB, end 214.49MB, increase: 22.29KB
2025-6-24 09:59:48-debug: 填充脚本数据到 settings.json start, progress: 12%
2025-6-24 09:59:48-debug: // ---- build task 填充脚本数据到 settings.json ----
2025-6-24 09:59:48-debug: [Build Memory track]: 填充脚本数据到 settings.json start:214.51MB, end 214.53MB, increase: 19.69KB
2025-6-24 09:59:48-debug: 整理部分构建选项内数据到 settings.json start, progress: 13%
2025-6-24 09:59:48-debug: // ---- build task 整理部分构建选项内数据到 settings.json ----
2025-6-24 09:59:48-log: run build task 填充脚本数据到 settings.json success in √, progress: 13%
2025-6-24 09:59:48-debug: // ---- build task 整理部分构建选项内数据到 settings.json ---- (2ms)
2025-6-24 09:59:48-log: run build task 整理部分构建选项内数据到 settings.json success in 2 ms√, progress: 15%
2025-6-24 09:59:48-debug: [Build Memory track]: 整理部分构建选项内数据到 settings.json start:214.56MB, end 214.68MB, increase: 125.02KB
2025-6-24 09:59:59-debug: Query all assets info in project
2025-6-24 09:59:59-debug: init custom config: keepNodeUuid: false, useCache: true
2025-6-24 09:59:59-debug: Skip compress image, progress: 0%
2025-6-24 09:59:59-debug: Init all bundles start..., progress: 0%
2025-6-24 09:59:59-debug: Num of bundles: 2..., progress: 0%
2025-6-24 09:59:59-debug: 查询 Asset Bundle start, progress: 0%
2025-6-24 09:59:59-debug: // ---- build task 查询 Asset Bundle ----
2025-6-24 09:59:59-debug: Init bundle root assets start..., progress: 0%
2025-6-24 09:59:59-debug: Query preload assets/scripts from cc.config.json: 60f7195c-ec2a-45eb-ba94-8955f60e81d0,1c02ae6f-4492-4915-b8f8-7492a3b1e4cd,810e96e4-e456-4468-9b59-f4e8f39732c0,efe8e2a3-eace-427b-b4f1-cb8a937ec77d,e9aa9a3e-5b2b-4ac7-a2c7-073de2b2b24f,8bbdbcdd-5cd4-4100-b6d5-b7c9625b6107,50f4348b-c883-4e2f-8f11-ce233b859fa1,fda095cb-831d-4601-ad94-846013963de8,f92806d7-1768-443f-afe8-12bcde84d0f0,dd3a144d-ab7f-41f0-82b8-2e43a090d496,f0416e68-0200-4b77-a926-4f9d16e494da,970b0598-bcb0-4714-91fb-2e81440dccd8,bcd64cc6-2dd9-43f6-abbe-66318d332032,d930590d-bb92-4cc8-8bd1-23cd027f9edf,a3cd009f-0ab0-420d-9278-b9fdab939bbc,6a2d0734-bd9e-4ddf-946e-caa52498cb75,c27215d8-6835-4b68-bfbb-bdeac6100c04,b5d6115f-0370-4d7c-aad3-c194cc71cf98,871c3b6c-7379-419d-bda3-794b239ab90d,ff9b0199-ce04-4cfe-86cc-6c719f08d6e4,de1c2107-70c8-4021-8459-6399f24d01c6,cbf30902-517f-40dc-af90-a550bac27cf1
2025-6-24 09:59:59-debug: Init bundle root assets success..., progress: 0%
2025-6-24 09:59:59-debug:   Number of other assets: 312
2025-6-24 09:59:59-debug:   Number of all scripts: 8
2025-6-24 09:59:59-debug:   Number of all scenes: 1
2025-6-24 09:59:59-debug: // ---- build task 查询 Asset Bundle ---- (3ms)
2025-6-24 09:59:59-debug: // ---- build task 查询 Asset Bundle ----
2025-6-24 09:59:59-debug: [Build Memory track]: 查询 Asset Bundle start:215.14MB, end 214.88MB, increase: -269.29KB
2025-6-24 09:59:59-debug: 查询 Asset Bundle start, progress: 5%
2025-6-24 09:59:59-log: run build task 查询 Asset Bundle success in 3 ms√, progress: 5%
2025-6-24 09:59:59-debug: // ---- build task 查询 Asset Bundle ---- (1ms)
2025-6-24 09:59:59-debug: // ---- build task 整理部分构建选项内数据到 settings.json ----
2025-6-24 09:59:59-debug: [Build Memory track]: 查询 Asset Bundle start:214.90MB, end 214.98MB, increase: 76.73KB
2025-6-24 09:59:59-debug: 整理部分构建选项内数据到 settings.json start, progress: 10%
2025-6-24 09:59:59-log: run build task 查询 Asset Bundle success in 1 ms√, progress: 10%
2025-6-24 09:59:59-debug: // ---- build task 整理部分构建选项内数据到 settings.json ---- (1ms)
2025-6-24 09:59:59-log: run build task 整理部分构建选项内数据到 settings.json success in 1 ms√, progress: 12%
2025-6-24 09:59:59-debug: [Build Memory track]: 整理部分构建选项内数据到 settings.json start:215.00MB, end 215.03MB, increase: 24.20KB
2025-6-24 09:59:59-debug: // ---- build task 填充脚本数据到 settings.json ----
2025-6-24 09:59:59-debug: 填充脚本数据到 settings.json start, progress: 12%
2025-6-24 09:59:59-debug: // ---- build task 填充脚本数据到 settings.json ---- (1ms)
2025-6-24 09:59:59-debug: 整理部分构建选项内数据到 settings.json start, progress: 13%
2025-6-24 09:59:59-debug: // ---- build task 整理部分构建选项内数据到 settings.json ----
2025-6-24 09:59:59-log: run build task 填充脚本数据到 settings.json success in 1 ms√, progress: 13%
2025-6-24 09:59:59-debug: [Build Memory track]: 填充脚本数据到 settings.json start:215.05MB, end 215.07MB, increase: 23.92KB
2025-6-24 09:59:59-log: run build task 整理部分构建选项内数据到 settings.json success in 4 ms√, progress: 15%
2025-6-24 09:59:59-debug: [Build Memory track]: 整理部分构建选项内数据到 settings.json start:215.10MB, end 214.45MB, increase: -659.50KB
2025-6-24 09:59:59-debug: // ---- build task 整理部分构建选项内数据到 settings.json ---- (4ms)
2025-6-24 10:00:03-debug: refresh db internal success
2025-6-24 10:00:03-debug: refresh db assets success
2025-6-24 10:00:03-debug: Run asset db hook engine-extends:afterRefresh success!
2025-6-24 10:00:03-debug: Run asset db hook engine-extends:afterRefresh ...
2025-6-24 10:00:03-debug: asset-db:refresh-all-database (44ms)
2025-6-24 10:00:03-debug: asset-db:worker-effect-data-processing (1ms)
2025-6-24 10:00:03-debug: asset-db-hook-engine-extends-afterRefresh (1ms)
2025-6-24 10:00:59-debug: refresh db internal success
2025-6-24 10:00:59-debug: refresh db assets success
2025-6-24 10:00:59-debug: Run asset db hook engine-extends:afterRefresh success!
2025-6-24 10:00:59-debug: Run asset db hook engine-extends:afterRefresh ...
2025-6-24 10:00:59-debug: asset-db:refresh-all-database (30ms)
2025-6-24 10:00:59-debug: asset-db:worker-effect-data-processing (1ms)
2025-6-24 10:00:59-debug: asset-db-hook-engine-extends-afterRefresh (1ms)
2025-6-24 10:01:02-debug: Cannot find the asset handler of operate open for importer animation-clip
2025-6-24 10:01:20-debug: Cannot find the asset handler of operate open for importer animation-clip
2025-6-24 10:01:23-debug: %cImport%c: /Users/zhao/Desktop/test/cocos-creator/JumpingBlock/assets/Animations/JumpOneStep.animbackground: #aaff85; color: #000;color: #000;
2025-6-24 10:01:23-debug: asset-db:reimport-asset3c2dc981-2049-4119-a09f-bd50c580edaf (3ms)
2025-6-24 10:01:25-debug: Cannot find the asset handler of operate open for importer animation-clip
2025-6-24 10:01:57-debug: %cImport%c: /Users/zhao/Desktop/test/cocos-creator/JumpingBlock/assets/Animations/JumpTwoStep.animbackground: #aaff85; color: #000;color: #000;
2025-6-24 10:01:57-debug: asset-db:reimport-asset0a6de763-3474-4b51-a70e-20f6c1d1af7b (5ms)
2025-6-24 10:01:58-debug: %cImport%c: /Users/zhao/Desktop/test/cocos-creator/JumpingBlock/assets/Animations/JumpTwoStep.animbackground: #aaff85; color: #000;color: #000;
2025-6-24 10:01:58-debug: asset-db:reimport-asset0a6de763-3474-4b51-a70e-20f6c1d1af7b (3ms)
2025-6-24 10:02:04-debug: Query all assets info in project
2025-6-24 10:02:04-debug: init custom config: keepNodeUuid: false, useCache: true
2025-6-24 10:02:04-debug: Skip compress image, progress: 0%
2025-6-24 10:02:04-debug: Init all bundles start..., progress: 0%
2025-6-24 10:02:04-debug: Num of bundles: 2..., progress: 0%
2025-6-24 10:02:04-debug: 查询 Asset Bundle start, progress: 0%
2025-6-24 10:02:04-debug: // ---- build task 查询 Asset Bundle ----
2025-6-24 10:02:04-debug: Init bundle root assets start..., progress: 0%
2025-6-24 10:02:04-debug: Query preload assets/scripts from cc.config.json: 60f7195c-ec2a-45eb-ba94-8955f60e81d0,1c02ae6f-4492-4915-b8f8-7492a3b1e4cd,810e96e4-e456-4468-9b59-f4e8f39732c0,efe8e2a3-eace-427b-b4f1-cb8a937ec77d,e9aa9a3e-5b2b-4ac7-a2c7-073de2b2b24f,8bbdbcdd-5cd4-4100-b6d5-b7c9625b6107,50f4348b-c883-4e2f-8f11-ce233b859fa1,fda095cb-831d-4601-ad94-846013963de8,f92806d7-1768-443f-afe8-12bcde84d0f0,dd3a144d-ab7f-41f0-82b8-2e43a090d496,f0416e68-0200-4b77-a926-4f9d16e494da,970b0598-bcb0-4714-91fb-2e81440dccd8,bcd64cc6-2dd9-43f6-abbe-66318d332032,d930590d-bb92-4cc8-8bd1-23cd027f9edf,a3cd009f-0ab0-420d-9278-b9fdab939bbc,6a2d0734-bd9e-4ddf-946e-caa52498cb75,c27215d8-6835-4b68-bfbb-bdeac6100c04,b5d6115f-0370-4d7c-aad3-c194cc71cf98,871c3b6c-7379-419d-bda3-794b239ab90d,ff9b0199-ce04-4cfe-86cc-6c719f08d6e4,de1c2107-70c8-4021-8459-6399f24d01c6,cbf30902-517f-40dc-af90-a550bac27cf1
2025-6-24 10:02:04-debug: Init bundle root assets success..., progress: 0%
2025-6-24 10:02:04-debug:   Number of all scripts: 8
2025-6-24 10:02:04-debug:   Number of other assets: 312
2025-6-24 10:02:04-debug:   Number of all scenes: 1
2025-6-24 10:02:04-debug: // ---- build task 查询 Asset Bundle ---- (3ms)
2025-6-24 10:02:04-debug: // ---- build task 查询 Asset Bundle ----
2025-6-24 10:02:04-debug: [Build Memory track]: 查询 Asset Bundle start:198.28MB, end 198.12MB, increase: -164.96KB
2025-6-24 10:02:04-debug: 查询 Asset Bundle start, progress: 5%
2025-6-24 10:02:04-log: run build task 查询 Asset Bundle success in 3 ms√, progress: 5%
2025-6-24 10:02:04-debug: // ---- build task 查询 Asset Bundle ---- (2ms)
2025-6-24 10:02:04-debug: // ---- build task 整理部分构建选项内数据到 settings.json ----
2025-6-24 10:02:04-debug: [Build Memory track]: 查询 Asset Bundle start:198.15MB, end 198.23MB, increase: 84.61KB
2025-6-24 10:02:04-debug: 整理部分构建选项内数据到 settings.json start, progress: 10%
2025-6-24 10:02:04-log: run build task 查询 Asset Bundle success in 2 ms√, progress: 10%
2025-6-24 10:02:04-debug: // ---- build task 整理部分构建选项内数据到 settings.json ---- (1ms)
2025-6-24 10:02:04-log: run build task 整理部分构建选项内数据到 settings.json success in 1 ms√, progress: 12%
2025-6-24 10:02:04-debug: [Build Memory track]: 整理部分构建选项内数据到 settings.json start:198.26MB, end 198.28MB, increase: 25.10KB
2025-6-24 10:02:04-debug: // ---- build task 填充脚本数据到 settings.json ----
2025-6-24 10:02:04-debug: 填充脚本数据到 settings.json start, progress: 12%
2025-6-24 10:02:04-debug: // ---- build task 填充脚本数据到 settings.json ---- (1ms)
2025-6-24 10:02:04-debug: // ---- build task 整理部分构建选项内数据到 settings.json ----
2025-6-24 10:02:04-debug: [Build Memory track]: 填充脚本数据到 settings.json start:198.30MB, end 198.33MB, increase: 24.56KB
2025-6-24 10:02:04-debug: 整理部分构建选项内数据到 settings.json start, progress: 13%
2025-6-24 10:02:04-log: run build task 填充脚本数据到 settings.json success in 1 ms√, progress: 13%
2025-6-24 10:02:04-debug: // ---- build task 整理部分构建选项内数据到 settings.json ---- (2ms)
2025-6-24 10:02:04-log: run build task 整理部分构建选项内数据到 settings.json success in 2 ms√, progress: 15%
2025-6-24 10:02:04-debug: [Build Memory track]: 整理部分构建选项内数据到 settings.json start:198.35MB, end 198.48MB, increase: 127.72KB
2025-6-24 10:02:16-debug: Query all assets info in project
2025-6-24 10:02:16-debug: init custom config: keepNodeUuid: false, useCache: true
2025-6-24 10:02:16-debug: Skip compress image, progress: 0%
2025-6-24 10:02:16-debug: Num of bundles: 2..., progress: 0%
2025-6-24 10:02:16-debug: Init bundle root assets start..., progress: 0%
2025-6-24 10:02:16-debug: 查询 Asset Bundle start, progress: 0%
2025-6-24 10:02:16-debug: // ---- build task 查询 Asset Bundle ----
2025-6-24 10:02:16-debug: Init all bundles start..., progress: 0%
2025-6-24 10:02:16-debug: Query preload assets/scripts from cc.config.json: 60f7195c-ec2a-45eb-ba94-8955f60e81d0,1c02ae6f-4492-4915-b8f8-7492a3b1e4cd,810e96e4-e456-4468-9b59-f4e8f39732c0,efe8e2a3-eace-427b-b4f1-cb8a937ec77d,e9aa9a3e-5b2b-4ac7-a2c7-073de2b2b24f,8bbdbcdd-5cd4-4100-b6d5-b7c9625b6107,50f4348b-c883-4e2f-8f11-ce233b859fa1,fda095cb-831d-4601-ad94-846013963de8,f92806d7-1768-443f-afe8-12bcde84d0f0,dd3a144d-ab7f-41f0-82b8-2e43a090d496,f0416e68-0200-4b77-a926-4f9d16e494da,970b0598-bcb0-4714-91fb-2e81440dccd8,bcd64cc6-2dd9-43f6-abbe-66318d332032,d930590d-bb92-4cc8-8bd1-23cd027f9edf,a3cd009f-0ab0-420d-9278-b9fdab939bbc,6a2d0734-bd9e-4ddf-946e-caa52498cb75,c27215d8-6835-4b68-bfbb-bdeac6100c04,b5d6115f-0370-4d7c-aad3-c194cc71cf98,871c3b6c-7379-419d-bda3-794b239ab90d,ff9b0199-ce04-4cfe-86cc-6c719f08d6e4,de1c2107-70c8-4021-8459-6399f24d01c6,cbf30902-517f-40dc-af90-a550bac27cf1
2025-6-24 10:02:16-debug: Init bundle root assets success..., progress: 0%
2025-6-24 10:02:16-debug:   Number of all scripts: 8
2025-6-24 10:02:16-debug:   Number of other assets: 312
2025-6-24 10:02:16-debug:   Number of all scenes: 1
2025-6-24 10:02:16-debug: // ---- build task 查询 Asset Bundle ---- (3ms)
2025-6-24 10:02:16-debug: 查询 Asset Bundle start, progress: 5%
2025-6-24 10:02:16-log: run build task 查询 Asset Bundle success in 3 ms√, progress: 5%
2025-6-24 10:02:16-debug: [Build Memory track]: 查询 Asset Bundle start:198.92MB, end 198.71MB, increase: -214.03KB
2025-6-24 10:02:16-debug: // ---- build task 查询 Asset Bundle ----
2025-6-24 10:02:16-debug: // ---- build task 查询 Asset Bundle ---- (1ms)
2025-6-24 10:02:16-log: run build task 查询 Asset Bundle success in 1 ms√, progress: 10%
2025-6-24 10:02:16-debug: [Build Memory track]: 查询 Asset Bundle start:198.74MB, end 198.82MB, increase: 86.30KB
2025-6-24 10:02:16-debug: 整理部分构建选项内数据到 settings.json start, progress: 10%
2025-6-24 10:02:16-debug: // ---- build task 整理部分构建选项内数据到 settings.json ----
2025-6-24 10:02:16-log: run build task 整理部分构建选项内数据到 settings.json success in √, progress: 12%
2025-6-24 10:02:16-debug: [Build Memory track]: 整理部分构建选项内数据到 settings.json start:198.85MB, end 198.87MB, increase: 17.00KB
2025-6-24 10:02:16-debug: 填充脚本数据到 settings.json start, progress: 12%
2025-6-24 10:02:16-debug: // ---- build task 填充脚本数据到 settings.json ----
2025-6-24 10:02:16-debug: [Build Memory track]: 填充脚本数据到 settings.json start:198.89MB, end 198.91MB, increase: 15.87KB
2025-6-24 10:02:16-debug: // ---- build task 整理部分构建选项内数据到 settings.json ----
2025-6-24 10:02:16-log: run build task 填充脚本数据到 settings.json success in √, progress: 13%
2025-6-24 10:02:16-debug: 整理部分构建选项内数据到 settings.json start, progress: 13%
2025-6-24 10:02:16-debug: // ---- build task 整理部分构建选项内数据到 settings.json ---- (2ms)
2025-6-24 10:02:16-log: run build task 整理部分构建选项内数据到 settings.json success in 2 ms√, progress: 15%
2025-6-24 10:02:16-debug: [Build Memory track]: 整理部分构建选项内数据到 settings.json start:198.93MB, end 198.35MB, increase: -592.76KB
2025-6-24 10:02:21-debug: Query all assets info in project
2025-6-24 10:02:21-debug: init custom config: keepNodeUuid: false, useCache: true
2025-6-24 10:02:21-debug: Skip compress image, progress: 0%
2025-6-24 10:02:21-debug: Init all bundles start..., progress: 0%
2025-6-24 10:02:21-debug: // ---- build task 查询 Asset Bundle ----
2025-6-24 10:02:21-debug: 查询 Asset Bundle start, progress: 0%
2025-6-24 10:02:21-debug: Init bundle root assets start..., progress: 0%
2025-6-24 10:02:21-debug: Num of bundles: 2..., progress: 0%
2025-6-24 10:02:21-debug: Query preload assets/scripts from cc.config.json: 60f7195c-ec2a-45eb-ba94-8955f60e81d0,1c02ae6f-4492-4915-b8f8-7492a3b1e4cd,810e96e4-e456-4468-9b59-f4e8f39732c0,efe8e2a3-eace-427b-b4f1-cb8a937ec77d,e9aa9a3e-5b2b-4ac7-a2c7-073de2b2b24f,8bbdbcdd-5cd4-4100-b6d5-b7c9625b6107,50f4348b-c883-4e2f-8f11-ce233b859fa1,fda095cb-831d-4601-ad94-846013963de8,f92806d7-1768-443f-afe8-12bcde84d0f0,dd3a144d-ab7f-41f0-82b8-2e43a090d496,f0416e68-0200-4b77-a926-4f9d16e494da,970b0598-bcb0-4714-91fb-2e81440dccd8,bcd64cc6-2dd9-43f6-abbe-66318d332032,d930590d-bb92-4cc8-8bd1-23cd027f9edf,a3cd009f-0ab0-420d-9278-b9fdab939bbc,6a2d0734-bd9e-4ddf-946e-caa52498cb75,c27215d8-6835-4b68-bfbb-bdeac6100c04,b5d6115f-0370-4d7c-aad3-c194cc71cf98,871c3b6c-7379-419d-bda3-794b239ab90d,ff9b0199-ce04-4cfe-86cc-6c719f08d6e4,de1c2107-70c8-4021-8459-6399f24d01c6,cbf30902-517f-40dc-af90-a550bac27cf1
2025-6-24 10:02:21-debug:   Number of all scenes: 1
2025-6-24 10:02:21-debug:   Number of all scripts: 8
2025-6-24 10:02:21-debug:   Number of other assets: 312
2025-6-24 10:02:21-debug: Init bundle root assets success..., progress: 0%
2025-6-24 10:02:21-debug: // ---- build task 查询 Asset Bundle ---- (2ms)
2025-6-24 10:02:21-debug: [Build Memory track]: 查询 Asset Bundle start:198.79MB, end 198.40MB, increase: -399.10KB
2025-6-24 10:02:21-debug: 查询 Asset Bundle start, progress: 5%
2025-6-24 10:02:21-log: run build task 查询 Asset Bundle success in 2 ms√, progress: 5%
2025-6-24 10:02:21-debug: // ---- build task 查询 Asset Bundle ----
2025-6-24 10:02:21-debug: // ---- build task 查询 Asset Bundle ---- (1ms)
2025-6-24 10:02:21-debug: // ---- build task 整理部分构建选项内数据到 settings.json ----
2025-6-24 10:02:21-log: run build task 查询 Asset Bundle success in 1 ms√, progress: 10%
2025-6-24 10:02:21-debug: 整理部分构建选项内数据到 settings.json start, progress: 10%
2025-6-24 10:02:21-debug: [Build Memory track]: 查询 Asset Bundle start:198.43MB, end 198.51MB, increase: 77.76KB
2025-6-24 10:02:21-log: run build task 整理部分构建选项内数据到 settings.json success in √, progress: 12%
2025-6-24 10:02:21-debug: 填充脚本数据到 settings.json start, progress: 12%
2025-6-24 10:02:21-debug: [Build Memory track]: 整理部分构建选项内数据到 settings.json start:198.53MB, end 198.55MB, increase: 17.04KB
2025-6-24 10:02:21-debug: // ---- build task 填充脚本数据到 settings.json ----
2025-6-24 10:02:21-log: run build task 填充脚本数据到 settings.json success in √, progress: 13%
2025-6-24 10:02:21-debug: 整理部分构建选项内数据到 settings.json start, progress: 13%
2025-6-24 10:02:21-debug: [Build Memory track]: 填充脚本数据到 settings.json start:198.57MB, end 198.59MB, increase: 15.73KB
2025-6-24 10:02:21-debug: // ---- build task 整理部分构建选项内数据到 settings.json ----
2025-6-24 10:02:21-debug: // ---- build task 整理部分构建选项内数据到 settings.json ---- (1ms)
2025-6-24 10:02:21-debug: [Build Memory track]: 整理部分构建选项内数据到 settings.json start:198.61MB, end 198.73MB, increase: 123.06KB
2025-6-24 10:02:21-log: run build task 整理部分构建选项内数据到 settings.json success in 1 ms√, progress: 15%
2025-6-24 10:02:24-debug: refresh db internal success
2025-6-24 10:02:24-debug: refresh db assets success
2025-6-24 10:02:24-debug: Run asset db hook engine-extends:afterRefresh success!
2025-6-24 10:02:24-debug: Run asset db hook engine-extends:afterRefresh ...
2025-6-24 10:02:24-debug: asset-db:refresh-all-database (27ms)
2025-6-24 10:02:24-debug: asset-db:worker-effect-data-processing (1ms)
2025-6-24 10:02:24-debug: asset-db-hook-engine-extends-afterRefresh (1ms)
2025-6-24 10:02:37-debug: %cImport%c: /Users/zhao/Desktop/test/cocos-creator/JumpingBlock/assets/Animations/JumpTwoStep.animbackground: #aaff85; color: #000;color: #000;
2025-6-24 10:02:37-debug: asset-db:reimport-asset0a6de763-3474-4b51-a70e-20f6c1d1af7b (4ms)
2025-6-24 10:02:38-debug: %cImport%c: /Users/zhao/Desktop/test/cocos-creator/JumpingBlock/assets/Animations/JumpTwoStep.animbackground: #aaff85; color: #000;color: #000;
2025-6-24 10:02:38-debug: asset-db:reimport-asset0a6de763-3474-4b51-a70e-20f6c1d1af7b (3ms)
2025-6-24 10:04:10-debug: refresh db internal success
2025-6-24 10:04:10-debug: refresh db assets success
2025-6-24 10:04:10-debug: Run asset db hook engine-extends:afterRefresh ...
2025-6-24 10:04:10-debug: Run asset db hook engine-extends:afterRefresh success!
2025-6-24 10:04:10-debug: asset-db:refresh-all-database (24ms)
2025-6-24 10:04:10-debug: asset-db:worker-effect-data-processing (1ms)
2025-6-24 10:04:10-debug: asset-db-hook-engine-extends-afterRefresh (1ms)
2025-6-24 10:04:41-debug: start refresh asset from /Users/zhao/Desktop/test/cocos-creator/JumpingBlock/assets/Animations/test.anim...
2025-6-24 10:04:41-debug: %cImport%c: /Users/zhao/Desktop/test/cocos-creator/JumpingBlock/assets/Animations/test.animbackground: #aaff85; color: #000;color: #000;
2025-6-24 10:04:41-debug: refresh asset /Users/zhao/Desktop/test/cocos-creator/JumpingBlock/assets/Animations success
2025-6-24 10:04:42-debug: %cImport%c: /Users/zhao/Desktop/test/cocos-creator/JumpingBlock/assets/Animationsbackground: #aaff85; color: #000;color: #000;
2025-6-24 10:04:42-debug: refresh db internal success
2025-6-24 10:04:42-debug: refresh db assets success
2025-6-24 10:04:42-debug: Run asset db hook engine-extends:afterRefresh ...
2025-6-24 10:04:42-debug: Run asset db hook engine-extends:afterRefresh success!
2025-6-24 10:04:42-debug: asset-db:refresh-all-database (28ms)
2025-6-24 10:04:42-debug: asset-db:worker-effect-data-processing (1ms)
2025-6-24 10:04:42-debug: asset-db-hook-engine-extends-afterRefresh (1ms)
2025-6-24 10:05:17-debug: start remove asset /Users/zhao/Desktop/test/cocos-creator/JumpingBlock/assets/Animations/test.anim...
2025-6-24 10:05:17-debug: start refresh asset from /Users/zhao/Desktop/test/cocos-creator/JumpingBlock/assets/Animations/test.anim...
2025-6-24 10:05:17-debug: %cDestroy%c: /Users/zhao/Desktop/test/cocos-creator/JumpingBlock/assets/Animations/test.animbackground: #ffb8b8; color: #000;color: #000;
2025-6-24 10:05:17-debug: refresh asset /Users/zhao/Desktop/test/cocos-creator/JumpingBlock/assets/Animations success
2025-6-24 10:05:17-debug: remove asset /Users/zhao/Desktop/test/cocos-creator/JumpingBlock/assets/Animations/test.anim success
2025-6-24 10:05:17-debug: %cImport%c: /Users/zhao/Desktop/test/cocos-creator/JumpingBlock/assets/Animationsbackground: #aaff85; color: #000;color: #000;
2025-6-24 10:05:18-debug: Cannot find the asset handler of operate open for importer animation-clip
2025-6-24 10:06:59-debug: refresh db internal success
2025-6-24 10:06:59-debug: %cImport%c: /Users/zhao/Desktop/test/cocos-creator/JumpingBlock/assets/Scripts/Player.tsbackground: #aaff85; color: #000;color: #000;
2025-6-24 10:06:59-debug: refresh db assets success
2025-6-24 10:06:59-debug: Run asset db hook engine-extends:afterRefresh ...
2025-6-24 10:06:59-debug: Run asset db hook engine-extends:afterRefresh success!
2025-6-24 10:06:59-debug: asset-db:refresh-all-database (37ms)
2025-6-24 10:06:59-debug: asset-db:worker-effect-data-processing (1ms)
2025-6-24 10:06:59-debug: asset-db-hook-engine-extends-afterRefresh (1ms)
2025-6-24 10:06:59-debug: %cImport%c: /Users/zhao/Desktop/test/cocos-creator/JumpingBlock/assets/Animations/JumpOneStep.animbackground: #aaff85; color: #000;color: #000;
2025-6-24 10:06:59-debug: asset-db:reimport-asset3c2dc981-2049-4119-a09f-bd50c580edaf (3ms)
2025-6-24 10:07:00-debug: Query all assets info in project
2025-6-24 10:07:00-debug: init custom config: keepNodeUuid: false, useCache: true
2025-6-24 10:07:00-debug: Skip compress image, progress: 0%
2025-6-24 10:07:00-debug: Num of bundles: 2..., progress: 0%
2025-6-24 10:07:00-debug: Init all bundles start..., progress: 0%
2025-6-24 10:07:00-debug: 查询 Asset Bundle start, progress: 0%
2025-6-24 10:07:00-debug: Init bundle root assets start..., progress: 0%
2025-6-24 10:07:00-debug: // ---- build task 查询 Asset Bundle ----
2025-6-24 10:07:00-debug: Query preload assets/scripts from cc.config.json: 60f7195c-ec2a-45eb-ba94-8955f60e81d0,1c02ae6f-4492-4915-b8f8-7492a3b1e4cd,810e96e4-e456-4468-9b59-f4e8f39732c0,efe8e2a3-eace-427b-b4f1-cb8a937ec77d,e9aa9a3e-5b2b-4ac7-a2c7-073de2b2b24f,8bbdbcdd-5cd4-4100-b6d5-b7c9625b6107,50f4348b-c883-4e2f-8f11-ce233b859fa1,fda095cb-831d-4601-ad94-846013963de8,f92806d7-1768-443f-afe8-12bcde84d0f0,dd3a144d-ab7f-41f0-82b8-2e43a090d496,f0416e68-0200-4b77-a926-4f9d16e494da,970b0598-bcb0-4714-91fb-2e81440dccd8,bcd64cc6-2dd9-43f6-abbe-66318d332032,d930590d-bb92-4cc8-8bd1-23cd027f9edf,a3cd009f-0ab0-420d-9278-b9fdab939bbc,6a2d0734-bd9e-4ddf-946e-caa52498cb75,c27215d8-6835-4b68-bfbb-bdeac6100c04,b5d6115f-0370-4d7c-aad3-c194cc71cf98,871c3b6c-7379-419d-bda3-794b239ab90d,ff9b0199-ce04-4cfe-86cc-6c719f08d6e4,de1c2107-70c8-4021-8459-6399f24d01c6,cbf30902-517f-40dc-af90-a550bac27cf1
2025-6-24 10:07:00-debug:   Number of all scenes: 1
2025-6-24 10:07:00-log: run build task 查询 Asset Bundle success in 10 ms√, progress: 5%
2025-6-24 10:07:00-debug: // ---- build task 查询 Asset Bundle ---- (10ms)
2025-6-24 10:07:00-debug: // ---- build task 查询 Asset Bundle ----
2025-6-24 10:07:00-debug: Init bundle root assets success..., progress: 0%
2025-6-24 10:07:00-debug: [Build Memory track]: 查询 Asset Bundle start:200.07MB, end 199.74MB, increase: -329.34KB
2025-6-24 10:07:00-debug: 查询 Asset Bundle start, progress: 5%
2025-6-24 10:07:00-debug:   Number of other assets: 312
2025-6-24 10:07:00-debug:   Number of all scripts: 8
2025-6-24 10:07:00-log: run build task 查询 Asset Bundle success in 23 ms√, progress: 10%
2025-6-24 10:07:00-debug: // ---- build task 查询 Asset Bundle ---- (23ms)
2025-6-24 10:07:00-debug: [Build Memory track]: 查询 Asset Bundle start:199.77MB, end 199.85MB, increase: 80.53KB
2025-6-24 10:07:00-debug: 整理部分构建选项内数据到 settings.json start, progress: 10%
2025-6-24 10:07:00-debug: // ---- build task 整理部分构建选项内数据到 settings.json ----
2025-6-24 10:07:00-log: run build task 整理部分构建选项内数据到 settings.json success in 1 ms√, progress: 12%
2025-6-24 10:07:00-debug: // ---- build task 整理部分构建选项内数据到 settings.json ---- (1ms)
2025-6-24 10:07:00-debug: 填充脚本数据到 settings.json start, progress: 12%
2025-6-24 10:07:00-debug: [Build Memory track]: 整理部分构建选项内数据到 settings.json start:199.87MB, end 199.90MB, increase: 24.80KB
2025-6-24 10:07:00-debug: // ---- build task 填充脚本数据到 settings.json ----
2025-6-24 10:07:00-debug: // ---- build task 填充脚本数据到 settings.json ---- (1ms)
2025-6-24 10:07:00-log: run build task 填充脚本数据到 settings.json success in 1 ms√, progress: 13%
2025-6-24 10:07:00-debug: // ---- build task 整理部分构建选项内数据到 settings.json ----
2025-6-24 10:07:00-debug: [Build Memory track]: 填充脚本数据到 settings.json start:199.92MB, end 199.97MB, increase: 45.55KB
2025-6-24 10:07:00-debug: 整理部分构建选项内数据到 settings.json start, progress: 13%
2025-6-24 10:07:00-log: run build task 整理部分构建选项内数据到 settings.json success in 7 ms√, progress: 15%
2025-6-24 10:07:00-debug: // ---- build task 整理部分构建选项内数据到 settings.json ---- (7ms)
2025-6-24 10:07:00-debug: [Build Memory track]: 整理部分构建选项内数据到 settings.json start:199.99MB, end 200.12MB, increase: 126.79KB
2025-6-24 10:07:07-debug: refresh db internal success
2025-6-24 10:07:07-debug: refresh db assets success
2025-6-24 10:07:07-debug: Run asset db hook engine-extends:afterRefresh ...
2025-6-24 10:07:07-debug: Run asset db hook engine-extends:afterRefresh success!
2025-6-24 10:07:07-debug: asset-db:refresh-all-database (29ms)
2025-6-24 10:07:27-debug: refresh db internal success
2025-6-24 10:07:27-debug: refresh db assets success
2025-6-24 10:07:27-debug: Run asset db hook engine-extends:afterRefresh ...
2025-6-24 10:07:27-debug: Run asset db hook engine-extends:afterRefresh success!
2025-6-24 10:07:27-debug: asset-db:refresh-all-database (20ms)
2025-6-24 10:07:27-debug: asset-db-hook-engine-extends-afterRefresh (1ms)
2025-6-24 10:07:42-debug: %cImport%c: /Users/zhao/Desktop/test/cocos-creator/JumpingBlock/assets/Animations/JumpOneStep.animbackground: #aaff85; color: #000;color: #000;
2025-6-24 10:07:42-debug: asset-db:reimport-asset3c2dc981-2049-4119-a09f-bd50c580edaf (3ms)
2025-6-24 10:07:54-debug: %cImport%c: /Users/zhao/Desktop/test/cocos-creator/JumpingBlock/assets/Animations/JumpTwoStep.animbackground: #aaff85; color: #000;color: #000;
2025-6-24 10:07:54-debug: asset-db:reimport-asset0a6de763-3474-4b51-a70e-20f6c1d1af7b (4ms)
2025-6-24 10:07:57-debug: %cImport%c: /Users/zhao/Desktop/test/cocos-creator/JumpingBlock/assets/Animations/JumpTwoStep.animbackground: #aaff85; color: #000;color: #000;
2025-6-24 10:07:57-debug: asset-db:reimport-asset0a6de763-3474-4b51-a70e-20f6c1d1af7b (3ms)
2025-6-24 10:08:00-debug: %cImport%c: /Users/zhao/Desktop/test/cocos-creator/JumpingBlock/assets/Scenes/main.scenebackground: #aaff85; color: #000;color: #000;
2025-6-24 10:08:00-debug: asset-db:reimport-asset20b35577-f54e-49ab-a58a-ce370c78bfaa (10ms)
2025-6-24 10:08:01-debug: Query all assets info in project
2025-6-24 10:08:01-debug: init custom config: keepNodeUuid: false, useCache: true
2025-6-24 10:08:01-debug: Skip compress image, progress: 0%
2025-6-24 10:08:01-debug: Init all bundles start..., progress: 0%
2025-6-24 10:08:01-debug: // ---- build task 查询 Asset Bundle ----
2025-6-24 10:08:01-debug: Num of bundles: 2..., progress: 0%
2025-6-24 10:08:01-debug: Init bundle root assets start..., progress: 0%
2025-6-24 10:08:01-debug: 查询 Asset Bundle start, progress: 0%
2025-6-24 10:08:01-debug: Query preload assets/scripts from cc.config.json: 60f7195c-ec2a-45eb-ba94-8955f60e81d0,1c02ae6f-4492-4915-b8f8-7492a3b1e4cd,810e96e4-e456-4468-9b59-f4e8f39732c0,efe8e2a3-eace-427b-b4f1-cb8a937ec77d,e9aa9a3e-5b2b-4ac7-a2c7-073de2b2b24f,8bbdbcdd-5cd4-4100-b6d5-b7c9625b6107,50f4348b-c883-4e2f-8f11-ce233b859fa1,fda095cb-831d-4601-ad94-846013963de8,f92806d7-1768-443f-afe8-12bcde84d0f0,dd3a144d-ab7f-41f0-82b8-2e43a090d496,f0416e68-0200-4b77-a926-4f9d16e494da,970b0598-bcb0-4714-91fb-2e81440dccd8,bcd64cc6-2dd9-43f6-abbe-66318d332032,d930590d-bb92-4cc8-8bd1-23cd027f9edf,a3cd009f-0ab0-420d-9278-b9fdab939bbc,6a2d0734-bd9e-4ddf-946e-caa52498cb75,c27215d8-6835-4b68-bfbb-bdeac6100c04,b5d6115f-0370-4d7c-aad3-c194cc71cf98,871c3b6c-7379-419d-bda3-794b239ab90d,ff9b0199-ce04-4cfe-86cc-6c719f08d6e4,de1c2107-70c8-4021-8459-6399f24d01c6,cbf30902-517f-40dc-af90-a550bac27cf1
2025-6-24 10:08:01-debug: Init bundle root assets success..., progress: 0%
2025-6-24 10:08:01-debug:   Number of all scenes: 1
2025-6-24 10:08:01-debug:   Number of other assets: 312
2025-6-24 10:08:01-debug:   Number of all scripts: 8
2025-6-24 10:08:01-debug: // ---- build task 查询 Asset Bundle ---- (4ms)
2025-6-24 10:08:01-log: run build task 查询 Asset Bundle success in 4 ms√, progress: 5%
2025-6-24 10:08:01-debug: // ---- build task 查询 Asset Bundle ----
2025-6-24 10:08:01-debug: [Build Memory track]: 查询 Asset Bundle start:200.97MB, end 200.59MB, increase: -389.72KB
2025-6-24 10:08:01-debug: 查询 Asset Bundle start, progress: 5%
2025-6-24 10:08:01-debug: // ---- build task 查询 Asset Bundle ---- (2ms)
2025-6-24 10:08:01-debug: 整理部分构建选项内数据到 settings.json start, progress: 10%
2025-6-24 10:08:01-debug: [Build Memory track]: 查询 Asset Bundle start:200.61MB, end 200.69MB, increase: 77.45KB
2025-6-24 10:08:01-log: run build task 查询 Asset Bundle success in 2 ms√, progress: 10%
2025-6-24 10:08:01-debug: // ---- build task 整理部分构建选项内数据到 settings.json ----
2025-6-24 10:08:01-log: run build task 整理部分构建选项内数据到 settings.json success in √, progress: 12%
2025-6-24 10:08:01-debug: [Build Memory track]: 整理部分构建选项内数据到 settings.json start:200.71MB, end 200.73MB, increase: 14.55KB
2025-6-24 10:08:01-debug: 填充脚本数据到 settings.json start, progress: 12%
2025-6-24 10:08:01-debug: // ---- build task 填充脚本数据到 settings.json ----
2025-6-24 10:08:01-log: run build task 填充脚本数据到 settings.json success in √, progress: 13%
2025-6-24 10:08:01-debug: [Build Memory track]: 填充脚本数据到 settings.json start:200.75MB, end 200.77MB, increase: 17.91KB
2025-6-24 10:08:01-debug: // ---- build task 整理部分构建选项内数据到 settings.json ----
2025-6-24 10:08:01-debug: 整理部分构建选项内数据到 settings.json start, progress: 13%
2025-6-24 10:08:01-debug: // ---- build task 整理部分构建选项内数据到 settings.json ---- (2ms)
2025-6-24 10:08:01-log: run build task 整理部分构建选项内数据到 settings.json success in 2 ms√, progress: 15%
2025-6-24 10:08:01-debug: [Build Memory track]: 整理部分构建选项内数据到 settings.json start:200.79MB, end 200.91MB, increase: 123.31KB
2025-6-24 10:08:07-debug: refresh db internal success
2025-6-24 10:08:07-debug: refresh db assets success
2025-6-24 10:08:07-debug: Run asset db hook engine-extends:afterRefresh success!
2025-6-24 10:08:07-debug: Run asset db hook engine-extends:afterRefresh ...
2025-6-24 10:08:07-debug: asset-db:refresh-all-database (37ms)
2025-6-24 10:08:12-debug: %cImport%c: /Users/zhao/Desktop/test/cocos-creator/JumpingBlock/assets/Scenes/main.scenebackground: #aaff85; color: #000;color: #000;
2025-6-24 10:08:12-debug: asset-db:reimport-asset20b35577-f54e-49ab-a58a-ce370c78bfaa (8ms)
2025-6-24 10:08:13-debug: Query all assets info in project
2025-6-24 10:08:13-debug: Skip compress image, progress: 0%
2025-6-24 10:08:13-debug: init custom config: keepNodeUuid: false, useCache: true
2025-6-24 10:08:13-debug: Init all bundles start..., progress: 0%
2025-6-24 10:08:13-debug: Num of bundles: 2..., progress: 0%
2025-6-24 10:08:13-debug: 查询 Asset Bundle start, progress: 0%
2025-6-24 10:08:13-debug: // ---- build task 查询 Asset Bundle ----
2025-6-24 10:08:13-debug: Init bundle root assets start..., progress: 0%
2025-6-24 10:08:13-debug: Query preload assets/scripts from cc.config.json: 60f7195c-ec2a-45eb-ba94-8955f60e81d0,1c02ae6f-4492-4915-b8f8-7492a3b1e4cd,810e96e4-e456-4468-9b59-f4e8f39732c0,efe8e2a3-eace-427b-b4f1-cb8a937ec77d,e9aa9a3e-5b2b-4ac7-a2c7-073de2b2b24f,8bbdbcdd-5cd4-4100-b6d5-b7c9625b6107,50f4348b-c883-4e2f-8f11-ce233b859fa1,fda095cb-831d-4601-ad94-846013963de8,f92806d7-1768-443f-afe8-12bcde84d0f0,dd3a144d-ab7f-41f0-82b8-2e43a090d496,f0416e68-0200-4b77-a926-4f9d16e494da,970b0598-bcb0-4714-91fb-2e81440dccd8,bcd64cc6-2dd9-43f6-abbe-66318d332032,d930590d-bb92-4cc8-8bd1-23cd027f9edf,a3cd009f-0ab0-420d-9278-b9fdab939bbc,6a2d0734-bd9e-4ddf-946e-caa52498cb75,c27215d8-6835-4b68-bfbb-bdeac6100c04,b5d6115f-0370-4d7c-aad3-c194cc71cf98,871c3b6c-7379-419d-bda3-794b239ab90d,ff9b0199-ce04-4cfe-86cc-6c719f08d6e4,de1c2107-70c8-4021-8459-6399f24d01c6,cbf30902-517f-40dc-af90-a550bac27cf1
2025-6-24 10:08:13-debug:   Number of other assets: 312
2025-6-24 10:08:13-debug:   Number of all scripts: 8
2025-6-24 10:08:13-debug: Init bundle root assets success..., progress: 0%
2025-6-24 10:08:13-debug:   Number of all scenes: 1
2025-6-24 10:08:13-debug: // ---- build task 查询 Asset Bundle ---- (3ms)
2025-6-24 10:08:13-debug: // ---- build task 查询 Asset Bundle ----
2025-6-24 10:08:13-debug: [Build Memory track]: 查询 Asset Bundle start:200.73MB, end 201.23MB, increase: 514.86KB
2025-6-24 10:08:13-debug: 查询 Asset Bundle start, progress: 5%
2025-6-24 10:08:13-log: run build task 查询 Asset Bundle success in 3 ms√, progress: 5%
2025-6-24 10:08:13-debug: // ---- build task 查询 Asset Bundle ---- (2ms)
2025-6-24 10:08:13-debug: // ---- build task 整理部分构建选项内数据到 settings.json ----
2025-6-24 10:08:13-debug: [Build Memory track]: 查询 Asset Bundle start:201.26MB, end 201.34MB, increase: 83.04KB
2025-6-24 10:08:13-debug: 整理部分构建选项内数据到 settings.json start, progress: 10%
2025-6-24 10:08:13-log: run build task 查询 Asset Bundle success in 2 ms√, progress: 10%
2025-6-24 10:08:13-log: run build task 整理部分构建选项内数据到 settings.json success in √, progress: 12%
2025-6-24 10:08:13-debug: [Build Memory track]: 整理部分构建选项内数据到 settings.json start:201.37MB, end 201.38MB, increase: 17.00KB
2025-6-24 10:08:13-debug: 填充脚本数据到 settings.json start, progress: 12%
2025-6-24 10:08:13-debug: // ---- build task 填充脚本数据到 settings.json ----
2025-6-24 10:08:13-debug: // ---- build task 填充脚本数据到 settings.json ---- (1ms)
2025-6-24 10:08:13-debug: // ---- build task 整理部分构建选项内数据到 settings.json ----
2025-6-24 10:08:13-debug: [Build Memory track]: 填充脚本数据到 settings.json start:201.41MB, end 200.70MB, increase: -719.51KB
2025-6-24 10:08:13-debug: 整理部分构建选项内数据到 settings.json start, progress: 13%
2025-6-24 10:08:13-log: run build task 填充脚本数据到 settings.json success in 1 ms√, progress: 13%
2025-6-24 10:08:13-debug: // ---- build task 整理部分构建选项内数据到 settings.json ---- (2ms)
2025-6-24 10:08:13-log: run build task 整理部分构建选项内数据到 settings.json success in 2 ms√, progress: 15%
2025-6-24 10:08:13-debug: [Build Memory track]: 整理部分构建选项内数据到 settings.json start:200.73MB, end 200.85MB, increase: 124.59KB
2025-6-24 10:08:14-debug: Query all assets info in project
2025-6-24 10:08:14-debug: init custom config: keepNodeUuid: false, useCache: true
2025-6-24 10:08:14-debug: Skip compress image, progress: 0%
2025-6-24 10:08:14-debug: Init all bundles start..., progress: 0%
2025-6-24 10:08:14-debug: // ---- build task 查询 Asset Bundle ----
2025-6-24 10:08:14-debug: Num of bundles: 2..., progress: 0%
2025-6-24 10:08:14-debug: 查询 Asset Bundle start, progress: 0%
2025-6-24 10:08:14-debug: Init bundle root assets start..., progress: 0%
2025-6-24 10:08:14-debug: Query preload assets/scripts from cc.config.json: 60f7195c-ec2a-45eb-ba94-8955f60e81d0,1c02ae6f-4492-4915-b8f8-7492a3b1e4cd,810e96e4-e456-4468-9b59-f4e8f39732c0,efe8e2a3-eace-427b-b4f1-cb8a937ec77d,e9aa9a3e-5b2b-4ac7-a2c7-073de2b2b24f,8bbdbcdd-5cd4-4100-b6d5-b7c9625b6107,50f4348b-c883-4e2f-8f11-ce233b859fa1,fda095cb-831d-4601-ad94-846013963de8,f92806d7-1768-443f-afe8-12bcde84d0f0,dd3a144d-ab7f-41f0-82b8-2e43a090d496,f0416e68-0200-4b77-a926-4f9d16e494da,970b0598-bcb0-4714-91fb-2e81440dccd8,bcd64cc6-2dd9-43f6-abbe-66318d332032,d930590d-bb92-4cc8-8bd1-23cd027f9edf,a3cd009f-0ab0-420d-9278-b9fdab939bbc,6a2d0734-bd9e-4ddf-946e-caa52498cb75,c27215d8-6835-4b68-bfbb-bdeac6100c04,b5d6115f-0370-4d7c-aad3-c194cc71cf98,871c3b6c-7379-419d-bda3-794b239ab90d,ff9b0199-ce04-4cfe-86cc-6c719f08d6e4,de1c2107-70c8-4021-8459-6399f24d01c6,cbf30902-517f-40dc-af90-a550bac27cf1
2025-6-24 10:08:14-debug: Init bundle root assets success..., progress: 0%
2025-6-24 10:08:14-debug:   Number of all scripts: 8
2025-6-24 10:08:14-debug:   Number of all scenes: 1
2025-6-24 10:08:14-debug:   Number of other assets: 312
2025-6-24 10:08:14-debug: // ---- build task 查询 Asset Bundle ---- (1ms)
2025-6-24 10:08:14-debug: 查询 Asset Bundle start, progress: 5%
2025-6-24 10:08:14-debug: [Build Memory track]: 查询 Asset Bundle start:201.32MB, end 200.93MB, increase: -397.83KB
2025-6-24 10:08:14-log: run build task 查询 Asset Bundle success in 1 ms√, progress: 5%
2025-6-24 10:08:14-debug: // ---- build task 查询 Asset Bundle ----
2025-6-24 10:08:14-debug: // ---- build task 查询 Asset Bundle ---- (1ms)
2025-6-24 10:08:14-log: run build task 查询 Asset Bundle success in 1 ms√, progress: 10%
2025-6-24 10:08:14-debug: // ---- build task 整理部分构建选项内数据到 settings.json ----
2025-6-24 10:08:14-debug: [Build Memory track]: 查询 Asset Bundle start:200.95MB, end 201.03MB, increase: 77.96KB
2025-6-24 10:08:14-debug: 整理部分构建选项内数据到 settings.json start, progress: 10%
2025-6-24 10:08:14-debug: // ---- build task 整理部分构建选项内数据到 settings.json ---- (1ms)
2025-6-24 10:08:14-log: run build task 整理部分构建选项内数据到 settings.json success in 1 ms√, progress: 12%
2025-6-24 10:08:14-debug: 填充脚本数据到 settings.json start, progress: 12%
2025-6-24 10:08:14-debug: [Build Memory track]: 整理部分构建选项内数据到 settings.json start:201.05MB, end 201.08MB, increase: 25.23KB
2025-6-24 10:08:14-debug: // ---- build task 填充脚本数据到 settings.json ----
2025-6-24 10:08:14-debug: // ---- build task 填充脚本数据到 settings.json ---- (1ms)
2025-6-24 10:08:14-log: run build task 填充脚本数据到 settings.json success in 1 ms√, progress: 13%
2025-6-24 10:08:14-debug: [Build Memory track]: 填充脚本数据到 settings.json start:201.10MB, end 201.13MB, increase: 24.32KB
2025-6-24 10:08:14-debug: 整理部分构建选项内数据到 settings.json start, progress: 13%
2025-6-24 10:08:14-debug: // ---- build task 整理部分构建选项内数据到 settings.json ----
2025-6-24 10:08:14-debug: // ---- build task 整理部分构建选项内数据到 settings.json ---- (1ms)
2025-6-24 10:08:14-log: run build task 整理部分构建选项内数据到 settings.json success in 1 ms√, progress: 15%
2025-6-24 10:08:14-debug: [Build Memory track]: 整理部分构建选项内数据到 settings.json start:201.15MB, end 201.29MB, increase: 138.93KB
2025-6-24 10:08:23-debug: refresh db internal success
2025-6-24 10:08:23-debug: refresh db assets success
2025-6-24 10:08:23-debug: Run asset db hook engine-extends:afterRefresh ...
2025-6-24 10:08:23-debug: Run asset db hook engine-extends:afterRefresh success!
2025-6-24 10:08:23-debug: asset-db:refresh-all-database (21ms)
2025-6-24 10:08:23-debug: asset-db:worker-effect-data-processing (1ms)
2025-6-24 10:08:23-debug: asset-db-hook-engine-extends-afterRefresh (1ms)
2025-6-24 10:12:39-debug: refresh db internal success
2025-6-24 10:12:39-debug: %cImport%c: /Users/zhao/Desktop/test/cocos-creator/JumpingBlock/assets/Scripts/Player.tsbackground: #aaff85; color: #000;color: #000;
2025-6-24 10:12:39-debug: refresh db assets success
2025-6-24 10:12:39-debug: Run asset db hook engine-extends:afterRefresh ...
2025-6-24 10:12:39-debug: Run asset db hook engine-extends:afterRefresh success!
2025-6-24 10:12:39-debug: asset-db:refresh-all-database (32ms)
2025-6-24 10:12:39-debug: asset-db-hook-engine-extends-afterRefresh (1ms)
2025-6-24 10:12:39-debug: %cImport%c: /Users/zhao/Desktop/test/cocos-creator/JumpingBlock/assets/Scenes/main.scenebackground: #aaff85; color: #000;color: #000;
2025-6-24 10:12:39-debug: asset-db:reimport-asset20b35577-f54e-49ab-a58a-ce370c78bfaa (3ms)
2025-6-24 10:12:40-debug: Query all assets info in project
2025-6-24 10:12:40-debug: init custom config: keepNodeUuid: false, useCache: true
2025-6-24 10:12:40-debug: Skip compress image, progress: 0%
2025-6-24 10:12:40-debug: Num of bundles: 2..., progress: 0%
2025-6-24 10:12:40-debug: 查询 Asset Bundle start, progress: 0%
2025-6-24 10:12:40-debug: Init all bundles start..., progress: 0%
2025-6-24 10:12:40-debug: // ---- build task 查询 Asset Bundle ----
2025-6-24 10:12:40-debug: Init bundle root assets start..., progress: 0%
2025-6-24 10:12:40-debug: Query preload assets/scripts from cc.config.json: 60f7195c-ec2a-45eb-ba94-8955f60e81d0,1c02ae6f-4492-4915-b8f8-7492a3b1e4cd,810e96e4-e456-4468-9b59-f4e8f39732c0,efe8e2a3-eace-427b-b4f1-cb8a937ec77d,e9aa9a3e-5b2b-4ac7-a2c7-073de2b2b24f,8bbdbcdd-5cd4-4100-b6d5-b7c9625b6107,50f4348b-c883-4e2f-8f11-ce233b859fa1,fda095cb-831d-4601-ad94-846013963de8,f92806d7-1768-443f-afe8-12bcde84d0f0,dd3a144d-ab7f-41f0-82b8-2e43a090d496,f0416e68-0200-4b77-a926-4f9d16e494da,970b0598-bcb0-4714-91fb-2e81440dccd8,bcd64cc6-2dd9-43f6-abbe-66318d332032,d930590d-bb92-4cc8-8bd1-23cd027f9edf,a3cd009f-0ab0-420d-9278-b9fdab939bbc,6a2d0734-bd9e-4ddf-946e-caa52498cb75,c27215d8-6835-4b68-bfbb-bdeac6100c04,b5d6115f-0370-4d7c-aad3-c194cc71cf98,871c3b6c-7379-419d-bda3-794b239ab90d,ff9b0199-ce04-4cfe-86cc-6c719f08d6e4,de1c2107-70c8-4021-8459-6399f24d01c6,cbf30902-517f-40dc-af90-a550bac27cf1
2025-6-24 10:12:40-debug: Init bundle root assets success..., progress: 0%
2025-6-24 10:12:40-debug:   Number of all scripts: 8
2025-6-24 10:12:40-debug:   Number of other assets: 312
2025-6-24 10:12:40-debug:   Number of all scenes: 1
2025-6-24 10:12:40-debug: // ---- build task 查询 Asset Bundle ---- (3ms)
2025-6-24 10:12:40-debug: [Build Memory track]: 查询 Asset Bundle start:201.68MB, end 201.39MB, increase: -294.98KB
2025-6-24 10:12:40-log: run build task 查询 Asset Bundle success in 3 ms√, progress: 5%
2025-6-24 10:12:40-debug: // ---- build task 查询 Asset Bundle ----
2025-6-24 10:12:40-debug: 查询 Asset Bundle start, progress: 5%
2025-6-24 10:12:40-debug: // ---- build task 查询 Asset Bundle ---- (1ms)
2025-6-24 10:12:40-debug: // ---- build task 整理部分构建选项内数据到 settings.json ----
2025-6-24 10:12:40-debug: [Build Memory track]: 查询 Asset Bundle start:201.42MB, end 201.49MB, increase: 78.33KB
2025-6-24 10:12:40-debug: 整理部分构建选项内数据到 settings.json start, progress: 10%
2025-6-24 10:12:40-log: run build task 查询 Asset Bundle success in 1 ms√, progress: 10%
2025-6-24 10:12:40-log: run build task 整理部分构建选项内数据到 settings.json success in √, progress: 12%
2025-6-24 10:12:40-debug: // ---- build task 填充脚本数据到 settings.json ----
2025-6-24 10:12:40-debug: 填充脚本数据到 settings.json start, progress: 12%
2025-6-24 10:12:40-debug: [Build Memory track]: 整理部分构建选项内数据到 settings.json start:201.52MB, end 201.54MB, increase: 16.10KB
2025-6-24 10:12:40-log: run build task 填充脚本数据到 settings.json success in 1 ms√, progress: 13%
2025-6-24 10:12:40-debug: 整理部分构建选项内数据到 settings.json start, progress: 13%
2025-6-24 10:12:40-debug: [Build Memory track]: 填充脚本数据到 settings.json start:201.56MB, end 201.58MB, increase: 24.71KB
2025-6-24 10:12:40-debug: // ---- build task 填充脚本数据到 settings.json ---- (1ms)
2025-6-24 10:12:40-debug: // ---- build task 整理部分构建选项内数据到 settings.json ----
2025-6-24 10:12:40-debug: // ---- build task 整理部分构建选项内数据到 settings.json ---- (2ms)
2025-6-24 10:12:40-log: run build task 整理部分构建选项内数据到 settings.json success in 2 ms√, progress: 15%
2025-6-24 10:12:40-debug: [Build Memory track]: 整理部分构建选项内数据到 settings.json start:201.61MB, end 201.74MB, increase: 131.57KB
2025-6-24 10:12:46-debug: Query all assets info in project
2025-6-24 10:12:46-debug: init custom config: keepNodeUuid: false, useCache: true
2025-6-24 10:12:46-debug: Skip compress image, progress: 0%
2025-6-24 10:12:46-debug: Init all bundles start..., progress: 0%
2025-6-24 10:12:46-debug: Init bundle root assets start..., progress: 0%
2025-6-24 10:12:46-debug: 查询 Asset Bundle start, progress: 0%
2025-6-24 10:12:46-debug: // ---- build task 查询 Asset Bundle ----
2025-6-24 10:12:46-debug: Num of bundles: 2..., progress: 0%
2025-6-24 10:12:46-debug: Query preload assets/scripts from cc.config.json: 60f7195c-ec2a-45eb-ba94-8955f60e81d0,1c02ae6f-4492-4915-b8f8-7492a3b1e4cd,810e96e4-e456-4468-9b59-f4e8f39732c0,efe8e2a3-eace-427b-b4f1-cb8a937ec77d,e9aa9a3e-5b2b-4ac7-a2c7-073de2b2b24f,8bbdbcdd-5cd4-4100-b6d5-b7c9625b6107,50f4348b-c883-4e2f-8f11-ce233b859fa1,fda095cb-831d-4601-ad94-846013963de8,f92806d7-1768-443f-afe8-12bcde84d0f0,dd3a144d-ab7f-41f0-82b8-2e43a090d496,f0416e68-0200-4b77-a926-4f9d16e494da,970b0598-bcb0-4714-91fb-2e81440dccd8,bcd64cc6-2dd9-43f6-abbe-66318d332032,d930590d-bb92-4cc8-8bd1-23cd027f9edf,a3cd009f-0ab0-420d-9278-b9fdab939bbc,6a2d0734-bd9e-4ddf-946e-caa52498cb75,c27215d8-6835-4b68-bfbb-bdeac6100c04,b5d6115f-0370-4d7c-aad3-c194cc71cf98,871c3b6c-7379-419d-bda3-794b239ab90d,ff9b0199-ce04-4cfe-86cc-6c719f08d6e4,de1c2107-70c8-4021-8459-6399f24d01c6,cbf30902-517f-40dc-af90-a550bac27cf1
2025-6-24 10:12:46-debug:   Number of all scenes: 1
2025-6-24 10:12:46-debug:   Number of all scripts: 8
2025-6-24 10:12:46-debug:   Number of other assets: 312
2025-6-24 10:12:46-debug: Init bundle root assets success..., progress: 0%
2025-6-24 10:12:46-debug: // ---- build task 查询 Asset Bundle ---- (3ms)
2025-6-24 10:12:46-debug: // ---- build task 查询 Asset Bundle ----
2025-6-24 10:12:46-debug: [Build Memory track]: 查询 Asset Bundle start:202.19MB, end 201.90MB, increase: -295.82KB
2025-6-24 10:12:46-debug: 查询 Asset Bundle start, progress: 5%
2025-6-24 10:12:46-log: run build task 查询 Asset Bundle success in 3 ms√, progress: 5%
2025-6-24 10:12:46-debug: // ---- build task 查询 Asset Bundle ---- (1ms)
2025-6-24 10:12:46-log: run build task 查询 Asset Bundle success in 1 ms√, progress: 10%
2025-6-24 10:12:46-debug: // ---- build task 整理部分构建选项内数据到 settings.json ----
2025-6-24 10:12:46-debug: 整理部分构建选项内数据到 settings.json start, progress: 10%
2025-6-24 10:12:46-debug: [Build Memory track]: 查询 Asset Bundle start:201.92MB, end 202.00MB, increase: 77.13KB
2025-6-24 10:12:46-debug: [Build Memory track]: 整理部分构建选项内数据到 settings.json start:202.02MB, end 202.04MB, increase: 16.84KB
2025-6-24 10:12:46-log: run build task 整理部分构建选项内数据到 settings.json success in √, progress: 12%
2025-6-24 10:12:46-debug: 填充脚本数据到 settings.json start, progress: 12%
2025-6-24 10:12:46-debug: // ---- build task 填充脚本数据到 settings.json ----
2025-6-24 10:12:46-debug: // ---- build task 填充脚本数据到 settings.json ---- (1ms)
2025-6-24 10:12:46-log: run build task 填充脚本数据到 settings.json success in 1 ms√, progress: 13%
2025-6-24 10:12:46-debug: [Build Memory track]: 填充脚本数据到 settings.json start:202.07MB, end 202.09MB, increase: 23.96KB
2025-6-24 10:12:46-debug: 整理部分构建选项内数据到 settings.json start, progress: 13%
2025-6-24 10:12:46-debug: // ---- build task 整理部分构建选项内数据到 settings.json ----
2025-6-24 10:12:46-debug: // ---- build task 整理部分构建选项内数据到 settings.json ---- (3ms)
2025-6-24 10:12:46-log: run build task 整理部分构建选项内数据到 settings.json success in 3 ms√, progress: 15%
2025-6-24 10:12:46-debug: [Build Memory track]: 整理部分构建选项内数据到 settings.json start:202.11MB, end 201.48MB, increase: -650.25KB
2025-6-24 10:12:49-debug: refresh db internal success
2025-6-24 10:12:49-debug: refresh db assets success
2025-6-24 10:12:49-debug: Run asset db hook engine-extends:afterRefresh success!
2025-6-24 10:12:49-debug: Run asset db hook engine-extends:afterRefresh ...
2025-6-24 10:12:49-debug: asset-db:refresh-all-database (28ms)
2025-6-24 10:13:02-debug: refresh db internal success
2025-6-24 10:13:02-debug: %cImport%c: /Users/zhao/Desktop/test/cocos-creator/JumpingBlock/assets/Scripts/Player.tsbackground: #aaff85; color: #000;color: #000;
2025-6-24 10:13:02-debug: Run asset db hook engine-extends:afterRefresh ...
2025-6-24 10:13:02-debug: refresh db assets success
2025-6-24 10:13:02-debug: Run asset db hook engine-extends:afterRefresh success!
2025-6-24 10:13:02-debug: asset-db:refresh-all-database (26ms)
2025-6-24 10:13:02-debug: %cImport%c: /Users/zhao/Desktop/test/cocos-creator/JumpingBlock/assets/Scenes/main.scenebackground: #aaff85; color: #000;color: #000;
2025-6-24 10:13:02-debug: asset-db:reimport-asset20b35577-f54e-49ab-a58a-ce370c78bfaa (4ms)
2025-6-24 10:13:03-debug: %cImport%c: /Users/zhao/Desktop/test/cocos-creator/JumpingBlock/assets/Scenes/main.scenebackground: #aaff85; color: #000;color: #000;
2025-6-24 10:13:03-debug: asset-db:reimport-asset20b35577-f54e-49ab-a58a-ce370c78bfaa (5ms)
2025-6-24 10:13:03-debug: Query all assets info in project
2025-6-24 10:13:03-debug: init custom config: keepNodeUuid: false, useCache: true
2025-6-24 10:13:03-debug: Skip compress image, progress: 0%
2025-6-24 10:13:03-debug: Init all bundles start..., progress: 0%
2025-6-24 10:13:03-debug: Num of bundles: 2..., progress: 0%
2025-6-24 10:13:03-debug: 查询 Asset Bundle start, progress: 0%
2025-6-24 10:13:03-debug: // ---- build task 查询 Asset Bundle ----
2025-6-24 10:13:03-debug: Init bundle root assets start..., progress: 0%
2025-6-24 10:13:03-debug: Query preload assets/scripts from cc.config.json: 60f7195c-ec2a-45eb-ba94-8955f60e81d0,1c02ae6f-4492-4915-b8f8-7492a3b1e4cd,810e96e4-e456-4468-9b59-f4e8f39732c0,efe8e2a3-eace-427b-b4f1-cb8a937ec77d,e9aa9a3e-5b2b-4ac7-a2c7-073de2b2b24f,8bbdbcdd-5cd4-4100-b6d5-b7c9625b6107,50f4348b-c883-4e2f-8f11-ce233b859fa1,fda095cb-831d-4601-ad94-846013963de8,f92806d7-1768-443f-afe8-12bcde84d0f0,dd3a144d-ab7f-41f0-82b8-2e43a090d496,f0416e68-0200-4b77-a926-4f9d16e494da,970b0598-bcb0-4714-91fb-2e81440dccd8,bcd64cc6-2dd9-43f6-abbe-66318d332032,d930590d-bb92-4cc8-8bd1-23cd027f9edf,a3cd009f-0ab0-420d-9278-b9fdab939bbc,6a2d0734-bd9e-4ddf-946e-caa52498cb75,c27215d8-6835-4b68-bfbb-bdeac6100c04,b5d6115f-0370-4d7c-aad3-c194cc71cf98,871c3b6c-7379-419d-bda3-794b239ab90d,ff9b0199-ce04-4cfe-86cc-6c719f08d6e4,de1c2107-70c8-4021-8459-6399f24d01c6,cbf30902-517f-40dc-af90-a550bac27cf1
2025-6-24 10:13:03-debug: Init bundle root assets success..., progress: 0%
2025-6-24 10:13:03-debug:   Number of other assets: 312
2025-6-24 10:13:03-debug:   Number of all scripts: 8
2025-6-24 10:13:03-debug:   Number of all scenes: 1
2025-6-24 10:13:03-debug: // ---- build task 查询 Asset Bundle ---- (2ms)
2025-6-24 10:13:03-log: run build task 查询 Asset Bundle success in 2 ms√, progress: 5%
2025-6-24 10:13:03-debug: [Build Memory track]: 查询 Asset Bundle start:202.71MB, end 202.34MB, increase: -380.16KB
2025-6-24 10:13:03-debug: 查询 Asset Bundle start, progress: 5%
2025-6-24 10:13:03-debug: // ---- build task 查询 Asset Bundle ----
2025-6-24 10:13:03-debug: // ---- build task 查询 Asset Bundle ---- (1ms)
2025-6-24 10:13:03-debug: // ---- build task 整理部分构建选项内数据到 settings.json ----
2025-6-24 10:13:03-debug: 整理部分构建选项内数据到 settings.json start, progress: 10%
2025-6-24 10:13:03-log: run build task 查询 Asset Bundle success in 1 ms√, progress: 10%
2025-6-24 10:13:03-debug: [Build Memory track]: 查询 Asset Bundle start:202.37MB, end 202.44MB, increase: 78.24KB
2025-6-24 10:13:03-log: run build task 整理部分构建选项内数据到 settings.json success in √, progress: 12%
2025-6-24 10:13:03-debug: [Build Memory track]: 整理部分构建选项内数据到 settings.json start:202.47MB, end 202.48MB, increase: 15.62KB
2025-6-24 10:13:03-debug: // ---- build task 填充脚本数据到 settings.json ----
2025-6-24 10:13:03-debug: 填充脚本数据到 settings.json start, progress: 12%
2025-6-24 10:13:03-log: run build task 填充脚本数据到 settings.json success in √, progress: 13%
2025-6-24 10:13:03-debug: [Build Memory track]: 填充脚本数据到 settings.json start:202.51MB, end 202.53MB, increase: 16.64KB
2025-6-24 10:13:03-debug: 整理部分构建选项内数据到 settings.json start, progress: 13%
2025-6-24 10:13:03-debug: // ---- build task 整理部分构建选项内数据到 settings.json ----
2025-6-24 10:13:03-debug: // ---- build task 整理部分构建选项内数据到 settings.json ---- (2ms)
2025-6-24 10:13:03-log: run build task 整理部分构建选项内数据到 settings.json success in 2 ms√, progress: 15%
2025-6-24 10:13:03-debug: [Build Memory track]: 整理部分构建选项内数据到 settings.json start:202.55MB, end 202.67MB, increase: 123.09KB
2025-6-24 10:13:16-debug: refresh db internal success
2025-6-24 10:13:16-debug: refresh db assets success
2025-6-24 10:13:16-debug: Run asset db hook engine-extends:afterRefresh ...
2025-6-24 10:13:16-debug: Run asset db hook engine-extends:afterRefresh success!
2025-6-24 10:13:16-debug: asset-db:refresh-all-database (19ms)
2025-6-24 10:13:39-debug: refresh db internal success
2025-6-24 10:13:39-debug: %cImport%c: /Users/zhao/Desktop/test/cocos-creator/JumpingBlock/assets/Scripts/Player.tsbackground: #aaff85; color: #000;color: #000;
2025-6-24 10:13:39-debug: refresh db assets success
2025-6-24 10:13:39-debug: Run asset db hook engine-extends:afterRefresh ...
2025-6-24 10:13:39-debug: Run asset db hook engine-extends:afterRefresh success!
2025-6-24 10:13:39-debug: asset-db:refresh-all-database (27ms)
2025-6-24 10:13:40-debug: %cImport%c: /Users/zhao/Desktop/test/cocos-creator/JumpingBlock/assets/Scenes/main.scenebackground: #aaff85; color: #000;color: #000;
2025-6-24 10:13:40-debug: asset-db:reimport-asset20b35577-f54e-49ab-a58a-ce370c78bfaa (3ms)
2025-6-24 10:13:40-debug: Query all assets info in project
2025-6-24 10:13:40-debug: init custom config: keepNodeUuid: false, useCache: true
2025-6-24 10:13:40-debug: Skip compress image, progress: 0%
2025-6-24 10:13:40-debug: Init all bundles start..., progress: 0%
2025-6-24 10:13:40-debug: Num of bundles: 2..., progress: 0%
2025-6-24 10:13:40-debug: 查询 Asset Bundle start, progress: 0%
2025-6-24 10:13:40-debug: // ---- build task 查询 Asset Bundle ----
2025-6-24 10:13:40-debug: Init bundle root assets start..., progress: 0%
2025-6-24 10:13:40-debug: Query preload assets/scripts from cc.config.json: 60f7195c-ec2a-45eb-ba94-8955f60e81d0,1c02ae6f-4492-4915-b8f8-7492a3b1e4cd,810e96e4-e456-4468-9b59-f4e8f39732c0,efe8e2a3-eace-427b-b4f1-cb8a937ec77d,e9aa9a3e-5b2b-4ac7-a2c7-073de2b2b24f,8bbdbcdd-5cd4-4100-b6d5-b7c9625b6107,50f4348b-c883-4e2f-8f11-ce233b859fa1,fda095cb-831d-4601-ad94-846013963de8,f92806d7-1768-443f-afe8-12bcde84d0f0,dd3a144d-ab7f-41f0-82b8-2e43a090d496,f0416e68-0200-4b77-a926-4f9d16e494da,970b0598-bcb0-4714-91fb-2e81440dccd8,bcd64cc6-2dd9-43f6-abbe-66318d332032,d930590d-bb92-4cc8-8bd1-23cd027f9edf,a3cd009f-0ab0-420d-9278-b9fdab939bbc,6a2d0734-bd9e-4ddf-946e-caa52498cb75,c27215d8-6835-4b68-bfbb-bdeac6100c04,b5d6115f-0370-4d7c-aad3-c194cc71cf98,871c3b6c-7379-419d-bda3-794b239ab90d,ff9b0199-ce04-4cfe-86cc-6c719f08d6e4,de1c2107-70c8-4021-8459-6399f24d01c6,cbf30902-517f-40dc-af90-a550bac27cf1
2025-6-24 10:13:40-debug: Init bundle root assets success..., progress: 0%
2025-6-24 10:13:40-debug:   Number of all scenes: 1
2025-6-24 10:13:40-debug:   Number of all scripts: 8
2025-6-24 10:13:40-debug:   Number of other assets: 312
2025-6-24 10:13:40-debug: // ---- build task 查询 Asset Bundle ---- (6ms)
2025-6-24 10:13:40-debug: [Build Memory track]: 查询 Asset Bundle start:203.25MB, end 203.00MB, increase: -259.70KB
2025-6-24 10:13:40-debug: // ---- build task 查询 Asset Bundle ----
2025-6-24 10:13:40-log: run build task 查询 Asset Bundle success in 6 ms√, progress: 5%
2025-6-24 10:13:40-debug: 查询 Asset Bundle start, progress: 5%
2025-6-24 10:13:40-debug: // ---- build task 查询 Asset Bundle ---- (2ms)
2025-6-24 10:13:40-log: run build task 查询 Asset Bundle success in 2 ms√, progress: 10%
2025-6-24 10:13:40-debug: [Build Memory track]: 查询 Asset Bundle start:203.02MB, end 203.10MB, increase: 78.60KB
2025-6-24 10:13:40-debug: 整理部分构建选项内数据到 settings.json start, progress: 10%
2025-6-24 10:13:40-debug: // ---- build task 整理部分构建选项内数据到 settings.json ----
2025-6-24 10:13:40-debug: // ---- build task 整理部分构建选项内数据到 settings.json ---- (1ms)
2025-6-24 10:13:40-log: run build task 整理部分构建选项内数据到 settings.json success in 1 ms√, progress: 12%
2025-6-24 10:13:40-debug: 填充脚本数据到 settings.json start, progress: 12%
2025-6-24 10:13:40-debug: // ---- build task 填充脚本数据到 settings.json ----
2025-6-24 10:13:40-debug: [Build Memory track]: 整理部分构建选项内数据到 settings.json start:203.13MB, end 203.15MB, increase: 24.62KB
2025-6-24 10:13:40-log: run build task 填充脚本数据到 settings.json success in √, progress: 13%
2025-6-24 10:13:40-debug: [Build Memory track]: 填充脚本数据到 settings.json start:203.17MB, end 203.19MB, increase: 15.73KB
2025-6-24 10:13:40-debug: 整理部分构建选项内数据到 settings.json start, progress: 13%
2025-6-24 10:13:40-debug: // ---- build task 整理部分构建选项内数据到 settings.json ----
2025-6-24 10:13:40-debug: // ---- build task 整理部分构建选项内数据到 settings.json ---- (3ms)
2025-6-24 10:13:40-log: run build task 整理部分构建选项内数据到 settings.json success in 3 ms√, progress: 15%
2025-6-24 10:13:40-debug: [Build Memory track]: 整理部分构建选项内数据到 settings.json start:203.22MB, end 203.34MB, increase: 126.82KB
2025-6-24 10:13:43-debug: refresh db internal success
2025-6-24 10:13:43-debug: refresh db assets success
2025-6-24 10:13:43-debug: Run asset db hook engine-extends:afterRefresh ...
2025-6-24 10:13:43-debug: Run asset db hook engine-extends:afterRefresh success!
2025-6-24 10:13:43-debug: asset-db:refresh-all-database (13ms)
2025-6-24 10:14:10-debug: refresh db internal success
2025-6-24 10:14:10-debug: %cImport%c: /Users/zhao/Desktop/test/cocos-creator/JumpingBlock/assets/Scripts/Player.tsbackground: #aaff85; color: #000;color: #000;
2025-6-24 10:14:10-debug: Run asset db hook engine-extends:afterRefresh ...
2025-6-24 10:14:10-debug: refresh db assets success
2025-6-24 10:14:10-debug: Run asset db hook engine-extends:afterRefresh success!
2025-6-24 10:14:10-debug: asset-db:refresh-all-database (63ms)
2025-6-24 10:14:10-debug: asset-db:worker-effect-data-processing (3ms)
2025-6-24 10:14:10-debug: asset-db-hook-engine-extends-afterRefresh (4ms)
2025-6-24 10:14:10-debug: %cImport%c: /Users/zhao/Desktop/test/cocos-creator/JumpingBlock/assets/Scenes/main.scenebackground: #aaff85; color: #000;color: #000;
2025-6-24 10:14:10-debug: asset-db:reimport-asset20b35577-f54e-49ab-a58a-ce370c78bfaa (5ms)
2025-6-24 10:14:11-debug: Query all assets info in project
2025-6-24 10:14:11-debug: init custom config: keepNodeUuid: false, useCache: true
2025-6-24 10:14:11-debug: Skip compress image, progress: 0%
2025-6-24 10:14:11-debug: Init all bundles start..., progress: 0%
2025-6-24 10:14:11-debug: Num of bundles: 2..., progress: 0%
2025-6-24 10:14:11-debug: // ---- build task 查询 Asset Bundle ----
2025-6-24 10:14:11-debug: Init bundle root assets start..., progress: 0%
2025-6-24 10:14:11-debug: 查询 Asset Bundle start, progress: 0%
2025-6-24 10:14:11-debug: Query preload assets/scripts from cc.config.json: 60f7195c-ec2a-45eb-ba94-8955f60e81d0,1c02ae6f-4492-4915-b8f8-7492a3b1e4cd,810e96e4-e456-4468-9b59-f4e8f39732c0,efe8e2a3-eace-427b-b4f1-cb8a937ec77d,e9aa9a3e-5b2b-4ac7-a2c7-073de2b2b24f,8bbdbcdd-5cd4-4100-b6d5-b7c9625b6107,50f4348b-c883-4e2f-8f11-ce233b859fa1,fda095cb-831d-4601-ad94-846013963de8,f92806d7-1768-443f-afe8-12bcde84d0f0,dd3a144d-ab7f-41f0-82b8-2e43a090d496,f0416e68-0200-4b77-a926-4f9d16e494da,970b0598-bcb0-4714-91fb-2e81440dccd8,bcd64cc6-2dd9-43f6-abbe-66318d332032,d930590d-bb92-4cc8-8bd1-23cd027f9edf,a3cd009f-0ab0-420d-9278-b9fdab939bbc,6a2d0734-bd9e-4ddf-946e-caa52498cb75,c27215d8-6835-4b68-bfbb-bdeac6100c04,b5d6115f-0370-4d7c-aad3-c194cc71cf98,871c3b6c-7379-419d-bda3-794b239ab90d,ff9b0199-ce04-4cfe-86cc-6c719f08d6e4,de1c2107-70c8-4021-8459-6399f24d01c6,cbf30902-517f-40dc-af90-a550bac27cf1
2025-6-24 10:14:11-debug: Init bundle root assets success..., progress: 0%
2025-6-24 10:14:11-debug:   Number of all scripts: 8
2025-6-24 10:14:11-debug:   Number of other assets: 312
2025-6-24 10:14:11-debug:   Number of all scenes: 1
2025-6-24 10:14:11-debug: // ---- build task 查询 Asset Bundle ---- (12ms)
2025-6-24 10:14:11-debug: // ---- build task 查询 Asset Bundle ----
2025-6-24 10:14:11-debug: [Build Memory track]: 查询 Asset Bundle start:203.93MB, end 204.43MB, increase: 514.26KB
2025-6-24 10:14:11-debug: 查询 Asset Bundle start, progress: 5%
2025-6-24 10:14:11-log: run build task 查询 Asset Bundle success in 12 ms√, progress: 5%
2025-6-24 10:14:11-debug: // ---- build task 查询 Asset Bundle ---- (2ms)
2025-6-24 10:14:11-debug: [Build Memory track]: 查询 Asset Bundle start:204.45MB, end 203.79MB, increase: -673.96KB
2025-6-24 10:14:11-log: run build task 查询 Asset Bundle success in 2 ms√, progress: 10%
2025-6-24 10:14:11-debug: 整理部分构建选项内数据到 settings.json start, progress: 10%
2025-6-24 10:14:11-debug: // ---- build task 整理部分构建选项内数据到 settings.json ----
2025-6-24 10:14:11-debug: // ---- build task 整理部分构建选项内数据到 settings.json ---- (1ms)
2025-6-24 10:14:11-debug: // ---- build task 填充脚本数据到 settings.json ----
2025-6-24 10:14:11-debug: [Build Memory track]: 整理部分构建选项内数据到 settings.json start:203.82MB, end 203.84MB, increase: 24.62KB
2025-6-24 10:14:11-debug: 填充脚本数据到 settings.json start, progress: 12%
2025-6-24 10:14:11-log: run build task 整理部分构建选项内数据到 settings.json success in 1 ms√, progress: 12%
2025-6-24 10:14:11-log: run build task 填充脚本数据到 settings.json success in √, progress: 13%
2025-6-24 10:14:11-debug: [Build Memory track]: 填充脚本数据到 settings.json start:203.87MB, end 203.89MB, increase: 16.47KB
2025-6-24 10:14:11-debug: // ---- build task 整理部分构建选项内数据到 settings.json ----
2025-6-24 10:14:11-debug: 整理部分构建选项内数据到 settings.json start, progress: 13%
2025-6-24 10:14:11-debug: // ---- build task 整理部分构建选项内数据到 settings.json ---- (4ms)
2025-6-24 10:14:11-debug: [Build Memory track]: 整理部分构建选项内数据到 settings.json start:203.91MB, end 204.03MB, increase: 123.02KB
2025-6-24 10:14:11-log: run build task 整理部分构建选项内数据到 settings.json success in 4 ms√, progress: 15%
2025-6-24 10:14:16-debug: Query all assets info in project
2025-6-24 10:14:16-debug: init custom config: keepNodeUuid: false, useCache: true
2025-6-24 10:14:16-debug: Skip compress image, progress: 0%
2025-6-24 10:14:16-debug: Init all bundles start..., progress: 0%
2025-6-24 10:14:16-debug: // ---- build task 查询 Asset Bundle ----
2025-6-24 10:14:16-debug: Init bundle root assets start..., progress: 0%
2025-6-24 10:14:16-debug: 查询 Asset Bundle start, progress: 0%
2025-6-24 10:14:16-debug: Num of bundles: 2..., progress: 0%
2025-6-24 10:14:16-debug: Query preload assets/scripts from cc.config.json: 60f7195c-ec2a-45eb-ba94-8955f60e81d0,1c02ae6f-4492-4915-b8f8-7492a3b1e4cd,810e96e4-e456-4468-9b59-f4e8f39732c0,efe8e2a3-eace-427b-b4f1-cb8a937ec77d,e9aa9a3e-5b2b-4ac7-a2c7-073de2b2b24f,8bbdbcdd-5cd4-4100-b6d5-b7c9625b6107,50f4348b-c883-4e2f-8f11-ce233b859fa1,fda095cb-831d-4601-ad94-846013963de8,f92806d7-1768-443f-afe8-12bcde84d0f0,dd3a144d-ab7f-41f0-82b8-2e43a090d496,f0416e68-0200-4b77-a926-4f9d16e494da,970b0598-bcb0-4714-91fb-2e81440dccd8,bcd64cc6-2dd9-43f6-abbe-66318d332032,d930590d-bb92-4cc8-8bd1-23cd027f9edf,a3cd009f-0ab0-420d-9278-b9fdab939bbc,6a2d0734-bd9e-4ddf-946e-caa52498cb75,c27215d8-6835-4b68-bfbb-bdeac6100c04,b5d6115f-0370-4d7c-aad3-c194cc71cf98,871c3b6c-7379-419d-bda3-794b239ab90d,ff9b0199-ce04-4cfe-86cc-6c719f08d6e4,de1c2107-70c8-4021-8459-6399f24d01c6,cbf30902-517f-40dc-af90-a550bac27cf1
2025-6-24 10:14:16-debug: Init bundle root assets success..., progress: 0%
2025-6-24 10:14:16-debug:   Number of other assets: 312
2025-6-24 10:14:16-debug:   Number of all scripts: 8
2025-6-24 10:14:16-debug:   Number of all scenes: 1
2025-6-24 10:14:16-debug: // ---- build task 查询 Asset Bundle ---- (16ms)
2025-6-24 10:14:16-debug: [Build Memory track]: 查询 Asset Bundle start:204.47MB, end 204.21MB, increase: -268.61KB
2025-6-24 10:14:16-debug: // ---- build task 查询 Asset Bundle ----
2025-6-24 10:14:16-debug: 查询 Asset Bundle start, progress: 5%
2025-6-24 10:14:16-log: run build task 查询 Asset Bundle success in 16 ms√, progress: 5%
2025-6-24 10:14:16-log: run build task 查询 Asset Bundle success in 2 ms√, progress: 10%
2025-6-24 10:14:16-debug: // ---- build task 查询 Asset Bundle ---- (2ms)
2025-6-24 10:14:16-debug: 整理部分构建选项内数据到 settings.json start, progress: 10%
2025-6-24 10:14:16-debug: // ---- build task 整理部分构建选项内数据到 settings.json ----
2025-6-24 10:14:16-debug: [Build Memory track]: 查询 Asset Bundle start:204.23MB, end 204.31MB, increase: 76.10KB
2025-6-24 10:14:16-debug: // ---- build task 整理部分构建选项内数据到 settings.json ---- (1ms)
2025-6-24 10:14:16-debug: [Build Memory track]: 整理部分构建选项内数据到 settings.json start:204.33MB, end 204.36MB, increase: 24.92KB
2025-6-24 10:14:16-log: run build task 整理部分构建选项内数据到 settings.json success in 1 ms√, progress: 12%
2025-6-24 10:14:16-debug: 填充脚本数据到 settings.json start, progress: 12%
2025-6-24 10:14:16-debug: // ---- build task 填充脚本数据到 settings.json ----
2025-6-24 10:14:16-debug: // ---- build task 填充脚本数据到 settings.json ---- (1ms)
2025-6-24 10:14:16-log: run build task 填充脚本数据到 settings.json success in 1 ms√, progress: 13%
2025-6-24 10:14:16-debug: [Build Memory track]: 填充脚本数据到 settings.json start:204.38MB, end 204.41MB, increase: 24.11KB
2025-6-24 10:14:16-debug: 整理部分构建选项内数据到 settings.json start, progress: 13%
2025-6-24 10:14:16-debug: // ---- build task 整理部分构建选项内数据到 settings.json ----
2025-6-24 10:14:16-debug: // ---- build task 整理部分构建选项内数据到 settings.json ---- (3ms)
2025-6-24 10:14:16-debug: [Build Memory track]: 整理部分构建选项内数据到 settings.json start:204.43MB, end 203.79MB, increase: -659.65KB
2025-6-24 10:14:16-log: run build task 整理部分构建选项内数据到 settings.json success in 3 ms√, progress: 15%
2025-6-24 10:14:25-debug: refresh db internal success
2025-6-24 10:14:25-debug: refresh db assets success
2025-6-24 10:14:25-debug: Run asset db hook engine-extends:afterRefresh ...
2025-6-24 10:14:25-debug: Run asset db hook engine-extends:afterRefresh success!
2025-6-24 10:14:25-debug: asset-db:refresh-all-database (21ms)
2025-6-24 10:15:05-debug: refresh db internal success
2025-6-24 10:15:05-debug: %cImport%c: /Users/zhao/Desktop/test/cocos-creator/JumpingBlock/assets/Scripts/Player.tsbackground: #aaff85; color: #000;color: #000;
2025-6-24 10:15:05-debug: refresh db assets success
2025-6-24 10:15:05-debug: Run asset db hook engine-extends:afterRefresh success!
2025-6-24 10:15:05-debug: Run asset db hook engine-extends:afterRefresh ...
2025-6-24 10:15:05-debug: asset-db:refresh-all-database (24ms)
2025-6-24 10:15:05-debug: asset-db:worker-effect-data-processing (1ms)
2025-6-24 10:15:05-debug: asset-db-hook-engine-extends-afterRefresh (1ms)
2025-6-24 10:15:05-debug: %cImport%c: /Users/zhao/Desktop/test/cocos-creator/JumpingBlock/assets/Scenes/main.scenebackground: #aaff85; color: #000;color: #000;
2025-6-24 10:15:05-debug: asset-db:reimport-asset20b35577-f54e-49ab-a58a-ce370c78bfaa (3ms)
2025-6-24 10:15:06-debug: Query all assets info in project
2025-6-24 10:15:06-debug: init custom config: keepNodeUuid: false, useCache: true
2025-6-24 10:15:06-debug: Skip compress image, progress: 0%
2025-6-24 10:15:06-debug: Init all bundles start..., progress: 0%
2025-6-24 10:15:06-debug: Num of bundles: 2..., progress: 0%
2025-6-24 10:15:06-debug: 查询 Asset Bundle start, progress: 0%
2025-6-24 10:15:06-debug: // ---- build task 查询 Asset Bundle ----
2025-6-24 10:15:06-debug: Init bundle root assets start..., progress: 0%
2025-6-24 10:15:06-debug: Query preload assets/scripts from cc.config.json: 60f7195c-ec2a-45eb-ba94-8955f60e81d0,1c02ae6f-4492-4915-b8f8-7492a3b1e4cd,810e96e4-e456-4468-9b59-f4e8f39732c0,efe8e2a3-eace-427b-b4f1-cb8a937ec77d,e9aa9a3e-5b2b-4ac7-a2c7-073de2b2b24f,8bbdbcdd-5cd4-4100-b6d5-b7c9625b6107,50f4348b-c883-4e2f-8f11-ce233b859fa1,fda095cb-831d-4601-ad94-846013963de8,f92806d7-1768-443f-afe8-12bcde84d0f0,dd3a144d-ab7f-41f0-82b8-2e43a090d496,f0416e68-0200-4b77-a926-4f9d16e494da,970b0598-bcb0-4714-91fb-2e81440dccd8,bcd64cc6-2dd9-43f6-abbe-66318d332032,d930590d-bb92-4cc8-8bd1-23cd027f9edf,a3cd009f-0ab0-420d-9278-b9fdab939bbc,6a2d0734-bd9e-4ddf-946e-caa52498cb75,c27215d8-6835-4b68-bfbb-bdeac6100c04,b5d6115f-0370-4d7c-aad3-c194cc71cf98,871c3b6c-7379-419d-bda3-794b239ab90d,ff9b0199-ce04-4cfe-86cc-6c719f08d6e4,de1c2107-70c8-4021-8459-6399f24d01c6,cbf30902-517f-40dc-af90-a550bac27cf1
2025-6-24 10:15:06-debug: Init bundle root assets success..., progress: 0%
2025-6-24 10:15:06-debug:   Number of all scripts: 8
2025-6-24 10:15:06-debug:   Number of other assets: 312
2025-6-24 10:15:06-debug:   Number of all scenes: 1
2025-6-24 10:15:06-debug: // ---- build task 查询 Asset Bundle ---- (5ms)
2025-6-24 10:15:06-debug: // ---- build task 查询 Asset Bundle ----
2025-6-24 10:15:06-log: run build task 查询 Asset Bundle success in 5 ms√, progress: 5%
2025-6-24 10:15:06-debug: 查询 Asset Bundle start, progress: 5%
2025-6-24 10:15:06-debug: [Build Memory track]: 查询 Asset Bundle start:204.89MB, end 205.39MB, increase: 517.50KB
2025-6-24 10:15:06-debug: // ---- build task 查询 Asset Bundle ---- (1ms)
2025-6-24 10:15:06-log: run build task 查询 Asset Bundle success in 1 ms√, progress: 10%
2025-6-24 10:15:06-debug: [Build Memory track]: 查询 Asset Bundle start:205.42MB, end 204.74MB, increase: -687.66KB
2025-6-24 10:15:06-debug: 整理部分构建选项内数据到 settings.json start, progress: 10%
2025-6-24 10:15:06-debug: // ---- build task 整理部分构建选项内数据到 settings.json ----
2025-6-24 10:15:06-log: run build task 整理部分构建选项内数据到 settings.json success in √, progress: 12%
2025-6-24 10:15:06-debug: [Build Memory track]: 整理部分构建选项内数据到 settings.json start:204.77MB, end 204.79MB, increase: 15.71KB
2025-6-24 10:15:06-debug: 填充脚本数据到 settings.json start, progress: 12%
2025-6-24 10:15:06-debug: // ---- build task 填充脚本数据到 settings.json ----
2025-6-24 10:15:06-log: run build task 填充脚本数据到 settings.json success in √, progress: 13%
2025-6-24 10:15:06-debug: // ---- build task 整理部分构建选项内数据到 settings.json ----
2025-6-24 10:15:06-debug: 整理部分构建选项内数据到 settings.json start, progress: 13%
2025-6-24 10:15:06-debug: [Build Memory track]: 填充脚本数据到 settings.json start:204.81MB, end 204.83MB, increase: 16.63KB
2025-6-24 10:15:06-debug: // ---- build task 整理部分构建选项内数据到 settings.json ---- (3ms)
2025-6-24 10:15:06-debug: [Build Memory track]: 整理部分构建选项内数据到 settings.json start:204.85MB, end 204.97MB, increase: 122.75KB
2025-6-24 10:15:06-log: run build task 整理部分构建选项内数据到 settings.json success in 3 ms√, progress: 15%
2025-6-24 10:15:13-debug: Query all assets info in project
2025-6-24 10:15:13-debug: init custom config: keepNodeUuid: false, useCache: true
2025-6-24 10:15:13-debug: Skip compress image, progress: 0%
2025-6-24 10:15:13-debug: Init all bundles start..., progress: 0%
2025-6-24 10:15:13-debug: Num of bundles: 2..., progress: 0%
2025-6-24 10:15:13-debug: 查询 Asset Bundle start, progress: 0%
2025-6-24 10:15:13-debug: // ---- build task 查询 Asset Bundle ----
2025-6-24 10:15:13-debug: Init bundle root assets start..., progress: 0%
2025-6-24 10:15:13-debug: Query preload assets/scripts from cc.config.json: 60f7195c-ec2a-45eb-ba94-8955f60e81d0,1c02ae6f-4492-4915-b8f8-7492a3b1e4cd,810e96e4-e456-4468-9b59-f4e8f39732c0,efe8e2a3-eace-427b-b4f1-cb8a937ec77d,e9aa9a3e-5b2b-4ac7-a2c7-073de2b2b24f,8bbdbcdd-5cd4-4100-b6d5-b7c9625b6107,50f4348b-c883-4e2f-8f11-ce233b859fa1,fda095cb-831d-4601-ad94-846013963de8,f92806d7-1768-443f-afe8-12bcde84d0f0,dd3a144d-ab7f-41f0-82b8-2e43a090d496,f0416e68-0200-4b77-a926-4f9d16e494da,970b0598-bcb0-4714-91fb-2e81440dccd8,bcd64cc6-2dd9-43f6-abbe-66318d332032,d930590d-bb92-4cc8-8bd1-23cd027f9edf,a3cd009f-0ab0-420d-9278-b9fdab939bbc,6a2d0734-bd9e-4ddf-946e-caa52498cb75,c27215d8-6835-4b68-bfbb-bdeac6100c04,b5d6115f-0370-4d7c-aad3-c194cc71cf98,871c3b6c-7379-419d-bda3-794b239ab90d,ff9b0199-ce04-4cfe-86cc-6c719f08d6e4,de1c2107-70c8-4021-8459-6399f24d01c6,cbf30902-517f-40dc-af90-a550bac27cf1
2025-6-24 10:15:13-debug:   Number of other assets: 312
2025-6-24 10:15:13-debug:   Number of all scripts: 8
2025-6-24 10:15:13-debug: Init bundle root assets success..., progress: 0%
2025-6-24 10:15:13-debug:   Number of all scenes: 1
2025-6-24 10:15:13-debug: // ---- build task 查询 Asset Bundle ---- (3ms)
2025-6-24 10:15:13-debug: 查询 Asset Bundle start, progress: 5%
2025-6-24 10:15:13-log: run build task 查询 Asset Bundle success in 3 ms√, progress: 5%
2025-6-24 10:15:13-debug: [Build Memory track]: 查询 Asset Bundle start:205.41MB, end 205.19MB, increase: -222.28KB
2025-6-24 10:15:13-debug: // ---- build task 查询 Asset Bundle ----
2025-6-24 10:15:13-debug: // ---- build task 查询 Asset Bundle ---- (1ms)
2025-6-24 10:15:13-debug: [Build Memory track]: 查询 Asset Bundle start:205.22MB, end 205.29MB, increase: 78.18KB
2025-6-24 10:15:13-log: run build task 查询 Asset Bundle success in 1 ms√, progress: 10%
2025-6-24 10:15:13-debug: 整理部分构建选项内数据到 settings.json start, progress: 10%
2025-6-24 10:15:13-debug: // ---- build task 整理部分构建选项内数据到 settings.json ----
2025-6-24 10:15:13-log: run build task 整理部分构建选项内数据到 settings.json success in √, progress: 12%
2025-6-24 10:15:13-debug: // ---- build task 填充脚本数据到 settings.json ----
2025-6-24 10:15:13-debug: [Build Memory track]: 整理部分构建选项内数据到 settings.json start:205.32MB, end 205.33MB, increase: 14.02KB
2025-6-24 10:15:13-debug: 填充脚本数据到 settings.json start, progress: 12%
2025-6-24 10:15:13-log: run build task 填充脚本数据到 settings.json success in √, progress: 13%
2025-6-24 10:15:13-debug: [Build Memory track]: 填充脚本数据到 settings.json start:205.36MB, end 205.38MB, increase: 18.36KB
2025-6-24 10:15:13-debug: 整理部分构建选项内数据到 settings.json start, progress: 13%
2025-6-24 10:15:13-debug: // ---- build task 整理部分构建选项内数据到 settings.json ----
2025-6-24 10:15:13-debug: // ---- build task 整理部分构建选项内数据到 settings.json ---- (3ms)
2025-6-24 10:15:13-log: run build task 整理部分构建选项内数据到 settings.json success in 3 ms√, progress: 15%
2025-6-24 10:15:13-debug: [Build Memory track]: 整理部分构建选项内数据到 settings.json start:205.40MB, end 204.76MB, increase: -654.13KB
2025-6-24 10:15:23-debug: refresh db internal success
2025-6-24 10:15:23-debug: refresh db assets success
2025-6-24 10:15:23-debug: Run asset db hook engine-extends:afterRefresh success!
2025-6-24 10:15:23-debug: Run asset db hook engine-extends:afterRefresh ...
2025-6-24 10:15:23-debug: asset-db:refresh-all-database (20ms)
2025-6-24 10:15:23-debug: asset-db:worker-effect-data-processing (1ms)
2025-6-24 10:15:23-debug: asset-db-hook-engine-extends-afterRefresh (1ms)
2025-6-24 10:16:13-debug: refresh db internal success
2025-6-24 10:16:13-debug: %cImport%c: /Users/zhao/Desktop/test/cocos-creator/JumpingBlock/assets/Scripts/Player.tsbackground: #aaff85; color: #000;color: #000;
2025-6-24 10:16:13-debug: refresh db assets success
2025-6-24 10:16:13-debug: Run asset db hook engine-extends:afterRefresh ...
2025-6-24 10:16:13-debug: Run asset db hook engine-extends:afterRefresh success!
2025-6-24 10:16:13-debug: asset-db:refresh-all-database (34ms)
2025-6-24 10:16:13-debug: asset-db:worker-effect-data-processing (1ms)
2025-6-24 10:16:13-debug: asset-db-hook-engine-extends-afterRefresh (1ms)
2025-6-24 10:16:13-debug: %cImport%c: /Users/zhao/Desktop/test/cocos-creator/JumpingBlock/assets/Scenes/main.scenebackground: #aaff85; color: #000;color: #000;
2025-6-24 10:16:13-debug: asset-db:reimport-asset20b35577-f54e-49ab-a58a-ce370c78bfaa (2ms)
2025-6-24 10:16:14-debug: Query all assets info in project
2025-6-24 10:16:14-debug: init custom config: keepNodeUuid: false, useCache: true
2025-6-24 10:16:14-debug: Skip compress image, progress: 0%
2025-6-24 10:16:14-debug: Init all bundles start..., progress: 0%
2025-6-24 10:16:14-debug: Num of bundles: 2..., progress: 0%
2025-6-24 10:16:14-debug: 查询 Asset Bundle start, progress: 0%
2025-6-24 10:16:14-debug: // ---- build task 查询 Asset Bundle ----
2025-6-24 10:16:14-debug: Init bundle root assets start..., progress: 0%
2025-6-24 10:16:14-debug: Query preload assets/scripts from cc.config.json: 60f7195c-ec2a-45eb-ba94-8955f60e81d0,1c02ae6f-4492-4915-b8f8-7492a3b1e4cd,810e96e4-e456-4468-9b59-f4e8f39732c0,efe8e2a3-eace-427b-b4f1-cb8a937ec77d,e9aa9a3e-5b2b-4ac7-a2c7-073de2b2b24f,8bbdbcdd-5cd4-4100-b6d5-b7c9625b6107,50f4348b-c883-4e2f-8f11-ce233b859fa1,fda095cb-831d-4601-ad94-846013963de8,f92806d7-1768-443f-afe8-12bcde84d0f0,dd3a144d-ab7f-41f0-82b8-2e43a090d496,f0416e68-0200-4b77-a926-4f9d16e494da,970b0598-bcb0-4714-91fb-2e81440dccd8,bcd64cc6-2dd9-43f6-abbe-66318d332032,d930590d-bb92-4cc8-8bd1-23cd027f9edf,a3cd009f-0ab0-420d-9278-b9fdab939bbc,6a2d0734-bd9e-4ddf-946e-caa52498cb75,c27215d8-6835-4b68-bfbb-bdeac6100c04,b5d6115f-0370-4d7c-aad3-c194cc71cf98,871c3b6c-7379-419d-bda3-794b239ab90d,ff9b0199-ce04-4cfe-86cc-6c719f08d6e4,de1c2107-70c8-4021-8459-6399f24d01c6,cbf30902-517f-40dc-af90-a550bac27cf1
2025-6-24 10:16:14-debug:   Number of all scripts: 8
2025-6-24 10:16:14-debug: Init bundle root assets success..., progress: 0%
2025-6-24 10:16:14-debug: [Build Memory track]: 查询 Asset Bundle start:205.80MB, end 206.31MB, increase: 513.69KB
2025-6-24 10:16:14-debug:   Number of other assets: 312
2025-6-24 10:16:14-debug: // ---- build task 查询 Asset Bundle ---- (6ms)
2025-6-24 10:16:14-debug: // ---- build task 查询 Asset Bundle ----
2025-6-24 10:16:14-debug:   Number of all scenes: 1
2025-6-24 10:16:14-log: run build task 查询 Asset Bundle success in 6 ms√, progress: 5%
2025-6-24 10:16:14-debug: 查询 Asset Bundle start, progress: 5%
2025-6-24 10:16:14-debug: // ---- build task 查询 Asset Bundle ---- (2ms)
2025-6-24 10:16:14-debug: 整理部分构建选项内数据到 settings.json start, progress: 10%
2025-6-24 10:16:14-log: run build task 查询 Asset Bundle success in 2 ms√, progress: 10%
2025-6-24 10:16:14-debug: // ---- build task 整理部分构建选项内数据到 settings.json ----
2025-6-24 10:16:14-debug: [Build Memory track]: 查询 Asset Bundle start:206.33MB, end 205.66MB, increase: -689.84KB
2025-6-24 10:16:14-log: run build task 整理部分构建选项内数据到 settings.json success in √, progress: 12%
2025-6-24 10:16:14-debug: [Build Memory track]: 整理部分构建选项内数据到 settings.json start:205.68MB, end 205.70MB, increase: 16.96KB
2025-6-24 10:16:14-debug: // ---- build task 填充脚本数据到 settings.json ----
2025-6-24 10:16:14-debug: 填充脚本数据到 settings.json start, progress: 12%
2025-6-24 10:16:14-debug: // ---- build task 填充脚本数据到 settings.json ---- (1ms)
2025-6-24 10:16:14-debug: 整理部分构建选项内数据到 settings.json start, progress: 13%
2025-6-24 10:16:14-debug: // ---- build task 整理部分构建选项内数据到 settings.json ----
2025-6-24 10:16:14-debug: [Build Memory track]: 填充脚本数据到 settings.json start:205.72MB, end 205.75MB, increase: 23.69KB
2025-6-24 10:16:14-log: run build task 填充脚本数据到 settings.json success in 1 ms√, progress: 13%
2025-6-24 10:16:14-log: run build task 整理部分构建选项内数据到 settings.json success in 3 ms√, progress: 15%
2025-6-24 10:16:14-debug: // ---- build task 整理部分构建选项内数据到 settings.json ---- (3ms)
2025-6-24 10:16:14-debug: [Build Memory track]: 整理部分构建选项内数据到 settings.json start:205.77MB, end 205.90MB, increase: 133.83KB
2025-6-24 10:16:19-debug: Query all assets info in project
2025-6-24 10:16:19-debug: init custom config: keepNodeUuid: false, useCache: true
2025-6-24 10:16:19-debug: Skip compress image, progress: 0%
2025-6-24 10:16:19-debug: Init all bundles start..., progress: 0%
2025-6-24 10:16:19-debug: Num of bundles: 2..., progress: 0%
2025-6-24 10:16:19-debug: Init bundle root assets start..., progress: 0%
2025-6-24 10:16:19-debug: // ---- build task 查询 Asset Bundle ----
2025-6-24 10:16:19-debug: 查询 Asset Bundle start, progress: 0%
2025-6-24 10:16:19-debug: Query preload assets/scripts from cc.config.json: 60f7195c-ec2a-45eb-ba94-8955f60e81d0,1c02ae6f-4492-4915-b8f8-7492a3b1e4cd,810e96e4-e456-4468-9b59-f4e8f39732c0,efe8e2a3-eace-427b-b4f1-cb8a937ec77d,e9aa9a3e-5b2b-4ac7-a2c7-073de2b2b24f,8bbdbcdd-5cd4-4100-b6d5-b7c9625b6107,50f4348b-c883-4e2f-8f11-ce233b859fa1,fda095cb-831d-4601-ad94-846013963de8,f92806d7-1768-443f-afe8-12bcde84d0f0,dd3a144d-ab7f-41f0-82b8-2e43a090d496,f0416e68-0200-4b77-a926-4f9d16e494da,970b0598-bcb0-4714-91fb-2e81440dccd8,bcd64cc6-2dd9-43f6-abbe-66318d332032,d930590d-bb92-4cc8-8bd1-23cd027f9edf,a3cd009f-0ab0-420d-9278-b9fdab939bbc,6a2d0734-bd9e-4ddf-946e-caa52498cb75,c27215d8-6835-4b68-bfbb-bdeac6100c04,b5d6115f-0370-4d7c-aad3-c194cc71cf98,871c3b6c-7379-419d-bda3-794b239ab90d,ff9b0199-ce04-4cfe-86cc-6c719f08d6e4,de1c2107-70c8-4021-8459-6399f24d01c6,cbf30902-517f-40dc-af90-a550bac27cf1
2025-6-24 10:16:19-debug:   Number of all scenes: 1
2025-6-24 10:16:19-debug:   Number of all scripts: 8
2025-6-24 10:16:19-debug:   Number of other assets: 312
2025-6-24 10:16:19-debug: Init bundle root assets success..., progress: 0%
2025-6-24 10:16:19-debug: // ---- build task 查询 Asset Bundle ---- (3ms)
2025-6-24 10:16:19-log: run build task 查询 Asset Bundle success in 3 ms√, progress: 5%
2025-6-24 10:16:19-debug: [Build Memory track]: 查询 Asset Bundle start:206.34MB, end 205.94MB, increase: -413.19KB
2025-6-24 10:16:19-debug: 查询 Asset Bundle start, progress: 5%
2025-6-24 10:16:19-debug: // ---- build task 查询 Asset Bundle ----
2025-6-24 10:16:19-debug: // ---- build task 查询 Asset Bundle ---- (1ms)
2025-6-24 10:16:19-debug: // ---- build task 整理部分构建选项内数据到 settings.json ----
2025-6-24 10:16:19-log: run build task 查询 Asset Bundle success in 1 ms√, progress: 10%
2025-6-24 10:16:19-debug: 整理部分构建选项内数据到 settings.json start, progress: 10%
2025-6-24 10:16:19-debug: [Build Memory track]: 查询 Asset Bundle start:205.96MB, end 206.04MB, increase: 77.37KB
2025-6-24 10:16:19-log: run build task 整理部分构建选项内数据到 settings.json success in √, progress: 12%
2025-6-24 10:16:19-debug: [Build Memory track]: 整理部分构建选项内数据到 settings.json start:206.06MB, end 206.08MB, increase: 16.89KB
2025-6-24 10:16:19-debug: 填充脚本数据到 settings.json start, progress: 12%
2025-6-24 10:16:19-debug: // ---- build task 填充脚本数据到 settings.json ----
2025-6-24 10:16:19-debug: // ---- build task 填充脚本数据到 settings.json ---- (1ms)
2025-6-24 10:16:19-debug: // ---- build task 整理部分构建选项内数据到 settings.json ----
2025-6-24 10:16:19-debug: [Build Memory track]: 填充脚本数据到 settings.json start:206.11MB, end 206.13MB, increase: 23.63KB
2025-6-24 10:16:19-debug: 整理部分构建选项内数据到 settings.json start, progress: 13%
2025-6-24 10:16:19-log: run build task 填充脚本数据到 settings.json success in 1 ms√, progress: 13%
2025-6-24 10:16:19-debug: // ---- build task 整理部分构建选项内数据到 settings.json ---- (2ms)
2025-6-24 10:16:19-log: run build task 整理部分构建选项内数据到 settings.json success in 2 ms√, progress: 15%
2025-6-24 10:16:19-debug: [Build Memory track]: 整理部分构建选项内数据到 settings.json start:206.15MB, end 206.27MB, increase: 123.61KB
2025-6-24 10:16:22-debug: Query all assets info in project
2025-6-24 10:16:22-debug: init custom config: keepNodeUuid: false, useCache: true
2025-6-24 10:16:22-debug: Skip compress image, progress: 0%
2025-6-24 10:16:22-debug: Init all bundles start..., progress: 0%
2025-6-24 10:16:22-debug: Num of bundles: 2..., progress: 0%
2025-6-24 10:16:22-debug: Init bundle root assets start..., progress: 0%
2025-6-24 10:16:22-debug: // ---- build task 查询 Asset Bundle ----
2025-6-24 10:16:22-debug: 查询 Asset Bundle start, progress: 0%
2025-6-24 10:16:22-debug: Query preload assets/scripts from cc.config.json: 60f7195c-ec2a-45eb-ba94-8955f60e81d0,1c02ae6f-4492-4915-b8f8-7492a3b1e4cd,810e96e4-e456-4468-9b59-f4e8f39732c0,efe8e2a3-eace-427b-b4f1-cb8a937ec77d,e9aa9a3e-5b2b-4ac7-a2c7-073de2b2b24f,8bbdbcdd-5cd4-4100-b6d5-b7c9625b6107,50f4348b-c883-4e2f-8f11-ce233b859fa1,fda095cb-831d-4601-ad94-846013963de8,f92806d7-1768-443f-afe8-12bcde84d0f0,dd3a144d-ab7f-41f0-82b8-2e43a090d496,f0416e68-0200-4b77-a926-4f9d16e494da,970b0598-bcb0-4714-91fb-2e81440dccd8,bcd64cc6-2dd9-43f6-abbe-66318d332032,d930590d-bb92-4cc8-8bd1-23cd027f9edf,a3cd009f-0ab0-420d-9278-b9fdab939bbc,6a2d0734-bd9e-4ddf-946e-caa52498cb75,c27215d8-6835-4b68-bfbb-bdeac6100c04,b5d6115f-0370-4d7c-aad3-c194cc71cf98,871c3b6c-7379-419d-bda3-794b239ab90d,ff9b0199-ce04-4cfe-86cc-6c719f08d6e4,de1c2107-70c8-4021-8459-6399f24d01c6,cbf30902-517f-40dc-af90-a550bac27cf1
2025-6-24 10:16:22-debug: Init bundle root assets success..., progress: 0%
2025-6-24 10:16:22-debug:   Number of all scripts: 8
2025-6-24 10:16:22-debug:   Number of other assets: 312
2025-6-24 10:16:22-debug:   Number of all scenes: 1
2025-6-24 10:16:22-debug: // ---- build task 查询 Asset Bundle ---- (3ms)
2025-6-24 10:16:22-debug: // ---- build task 查询 Asset Bundle ----
2025-6-24 10:16:22-debug: [Build Memory track]: 查询 Asset Bundle start:205.98MB, end 206.48MB, increase: 514.90KB
2025-6-24 10:16:22-debug: 查询 Asset Bundle start, progress: 5%
2025-6-24 10:16:22-log: run build task 查询 Asset Bundle success in 3 ms√, progress: 5%
2025-6-24 10:16:22-debug: // ---- build task 查询 Asset Bundle ---- (1ms)
2025-6-24 10:16:22-debug: 整理部分构建选项内数据到 settings.json start, progress: 10%
2025-6-24 10:16:22-debug: [Build Memory track]: 查询 Asset Bundle start:206.62MB, end 205.85MB, increase: -794.22KB
2025-6-24 10:16:22-log: run build task 查询 Asset Bundle success in 1 ms√, progress: 10%
2025-6-24 10:16:22-debug: // ---- build task 整理部分构建选项内数据到 settings.json ----
2025-6-24 10:16:22-log: run build task 整理部分构建选项内数据到 settings.json success in √, progress: 12%
2025-6-24 10:16:22-debug: [Build Memory track]: 整理部分构建选项内数据到 settings.json start:205.87MB, end 205.89MB, increase: 15.72KB
2025-6-24 10:16:22-debug: 填充脚本数据到 settings.json start, progress: 12%
2025-6-24 10:16:22-debug: // ---- build task 填充脚本数据到 settings.json ----
2025-6-24 10:16:22-debug: // ---- build task 填充脚本数据到 settings.json ---- (1ms)
2025-6-24 10:16:22-debug: // ---- build task 整理部分构建选项内数据到 settings.json ----
2025-6-24 10:16:22-debug: [Build Memory track]: 填充脚本数据到 settings.json start:205.91MB, end 205.94MB, increase: 24.68KB
2025-6-24 10:16:22-debug: 整理部分构建选项内数据到 settings.json start, progress: 13%
2025-6-24 10:16:22-log: run build task 填充脚本数据到 settings.json success in 1 ms√, progress: 13%
2025-6-24 10:16:22-debug: // ---- build task 整理部分构建选项内数据到 settings.json ---- (2ms)
2025-6-24 10:16:22-log: run build task 整理部分构建选项内数据到 settings.json success in 2 ms√, progress: 15%
2025-6-24 10:16:22-debug: [Build Memory track]: 整理部分构建选项内数据到 settings.json start:205.96MB, end 206.08MB, increase: 123.54KB
2025-6-24 10:16:24-debug: refresh db internal success
2025-6-24 10:16:24-debug: refresh db assets success
2025-6-24 10:16:24-debug: Run asset db hook engine-extends:afterRefresh ...
2025-6-24 10:16:24-debug: Run asset db hook engine-extends:afterRefresh success!
2025-6-24 10:16:24-debug: asset-db:refresh-all-database (29ms)
2025-6-24 10:16:24-debug: asset-db:worker-effect-data-processing (1ms)
2025-6-24 10:16:24-debug: asset-db-hook-engine-extends-afterRefresh (1ms)
2025-6-24 10:19:24-debug: refresh db internal success
2025-6-24 10:19:24-debug: %cImport%c: /Users/zhao/Desktop/test/cocos-creator/JumpingBlock/assets/Scripts/Player.tsbackground: #aaff85; color: #000;color: #000;
2025-6-24 10:19:24-debug: refresh db assets success
2025-6-24 10:19:24-debug: Run asset db hook engine-extends:afterRefresh ...
2025-6-24 10:19:24-debug: Run asset db hook engine-extends:afterRefresh success!
2025-6-24 10:19:24-debug: asset-db:refresh-all-database (25ms)
2025-6-24 10:19:24-debug: asset-db:worker-effect-data-processing (2ms)
2025-6-24 10:19:24-debug: asset-db-hook-engine-extends-afterRefresh (2ms)
2025-6-24 10:19:25-debug: %cImport%c: /Users/zhao/Desktop/test/cocos-creator/JumpingBlock/assets/Scenes/main.scenebackground: #aaff85; color: #000;color: #000;
2025-6-24 10:19:25-debug: asset-db:reimport-asset20b35577-f54e-49ab-a58a-ce370c78bfaa (3ms)
2025-6-24 10:19:25-debug: Query all assets info in project
2025-6-24 10:19:25-debug: init custom config: keepNodeUuid: false, useCache: true
2025-6-24 10:19:25-debug: Skip compress image, progress: 0%
2025-6-24 10:19:25-debug: Init all bundles start..., progress: 0%
2025-6-24 10:19:25-debug: // ---- build task 查询 Asset Bundle ----
2025-6-24 10:19:25-debug: Num of bundles: 2..., progress: 0%
2025-6-24 10:19:25-debug: 查询 Asset Bundle start, progress: 0%
2025-6-24 10:19:25-debug: Init bundle root assets start..., progress: 0%
2025-6-24 10:19:25-debug: Query preload assets/scripts from cc.config.json: 60f7195c-ec2a-45eb-ba94-8955f60e81d0,1c02ae6f-4492-4915-b8f8-7492a3b1e4cd,810e96e4-e456-4468-9b59-f4e8f39732c0,efe8e2a3-eace-427b-b4f1-cb8a937ec77d,e9aa9a3e-5b2b-4ac7-a2c7-073de2b2b24f,8bbdbcdd-5cd4-4100-b6d5-b7c9625b6107,50f4348b-c883-4e2f-8f11-ce233b859fa1,fda095cb-831d-4601-ad94-846013963de8,f92806d7-1768-443f-afe8-12bcde84d0f0,dd3a144d-ab7f-41f0-82b8-2e43a090d496,f0416e68-0200-4b77-a926-4f9d16e494da,970b0598-bcb0-4714-91fb-2e81440dccd8,bcd64cc6-2dd9-43f6-abbe-66318d332032,d930590d-bb92-4cc8-8bd1-23cd027f9edf,a3cd009f-0ab0-420d-9278-b9fdab939bbc,6a2d0734-bd9e-4ddf-946e-caa52498cb75,c27215d8-6835-4b68-bfbb-bdeac6100c04,b5d6115f-0370-4d7c-aad3-c194cc71cf98,871c3b6c-7379-419d-bda3-794b239ab90d,ff9b0199-ce04-4cfe-86cc-6c719f08d6e4,de1c2107-70c8-4021-8459-6399f24d01c6,cbf30902-517f-40dc-af90-a550bac27cf1
2025-6-24 10:19:25-debug:   Number of all scenes: 1
2025-6-24 10:19:25-debug:   Number of all scripts: 8
2025-6-24 10:19:25-debug: Init bundle root assets success..., progress: 0%
2025-6-24 10:19:25-debug:   Number of other assets: 312
2025-6-24 10:19:25-debug: // ---- build task 查询 Asset Bundle ---- (5ms)
2025-6-24 10:19:25-debug: [Build Memory track]: 查询 Asset Bundle start:206.80MB, end 207.30MB, increase: 514.39KB
2025-6-24 10:19:25-debug: 查询 Asset Bundle start, progress: 5%
2025-6-24 10:19:25-debug: // ---- build task 查询 Asset Bundle ----
2025-6-24 10:19:25-log: run build task 查询 Asset Bundle success in 5 ms√, progress: 5%
2025-6-24 10:19:25-log: run build task 查询 Asset Bundle success in 2 ms√, progress: 10%
2025-6-24 10:19:25-debug: [Build Memory track]: 查询 Asset Bundle start:207.33MB, end 206.68MB, increase: -663.28KB
2025-6-24 10:19:25-debug: // ---- build task 查询 Asset Bundle ---- (2ms)
2025-6-24 10:19:25-debug: // ---- build task 整理部分构建选项内数据到 settings.json ----
2025-6-24 10:19:25-debug: 整理部分构建选项内数据到 settings.json start, progress: 10%
2025-6-24 10:19:25-debug: // ---- build task 整理部分构建选项内数据到 settings.json ---- (1ms)
2025-6-24 10:19:25-log: run build task 整理部分构建选项内数据到 settings.json success in 1 ms√, progress: 12%
2025-6-24 10:19:25-debug: // ---- build task 填充脚本数据到 settings.json ----
2025-6-24 10:19:25-debug: [Build Memory track]: 整理部分构建选项内数据到 settings.json start:206.70MB, end 206.73MB, increase: 24.62KB
2025-6-24 10:19:25-debug: 填充脚本数据到 settings.json start, progress: 12%
2025-6-24 10:19:25-log: run build task 填充脚本数据到 settings.json success in 1 ms√, progress: 13%
2025-6-24 10:19:25-debug: // ---- build task 整理部分构建选项内数据到 settings.json ----
2025-6-24 10:19:25-debug: [Build Memory track]: 填充脚本数据到 settings.json start:206.75MB, end 206.78MB, increase: 24.67KB
2025-6-24 10:19:25-debug: // ---- build task 填充脚本数据到 settings.json ---- (1ms)
2025-6-24 10:19:25-debug: 整理部分构建选项内数据到 settings.json start, progress: 13%
2025-6-24 10:19:25-debug: // ---- build task 整理部分构建选项内数据到 settings.json ---- (2ms)
2025-6-24 10:19:25-log: run build task 整理部分构建选项内数据到 settings.json success in 2 ms√, progress: 15%
2025-6-24 10:19:25-debug: [Build Memory track]: 整理部分构建选项内数据到 settings.json start:206.80MB, end 206.94MB, increase: 138.91KB
2025-6-24 10:19:34-debug: refresh db internal success
2025-6-24 10:19:34-debug: refresh db assets success
2025-6-24 10:19:34-debug: Run asset db hook engine-extends:afterRefresh ...
2025-6-24 10:19:34-debug: Run asset db hook engine-extends:afterRefresh success!
2025-6-24 10:19:34-debug: asset-db:refresh-all-database (29ms)
2025-6-24 10:19:34-debug: asset-db:worker-effect-data-processing (1ms)
2025-6-24 10:19:34-debug: asset-db-hook-engine-extends-afterRefresh (1ms)
2025-6-24 10:22:08-debug: refresh db internal success
2025-6-24 10:22:08-debug: %cImport%c: /Users/zhao/Desktop/test/cocos-creator/JumpingBlock/assets/Scripts/Player.tsbackground: #aaff85; color: #000;color: #000;
2025-6-24 10:22:08-debug: refresh db assets success
2025-6-24 10:22:08-debug: Run asset db hook engine-extends:afterRefresh ...
2025-6-24 10:22:08-debug: Run asset db hook engine-extends:afterRefresh success!
2025-6-24 10:22:08-debug: asset-db:refresh-all-database (31ms)
2025-6-24 10:22:08-debug: asset-db:worker-effect-data-processing (1ms)
2025-6-24 10:22:08-debug: asset-db-hook-engine-extends-afterRefresh (1ms)
2025-6-24 10:22:08-debug: Query all assets info in project
2025-6-24 10:22:08-debug: init custom config: keepNodeUuid: false, useCache: true
2025-6-24 10:22:08-debug: Skip compress image, progress: 0%
2025-6-24 10:22:08-debug: Init all bundles start..., progress: 0%
2025-6-24 10:22:08-debug: Init bundle root assets start..., progress: 0%
2025-6-24 10:22:08-debug: 查询 Asset Bundle start, progress: 0%
2025-6-24 10:22:08-debug: // ---- build task 查询 Asset Bundle ----
2025-6-24 10:22:08-debug: Num of bundles: 2..., progress: 0%
2025-6-24 10:22:08-debug: Query preload assets/scripts from cc.config.json: 60f7195c-ec2a-45eb-ba94-8955f60e81d0,1c02ae6f-4492-4915-b8f8-7492a3b1e4cd,810e96e4-e456-4468-9b59-f4e8f39732c0,efe8e2a3-eace-427b-b4f1-cb8a937ec77d,e9aa9a3e-5b2b-4ac7-a2c7-073de2b2b24f,8bbdbcdd-5cd4-4100-b6d5-b7c9625b6107,50f4348b-c883-4e2f-8f11-ce233b859fa1,fda095cb-831d-4601-ad94-846013963de8,f92806d7-1768-443f-afe8-12bcde84d0f0,dd3a144d-ab7f-41f0-82b8-2e43a090d496,f0416e68-0200-4b77-a926-4f9d16e494da,970b0598-bcb0-4714-91fb-2e81440dccd8,bcd64cc6-2dd9-43f6-abbe-66318d332032,d930590d-bb92-4cc8-8bd1-23cd027f9edf,a3cd009f-0ab0-420d-9278-b9fdab939bbc,6a2d0734-bd9e-4ddf-946e-caa52498cb75,c27215d8-6835-4b68-bfbb-bdeac6100c04,b5d6115f-0370-4d7c-aad3-c194cc71cf98,871c3b6c-7379-419d-bda3-794b239ab90d,ff9b0199-ce04-4cfe-86cc-6c719f08d6e4,de1c2107-70c8-4021-8459-6399f24d01c6,cbf30902-517f-40dc-af90-a550bac27cf1
2025-6-24 10:22:08-debug:   Number of other assets: 312
2025-6-24 10:22:08-debug:   Number of all scenes: 1
2025-6-24 10:22:08-debug: Init bundle root assets success..., progress: 0%
2025-6-24 10:22:08-debug:   Number of all scripts: 8
2025-6-24 10:22:08-debug: // ---- build task 查询 Asset Bundle ---- (5ms)
2025-6-24 10:22:08-log: run build task 查询 Asset Bundle success in 5 ms√, progress: 5%
2025-6-24 10:22:08-debug: [Build Memory track]: 查询 Asset Bundle start:207.42MB, end 207.92MB, increase: 514.75KB
2025-6-24 10:22:08-debug: 查询 Asset Bundle start, progress: 5%
2025-6-24 10:22:08-debug: // ---- build task 查询 Asset Bundle ----
2025-6-24 10:22:08-debug: // ---- build task 查询 Asset Bundle ---- (1ms)
2025-6-24 10:22:08-debug: // ---- build task 整理部分构建选项内数据到 settings.json ----
2025-6-24 10:22:08-log: run build task 查询 Asset Bundle success in 1 ms√, progress: 10%
2025-6-24 10:22:08-debug: [Build Memory track]: 查询 Asset Bundle start:207.95MB, end 208.02MB, increase: 77.48KB
2025-6-24 10:22:08-debug: 整理部分构建选项内数据到 settings.json start, progress: 10%
2025-6-24 10:22:08-log: run build task 整理部分构建选项内数据到 settings.json success in √, progress: 12%
2025-6-24 10:22:08-debug: [Build Memory track]: 整理部分构建选项内数据到 settings.json start:208.05MB, end 208.06MB, increase: 16.45KB
2025-6-24 10:22:08-debug: 填充脚本数据到 settings.json start, progress: 12%
2025-6-24 10:22:08-debug: // ---- build task 填充脚本数据到 settings.json ----
2025-6-24 10:22:08-log: run build task 填充脚本数据到 settings.json success in √, progress: 13%
2025-6-24 10:22:08-debug: 整理部分构建选项内数据到 settings.json start, progress: 13%
2025-6-24 10:22:08-debug: // ---- build task 整理部分构建选项内数据到 settings.json ----
2025-6-24 10:22:08-debug: [Build Memory track]: 填充脚本数据到 settings.json start:208.09MB, end 208.10MB, increase: 15.53KB
2025-6-24 10:22:08-debug: // ---- build task 整理部分构建选项内数据到 settings.json ---- (2ms)
2025-6-24 10:22:08-log: run build task 整理部分构建选项内数据到 settings.json success in 2 ms√, progress: 15%
2025-6-24 10:22:08-debug: [Build Memory track]: 整理部分构建选项内数据到 settings.json start:208.13MB, end 207.50MB, increase: -637.97KB
2025-6-24 10:22:19-debug: refresh db internal success
2025-6-24 10:22:19-debug: refresh db assets success
2025-6-24 10:22:19-debug: Run asset db hook engine-extends:afterRefresh ...
2025-6-24 10:22:19-debug: Run asset db hook engine-extends:afterRefresh success!
2025-6-24 10:22:19-debug: asset-db:refresh-all-database (20ms)
2025-6-24 10:22:19-debug: asset-db-hook-engine-extends-afterRefresh (1ms)
2025-6-24 10:22:23-debug: refresh db internal success
2025-6-24 10:22:23-debug: refresh db assets success
2025-6-24 10:22:23-debug: Run asset db hook engine-extends:afterRefresh success!
2025-6-24 10:22:23-debug: Run asset db hook engine-extends:afterRefresh ...
2025-6-24 10:22:23-debug: asset-db:refresh-all-database (26ms)
2025-6-24 10:22:23-debug: asset-db-hook-engine-extends-afterRefresh (1ms)
2025-6-24 10:25:39-debug: refresh db internal success
2025-6-24 10:25:39-debug: %cImport%c: /Users/zhao/Desktop/test/cocos-creator/JumpingBlock/assets/Scripts/Player.tsbackground: #aaff85; color: #000;color: #000;
2025-6-24 10:25:39-debug: refresh db assets success
2025-6-24 10:25:39-debug: Run asset db hook engine-extends:afterRefresh ...
2025-6-24 10:25:39-debug: Run asset db hook engine-extends:afterRefresh success!
2025-6-24 10:25:39-debug: asset-db:refresh-all-database (24ms)
2025-6-24 10:25:39-debug: asset-db:worker-effect-data-processing (2ms)
2025-6-24 10:25:39-debug: asset-db-hook-engine-extends-afterRefresh (2ms)
2025-6-24 10:25:40-debug: Query all assets info in project
2025-6-24 10:25:40-debug: init custom config: keepNodeUuid: false, useCache: true
2025-6-24 10:25:40-debug: Skip compress image, progress: 0%
2025-6-24 10:25:40-debug: Init all bundles start..., progress: 0%
2025-6-24 10:25:40-debug: // ---- build task 查询 Asset Bundle ----
2025-6-24 10:25:40-debug: Num of bundles: 2..., progress: 0%
2025-6-24 10:25:40-debug: 查询 Asset Bundle start, progress: 0%
2025-6-24 10:25:40-debug: Init bundle root assets start..., progress: 0%
2025-6-24 10:25:40-debug: Query preload assets/scripts from cc.config.json: 60f7195c-ec2a-45eb-ba94-8955f60e81d0,1c02ae6f-4492-4915-b8f8-7492a3b1e4cd,810e96e4-e456-4468-9b59-f4e8f39732c0,efe8e2a3-eace-427b-b4f1-cb8a937ec77d,e9aa9a3e-5b2b-4ac7-a2c7-073de2b2b24f,8bbdbcdd-5cd4-4100-b6d5-b7c9625b6107,50f4348b-c883-4e2f-8f11-ce233b859fa1,fda095cb-831d-4601-ad94-846013963de8,f92806d7-1768-443f-afe8-12bcde84d0f0,dd3a144d-ab7f-41f0-82b8-2e43a090d496,f0416e68-0200-4b77-a926-4f9d16e494da,970b0598-bcb0-4714-91fb-2e81440dccd8,bcd64cc6-2dd9-43f6-abbe-66318d332032,d930590d-bb92-4cc8-8bd1-23cd027f9edf,a3cd009f-0ab0-420d-9278-b9fdab939bbc,6a2d0734-bd9e-4ddf-946e-caa52498cb75,c27215d8-6835-4b68-bfbb-bdeac6100c04,b5d6115f-0370-4d7c-aad3-c194cc71cf98,871c3b6c-7379-419d-bda3-794b239ab90d,ff9b0199-ce04-4cfe-86cc-6c719f08d6e4,de1c2107-70c8-4021-8459-6399f24d01c6,cbf30902-517f-40dc-af90-a550bac27cf1
2025-6-24 10:25:40-debug: Init bundle root assets success..., progress: 0%
2025-6-24 10:25:40-debug:   Number of all scenes: 1
2025-6-24 10:25:40-debug:   Number of other assets: 312
2025-6-24 10:25:40-debug:   Number of all scripts: 8
2025-6-24 10:25:40-log: run build task 查询 Asset Bundle success in 4 ms√, progress: 5%
2025-6-24 10:25:40-debug: [Build Memory track]: 查询 Asset Bundle start:208.58MB, end 209.09MB, increase: 521.97KB
2025-6-24 10:25:40-debug: // ---- build task 查询 Asset Bundle ----
2025-6-24 10:25:40-debug: // ---- build task 查询 Asset Bundle ---- (4ms)
2025-6-24 10:25:40-debug: 查询 Asset Bundle start, progress: 5%
2025-6-24 10:25:40-debug: // ---- build task 查询 Asset Bundle ---- (2ms)
2025-6-24 10:25:40-debug: // ---- build task 整理部分构建选项内数据到 settings.json ----
2025-6-24 10:25:40-debug: [Build Memory track]: 查询 Asset Bundle start:209.12MB, end 209.19MB, increase: 77.77KB
2025-6-24 10:25:40-debug: 整理部分构建选项内数据到 settings.json start, progress: 10%
2025-6-24 10:25:40-log: run build task 查询 Asset Bundle success in 2 ms√, progress: 10%
2025-6-24 10:25:40-log: run build task 整理部分构建选项内数据到 settings.json success in √, progress: 12%
2025-6-24 10:25:40-debug: 填充脚本数据到 settings.json start, progress: 12%
2025-6-24 10:25:40-debug: [Build Memory track]: 整理部分构建选项内数据到 settings.json start:209.22MB, end 209.23MB, increase: 15.13KB
2025-6-24 10:25:40-debug: // ---- build task 填充脚本数据到 settings.json ----
2025-6-24 10:25:40-debug: // ---- build task 填充脚本数据到 settings.json ---- (1ms)
2025-6-24 10:25:40-debug: 整理部分构建选项内数据到 settings.json start, progress: 13%
2025-6-24 10:25:40-debug: [Build Memory track]: 填充脚本数据到 settings.json start:209.26MB, end 208.53MB, increase: -742.07KB
2025-6-24 10:25:40-debug: // ---- build task 整理部分构建选项内数据到 settings.json ----
2025-6-24 10:25:40-log: run build task 填充脚本数据到 settings.json success in 1 ms√, progress: 13%
2025-6-24 10:25:40-debug: // ---- build task 整理部分构建选项内数据到 settings.json ---- (2ms)
2025-6-24 10:25:40-log: run build task 整理部分构建选项内数据到 settings.json success in 2 ms√, progress: 15%
2025-6-24 10:25:40-debug: [Build Memory track]: 整理部分构建选项内数据到 settings.json start:208.56MB, end 208.68MB, increase: 124.64KB
2025-6-24 10:25:42-debug: refresh db internal success
2025-6-24 10:25:42-debug: refresh db assets success
2025-6-24 10:25:42-debug: Run asset db hook engine-extends:afterRefresh ...
2025-6-24 10:25:42-debug: Run asset db hook engine-extends:afterRefresh success!
2025-6-24 10:25:42-debug: asset-db:refresh-all-database (23ms)
2025-6-24 10:25:42-debug: asset-db:worker-effect-data-processing (1ms)
2025-6-24 10:25:42-debug: asset-db-hook-engine-extends-afterRefresh (1ms)
2025-6-24 10:26:16-debug: %cImport%c: /Users/zhao/Desktop/test/cocos-creator/JumpingBlock/assets/Animations/JumpOneStep.animbackground: #aaff85; color: #000;color: #000;
2025-6-24 10:26:16-debug: asset-db:reimport-asset3c2dc981-2049-4119-a09f-bd50c580edaf (5ms)
2025-6-24 10:26:18-debug: %cImport%c: /Users/zhao/Desktop/test/cocos-creator/JumpingBlock/assets/Animations/JumpOneStep.animbackground: #aaff85; color: #000;color: #000;
2025-6-24 10:26:18-debug: asset-db:reimport-asset3c2dc981-2049-4119-a09f-bd50c580edaf (3ms)
2025-6-24 10:26:18-debug: %cImport%c: /Users/zhao/Desktop/test/cocos-creator/JumpingBlock/assets/Scenes/main.scenebackground: #aaff85; color: #000;color: #000;
2025-6-24 10:26:18-debug: asset-db:reimport-asset20b35577-f54e-49ab-a58a-ce370c78bfaa (4ms)
2025-6-24 10:26:19-debug: %cImport%c: /Users/zhao/Desktop/test/cocos-creator/JumpingBlock/assets/Scenes/main.scenebackground: #aaff85; color: #000;color: #000;
2025-6-24 10:26:19-debug: asset-db:reimport-asset20b35577-f54e-49ab-a58a-ce370c78bfaa (4ms)
2025-6-24 10:26:19-debug: Query all assets info in project
2025-6-24 10:26:19-debug: init custom config: keepNodeUuid: false, useCache: true
2025-6-24 10:26:19-debug: Skip compress image, progress: 0%
2025-6-24 10:26:19-debug: Init all bundles start..., progress: 0%
2025-6-24 10:26:19-debug: Init bundle root assets start..., progress: 0%
2025-6-24 10:26:19-debug: 查询 Asset Bundle start, progress: 0%
2025-6-24 10:26:19-debug: // ---- build task 查询 Asset Bundle ----
2025-6-24 10:26:19-debug: Num of bundles: 2..., progress: 0%
2025-6-24 10:26:19-debug: Query preload assets/scripts from cc.config.json: 60f7195c-ec2a-45eb-ba94-8955f60e81d0,1c02ae6f-4492-4915-b8f8-7492a3b1e4cd,810e96e4-e456-4468-9b59-f4e8f39732c0,efe8e2a3-eace-427b-b4f1-cb8a937ec77d,e9aa9a3e-5b2b-4ac7-a2c7-073de2b2b24f,8bbdbcdd-5cd4-4100-b6d5-b7c9625b6107,50f4348b-c883-4e2f-8f11-ce233b859fa1,fda095cb-831d-4601-ad94-846013963de8,f92806d7-1768-443f-afe8-12bcde84d0f0,dd3a144d-ab7f-41f0-82b8-2e43a090d496,f0416e68-0200-4b77-a926-4f9d16e494da,970b0598-bcb0-4714-91fb-2e81440dccd8,bcd64cc6-2dd9-43f6-abbe-66318d332032,d930590d-bb92-4cc8-8bd1-23cd027f9edf,a3cd009f-0ab0-420d-9278-b9fdab939bbc,6a2d0734-bd9e-4ddf-946e-caa52498cb75,c27215d8-6835-4b68-bfbb-bdeac6100c04,b5d6115f-0370-4d7c-aad3-c194cc71cf98,871c3b6c-7379-419d-bda3-794b239ab90d,ff9b0199-ce04-4cfe-86cc-6c719f08d6e4,de1c2107-70c8-4021-8459-6399f24d01c6,cbf30902-517f-40dc-af90-a550bac27cf1
2025-6-24 10:26:19-debug:   Number of all scenes: 1
2025-6-24 10:26:19-debug:   Number of all scripts: 8
2025-6-24 10:26:19-debug:   Number of other assets: 312
2025-6-24 10:26:19-debug: Init bundle root assets success..., progress: 0%
2025-6-24 10:26:19-debug: // ---- build task 查询 Asset Bundle ---- (5ms)
2025-6-24 10:26:19-debug: // ---- build task 查询 Asset Bundle ----
2025-6-24 10:26:19-log: run build task 查询 Asset Bundle success in 5 ms√, progress: 5%
2025-6-24 10:26:19-debug: [Build Memory track]: 查询 Asset Bundle start:209.60MB, end 209.23MB, increase: -382.07KB
2025-6-24 10:26:19-debug: 查询 Asset Bundle start, progress: 5%
2025-6-24 10:26:19-debug: // ---- build task 查询 Asset Bundle ---- (4ms)
2025-6-24 10:26:19-log: run build task 查询 Asset Bundle success in 4 ms√, progress: 10%
2025-6-24 10:26:19-debug: [Build Memory track]: 查询 Asset Bundle start:209.25MB, end 209.33MB, increase: 77.29KB
2025-6-24 10:26:19-debug: 整理部分构建选项内数据到 settings.json start, progress: 10%
2025-6-24 10:26:19-debug: // ---- build task 整理部分构建选项内数据到 settings.json ----
2025-6-24 10:26:19-debug: // ---- build task 整理部分构建选项内数据到 settings.json ---- (1ms)
2025-6-24 10:26:19-log: run build task 整理部分构建选项内数据到 settings.json success in 1 ms√, progress: 12%
2025-6-24 10:26:19-debug: // ---- build task 填充脚本数据到 settings.json ----
2025-6-24 10:26:19-debug: 填充脚本数据到 settings.json start, progress: 12%
2025-6-24 10:26:19-debug: [Build Memory track]: 整理部分构建选项内数据到 settings.json start:209.36MB, end 209.38MB, increase: 24.64KB
2025-6-24 10:26:19-debug: [Build Memory track]: 填充脚本数据到 settings.json start:209.40MB, end 209.42MB, increase: 16.61KB
2025-6-24 10:26:19-debug: // ---- build task 整理部分构建选项内数据到 settings.json ----
2025-6-24 10:26:19-log: run build task 填充脚本数据到 settings.json success in √, progress: 13%
2025-6-24 10:26:19-debug: 整理部分构建选项内数据到 settings.json start, progress: 13%
2025-6-24 10:26:19-debug: // ---- build task 整理部分构建选项内数据到 settings.json ---- (1ms)
2025-6-24 10:26:19-log: run build task 整理部分构建选项内数据到 settings.json success in 1 ms√, progress: 15%
2025-6-24 10:26:19-debug: [Build Memory track]: 整理部分构建选项内数据到 settings.json start:209.45MB, end 209.57MB, increase: 122.89KB
2025-6-24 10:26:24-debug: refresh db internal success
2025-6-24 10:26:24-debug: refresh db assets success
2025-6-24 10:26:24-debug: Run asset db hook engine-extends:afterRefresh ...
2025-6-24 10:26:24-debug: Run asset db hook engine-extends:afterRefresh success!
2025-6-24 10:26:24-debug: asset-db:refresh-all-database (21ms)
2025-6-24 10:26:24-debug: asset-db:worker-effect-data-processing (1ms)
2025-6-24 10:26:24-debug: asset-db-hook-engine-extends-afterRefresh (1ms)
2025-6-24 10:26:33-debug: %cImport%c: /Users/zhao/Desktop/test/cocos-creator/JumpingBlock/assets/Animations/JumpOneStep.animbackground: #aaff85; color: #000;color: #000;
2025-6-24 10:26:33-debug: asset-db:reimport-asset3c2dc981-2049-4119-a09f-bd50c580edaf (3ms)
2025-6-24 10:26:34-debug: %cImport%c: /Users/zhao/Desktop/test/cocos-creator/JumpingBlock/assets/Animations/JumpOneStep.animbackground: #aaff85; color: #000;color: #000;
2025-6-24 10:26:34-debug: asset-db:reimport-asset3c2dc981-2049-4119-a09f-bd50c580edaf (4ms)
2025-6-24 10:26:37-debug: %cImport%c: /Users/zhao/Desktop/test/cocos-creator/JumpingBlock/assets/Animations/JumpOneStep.animbackground: #aaff85; color: #000;color: #000;
2025-6-24 10:26:37-debug: asset-db:reimport-asset3c2dc981-2049-4119-a09f-bd50c580edaf (3ms)
2025-6-24 10:26:37-debug: %cImport%c: /Users/zhao/Desktop/test/cocos-creator/JumpingBlock/assets/Scenes/main.scenebackground: #aaff85; color: #000;color: #000;
2025-6-24 10:26:37-debug: asset-db:reimport-asset20b35577-f54e-49ab-a58a-ce370c78bfaa (4ms)
2025-6-24 10:26:38-debug: Query all assets info in project
2025-6-24 10:26:38-debug: init custom config: keepNodeUuid: false, useCache: true
2025-6-24 10:26:38-debug: Skip compress image, progress: 0%
2025-6-24 10:26:38-debug: Init all bundles start..., progress: 0%
2025-6-24 10:26:38-debug: Init bundle root assets start..., progress: 0%
2025-6-24 10:26:38-debug: // ---- build task 查询 Asset Bundle ----
2025-6-24 10:26:38-debug: 查询 Asset Bundle start, progress: 0%
2025-6-24 10:26:38-debug: Num of bundles: 2..., progress: 0%
2025-6-24 10:26:38-debug: Query preload assets/scripts from cc.config.json: 60f7195c-ec2a-45eb-ba94-8955f60e81d0,1c02ae6f-4492-4915-b8f8-7492a3b1e4cd,810e96e4-e456-4468-9b59-f4e8f39732c0,efe8e2a3-eace-427b-b4f1-cb8a937ec77d,e9aa9a3e-5b2b-4ac7-a2c7-073de2b2b24f,8bbdbcdd-5cd4-4100-b6d5-b7c9625b6107,50f4348b-c883-4e2f-8f11-ce233b859fa1,fda095cb-831d-4601-ad94-846013963de8,f92806d7-1768-443f-afe8-12bcde84d0f0,dd3a144d-ab7f-41f0-82b8-2e43a090d496,f0416e68-0200-4b77-a926-4f9d16e494da,970b0598-bcb0-4714-91fb-2e81440dccd8,bcd64cc6-2dd9-43f6-abbe-66318d332032,d930590d-bb92-4cc8-8bd1-23cd027f9edf,a3cd009f-0ab0-420d-9278-b9fdab939bbc,6a2d0734-bd9e-4ddf-946e-caa52498cb75,c27215d8-6835-4b68-bfbb-bdeac6100c04,b5d6115f-0370-4d7c-aad3-c194cc71cf98,871c3b6c-7379-419d-bda3-794b239ab90d,ff9b0199-ce04-4cfe-86cc-6c719f08d6e4,de1c2107-70c8-4021-8459-6399f24d01c6,cbf30902-517f-40dc-af90-a550bac27cf1
2025-6-24 10:26:38-debug: Init bundle root assets success..., progress: 0%
2025-6-24 10:26:38-debug:   Number of all scenes: 1
2025-6-24 10:26:38-debug:   Number of all scripts: 8
2025-6-24 10:26:38-debug:   Number of other assets: 312
2025-6-24 10:26:38-debug: // ---- build task 查询 Asset Bundle ---- (3ms)
2025-6-24 10:26:38-debug: // ---- build task 查询 Asset Bundle ----
2025-6-24 10:26:38-debug: [Build Memory track]: 查询 Asset Bundle start:210.02MB, end 209.72MB, increase: -307.55KB
2025-6-24 10:26:38-debug: 查询 Asset Bundle start, progress: 5%
2025-6-24 10:26:38-log: run build task 查询 Asset Bundle success in 3 ms√, progress: 5%
2025-6-24 10:26:38-log: run build task 查询 Asset Bundle success in 3 ms√, progress: 10%
2025-6-24 10:26:38-debug: // ---- build task 整理部分构建选项内数据到 settings.json ----
2025-6-24 10:26:38-debug: // ---- build task 查询 Asset Bundle ---- (3ms)
2025-6-24 10:26:38-debug: [Build Memory track]: 查询 Asset Bundle start:209.74MB, end 209.82MB, increase: 78.32KB
2025-6-24 10:26:38-debug: 整理部分构建选项内数据到 settings.json start, progress: 10%
2025-6-24 10:26:38-log: run build task 整理部分构建选项内数据到 settings.json success in √, progress: 12%
2025-6-24 10:26:38-debug: 填充脚本数据到 settings.json start, progress: 12%
2025-6-24 10:26:38-debug: [Build Memory track]: 整理部分构建选项内数据到 settings.json start:209.84MB, end 209.86MB, increase: 16.17KB
2025-6-24 10:26:38-debug: // ---- build task 填充脚本数据到 settings.json ----
2025-6-24 10:26:38-log: run build task 填充脚本数据到 settings.json success in √, progress: 13%
2025-6-24 10:26:38-debug: // ---- build task 整理部分构建选项内数据到 settings.json ----
2025-6-24 10:26:38-debug: [Build Memory track]: 填充脚本数据到 settings.json start:209.88MB, end 209.90MB, increase: 13.90KB
2025-6-24 10:26:38-debug: 整理部分构建选项内数据到 settings.json start, progress: 13%
2025-6-24 10:26:38-log: run build task 整理部分构建选项内数据到 settings.json success in 1 ms√, progress: 15%
2025-6-24 10:26:38-debug: // ---- build task 整理部分构建选项内数据到 settings.json ---- (1ms)
2025-6-24 10:26:38-debug: [Build Memory track]: 整理部分构建选项内数据到 settings.json start:209.92MB, end 210.04MB, increase: 124.99KB
2025-6-24 10:26:49-debug: refresh db internal success
2025-6-24 10:26:49-debug: refresh db assets success
2025-6-24 10:26:49-debug: Run asset db hook engine-extends:afterRefresh ...
2025-6-24 10:26:49-debug: Run asset db hook engine-extends:afterRefresh success!
2025-6-24 10:26:49-debug: asset-db:refresh-all-database (21ms)
2025-6-24 10:27:24-debug: %cImport%c: /Users/zhao/Desktop/test/cocos-creator/JumpingBlock/assets/Animations/JumpTwoStep.animbackground: #aaff85; color: #000;color: #000;
2025-6-24 10:27:24-debug: asset-db:reimport-asset0a6de763-3474-4b51-a70e-20f6c1d1af7b (6ms)
2025-6-24 10:27:25-debug: %cImport%c: /Users/zhao/Desktop/test/cocos-creator/JumpingBlock/assets/Animations/JumpTwoStep.animbackground: #aaff85; color: #000;color: #000;
2025-6-24 10:27:25-debug: asset-db:reimport-asset0a6de763-3474-4b51-a70e-20f6c1d1af7b (3ms)
2025-6-24 10:27:26-debug: %cImport%c: /Users/zhao/Desktop/test/cocos-creator/JumpingBlock/assets/Animations/JumpTwoStep.animbackground: #aaff85; color: #000;color: #000;
2025-6-24 10:27:26-debug: asset-db:reimport-asset0a6de763-3474-4b51-a70e-20f6c1d1af7b (3ms)
2025-6-24 10:27:27-debug: %cImport%c: /Users/zhao/Desktop/test/cocos-creator/JumpingBlock/assets/Animations/JumpTwoStep.animbackground: #aaff85; color: #000;color: #000;
2025-6-24 10:27:27-debug: asset-db:reimport-asset0a6de763-3474-4b51-a70e-20f6c1d1af7b (4ms)
2025-6-24 10:27:32-debug: Query all assets info in project
2025-6-24 10:27:32-debug: init custom config: keepNodeUuid: false, useCache: true
2025-6-24 10:27:32-debug: Skip compress image, progress: 0%
2025-6-24 10:27:32-debug: Init all bundles start..., progress: 0%
2025-6-24 10:27:32-debug: // ---- build task 查询 Asset Bundle ----
2025-6-24 10:27:32-debug: 查询 Asset Bundle start, progress: 0%
2025-6-24 10:27:32-debug: Num of bundles: 2..., progress: 0%
2025-6-24 10:27:32-debug: Init bundle root assets start..., progress: 0%
2025-6-24 10:27:32-debug: Query preload assets/scripts from cc.config.json: 60f7195c-ec2a-45eb-ba94-8955f60e81d0,1c02ae6f-4492-4915-b8f8-7492a3b1e4cd,810e96e4-e456-4468-9b59-f4e8f39732c0,efe8e2a3-eace-427b-b4f1-cb8a937ec77d,e9aa9a3e-5b2b-4ac7-a2c7-073de2b2b24f,8bbdbcdd-5cd4-4100-b6d5-b7c9625b6107,50f4348b-c883-4e2f-8f11-ce233b859fa1,fda095cb-831d-4601-ad94-846013963de8,f92806d7-1768-443f-afe8-12bcde84d0f0,dd3a144d-ab7f-41f0-82b8-2e43a090d496,f0416e68-0200-4b77-a926-4f9d16e494da,970b0598-bcb0-4714-91fb-2e81440dccd8,bcd64cc6-2dd9-43f6-abbe-66318d332032,d930590d-bb92-4cc8-8bd1-23cd027f9edf,a3cd009f-0ab0-420d-9278-b9fdab939bbc,6a2d0734-bd9e-4ddf-946e-caa52498cb75,c27215d8-6835-4b68-bfbb-bdeac6100c04,b5d6115f-0370-4d7c-aad3-c194cc71cf98,871c3b6c-7379-419d-bda3-794b239ab90d,ff9b0199-ce04-4cfe-86cc-6c719f08d6e4,de1c2107-70c8-4021-8459-6399f24d01c6,cbf30902-517f-40dc-af90-a550bac27cf1
2025-6-24 10:27:32-debug: Init bundle root assets success..., progress: 0%
2025-6-24 10:27:32-debug:   Number of all scripts: 8
2025-6-24 10:27:32-debug:   Number of other assets: 312
2025-6-24 10:27:32-debug:   Number of all scenes: 1
2025-6-24 10:27:32-debug: // ---- build task 查询 Asset Bundle ---- (3ms)
2025-6-24 10:27:32-debug: // ---- build task 查询 Asset Bundle ----
2025-6-24 10:27:32-debug: [Build Memory track]: 查询 Asset Bundle start:210.46MB, end 210.10MB, increase: -365.29KB
2025-6-24 10:27:32-debug: 查询 Asset Bundle start, progress: 5%
2025-6-24 10:27:32-log: run build task 查询 Asset Bundle success in 3 ms√, progress: 5%
2025-6-24 10:27:32-debug: // ---- build task 查询 Asset Bundle ---- (1ms)
2025-6-24 10:27:32-debug: // ---- build task 整理部分构建选项内数据到 settings.json ----
2025-6-24 10:27:32-debug: [Build Memory track]: 查询 Asset Bundle start:210.12MB, end 210.20MB, increase: 78.27KB
2025-6-24 10:27:32-debug: 整理部分构建选项内数据到 settings.json start, progress: 10%
2025-6-24 10:27:32-log: run build task 查询 Asset Bundle success in 1 ms√, progress: 10%
2025-6-24 10:27:32-log: run build task 整理部分构建选项内数据到 settings.json success in √, progress: 12%
2025-6-24 10:27:32-debug: 填充脚本数据到 settings.json start, progress: 12%
2025-6-24 10:27:32-debug: [Build Memory track]: 整理部分构建选项内数据到 settings.json start:210.23MB, end 210.24MB, increase: 16.89KB
2025-6-24 10:27:32-debug: // ---- build task 填充脚本数据到 settings.json ----
2025-6-24 10:27:32-log: run build task 填充脚本数据到 settings.json success in √, progress: 13%
2025-6-24 10:27:32-debug: [Build Memory track]: 填充脚本数据到 settings.json start:210.27MB, end 210.28MB, increase: 15.62KB
2025-6-24 10:27:32-debug: 整理部分构建选项内数据到 settings.json start, progress: 13%
2025-6-24 10:27:32-debug: // ---- build task 整理部分构建选项内数据到 settings.json ----
2025-6-24 10:27:32-debug: // ---- build task 整理部分构建选项内数据到 settings.json ---- (3ms)
2025-6-24 10:27:32-log: run build task 整理部分构建选项内数据到 settings.json success in 3 ms√, progress: 15%
2025-6-24 10:27:32-debug: [Build Memory track]: 整理部分构建选项内数据到 settings.json start:210.31MB, end 210.43MB, increase: 122.92KB
2025-6-24 10:27:38-debug: refresh db internal success
2025-6-24 10:27:38-debug: refresh db assets success
2025-6-24 10:27:38-debug: Run asset db hook engine-extends:afterRefresh ...
2025-6-24 10:27:38-debug: Run asset db hook engine-extends:afterRefresh success!
2025-6-24 10:27:38-debug: asset-db:refresh-all-database (25ms)
2025-6-24 10:27:38-debug: asset-db-hook-engine-extends-afterRefresh (1ms)
2025-6-24 10:27:38-debug: asset-db:worker-effect-data-processing (1ms)
2025-6-24 10:27:47-debug: %cImport%c: /Users/zhao/Desktop/test/cocos-creator/JumpingBlock/assets/Animations/JumpTwoStep.animbackground: #aaff85; color: #000;color: #000;
2025-6-24 10:27:47-debug: asset-db:reimport-asset0a6de763-3474-4b51-a70e-20f6c1d1af7b (3ms)
2025-6-24 10:28:54-debug: refresh db internal success
2025-6-24 10:28:54-debug: Run asset db hook engine-extends:afterRefresh ...
2025-6-24 10:28:54-debug: refresh db assets success
2025-6-24 10:28:54-debug: Run asset db hook engine-extends:afterRefresh success!
2025-6-24 10:28:54-debug: asset-db:refresh-all-database (19ms)
2025-6-24 10:28:54-debug: asset-db:worker-effect-data-processing (1ms)
2025-6-24 10:28:54-debug: asset-db-hook-engine-extends-afterRefresh (1ms)
2025-6-24 10:29:05-debug: %cImport%c: /Users/zhao/Desktop/test/cocos-creator/JumpingBlock/assets/Animations/JumpTwoStep.animbackground: #aaff85; color: #000;color: #000;
2025-6-24 10:29:05-debug: asset-db:reimport-asset0a6de763-3474-4b51-a70e-20f6c1d1af7b (4ms)
2025-6-24 10:29:06-debug: %cImport%c: /Users/zhao/Desktop/test/cocos-creator/JumpingBlock/assets/Animations/JumpTwoStep.animbackground: #aaff85; color: #000;color: #000;
2025-6-24 10:29:06-debug: asset-db:reimport-asset0a6de763-3474-4b51-a70e-20f6c1d1af7b (2ms)
2025-6-24 10:29:19-debug: %cImport%c: /Users/zhao/Desktop/test/cocos-creator/JumpingBlock/assets/Animations/JumpOneStep.animbackground: #aaff85; color: #000;color: #000;
2025-6-24 10:29:19-debug: asset-db:reimport-asset3c2dc981-2049-4119-a09f-bd50c580edaf (4ms)
2025-6-24 10:29:21-debug: %cImport%c: /Users/zhao/Desktop/test/cocos-creator/JumpingBlock/assets/Animations/JumpOneStep.animbackground: #aaff85; color: #000;color: #000;
2025-6-24 10:29:21-debug: asset-db:reimport-asset3c2dc981-2049-4119-a09f-bd50c580edaf (4ms)
2025-6-24 10:29:25-debug: Query all assets info in project
2025-6-24 10:29:25-debug: init custom config: keepNodeUuid: false, useCache: true
2025-6-24 10:29:25-debug: Skip compress image, progress: 0%
2025-6-24 10:29:25-debug: Init all bundles start..., progress: 0%
2025-6-24 10:29:25-debug: 查询 Asset Bundle start, progress: 0%
2025-6-24 10:29:25-debug: Num of bundles: 2..., progress: 0%
2025-6-24 10:29:25-debug: // ---- build task 查询 Asset Bundle ----
2025-6-24 10:29:25-debug: Init bundle root assets start..., progress: 0%
2025-6-24 10:29:25-debug: Query preload assets/scripts from cc.config.json: 60f7195c-ec2a-45eb-ba94-8955f60e81d0,1c02ae6f-4492-4915-b8f8-7492a3b1e4cd,810e96e4-e456-4468-9b59-f4e8f39732c0,efe8e2a3-eace-427b-b4f1-cb8a937ec77d,e9aa9a3e-5b2b-4ac7-a2c7-073de2b2b24f,8bbdbcdd-5cd4-4100-b6d5-b7c9625b6107,50f4348b-c883-4e2f-8f11-ce233b859fa1,fda095cb-831d-4601-ad94-846013963de8,f92806d7-1768-443f-afe8-12bcde84d0f0,dd3a144d-ab7f-41f0-82b8-2e43a090d496,f0416e68-0200-4b77-a926-4f9d16e494da,970b0598-bcb0-4714-91fb-2e81440dccd8,bcd64cc6-2dd9-43f6-abbe-66318d332032,d930590d-bb92-4cc8-8bd1-23cd027f9edf,a3cd009f-0ab0-420d-9278-b9fdab939bbc,6a2d0734-bd9e-4ddf-946e-caa52498cb75,c27215d8-6835-4b68-bfbb-bdeac6100c04,b5d6115f-0370-4d7c-aad3-c194cc71cf98,871c3b6c-7379-419d-bda3-794b239ab90d,ff9b0199-ce04-4cfe-86cc-6c719f08d6e4,de1c2107-70c8-4021-8459-6399f24d01c6,cbf30902-517f-40dc-af90-a550bac27cf1
2025-6-24 10:29:25-debug: Init bundle root assets success..., progress: 0%
2025-6-24 10:29:25-debug:   Number of all scripts: 8
2025-6-24 10:29:25-debug:   Number of other assets: 312
2025-6-24 10:29:25-debug:   Number of all scenes: 1
2025-6-24 10:29:25-debug: // ---- build task 查询 Asset Bundle ---- (4ms)
2025-6-24 10:29:25-debug: // ---- build task 查询 Asset Bundle ----
2025-6-24 10:29:25-debug: [Build Memory track]: 查询 Asset Bundle start:211.20MB, end 210.82MB, increase: -389.04KB
2025-6-24 10:29:25-debug: 查询 Asset Bundle start, progress: 5%
2025-6-24 10:29:25-log: run build task 查询 Asset Bundle success in 4 ms√, progress: 5%
2025-6-24 10:29:25-debug: // ---- build task 查询 Asset Bundle ---- (1ms)
2025-6-24 10:29:25-debug: // ---- build task 整理部分构建选项内数据到 settings.json ----
2025-6-24 10:29:25-debug: [Build Memory track]: 查询 Asset Bundle start:210.85MB, end 210.92MB, increase: 77.22KB
2025-6-24 10:29:25-debug: 整理部分构建选项内数据到 settings.json start, progress: 10%
2025-6-24 10:29:25-log: run build task 查询 Asset Bundle success in 1 ms√, progress: 10%
2025-6-24 10:29:25-debug: // ---- build task 整理部分构建选项内数据到 settings.json ---- (1ms)
2025-6-24 10:29:25-debug: // ---- build task 填充脚本数据到 settings.json ----
2025-6-24 10:29:25-debug: [Build Memory track]: 整理部分构建选项内数据到 settings.json start:210.95MB, end 210.97MB, increase: 24.91KB
2025-6-24 10:29:25-debug: 填充脚本数据到 settings.json start, progress: 12%
2025-6-24 10:29:25-log: run build task 整理部分构建选项内数据到 settings.json success in 1 ms√, progress: 12%
2025-6-24 10:29:25-log: run build task 填充脚本数据到 settings.json success in √, progress: 13%
2025-6-24 10:29:25-debug: [Build Memory track]: 填充脚本数据到 settings.json start:211.00MB, end 211.01MB, increase: 16.39KB
2025-6-24 10:29:25-debug: // ---- build task 整理部分构建选项内数据到 settings.json ----
2025-6-24 10:29:25-debug: 整理部分构建选项内数据到 settings.json start, progress: 13%
2025-6-24 10:29:25-debug: // ---- build task 整理部分构建选项内数据到 settings.json ---- (2ms)
2025-6-24 10:29:25-log: run build task 整理部分构建选项内数据到 settings.json success in 2 ms√, progress: 15%
2025-6-24 10:29:25-debug: [Build Memory track]: 整理部分构建选项内数据到 settings.json start:211.04MB, end 211.16MB, increase: 122.83KB
2025-6-24 10:29:30-debug: refresh db internal success
2025-6-24 10:29:30-debug: refresh db assets success
2025-6-24 10:29:30-debug: Run asset db hook engine-extends:afterRefresh success!
2025-6-24 10:29:30-debug: Run asset db hook engine-extends:afterRefresh ...
2025-6-24 10:29:30-debug: asset-db:refresh-all-database (20ms)
2025-6-24 10:29:30-debug: asset-db-hook-engine-extends-afterRefresh (1ms)
2025-6-24 10:29:30-debug: asset-db:worker-effect-data-processing (1ms)
2025-6-24 10:30:23-debug: refresh db internal success
2025-6-24 10:30:23-debug: refresh db assets success
2025-6-24 10:30:23-debug: Run asset db hook engine-extends:afterRefresh ...
2025-6-24 10:30:23-debug: Run asset db hook engine-extends:afterRefresh success!
2025-6-24 10:30:23-debug: asset-db:refresh-all-database (23ms)
2025-6-24 10:30:23-debug: asset-db:worker-effect-data-processing (1ms)
2025-6-24 10:30:23-debug: asset-db-hook-engine-extends-afterRefresh (1ms)
2025-6-24 10:33:26-debug: refresh db internal success
2025-6-24 10:33:26-debug: %cImport%c: /Users/zhao/Desktop/test/cocos-creator/JumpingBlock/assets/Scripts/Player.tsbackground: #aaff85; color: #000;color: #000;
2025-6-24 10:33:26-debug: refresh db assets success
2025-6-24 10:33:26-debug: Run asset db hook engine-extends:afterRefresh ...
2025-6-24 10:33:26-debug: Run asset db hook engine-extends:afterRefresh success!
2025-6-24 10:33:26-debug: asset-db:refresh-all-database (24ms)
2025-6-24 10:33:26-debug: asset-db:worker-effect-data-processing (1ms)
2025-6-24 10:33:26-debug: asset-db-hook-engine-extends-afterRefresh (1ms)
2025-6-24 10:33:27-debug: Query all assets info in project
2025-6-24 10:33:27-debug: init custom config: keepNodeUuid: false, useCache: true
2025-6-24 10:33:27-debug: Skip compress image, progress: 0%
2025-6-24 10:33:27-debug: Init all bundles start..., progress: 0%
2025-6-24 10:33:27-debug: Num of bundles: 2..., progress: 0%
2025-6-24 10:33:27-debug: Init bundle root assets start..., progress: 0%
2025-6-24 10:33:27-debug: // ---- build task 查询 Asset Bundle ----
2025-6-24 10:33:27-debug: 查询 Asset Bundle start, progress: 0%
2025-6-24 10:33:27-debug: Query preload assets/scripts from cc.config.json: 60f7195c-ec2a-45eb-ba94-8955f60e81d0,1c02ae6f-4492-4915-b8f8-7492a3b1e4cd,810e96e4-e456-4468-9b59-f4e8f39732c0,efe8e2a3-eace-427b-b4f1-cb8a937ec77d,e9aa9a3e-5b2b-4ac7-a2c7-073de2b2b24f,8bbdbcdd-5cd4-4100-b6d5-b7c9625b6107,50f4348b-c883-4e2f-8f11-ce233b859fa1,fda095cb-831d-4601-ad94-846013963de8,f92806d7-1768-443f-afe8-12bcde84d0f0,dd3a144d-ab7f-41f0-82b8-2e43a090d496,f0416e68-0200-4b77-a926-4f9d16e494da,970b0598-bcb0-4714-91fb-2e81440dccd8,bcd64cc6-2dd9-43f6-abbe-66318d332032,d930590d-bb92-4cc8-8bd1-23cd027f9edf,a3cd009f-0ab0-420d-9278-b9fdab939bbc,6a2d0734-bd9e-4ddf-946e-caa52498cb75,c27215d8-6835-4b68-bfbb-bdeac6100c04,b5d6115f-0370-4d7c-aad3-c194cc71cf98,871c3b6c-7379-419d-bda3-794b239ab90d,ff9b0199-ce04-4cfe-86cc-6c719f08d6e4,de1c2107-70c8-4021-8459-6399f24d01c6,cbf30902-517f-40dc-af90-a550bac27cf1
2025-6-24 10:33:27-debug:   Number of all scenes: 1
2025-6-24 10:33:27-debug:   Number of other assets: 312
2025-6-24 10:33:27-debug:   Number of all scripts: 8
2025-6-24 10:33:27-debug: Init bundle root assets success..., progress: 0%
2025-6-24 10:33:27-debug: // ---- build task 查询 Asset Bundle ---- (5ms)
2025-6-24 10:33:27-log: run build task 查询 Asset Bundle success in 5 ms√, progress: 5%
2025-6-24 10:33:27-debug: // ---- build task 查询 Asset Bundle ----
2025-6-24 10:33:27-debug: [Build Memory track]: 查询 Asset Bundle start:211.76MB, end 212.26MB, increase: 514.35KB
2025-6-24 10:33:27-debug: 查询 Asset Bundle start, progress: 5%
2025-6-24 10:33:27-debug: // ---- build task 查询 Asset Bundle ---- (1ms)
2025-6-24 10:33:27-log: run build task 查询 Asset Bundle success in 1 ms√, progress: 10%
2025-6-24 10:33:27-debug: [Build Memory track]: 查询 Asset Bundle start:212.29MB, end 212.36MB, increase: 78.21KB
2025-6-24 10:33:27-debug: 整理部分构建选项内数据到 settings.json start, progress: 10%
2025-6-24 10:33:27-debug: // ---- build task 整理部分构建选项内数据到 settings.json ----
2025-6-24 10:33:27-log: run build task 整理部分构建选项内数据到 settings.json success in √, progress: 12%
2025-6-24 10:33:27-debug: 填充脚本数据到 settings.json start, progress: 12%
2025-6-24 10:33:27-debug: // ---- build task 填充脚本数据到 settings.json ----
2025-6-24 10:33:27-log: run build task 填充脚本数据到 settings.json success in √, progress: 13%
2025-6-24 10:33:27-debug: // ---- build task 整理部分构建选项内数据到 settings.json ----
2025-6-24 10:33:27-debug: [Build Memory track]: 填充脚本数据到 settings.json start:212.43MB, end 212.44MB, increase: 12.86KB
2025-6-24 10:33:27-debug: [Build Memory track]: 整理部分构建选项内数据到 settings.json start:212.39MB, end 212.40MB, increase: 15.40KB
2025-6-24 10:33:27-debug: 整理部分构建选项内数据到 settings.json start, progress: 13%
2025-6-24 10:33:27-debug: // ---- build task 整理部分构建选项内数据到 settings.json ---- (4ms)
2025-6-24 10:33:27-log: run build task 整理部分构建选项内数据到 settings.json success in 4 ms√, progress: 15%
2025-6-24 10:33:27-debug: [Build Memory track]: 整理部分构建选项内数据到 settings.json start:212.46MB, end 211.85MB, increase: -629.53KB
2025-6-24 10:33:33-debug: refresh db internal success
2025-6-24 10:33:33-debug: refresh db assets success
2025-6-24 10:33:33-debug: Run asset db hook engine-extends:afterRefresh ...
2025-6-24 10:33:33-debug: Run asset db hook engine-extends:afterRefresh success!
2025-6-24 10:33:33-debug: asset-db:refresh-all-database (29ms)
2025-6-24 10:33:44-debug: %cImport%c: /Users/zhao/Desktop/test/cocos-creator/JumpingBlock/assets/Animations/JumpOneStep.animbackground: #aaff85; color: #000;color: #000;
2025-6-24 10:33:44-debug: asset-db:reimport-asset3c2dc981-2049-4119-a09f-bd50c580edaf (6ms)
2025-6-24 10:33:44-debug: %cImport%c: /Users/zhao/Desktop/test/cocos-creator/JumpingBlock/assets/Animations/JumpOneStep.animbackground: #aaff85; color: #000;color: #000;
2025-6-24 10:33:44-debug: asset-db:reimport-asset3c2dc981-2049-4119-a09f-bd50c580edaf (3ms)
2025-6-24 10:33:57-debug: %cImport%c: /Users/zhao/Desktop/test/cocos-creator/JumpingBlock/assets/Animations/JumpTwoStep.animbackground: #aaff85; color: #000;color: #000;
2025-6-24 10:33:57-debug: asset-db:reimport-asset0a6de763-3474-4b51-a70e-20f6c1d1af7b (4ms)
2025-6-24 10:33:57-debug: %cImport%c: /Users/zhao/Desktop/test/cocos-creator/JumpingBlock/assets/Animations/JumpTwoStep.animbackground: #aaff85; color: #000;color: #000;
2025-6-24 10:33:57-debug: asset-db:reimport-asset0a6de763-3474-4b51-a70e-20f6c1d1af7b (3ms)
2025-6-24 10:33:58-debug: %cImport%c: /Users/zhao/Desktop/test/cocos-creator/JumpingBlock/assets/Animations/JumpTwoStep.animbackground: #aaff85; color: #000;color: #000;
2025-6-24 10:33:58-debug: asset-db:reimport-asset0a6de763-3474-4b51-a70e-20f6c1d1af7b (3ms)
2025-6-24 10:34:00-debug: Query all assets info in project
2025-6-24 10:34:00-debug: init custom config: keepNodeUuid: false, useCache: true
2025-6-24 10:34:00-debug: Skip compress image, progress: 0%
2025-6-24 10:34:00-debug: Init all bundles start..., progress: 0%
2025-6-24 10:34:00-debug: Num of bundles: 2..., progress: 0%
2025-6-24 10:34:00-debug: Init bundle root assets start..., progress: 0%
2025-6-24 10:34:00-debug: // ---- build task 查询 Asset Bundle ----
2025-6-24 10:34:00-debug: 查询 Asset Bundle start, progress: 0%
2025-6-24 10:34:00-debug: Query preload assets/scripts from cc.config.json: 60f7195c-ec2a-45eb-ba94-8955f60e81d0,1c02ae6f-4492-4915-b8f8-7492a3b1e4cd,810e96e4-e456-4468-9b59-f4e8f39732c0,efe8e2a3-eace-427b-b4f1-cb8a937ec77d,e9aa9a3e-5b2b-4ac7-a2c7-073de2b2b24f,8bbdbcdd-5cd4-4100-b6d5-b7c9625b6107,50f4348b-c883-4e2f-8f11-ce233b859fa1,fda095cb-831d-4601-ad94-846013963de8,f92806d7-1768-443f-afe8-12bcde84d0f0,dd3a144d-ab7f-41f0-82b8-2e43a090d496,f0416e68-0200-4b77-a926-4f9d16e494da,970b0598-bcb0-4714-91fb-2e81440dccd8,bcd64cc6-2dd9-43f6-abbe-66318d332032,d930590d-bb92-4cc8-8bd1-23cd027f9edf,a3cd009f-0ab0-420d-9278-b9fdab939bbc,6a2d0734-bd9e-4ddf-946e-caa52498cb75,c27215d8-6835-4b68-bfbb-bdeac6100c04,b5d6115f-0370-4d7c-aad3-c194cc71cf98,871c3b6c-7379-419d-bda3-794b239ab90d,ff9b0199-ce04-4cfe-86cc-6c719f08d6e4,de1c2107-70c8-4021-8459-6399f24d01c6,cbf30902-517f-40dc-af90-a550bac27cf1
2025-6-24 10:34:00-debug: Init bundle root assets success..., progress: 0%
2025-6-24 10:34:00-debug:   Number of all scripts: 8
2025-6-24 10:34:00-debug:   Number of other assets: 312
2025-6-24 10:34:00-debug:   Number of all scenes: 1
2025-6-24 10:34:00-debug: // ---- build task 查询 Asset Bundle ---- (4ms)
2025-6-24 10:34:00-debug: // ---- build task 查询 Asset Bundle ----
2025-6-24 10:34:00-debug: [Build Memory track]: 查询 Asset Bundle start:212.80MB, end 212.42MB, increase: -384.50KB
2025-6-24 10:34:00-debug: 查询 Asset Bundle start, progress: 5%
2025-6-24 10:34:00-log: run build task 查询 Asset Bundle success in 4 ms√, progress: 5%
2025-6-24 10:34:00-debug: // ---- build task 查询 Asset Bundle ---- (1ms)
2025-6-24 10:34:00-debug: // ---- build task 整理部分构建选项内数据到 settings.json ----
2025-6-24 10:34:00-debug: [Build Memory track]: 查询 Asset Bundle start:212.45MB, end 212.52MB, increase: 76.83KB
2025-6-24 10:34:00-debug: 整理部分构建选项内数据到 settings.json start, progress: 10%
2025-6-24 10:34:00-log: run build task 查询 Asset Bundle success in 1 ms√, progress: 10%
2025-6-24 10:34:00-debug: // ---- build task 整理部分构建选项内数据到 settings.json ---- (1ms)
2025-6-24 10:34:00-debug: // ---- build task 填充脚本数据到 settings.json ----
2025-6-24 10:34:00-debug: [Build Memory track]: 整理部分构建选项内数据到 settings.json start:212.55MB, end 212.57MB, increase: 24.77KB
2025-6-24 10:34:00-debug: 填充脚本数据到 settings.json start, progress: 12%
2025-6-24 10:34:00-log: run build task 整理部分构建选项内数据到 settings.json success in 1 ms√, progress: 12%
2025-6-24 10:34:00-debug: // ---- build task 填充脚本数据到 settings.json ---- (1ms)
2025-6-24 10:34:00-log: run build task 填充脚本数据到 settings.json success in 1 ms√, progress: 13%
2025-6-24 10:34:00-debug: [Build Memory track]: 填充脚本数据到 settings.json start:212.60MB, end 212.62MB, increase: 24.33KB
2025-6-24 10:34:00-debug: // ---- build task 整理部分构建选项内数据到 settings.json ----
2025-6-24 10:34:00-debug: 整理部分构建选项内数据到 settings.json start, progress: 13%
2025-6-24 10:34:00-debug: // ---- build task 整理部分构建选项内数据到 settings.json ---- (2ms)
2025-6-24 10:34:00-log: run build task 整理部分构建选项内数据到 settings.json success in 2 ms√, progress: 15%
2025-6-24 10:34:00-debug: [Build Memory track]: 整理部分构建选项内数据到 settings.json start:212.65MB, end 212.77MB, increase: 123.50KB
2025-6-24 10:34:12-debug: refresh db internal success
2025-6-24 10:34:12-debug: refresh db assets success
2025-6-24 10:34:12-debug: Run asset db hook engine-extends:afterRefresh ...
2025-6-24 10:34:12-debug: Run asset db hook engine-extends:afterRefresh success!
2025-6-24 10:34:12-debug: asset-db:refresh-all-database (17ms)
2025-6-24 10:34:12-debug: asset-db:worker-effect-data-processing (1ms)
2025-6-24 10:34:12-debug: asset-db-hook-engine-extends-afterRefresh (1ms)
2025-6-24 10:34:43-debug: %cImport%c: /Users/zhao/Desktop/test/cocos-creator/JumpingBlock/assets/Animations/JumpTwoStep.animbackground: #aaff85; color: #000;color: #000;
2025-6-24 10:34:43-debug: asset-db:reimport-asset0a6de763-3474-4b51-a70e-20f6c1d1af7b (4ms)
2025-6-24 10:34:45-debug: %cImport%c: /Users/zhao/Desktop/test/cocos-creator/JumpingBlock/assets/Animations/JumpTwoStep.animbackground: #aaff85; color: #000;color: #000;
2025-6-24 10:34:45-debug: asset-db:reimport-asset0a6de763-3474-4b51-a70e-20f6c1d1af7b (3ms)
2025-6-24 10:35:00-debug: %cImport%c: /Users/zhao/Desktop/test/cocos-creator/JumpingBlock/assets/Animations/JumpOneStep.animbackground: #aaff85; color: #000;color: #000;
2025-6-24 10:35:00-debug: asset-db:reimport-asset3c2dc981-2049-4119-a09f-bd50c580edaf (6ms)
2025-6-24 10:35:03-debug: %cImport%c: /Users/zhao/Desktop/test/cocos-creator/JumpingBlock/assets/Animations/JumpOneStep.animbackground: #aaff85; color: #000;color: #000;
2025-6-24 10:35:03-debug: asset-db:reimport-asset3c2dc981-2049-4119-a09f-bd50c580edaf (5ms)
2025-6-24 10:35:04-debug: %cImport%c: /Users/zhao/Desktop/test/cocos-creator/JumpingBlock/assets/Animations/JumpOneStep.animbackground: #aaff85; color: #000;color: #000;
2025-6-24 10:35:04-debug: asset-db:reimport-asset3c2dc981-2049-4119-a09f-bd50c580edaf (2ms)
2025-6-24 10:35:06-debug: %cImport%c: /Users/zhao/Desktop/test/cocos-creator/JumpingBlock/assets/Animations/JumpOneStep.animbackground: #aaff85; color: #000;color: #000;
2025-6-24 10:35:06-debug: asset-db:reimport-asset3c2dc981-2049-4119-a09f-bd50c580edaf (2ms)
2025-6-24 10:35:10-debug: Query all assets info in project
2025-6-24 10:35:10-debug: init custom config: keepNodeUuid: false, useCache: true
2025-6-24 10:35:10-debug: Skip compress image, progress: 0%
2025-6-24 10:35:10-debug: Init all bundles start..., progress: 0%
2025-6-24 10:35:10-debug: Num of bundles: 2..., progress: 0%
2025-6-24 10:35:10-debug: // ---- build task 查询 Asset Bundle ----
2025-6-24 10:35:10-debug: 查询 Asset Bundle start, progress: 0%
2025-6-24 10:35:10-debug: Init bundle root assets start..., progress: 0%
2025-6-24 10:35:10-debug: Query preload assets/scripts from cc.config.json: 60f7195c-ec2a-45eb-ba94-8955f60e81d0,1c02ae6f-4492-4915-b8f8-7492a3b1e4cd,810e96e4-e456-4468-9b59-f4e8f39732c0,efe8e2a3-eace-427b-b4f1-cb8a937ec77d,e9aa9a3e-5b2b-4ac7-a2c7-073de2b2b24f,8bbdbcdd-5cd4-4100-b6d5-b7c9625b6107,50f4348b-c883-4e2f-8f11-ce233b859fa1,fda095cb-831d-4601-ad94-846013963de8,f92806d7-1768-443f-afe8-12bcde84d0f0,dd3a144d-ab7f-41f0-82b8-2e43a090d496,f0416e68-0200-4b77-a926-4f9d16e494da,970b0598-bcb0-4714-91fb-2e81440dccd8,bcd64cc6-2dd9-43f6-abbe-66318d332032,d930590d-bb92-4cc8-8bd1-23cd027f9edf,a3cd009f-0ab0-420d-9278-b9fdab939bbc,6a2d0734-bd9e-4ddf-946e-caa52498cb75,c27215d8-6835-4b68-bfbb-bdeac6100c04,b5d6115f-0370-4d7c-aad3-c194cc71cf98,871c3b6c-7379-419d-bda3-794b239ab90d,ff9b0199-ce04-4cfe-86cc-6c719f08d6e4,de1c2107-70c8-4021-8459-6399f24d01c6,cbf30902-517f-40dc-af90-a550bac27cf1
2025-6-24 10:35:10-debug: Init bundle root assets success..., progress: 0%
2025-6-24 10:35:10-debug:   Number of all scripts: 8
2025-6-24 10:35:10-debug:   Number of other assets: 312
2025-6-24 10:35:10-debug:   Number of all scenes: 1
2025-6-24 10:35:10-debug: // ---- build task 查询 Asset Bundle ---- (3ms)
2025-6-24 10:35:10-debug: 查询 Asset Bundle start, progress: 5%
2025-6-24 10:35:10-debug: [Build Memory track]: 查询 Asset Bundle start:213.20MB, end 212.82MB, increase: -390.89KB
2025-6-24 10:35:10-debug: // ---- build task 查询 Asset Bundle ----
2025-6-24 10:35:10-log: run build task 查询 Asset Bundle success in 3 ms√, progress: 5%
2025-6-24 10:35:10-debug: // ---- build task 查询 Asset Bundle ---- (1ms)
2025-6-24 10:35:10-debug: [Build Memory track]: 查询 Asset Bundle start:212.85MB, end 212.92MB, increase: 77.11KB
2025-6-24 10:35:10-debug: 整理部分构建选项内数据到 settings.json start, progress: 10%
2025-6-24 10:35:10-debug: // ---- build task 整理部分构建选项内数据到 settings.json ----
2025-6-24 10:35:10-log: run build task 查询 Asset Bundle success in 1 ms√, progress: 10%
2025-6-24 10:35:10-log: run build task 整理部分构建选项内数据到 settings.json success in √, progress: 12%
2025-6-24 10:35:10-debug: [Build Memory track]: 整理部分构建选项内数据到 settings.json start:212.95MB, end 212.96MB, increase: 16.55KB
2025-6-24 10:35:10-debug: 填充脚本数据到 settings.json start, progress: 12%
2025-6-24 10:35:10-debug: // ---- build task 填充脚本数据到 settings.json ----
2025-6-24 10:35:10-debug: // ---- build task 填充脚本数据到 settings.json ---- (2ms)
2025-6-24 10:35:10-log: run build task 填充脚本数据到 settings.json success in 2 ms√, progress: 13%
2025-6-24 10:35:10-debug: [Build Memory track]: 填充脚本数据到 settings.json start:212.99MB, end 213.01MB, increase: 23.74KB
2025-6-24 10:35:10-debug: 整理部分构建选项内数据到 settings.json start, progress: 13%
2025-6-24 10:35:10-debug: // ---- build task 整理部分构建选项内数据到 settings.json ----
2025-6-24 10:35:10-debug: // ---- build task 整理部分构建选项内数据到 settings.json ---- (3ms)
2025-6-24 10:35:10-log: run build task 整理部分构建选项内数据到 settings.json success in 3 ms√, progress: 15%
2025-6-24 10:35:10-debug: [Build Memory track]: 整理部分构建选项内数据到 settings.json start:213.04MB, end 213.16MB, increase: 124.36KB
2025-6-24 10:35:17-debug: refresh db internal success
2025-6-24 10:35:17-debug: refresh db assets success
2025-6-24 10:35:17-debug: Run asset db hook engine-extends:afterRefresh success!
2025-6-24 10:35:17-debug: Run asset db hook engine-extends:afterRefresh ...
2025-6-24 10:35:17-debug: asset-db:refresh-all-database (38ms)
2025-6-24 10:35:17-debug: asset-db:worker-effect-data-processing (1ms)
2025-6-24 10:35:17-debug: asset-db-hook-engine-extends-afterRefresh (1ms)
2025-6-24 10:35:32-debug: %cImport%c: /Users/zhao/Desktop/test/cocos-creator/JumpingBlock/assets/Animations/JumpTwoStep.animbackground: #aaff85; color: #000;color: #000;
2025-6-24 10:35:32-debug: asset-db:reimport-asset0a6de763-3474-4b51-a70e-20f6c1d1af7b (7ms)
2025-6-24 10:35:43-debug: %cImport%c: /Users/zhao/Desktop/test/cocos-creator/JumpingBlock/assets/Animations/JumpOneStep.animbackground: #aaff85; color: #000;color: #000;
2025-6-24 10:35:43-debug: asset-db:reimport-asset3c2dc981-2049-4119-a09f-bd50c580edaf (3ms)
2025-6-24 10:35:43-debug: %cImport%c: /Users/zhao/Desktop/test/cocos-creator/JumpingBlock/assets/Animations/JumpOneStep.animbackground: #aaff85; color: #000;color: #000;
2025-6-24 10:35:43-debug: asset-db:reimport-asset3c2dc981-2049-4119-a09f-bd50c580edaf (2ms)
2025-6-24 10:35:47-debug: Query all assets info in project
2025-6-24 10:35:47-debug: init custom config: keepNodeUuid: false, useCache: true
2025-6-24 10:35:47-debug: Skip compress image, progress: 0%
2025-6-24 10:35:47-debug: Init all bundles start..., progress: 0%
2025-6-24 10:35:47-debug: Init bundle root assets start..., progress: 0%
2025-6-24 10:35:47-debug: 查询 Asset Bundle start, progress: 0%
2025-6-24 10:35:47-debug: // ---- build task 查询 Asset Bundle ----
2025-6-24 10:35:47-debug: Num of bundles: 2..., progress: 0%
2025-6-24 10:35:47-debug: Query preload assets/scripts from cc.config.json: 60f7195c-ec2a-45eb-ba94-8955f60e81d0,1c02ae6f-4492-4915-b8f8-7492a3b1e4cd,810e96e4-e456-4468-9b59-f4e8f39732c0,efe8e2a3-eace-427b-b4f1-cb8a937ec77d,e9aa9a3e-5b2b-4ac7-a2c7-073de2b2b24f,8bbdbcdd-5cd4-4100-b6d5-b7c9625b6107,50f4348b-c883-4e2f-8f11-ce233b859fa1,fda095cb-831d-4601-ad94-846013963de8,f92806d7-1768-443f-afe8-12bcde84d0f0,dd3a144d-ab7f-41f0-82b8-2e43a090d496,f0416e68-0200-4b77-a926-4f9d16e494da,970b0598-bcb0-4714-91fb-2e81440dccd8,bcd64cc6-2dd9-43f6-abbe-66318d332032,d930590d-bb92-4cc8-8bd1-23cd027f9edf,a3cd009f-0ab0-420d-9278-b9fdab939bbc,6a2d0734-bd9e-4ddf-946e-caa52498cb75,c27215d8-6835-4b68-bfbb-bdeac6100c04,b5d6115f-0370-4d7c-aad3-c194cc71cf98,871c3b6c-7379-419d-bda3-794b239ab90d,ff9b0199-ce04-4cfe-86cc-6c719f08d6e4,de1c2107-70c8-4021-8459-6399f24d01c6,cbf30902-517f-40dc-af90-a550bac27cf1
2025-6-24 10:35:47-debug:   Number of all scenes: 1
2025-6-24 10:35:47-debug:   Number of all scripts: 8
2025-6-24 10:35:47-debug:   Number of other assets: 312
2025-6-24 10:35:47-debug: Init bundle root assets success..., progress: 0%
2025-6-24 10:35:47-debug: // ---- build task 查询 Asset Bundle ---- (3ms)
2025-6-24 10:35:47-debug: // ---- build task 查询 Asset Bundle ----
2025-6-24 10:35:47-debug: [Build Memory track]: 查询 Asset Bundle start:213.29MB, end 213.79MB, increase: 512.45KB
2025-6-24 10:35:47-debug: 查询 Asset Bundle start, progress: 5%
2025-6-24 10:35:47-log: run build task 查询 Asset Bundle success in 3 ms√, progress: 5%
2025-6-24 10:35:47-debug: // ---- build task 查询 Asset Bundle ---- (2ms)
2025-6-24 10:35:47-debug: // ---- build task 整理部分构建选项内数据到 settings.json ----
2025-6-24 10:35:47-debug: [Build Memory track]: 查询 Asset Bundle start:213.81MB, end 213.89MB, increase: 77.36KB
2025-6-24 10:35:47-debug: 整理部分构建选项内数据到 settings.json start, progress: 10%
2025-6-24 10:35:47-log: run build task 查询 Asset Bundle success in 2 ms√, progress: 10%
2025-6-24 10:35:47-debug: // ---- build task 整理部分构建选项内数据到 settings.json ---- (1ms)
2025-6-24 10:35:47-log: run build task 整理部分构建选项内数据到 settings.json success in 1 ms√, progress: 12%
2025-6-24 10:35:47-debug: [Build Memory track]: 整理部分构建选项内数据到 settings.json start:213.91MB, end 213.25MB, increase: -684.27KB
2025-6-24 10:35:47-debug: 填充脚本数据到 settings.json start, progress: 12%
2025-6-24 10:35:47-debug: // ---- build task 填充脚本数据到 settings.json ----
2025-6-24 10:35:47-debug: // ---- build task 填充脚本数据到 settings.json ---- (1ms)
2025-6-24 10:35:47-log: run build task 填充脚本数据到 settings.json success in 1 ms√, progress: 13%
2025-6-24 10:35:47-debug: [Build Memory track]: 填充脚本数据到 settings.json start:213.27MB, end 213.29MB, increase: 23.73KB
2025-6-24 10:35:47-debug: // ---- build task 整理部分构建选项内数据到 settings.json ----
2025-6-24 10:35:47-debug: 整理部分构建选项内数据到 settings.json start, progress: 13%
2025-6-24 10:35:47-debug: // ---- build task 整理部分构建选项内数据到 settings.json ---- (2ms)
2025-6-24 10:35:47-log: run build task 整理部分构建选项内数据到 settings.json success in 2 ms√, progress: 15%
2025-6-24 10:35:47-debug: [Build Memory track]: 整理部分构建选项内数据到 settings.json start:213.32MB, end 213.45MB, increase: 136.80KB
2025-6-24 10:36:01-debug: Query all assets info in project
2025-6-24 10:36:01-debug: init custom config: keepNodeUuid: false, useCache: true
2025-6-24 10:36:01-debug: Skip compress image, progress: 0%
2025-6-24 10:36:01-debug: Init all bundles start..., progress: 0%
2025-6-24 10:36:01-debug: Num of bundles: 2..., progress: 0%
2025-6-24 10:36:01-debug: 查询 Asset Bundle start, progress: 0%
2025-6-24 10:36:01-debug: // ---- build task 查询 Asset Bundle ----
2025-6-24 10:36:01-debug: Init bundle root assets start..., progress: 0%
2025-6-24 10:36:01-debug: Query preload assets/scripts from cc.config.json: 60f7195c-ec2a-45eb-ba94-8955f60e81d0,1c02ae6f-4492-4915-b8f8-7492a3b1e4cd,810e96e4-e456-4468-9b59-f4e8f39732c0,efe8e2a3-eace-427b-b4f1-cb8a937ec77d,e9aa9a3e-5b2b-4ac7-a2c7-073de2b2b24f,8bbdbcdd-5cd4-4100-b6d5-b7c9625b6107,50f4348b-c883-4e2f-8f11-ce233b859fa1,fda095cb-831d-4601-ad94-846013963de8,f92806d7-1768-443f-afe8-12bcde84d0f0,dd3a144d-ab7f-41f0-82b8-2e43a090d496,f0416e68-0200-4b77-a926-4f9d16e494da,970b0598-bcb0-4714-91fb-2e81440dccd8,bcd64cc6-2dd9-43f6-abbe-66318d332032,d930590d-bb92-4cc8-8bd1-23cd027f9edf,a3cd009f-0ab0-420d-9278-b9fdab939bbc,6a2d0734-bd9e-4ddf-946e-caa52498cb75,c27215d8-6835-4b68-bfbb-bdeac6100c04,b5d6115f-0370-4d7c-aad3-c194cc71cf98,871c3b6c-7379-419d-bda3-794b239ab90d,ff9b0199-ce04-4cfe-86cc-6c719f08d6e4,de1c2107-70c8-4021-8459-6399f24d01c6,cbf30902-517f-40dc-af90-a550bac27cf1
2025-6-24 10:36:01-debug: Init bundle root assets success..., progress: 0%
2025-6-24 10:36:01-debug:   Number of other assets: 312
2025-6-24 10:36:01-debug:   Number of all scripts: 8
2025-6-24 10:36:01-debug:   Number of all scenes: 1
2025-6-24 10:36:01-debug: // ---- build task 查询 Asset Bundle ---- (3ms)
2025-6-24 10:36:01-debug: // ---- build task 查询 Asset Bundle ----
2025-6-24 10:36:01-debug: [Build Memory track]: 查询 Asset Bundle start:213.90MB, end 213.51MB, increase: -397.91KB
2025-6-24 10:36:01-debug: 查询 Asset Bundle start, progress: 5%
2025-6-24 10:36:01-log: run build task 查询 Asset Bundle success in 3 ms√, progress: 5%
2025-6-24 10:36:01-debug: // ---- build task 查询 Asset Bundle ---- (1ms)
2025-6-24 10:36:01-debug: // ---- build task 整理部分构建选项内数据到 settings.json ----
2025-6-24 10:36:01-debug: [Build Memory track]: 查询 Asset Bundle start:213.53MB, end 213.61MB, increase: 77.04KB
2025-6-24 10:36:01-debug: 整理部分构建选项内数据到 settings.json start, progress: 10%
2025-6-24 10:36:01-log: run build task 查询 Asset Bundle success in 1 ms√, progress: 10%
2025-6-24 10:36:01-log: run build task 整理部分构建选项内数据到 settings.json success in √, progress: 12%
2025-6-24 10:36:01-debug: [Build Memory track]: 整理部分构建选项内数据到 settings.json start:213.63MB, end 213.65MB, increase: 16.49KB
2025-6-24 10:36:01-debug: // ---- build task 填充脚本数据到 settings.json ----
2025-6-24 10:36:01-debug: 填充脚本数据到 settings.json start, progress: 12%
2025-6-24 10:36:01-log: run build task 填充脚本数据到 settings.json success in √, progress: 13%
2025-6-24 10:36:01-debug: [Build Memory track]: 填充脚本数据到 settings.json start:213.67MB, end 213.69MB, increase: 15.05KB
2025-6-24 10:36:01-debug: 整理部分构建选项内数据到 settings.json start, progress: 13%
2025-6-24 10:36:01-debug: // ---- build task 整理部分构建选项内数据到 settings.json ----
2025-6-24 10:36:01-debug: // ---- build task 整理部分构建选项内数据到 settings.json ---- (3ms)
2025-6-24 10:36:01-log: run build task 整理部分构建选项内数据到 settings.json success in 3 ms√, progress: 15%
2025-6-24 10:36:01-debug: [Build Memory track]: 整理部分构建选项内数据到 settings.json start:213.71MB, end 213.85MB, increase: 144.15KB
2025-6-24 10:36:09-debug: Query all assets info in project
2025-6-24 10:36:09-debug: init custom config: keepNodeUuid: false, useCache: true
2025-6-24 10:36:09-debug: Skip compress image, progress: 0%
2025-6-24 10:36:09-debug: Init all bundles start..., progress: 0%
2025-6-24 10:36:09-debug: Num of bundles: 2..., progress: 0%
2025-6-24 10:36:09-debug: 查询 Asset Bundle start, progress: 0%
2025-6-24 10:36:09-debug: // ---- build task 查询 Asset Bundle ----
2025-6-24 10:36:09-debug: Init bundle root assets start..., progress: 0%
2025-6-24 10:36:09-debug: Query preload assets/scripts from cc.config.json: 60f7195c-ec2a-45eb-ba94-8955f60e81d0,1c02ae6f-4492-4915-b8f8-7492a3b1e4cd,810e96e4-e456-4468-9b59-f4e8f39732c0,efe8e2a3-eace-427b-b4f1-cb8a937ec77d,e9aa9a3e-5b2b-4ac7-a2c7-073de2b2b24f,8bbdbcdd-5cd4-4100-b6d5-b7c9625b6107,50f4348b-c883-4e2f-8f11-ce233b859fa1,fda095cb-831d-4601-ad94-846013963de8,f92806d7-1768-443f-afe8-12bcde84d0f0,dd3a144d-ab7f-41f0-82b8-2e43a090d496,f0416e68-0200-4b77-a926-4f9d16e494da,970b0598-bcb0-4714-91fb-2e81440dccd8,bcd64cc6-2dd9-43f6-abbe-66318d332032,d930590d-bb92-4cc8-8bd1-23cd027f9edf,a3cd009f-0ab0-420d-9278-b9fdab939bbc,6a2d0734-bd9e-4ddf-946e-caa52498cb75,c27215d8-6835-4b68-bfbb-bdeac6100c04,b5d6115f-0370-4d7c-aad3-c194cc71cf98,871c3b6c-7379-419d-bda3-794b239ab90d,ff9b0199-ce04-4cfe-86cc-6c719f08d6e4,de1c2107-70c8-4021-8459-6399f24d01c6,cbf30902-517f-40dc-af90-a550bac27cf1
2025-6-24 10:36:09-debug: Init bundle root assets success..., progress: 0%
2025-6-24 10:36:09-debug:   Number of all scripts: 8
2025-6-24 10:36:09-debug:   Number of other assets: 312
2025-6-24 10:36:09-debug:   Number of all scenes: 1
2025-6-24 10:36:09-log: run build task 查询 Asset Bundle success in 2 ms√, progress: 5%
2025-6-24 10:36:09-debug: // ---- build task 查询 Asset Bundle ---- (2ms)
2025-6-24 10:36:09-debug: [Build Memory track]: 查询 Asset Bundle start:213.58MB, end 214.08MB, increase: 511.66KB
2025-6-24 10:36:09-debug: 查询 Asset Bundle start, progress: 5%
2025-6-24 10:36:09-debug: // ---- build task 查询 Asset Bundle ----
2025-6-24 10:36:09-debug: // ---- build task 查询 Asset Bundle ---- (2ms)
2025-6-24 10:36:09-debug: // ---- build task 整理部分构建选项内数据到 settings.json ----
2025-6-24 10:36:09-log: run build task 查询 Asset Bundle success in 2 ms√, progress: 10%
2025-6-24 10:36:09-debug: 整理部分构建选项内数据到 settings.json start, progress: 10%
2025-6-24 10:36:09-debug: [Build Memory track]: 查询 Asset Bundle start:214.11MB, end 213.46MB, increase: -663.63KB
2025-6-24 10:36:09-log: run build task 整理部分构建选项内数据到 settings.json success in √, progress: 12%
2025-6-24 10:36:09-debug: [Build Memory track]: 整理部分构建选项内数据到 settings.json start:213.48MB, end 213.50MB, increase: 16.24KB
2025-6-24 10:36:09-debug: 填充脚本数据到 settings.json start, progress: 12%
2025-6-24 10:36:09-debug: // ---- build task 填充脚本数据到 settings.json ----
2025-6-24 10:36:09-log: run build task 填充脚本数据到 settings.json success in √, progress: 13%
2025-6-24 10:36:09-debug: [Build Memory track]: 填充脚本数据到 settings.json start:213.52MB, end 213.54MB, increase: 15.52KB
2025-6-24 10:36:09-debug: 整理部分构建选项内数据到 settings.json start, progress: 13%
2025-6-24 10:36:09-debug: // ---- build task 整理部分构建选项内数据到 settings.json ----
2025-6-24 10:36:09-debug: // ---- build task 整理部分构建选项内数据到 settings.json ---- (2ms)
2025-6-24 10:36:09-log: run build task 整理部分构建选项内数据到 settings.json success in 2 ms√, progress: 15%
2025-6-24 10:36:09-debug: [Build Memory track]: 整理部分构建选项内数据到 settings.json start:213.56MB, end 213.68MB, increase: 122.43KB
2025-6-24 10:36:15-debug: refresh db internal success
2025-6-24 10:36:15-debug: Run asset db hook engine-extends:afterRefresh ...
2025-6-24 10:36:15-debug: Run asset db hook engine-extends:afterRefresh success!
2025-6-24 10:36:15-debug: refresh db assets success
2025-6-24 10:36:15-debug: asset-db:refresh-all-database (28ms)
2025-6-24 10:36:17-debug: Cannot find the asset handler of operate open for importer animation-clip
2025-6-24 10:36:34-debug: %cImport%c: /Users/zhao/Desktop/test/cocos-creator/JumpingBlock/assets/Animations/JumpTwoStep.animbackground: #aaff85; color: #000;color: #000;
2025-6-24 10:36:34-debug: asset-db:reimport-asset0a6de763-3474-4b51-a70e-20f6c1d1af7b (6ms)
2025-6-24 10:36:35-debug: %cImport%c: /Users/zhao/Desktop/test/cocos-creator/JumpingBlock/assets/Animations/JumpTwoStep.animbackground: #aaff85; color: #000;color: #000;
2025-6-24 10:36:35-debug: asset-db:reimport-asset0a6de763-3474-4b51-a70e-20f6c1d1af7b (2ms)
2025-6-24 10:36:35-debug: %cImport%c: /Users/zhao/Desktop/test/cocos-creator/JumpingBlock/assets/Animations/JumpTwoStep.animbackground: #aaff85; color: #000;color: #000;
2025-6-24 10:36:35-debug: asset-db:reimport-asset0a6de763-3474-4b51-a70e-20f6c1d1af7b (3ms)
2025-6-24 10:36:38-debug: Query all assets info in project
2025-6-24 10:36:38-debug: init custom config: keepNodeUuid: false, useCache: true
2025-6-24 10:36:38-debug: Skip compress image, progress: 0%
2025-6-24 10:36:38-debug: Init all bundles start..., progress: 0%
2025-6-24 10:36:38-debug: Init bundle root assets start..., progress: 0%
2025-6-24 10:36:38-debug: 查询 Asset Bundle start, progress: 0%
2025-6-24 10:36:38-debug: // ---- build task 查询 Asset Bundle ----
2025-6-24 10:36:38-debug: Num of bundles: 2..., progress: 0%
2025-6-24 10:36:38-debug: Query preload assets/scripts from cc.config.json: 60f7195c-ec2a-45eb-ba94-8955f60e81d0,1c02ae6f-4492-4915-b8f8-7492a3b1e4cd,810e96e4-e456-4468-9b59-f4e8f39732c0,efe8e2a3-eace-427b-b4f1-cb8a937ec77d,e9aa9a3e-5b2b-4ac7-a2c7-073de2b2b24f,8bbdbcdd-5cd4-4100-b6d5-b7c9625b6107,50f4348b-c883-4e2f-8f11-ce233b859fa1,fda095cb-831d-4601-ad94-846013963de8,f92806d7-1768-443f-afe8-12bcde84d0f0,dd3a144d-ab7f-41f0-82b8-2e43a090d496,f0416e68-0200-4b77-a926-4f9d16e494da,970b0598-bcb0-4714-91fb-2e81440dccd8,bcd64cc6-2dd9-43f6-abbe-66318d332032,d930590d-bb92-4cc8-8bd1-23cd027f9edf,a3cd009f-0ab0-420d-9278-b9fdab939bbc,6a2d0734-bd9e-4ddf-946e-caa52498cb75,c27215d8-6835-4b68-bfbb-bdeac6100c04,b5d6115f-0370-4d7c-aad3-c194cc71cf98,871c3b6c-7379-419d-bda3-794b239ab90d,ff9b0199-ce04-4cfe-86cc-6c719f08d6e4,de1c2107-70c8-4021-8459-6399f24d01c6,cbf30902-517f-40dc-af90-a550bac27cf1
2025-6-24 10:36:38-debug: Init bundle root assets success..., progress: 0%
2025-6-24 10:36:38-debug:   Number of all scripts: 8
2025-6-24 10:36:38-debug:   Number of other assets: 312
2025-6-24 10:36:38-debug:   Number of all scenes: 1
2025-6-24 10:36:38-debug: // ---- build task 查询 Asset Bundle ---- (2ms)
2025-6-24 10:36:38-log: run build task 查询 Asset Bundle success in 2 ms√, progress: 5%
2025-6-24 10:36:38-debug: [Build Memory track]: 查询 Asset Bundle start:214.16MB, end 213.86MB, increase: -308.21KB
2025-6-24 10:36:38-debug: 查询 Asset Bundle start, progress: 5%
2025-6-24 10:36:38-debug: // ---- build task 查询 Asset Bundle ----
2025-6-24 10:36:38-debug: // ---- build task 查询 Asset Bundle ---- (1ms)
2025-6-24 10:36:38-debug: // ---- build task 整理部分构建选项内数据到 settings.json ----
2025-6-24 10:36:38-debug: [Build Memory track]: 查询 Asset Bundle start:213.88MB, end 213.96MB, increase: 77.75KB
2025-6-24 10:36:38-debug: 整理部分构建选项内数据到 settings.json start, progress: 10%
2025-6-24 10:36:38-log: run build task 查询 Asset Bundle success in 1 ms√, progress: 10%
2025-6-24 10:36:38-debug: // ---- build task 整理部分构建选项内数据到 settings.json ---- (1ms)
2025-6-24 10:36:38-debug: // ---- build task 填充脚本数据到 settings.json ----
2025-6-24 10:36:38-debug: [Build Memory track]: 整理部分构建选项内数据到 settings.json start:213.98MB, end 214.00MB, increase: 24.35KB
2025-6-24 10:36:38-debug: 填充脚本数据到 settings.json start, progress: 12%
2025-6-24 10:36:38-log: run build task 整理部分构建选项内数据到 settings.json success in 1 ms√, progress: 12%
2025-6-24 10:36:38-log: run build task 填充脚本数据到 settings.json success in √, progress: 13%
2025-6-24 10:36:38-debug: [Build Memory track]: 填充脚本数据到 settings.json start:214.03MB, end 214.05MB, increase: 16.15KB
2025-6-24 10:36:38-debug: 整理部分构建选项内数据到 settings.json start, progress: 13%
2025-6-24 10:36:38-debug: // ---- build task 整理部分构建选项内数据到 settings.json ----
2025-6-24 10:36:38-debug: // ---- build task 整理部分构建选项内数据到 settings.json ---- (3ms)
2025-6-24 10:36:38-log: run build task 整理部分构建选项内数据到 settings.json success in 3 ms√, progress: 15%
2025-6-24 10:36:38-debug: [Build Memory track]: 整理部分构建选项内数据到 settings.json start:214.07MB, end 214.19MB, increase: 122.49KB
2025-6-24 10:37:08-debug: refresh db internal success
2025-6-24 10:37:08-debug: %cImport%c: /Users/zhao/Desktop/test/cocos-creator/JumpingBlock/assets/Scripts/Player.tsbackground: #aaff85; color: #000;color: #000;
2025-6-24 10:37:08-debug: refresh db assets success
2025-6-24 10:37:08-debug: Run asset db hook engine-extends:afterRefresh success!
2025-6-24 10:37:08-debug: Run asset db hook engine-extends:afterRefresh ...
2025-6-24 10:37:08-debug: asset-db:refresh-all-database (29ms)
2025-6-24 10:37:08-debug: asset-db:worker-effect-data-processing (1ms)
2025-6-24 10:37:08-debug: asset-db-hook-engine-extends-afterRefresh (1ms)
2025-6-24 10:37:08-debug: %cImport%c: /Users/zhao/Desktop/test/cocos-creator/JumpingBlock/assets/Scenes/main.scenebackground: #aaff85; color: #000;color: #000;
2025-6-24 10:37:08-debug: asset-db:reimport-asset20b35577-f54e-49ab-a58a-ce370c78bfaa (2ms)
2025-6-24 10:37:09-debug: Query all assets info in project
2025-6-24 10:37:09-debug: init custom config: keepNodeUuid: false, useCache: true
2025-6-24 10:37:09-debug: Skip compress image, progress: 0%
2025-6-24 10:37:09-debug: Init all bundles start..., progress: 0%
2025-6-24 10:37:09-debug: // ---- build task 查询 Asset Bundle ----
2025-6-24 10:37:09-debug: Init bundle root assets start..., progress: 0%
2025-6-24 10:37:09-debug: Num of bundles: 2..., progress: 0%
2025-6-24 10:37:09-debug: 查询 Asset Bundle start, progress: 0%
2025-6-24 10:37:09-debug: Query preload assets/scripts from cc.config.json: 60f7195c-ec2a-45eb-ba94-8955f60e81d0,1c02ae6f-4492-4915-b8f8-7492a3b1e4cd,810e96e4-e456-4468-9b59-f4e8f39732c0,efe8e2a3-eace-427b-b4f1-cb8a937ec77d,e9aa9a3e-5b2b-4ac7-a2c7-073de2b2b24f,8bbdbcdd-5cd4-4100-b6d5-b7c9625b6107,50f4348b-c883-4e2f-8f11-ce233b859fa1,fda095cb-831d-4601-ad94-846013963de8,f92806d7-1768-443f-afe8-12bcde84d0f0,dd3a144d-ab7f-41f0-82b8-2e43a090d496,f0416e68-0200-4b77-a926-4f9d16e494da,970b0598-bcb0-4714-91fb-2e81440dccd8,bcd64cc6-2dd9-43f6-abbe-66318d332032,d930590d-bb92-4cc8-8bd1-23cd027f9edf,a3cd009f-0ab0-420d-9278-b9fdab939bbc,6a2d0734-bd9e-4ddf-946e-caa52498cb75,c27215d8-6835-4b68-bfbb-bdeac6100c04,b5d6115f-0370-4d7c-aad3-c194cc71cf98,871c3b6c-7379-419d-bda3-794b239ab90d,ff9b0199-ce04-4cfe-86cc-6c719f08d6e4,de1c2107-70c8-4021-8459-6399f24d01c6,cbf30902-517f-40dc-af90-a550bac27cf1
2025-6-24 10:37:09-debug: Init bundle root assets success..., progress: 0%
2025-6-24 10:37:09-debug:   Number of other assets: 312
2025-6-24 10:37:09-debug:   Number of all scripts: 8
2025-6-24 10:37:09-debug:   Number of all scenes: 1
2025-6-24 10:37:09-debug: // ---- build task 查询 Asset Bundle ---- (3ms)
2025-6-24 10:37:09-log: run build task 查询 Asset Bundle success in 3 ms√, progress: 5%
2025-6-24 10:37:09-debug: // ---- build task 查询 Asset Bundle ----
2025-6-24 10:37:09-debug: 查询 Asset Bundle start, progress: 5%
2025-6-24 10:37:09-debug: [Build Memory track]: 查询 Asset Bundle start:214.25MB, end 214.75MB, increase: 514.08KB
2025-6-24 10:37:09-debug: // ---- build task 查询 Asset Bundle ---- (2ms)
2025-6-24 10:37:09-debug: // ---- build task 整理部分构建选项内数据到 settings.json ----
2025-6-24 10:37:09-log: run build task 查询 Asset Bundle success in 2 ms√, progress: 10%
2025-6-24 10:37:09-debug: 整理部分构建选项内数据到 settings.json start, progress: 10%
2025-6-24 10:37:09-debug: [Build Memory track]: 查询 Asset Bundle start:214.77MB, end 214.85MB, increase: 78.39KB
2025-6-24 10:37:09-log: run build task 整理部分构建选项内数据到 settings.json success in √, progress: 12%
2025-6-24 10:37:09-debug: [Build Memory track]: 整理部分构建选项内数据到 settings.json start:214.88MB, end 214.18MB, increase: -716.83KB
2025-6-24 10:37:09-debug: // ---- build task 填充脚本数据到 settings.json ----
2025-6-24 10:37:09-debug: 填充脚本数据到 settings.json start, progress: 12%
2025-6-24 10:37:09-log: run build task 填充脚本数据到 settings.json success in √, progress: 13%
2025-6-24 10:37:09-debug: 整理部分构建选项内数据到 settings.json start, progress: 13%
2025-6-24 10:37:09-debug: // ---- build task 整理部分构建选项内数据到 settings.json ----
2025-6-24 10:37:09-debug: [Build Memory track]: 填充脚本数据到 settings.json start:214.20MB, end 214.22MB, increase: 16.28KB
2025-6-24 10:37:09-debug: // ---- build task 整理部分构建选项内数据到 settings.json ---- (2ms)
2025-6-24 10:37:09-log: run build task 整理部分构建选项内数据到 settings.json success in 2 ms√, progress: 15%
2025-6-24 10:37:09-debug: [Build Memory track]: 整理部分构建选项内数据到 settings.json start:214.24MB, end 214.36MB, increase: 122.55KB
2025-6-24 10:37:19-debug: refresh db internal success
2025-6-24 10:37:19-debug: refresh db assets success
2025-6-24 10:37:19-debug: Run asset db hook engine-extends:afterRefresh ...
2025-6-24 10:37:19-debug: Run asset db hook engine-extends:afterRefresh success!
2025-6-24 10:37:19-debug: asset-db:refresh-all-database (26ms)
2025-6-24 10:37:19-debug: asset-db:worker-effect-data-processing (1ms)
2025-6-24 10:37:19-debug: asset-db-hook-engine-extends-afterRefresh (1ms)
2025-6-24 10:38:16-debug: refresh db internal success
2025-6-24 10:38:16-debug: %cImport%c: /Users/zhao/Desktop/test/cocos-creator/JumpingBlock/assets/Scripts/Player.tsbackground: #aaff85; color: #000;color: #000;
2025-6-24 10:38:16-debug: refresh db assets success
2025-6-24 10:38:16-debug: Run asset db hook engine-extends:afterRefresh ...
2025-6-24 10:38:16-debug: Run asset db hook engine-extends:afterRefresh success!
2025-6-24 10:38:16-debug: asset-db:refresh-all-database (28ms)
2025-6-24 10:38:16-debug: asset-db:worker-effect-data-processing (2ms)
2025-6-24 10:38:16-debug: asset-db-hook-engine-extends-afterRefresh (2ms)
2025-6-24 10:38:17-debug: %cImport%c: /Users/zhao/Desktop/test/cocos-creator/JumpingBlock/assets/Scenes/main.scenebackground: #aaff85; color: #000;color: #000;
2025-6-24 10:38:17-debug: asset-db:reimport-asset20b35577-f54e-49ab-a58a-ce370c78bfaa (2ms)
2025-6-24 10:38:17-debug: Query all assets info in project
2025-6-24 10:38:17-debug: init custom config: keepNodeUuid: false, useCache: true
2025-6-24 10:38:17-debug: Skip compress image, progress: 0%
2025-6-24 10:38:17-debug: Init all bundles start..., progress: 0%
2025-6-24 10:38:17-debug: Num of bundles: 2..., progress: 0%
2025-6-24 10:38:17-debug: Init bundle root assets start..., progress: 0%
2025-6-24 10:38:17-debug: 查询 Asset Bundle start, progress: 0%
2025-6-24 10:38:17-debug: // ---- build task 查询 Asset Bundle ----
2025-6-24 10:38:17-debug: Query preload assets/scripts from cc.config.json: 60f7195c-ec2a-45eb-ba94-8955f60e81d0,1c02ae6f-4492-4915-b8f8-7492a3b1e4cd,810e96e4-e456-4468-9b59-f4e8f39732c0,efe8e2a3-eace-427b-b4f1-cb8a937ec77d,e9aa9a3e-5b2b-4ac7-a2c7-073de2b2b24f,8bbdbcdd-5cd4-4100-b6d5-b7c9625b6107,50f4348b-c883-4e2f-8f11-ce233b859fa1,fda095cb-831d-4601-ad94-846013963de8,f92806d7-1768-443f-afe8-12bcde84d0f0,dd3a144d-ab7f-41f0-82b8-2e43a090d496,f0416e68-0200-4b77-a926-4f9d16e494da,970b0598-bcb0-4714-91fb-2e81440dccd8,bcd64cc6-2dd9-43f6-abbe-66318d332032,d930590d-bb92-4cc8-8bd1-23cd027f9edf,a3cd009f-0ab0-420d-9278-b9fdab939bbc,6a2d0734-bd9e-4ddf-946e-caa52498cb75,c27215d8-6835-4b68-bfbb-bdeac6100c04,b5d6115f-0370-4d7c-aad3-c194cc71cf98,871c3b6c-7379-419d-bda3-794b239ab90d,ff9b0199-ce04-4cfe-86cc-6c719f08d6e4,de1c2107-70c8-4021-8459-6399f24d01c6,cbf30902-517f-40dc-af90-a550bac27cf1
2025-6-24 10:38:17-debug: Init bundle root assets success..., progress: 0%
2025-6-24 10:38:17-debug:   Number of all scripts: 8
2025-6-24 10:38:17-debug:   Number of other assets: 312
2025-6-24 10:38:17-debug:   Number of all scenes: 1
2025-6-24 10:38:17-debug: // ---- build task 查询 Asset Bundle ---- (5ms)
2025-6-24 10:38:17-debug: // ---- build task 查询 Asset Bundle ----
2025-6-24 10:38:17-debug: [Build Memory track]: 查询 Asset Bundle start:215.11MB, end 215.61MB, increase: 511.89KB
2025-6-24 10:38:17-debug: 查询 Asset Bundle start, progress: 5%
2025-6-24 10:38:17-log: run build task 查询 Asset Bundle success in 5 ms√, progress: 5%
2025-6-24 10:38:17-debug: // ---- build task 查询 Asset Bundle ---- (2ms)
2025-6-24 10:38:17-log: run build task 查询 Asset Bundle success in 2 ms√, progress: 10%
2025-6-24 10:38:17-debug: [Build Memory track]: 查询 Asset Bundle start:215.64MB, end 214.95MB, increase: -703.08KB
2025-6-24 10:38:17-debug: 整理部分构建选项内数据到 settings.json start, progress: 10%
2025-6-24 10:38:17-debug: // ---- build task 整理部分构建选项内数据到 settings.json ----
2025-6-24 10:38:17-debug: // ---- build task 整理部分构建选项内数据到 settings.json ---- (1ms)
2025-6-24 10:38:17-log: run build task 整理部分构建选项内数据到 settings.json success in 1 ms√, progress: 12%
2025-6-24 10:38:17-debug: [Build Memory track]: 整理部分构建选项内数据到 settings.json start:214.97MB, end 215.00MB, increase: 24.37KB
2025-6-24 10:38:17-debug: 填充脚本数据到 settings.json start, progress: 12%
2025-6-24 10:38:17-debug: // ---- build task 填充脚本数据到 settings.json ----
2025-6-24 10:38:17-log: run build task 填充脚本数据到 settings.json success in √, progress: 13%
2025-6-24 10:38:17-debug: [Build Memory track]: 填充脚本数据到 settings.json start:215.02MB, end 215.04MB, increase: 16.04KB
2025-6-24 10:38:17-debug: 整理部分构建选项内数据到 settings.json start, progress: 13%
2025-6-24 10:38:17-debug: // ---- build task 整理部分构建选项内数据到 settings.json ----
2025-6-24 10:38:17-debug: // ---- build task 整理部分构建选项内数据到 settings.json ---- (2ms)
2025-6-24 10:38:17-log: run build task 整理部分构建选项内数据到 settings.json success in 2 ms√, progress: 15%
2025-6-24 10:38:17-debug: [Build Memory track]: 整理部分构建选项内数据到 settings.json start:215.06MB, end 215.19MB, increase: 131.71KB
2025-6-24 10:38:44-debug: Query all assets info in project
2025-6-24 10:38:44-debug: init custom config: keepNodeUuid: false, useCache: true
2025-6-24 10:38:44-debug: Skip compress image, progress: 0%
2025-6-24 10:38:44-debug: Init all bundles start..., progress: 0%
2025-6-24 10:38:44-debug: Num of bundles: 2..., progress: 0%
2025-6-24 10:38:44-debug: 查询 Asset Bundle start, progress: 0%
2025-6-24 10:38:44-debug: // ---- build task 查询 Asset Bundle ----
2025-6-24 10:38:44-debug: Init bundle root assets start..., progress: 0%
2025-6-24 10:38:44-debug: Query preload assets/scripts from cc.config.json: 60f7195c-ec2a-45eb-ba94-8955f60e81d0,1c02ae6f-4492-4915-b8f8-7492a3b1e4cd,810e96e4-e456-4468-9b59-f4e8f39732c0,efe8e2a3-eace-427b-b4f1-cb8a937ec77d,e9aa9a3e-5b2b-4ac7-a2c7-073de2b2b24f,8bbdbcdd-5cd4-4100-b6d5-b7c9625b6107,50f4348b-c883-4e2f-8f11-ce233b859fa1,fda095cb-831d-4601-ad94-846013963de8,f92806d7-1768-443f-afe8-12bcde84d0f0,dd3a144d-ab7f-41f0-82b8-2e43a090d496,f0416e68-0200-4b77-a926-4f9d16e494da,970b0598-bcb0-4714-91fb-2e81440dccd8,bcd64cc6-2dd9-43f6-abbe-66318d332032,d930590d-bb92-4cc8-8bd1-23cd027f9edf,a3cd009f-0ab0-420d-9278-b9fdab939bbc,6a2d0734-bd9e-4ddf-946e-caa52498cb75,c27215d8-6835-4b68-bfbb-bdeac6100c04,b5d6115f-0370-4d7c-aad3-c194cc71cf98,871c3b6c-7379-419d-bda3-794b239ab90d,ff9b0199-ce04-4cfe-86cc-6c719f08d6e4,de1c2107-70c8-4021-8459-6399f24d01c6,cbf30902-517f-40dc-af90-a550bac27cf1
2025-6-24 10:38:44-debug:   Number of all scenes: 1
2025-6-24 10:38:44-debug:   Number of all scripts: 8
2025-6-24 10:38:44-debug:   Number of other assets: 312
2025-6-24 10:38:44-debug: Init bundle root assets success..., progress: 0%
2025-6-24 10:38:44-debug: // ---- build task 查询 Asset Bundle ---- (3ms)
2025-6-24 10:38:44-debug: // ---- build task 查询 Asset Bundle ----
2025-6-24 10:38:44-debug: [Build Memory track]: 查询 Asset Bundle start:215.63MB, end 215.24MB, increase: -398.79KB
2025-6-24 10:38:44-debug: 查询 Asset Bundle start, progress: 5%
2025-6-24 10:38:44-log: run build task 查询 Asset Bundle success in 3 ms√, progress: 5%
2025-6-24 10:38:44-debug: // ---- build task 查询 Asset Bundle ---- (1ms)
2025-6-24 10:38:44-debug: // ---- build task 整理部分构建选项内数据到 settings.json ----
2025-6-24 10:38:44-debug: [Build Memory track]: 查询 Asset Bundle start:215.27MB, end 215.34MB, increase: 76.64KB
2025-6-24 10:38:44-debug: 整理部分构建选项内数据到 settings.json start, progress: 10%
2025-6-24 10:38:44-log: run build task 查询 Asset Bundle success in 1 ms√, progress: 10%
2025-6-24 10:38:44-log: run build task 整理部分构建选项内数据到 settings.json success in √, progress: 12%
2025-6-24 10:38:44-debug: [Build Memory track]: 整理部分构建选项内数据到 settings.json start:215.37MB, end 215.38MB, increase: 16.48KB
2025-6-24 10:38:44-debug: 填充脚本数据到 settings.json start, progress: 12%
2025-6-24 10:38:44-debug: // ---- build task 填充脚本数据到 settings.json ----
2025-6-24 10:38:44-debug: // ---- build task 填充脚本数据到 settings.json ---- (1ms)
2025-6-24 10:38:44-log: run build task 填充脚本数据到 settings.json success in 1 ms√, progress: 13%
2025-6-24 10:38:44-debug: [Build Memory track]: 填充脚本数据到 settings.json start:215.41MB, end 215.43MB, increase: 23.26KB
2025-6-24 10:38:44-debug: 整理部分构建选项内数据到 settings.json start, progress: 13%
2025-6-24 10:38:44-debug: // ---- build task 整理部分构建选项内数据到 settings.json ----
2025-6-24 10:38:44-debug: // ---- build task 整理部分构建选项内数据到 settings.json ---- (3ms)
2025-6-24 10:38:44-log: run build task 整理部分构建选项内数据到 settings.json success in 3 ms√, progress: 15%
2025-6-24 10:38:44-debug: [Build Memory track]: 整理部分构建选项内数据到 settings.json start:215.46MB, end 215.58MB, increase: 123.23KB
2025-6-24 10:38:45-debug: refresh db internal success
2025-6-24 10:38:45-debug: refresh db assets success
2025-6-24 10:38:45-debug: Run asset db hook engine-extends:afterRefresh ...
2025-6-24 10:38:45-debug: Run asset db hook engine-extends:afterRefresh success!
2025-6-24 10:38:45-debug: asset-db:refresh-all-database (25ms)
2025-6-24 10:38:45-debug: asset-db:worker-effect-data-processing (1ms)
2025-6-24 10:38:45-debug: asset-db-hook-engine-extends-afterRefresh (1ms)
2025-6-24 10:39:00-debug: refresh db internal success
2025-6-24 10:39:00-debug: %cImport%c: /Users/zhao/Desktop/test/cocos-creator/JumpingBlock/assets/Scripts/Player.tsbackground: #aaff85; color: #000;color: #000;
2025-6-24 10:39:00-debug: refresh db assets success
2025-6-24 10:39:00-debug: Run asset db hook engine-extends:afterRefresh ...
2025-6-24 10:39:00-debug: Run asset db hook engine-extends:afterRefresh success!
2025-6-24 10:39:00-debug: asset-db:refresh-all-database (27ms)
2025-6-24 10:39:00-debug: asset-db-hook-engine-extends-afterRefresh (1ms)
2025-6-24 10:39:00-debug: asset-db:worker-effect-data-processing (1ms)
2025-6-24 10:39:00-debug: %cImport%c: /Users/zhao/Desktop/test/cocos-creator/JumpingBlock/assets/Scenes/main.scenebackground: #aaff85; color: #000;color: #000;
2025-6-24 10:39:00-debug: asset-db:reimport-asset20b35577-f54e-49ab-a58a-ce370c78bfaa (2ms)
2025-6-24 10:39:00-debug: Query all assets info in project
2025-6-24 10:39:01-debug: init custom config: keepNodeUuid: false, useCache: true
2025-6-24 10:39:01-debug: Skip compress image, progress: 0%
2025-6-24 10:39:01-debug: Init all bundles start..., progress: 0%
2025-6-24 10:39:01-debug: Num of bundles: 2..., progress: 0%
2025-6-24 10:39:01-debug: // ---- build task 查询 Asset Bundle ----
2025-6-24 10:39:01-debug: 查询 Asset Bundle start, progress: 0%
2025-6-24 10:39:01-debug: Init bundle root assets start..., progress: 0%
2025-6-24 10:39:01-debug: Query preload assets/scripts from cc.config.json: 60f7195c-ec2a-45eb-ba94-8955f60e81d0,1c02ae6f-4492-4915-b8f8-7492a3b1e4cd,810e96e4-e456-4468-9b59-f4e8f39732c0,efe8e2a3-eace-427b-b4f1-cb8a937ec77d,e9aa9a3e-5b2b-4ac7-a2c7-073de2b2b24f,8bbdbcdd-5cd4-4100-b6d5-b7c9625b6107,50f4348b-c883-4e2f-8f11-ce233b859fa1,fda095cb-831d-4601-ad94-846013963de8,f92806d7-1768-443f-afe8-12bcde84d0f0,dd3a144d-ab7f-41f0-82b8-2e43a090d496,f0416e68-0200-4b77-a926-4f9d16e494da,970b0598-bcb0-4714-91fb-2e81440dccd8,bcd64cc6-2dd9-43f6-abbe-66318d332032,d930590d-bb92-4cc8-8bd1-23cd027f9edf,a3cd009f-0ab0-420d-9278-b9fdab939bbc,6a2d0734-bd9e-4ddf-946e-caa52498cb75,c27215d8-6835-4b68-bfbb-bdeac6100c04,b5d6115f-0370-4d7c-aad3-c194cc71cf98,871c3b6c-7379-419d-bda3-794b239ab90d,ff9b0199-ce04-4cfe-86cc-6c719f08d6e4,de1c2107-70c8-4021-8459-6399f24d01c6,cbf30902-517f-40dc-af90-a550bac27cf1
2025-6-24 10:39:01-debug: Init bundle root assets success..., progress: 0%
2025-6-24 10:39:01-debug:   Number of all scenes: 1
2025-6-24 10:39:01-debug:   Number of all scripts: 8
2025-6-24 10:39:01-debug:   Number of other assets: 312
2025-6-24 10:39:01-debug: // ---- build task 查询 Asset Bundle ---- (2ms)
2025-6-24 10:39:01-log: run build task 查询 Asset Bundle success in 2 ms√, progress: 5%
2025-6-24 10:39:01-debug: [Build Memory track]: 查询 Asset Bundle start:216.15MB, end 216.65MB, increase: 512.71KB
2025-6-24 10:39:01-debug: // ---- build task 查询 Asset Bundle ----
2025-6-24 10:39:01-debug: 查询 Asset Bundle start, progress: 5%
2025-6-24 10:39:01-debug: // ---- build task 查询 Asset Bundle ---- (1ms)
2025-6-24 10:39:01-log: run build task 查询 Asset Bundle success in 1 ms√, progress: 10%
2025-6-24 10:39:01-debug: 整理部分构建选项内数据到 settings.json start, progress: 10%
2025-6-24 10:39:01-debug: [Build Memory track]: 查询 Asset Bundle start:216.67MB, end 216.01MB, increase: -679.55KB
2025-6-24 10:39:01-debug: // ---- build task 整理部分构建选项内数据到 settings.json ----
2025-6-24 10:39:01-log: run build task 整理部分构建选项内数据到 settings.json success in √, progress: 12%
2025-6-24 10:39:01-debug: // ---- build task 填充脚本数据到 settings.json ----
2025-6-24 10:39:01-debug: 填充脚本数据到 settings.json start, progress: 12%
2025-6-24 10:39:01-debug: [Build Memory track]: 整理部分构建选项内数据到 settings.json start:216.03MB, end 216.05MB, increase: 15.04KB
2025-6-24 10:39:01-debug: // ---- build task 填充脚本数据到 settings.json ---- (1ms)
2025-6-24 10:39:01-debug: [Build Memory track]: 填充脚本数据到 settings.json start:216.07MB, end 216.10MB, increase: 24.67KB
2025-6-24 10:39:01-debug: // ---- build task 整理部分构建选项内数据到 settings.json ----
2025-6-24 10:39:01-debug: 整理部分构建选项内数据到 settings.json start, progress: 13%
2025-6-24 10:39:01-log: run build task 填充脚本数据到 settings.json success in 1 ms√, progress: 13%
2025-6-24 10:39:01-debug: // ---- build task 整理部分构建选项内数据到 settings.json ---- (2ms)
2025-6-24 10:39:01-log: run build task 整理部分构建选项内数据到 settings.json success in 2 ms√, progress: 15%
2025-6-24 10:39:01-debug: [Build Memory track]: 整理部分构建选项内数据到 settings.json start:216.12MB, end 216.26MB, increase: 140.04KB
2025-6-24 10:39:14-debug: refresh db internal success
2025-6-24 10:39:14-debug: refresh db assets success
2025-6-24 10:39:14-debug: Run asset db hook engine-extends:afterRefresh ...
2025-6-24 10:39:14-debug: Run asset db hook engine-extends:afterRefresh success!
2025-6-24 10:39:14-debug: asset-db:refresh-all-database (28ms)
2025-6-24 10:39:14-debug: asset-db:worker-effect-data-processing (1ms)
2025-6-24 10:39:14-debug: asset-db-hook-engine-extends-afterRefresh (1ms)
2025-6-24 10:39:30-debug: refresh db internal success
2025-6-24 10:39:30-debug: refresh db assets success
2025-6-24 10:39:30-debug: Run asset db hook engine-extends:afterRefresh success!
2025-6-24 10:39:30-debug: Run asset db hook engine-extends:afterRefresh ...
2025-6-24 10:39:30-debug: asset-db:refresh-all-database (18ms)
2025-6-24 10:39:30-debug: asset-db-hook-engine-extends-afterRefresh (1ms)
2025-6-24 10:39:30-debug: asset-db:worker-effect-data-processing (1ms)
2025-6-24 10:42:02-debug: refresh db internal success
2025-6-24 10:42:02-debug: %cImport%c: /Users/zhao/Desktop/test/cocos-creator/JumpingBlock/assets/Scripts/Player.tsbackground: #aaff85; color: #000;color: #000;
2025-6-24 10:42:02-debug: refresh db assets success
2025-6-24 10:42:02-debug: Run asset db hook engine-extends:afterRefresh ...
2025-6-24 10:42:02-debug: Run asset db hook engine-extends:afterRefresh success!
2025-6-24 10:42:02-debug: asset-db:refresh-all-database (72ms)
2025-6-24 10:42:02-debug: asset-db:worker-effect-data-processing (5ms)
2025-6-24 10:42:02-debug: asset-db-hook-engine-extends-afterRefresh (5ms)
2025-6-24 10:42:02-debug: %cImport%c: /Users/zhao/Desktop/test/cocos-creator/JumpingBlock/assets/Animations/JumpTwoStep.animbackground: #aaff85; color: #000;color: #000;
2025-6-24 10:42:02-debug: asset-db:reimport-asset0a6de763-3474-4b51-a70e-20f6c1d1af7b (2ms)
2025-6-24 10:42:02-debug: %cImport%c: /Users/zhao/Desktop/test/cocos-creator/JumpingBlock/assets/Animations/JumpTwoStep.animbackground: #aaff85; color: #000;color: #000;
2025-6-24 10:42:02-debug: asset-db:reimport-asset0a6de763-3474-4b51-a70e-20f6c1d1af7b (2ms)
2025-6-24 10:42:03-debug: Query all assets info in project
2025-6-24 10:42:03-debug: init custom config: keepNodeUuid: false, useCache: true
2025-6-24 10:42:03-debug: Skip compress image, progress: 0%
2025-6-24 10:42:03-debug: Init all bundles start..., progress: 0%
2025-6-24 10:42:03-debug: Num of bundles: 2..., progress: 0%
2025-6-24 10:42:03-debug: 查询 Asset Bundle start, progress: 0%
2025-6-24 10:42:03-debug: Init bundle root assets start..., progress: 0%
2025-6-24 10:42:03-debug: // ---- build task 查询 Asset Bundle ----
2025-6-24 10:42:03-debug: Query preload assets/scripts from cc.config.json: 60f7195c-ec2a-45eb-ba94-8955f60e81d0,1c02ae6f-4492-4915-b8f8-7492a3b1e4cd,810e96e4-e456-4468-9b59-f4e8f39732c0,efe8e2a3-eace-427b-b4f1-cb8a937ec77d,e9aa9a3e-5b2b-4ac7-a2c7-073de2b2b24f,8bbdbcdd-5cd4-4100-b6d5-b7c9625b6107,50f4348b-c883-4e2f-8f11-ce233b859fa1,fda095cb-831d-4601-ad94-846013963de8,f92806d7-1768-443f-afe8-12bcde84d0f0,dd3a144d-ab7f-41f0-82b8-2e43a090d496,f0416e68-0200-4b77-a926-4f9d16e494da,970b0598-bcb0-4714-91fb-2e81440dccd8,bcd64cc6-2dd9-43f6-abbe-66318d332032,d930590d-bb92-4cc8-8bd1-23cd027f9edf,a3cd009f-0ab0-420d-9278-b9fdab939bbc,6a2d0734-bd9e-4ddf-946e-caa52498cb75,c27215d8-6835-4b68-bfbb-bdeac6100c04,b5d6115f-0370-4d7c-aad3-c194cc71cf98,871c3b6c-7379-419d-bda3-794b239ab90d,ff9b0199-ce04-4cfe-86cc-6c719f08d6e4,de1c2107-70c8-4021-8459-6399f24d01c6,cbf30902-517f-40dc-af90-a550bac27cf1
2025-6-24 10:42:03-debug:   Number of all scenes: 1
2025-6-24 10:42:03-debug:   Number of all scripts: 8
2025-6-24 10:42:03-debug:   Number of other assets: 312
2025-6-24 10:42:03-debug: Init bundle root assets success..., progress: 0%
2025-6-24 10:42:03-debug: // ---- build task 查询 Asset Bundle ---- (5ms)
2025-6-24 10:42:03-log: run build task 查询 Asset Bundle success in 5 ms√, progress: 5%
2025-6-24 10:42:03-debug: [Build Memory track]: 查询 Asset Bundle start:198.61MB, end 198.24MB, increase: -375.15KB
2025-6-24 10:42:03-debug: 查询 Asset Bundle start, progress: 5%
2025-6-24 10:42:03-debug: // ---- build task 查询 Asset Bundle ----
2025-6-24 10:42:03-debug: // ---- build task 查询 Asset Bundle ---- (2ms)
2025-6-24 10:42:03-log: run build task 查询 Asset Bundle success in 2 ms√, progress: 10%
2025-6-24 10:42:03-debug: [Build Memory track]: 查询 Asset Bundle start:198.27MB, end 198.34MB, increase: 79.46KB
2025-6-24 10:42:03-debug: 整理部分构建选项内数据到 settings.json start, progress: 10%
2025-6-24 10:42:03-debug: // ---- build task 整理部分构建选项内数据到 settings.json ----
2025-6-24 10:42:03-debug: // ---- build task 整理部分构建选项内数据到 settings.json ---- (1ms)
2025-6-24 10:42:03-debug: // ---- build task 填充脚本数据到 settings.json ----
2025-6-24 10:42:03-log: run build task 填充脚本数据到 settings.json success in √, progress: 13%
2025-6-24 10:42:03-debug: [Build Memory track]: 填充脚本数据到 settings.json start:198.42MB, end 198.43MB, increase: 13.16KB
2025-6-24 10:42:03-debug: 整理部分构建选项内数据到 settings.json start, progress: 13%
2025-6-24 10:42:03-debug: // ---- build task 整理部分构建选项内数据到 settings.json ----
2025-6-24 10:42:03-debug: 填充脚本数据到 settings.json start, progress: 12%
2025-6-24 10:42:03-log: run build task 整理部分构建选项内数据到 settings.json success in 1 ms√, progress: 12%
2025-6-24 10:42:03-debug: [Build Memory track]: 整理部分构建选项内数据到 settings.json start:198.37MB, end 198.39MB, increase: 23.75KB
2025-6-24 10:42:03-debug: // ---- build task 整理部分构建选项内数据到 settings.json ---- (3ms)
2025-6-24 10:42:03-debug: [Build Memory track]: 整理部分构建选项内数据到 settings.json start:198.45MB, end 198.58MB, increase: 132.22KB
2025-6-24 10:42:03-log: run build task 整理部分构建选项内数据到 settings.json success in 3 ms√, progress: 15%
2025-6-24 10:42:12-debug: Query all assets info in project
2025-6-24 10:42:12-debug: init custom config: keepNodeUuid: false, useCache: true
2025-6-24 10:42:12-debug: Skip compress image, progress: 0%
2025-6-24 10:42:12-debug: Init all bundles start..., progress: 0%
2025-6-24 10:42:12-debug: // ---- build task 查询 Asset Bundle ----
2025-6-24 10:42:12-debug: 查询 Asset Bundle start, progress: 0%
2025-6-24 10:42:12-debug: Init bundle root assets start..., progress: 0%
2025-6-24 10:42:12-debug: Num of bundles: 2..., progress: 0%
2025-6-24 10:42:12-debug: Query preload assets/scripts from cc.config.json: 60f7195c-ec2a-45eb-ba94-8955f60e81d0,1c02ae6f-4492-4915-b8f8-7492a3b1e4cd,810e96e4-e456-4468-9b59-f4e8f39732c0,efe8e2a3-eace-427b-b4f1-cb8a937ec77d,e9aa9a3e-5b2b-4ac7-a2c7-073de2b2b24f,8bbdbcdd-5cd4-4100-b6d5-b7c9625b6107,50f4348b-c883-4e2f-8f11-ce233b859fa1,fda095cb-831d-4601-ad94-846013963de8,f92806d7-1768-443f-afe8-12bcde84d0f0,dd3a144d-ab7f-41f0-82b8-2e43a090d496,f0416e68-0200-4b77-a926-4f9d16e494da,970b0598-bcb0-4714-91fb-2e81440dccd8,bcd64cc6-2dd9-43f6-abbe-66318d332032,d930590d-bb92-4cc8-8bd1-23cd027f9edf,a3cd009f-0ab0-420d-9278-b9fdab939bbc,6a2d0734-bd9e-4ddf-946e-caa52498cb75,c27215d8-6835-4b68-bfbb-bdeac6100c04,b5d6115f-0370-4d7c-aad3-c194cc71cf98,871c3b6c-7379-419d-bda3-794b239ab90d,ff9b0199-ce04-4cfe-86cc-6c719f08d6e4,de1c2107-70c8-4021-8459-6399f24d01c6,cbf30902-517f-40dc-af90-a550bac27cf1
2025-6-24 10:42:12-debug: Init bundle root assets success..., progress: 0%
2025-6-24 10:42:12-debug:   Number of all scenes: 1
2025-6-24 10:42:12-debug:   Number of all scripts: 8
2025-6-24 10:42:12-debug:   Number of other assets: 312
2025-6-24 10:42:12-debug: // ---- build task 查询 Asset Bundle ---- (2ms)
2025-6-24 10:42:12-log: run build task 查询 Asset Bundle success in 2 ms√, progress: 5%
2025-6-24 10:42:12-debug: [Build Memory track]: 查询 Asset Bundle start:198.21MB, end 198.72MB, increase: 514.99KB
2025-6-24 10:42:12-debug: 查询 Asset Bundle start, progress: 5%
2025-6-24 10:42:12-debug: // ---- build task 查询 Asset Bundle ----
2025-6-24 10:42:12-debug: // ---- build task 查询 Asset Bundle ---- (1ms)
2025-6-24 10:42:12-debug: [Build Memory track]: 查询 Asset Bundle start:198.74MB, end 198.82MB, increase: 77.42KB
2025-6-24 10:42:12-log: run build task 查询 Asset Bundle success in 1 ms√, progress: 10%
2025-6-24 10:42:12-debug: 整理部分构建选项内数据到 settings.json start, progress: 10%
2025-6-24 10:42:12-debug: // ---- build task 整理部分构建选项内数据到 settings.json ----
2025-6-24 10:42:12-log: run build task 整理部分构建选项内数据到 settings.json success in √, progress: 12%
2025-6-24 10:42:12-debug: [Build Memory track]: 整理部分构建选项内数据到 settings.json start:198.84MB, end 198.86MB, increase: 16.44KB
2025-6-24 10:42:12-debug: 填充脚本数据到 settings.json start, progress: 12%
2025-6-24 10:42:12-debug: // ---- build task 填充脚本数据到 settings.json ----
2025-6-24 10:42:12-debug: // ---- build task 填充脚本数据到 settings.json ---- (1ms)
2025-6-24 10:42:12-log: run build task 填充脚本数据到 settings.json success in 1 ms√, progress: 13%
2025-6-24 10:42:12-debug: [Build Memory track]: 填充脚本数据到 settings.json start:198.88MB, end 198.90MB, increase: 23.13KB
2025-6-24 10:42:12-debug: 整理部分构建选项内数据到 settings.json start, progress: 13%
2025-6-24 10:42:12-debug: // ---- build task 整理部分构建选项内数据到 settings.json ----
2025-6-24 10:42:12-debug: // ---- build task 整理部分构建选项内数据到 settings.json ---- (3ms)
2025-6-24 10:42:12-log: run build task 整理部分构建选项内数据到 settings.json success in 3 ms√, progress: 15%
2025-6-24 10:42:12-debug: [Build Memory track]: 整理部分构建选项内数据到 settings.json start:198.93MB, end 198.28MB, increase: -665.24KB
2025-6-24 10:42:27-debug: refresh db internal success
2025-6-24 10:42:27-debug: refresh db assets success
2025-6-24 10:42:27-debug: Run asset db hook engine-extends:afterRefresh ...
2025-6-24 10:42:27-debug: Run asset db hook engine-extends:afterRefresh success!
2025-6-24 10:42:27-debug: asset-db:refresh-all-database (29ms)
2025-6-24 10:42:27-debug: asset-db:worker-effect-data-processing (1ms)
2025-6-24 10:42:27-debug: asset-db-hook-engine-extends-afterRefresh (1ms)
2025-6-24 10:43:27-debug: refresh db internal success
2025-6-24 10:43:27-debug: %cImport%c: /Users/zhao/Desktop/test/cocos-creator/JumpingBlock/assets/Scripts/Player.tsbackground: #aaff85; color: #000;color: #000;
2025-6-24 10:43:27-debug: Run asset db hook engine-extends:afterRefresh ...
2025-6-24 10:43:27-debug: refresh db assets success
2025-6-24 10:43:27-debug: Run asset db hook engine-extends:afterRefresh success!
2025-6-24 10:43:27-debug: asset-db:refresh-all-database (19ms)
2025-6-24 10:43:27-debug: asset-db:worker-effect-data-processing (1ms)
2025-6-24 10:43:27-debug: asset-db-hook-engine-extends-afterRefresh (1ms)
2025-6-24 10:43:27-debug: %cImport%c: /Users/zhao/Desktop/test/cocos-creator/JumpingBlock/assets/Animations/JumpTwoStep.animbackground: #aaff85; color: #000;color: #000;
2025-6-24 10:43:27-debug: asset-db:reimport-asset0a6de763-3474-4b51-a70e-20f6c1d1af7b (2ms)
2025-6-24 10:43:28-debug: Query all assets info in project
2025-6-24 10:43:28-debug: init custom config: keepNodeUuid: false, useCache: true
2025-6-24 10:43:28-debug: Skip compress image, progress: 0%
2025-6-24 10:43:28-debug: Init all bundles start..., progress: 0%
2025-6-24 10:43:28-debug: // ---- build task 查询 Asset Bundle ----
2025-6-24 10:43:28-debug: 查询 Asset Bundle start, progress: 0%
2025-6-24 10:43:28-debug: Init bundle root assets start..., progress: 0%
2025-6-24 10:43:28-debug: Num of bundles: 2..., progress: 0%
2025-6-24 10:43:28-debug: Query preload assets/scripts from cc.config.json: 60f7195c-ec2a-45eb-ba94-8955f60e81d0,1c02ae6f-4492-4915-b8f8-7492a3b1e4cd,810e96e4-e456-4468-9b59-f4e8f39732c0,efe8e2a3-eace-427b-b4f1-cb8a937ec77d,e9aa9a3e-5b2b-4ac7-a2c7-073de2b2b24f,8bbdbcdd-5cd4-4100-b6d5-b7c9625b6107,50f4348b-c883-4e2f-8f11-ce233b859fa1,fda095cb-831d-4601-ad94-846013963de8,f92806d7-1768-443f-afe8-12bcde84d0f0,dd3a144d-ab7f-41f0-82b8-2e43a090d496,f0416e68-0200-4b77-a926-4f9d16e494da,970b0598-bcb0-4714-91fb-2e81440dccd8,bcd64cc6-2dd9-43f6-abbe-66318d332032,d930590d-bb92-4cc8-8bd1-23cd027f9edf,a3cd009f-0ab0-420d-9278-b9fdab939bbc,6a2d0734-bd9e-4ddf-946e-caa52498cb75,c27215d8-6835-4b68-bfbb-bdeac6100c04,b5d6115f-0370-4d7c-aad3-c194cc71cf98,871c3b6c-7379-419d-bda3-794b239ab90d,ff9b0199-ce04-4cfe-86cc-6c719f08d6e4,de1c2107-70c8-4021-8459-6399f24d01c6,cbf30902-517f-40dc-af90-a550bac27cf1
2025-6-24 10:43:28-debug:   Number of all scripts: 8
2025-6-24 10:43:28-debug:   Number of other assets: 312
2025-6-24 10:43:28-debug:   Number of all scenes: 1
2025-6-24 10:43:28-debug: Init bundle root assets success..., progress: 0%
2025-6-24 10:43:28-debug: // ---- build task 查询 Asset Bundle ---- (3ms)
2025-6-24 10:43:28-log: run build task 查询 Asset Bundle success in 3 ms√, progress: 5%
2025-6-24 10:43:28-debug: [Build Memory track]: 查询 Asset Bundle start:199.02MB, end 199.52MB, increase: 514.44KB
2025-6-24 10:43:28-debug: 查询 Asset Bundle start, progress: 5%
2025-6-24 10:43:28-debug: // ---- build task 查询 Asset Bundle ----
2025-6-24 10:43:28-debug: // ---- build task 查询 Asset Bundle ---- (1ms)
2025-6-24 10:43:28-debug: [Build Memory track]: 查询 Asset Bundle start:199.54MB, end 199.62MB, increase: 76.57KB
2025-6-24 10:43:28-debug: 整理部分构建选项内数据到 settings.json start, progress: 10%
2025-6-24 10:43:28-log: run build task 查询 Asset Bundle success in 1 ms√, progress: 10%
2025-6-24 10:43:28-debug: // ---- build task 整理部分构建选项内数据到 settings.json ----
2025-6-24 10:43:28-debug: [Build Memory track]: 整理部分构建选项内数据到 settings.json start:199.64MB, end 199.66MB, increase: 16.48KB
2025-6-24 10:43:28-log: run build task 整理部分构建选项内数据到 settings.json success in √, progress: 12%
2025-6-24 10:43:28-debug: 填充脚本数据到 settings.json start, progress: 12%
2025-6-24 10:43:28-debug: // ---- build task 填充脚本数据到 settings.json ----
2025-6-24 10:43:28-log: run build task 填充脚本数据到 settings.json success in √, progress: 13%
2025-6-24 10:43:28-debug: [Build Memory track]: 填充脚本数据到 settings.json start:199.68MB, end 199.70MB, increase: 15.11KB
2025-6-24 10:43:28-debug: 整理部分构建选项内数据到 settings.json start, progress: 13%
2025-6-24 10:43:28-debug: // ---- build task 整理部分构建选项内数据到 settings.json ----
2025-6-24 10:43:28-debug: // ---- build task 整理部分构建选项内数据到 settings.json ---- (2ms)
2025-6-24 10:43:28-debug: [Build Memory track]: 整理部分构建选项内数据到 settings.json start:199.72MB, end 199.09MB, increase: -650.41KB
2025-6-24 10:43:28-log: run build task 整理部分构建选项内数据到 settings.json success in 2 ms√, progress: 15%
2025-6-24 10:43:35-debug: refresh db internal success
2025-6-24 10:43:35-debug: refresh db assets success
2025-6-24 10:43:35-debug: Run asset db hook engine-extends:afterRefresh ...
2025-6-24 10:43:35-debug: Run asset db hook engine-extends:afterRefresh success!
2025-6-24 10:43:35-debug: asset-db:refresh-all-database (13ms)
2025-6-24 10:43:35-debug: asset-db:worker-effect-data-processing (1ms)
2025-6-24 10:43:35-debug: asset-db-hook-engine-extends-afterRefresh (1ms)
2025-6-24 10:44:13-debug: refresh db internal success
2025-6-24 10:44:13-debug: %cImport%c: /Users/zhao/Desktop/test/cocos-creator/JumpingBlock/assets/Scripts/Player.tsbackground: #aaff85; color: #000;color: #000;
2025-6-24 10:44:13-debug: refresh db assets success
2025-6-24 10:44:13-debug: Run asset db hook engine-extends:afterRefresh ...
2025-6-24 10:44:13-debug: Run asset db hook engine-extends:afterRefresh success!
2025-6-24 10:44:13-debug: asset-db:refresh-all-database (17ms)
2025-6-24 10:44:13-debug: asset-db:worker-effect-data-processing (1ms)
2025-6-24 10:44:13-debug: asset-db-hook-engine-extends-afterRefresh (1ms)
2025-6-24 10:44:14-debug: Query all assets info in project
2025-6-24 10:44:14-debug: init custom config: keepNodeUuid: false, useCache: true
2025-6-24 10:44:14-debug: Skip compress image, progress: 0%
2025-6-24 10:44:14-debug: Init all bundles start..., progress: 0%
2025-6-24 10:44:14-debug: 查询 Asset Bundle start, progress: 0%
2025-6-24 10:44:14-debug: // ---- build task 查询 Asset Bundle ----
2025-6-24 10:44:14-debug: Num of bundles: 2..., progress: 0%
2025-6-24 10:44:14-debug: Init bundle root assets start..., progress: 0%
2025-6-24 10:44:14-debug: Query preload assets/scripts from cc.config.json: 60f7195c-ec2a-45eb-ba94-8955f60e81d0,1c02ae6f-4492-4915-b8f8-7492a3b1e4cd,810e96e4-e456-4468-9b59-f4e8f39732c0,efe8e2a3-eace-427b-b4f1-cb8a937ec77d,e9aa9a3e-5b2b-4ac7-a2c7-073de2b2b24f,8bbdbcdd-5cd4-4100-b6d5-b7c9625b6107,50f4348b-c883-4e2f-8f11-ce233b859fa1,fda095cb-831d-4601-ad94-846013963de8,f92806d7-1768-443f-afe8-12bcde84d0f0,dd3a144d-ab7f-41f0-82b8-2e43a090d496,f0416e68-0200-4b77-a926-4f9d16e494da,970b0598-bcb0-4714-91fb-2e81440dccd8,bcd64cc6-2dd9-43f6-abbe-66318d332032,d930590d-bb92-4cc8-8bd1-23cd027f9edf,a3cd009f-0ab0-420d-9278-b9fdab939bbc,6a2d0734-bd9e-4ddf-946e-caa52498cb75,c27215d8-6835-4b68-bfbb-bdeac6100c04,b5d6115f-0370-4d7c-aad3-c194cc71cf98,871c3b6c-7379-419d-bda3-794b239ab90d,ff9b0199-ce04-4cfe-86cc-6c719f08d6e4,de1c2107-70c8-4021-8459-6399f24d01c6,cbf30902-517f-40dc-af90-a550bac27cf1
2025-6-24 10:44:14-debug:   Number of other assets: 312
2025-6-24 10:44:14-debug:   Number of all scripts: 8
2025-6-24 10:44:14-debug: Init bundle root assets success..., progress: 0%
2025-6-24 10:44:14-debug:   Number of all scenes: 1
2025-6-24 10:44:14-debug: // ---- build task 查询 Asset Bundle ---- (3ms)
2025-6-24 10:44:14-debug: 查询 Asset Bundle start, progress: 5%
2025-6-24 10:44:14-debug: [Build Memory track]: 查询 Asset Bundle start:199.79MB, end 200.29MB, increase: 512.98KB
2025-6-24 10:44:14-debug: // ---- build task 查询 Asset Bundle ----
2025-6-24 10:44:14-log: run build task 查询 Asset Bundle success in 3 ms√, progress: 5%
2025-6-24 10:44:14-debug: // ---- build task 查询 Asset Bundle ---- (1ms)
2025-6-24 10:44:14-debug: [Build Memory track]: 查询 Asset Bundle start:200.31MB, end 200.39MB, increase: 76.86KB
2025-6-24 10:44:14-debug: // ---- build task 整理部分构建选项内数据到 settings.json ----
2025-6-24 10:44:14-log: run build task 查询 Asset Bundle success in 1 ms√, progress: 10%
2025-6-24 10:44:14-debug: 整理部分构建选项内数据到 settings.json start, progress: 10%
2025-6-24 10:44:14-log: run build task 整理部分构建选项内数据到 settings.json success in √, progress: 12%
2025-6-24 10:44:14-debug: [Build Memory track]: 整理部分构建选项内数据到 settings.json start:200.41MB, end 200.43MB, increase: 15.84KB
2025-6-24 10:44:14-debug: 填充脚本数据到 settings.json start, progress: 12%
2025-6-24 10:44:14-debug: // ---- build task 填充脚本数据到 settings.json ----
2025-6-24 10:44:14-debug: // ---- build task 填充脚本数据到 settings.json ---- (1ms)
2025-6-24 10:44:14-log: run build task 填充脚本数据到 settings.json success in 1 ms√, progress: 13%
2025-6-24 10:44:14-debug: [Build Memory track]: 填充脚本数据到 settings.json start:200.45MB, end 200.48MB, increase: 23.90KB
2025-6-24 10:44:14-debug: 整理部分构建选项内数据到 settings.json start, progress: 13%
2025-6-24 10:44:14-debug: // ---- build task 整理部分构建选项内数据到 settings.json ----
2025-6-24 10:44:14-debug: // ---- build task 整理部分构建选项内数据到 settings.json ---- (2ms)
2025-6-24 10:44:14-log: run build task 整理部分构建选项内数据到 settings.json success in 2 ms√, progress: 15%
2025-6-24 10:44:14-debug: [Build Memory track]: 整理部分构建选项内数据到 settings.json start:200.50MB, end 199.87MB, increase: -644.99KB
2025-6-24 10:46:09-debug: refresh db internal success
2025-6-24 10:46:09-debug: %cImport%c: /Users/zhao/Desktop/test/cocos-creator/JumpingBlock/assets/Scripts/Player.tsbackground: #aaff85; color: #000;color: #000;
2025-6-24 10:46:09-debug: refresh db assets success
2025-6-24 10:46:09-debug: Run asset db hook engine-extends:afterRefresh ...
2025-6-24 10:46:09-debug: Run asset db hook engine-extends:afterRefresh success!
2025-6-24 10:46:09-debug: asset-db:refresh-all-database (34ms)
2025-6-24 10:46:09-debug: asset-db-hook-engine-extends-afterRefresh (1ms)
2025-6-24 10:46:09-debug: asset-db:worker-effect-data-processing (1ms)
2025-6-24 10:46:09-debug: %cImport%c: /Users/zhao/Desktop/test/cocos-creator/JumpingBlock/assets/Animations/JumpTwoStep.animbackground: #aaff85; color: #000;color: #000;
2025-6-24 10:46:09-debug: asset-db:reimport-asset0a6de763-3474-4b51-a70e-20f6c1d1af7b (2ms)
2025-6-24 10:46:10-debug: Query all assets info in project
2025-6-24 10:46:10-debug: init custom config: keepNodeUuid: false, useCache: true
2025-6-24 10:46:10-debug: Skip compress image, progress: 0%
2025-6-24 10:46:10-debug: Init all bundles start..., progress: 0%
2025-6-24 10:46:10-debug: Init bundle root assets start..., progress: 0%
2025-6-24 10:46:10-debug: // ---- build task 查询 Asset Bundle ----
2025-6-24 10:46:10-debug: Num of bundles: 2..., progress: 0%
2025-6-24 10:46:10-debug: 查询 Asset Bundle start, progress: 0%
2025-6-24 10:46:10-debug: Query preload assets/scripts from cc.config.json: 60f7195c-ec2a-45eb-ba94-8955f60e81d0,1c02ae6f-4492-4915-b8f8-7492a3b1e4cd,810e96e4-e456-4468-9b59-f4e8f39732c0,efe8e2a3-eace-427b-b4f1-cb8a937ec77d,e9aa9a3e-5b2b-4ac7-a2c7-073de2b2b24f,8bbdbcdd-5cd4-4100-b6d5-b7c9625b6107,50f4348b-c883-4e2f-8f11-ce233b859fa1,fda095cb-831d-4601-ad94-846013963de8,f92806d7-1768-443f-afe8-12bcde84d0f0,dd3a144d-ab7f-41f0-82b8-2e43a090d496,f0416e68-0200-4b77-a926-4f9d16e494da,970b0598-bcb0-4714-91fb-2e81440dccd8,bcd64cc6-2dd9-43f6-abbe-66318d332032,d930590d-bb92-4cc8-8bd1-23cd027f9edf,a3cd009f-0ab0-420d-9278-b9fdab939bbc,6a2d0734-bd9e-4ddf-946e-caa52498cb75,c27215d8-6835-4b68-bfbb-bdeac6100c04,b5d6115f-0370-4d7c-aad3-c194cc71cf98,871c3b6c-7379-419d-bda3-794b239ab90d,ff9b0199-ce04-4cfe-86cc-6c719f08d6e4,de1c2107-70c8-4021-8459-6399f24d01c6,cbf30902-517f-40dc-af90-a550bac27cf1
2025-6-24 10:46:10-debug:   Number of all scripts: 8
2025-6-24 10:46:10-debug:   Number of other assets: 312
2025-6-24 10:46:10-debug:   Number of all scenes: 1
2025-6-24 10:46:10-debug: Init bundle root assets success..., progress: 0%
2025-6-24 10:46:10-debug: // ---- build task 查询 Asset Bundle ---- (4ms)
2025-6-24 10:46:10-log: run build task 查询 Asset Bundle success in 4 ms√, progress: 5%
2025-6-24 10:46:10-debug: [Build Memory track]: 查询 Asset Bundle start:200.28MB, end 200.78MB, increase: 516.93KB
2025-6-24 10:46:10-debug: // ---- build task 查询 Asset Bundle ----
2025-6-24 10:46:10-debug: 查询 Asset Bundle start, progress: 5%
2025-6-24 10:46:10-debug: // ---- build task 查询 Asset Bundle ---- (1ms)
2025-6-24 10:46:10-log: run build task 查询 Asset Bundle success in 1 ms√, progress: 10%
2025-6-24 10:46:10-debug: // ---- build task 整理部分构建选项内数据到 settings.json ----
2025-6-24 10:46:10-debug: [Build Memory track]: 查询 Asset Bundle start:200.81MB, end 200.88MB, increase: 76.91KB
2025-6-24 10:46:10-debug: 整理部分构建选项内数据到 settings.json start, progress: 10%
2025-6-24 10:46:10-log: run build task 整理部分构建选项内数据到 settings.json success in √, progress: 12%
2025-6-24 10:46:10-debug: [Build Memory track]: 整理部分构建选项内数据到 settings.json start:200.91MB, end 200.92MB, increase: 15.01KB
2025-6-24 10:46:10-debug: 填充脚本数据到 settings.json start, progress: 12%
2025-6-24 10:46:10-debug: // ---- build task 填充脚本数据到 settings.json ----
2025-6-24 10:46:10-debug: // ---- build task 填充脚本数据到 settings.json ---- (1ms)
2025-6-24 10:46:10-log: run build task 填充脚本数据到 settings.json success in 1 ms√, progress: 13%
2025-6-24 10:46:10-debug: [Build Memory track]: 填充脚本数据到 settings.json start:200.95MB, end 200.26MB, increase: -703.96KB
2025-6-24 10:46:10-debug: 整理部分构建选项内数据到 settings.json start, progress: 13%
2025-6-24 10:46:10-debug: // ---- build task 整理部分构建选项内数据到 settings.json ----
2025-6-24 10:46:10-debug: // ---- build task 整理部分构建选项内数据到 settings.json ---- (2ms)
2025-6-24 10:46:10-log: run build task 整理部分构建选项内数据到 settings.json success in 2 ms√, progress: 15%
2025-6-24 10:46:10-debug: [Build Memory track]: 整理部分构建选项内数据到 settings.json start:200.28MB, end 200.41MB, increase: 126.51KB
2025-6-24 10:46:16-debug: Query all assets info in project
2025-6-24 10:46:16-debug: init custom config: keepNodeUuid: false, useCache: true
2025-6-24 10:46:16-debug: Skip compress image, progress: 0%
2025-6-24 10:46:16-debug: Init all bundles start..., progress: 0%
2025-6-24 10:46:16-debug: 查询 Asset Bundle start, progress: 0%
2025-6-24 10:46:16-debug: Num of bundles: 2..., progress: 0%
2025-6-24 10:46:16-debug: // ---- build task 查询 Asset Bundle ----
2025-6-24 10:46:16-debug: Init bundle root assets start..., progress: 0%
2025-6-24 10:46:16-debug: Query preload assets/scripts from cc.config.json: 60f7195c-ec2a-45eb-ba94-8955f60e81d0,1c02ae6f-4492-4915-b8f8-7492a3b1e4cd,810e96e4-e456-4468-9b59-f4e8f39732c0,efe8e2a3-eace-427b-b4f1-cb8a937ec77d,e9aa9a3e-5b2b-4ac7-a2c7-073de2b2b24f,8bbdbcdd-5cd4-4100-b6d5-b7c9625b6107,50f4348b-c883-4e2f-8f11-ce233b859fa1,fda095cb-831d-4601-ad94-846013963de8,f92806d7-1768-443f-afe8-12bcde84d0f0,dd3a144d-ab7f-41f0-82b8-2e43a090d496,f0416e68-0200-4b77-a926-4f9d16e494da,970b0598-bcb0-4714-91fb-2e81440dccd8,bcd64cc6-2dd9-43f6-abbe-66318d332032,d930590d-bb92-4cc8-8bd1-23cd027f9edf,a3cd009f-0ab0-420d-9278-b9fdab939bbc,6a2d0734-bd9e-4ddf-946e-caa52498cb75,c27215d8-6835-4b68-bfbb-bdeac6100c04,b5d6115f-0370-4d7c-aad3-c194cc71cf98,871c3b6c-7379-419d-bda3-794b239ab90d,ff9b0199-ce04-4cfe-86cc-6c719f08d6e4,de1c2107-70c8-4021-8459-6399f24d01c6,cbf30902-517f-40dc-af90-a550bac27cf1
2025-6-24 10:46:16-debug: Init bundle root assets success..., progress: 0%
2025-6-24 10:46:16-debug:   Number of all scripts: 8
2025-6-24 10:46:16-debug:   Number of other assets: 312
2025-6-24 10:46:16-debug:   Number of all scenes: 1
2025-6-24 10:46:16-debug: // ---- build task 查询 Asset Bundle ---- (3ms)
2025-6-24 10:46:16-debug: // ---- build task 查询 Asset Bundle ----
2025-6-24 10:46:16-debug: [Build Memory track]: 查询 Asset Bundle start:200.86MB, end 200.50MB, increase: -364.78KB
2025-6-24 10:46:16-debug: 查询 Asset Bundle start, progress: 5%
2025-6-24 10:46:16-log: run build task 查询 Asset Bundle success in 3 ms√, progress: 5%
2025-6-24 10:46:16-debug: // ---- build task 查询 Asset Bundle ---- (1ms)
2025-6-24 10:46:16-debug: // ---- build task 整理部分构建选项内数据到 settings.json ----
2025-6-24 10:46:16-log: run build task 查询 Asset Bundle success in 1 ms√, progress: 10%
2025-6-24 10:46:16-debug: 整理部分构建选项内数据到 settings.json start, progress: 10%
2025-6-24 10:46:16-debug: [Build Memory track]: 查询 Asset Bundle start:200.53MB, end 200.60MB, increase: 76.69KB
2025-6-24 10:46:16-log: run build task 整理部分构建选项内数据到 settings.json success in √, progress: 12%
2025-6-24 10:46:16-debug: [Build Memory track]: 整理部分构建选项内数据到 settings.json start:200.63MB, end 200.64MB, increase: 16.48KB
2025-6-24 10:46:16-debug: 填充脚本数据到 settings.json start, progress: 12%
2025-6-24 10:46:16-debug: // ---- build task 填充脚本数据到 settings.json ----
2025-6-24 10:46:16-debug: // ---- build task 填充脚本数据到 settings.json ---- (1ms)
2025-6-24 10:46:16-log: run build task 填充脚本数据到 settings.json success in 1 ms√, progress: 13%
2025-6-24 10:46:16-debug: [Build Memory track]: 填充脚本数据到 settings.json start:200.67MB, end 200.69MB, increase: 23.28KB
2025-6-24 10:46:16-debug: 整理部分构建选项内数据到 settings.json start, progress: 13%
2025-6-24 10:46:16-debug: // ---- build task 整理部分构建选项内数据到 settings.json ----
2025-6-24 10:46:16-debug: // ---- build task 整理部分构建选项内数据到 settings.json ---- (2ms)
2025-6-24 10:46:16-log: run build task 整理部分构建选项内数据到 settings.json success in 2 ms√, progress: 15%
2025-6-24 10:46:17-debug: [Build Memory track]: 整理部分构建选项内数据到 settings.json start:200.71MB, end 200.84MB, increase: 130.71KB
2025-6-24 10:46:20-debug: refresh db internal success
2025-6-24 10:46:20-debug: refresh db assets success
2025-6-24 10:46:20-debug: Run asset db hook engine-extends:afterRefresh ...
2025-6-24 10:46:20-debug: Run asset db hook engine-extends:afterRefresh success!
2025-6-24 10:46:20-debug: asset-db:refresh-all-database (29ms)
2025-6-24 10:46:20-debug: asset-db:worker-effect-data-processing (1ms)
2025-6-24 10:46:20-debug: asset-db-hook-engine-extends-afterRefresh (1ms)
2025-6-24 10:46:56-debug: refresh db internal success
2025-6-24 10:46:56-debug: %cImport%c: /Users/zhao/Desktop/test/cocos-creator/JumpingBlock/assets/Scripts/Player.tsbackground: #aaff85; color: #000;color: #000;
2025-6-24 10:46:56-debug: refresh db assets success
2025-6-24 10:46:56-debug: Run asset db hook engine-extends:afterRefresh ...
2025-6-24 10:46:56-debug: Run asset db hook engine-extends:afterRefresh success!
2025-6-24 10:46:56-debug: asset-db:worker-effect-data-processing (1ms)
2025-6-24 10:46:56-debug: asset-db:refresh-all-database (26ms)
2025-6-24 10:46:56-debug: asset-db-hook-engine-extends-afterRefresh (1ms)
2025-6-24 10:46:56-debug: %cImport%c: /Users/zhao/Desktop/test/cocos-creator/JumpingBlock/assets/Animations/JumpTwoStep.animbackground: #aaff85; color: #000;color: #000;
2025-6-24 10:46:56-debug: asset-db:reimport-asset0a6de763-3474-4b51-a70e-20f6c1d1af7b (2ms)
2025-6-24 10:46:56-debug: %cImport%c: /Users/zhao/Desktop/test/cocos-creator/JumpingBlock/assets/Animations/JumpTwoStep.animbackground: #aaff85; color: #000;color: #000;
2025-6-24 10:46:56-debug: asset-db:reimport-asset0a6de763-3474-4b51-a70e-20f6c1d1af7b (3ms)
2025-6-24 10:46:57-debug: Query all assets info in project
2025-6-24 10:46:57-debug: init custom config: keepNodeUuid: false, useCache: true
2025-6-24 10:46:57-debug: Skip compress image, progress: 0%
2025-6-24 10:46:57-debug: Init all bundles start..., progress: 0%
2025-6-24 10:46:57-debug: Num of bundles: 2..., progress: 0%
2025-6-24 10:46:57-debug: Init bundle root assets start..., progress: 0%
2025-6-24 10:46:57-debug: // ---- build task 查询 Asset Bundle ----
2025-6-24 10:46:57-debug: 查询 Asset Bundle start, progress: 0%
2025-6-24 10:46:57-debug: Query preload assets/scripts from cc.config.json: 60f7195c-ec2a-45eb-ba94-8955f60e81d0,1c02ae6f-4492-4915-b8f8-7492a3b1e4cd,810e96e4-e456-4468-9b59-f4e8f39732c0,efe8e2a3-eace-427b-b4f1-cb8a937ec77d,e9aa9a3e-5b2b-4ac7-a2c7-073de2b2b24f,8bbdbcdd-5cd4-4100-b6d5-b7c9625b6107,50f4348b-c883-4e2f-8f11-ce233b859fa1,fda095cb-831d-4601-ad94-846013963de8,f92806d7-1768-443f-afe8-12bcde84d0f0,dd3a144d-ab7f-41f0-82b8-2e43a090d496,f0416e68-0200-4b77-a926-4f9d16e494da,970b0598-bcb0-4714-91fb-2e81440dccd8,bcd64cc6-2dd9-43f6-abbe-66318d332032,d930590d-bb92-4cc8-8bd1-23cd027f9edf,a3cd009f-0ab0-420d-9278-b9fdab939bbc,6a2d0734-bd9e-4ddf-946e-caa52498cb75,c27215d8-6835-4b68-bfbb-bdeac6100c04,b5d6115f-0370-4d7c-aad3-c194cc71cf98,871c3b6c-7379-419d-bda3-794b239ab90d,ff9b0199-ce04-4cfe-86cc-6c719f08d6e4,de1c2107-70c8-4021-8459-6399f24d01c6,cbf30902-517f-40dc-af90-a550bac27cf1
2025-6-24 10:46:57-debug:   Number of all scenes: 1
2025-6-24 10:46:57-debug:   Number of other assets: 312
2025-6-24 10:46:57-debug: Init bundle root assets success..., progress: 0%
2025-6-24 10:46:57-debug:   Number of all scripts: 8
2025-6-24 10:46:57-debug: // ---- build task 查询 Asset Bundle ---- (4ms)
2025-6-24 10:46:57-log: run build task 查询 Asset Bundle success in 4 ms√, progress: 5%
2025-6-24 10:46:57-debug: [Build Memory track]: 查询 Asset Bundle start:201.18MB, end 201.68MB, increase: 512.23KB
2025-6-24 10:46:57-debug: 查询 Asset Bundle start, progress: 5%
2025-6-24 10:46:57-debug: // ---- build task 查询 Asset Bundle ----
2025-6-24 10:46:57-debug: // ---- build task 查询 Asset Bundle ---- (2ms)
2025-6-24 10:46:57-debug: [Build Memory track]: 查询 Asset Bundle start:201.71MB, end 201.03MB, increase: -693.79KB
2025-6-24 10:46:57-log: run build task 查询 Asset Bundle success in 2 ms√, progress: 10%
2025-6-24 10:46:57-debug: 填充脚本数据到 settings.json start, progress: 12%
2025-6-24 10:46:57-debug: // ---- build task 填充脚本数据到 settings.json ----
2025-6-24 10:46:57-debug: [Build Memory track]: 整理部分构建选项内数据到 settings.json start:201.06MB, end 201.07MB, increase: 13.55KB
2025-6-24 10:46:57-debug: 整理部分构建选项内数据到 settings.json start, progress: 10%
2025-6-24 10:46:57-debug: // ---- build task 整理部分构建选项内数据到 settings.json ----
2025-6-24 10:46:57-log: run build task 整理部分构建选项内数据到 settings.json success in √, progress: 12%
2025-6-24 10:46:57-debug: // ---- build task 填充脚本数据到 settings.json ---- (1ms)
2025-6-24 10:46:57-debug: [Build Memory track]: 填充脚本数据到 settings.json start:201.09MB, end 201.12MB, increase: 25.18KB
2025-6-24 10:46:57-debug: 整理部分构建选项内数据到 settings.json start, progress: 13%
2025-6-24 10:46:57-debug: // ---- build task 整理部分构建选项内数据到 settings.json ----
2025-6-24 10:46:57-log: run build task 填充脚本数据到 settings.json success in 1 ms√, progress: 13%
2025-6-24 10:46:57-log: run build task 整理部分构建选项内数据到 settings.json success in 2 ms√, progress: 15%
2025-6-24 10:46:57-debug: // ---- build task 整理部分构建选项内数据到 settings.json ---- (2ms)
2025-6-24 10:46:57-debug: [Build Memory track]: 整理部分构建选项内数据到 settings.json start:201.14MB, end 201.26MB, increase: 124.11KB
2025-6-24 10:47:15-debug: Query all assets info in project
2025-6-24 10:47:15-debug: init custom config: keepNodeUuid: false, useCache: true
2025-6-24 10:47:15-debug: Skip compress image, progress: 0%
2025-6-24 10:47:15-debug: Init all bundles start..., progress: 0%
2025-6-24 10:47:15-debug: 查询 Asset Bundle start, progress: 0%
2025-6-24 10:47:15-debug: // ---- build task 查询 Asset Bundle ----
2025-6-24 10:47:15-debug: Init bundle root assets start..., progress: 0%
2025-6-24 10:47:15-debug: Num of bundles: 2..., progress: 0%
2025-6-24 10:47:15-debug: Query preload assets/scripts from cc.config.json: 60f7195c-ec2a-45eb-ba94-8955f60e81d0,1c02ae6f-4492-4915-b8f8-7492a3b1e4cd,810e96e4-e456-4468-9b59-f4e8f39732c0,efe8e2a3-eace-427b-b4f1-cb8a937ec77d,e9aa9a3e-5b2b-4ac7-a2c7-073de2b2b24f,8bbdbcdd-5cd4-4100-b6d5-b7c9625b6107,50f4348b-c883-4e2f-8f11-ce233b859fa1,fda095cb-831d-4601-ad94-846013963de8,f92806d7-1768-443f-afe8-12bcde84d0f0,dd3a144d-ab7f-41f0-82b8-2e43a090d496,f0416e68-0200-4b77-a926-4f9d16e494da,970b0598-bcb0-4714-91fb-2e81440dccd8,bcd64cc6-2dd9-43f6-abbe-66318d332032,d930590d-bb92-4cc8-8bd1-23cd027f9edf,a3cd009f-0ab0-420d-9278-b9fdab939bbc,6a2d0734-bd9e-4ddf-946e-caa52498cb75,c27215d8-6835-4b68-bfbb-bdeac6100c04,b5d6115f-0370-4d7c-aad3-c194cc71cf98,871c3b6c-7379-419d-bda3-794b239ab90d,ff9b0199-ce04-4cfe-86cc-6c719f08d6e4,de1c2107-70c8-4021-8459-6399f24d01c6,cbf30902-517f-40dc-af90-a550bac27cf1
2025-6-24 10:47:15-debug: Init bundle root assets success..., progress: 0%
2025-6-24 10:47:15-debug:   Number of all scripts: 8
2025-6-24 10:47:15-debug:   Number of other assets: 312
2025-6-24 10:47:15-debug:   Number of all scenes: 1
2025-6-24 10:47:15-debug: // ---- build task 查询 Asset Bundle ---- (3ms)
2025-6-24 10:47:15-debug: // ---- build task 查询 Asset Bundle ----
2025-6-24 10:47:15-log: run build task 查询 Asset Bundle success in 3 ms√, progress: 5%
2025-6-24 10:47:15-debug: 查询 Asset Bundle start, progress: 5%
2025-6-24 10:47:15-debug: [Build Memory track]: 查询 Asset Bundle start:201.72MB, end 201.48MB, increase: -255.75KB
2025-6-24 10:47:15-debug: // ---- build task 查询 Asset Bundle ---- (1ms)
2025-6-24 10:47:15-debug: // ---- build task 整理部分构建选项内数据到 settings.json ----
2025-6-24 10:47:15-log: run build task 查询 Asset Bundle success in 1 ms√, progress: 10%
2025-6-24 10:47:15-debug: 整理部分构建选项内数据到 settings.json start, progress: 10%
2025-6-24 10:47:15-debug: [Build Memory track]: 查询 Asset Bundle start:201.50MB, end 201.58MB, increase: 81.70KB
2025-6-24 10:47:15-log: run build task 整理部分构建选项内数据到 settings.json success in √, progress: 12%
2025-6-24 10:47:15-debug: [Build Memory track]: 整理部分构建选项内数据到 settings.json start:201.60MB, end 201.62MB, increase: 15.42KB
2025-6-24 10:47:15-debug: 填充脚本数据到 settings.json start, progress: 12%
2025-6-24 10:47:15-debug: // ---- build task 填充脚本数据到 settings.json ----
2025-6-24 10:47:15-debug: // ---- build task 填充脚本数据到 settings.json ---- (1ms)
2025-6-24 10:47:15-debug: // ---- build task 整理部分构建选项内数据到 settings.json ----
2025-6-24 10:47:15-debug: [Build Memory track]: 填充脚本数据到 settings.json start:201.64MB, end 201.67MB, increase: 24.27KB
2025-6-24 10:47:15-debug: 整理部分构建选项内数据到 settings.json start, progress: 13%
2025-6-24 10:47:15-log: run build task 填充脚本数据到 settings.json success in 1 ms√, progress: 13%
2025-6-24 10:47:15-debug: // ---- build task 整理部分构建选项内数据到 settings.json ---- (2ms)
2025-6-24 10:47:15-log: run build task 整理部分构建选项内数据到 settings.json success in 2 ms√, progress: 15%
2025-6-24 10:47:15-debug: [Build Memory track]: 整理部分构建选项内数据到 settings.json start:201.70MB, end 201.07MB, increase: -637.21KB
2025-6-24 10:47:18-debug: refresh db internal success
2025-6-24 10:47:18-debug: refresh db assets success
2025-6-24 10:47:18-debug: Run asset db hook engine-extends:afterRefresh success!
2025-6-24 10:47:18-debug: Run asset db hook engine-extends:afterRefresh ...
2025-6-24 10:47:18-debug: asset-db:refresh-all-database (29ms)
2025-6-24 10:47:18-debug: asset-db:worker-effect-data-processing (1ms)
2025-6-24 10:47:18-debug: asset-db-hook-engine-extends-afterRefresh (1ms)
2025-6-24 10:47:53-debug: refresh db internal success
2025-6-24 10:47:53-debug: %cImport%c: /Users/zhao/Desktop/test/cocos-creator/JumpingBlock/assets/Scripts/Player.tsbackground: #aaff85; color: #000;color: #000;
2025-6-24 10:47:53-debug: refresh db assets success
2025-6-24 10:47:53-debug: Run asset db hook engine-extends:afterRefresh ...
2025-6-24 10:47:53-debug: Run asset db hook engine-extends:afterRefresh success!
2025-6-24 10:47:53-debug: asset-db:worker-effect-data-processing (1ms)
2025-6-24 10:47:53-debug: asset-db-hook-engine-extends-afterRefresh (1ms)
2025-6-24 10:47:53-debug: asset-db:refresh-all-database (24ms)
2025-6-24 10:47:53-debug: %cImport%c: /Users/zhao/Desktop/test/cocos-creator/JumpingBlock/assets/Animations/JumpTwoStep.animbackground: #aaff85; color: #000;color: #000;
2025-6-24 10:47:53-debug: asset-db:reimport-asset0a6de763-3474-4b51-a70e-20f6c1d1af7b (1ms)
2025-6-24 10:47:54-debug: Query all assets info in project
2025-6-24 10:47:54-debug: Skip compress image, progress: 0%
2025-6-24 10:47:54-debug: init custom config: keepNodeUuid: false, useCache: true
2025-6-24 10:47:54-debug: Init all bundles start..., progress: 0%
2025-6-24 10:47:54-debug: // ---- build task 查询 Asset Bundle ----
2025-6-24 10:47:54-debug: Num of bundles: 2..., progress: 0%
2025-6-24 10:47:54-debug: 查询 Asset Bundle start, progress: 0%
2025-6-24 10:47:54-debug: Init bundle root assets start..., progress: 0%
2025-6-24 10:47:54-debug: Query preload assets/scripts from cc.config.json: 60f7195c-ec2a-45eb-ba94-8955f60e81d0,1c02ae6f-4492-4915-b8f8-7492a3b1e4cd,810e96e4-e456-4468-9b59-f4e8f39732c0,efe8e2a3-eace-427b-b4f1-cb8a937ec77d,e9aa9a3e-5b2b-4ac7-a2c7-073de2b2b24f,8bbdbcdd-5cd4-4100-b6d5-b7c9625b6107,50f4348b-c883-4e2f-8f11-ce233b859fa1,fda095cb-831d-4601-ad94-846013963de8,f92806d7-1768-443f-afe8-12bcde84d0f0,dd3a144d-ab7f-41f0-82b8-2e43a090d496,f0416e68-0200-4b77-a926-4f9d16e494da,970b0598-bcb0-4714-91fb-2e81440dccd8,bcd64cc6-2dd9-43f6-abbe-66318d332032,d930590d-bb92-4cc8-8bd1-23cd027f9edf,a3cd009f-0ab0-420d-9278-b9fdab939bbc,6a2d0734-bd9e-4ddf-946e-caa52498cb75,c27215d8-6835-4b68-bfbb-bdeac6100c04,b5d6115f-0370-4d7c-aad3-c194cc71cf98,871c3b6c-7379-419d-bda3-794b239ab90d,ff9b0199-ce04-4cfe-86cc-6c719f08d6e4,de1c2107-70c8-4021-8459-6399f24d01c6,cbf30902-517f-40dc-af90-a550bac27cf1
2025-6-24 10:47:54-debug: Init bundle root assets success..., progress: 0%
2025-6-24 10:47:54-debug:   Number of other assets: 312
2025-6-24 10:47:54-debug:   Number of all scripts: 8
2025-6-24 10:47:54-debug:   Number of all scenes: 1
2025-6-24 10:47:54-debug: // ---- build task 查询 Asset Bundle ---- (5ms)
2025-6-24 10:47:54-debug: [Build Memory track]: 查询 Asset Bundle start:201.94MB, end 202.44MB, increase: 518.95KB
2025-6-24 10:47:54-debug: // ---- build task 查询 Asset Bundle ----
2025-6-24 10:47:54-debug: 查询 Asset Bundle start, progress: 5%
2025-6-24 10:47:54-log: run build task 查询 Asset Bundle success in 5 ms√, progress: 5%
2025-6-24 10:47:54-debug: // ---- build task 查询 Asset Bundle ---- (1ms)
2025-6-24 10:47:54-debug: // ---- build task 整理部分构建选项内数据到 settings.json ----
2025-6-24 10:47:54-debug: [Build Memory track]: 查询 Asset Bundle start:202.47MB, end 202.54MB, increase: 76.38KB
2025-6-24 10:47:54-debug: 整理部分构建选项内数据到 settings.json start, progress: 10%
2025-6-24 10:47:54-log: run build task 查询 Asset Bundle success in 1 ms√, progress: 10%
2025-6-24 10:47:54-debug: 填充脚本数据到 settings.json start, progress: 12%
2025-6-24 10:47:54-debug: [Build Memory track]: 整理部分构建选项内数据到 settings.json start:202.57MB, end 202.58MB, increase: 14.93KB
2025-6-24 10:47:54-log: run build task 整理部分构建选项内数据到 settings.json success in √, progress: 12%
2025-6-24 10:47:54-debug: // ---- build task 填充脚本数据到 settings.json ----
2025-6-24 10:47:54-log: run build task 填充脚本数据到 settings.json success in √, progress: 13%
2025-6-24 10:47:54-debug: [Build Memory track]: 填充脚本数据到 settings.json start:202.61MB, end 202.62MB, increase: 16.57KB
2025-6-24 10:47:54-debug: 整理部分构建选项内数据到 settings.json start, progress: 13%
2025-6-24 10:47:54-debug: // ---- build task 整理部分构建选项内数据到 settings.json ----
2025-6-24 10:47:54-log: run build task 整理部分构建选项内数据到 settings.json success in 1 ms√, progress: 15%
2025-6-24 10:47:54-debug: // ---- build task 整理部分构建选项内数据到 settings.json ---- (1ms)
2025-6-24 10:47:54-debug: [Build Memory track]: 整理部分构建选项内数据到 settings.json start:202.65MB, end 202.00MB, increase: -665.90KB
2025-6-24 10:47:57-debug: Query all assets info in project
2025-6-24 10:47:57-debug: init custom config: keepNodeUuid: false, useCache: true
2025-6-24 10:47:57-debug: Skip compress image, progress: 0%
2025-6-24 10:47:57-debug: Init all bundles start..., progress: 0%
2025-6-24 10:47:57-debug: Num of bundles: 2..., progress: 0%
2025-6-24 10:47:57-debug: 查询 Asset Bundle start, progress: 0%
2025-6-24 10:47:57-debug: // ---- build task 查询 Asset Bundle ----
2025-6-24 10:47:57-debug: Init bundle root assets start..., progress: 0%
2025-6-24 10:47:57-debug: Query preload assets/scripts from cc.config.json: 60f7195c-ec2a-45eb-ba94-8955f60e81d0,1c02ae6f-4492-4915-b8f8-7492a3b1e4cd,810e96e4-e456-4468-9b59-f4e8f39732c0,efe8e2a3-eace-427b-b4f1-cb8a937ec77d,e9aa9a3e-5b2b-4ac7-a2c7-073de2b2b24f,8bbdbcdd-5cd4-4100-b6d5-b7c9625b6107,50f4348b-c883-4e2f-8f11-ce233b859fa1,fda095cb-831d-4601-ad94-846013963de8,f92806d7-1768-443f-afe8-12bcde84d0f0,dd3a144d-ab7f-41f0-82b8-2e43a090d496,f0416e68-0200-4b77-a926-4f9d16e494da,970b0598-bcb0-4714-91fb-2e81440dccd8,bcd64cc6-2dd9-43f6-abbe-66318d332032,d930590d-bb92-4cc8-8bd1-23cd027f9edf,a3cd009f-0ab0-420d-9278-b9fdab939bbc,6a2d0734-bd9e-4ddf-946e-caa52498cb75,c27215d8-6835-4b68-bfbb-bdeac6100c04,b5d6115f-0370-4d7c-aad3-c194cc71cf98,871c3b6c-7379-419d-bda3-794b239ab90d,ff9b0199-ce04-4cfe-86cc-6c719f08d6e4,de1c2107-70c8-4021-8459-6399f24d01c6,cbf30902-517f-40dc-af90-a550bac27cf1
2025-6-24 10:47:57-debug: Init bundle root assets success..., progress: 0%
2025-6-24 10:47:57-debug:   Number of all scripts: 8
2025-6-24 10:47:57-debug:   Number of other assets: 312
2025-6-24 10:47:57-debug:   Number of all scenes: 1
2025-6-24 10:47:57-debug: // ---- build task 查询 Asset Bundle ---- (3ms)
2025-6-24 10:47:57-log: run build task 查询 Asset Bundle success in 3 ms√, progress: 5%
2025-6-24 10:47:57-debug: [Build Memory track]: 查询 Asset Bundle start:202.43MB, end 202.06MB, increase: -383.01KB
2025-6-24 10:47:57-debug: // ---- build task 查询 Asset Bundle ----
2025-6-24 10:47:57-debug: 查询 Asset Bundle start, progress: 5%
2025-6-24 10:47:57-log: run build task 查询 Asset Bundle success in 1 ms√, progress: 10%
2025-6-24 10:47:57-debug: // ---- build task 整理部分构建选项内数据到 settings.json ----
2025-6-24 10:47:57-debug: [Build Memory track]: 查询 Asset Bundle start:202.08MB, end 202.16MB, increase: 76.48KB
2025-6-24 10:47:57-debug: 整理部分构建选项内数据到 settings.json start, progress: 10%
2025-6-24 10:47:57-debug: // ---- build task 查询 Asset Bundle ---- (1ms)
2025-6-24 10:47:57-debug: // ---- build task 整理部分构建选项内数据到 settings.json ---- (1ms)
2025-6-24 10:47:57-log: run build task 整理部分构建选项内数据到 settings.json success in 1 ms√, progress: 12%
2025-6-24 10:47:57-debug: [Build Memory track]: 整理部分构建选项内数据到 settings.json start:202.18MB, end 202.21MB, increase: 24.34KB
2025-6-24 10:47:57-debug: 填充脚本数据到 settings.json start, progress: 12%
2025-6-24 10:47:57-debug: // ---- build task 填充脚本数据到 settings.json ----
2025-6-24 10:47:57-debug: // ---- build task 填充脚本数据到 settings.json ---- (1ms)
2025-6-24 10:47:57-debug: // ---- build task 整理部分构建选项内数据到 settings.json ----
2025-6-24 10:47:57-debug: [Build Memory track]: 填充脚本数据到 settings.json start:202.23MB, end 202.26MB, increase: 23.77KB
2025-6-24 10:47:57-debug: 整理部分构建选项内数据到 settings.json start, progress: 13%
2025-6-24 10:47:57-log: run build task 填充脚本数据到 settings.json success in 1 ms√, progress: 13%
2025-6-24 10:47:57-debug: // ---- build task 整理部分构建选项内数据到 settings.json ---- (2ms)
2025-6-24 10:47:57-log: run build task 整理部分构建选项内数据到 settings.json success in 2 ms√, progress: 15%
2025-6-24 10:47:57-debug: [Build Memory track]: 整理部分构建选项内数据到 settings.json start:202.28MB, end 202.40MB, increase: 123.40KB
2025-6-24 11:02:05-debug: refresh db internal success
2025-6-24 11:02:05-debug: refresh db assets success
2025-6-24 11:02:05-debug: Run asset db hook engine-extends:afterRefresh ...
2025-6-24 11:02:05-debug: Run asset db hook engine-extends:afterRefresh success!
2025-6-24 11:02:05-debug: asset-db:refresh-all-database (47ms)
2025-6-24 11:02:05-debug: asset-db:worker-effect-data-processing (1ms)
2025-6-24 11:02:05-debug: asset-db-hook-engine-extends-afterRefresh (1ms)
