10:09:24.990 debug: 2025/6/23 10:09:24
10:09:24.990 debug: Project: /Users/zhao/Desktop/test/cocos-creator/JumpingBlock
10:09:24.990 debug: Targets: editor,preview
10:09:24.991 debug: Packer deriver version file lost or format incorrect: Error: ENOENT: no such file or directory, open '/Users/zhao/Desktop/test/cocos-creator/JumpingBlock/temp/programming/packer-driver/VERSION'
10:09:24.991 debug: Clearing out the targets...
10:09:24.992 debug: Engine path: /Applications/Cocos/Creator/3.8.6/CocosCreator.app/Contents/Resources/resources/3d/engine
10:09:24.995 debug: Initializing target [Editor]
10:09:24.996 debug: Loading cache
10:09:24.996 debug: No record files found: Error: ENOENT: no such file or directory, open '/Users/zhao/Desktop/test/cocos-creator/JumpingBlock/temp/programming/packer-driver/targets/editor/main-record.json'
10:09:24.996 debug: Loading cache costs 0.156833000000006ms.
10:09:24.996 debug: Engine features shipped in editor: base,gfx-webgl,gfx-webgl2,gfx-empty,gfx-webgpu,3d,animation,skeletal-animation,2d,rich-text,mask,graphics,ui-skew,ui,affine-transform,particle,particle-2d,physics-framework,physics-cannon,physics-physx,physics-ammo,physics-builtin,physics-2d-framework,physics-2d-box2d-jsb,physics-2d-box2d,physics-2d-builtin,physics-2d-box2d-wasm,intersection-2d,primitive,profiler,occlusion-query,geometry-renderer,debug-renderer,audio,video,xr,light-probe,terrain,webview,tween,tiled-map,vendor-google,spine-3.8,spine-4.2,dragon-bones,marionette,procedural-animation,custom-pipeline,custom-pipeline-builtin-scripts,custom-pipeline-post-process,legacy-pipeline,websocket,websocket-server,meshopt
10:09:24.996 debug: Our import map(foo:/bar): {
  "imports": {
    "cc": "cce:/internal/x/cc"
  }
}
10:09:24.996 debug: Initializing target [Preview]
10:09:24.996 debug: Loading cache
10:09:24.996 debug: No record files found: Error: ENOENT: no such file or directory, open '/Users/zhao/Desktop/test/cocos-creator/JumpingBlock/temp/programming/packer-driver/targets/preview/main-record.json'
10:09:24.996 debug: Loading cache costs 0.11083299999972951ms.
10:09:24.996 debug: Our import map(foo:/bar): {
  "imports": {
    "cc": "cce:/internal/x/cc"
  }
}
10:09:25.017 debug: Sync engine features: 2d,affine-transform,animation,audio,base,custom-pipeline,dragon-bones,gfx-webgl,gfx-webgl2,graphics,intersection-2d,mask,particle-2d,physics-2d-box2d,profiler,rich-text,spine-3.8,tiled-map,tween,ui,video,webview,custom-pipeline
10:09:25.017 debug: Reset databases. Enumerated domains: [
  {
    "root": "db://internal/",
    "physical": "/Applications/Cocos/Creator/3.8.6/CocosCreator.app/Contents/Resources/resources/3d/engine/editor/assets"
  },
  {
    "root": "db://assets/",
    "physical": "/Users/zhao/Desktop/test/cocos-creator/JumpingBlock/assets"
  }
]
10:09:25.017 debug: Our import map(foo:/bar): {
  "imports": {
    "cc": "cce:/internal/x/cc",
    "db://internal/": "file:///Applications/Cocos/Creator/3.8.6/CocosCreator.app/Contents/Resources/resources/3d/engine/editor/assets/",
    "db://assets/": "file:///Users/zhao/Desktop/test/cocos-creator/JumpingBlock/assets/"
  }
}
10:09:25.018 debug: Our import map(foo:/bar): {
  "imports": {
    "cc": "cce:/internal/x/cc",
    "db://internal/": "file:///Applications/Cocos/Creator/3.8.6/CocosCreator.app/Contents/Resources/resources/3d/engine/editor/assets/",
    "db://assets/": "file:///Users/zhao/Desktop/test/cocos-creator/JumpingBlock/assets/"
  }
}
10:09:25.018 debug: Pulling asset-db.
10:09:25.019 debug: Fetch asset-db cost: 1.428791999999703ms.
10:09:25.019 debug: Build iteration starts.
Number of accumulated asset changes: 6
Feature changed: false
10:09:25.019 debug: Target(editor) build started.
10:09:25.020 debug: QuickPack.build, lock file failed!, workspace: /Users/zhao/Desktop/test/cocos-creator/JumpingBlock/temp/programming/packer-driver/targets/editor, err: Error: ENOENT: no such file or directory, lstat '/Users/zhao/Desktop/test/cocos-creator/JumpingBlock/temp/programming/packer-driver/targets/editor'
10:09:25.020 debug: Inspect cce:/internal/x/cc
10:09:25.037 debug: transform url: 'cce:/internal/x/cc' costs: 16.70 ms
10:09:25.037 debug: Resolve cce:/internal/x/cc-fu/base from cce:/internal/x/cc as external dependency cce:/internal/x/cc-fu/base.
10:09:25.038 debug: Resolve cce:/internal/x/cc-fu/gfx-webgl from cce:/internal/x/cc as external dependency cce:/internal/x/cc-fu/gfx-webgl.
10:09:25.038 debug: Resolve cce:/internal/x/cc-fu/gfx-webgl2 from cce:/internal/x/cc as external dependency cce:/internal/x/cc-fu/gfx-webgl2.
10:09:25.038 debug: Resolve cce:/internal/x/cc-fu/gfx-empty from cce:/internal/x/cc as external dependency cce:/internal/x/cc-fu/gfx-empty.
10:09:25.038 debug: Resolve cce:/internal/x/cc-fu/gfx-webgpu from cce:/internal/x/cc as external dependency cce:/internal/x/cc-fu/gfx-webgpu.
10:09:25.038 debug: Resolve cce:/internal/x/cc-fu/3d from cce:/internal/x/cc as external dependency cce:/internal/x/cc-fu/3d.
10:09:25.038 debug: Resolve cce:/internal/x/cc-fu/animation from cce:/internal/x/cc as external dependency cce:/internal/x/cc-fu/animation.
10:09:25.038 debug: Resolve cce:/internal/x/cc-fu/skeletal-animation from cce:/internal/x/cc as external dependency cce:/internal/x/cc-fu/skeletal-animation.
10:09:25.038 debug: Resolve cce:/internal/x/cc-fu/2d from cce:/internal/x/cc as external dependency cce:/internal/x/cc-fu/2d.
10:09:25.038 debug: Resolve cce:/internal/x/cc-fu/sorting from cce:/internal/x/cc as external dependency cce:/internal/x/cc-fu/sorting.
10:09:25.038 debug: Resolve cce:/internal/x/cc-fu/rich-text from cce:/internal/x/cc as external dependency cce:/internal/x/cc-fu/rich-text.
10:09:25.038 debug: Resolve cce:/internal/x/cc-fu/mask from cce:/internal/x/cc as external dependency cce:/internal/x/cc-fu/mask.
10:09:25.038 debug: Resolve cce:/internal/x/cc-fu/graphics from cce:/internal/x/cc as external dependency cce:/internal/x/cc-fu/graphics.
10:09:25.038 debug: Resolve cce:/internal/x/cc-fu/ui-skew from cce:/internal/x/cc as external dependency cce:/internal/x/cc-fu/ui-skew.
10:09:25.038 debug: Resolve cce:/internal/x/cc-fu/ui from cce:/internal/x/cc as external dependency cce:/internal/x/cc-fu/ui.
10:09:25.038 debug: Resolve cce:/internal/x/cc-fu/affine-transform from cce:/internal/x/cc as external dependency cce:/internal/x/cc-fu/affine-transform.
10:09:25.038 debug: Resolve cce:/internal/x/cc-fu/particle from cce:/internal/x/cc as external dependency cce:/internal/x/cc-fu/particle.
10:09:25.038 debug: Resolve cce:/internal/x/cc-fu/particle-2d from cce:/internal/x/cc as external dependency cce:/internal/x/cc-fu/particle-2d.
10:09:25.038 debug: Resolve cce:/internal/x/cc-fu/physics-framework from cce:/internal/x/cc as external dependency cce:/internal/x/cc-fu/physics-framework.
10:09:25.038 debug: Resolve cce:/internal/x/cc-fu/physics-cannon from cce:/internal/x/cc as external dependency cce:/internal/x/cc-fu/physics-cannon.
10:09:25.038 debug: Resolve cce:/internal/x/cc-fu/physics-physx from cce:/internal/x/cc as external dependency cce:/internal/x/cc-fu/physics-physx.
10:09:25.038 debug: Resolve cce:/internal/x/cc-fu/physics-ammo from cce:/internal/x/cc as external dependency cce:/internal/x/cc-fu/physics-ammo.
10:09:25.038 debug: Resolve cce:/internal/x/cc-fu/physics-builtin from cce:/internal/x/cc as external dependency cce:/internal/x/cc-fu/physics-builtin.
10:09:25.038 debug: Resolve cce:/internal/x/cc-fu/physics-2d-framework from cce:/internal/x/cc as external dependency cce:/internal/x/cc-fu/physics-2d-framework.
10:09:25.038 debug: Resolve cce:/internal/x/cc-fu/physics-2d-box2d-jsb from cce:/internal/x/cc as external dependency cce:/internal/x/cc-fu/physics-2d-box2d-jsb.
10:09:25.038 debug: Resolve cce:/internal/x/cc-fu/physics-2d-box2d from cce:/internal/x/cc as external dependency cce:/internal/x/cc-fu/physics-2d-box2d.
10:09:25.038 debug: Resolve cce:/internal/x/cc-fu/physics-2d-builtin from cce:/internal/x/cc as external dependency cce:/internal/x/cc-fu/physics-2d-builtin.
10:09:25.038 debug: Resolve cce:/internal/x/cc-fu/physics-2d-box2d-wasm from cce:/internal/x/cc as external dependency cce:/internal/x/cc-fu/physics-2d-box2d-wasm.
10:09:25.038 debug: Resolve cce:/internal/x/cc-fu/intersection-2d from cce:/internal/x/cc as external dependency cce:/internal/x/cc-fu/intersection-2d.
10:09:25.038 debug: Resolve cce:/internal/x/cc-fu/primitive from cce:/internal/x/cc as external dependency cce:/internal/x/cc-fu/primitive.
10:09:25.038 debug: Resolve cce:/internal/x/cc-fu/profiler from cce:/internal/x/cc as external dependency cce:/internal/x/cc-fu/profiler.
10:09:25.038 debug: Resolve cce:/internal/x/cc-fu/geometry-renderer from cce:/internal/x/cc as external dependency cce:/internal/x/cc-fu/geometry-renderer.
10:09:25.038 debug: Resolve cce:/internal/x/cc-fu/audio from cce:/internal/x/cc as external dependency cce:/internal/x/cc-fu/audio.
10:09:25.038 debug: Resolve cce:/internal/x/cc-fu/video from cce:/internal/x/cc as external dependency cce:/internal/x/cc-fu/video.
10:09:25.038 debug: Resolve cce:/internal/x/cc-fu/xr from cce:/internal/x/cc as external dependency cce:/internal/x/cc-fu/xr.
10:09:25.038 debug: Resolve cce:/internal/x/cc-fu/light-probe from cce:/internal/x/cc as external dependency cce:/internal/x/cc-fu/light-probe.
10:09:25.038 debug: Resolve cce:/internal/x/cc-fu/terrain from cce:/internal/x/cc as external dependency cce:/internal/x/cc-fu/terrain.
10:09:25.038 debug: Resolve cce:/internal/x/cc-fu/webview from cce:/internal/x/cc as external dependency cce:/internal/x/cc-fu/webview.
10:09:25.038 debug: Resolve cce:/internal/x/cc-fu/tween from cce:/internal/x/cc as external dependency cce:/internal/x/cc-fu/tween.
10:09:25.038 debug: Resolve cce:/internal/x/cc-fu/tiled-map from cce:/internal/x/cc as external dependency cce:/internal/x/cc-fu/tiled-map.
10:09:25.038 debug: Resolve cce:/internal/x/cc-fu/vendor-google from cce:/internal/x/cc as external dependency cce:/internal/x/cc-fu/vendor-google.
10:09:25.038 debug: Resolve cce:/internal/x/cc-fu/spine from cce:/internal/x/cc as external dependency cce:/internal/x/cc-fu/spine.
10:09:25.038 debug: Resolve cce:/internal/x/cc-fu/dragon-bones from cce:/internal/x/cc as external dependency cce:/internal/x/cc-fu/dragon-bones.
10:09:25.038 debug: Resolve cce:/internal/x/cc-fu/custom-pipeline from cce:/internal/x/cc as external dependency cce:/internal/x/cc-fu/custom-pipeline.
10:09:25.038 debug: Resolve cce:/internal/x/cc-fu/custom-pipeline-post-process from cce:/internal/x/cc as external dependency cce:/internal/x/cc-fu/custom-pipeline-post-process.
10:09:25.038 debug: Resolve cce:/internal/x/cc-fu/legacy-pipeline from cce:/internal/x/cc as external dependency cce:/internal/x/cc-fu/legacy-pipeline.
10:09:25.038 debug: Inspect cce:/internal/x/prerequisite-imports
10:09:25.042 debug: transform url: 'cce:/internal/x/prerequisite-imports' costs: 3.80 ms
10:09:25.042 debug: Resolve file:///Applications/Cocos/Creator/3.8.6/CocosCreator.app/Contents/Resources/resources/3d/engine/editor/assets/default_renderpipeline/builtin-dof-pass.ts from cce:/internal/x/prerequisite-imports as file:///Applications/Cocos/Creator/3.8.6/CocosCreator.app/Contents/Resources/resources/3d/engine/editor/assets/default_renderpipeline/builtin-dof-pass.ts.
10:09:25.042 debug: Inspect file:///Applications/Cocos/Creator/3.8.6/CocosCreator.app/Contents/Resources/resources/3d/engine/editor/assets/default_renderpipeline/builtin-dof-pass.ts
10:09:25.075 debug: transform url: 'file:///Applications/Cocos/Creator/3.8.6/CocosCreator.app/Contents/Resources/resources/3d/engine/editor/assets/default_renderpipeline/builtin-dof-pass.ts' costs: 32.20 ms
10:09:25.075 debug: Resolve file:///Applications/Cocos/Creator/3.8.6/CocosCreator.app/Contents/Resources/resources/3d/engine/editor/assets/default_renderpipeline/builtin-pipeline-pass.ts from cce:/internal/x/prerequisite-imports as file:///Applications/Cocos/Creator/3.8.6/CocosCreator.app/Contents/Resources/resources/3d/engine/editor/assets/default_renderpipeline/builtin-pipeline-pass.ts.
10:09:25.075 debug: Inspect file:///Applications/Cocos/Creator/3.8.6/CocosCreator.app/Contents/Resources/resources/3d/engine/editor/assets/default_renderpipeline/builtin-pipeline-pass.ts
10:09:25.083 debug: transform url: 'file:///Applications/Cocos/Creator/3.8.6/CocosCreator.app/Contents/Resources/resources/3d/engine/editor/assets/default_renderpipeline/builtin-pipeline-pass.ts' costs: 7.20 ms
10:09:25.083 debug: Resolve file:///Applications/Cocos/Creator/3.8.6/CocosCreator.app/Contents/Resources/resources/3d/engine/editor/assets/default_renderpipeline/builtin-pipeline-settings.ts from cce:/internal/x/prerequisite-imports as file:///Applications/Cocos/Creator/3.8.6/CocosCreator.app/Contents/Resources/resources/3d/engine/editor/assets/default_renderpipeline/builtin-pipeline-settings.ts.
10:09:25.083 debug: Inspect file:///Applications/Cocos/Creator/3.8.6/CocosCreator.app/Contents/Resources/resources/3d/engine/editor/assets/default_renderpipeline/builtin-pipeline-settings.ts
10:09:25.108 debug: transform url: 'file:///Applications/Cocos/Creator/3.8.6/CocosCreator.app/Contents/Resources/resources/3d/engine/editor/assets/default_renderpipeline/builtin-pipeline-settings.ts' costs: 24.80 ms
10:09:25.109 debug: Resolve file:///Applications/Cocos/Creator/3.8.6/CocosCreator.app/Contents/Resources/resources/3d/engine/editor/assets/default_renderpipeline/builtin-pipeline-types.ts from cce:/internal/x/prerequisite-imports as file:///Applications/Cocos/Creator/3.8.6/CocosCreator.app/Contents/Resources/resources/3d/engine/editor/assets/default_renderpipeline/builtin-pipeline-types.ts.
10:09:25.109 debug: Inspect file:///Applications/Cocos/Creator/3.8.6/CocosCreator.app/Contents/Resources/resources/3d/engine/editor/assets/default_renderpipeline/builtin-pipeline-types.ts
10:09:25.118 debug: transform url: 'file:///Applications/Cocos/Creator/3.8.6/CocosCreator.app/Contents/Resources/resources/3d/engine/editor/assets/default_renderpipeline/builtin-pipeline-types.ts' costs: 9.50 ms
10:09:25.119 debug: Resolve file:///Applications/Cocos/Creator/3.8.6/CocosCreator.app/Contents/Resources/resources/3d/engine/editor/assets/default_renderpipeline/builtin-pipeline.ts from cce:/internal/x/prerequisite-imports as file:///Applications/Cocos/Creator/3.8.6/CocosCreator.app/Contents/Resources/resources/3d/engine/editor/assets/default_renderpipeline/builtin-pipeline.ts.
10:09:25.119 debug: Inspect file:///Applications/Cocos/Creator/3.8.6/CocosCreator.app/Contents/Resources/resources/3d/engine/editor/assets/default_renderpipeline/builtin-pipeline.ts
10:09:25.175 debug: transform url: 'file:///Applications/Cocos/Creator/3.8.6/CocosCreator.app/Contents/Resources/resources/3d/engine/editor/assets/default_renderpipeline/builtin-pipeline.ts' costs: 55.90 ms
10:09:25.177 debug: Resolve file:///Applications/Cocos/Creator/3.8.6/CocosCreator.app/Contents/Resources/resources/3d/engine/editor/assets/tools/debug-view-runtime-control.ts from cce:/internal/x/prerequisite-imports as file:///Applications/Cocos/Creator/3.8.6/CocosCreator.app/Contents/Resources/resources/3d/engine/editor/assets/tools/debug-view-runtime-control.ts.
10:09:25.177 debug: Inspect file:///Applications/Cocos/Creator/3.8.6/CocosCreator.app/Contents/Resources/resources/3d/engine/editor/assets/tools/debug-view-runtime-control.ts
10:09:25.193 debug: transform url: 'file:///Applications/Cocos/Creator/3.8.6/CocosCreator.app/Contents/Resources/resources/3d/engine/editor/assets/tools/debug-view-runtime-control.ts' costs: 16.00 ms
10:09:25.194 debug: Resolve cce:/internal/code-quality/cr.mjs from file:///Applications/Cocos/Creator/3.8.6/CocosCreator.app/Contents/Resources/resources/3d/engine/editor/assets/default_renderpipeline/builtin-dof-pass.ts as cce:/internal/code-quality/cr.mjs.
10:09:25.194 debug: Inspect cce:/internal/code-quality/cr.mjs
10:09:25.197 debug: transform url: 'cce:/internal/code-quality/cr.mjs' costs: 3.00 ms
10:09:25.197 debug: Resolve cc from file:///Applications/Cocos/Creator/3.8.6/CocosCreator.app/Contents/Resources/resources/3d/engine/editor/assets/default_renderpipeline/builtin-dof-pass.ts as cce:/internal/x/cc.
10:09:25.197 debug: Resolve cc from file:///Applications/Cocos/Creator/3.8.6/CocosCreator.app/Contents/Resources/resources/3d/engine/editor/assets/default_renderpipeline/builtin-dof-pass.ts as cce:/internal/x/cc.
10:09:25.197 debug: Resolve cc from file:///Applications/Cocos/Creator/3.8.6/CocosCreator.app/Contents/Resources/resources/3d/engine/editor/assets/default_renderpipeline/builtin-dof-pass.ts as cce:/internal/x/cc.
10:09:25.197 debug: Resolve cc/env from file:///Applications/Cocos/Creator/3.8.6/CocosCreator.app/Contents/Resources/resources/3d/engine/editor/assets/default_renderpipeline/builtin-dof-pass.ts as external dependency cc/env.
10:09:25.197 debug: Resolve ./builtin-pipeline-settings from file:///Applications/Cocos/Creator/3.8.6/CocosCreator.app/Contents/Resources/resources/3d/engine/editor/assets/default_renderpipeline/builtin-dof-pass.ts as file:///Applications/Cocos/Creator/3.8.6/CocosCreator.app/Contents/Resources/resources/3d/engine/editor/assets/default_renderpipeline/builtin-pipeline-settings.ts.
10:09:25.197 debug: Resolve ./builtin-pipeline-pass from file:///Applications/Cocos/Creator/3.8.6/CocosCreator.app/Contents/Resources/resources/3d/engine/editor/assets/default_renderpipeline/builtin-dof-pass.ts as file:///Applications/Cocos/Creator/3.8.6/CocosCreator.app/Contents/Resources/resources/3d/engine/editor/assets/default_renderpipeline/builtin-pipeline-pass.ts.
10:09:25.197 debug: Resolve ./builtin-pipeline from file:///Applications/Cocos/Creator/3.8.6/CocosCreator.app/Contents/Resources/resources/3d/engine/editor/assets/default_renderpipeline/builtin-dof-pass.ts as file:///Applications/Cocos/Creator/3.8.6/CocosCreator.app/Contents/Resources/resources/3d/engine/editor/assets/default_renderpipeline/builtin-pipeline.ts.
10:09:25.197 debug: Resolve cce:/internal/code-quality/cr.mjs from file:///Applications/Cocos/Creator/3.8.6/CocosCreator.app/Contents/Resources/resources/3d/engine/editor/assets/default_renderpipeline/builtin-pipeline-settings.ts as cce:/internal/code-quality/cr.mjs.
10:09:25.197 debug: Resolve cc from file:///Applications/Cocos/Creator/3.8.6/CocosCreator.app/Contents/Resources/resources/3d/engine/editor/assets/default_renderpipeline/builtin-pipeline-settings.ts as cce:/internal/x/cc.
10:09:25.197 debug: Resolve cc from file:///Applications/Cocos/Creator/3.8.6/CocosCreator.app/Contents/Resources/resources/3d/engine/editor/assets/default_renderpipeline/builtin-pipeline-settings.ts as cce:/internal/x/cc.
10:09:25.197 debug: Resolve cc from file:///Applications/Cocos/Creator/3.8.6/CocosCreator.app/Contents/Resources/resources/3d/engine/editor/assets/default_renderpipeline/builtin-pipeline-settings.ts as cce:/internal/x/cc.
10:09:25.197 debug: Resolve cc/env from file:///Applications/Cocos/Creator/3.8.6/CocosCreator.app/Contents/Resources/resources/3d/engine/editor/assets/default_renderpipeline/builtin-pipeline-settings.ts as external dependency cc/env.
10:09:25.197 debug: Resolve ./builtin-pipeline-types from file:///Applications/Cocos/Creator/3.8.6/CocosCreator.app/Contents/Resources/resources/3d/engine/editor/assets/default_renderpipeline/builtin-pipeline-settings.ts as file:///Applications/Cocos/Creator/3.8.6/CocosCreator.app/Contents/Resources/resources/3d/engine/editor/assets/default_renderpipeline/builtin-pipeline-types.ts.
10:09:25.197 debug: Resolve cc from file:///Applications/Cocos/Creator/3.8.6/CocosCreator.app/Contents/Resources/resources/3d/engine/editor/assets/default_renderpipeline/builtin-pipeline-types.ts as cce:/internal/x/cc.
10:09:25.197 debug: Resolve cc from file:///Applications/Cocos/Creator/3.8.6/CocosCreator.app/Contents/Resources/resources/3d/engine/editor/assets/default_renderpipeline/builtin-pipeline-types.ts as cce:/internal/x/cc.
10:09:25.197 debug: Resolve cc from file:///Applications/Cocos/Creator/3.8.6/CocosCreator.app/Contents/Resources/resources/3d/engine/editor/assets/default_renderpipeline/builtin-pipeline-types.ts as cce:/internal/x/cc.
10:09:25.197 debug: Resolve cce:/internal/code-quality/cr.mjs from file:///Applications/Cocos/Creator/3.8.6/CocosCreator.app/Contents/Resources/resources/3d/engine/editor/assets/default_renderpipeline/builtin-pipeline-pass.ts as cce:/internal/code-quality/cr.mjs.
10:09:25.197 debug: Resolve cc from file:///Applications/Cocos/Creator/3.8.6/CocosCreator.app/Contents/Resources/resources/3d/engine/editor/assets/default_renderpipeline/builtin-pipeline-pass.ts as cce:/internal/x/cc.
10:09:25.197 debug: Resolve cc from file:///Applications/Cocos/Creator/3.8.6/CocosCreator.app/Contents/Resources/resources/3d/engine/editor/assets/default_renderpipeline/builtin-pipeline-pass.ts as cce:/internal/x/cc.
10:09:25.197 debug: Resolve cc from file:///Applications/Cocos/Creator/3.8.6/CocosCreator.app/Contents/Resources/resources/3d/engine/editor/assets/default_renderpipeline/builtin-pipeline-pass.ts as cce:/internal/x/cc.
10:09:25.197 debug: Resolve ./builtin-pipeline-settings from file:///Applications/Cocos/Creator/3.8.6/CocosCreator.app/Contents/Resources/resources/3d/engine/editor/assets/default_renderpipeline/builtin-pipeline-pass.ts as file:///Applications/Cocos/Creator/3.8.6/CocosCreator.app/Contents/Resources/resources/3d/engine/editor/assets/default_renderpipeline/builtin-pipeline-settings.ts.
10:09:25.197 debug: Resolve cc/env from file:///Applications/Cocos/Creator/3.8.6/CocosCreator.app/Contents/Resources/resources/3d/engine/editor/assets/default_renderpipeline/builtin-pipeline-pass.ts as external dependency cc/env.
10:09:25.197 debug: Resolve cce:/internal/code-quality/cr.mjs from file:///Applications/Cocos/Creator/3.8.6/CocosCreator.app/Contents/Resources/resources/3d/engine/editor/assets/default_renderpipeline/builtin-pipeline.ts as cce:/internal/code-quality/cr.mjs.
10:09:25.197 debug: Resolve cc from file:///Applications/Cocos/Creator/3.8.6/CocosCreator.app/Contents/Resources/resources/3d/engine/editor/assets/default_renderpipeline/builtin-pipeline.ts as cce:/internal/x/cc.
10:09:25.198 debug: Resolve cc from file:///Applications/Cocos/Creator/3.8.6/CocosCreator.app/Contents/Resources/resources/3d/engine/editor/assets/default_renderpipeline/builtin-pipeline.ts as cce:/internal/x/cc.
10:09:25.198 debug: Resolve cc from file:///Applications/Cocos/Creator/3.8.6/CocosCreator.app/Contents/Resources/resources/3d/engine/editor/assets/default_renderpipeline/builtin-pipeline.ts as cce:/internal/x/cc.
10:09:25.198 debug: Resolve cc/env from file:///Applications/Cocos/Creator/3.8.6/CocosCreator.app/Contents/Resources/resources/3d/engine/editor/assets/default_renderpipeline/builtin-pipeline.ts as external dependency cc/env.
10:09:25.198 debug: Resolve ./builtin-pipeline-types from file:///Applications/Cocos/Creator/3.8.6/CocosCreator.app/Contents/Resources/resources/3d/engine/editor/assets/default_renderpipeline/builtin-pipeline.ts as file:///Applications/Cocos/Creator/3.8.6/CocosCreator.app/Contents/Resources/resources/3d/engine/editor/assets/default_renderpipeline/builtin-pipeline-types.ts.
10:09:25.198 debug: Resolve cc from file:///Applications/Cocos/Creator/3.8.6/CocosCreator.app/Contents/Resources/resources/3d/engine/editor/assets/tools/debug-view-runtime-control.ts as cce:/internal/x/cc.
10:09:25.198 debug: Resolve cc from file:///Applications/Cocos/Creator/3.8.6/CocosCreator.app/Contents/Resources/resources/3d/engine/editor/assets/tools/debug-view-runtime-control.ts as cce:/internal/x/cc.
10:09:25.198 debug: Resolve cc from file:///Applications/Cocos/Creator/3.8.6/CocosCreator.app/Contents/Resources/resources/3d/engine/editor/assets/tools/debug-view-runtime-control.ts as cce:/internal/x/cc.
10:09:25.200 debug: Target(editor) ends with cost 180.82058299999971ms.
10:09:25.200 debug: Target(preview) build started.
10:09:25.201 debug: QuickPack.build, lock file failed!, workspace: /Users/zhao/Desktop/test/cocos-creator/JumpingBlock/temp/programming/packer-driver/targets/preview, err: Error: ENOENT: no such file or directory, lstat '/Users/zhao/Desktop/test/cocos-creator/JumpingBlock/temp/programming/packer-driver/targets/preview'
10:09:25.201 debug: Inspect cce:/internal/x/cc
10:09:25.207 debug: transform url: 'cce:/internal/x/cc' costs: 6.10 ms
10:09:25.208 debug: Resolve cce:/internal/x/cc-fu/2d from cce:/internal/x/cc as external dependency cce:/internal/x/cc-fu/2d.
10:09:25.208 debug: Resolve cce:/internal/x/cc-fu/sorting from cce:/internal/x/cc as external dependency cce:/internal/x/cc-fu/sorting.
10:09:25.208 debug: Resolve cce:/internal/x/cc-fu/affine-transform from cce:/internal/x/cc as external dependency cce:/internal/x/cc-fu/affine-transform.
10:09:25.208 debug: Resolve cce:/internal/x/cc-fu/animation from cce:/internal/x/cc as external dependency cce:/internal/x/cc-fu/animation.
10:09:25.208 debug: Resolve cce:/internal/x/cc-fu/audio from cce:/internal/x/cc as external dependency cce:/internal/x/cc-fu/audio.
10:09:25.208 debug: Resolve cce:/internal/x/cc-fu/base from cce:/internal/x/cc as external dependency cce:/internal/x/cc-fu/base.
10:09:25.208 debug: Resolve cce:/internal/x/cc-fu/custom-pipeline from cce:/internal/x/cc as external dependency cce:/internal/x/cc-fu/custom-pipeline.
10:09:25.208 debug: Resolve cce:/internal/x/cc-fu/dragon-bones from cce:/internal/x/cc as external dependency cce:/internal/x/cc-fu/dragon-bones.
10:09:25.208 debug: Resolve cce:/internal/x/cc-fu/gfx-webgl from cce:/internal/x/cc as external dependency cce:/internal/x/cc-fu/gfx-webgl.
10:09:25.208 debug: Resolve cce:/internal/x/cc-fu/gfx-webgl2 from cce:/internal/x/cc as external dependency cce:/internal/x/cc-fu/gfx-webgl2.
10:09:25.208 debug: Resolve cce:/internal/x/cc-fu/graphics from cce:/internal/x/cc as external dependency cce:/internal/x/cc-fu/graphics.
10:09:25.208 debug: Resolve cce:/internal/x/cc-fu/intersection-2d from cce:/internal/x/cc as external dependency cce:/internal/x/cc-fu/intersection-2d.
10:09:25.208 debug: Resolve cce:/internal/x/cc-fu/mask from cce:/internal/x/cc as external dependency cce:/internal/x/cc-fu/mask.
10:09:25.208 debug: Resolve cce:/internal/x/cc-fu/particle-2d from cce:/internal/x/cc as external dependency cce:/internal/x/cc-fu/particle-2d.
10:09:25.208 debug: Resolve cce:/internal/x/cc-fu/physics-2d-box2d from cce:/internal/x/cc as external dependency cce:/internal/x/cc-fu/physics-2d-box2d.
10:09:25.208 debug: Resolve cce:/internal/x/cc-fu/physics-2d-framework from cce:/internal/x/cc as external dependency cce:/internal/x/cc-fu/physics-2d-framework.
10:09:25.208 debug: Resolve cce:/internal/x/cc-fu/profiler from cce:/internal/x/cc as external dependency cce:/internal/x/cc-fu/profiler.
10:09:25.208 debug: Resolve cce:/internal/x/cc-fu/rich-text from cce:/internal/x/cc as external dependency cce:/internal/x/cc-fu/rich-text.
10:09:25.208 debug: Resolve cce:/internal/x/cc-fu/spine from cce:/internal/x/cc as external dependency cce:/internal/x/cc-fu/spine.
10:09:25.208 debug: Resolve cce:/internal/x/cc-fu/tiled-map from cce:/internal/x/cc as external dependency cce:/internal/x/cc-fu/tiled-map.
10:09:25.208 debug: Resolve cce:/internal/x/cc-fu/tween from cce:/internal/x/cc as external dependency cce:/internal/x/cc-fu/tween.
10:09:25.208 debug: Resolve cce:/internal/x/cc-fu/ui from cce:/internal/x/cc as external dependency cce:/internal/x/cc-fu/ui.
10:09:25.208 debug: Resolve cce:/internal/x/cc-fu/video from cce:/internal/x/cc as external dependency cce:/internal/x/cc-fu/video.
10:09:25.208 debug: Resolve cce:/internal/x/cc-fu/webview from cce:/internal/x/cc as external dependency cce:/internal/x/cc-fu/webview.
10:09:25.208 debug: Inspect cce:/internal/x/prerequisite-imports
10:09:25.210 debug: transform url: 'cce:/internal/x/prerequisite-imports' costs: 2.00 ms
10:09:25.210 debug: Resolve file:///Applications/Cocos/Creator/3.8.6/CocosCreator.app/Contents/Resources/resources/3d/engine/editor/assets/default_renderpipeline/builtin-dof-pass.ts from cce:/internal/x/prerequisite-imports as file:///Applications/Cocos/Creator/3.8.6/CocosCreator.app/Contents/Resources/resources/3d/engine/editor/assets/default_renderpipeline/builtin-dof-pass.ts.
10:09:25.210 debug: Inspect file:///Applications/Cocos/Creator/3.8.6/CocosCreator.app/Contents/Resources/resources/3d/engine/editor/assets/default_renderpipeline/builtin-dof-pass.ts
10:09:25.228 debug: transform url: 'file:///Applications/Cocos/Creator/3.8.6/CocosCreator.app/Contents/Resources/resources/3d/engine/editor/assets/default_renderpipeline/builtin-dof-pass.ts' costs: 17.90 ms
10:09:25.229 debug: Resolve file:///Applications/Cocos/Creator/3.8.6/CocosCreator.app/Contents/Resources/resources/3d/engine/editor/assets/default_renderpipeline/builtin-pipeline-pass.ts from cce:/internal/x/prerequisite-imports as file:///Applications/Cocos/Creator/3.8.6/CocosCreator.app/Contents/Resources/resources/3d/engine/editor/assets/default_renderpipeline/builtin-pipeline-pass.ts.
10:09:25.229 debug: Inspect file:///Applications/Cocos/Creator/3.8.6/CocosCreator.app/Contents/Resources/resources/3d/engine/editor/assets/default_renderpipeline/builtin-pipeline-pass.ts
10:09:25.234 debug: transform url: 'file:///Applications/Cocos/Creator/3.8.6/CocosCreator.app/Contents/Resources/resources/3d/engine/editor/assets/default_renderpipeline/builtin-pipeline-pass.ts' costs: 5.70 ms
10:09:25.235 debug: Resolve file:///Applications/Cocos/Creator/3.8.6/CocosCreator.app/Contents/Resources/resources/3d/engine/editor/assets/default_renderpipeline/builtin-pipeline-settings.ts from cce:/internal/x/prerequisite-imports as file:///Applications/Cocos/Creator/3.8.6/CocosCreator.app/Contents/Resources/resources/3d/engine/editor/assets/default_renderpipeline/builtin-pipeline-settings.ts.
10:09:25.235 debug: Inspect file:///Applications/Cocos/Creator/3.8.6/CocosCreator.app/Contents/Resources/resources/3d/engine/editor/assets/default_renderpipeline/builtin-pipeline-settings.ts
10:09:25.253 debug: transform url: 'file:///Applications/Cocos/Creator/3.8.6/CocosCreator.app/Contents/Resources/resources/3d/engine/editor/assets/default_renderpipeline/builtin-pipeline-settings.ts' costs: 18.00 ms
10:09:25.254 debug: Resolve file:///Applications/Cocos/Creator/3.8.6/CocosCreator.app/Contents/Resources/resources/3d/engine/editor/assets/default_renderpipeline/builtin-pipeline-types.ts from cce:/internal/x/prerequisite-imports as file:///Applications/Cocos/Creator/3.8.6/CocosCreator.app/Contents/Resources/resources/3d/engine/editor/assets/default_renderpipeline/builtin-pipeline-types.ts.
10:09:25.254 debug: Inspect file:///Applications/Cocos/Creator/3.8.6/CocosCreator.app/Contents/Resources/resources/3d/engine/editor/assets/default_renderpipeline/builtin-pipeline-types.ts
10:09:25.264 debug: transform url: 'file:///Applications/Cocos/Creator/3.8.6/CocosCreator.app/Contents/Resources/resources/3d/engine/editor/assets/default_renderpipeline/builtin-pipeline-types.ts' costs: 10.10 ms
10:09:25.264 debug: Resolve file:///Applications/Cocos/Creator/3.8.6/CocosCreator.app/Contents/Resources/resources/3d/engine/editor/assets/default_renderpipeline/builtin-pipeline.ts from cce:/internal/x/prerequisite-imports as file:///Applications/Cocos/Creator/3.8.6/CocosCreator.app/Contents/Resources/resources/3d/engine/editor/assets/default_renderpipeline/builtin-pipeline.ts.
10:09:25.264 debug: Inspect file:///Applications/Cocos/Creator/3.8.6/CocosCreator.app/Contents/Resources/resources/3d/engine/editor/assets/default_renderpipeline/builtin-pipeline.ts
10:09:25.340 debug: transform url: 'file:///Applications/Cocos/Creator/3.8.6/CocosCreator.app/Contents/Resources/resources/3d/engine/editor/assets/default_renderpipeline/builtin-pipeline.ts' costs: 75.50 ms
10:09:25.342 debug: Resolve file:///Applications/Cocos/Creator/3.8.6/CocosCreator.app/Contents/Resources/resources/3d/engine/editor/assets/tools/debug-view-runtime-control.ts from cce:/internal/x/prerequisite-imports as file:///Applications/Cocos/Creator/3.8.6/CocosCreator.app/Contents/Resources/resources/3d/engine/editor/assets/tools/debug-view-runtime-control.ts.
10:09:25.342 debug: Inspect file:///Applications/Cocos/Creator/3.8.6/CocosCreator.app/Contents/Resources/resources/3d/engine/editor/assets/tools/debug-view-runtime-control.ts
10:09:25.362 debug: transform url: 'file:///Applications/Cocos/Creator/3.8.6/CocosCreator.app/Contents/Resources/resources/3d/engine/editor/assets/tools/debug-view-runtime-control.ts' costs: 19.90 ms
10:09:25.362 debug: Resolve cce:/internal/code-quality/cr.mjs from file:///Applications/Cocos/Creator/3.8.6/CocosCreator.app/Contents/Resources/resources/3d/engine/editor/assets/default_renderpipeline/builtin-dof-pass.ts as cce:/internal/code-quality/cr.mjs.
10:09:25.362 debug: Inspect cce:/internal/code-quality/cr.mjs
10:09:25.364 debug: transform url: 'cce:/internal/code-quality/cr.mjs' costs: 2.40 ms
10:09:25.365 debug: Resolve cc from file:///Applications/Cocos/Creator/3.8.6/CocosCreator.app/Contents/Resources/resources/3d/engine/editor/assets/default_renderpipeline/builtin-dof-pass.ts as cce:/internal/x/cc.
10:09:25.365 debug: Resolve cc from file:///Applications/Cocos/Creator/3.8.6/CocosCreator.app/Contents/Resources/resources/3d/engine/editor/assets/default_renderpipeline/builtin-dof-pass.ts as cce:/internal/x/cc.
10:09:25.365 debug: Resolve cc from file:///Applications/Cocos/Creator/3.8.6/CocosCreator.app/Contents/Resources/resources/3d/engine/editor/assets/default_renderpipeline/builtin-dof-pass.ts as cce:/internal/x/cc.
10:09:25.365 debug: Resolve cc/env from file:///Applications/Cocos/Creator/3.8.6/CocosCreator.app/Contents/Resources/resources/3d/engine/editor/assets/default_renderpipeline/builtin-dof-pass.ts as external dependency cc/env.
10:09:25.365 debug: Resolve ./builtin-pipeline-settings from file:///Applications/Cocos/Creator/3.8.6/CocosCreator.app/Contents/Resources/resources/3d/engine/editor/assets/default_renderpipeline/builtin-dof-pass.ts as file:///Applications/Cocos/Creator/3.8.6/CocosCreator.app/Contents/Resources/resources/3d/engine/editor/assets/default_renderpipeline/builtin-pipeline-settings.ts.
10:09:25.365 debug: Resolve ./builtin-pipeline-pass from file:///Applications/Cocos/Creator/3.8.6/CocosCreator.app/Contents/Resources/resources/3d/engine/editor/assets/default_renderpipeline/builtin-dof-pass.ts as file:///Applications/Cocos/Creator/3.8.6/CocosCreator.app/Contents/Resources/resources/3d/engine/editor/assets/default_renderpipeline/builtin-pipeline-pass.ts.
10:09:25.365 debug: Resolve ./builtin-pipeline from file:///Applications/Cocos/Creator/3.8.6/CocosCreator.app/Contents/Resources/resources/3d/engine/editor/assets/default_renderpipeline/builtin-dof-pass.ts as file:///Applications/Cocos/Creator/3.8.6/CocosCreator.app/Contents/Resources/resources/3d/engine/editor/assets/default_renderpipeline/builtin-pipeline.ts.
10:09:25.365 debug: Resolve cce:/internal/code-quality/cr.mjs from file:///Applications/Cocos/Creator/3.8.6/CocosCreator.app/Contents/Resources/resources/3d/engine/editor/assets/default_renderpipeline/builtin-pipeline-settings.ts as cce:/internal/code-quality/cr.mjs.
10:09:25.365 debug: Resolve cc from file:///Applications/Cocos/Creator/3.8.6/CocosCreator.app/Contents/Resources/resources/3d/engine/editor/assets/default_renderpipeline/builtin-pipeline-settings.ts as cce:/internal/x/cc.
10:09:25.365 debug: Resolve cc from file:///Applications/Cocos/Creator/3.8.6/CocosCreator.app/Contents/Resources/resources/3d/engine/editor/assets/default_renderpipeline/builtin-pipeline-settings.ts as cce:/internal/x/cc.
10:09:25.365 debug: Resolve cc from file:///Applications/Cocos/Creator/3.8.6/CocosCreator.app/Contents/Resources/resources/3d/engine/editor/assets/default_renderpipeline/builtin-pipeline-settings.ts as cce:/internal/x/cc.
10:09:25.365 debug: Resolve cc/env from file:///Applications/Cocos/Creator/3.8.6/CocosCreator.app/Contents/Resources/resources/3d/engine/editor/assets/default_renderpipeline/builtin-pipeline-settings.ts as external dependency cc/env.
10:09:25.365 debug: Resolve ./builtin-pipeline-types from file:///Applications/Cocos/Creator/3.8.6/CocosCreator.app/Contents/Resources/resources/3d/engine/editor/assets/default_renderpipeline/builtin-pipeline-settings.ts as file:///Applications/Cocos/Creator/3.8.6/CocosCreator.app/Contents/Resources/resources/3d/engine/editor/assets/default_renderpipeline/builtin-pipeline-types.ts.
10:09:25.365 debug: Resolve cc from file:///Applications/Cocos/Creator/3.8.6/CocosCreator.app/Contents/Resources/resources/3d/engine/editor/assets/default_renderpipeline/builtin-pipeline-types.ts as cce:/internal/x/cc.
10:09:25.365 debug: Resolve cc from file:///Applications/Cocos/Creator/3.8.6/CocosCreator.app/Contents/Resources/resources/3d/engine/editor/assets/default_renderpipeline/builtin-pipeline-types.ts as cce:/internal/x/cc.
10:09:25.365 debug: Resolve cc from file:///Applications/Cocos/Creator/3.8.6/CocosCreator.app/Contents/Resources/resources/3d/engine/editor/assets/default_renderpipeline/builtin-pipeline-types.ts as cce:/internal/x/cc.
10:09:25.365 debug: Resolve cce:/internal/code-quality/cr.mjs from file:///Applications/Cocos/Creator/3.8.6/CocosCreator.app/Contents/Resources/resources/3d/engine/editor/assets/default_renderpipeline/builtin-pipeline-pass.ts as cce:/internal/code-quality/cr.mjs.
10:09:25.365 debug: Resolve cc from file:///Applications/Cocos/Creator/3.8.6/CocosCreator.app/Contents/Resources/resources/3d/engine/editor/assets/default_renderpipeline/builtin-pipeline-pass.ts as cce:/internal/x/cc.
10:09:25.365 debug: Resolve cc from file:///Applications/Cocos/Creator/3.8.6/CocosCreator.app/Contents/Resources/resources/3d/engine/editor/assets/default_renderpipeline/builtin-pipeline-pass.ts as cce:/internal/x/cc.
10:09:25.365 debug: Resolve cc from file:///Applications/Cocos/Creator/3.8.6/CocosCreator.app/Contents/Resources/resources/3d/engine/editor/assets/default_renderpipeline/builtin-pipeline-pass.ts as cce:/internal/x/cc.
10:09:25.365 debug: Resolve ./builtin-pipeline-settings from file:///Applications/Cocos/Creator/3.8.6/CocosCreator.app/Contents/Resources/resources/3d/engine/editor/assets/default_renderpipeline/builtin-pipeline-pass.ts as file:///Applications/Cocos/Creator/3.8.6/CocosCreator.app/Contents/Resources/resources/3d/engine/editor/assets/default_renderpipeline/builtin-pipeline-settings.ts.
10:09:25.365 debug: Resolve cc/env from file:///Applications/Cocos/Creator/3.8.6/CocosCreator.app/Contents/Resources/resources/3d/engine/editor/assets/default_renderpipeline/builtin-pipeline-pass.ts as external dependency cc/env.
10:09:25.365 debug: Resolve cce:/internal/code-quality/cr.mjs from file:///Applications/Cocos/Creator/3.8.6/CocosCreator.app/Contents/Resources/resources/3d/engine/editor/assets/default_renderpipeline/builtin-pipeline.ts as cce:/internal/code-quality/cr.mjs.
10:09:25.365 debug: Resolve cc from file:///Applications/Cocos/Creator/3.8.6/CocosCreator.app/Contents/Resources/resources/3d/engine/editor/assets/default_renderpipeline/builtin-pipeline.ts as cce:/internal/x/cc.
10:09:25.365 debug: Resolve cc from file:///Applications/Cocos/Creator/3.8.6/CocosCreator.app/Contents/Resources/resources/3d/engine/editor/assets/default_renderpipeline/builtin-pipeline.ts as cce:/internal/x/cc.
10:09:25.365 debug: Resolve cc from file:///Applications/Cocos/Creator/3.8.6/CocosCreator.app/Contents/Resources/resources/3d/engine/editor/assets/default_renderpipeline/builtin-pipeline.ts as cce:/internal/x/cc.
10:09:25.365 debug: Resolve cc/env from file:///Applications/Cocos/Creator/3.8.6/CocosCreator.app/Contents/Resources/resources/3d/engine/editor/assets/default_renderpipeline/builtin-pipeline.ts as external dependency cc/env.
10:09:25.365 debug: Resolve ./builtin-pipeline-types from file:///Applications/Cocos/Creator/3.8.6/CocosCreator.app/Contents/Resources/resources/3d/engine/editor/assets/default_renderpipeline/builtin-pipeline.ts as file:///Applications/Cocos/Creator/3.8.6/CocosCreator.app/Contents/Resources/resources/3d/engine/editor/assets/default_renderpipeline/builtin-pipeline-types.ts.
10:09:25.365 debug: Resolve cc from file:///Applications/Cocos/Creator/3.8.6/CocosCreator.app/Contents/Resources/resources/3d/engine/editor/assets/tools/debug-view-runtime-control.ts as cce:/internal/x/cc.
10:09:25.365 debug: Resolve cc from file:///Applications/Cocos/Creator/3.8.6/CocosCreator.app/Contents/Resources/resources/3d/engine/editor/assets/tools/debug-view-runtime-control.ts as cce:/internal/x/cc.
10:09:25.365 debug: Resolve cc from file:///Applications/Cocos/Creator/3.8.6/CocosCreator.app/Contents/Resources/resources/3d/engine/editor/assets/tools/debug-view-runtime-control.ts as cce:/internal/x/cc.
10:09:25.367 debug: Target(preview) ends with cost 166.39337500000056ms.
10:09:26.002 debug: Pulling asset-db.
10:09:26.218 debug: Fetch asset-db cost: 215.5555830000012ms.
10:09:26.218 debug: Build iteration starts.
Number of accumulated asset changes: 6
Feature changed: false
10:09:26.218 debug: Target(editor) build started.
10:09:26.219 debug: Detected change: cce:/internal/x/prerequisite-imports. Last mtime: Thu Jan 01 1970 08:00:07 GMT+0800 (中国标准时间), Current mtime: Thu Jan 01 1970 08:00:08 GMT+0800 (中国标准时间)
10:09:26.219 debug: Inspect cce:/internal/x/prerequisite-imports
10:09:26.222 debug: transform url: 'cce:/internal/x/prerequisite-imports' costs: 2.20 ms
10:09:26.222 debug: Resolve file:///Applications/Cocos/Creator/3.8.6/CocosCreator.app/Contents/Resources/resources/3d/engine/editor/assets/default_renderpipeline/builtin-dof-pass.ts from cce:/internal/x/prerequisite-imports as file:///Applications/Cocos/Creator/3.8.6/CocosCreator.app/Contents/Resources/resources/3d/engine/editor/assets/default_renderpipeline/builtin-dof-pass.ts.
10:09:26.222 debug: Resolve file:///Applications/Cocos/Creator/3.8.6/CocosCreator.app/Contents/Resources/resources/3d/engine/editor/assets/default_renderpipeline/builtin-pipeline-pass.ts from cce:/internal/x/prerequisite-imports as file:///Applications/Cocos/Creator/3.8.6/CocosCreator.app/Contents/Resources/resources/3d/engine/editor/assets/default_renderpipeline/builtin-pipeline-pass.ts.
10:09:26.222 debug: Resolve file:///Applications/Cocos/Creator/3.8.6/CocosCreator.app/Contents/Resources/resources/3d/engine/editor/assets/default_renderpipeline/builtin-pipeline-settings.ts from cce:/internal/x/prerequisite-imports as file:///Applications/Cocos/Creator/3.8.6/CocosCreator.app/Contents/Resources/resources/3d/engine/editor/assets/default_renderpipeline/builtin-pipeline-settings.ts.
10:09:26.222 debug: Resolve file:///Applications/Cocos/Creator/3.8.6/CocosCreator.app/Contents/Resources/resources/3d/engine/editor/assets/default_renderpipeline/builtin-pipeline-types.ts from cce:/internal/x/prerequisite-imports as file:///Applications/Cocos/Creator/3.8.6/CocosCreator.app/Contents/Resources/resources/3d/engine/editor/assets/default_renderpipeline/builtin-pipeline-types.ts.
10:09:26.222 debug: Resolve file:///Applications/Cocos/Creator/3.8.6/CocosCreator.app/Contents/Resources/resources/3d/engine/editor/assets/default_renderpipeline/builtin-pipeline.ts from cce:/internal/x/prerequisite-imports as file:///Applications/Cocos/Creator/3.8.6/CocosCreator.app/Contents/Resources/resources/3d/engine/editor/assets/default_renderpipeline/builtin-pipeline.ts.
10:09:26.222 debug: Resolve file:///Applications/Cocos/Creator/3.8.6/CocosCreator.app/Contents/Resources/resources/3d/engine/editor/assets/tools/debug-view-runtime-control.ts from cce:/internal/x/prerequisite-imports as file:///Applications/Cocos/Creator/3.8.6/CocosCreator.app/Contents/Resources/resources/3d/engine/editor/assets/tools/debug-view-runtime-control.ts.
10:09:26.225 debug: Target(editor) ends with cost 6.51141699999971ms.
10:09:26.225 debug: Target(preview) build started.
10:09:26.226 debug: Detected change: cce:/internal/x/prerequisite-imports. Last mtime: Thu Jan 01 1970 08:00:07 GMT+0800 (中国标准时间), Current mtime: Thu Jan 01 1970 08:00:08 GMT+0800 (中国标准时间)
10:09:26.226 debug: Inspect cce:/internal/x/prerequisite-imports
10:09:26.228 debug: transform url: 'cce:/internal/x/prerequisite-imports' costs: 2.20 ms
10:09:26.228 debug: Resolve file:///Applications/Cocos/Creator/3.8.6/CocosCreator.app/Contents/Resources/resources/3d/engine/editor/assets/default_renderpipeline/builtin-dof-pass.ts from cce:/internal/x/prerequisite-imports as file:///Applications/Cocos/Creator/3.8.6/CocosCreator.app/Contents/Resources/resources/3d/engine/editor/assets/default_renderpipeline/builtin-dof-pass.ts.
10:09:26.228 debug: Resolve file:///Applications/Cocos/Creator/3.8.6/CocosCreator.app/Contents/Resources/resources/3d/engine/editor/assets/default_renderpipeline/builtin-pipeline-pass.ts from cce:/internal/x/prerequisite-imports as file:///Applications/Cocos/Creator/3.8.6/CocosCreator.app/Contents/Resources/resources/3d/engine/editor/assets/default_renderpipeline/builtin-pipeline-pass.ts.
10:09:26.228 debug: Resolve file:///Applications/Cocos/Creator/3.8.6/CocosCreator.app/Contents/Resources/resources/3d/engine/editor/assets/default_renderpipeline/builtin-pipeline-settings.ts from cce:/internal/x/prerequisite-imports as file:///Applications/Cocos/Creator/3.8.6/CocosCreator.app/Contents/Resources/resources/3d/engine/editor/assets/default_renderpipeline/builtin-pipeline-settings.ts.
10:09:26.228 debug: Resolve file:///Applications/Cocos/Creator/3.8.6/CocosCreator.app/Contents/Resources/resources/3d/engine/editor/assets/default_renderpipeline/builtin-pipeline-types.ts from cce:/internal/x/prerequisite-imports as file:///Applications/Cocos/Creator/3.8.6/CocosCreator.app/Contents/Resources/resources/3d/engine/editor/assets/default_renderpipeline/builtin-pipeline-types.ts.
10:09:26.228 debug: Resolve file:///Applications/Cocos/Creator/3.8.6/CocosCreator.app/Contents/Resources/resources/3d/engine/editor/assets/default_renderpipeline/builtin-pipeline.ts from cce:/internal/x/prerequisite-imports as file:///Applications/Cocos/Creator/3.8.6/CocosCreator.app/Contents/Resources/resources/3d/engine/editor/assets/default_renderpipeline/builtin-pipeline.ts.
10:09:26.228 debug: Resolve file:///Applications/Cocos/Creator/3.8.6/CocosCreator.app/Contents/Resources/resources/3d/engine/editor/assets/tools/debug-view-runtime-control.ts from cce:/internal/x/prerequisite-imports as file:///Applications/Cocos/Creator/3.8.6/CocosCreator.app/Contents/Resources/resources/3d/engine/editor/assets/tools/debug-view-runtime-control.ts.
10:09:26.230 debug: Target(preview) ends with cost 4.968333000000712ms.
10:21:56.785 debug: Dispatch build request for time accumulated 1 asset changes.
10:21:56.787 debug: Build iteration starts.
Number of accumulated asset changes: 1
Feature changed: false
10:21:56.787 debug: Target(editor) build started.
10:21:56.789 debug: Detected change: cce:/internal/x/prerequisite-imports. Last mtime: Thu Jan 01 1970 08:00:08 GMT+0800 (中国标准时间), Current mtime: Thu Jan 01 1970 08:12:39 GMT+0800 (中国标准时间)
10:21:56.789 debug: Inspect cce:/internal/x/prerequisite-imports
10:21:56.799 debug: transform url: 'cce:/internal/x/prerequisite-imports' costs: 10.60 ms
10:21:56.800 debug: Resolve file:///Applications/Cocos/Creator/3.8.6/CocosCreator.app/Contents/Resources/resources/3d/engine/editor/assets/default_renderpipeline/builtin-dof-pass.ts from cce:/internal/x/prerequisite-imports as file:///Applications/Cocos/Creator/3.8.6/CocosCreator.app/Contents/Resources/resources/3d/engine/editor/assets/default_renderpipeline/builtin-dof-pass.ts.
10:21:56.800 debug: Resolve file:///Applications/Cocos/Creator/3.8.6/CocosCreator.app/Contents/Resources/resources/3d/engine/editor/assets/default_renderpipeline/builtin-pipeline-pass.ts from cce:/internal/x/prerequisite-imports as file:///Applications/Cocos/Creator/3.8.6/CocosCreator.app/Contents/Resources/resources/3d/engine/editor/assets/default_renderpipeline/builtin-pipeline-pass.ts.
10:21:56.800 debug: Resolve file:///Applications/Cocos/Creator/3.8.6/CocosCreator.app/Contents/Resources/resources/3d/engine/editor/assets/default_renderpipeline/builtin-pipeline-settings.ts from cce:/internal/x/prerequisite-imports as file:///Applications/Cocos/Creator/3.8.6/CocosCreator.app/Contents/Resources/resources/3d/engine/editor/assets/default_renderpipeline/builtin-pipeline-settings.ts.
10:21:56.800 debug: Resolve file:///Applications/Cocos/Creator/3.8.6/CocosCreator.app/Contents/Resources/resources/3d/engine/editor/assets/default_renderpipeline/builtin-pipeline-types.ts from cce:/internal/x/prerequisite-imports as file:///Applications/Cocos/Creator/3.8.6/CocosCreator.app/Contents/Resources/resources/3d/engine/editor/assets/default_renderpipeline/builtin-pipeline-types.ts.
10:21:56.800 debug: Resolve file:///Applications/Cocos/Creator/3.8.6/CocosCreator.app/Contents/Resources/resources/3d/engine/editor/assets/default_renderpipeline/builtin-pipeline.ts from cce:/internal/x/prerequisite-imports as file:///Applications/Cocos/Creator/3.8.6/CocosCreator.app/Contents/Resources/resources/3d/engine/editor/assets/default_renderpipeline/builtin-pipeline.ts.
10:21:56.800 debug: Resolve file:///Applications/Cocos/Creator/3.8.6/CocosCreator.app/Contents/Resources/resources/3d/engine/editor/assets/tools/debug-view-runtime-control.ts from cce:/internal/x/prerequisite-imports as file:///Applications/Cocos/Creator/3.8.6/CocosCreator.app/Contents/Resources/resources/3d/engine/editor/assets/tools/debug-view-runtime-control.ts.
10:21:56.800 debug: Resolve file:///Users/zhao/Desktop/test/cocos-creator/JumpingBlock/assets/Scripts/GameManager.ts from cce:/internal/x/prerequisite-imports as file:///Users/zhao/Desktop/test/cocos-creator/JumpingBlock/assets/Scripts/GameManager.ts.
10:21:56.800 debug: Inspect file:///Users/zhao/Desktop/test/cocos-creator/JumpingBlock/assets/Scripts/GameManager.ts
10:21:56.809 debug: transform url: 'file:///Users/zhao/Desktop/test/cocos-creator/JumpingBlock/assets/Scripts/GameManager.ts' costs: 8.50 ms
10:21:56.809 debug: Resolve cc from file:///Users/zhao/Desktop/test/cocos-creator/JumpingBlock/assets/Scripts/GameManager.ts as cce:/internal/x/cc.
10:21:56.809 debug: Resolve cc from file:///Users/zhao/Desktop/test/cocos-creator/JumpingBlock/assets/Scripts/GameManager.ts as cce:/internal/x/cc.
10:21:56.810 debug: Resolve cc from file:///Users/zhao/Desktop/test/cocos-creator/JumpingBlock/assets/Scripts/GameManager.ts as cce:/internal/x/cc.
10:21:56.812 debug: Target(editor) ends with cost 25.001291000051424ms.
10:21:56.812 debug: Target(preview) build started.
10:21:56.813 debug: Detected change: cce:/internal/x/prerequisite-imports. Last mtime: Thu Jan 01 1970 08:00:08 GMT+0800 (中国标准时间), Current mtime: Thu Jan 01 1970 08:12:39 GMT+0800 (中国标准时间)
10:21:56.813 debug: Inspect cce:/internal/x/prerequisite-imports
10:21:56.818 debug: transform url: 'cce:/internal/x/prerequisite-imports' costs: 4.80 ms
10:21:56.819 debug: Resolve file:///Applications/Cocos/Creator/3.8.6/CocosCreator.app/Contents/Resources/resources/3d/engine/editor/assets/default_renderpipeline/builtin-dof-pass.ts from cce:/internal/x/prerequisite-imports as file:///Applications/Cocos/Creator/3.8.6/CocosCreator.app/Contents/Resources/resources/3d/engine/editor/assets/default_renderpipeline/builtin-dof-pass.ts.
10:21:56.819 debug: Resolve file:///Applications/Cocos/Creator/3.8.6/CocosCreator.app/Contents/Resources/resources/3d/engine/editor/assets/default_renderpipeline/builtin-pipeline-pass.ts from cce:/internal/x/prerequisite-imports as file:///Applications/Cocos/Creator/3.8.6/CocosCreator.app/Contents/Resources/resources/3d/engine/editor/assets/default_renderpipeline/builtin-pipeline-pass.ts.
10:21:56.819 debug: Resolve file:///Applications/Cocos/Creator/3.8.6/CocosCreator.app/Contents/Resources/resources/3d/engine/editor/assets/default_renderpipeline/builtin-pipeline-settings.ts from cce:/internal/x/prerequisite-imports as file:///Applications/Cocos/Creator/3.8.6/CocosCreator.app/Contents/Resources/resources/3d/engine/editor/assets/default_renderpipeline/builtin-pipeline-settings.ts.
10:21:56.819 debug: Resolve file:///Applications/Cocos/Creator/3.8.6/CocosCreator.app/Contents/Resources/resources/3d/engine/editor/assets/default_renderpipeline/builtin-pipeline-types.ts from cce:/internal/x/prerequisite-imports as file:///Applications/Cocos/Creator/3.8.6/CocosCreator.app/Contents/Resources/resources/3d/engine/editor/assets/default_renderpipeline/builtin-pipeline-types.ts.
10:21:56.819 debug: Resolve file:///Applications/Cocos/Creator/3.8.6/CocosCreator.app/Contents/Resources/resources/3d/engine/editor/assets/default_renderpipeline/builtin-pipeline.ts from cce:/internal/x/prerequisite-imports as file:///Applications/Cocos/Creator/3.8.6/CocosCreator.app/Contents/Resources/resources/3d/engine/editor/assets/default_renderpipeline/builtin-pipeline.ts.
10:21:56.819 debug: Resolve file:///Applications/Cocos/Creator/3.8.6/CocosCreator.app/Contents/Resources/resources/3d/engine/editor/assets/tools/debug-view-runtime-control.ts from cce:/internal/x/prerequisite-imports as file:///Applications/Cocos/Creator/3.8.6/CocosCreator.app/Contents/Resources/resources/3d/engine/editor/assets/tools/debug-view-runtime-control.ts.
10:21:56.819 debug: Resolve file:///Users/zhao/Desktop/test/cocos-creator/JumpingBlock/assets/Scripts/GameManager.ts from cce:/internal/x/prerequisite-imports as file:///Users/zhao/Desktop/test/cocos-creator/JumpingBlock/assets/Scripts/GameManager.ts.
10:21:56.819 debug: Inspect file:///Users/zhao/Desktop/test/cocos-creator/JumpingBlock/assets/Scripts/GameManager.ts
10:21:56.826 debug: transform url: 'file:///Users/zhao/Desktop/test/cocos-creator/JumpingBlock/assets/Scripts/GameManager.ts' costs: 7.40 ms
10:21:56.827 debug: Resolve cc from file:///Users/zhao/Desktop/test/cocos-creator/JumpingBlock/assets/Scripts/GameManager.ts as cce:/internal/x/cc.
10:21:56.827 debug: Resolve cc from file:///Users/zhao/Desktop/test/cocos-creator/JumpingBlock/assets/Scripts/GameManager.ts as cce:/internal/x/cc.
10:21:56.827 debug: Resolve cc from file:///Users/zhao/Desktop/test/cocos-creator/JumpingBlock/assets/Scripts/GameManager.ts as cce:/internal/x/cc.
10:21:56.829 debug: Target(preview) ends with cost 16.839249999960884ms.
10:26:29.040 debug: Dispatch build request for time accumulated 1 asset changes.
10:26:29.044 debug: Build iteration starts.
Number of accumulated asset changes: 1
Feature changed: false
10:26:29.046 debug: Target(editor) build started.
10:26:29.050 debug: Detected change: cce:/internal/x/prerequisite-imports. Last mtime: Thu Jan 01 1970 08:12:39 GMT+0800 (中国标准时间), Current mtime: Thu Jan 01 1970 08:17:11 GMT+0800 (中国标准时间)
10:26:29.050 debug: Inspect cce:/internal/x/prerequisite-imports
10:26:29.071 debug: transform url: 'cce:/internal/x/prerequisite-imports' costs: 20.90 ms
10:26:29.072 debug: Resolve file:///Applications/Cocos/Creator/3.8.6/CocosCreator.app/Contents/Resources/resources/3d/engine/editor/assets/default_renderpipeline/builtin-dof-pass.ts from cce:/internal/x/prerequisite-imports as file:///Applications/Cocos/Creator/3.8.6/CocosCreator.app/Contents/Resources/resources/3d/engine/editor/assets/default_renderpipeline/builtin-dof-pass.ts.
10:26:29.072 debug: Resolve file:///Applications/Cocos/Creator/3.8.6/CocosCreator.app/Contents/Resources/resources/3d/engine/editor/assets/default_renderpipeline/builtin-pipeline-pass.ts from cce:/internal/x/prerequisite-imports as file:///Applications/Cocos/Creator/3.8.6/CocosCreator.app/Contents/Resources/resources/3d/engine/editor/assets/default_renderpipeline/builtin-pipeline-pass.ts.
10:26:29.072 debug: Resolve file:///Applications/Cocos/Creator/3.8.6/CocosCreator.app/Contents/Resources/resources/3d/engine/editor/assets/default_renderpipeline/builtin-pipeline-settings.ts from cce:/internal/x/prerequisite-imports as file:///Applications/Cocos/Creator/3.8.6/CocosCreator.app/Contents/Resources/resources/3d/engine/editor/assets/default_renderpipeline/builtin-pipeline-settings.ts.
10:26:29.072 debug: Resolve file:///Applications/Cocos/Creator/3.8.6/CocosCreator.app/Contents/Resources/resources/3d/engine/editor/assets/default_renderpipeline/builtin-pipeline-types.ts from cce:/internal/x/prerequisite-imports as file:///Applications/Cocos/Creator/3.8.6/CocosCreator.app/Contents/Resources/resources/3d/engine/editor/assets/default_renderpipeline/builtin-pipeline-types.ts.
10:26:29.072 debug: Resolve file:///Applications/Cocos/Creator/3.8.6/CocosCreator.app/Contents/Resources/resources/3d/engine/editor/assets/default_renderpipeline/builtin-pipeline.ts from cce:/internal/x/prerequisite-imports as file:///Applications/Cocos/Creator/3.8.6/CocosCreator.app/Contents/Resources/resources/3d/engine/editor/assets/default_renderpipeline/builtin-pipeline.ts.
10:26:29.072 debug: Resolve file:///Applications/Cocos/Creator/3.8.6/CocosCreator.app/Contents/Resources/resources/3d/engine/editor/assets/tools/debug-view-runtime-control.ts from cce:/internal/x/prerequisite-imports as file:///Applications/Cocos/Creator/3.8.6/CocosCreator.app/Contents/Resources/resources/3d/engine/editor/assets/tools/debug-view-runtime-control.ts.
10:26:29.072 debug: Resolve file:///Users/zhao/Desktop/test/cocos-creator/JumpingBlock/assets/Scripts/GameManager.ts from cce:/internal/x/prerequisite-imports as file:///Users/zhao/Desktop/test/cocos-creator/JumpingBlock/assets/Scripts/GameManager.ts.
10:26:29.073 debug: Detected change: file:///Users/zhao/Desktop/test/cocos-creator/JumpingBlock/assets/Scripts/GameManager.ts. Last mtime: Mon Jun 23 2025 10:21:56 GMT+0800 (中国标准时间)@b7ecf2fa-f64b-4a42-bd11-5e1c47ed60a4, Current mtime: Mon Jun 23 2025 10:26:27 GMT+0800 (中国标准时间)@b7ecf2fa-f64b-4a42-bd11-5e1c47ed60a4
10:26:29.073 debug: Inspect file:///Users/zhao/Desktop/test/cocos-creator/JumpingBlock/assets/Scripts/GameManager.ts
10:26:29.082 debug: transform url: 'file:///Users/zhao/Desktop/test/cocos-creator/JumpingBlock/assets/Scripts/GameManager.ts' costs: 9.50 ms
10:26:29.083 debug: Resolve cc from file:///Users/zhao/Desktop/test/cocos-creator/JumpingBlock/assets/Scripts/GameManager.ts as cce:/internal/x/cc.
10:26:29.083 debug: Resolve cc from file:///Users/zhao/Desktop/test/cocos-creator/JumpingBlock/assets/Scripts/GameManager.ts as cce:/internal/x/cc.
10:26:29.083 debug: Resolve cc from file:///Users/zhao/Desktop/test/cocos-creator/JumpingBlock/assets/Scripts/GameManager.ts as cce:/internal/x/cc.
10:26:29.086 debug: Target(editor) ends with cost 39.76500000001397ms.
10:26:29.086 debug: Target(preview) build started.
10:26:29.086 debug: Detected change: cce:/internal/x/prerequisite-imports. Last mtime: Thu Jan 01 1970 08:12:39 GMT+0800 (中国标准时间), Current mtime: Thu Jan 01 1970 08:17:11 GMT+0800 (中国标准时间)
10:26:29.086 debug: Inspect cce:/internal/x/prerequisite-imports
10:26:29.090 debug: transform url: 'cce:/internal/x/prerequisite-imports' costs: 3.80 ms
10:26:29.091 debug: Resolve file:///Applications/Cocos/Creator/3.8.6/CocosCreator.app/Contents/Resources/resources/3d/engine/editor/assets/default_renderpipeline/builtin-dof-pass.ts from cce:/internal/x/prerequisite-imports as file:///Applications/Cocos/Creator/3.8.6/CocosCreator.app/Contents/Resources/resources/3d/engine/editor/assets/default_renderpipeline/builtin-dof-pass.ts.
10:26:29.091 debug: Resolve file:///Applications/Cocos/Creator/3.8.6/CocosCreator.app/Contents/Resources/resources/3d/engine/editor/assets/default_renderpipeline/builtin-pipeline-pass.ts from cce:/internal/x/prerequisite-imports as file:///Applications/Cocos/Creator/3.8.6/CocosCreator.app/Contents/Resources/resources/3d/engine/editor/assets/default_renderpipeline/builtin-pipeline-pass.ts.
10:26:29.091 debug: Resolve file:///Applications/Cocos/Creator/3.8.6/CocosCreator.app/Contents/Resources/resources/3d/engine/editor/assets/default_renderpipeline/builtin-pipeline-settings.ts from cce:/internal/x/prerequisite-imports as file:///Applications/Cocos/Creator/3.8.6/CocosCreator.app/Contents/Resources/resources/3d/engine/editor/assets/default_renderpipeline/builtin-pipeline-settings.ts.
10:26:29.091 debug: Resolve file:///Applications/Cocos/Creator/3.8.6/CocosCreator.app/Contents/Resources/resources/3d/engine/editor/assets/default_renderpipeline/builtin-pipeline-types.ts from cce:/internal/x/prerequisite-imports as file:///Applications/Cocos/Creator/3.8.6/CocosCreator.app/Contents/Resources/resources/3d/engine/editor/assets/default_renderpipeline/builtin-pipeline-types.ts.
10:26:29.091 debug: Resolve file:///Applications/Cocos/Creator/3.8.6/CocosCreator.app/Contents/Resources/resources/3d/engine/editor/assets/default_renderpipeline/builtin-pipeline.ts from cce:/internal/x/prerequisite-imports as file:///Applications/Cocos/Creator/3.8.6/CocosCreator.app/Contents/Resources/resources/3d/engine/editor/assets/default_renderpipeline/builtin-pipeline.ts.
10:26:29.091 debug: Resolve file:///Applications/Cocos/Creator/3.8.6/CocosCreator.app/Contents/Resources/resources/3d/engine/editor/assets/tools/debug-view-runtime-control.ts from cce:/internal/x/prerequisite-imports as file:///Applications/Cocos/Creator/3.8.6/CocosCreator.app/Contents/Resources/resources/3d/engine/editor/assets/tools/debug-view-runtime-control.ts.
10:26:29.091 debug: Resolve file:///Users/zhao/Desktop/test/cocos-creator/JumpingBlock/assets/Scripts/GameManager.ts from cce:/internal/x/prerequisite-imports as file:///Users/zhao/Desktop/test/cocos-creator/JumpingBlock/assets/Scripts/GameManager.ts.
10:26:29.091 debug: Detected change: file:///Users/zhao/Desktop/test/cocos-creator/JumpingBlock/assets/Scripts/GameManager.ts. Last mtime: Mon Jun 23 2025 10:21:56 GMT+0800 (中国标准时间)@b7ecf2fa-f64b-4a42-bd11-5e1c47ed60a4, Current mtime: Mon Jun 23 2025 10:26:27 GMT+0800 (中国标准时间)@b7ecf2fa-f64b-4a42-bd11-5e1c47ed60a4
10:26:29.091 debug: Inspect file:///Users/zhao/Desktop/test/cocos-creator/JumpingBlock/assets/Scripts/GameManager.ts
10:26:29.105 debug: transform url: 'file:///Users/zhao/Desktop/test/cocos-creator/JumpingBlock/assets/Scripts/GameManager.ts' costs: 14.20 ms
10:26:29.106 debug: Resolve cc from file:///Users/zhao/Desktop/test/cocos-creator/JumpingBlock/assets/Scripts/GameManager.ts as cce:/internal/x/cc.
10:26:29.106 debug: Resolve cc from file:///Users/zhao/Desktop/test/cocos-creator/JumpingBlock/assets/Scripts/GameManager.ts as cce:/internal/x/cc.
10:26:29.106 debug: Resolve cc from file:///Users/zhao/Desktop/test/cocos-creator/JumpingBlock/assets/Scripts/GameManager.ts as cce:/internal/x/cc.
10:26:29.111 debug: Target(preview) ends with cost 25.23533299996052ms.
10:27:22.371 debug: Dispatch build request for time accumulated 1 asset changes.
10:27:22.372 debug: Build iteration starts.
Number of accumulated asset changes: 1
Feature changed: false
10:27:22.372 debug: Target(editor) build started.
10:27:22.374 debug: Detected change: cce:/internal/x/prerequisite-imports. Last mtime: Thu Jan 01 1970 08:17:11 GMT+0800 (中国标准时间), Current mtime: Thu Jan 01 1970 08:18:05 GMT+0800 (中国标准时间)
10:27:22.374 debug: Inspect cce:/internal/x/prerequisite-imports
10:27:22.378 debug: transform url: 'cce:/internal/x/prerequisite-imports' costs: 3.90 ms
10:27:22.378 debug: Resolve file:///Applications/Cocos/Creator/3.8.6/CocosCreator.app/Contents/Resources/resources/3d/engine/editor/assets/default_renderpipeline/builtin-dof-pass.ts from cce:/internal/x/prerequisite-imports as file:///Applications/Cocos/Creator/3.8.6/CocosCreator.app/Contents/Resources/resources/3d/engine/editor/assets/default_renderpipeline/builtin-dof-pass.ts.
10:27:22.378 debug: Resolve file:///Applications/Cocos/Creator/3.8.6/CocosCreator.app/Contents/Resources/resources/3d/engine/editor/assets/default_renderpipeline/builtin-pipeline-pass.ts from cce:/internal/x/prerequisite-imports as file:///Applications/Cocos/Creator/3.8.6/CocosCreator.app/Contents/Resources/resources/3d/engine/editor/assets/default_renderpipeline/builtin-pipeline-pass.ts.
10:27:22.379 debug: Resolve file:///Applications/Cocos/Creator/3.8.6/CocosCreator.app/Contents/Resources/resources/3d/engine/editor/assets/default_renderpipeline/builtin-pipeline-settings.ts from cce:/internal/x/prerequisite-imports as file:///Applications/Cocos/Creator/3.8.6/CocosCreator.app/Contents/Resources/resources/3d/engine/editor/assets/default_renderpipeline/builtin-pipeline-settings.ts.
10:27:22.379 debug: Resolve file:///Applications/Cocos/Creator/3.8.6/CocosCreator.app/Contents/Resources/resources/3d/engine/editor/assets/default_renderpipeline/builtin-pipeline-types.ts from cce:/internal/x/prerequisite-imports as file:///Applications/Cocos/Creator/3.8.6/CocosCreator.app/Contents/Resources/resources/3d/engine/editor/assets/default_renderpipeline/builtin-pipeline-types.ts.
10:27:22.379 debug: Resolve file:///Applications/Cocos/Creator/3.8.6/CocosCreator.app/Contents/Resources/resources/3d/engine/editor/assets/default_renderpipeline/builtin-pipeline.ts from cce:/internal/x/prerequisite-imports as file:///Applications/Cocos/Creator/3.8.6/CocosCreator.app/Contents/Resources/resources/3d/engine/editor/assets/default_renderpipeline/builtin-pipeline.ts.
10:27:22.379 debug: Resolve file:///Applications/Cocos/Creator/3.8.6/CocosCreator.app/Contents/Resources/resources/3d/engine/editor/assets/tools/debug-view-runtime-control.ts from cce:/internal/x/prerequisite-imports as file:///Applications/Cocos/Creator/3.8.6/CocosCreator.app/Contents/Resources/resources/3d/engine/editor/assets/tools/debug-view-runtime-control.ts.
10:27:22.379 debug: Resolve file:///Users/zhao/Desktop/test/cocos-creator/JumpingBlock/assets/Scripts/GameManager.ts from cce:/internal/x/prerequisite-imports as file:///Users/zhao/Desktop/test/cocos-creator/JumpingBlock/assets/Scripts/GameManager.ts.
10:27:22.379 debug: Detected change: file:///Users/zhao/Desktop/test/cocos-creator/JumpingBlock/assets/Scripts/GameManager.ts. Last mtime: Mon Jun 23 2025 10:26:27 GMT+0800 (中国标准时间)@b7ecf2fa-f64b-4a42-bd11-5e1c47ed60a4, Current mtime: Mon Jun 23 2025 10:27:22 GMT+0800 (中国标准时间)@b7ecf2fa-f64b-4a42-bd11-5e1c47ed60a4
10:27:22.379 debug: Inspect file:///Users/zhao/Desktop/test/cocos-creator/JumpingBlock/assets/Scripts/GameManager.ts
10:27:22.388 debug: transform url: 'file:///Users/zhao/Desktop/test/cocos-creator/JumpingBlock/assets/Scripts/GameManager.ts' costs: 9.20 ms
10:27:22.389 debug: Resolve cc from file:///Users/zhao/Desktop/test/cocos-creator/JumpingBlock/assets/Scripts/GameManager.ts as cce:/internal/x/cc.
10:27:22.389 debug: Resolve cc from file:///Users/zhao/Desktop/test/cocos-creator/JumpingBlock/assets/Scripts/GameManager.ts as cce:/internal/x/cc.
10:27:22.389 debug: Resolve cc from file:///Users/zhao/Desktop/test/cocos-creator/JumpingBlock/assets/Scripts/GameManager.ts as cce:/internal/x/cc.
10:27:22.391 debug: Target(editor) ends with cost 18.351000000024214ms.
10:27:22.391 debug: Target(preview) build started.
10:27:22.392 debug: Detected change: cce:/internal/x/prerequisite-imports. Last mtime: Thu Jan 01 1970 08:17:11 GMT+0800 (中国标准时间), Current mtime: Thu Jan 01 1970 08:18:05 GMT+0800 (中国标准时间)
10:27:22.392 debug: Inspect cce:/internal/x/prerequisite-imports
10:27:22.395 debug: transform url: 'cce:/internal/x/prerequisite-imports' costs: 3.70 ms
10:27:22.396 debug: Resolve file:///Applications/Cocos/Creator/3.8.6/CocosCreator.app/Contents/Resources/resources/3d/engine/editor/assets/default_renderpipeline/builtin-dof-pass.ts from cce:/internal/x/prerequisite-imports as file:///Applications/Cocos/Creator/3.8.6/CocosCreator.app/Contents/Resources/resources/3d/engine/editor/assets/default_renderpipeline/builtin-dof-pass.ts.
10:27:22.396 debug: Resolve file:///Applications/Cocos/Creator/3.8.6/CocosCreator.app/Contents/Resources/resources/3d/engine/editor/assets/default_renderpipeline/builtin-pipeline-pass.ts from cce:/internal/x/prerequisite-imports as file:///Applications/Cocos/Creator/3.8.6/CocosCreator.app/Contents/Resources/resources/3d/engine/editor/assets/default_renderpipeline/builtin-pipeline-pass.ts.
10:27:22.396 debug: Resolve file:///Applications/Cocos/Creator/3.8.6/CocosCreator.app/Contents/Resources/resources/3d/engine/editor/assets/default_renderpipeline/builtin-pipeline-settings.ts from cce:/internal/x/prerequisite-imports as file:///Applications/Cocos/Creator/3.8.6/CocosCreator.app/Contents/Resources/resources/3d/engine/editor/assets/default_renderpipeline/builtin-pipeline-settings.ts.
10:27:22.396 debug: Resolve file:///Applications/Cocos/Creator/3.8.6/CocosCreator.app/Contents/Resources/resources/3d/engine/editor/assets/default_renderpipeline/builtin-pipeline-types.ts from cce:/internal/x/prerequisite-imports as file:///Applications/Cocos/Creator/3.8.6/CocosCreator.app/Contents/Resources/resources/3d/engine/editor/assets/default_renderpipeline/builtin-pipeline-types.ts.
10:27:22.396 debug: Resolve file:///Applications/Cocos/Creator/3.8.6/CocosCreator.app/Contents/Resources/resources/3d/engine/editor/assets/default_renderpipeline/builtin-pipeline.ts from cce:/internal/x/prerequisite-imports as file:///Applications/Cocos/Creator/3.8.6/CocosCreator.app/Contents/Resources/resources/3d/engine/editor/assets/default_renderpipeline/builtin-pipeline.ts.
10:27:22.396 debug: Resolve file:///Applications/Cocos/Creator/3.8.6/CocosCreator.app/Contents/Resources/resources/3d/engine/editor/assets/tools/debug-view-runtime-control.ts from cce:/internal/x/prerequisite-imports as file:///Applications/Cocos/Creator/3.8.6/CocosCreator.app/Contents/Resources/resources/3d/engine/editor/assets/tools/debug-view-runtime-control.ts.
10:27:22.396 debug: Resolve file:///Users/zhao/Desktop/test/cocos-creator/JumpingBlock/assets/Scripts/GameManager.ts from cce:/internal/x/prerequisite-imports as file:///Users/zhao/Desktop/test/cocos-creator/JumpingBlock/assets/Scripts/GameManager.ts.
10:27:22.396 debug: Detected change: file:///Users/zhao/Desktop/test/cocos-creator/JumpingBlock/assets/Scripts/GameManager.ts. Last mtime: Mon Jun 23 2025 10:26:27 GMT+0800 (中国标准时间)@b7ecf2fa-f64b-4a42-bd11-5e1c47ed60a4, Current mtime: Mon Jun 23 2025 10:27:22 GMT+0800 (中国标准时间)@b7ecf2fa-f64b-4a42-bd11-5e1c47ed60a4
10:27:22.396 debug: Inspect file:///Users/zhao/Desktop/test/cocos-creator/JumpingBlock/assets/Scripts/GameManager.ts
10:27:22.406 debug: transform url: 'file:///Users/zhao/Desktop/test/cocos-creator/JumpingBlock/assets/Scripts/GameManager.ts' costs: 9.50 ms
10:27:22.406 debug: Resolve cc from file:///Users/zhao/Desktop/test/cocos-creator/JumpingBlock/assets/Scripts/GameManager.ts as cce:/internal/x/cc.
10:27:22.406 debug: Resolve cc from file:///Users/zhao/Desktop/test/cocos-creator/JumpingBlock/assets/Scripts/GameManager.ts as cce:/internal/x/cc.
10:27:22.406 debug: Resolve cc from file:///Users/zhao/Desktop/test/cocos-creator/JumpingBlock/assets/Scripts/GameManager.ts as cce:/internal/x/cc.
10:27:22.408 debug: Target(preview) ends with cost 17.226583000039682ms.
10:27:45.385 debug: Dispatch build request for time accumulated 1 asset changes.
10:27:45.385 debug: Build iteration starts.
Number of accumulated asset changes: 1
Feature changed: false
10:27:45.386 debug: Target(editor) build started.
10:27:45.387 debug: Detected change: cce:/internal/x/prerequisite-imports. Last mtime: Thu Jan 01 1970 08:18:05 GMT+0800 (中国标准时间), Current mtime: Thu Jan 01 1970 08:18:28 GMT+0800 (中国标准时间)
10:27:45.387 debug: Inspect cce:/internal/x/prerequisite-imports
10:27:45.391 debug: transform url: 'cce:/internal/x/prerequisite-imports' costs: 3.50 ms
10:27:45.391 debug: Resolve file:///Applications/Cocos/Creator/3.8.6/CocosCreator.app/Contents/Resources/resources/3d/engine/editor/assets/default_renderpipeline/builtin-dof-pass.ts from cce:/internal/x/prerequisite-imports as file:///Applications/Cocos/Creator/3.8.6/CocosCreator.app/Contents/Resources/resources/3d/engine/editor/assets/default_renderpipeline/builtin-dof-pass.ts.
10:27:45.391 debug: Resolve file:///Applications/Cocos/Creator/3.8.6/CocosCreator.app/Contents/Resources/resources/3d/engine/editor/assets/default_renderpipeline/builtin-pipeline-pass.ts from cce:/internal/x/prerequisite-imports as file:///Applications/Cocos/Creator/3.8.6/CocosCreator.app/Contents/Resources/resources/3d/engine/editor/assets/default_renderpipeline/builtin-pipeline-pass.ts.
10:27:45.391 debug: Resolve file:///Applications/Cocos/Creator/3.8.6/CocosCreator.app/Contents/Resources/resources/3d/engine/editor/assets/default_renderpipeline/builtin-pipeline-settings.ts from cce:/internal/x/prerequisite-imports as file:///Applications/Cocos/Creator/3.8.6/CocosCreator.app/Contents/Resources/resources/3d/engine/editor/assets/default_renderpipeline/builtin-pipeline-settings.ts.
10:27:45.391 debug: Resolve file:///Applications/Cocos/Creator/3.8.6/CocosCreator.app/Contents/Resources/resources/3d/engine/editor/assets/default_renderpipeline/builtin-pipeline-types.ts from cce:/internal/x/prerequisite-imports as file:///Applications/Cocos/Creator/3.8.6/CocosCreator.app/Contents/Resources/resources/3d/engine/editor/assets/default_renderpipeline/builtin-pipeline-types.ts.
10:27:45.391 debug: Resolve file:///Applications/Cocos/Creator/3.8.6/CocosCreator.app/Contents/Resources/resources/3d/engine/editor/assets/default_renderpipeline/builtin-pipeline.ts from cce:/internal/x/prerequisite-imports as file:///Applications/Cocos/Creator/3.8.6/CocosCreator.app/Contents/Resources/resources/3d/engine/editor/assets/default_renderpipeline/builtin-pipeline.ts.
10:27:45.391 debug: Resolve file:///Applications/Cocos/Creator/3.8.6/CocosCreator.app/Contents/Resources/resources/3d/engine/editor/assets/tools/debug-view-runtime-control.ts from cce:/internal/x/prerequisite-imports as file:///Applications/Cocos/Creator/3.8.6/CocosCreator.app/Contents/Resources/resources/3d/engine/editor/assets/tools/debug-view-runtime-control.ts.
10:27:45.391 debug: Resolve file:///Users/zhao/Desktop/test/cocos-creator/JumpingBlock/assets/Scripts/GameManager.ts from cce:/internal/x/prerequisite-imports as file:///Users/zhao/Desktop/test/cocos-creator/JumpingBlock/assets/Scripts/GameManager.ts.
10:27:45.391 debug: Detected change: file:///Users/zhao/Desktop/test/cocos-creator/JumpingBlock/assets/Scripts/GameManager.ts. Last mtime: Mon Jun 23 2025 10:27:22 GMT+0800 (中国标准时间)@b7ecf2fa-f64b-4a42-bd11-5e1c47ed60a4, Current mtime: Mon Jun 23 2025 10:27:42 GMT+0800 (中国标准时间)@b7ecf2fa-f64b-4a42-bd11-5e1c47ed60a4
10:27:45.391 debug: Inspect file:///Users/zhao/Desktop/test/cocos-creator/JumpingBlock/assets/Scripts/GameManager.ts
10:27:45.400 debug: transform url: 'file:///Users/zhao/Desktop/test/cocos-creator/JumpingBlock/assets/Scripts/GameManager.ts' costs: 8.70 ms
10:27:45.401 debug: Resolve cc from file:///Users/zhao/Desktop/test/cocos-creator/JumpingBlock/assets/Scripts/GameManager.ts as cce:/internal/x/cc.
10:27:45.401 debug: Resolve cc from file:///Users/zhao/Desktop/test/cocos-creator/JumpingBlock/assets/Scripts/GameManager.ts as cce:/internal/x/cc.
10:27:45.401 debug: Resolve cc from file:///Users/zhao/Desktop/test/cocos-creator/JumpingBlock/assets/Scripts/GameManager.ts as cce:/internal/x/cc.
10:27:45.403 debug: Target(editor) ends with cost 17.14670899999328ms.
10:27:45.403 debug: Target(preview) build started.
10:27:45.403 debug: Detected change: cce:/internal/x/prerequisite-imports. Last mtime: Thu Jan 01 1970 08:18:05 GMT+0800 (中国标准时间), Current mtime: Thu Jan 01 1970 08:18:28 GMT+0800 (中国标准时间)
10:27:45.403 debug: Inspect cce:/internal/x/prerequisite-imports
10:27:45.407 debug: transform url: 'cce:/internal/x/prerequisite-imports' costs: 3.40 ms
10:27:45.407 debug: Resolve file:///Applications/Cocos/Creator/3.8.6/CocosCreator.app/Contents/Resources/resources/3d/engine/editor/assets/default_renderpipeline/builtin-dof-pass.ts from cce:/internal/x/prerequisite-imports as file:///Applications/Cocos/Creator/3.8.6/CocosCreator.app/Contents/Resources/resources/3d/engine/editor/assets/default_renderpipeline/builtin-dof-pass.ts.
10:27:45.407 debug: Resolve file:///Applications/Cocos/Creator/3.8.6/CocosCreator.app/Contents/Resources/resources/3d/engine/editor/assets/default_renderpipeline/builtin-pipeline-pass.ts from cce:/internal/x/prerequisite-imports as file:///Applications/Cocos/Creator/3.8.6/CocosCreator.app/Contents/Resources/resources/3d/engine/editor/assets/default_renderpipeline/builtin-pipeline-pass.ts.
10:27:45.408 debug: Resolve file:///Applications/Cocos/Creator/3.8.6/CocosCreator.app/Contents/Resources/resources/3d/engine/editor/assets/default_renderpipeline/builtin-pipeline-settings.ts from cce:/internal/x/prerequisite-imports as file:///Applications/Cocos/Creator/3.8.6/CocosCreator.app/Contents/Resources/resources/3d/engine/editor/assets/default_renderpipeline/builtin-pipeline-settings.ts.
10:27:45.408 debug: Resolve file:///Applications/Cocos/Creator/3.8.6/CocosCreator.app/Contents/Resources/resources/3d/engine/editor/assets/default_renderpipeline/builtin-pipeline-types.ts from cce:/internal/x/prerequisite-imports as file:///Applications/Cocos/Creator/3.8.6/CocosCreator.app/Contents/Resources/resources/3d/engine/editor/assets/default_renderpipeline/builtin-pipeline-types.ts.
10:27:45.408 debug: Resolve file:///Applications/Cocos/Creator/3.8.6/CocosCreator.app/Contents/Resources/resources/3d/engine/editor/assets/default_renderpipeline/builtin-pipeline.ts from cce:/internal/x/prerequisite-imports as file:///Applications/Cocos/Creator/3.8.6/CocosCreator.app/Contents/Resources/resources/3d/engine/editor/assets/default_renderpipeline/builtin-pipeline.ts.
10:27:45.408 debug: Resolve file:///Applications/Cocos/Creator/3.8.6/CocosCreator.app/Contents/Resources/resources/3d/engine/editor/assets/tools/debug-view-runtime-control.ts from cce:/internal/x/prerequisite-imports as file:///Applications/Cocos/Creator/3.8.6/CocosCreator.app/Contents/Resources/resources/3d/engine/editor/assets/tools/debug-view-runtime-control.ts.
10:27:45.408 debug: Resolve file:///Users/zhao/Desktop/test/cocos-creator/JumpingBlock/assets/Scripts/GameManager.ts from cce:/internal/x/prerequisite-imports as file:///Users/zhao/Desktop/test/cocos-creator/JumpingBlock/assets/Scripts/GameManager.ts.
10:27:45.408 debug: Detected change: file:///Users/zhao/Desktop/test/cocos-creator/JumpingBlock/assets/Scripts/GameManager.ts. Last mtime: Mon Jun 23 2025 10:27:22 GMT+0800 (中国标准时间)@b7ecf2fa-f64b-4a42-bd11-5e1c47ed60a4, Current mtime: Mon Jun 23 2025 10:27:42 GMT+0800 (中国标准时间)@b7ecf2fa-f64b-4a42-bd11-5e1c47ed60a4
10:27:45.408 debug: Inspect file:///Users/zhao/Desktop/test/cocos-creator/JumpingBlock/assets/Scripts/GameManager.ts
10:27:45.417 debug: transform url: 'file:///Users/zhao/Desktop/test/cocos-creator/JumpingBlock/assets/Scripts/GameManager.ts' costs: 9.60 ms
10:27:45.418 debug: Resolve cc from file:///Users/zhao/Desktop/test/cocos-creator/JumpingBlock/assets/Scripts/GameManager.ts as cce:/internal/x/cc.
10:27:45.418 debug: Resolve cc from file:///Users/zhao/Desktop/test/cocos-creator/JumpingBlock/assets/Scripts/GameManager.ts as cce:/internal/x/cc.
10:27:45.418 debug: Resolve cc from file:///Users/zhao/Desktop/test/cocos-creator/JumpingBlock/assets/Scripts/GameManager.ts as cce:/internal/x/cc.
10:27:45.420 debug: Target(preview) ends with cost 17.404708000132814ms.
10:28:13.903 debug: Dispatch build request for time accumulated 1 asset changes.
10:28:13.904 debug: Build iteration starts.
Number of accumulated asset changes: 1
Feature changed: false
10:28:13.904 debug: Target(editor) build started.
10:28:13.905 debug: Detected change: cce:/internal/x/prerequisite-imports. Last mtime: Thu Jan 01 1970 08:18:28 GMT+0800 (中国标准时间), Current mtime: Thu Jan 01 1970 08:18:56 GMT+0800 (中国标准时间)
10:28:13.905 debug: Inspect cce:/internal/x/prerequisite-imports
10:28:13.910 debug: transform url: 'cce:/internal/x/prerequisite-imports' costs: 4.60 ms
10:28:13.911 debug: Resolve file:///Applications/Cocos/Creator/3.8.6/CocosCreator.app/Contents/Resources/resources/3d/engine/editor/assets/default_renderpipeline/builtin-dof-pass.ts from cce:/internal/x/prerequisite-imports as file:///Applications/Cocos/Creator/3.8.6/CocosCreator.app/Contents/Resources/resources/3d/engine/editor/assets/default_renderpipeline/builtin-dof-pass.ts.
10:28:13.911 debug: Resolve file:///Applications/Cocos/Creator/3.8.6/CocosCreator.app/Contents/Resources/resources/3d/engine/editor/assets/default_renderpipeline/builtin-pipeline-pass.ts from cce:/internal/x/prerequisite-imports as file:///Applications/Cocos/Creator/3.8.6/CocosCreator.app/Contents/Resources/resources/3d/engine/editor/assets/default_renderpipeline/builtin-pipeline-pass.ts.
10:28:13.911 debug: Resolve file:///Applications/Cocos/Creator/3.8.6/CocosCreator.app/Contents/Resources/resources/3d/engine/editor/assets/default_renderpipeline/builtin-pipeline-settings.ts from cce:/internal/x/prerequisite-imports as file:///Applications/Cocos/Creator/3.8.6/CocosCreator.app/Contents/Resources/resources/3d/engine/editor/assets/default_renderpipeline/builtin-pipeline-settings.ts.
10:28:13.911 debug: Resolve file:///Applications/Cocos/Creator/3.8.6/CocosCreator.app/Contents/Resources/resources/3d/engine/editor/assets/default_renderpipeline/builtin-pipeline-types.ts from cce:/internal/x/prerequisite-imports as file:///Applications/Cocos/Creator/3.8.6/CocosCreator.app/Contents/Resources/resources/3d/engine/editor/assets/default_renderpipeline/builtin-pipeline-types.ts.
10:28:13.911 debug: Resolve file:///Applications/Cocos/Creator/3.8.6/CocosCreator.app/Contents/Resources/resources/3d/engine/editor/assets/default_renderpipeline/builtin-pipeline.ts from cce:/internal/x/prerequisite-imports as file:///Applications/Cocos/Creator/3.8.6/CocosCreator.app/Contents/Resources/resources/3d/engine/editor/assets/default_renderpipeline/builtin-pipeline.ts.
10:28:13.911 debug: Resolve file:///Applications/Cocos/Creator/3.8.6/CocosCreator.app/Contents/Resources/resources/3d/engine/editor/assets/tools/debug-view-runtime-control.ts from cce:/internal/x/prerequisite-imports as file:///Applications/Cocos/Creator/3.8.6/CocosCreator.app/Contents/Resources/resources/3d/engine/editor/assets/tools/debug-view-runtime-control.ts.
10:28:13.912 debug: Resolve file:///Users/zhao/Desktop/test/cocos-creator/JumpingBlock/assets/Scripts/GameManager.ts from cce:/internal/x/prerequisite-imports as file:///Users/zhao/Desktop/test/cocos-creator/JumpingBlock/assets/Scripts/GameManager.ts.
10:28:13.912 debug: Detected change: file:///Users/zhao/Desktop/test/cocos-creator/JumpingBlock/assets/Scripts/GameManager.ts. Last mtime: Mon Jun 23 2025 10:27:42 GMT+0800 (中国标准时间)@b7ecf2fa-f64b-4a42-bd11-5e1c47ed60a4, Current mtime: Mon Jun 23 2025 10:28:11 GMT+0800 (中国标准时间)@b7ecf2fa-f64b-4a42-bd11-5e1c47ed60a4
10:28:13.912 debug: Inspect file:///Users/zhao/Desktop/test/cocos-creator/JumpingBlock/assets/Scripts/GameManager.ts
10:28:13.923 debug: transform url: 'file:///Users/zhao/Desktop/test/cocos-creator/JumpingBlock/assets/Scripts/GameManager.ts' costs: 11.10 ms
10:28:13.923 debug: Resolve cc from file:///Users/zhao/Desktop/test/cocos-creator/JumpingBlock/assets/Scripts/GameManager.ts as cce:/internal/x/cc.
10:28:13.923 debug: Resolve cc from file:///Users/zhao/Desktop/test/cocos-creator/JumpingBlock/assets/Scripts/GameManager.ts as cce:/internal/x/cc.
10:28:13.923 debug: Resolve cc from file:///Users/zhao/Desktop/test/cocos-creator/JumpingBlock/assets/Scripts/GameManager.ts as cce:/internal/x/cc.
10:28:13.926 debug: Target(editor) ends with cost 21.744790999917313ms.
10:28:13.926 debug: Target(preview) build started.
10:28:13.927 debug: Detected change: cce:/internal/x/prerequisite-imports. Last mtime: Thu Jan 01 1970 08:18:28 GMT+0800 (中国标准时间), Current mtime: Thu Jan 01 1970 08:18:56 GMT+0800 (中国标准时间)
10:28:13.927 debug: Inspect cce:/internal/x/prerequisite-imports
10:28:13.931 debug: transform url: 'cce:/internal/x/prerequisite-imports' costs: 4.10 ms
10:28:13.932 debug: Resolve file:///Applications/Cocos/Creator/3.8.6/CocosCreator.app/Contents/Resources/resources/3d/engine/editor/assets/default_renderpipeline/builtin-dof-pass.ts from cce:/internal/x/prerequisite-imports as file:///Applications/Cocos/Creator/3.8.6/CocosCreator.app/Contents/Resources/resources/3d/engine/editor/assets/default_renderpipeline/builtin-dof-pass.ts.
10:28:13.932 debug: Resolve file:///Applications/Cocos/Creator/3.8.6/CocosCreator.app/Contents/Resources/resources/3d/engine/editor/assets/default_renderpipeline/builtin-pipeline-pass.ts from cce:/internal/x/prerequisite-imports as file:///Applications/Cocos/Creator/3.8.6/CocosCreator.app/Contents/Resources/resources/3d/engine/editor/assets/default_renderpipeline/builtin-pipeline-pass.ts.
10:28:13.932 debug: Resolve file:///Applications/Cocos/Creator/3.8.6/CocosCreator.app/Contents/Resources/resources/3d/engine/editor/assets/default_renderpipeline/builtin-pipeline-settings.ts from cce:/internal/x/prerequisite-imports as file:///Applications/Cocos/Creator/3.8.6/CocosCreator.app/Contents/Resources/resources/3d/engine/editor/assets/default_renderpipeline/builtin-pipeline-settings.ts.
10:28:13.932 debug: Resolve file:///Applications/Cocos/Creator/3.8.6/CocosCreator.app/Contents/Resources/resources/3d/engine/editor/assets/default_renderpipeline/builtin-pipeline-types.ts from cce:/internal/x/prerequisite-imports as file:///Applications/Cocos/Creator/3.8.6/CocosCreator.app/Contents/Resources/resources/3d/engine/editor/assets/default_renderpipeline/builtin-pipeline-types.ts.
10:28:13.932 debug: Resolve file:///Applications/Cocos/Creator/3.8.6/CocosCreator.app/Contents/Resources/resources/3d/engine/editor/assets/default_renderpipeline/builtin-pipeline.ts from cce:/internal/x/prerequisite-imports as file:///Applications/Cocos/Creator/3.8.6/CocosCreator.app/Contents/Resources/resources/3d/engine/editor/assets/default_renderpipeline/builtin-pipeline.ts.
10:28:13.932 debug: Resolve file:///Applications/Cocos/Creator/3.8.6/CocosCreator.app/Contents/Resources/resources/3d/engine/editor/assets/tools/debug-view-runtime-control.ts from cce:/internal/x/prerequisite-imports as file:///Applications/Cocos/Creator/3.8.6/CocosCreator.app/Contents/Resources/resources/3d/engine/editor/assets/tools/debug-view-runtime-control.ts.
10:28:13.932 debug: Resolve file:///Users/zhao/Desktop/test/cocos-creator/JumpingBlock/assets/Scripts/GameManager.ts from cce:/internal/x/prerequisite-imports as file:///Users/zhao/Desktop/test/cocos-creator/JumpingBlock/assets/Scripts/GameManager.ts.
10:28:13.932 debug: Detected change: file:///Users/zhao/Desktop/test/cocos-creator/JumpingBlock/assets/Scripts/GameManager.ts. Last mtime: Mon Jun 23 2025 10:27:42 GMT+0800 (中国标准时间)@b7ecf2fa-f64b-4a42-bd11-5e1c47ed60a4, Current mtime: Mon Jun 23 2025 10:28:11 GMT+0800 (中国标准时间)@b7ecf2fa-f64b-4a42-bd11-5e1c47ed60a4
10:28:13.932 debug: Inspect file:///Users/zhao/Desktop/test/cocos-creator/JumpingBlock/assets/Scripts/GameManager.ts
10:28:13.945 debug: transform url: 'file:///Users/zhao/Desktop/test/cocos-creator/JumpingBlock/assets/Scripts/GameManager.ts' costs: 13.00 ms
10:28:13.946 debug: Resolve cc from file:///Users/zhao/Desktop/test/cocos-creator/JumpingBlock/assets/Scripts/GameManager.ts as cce:/internal/x/cc.
10:28:13.947 debug: Resolve cc from file:///Users/zhao/Desktop/test/cocos-creator/JumpingBlock/assets/Scripts/GameManager.ts as cce:/internal/x/cc.
10:28:13.947 debug: Resolve cc from file:///Users/zhao/Desktop/test/cocos-creator/JumpingBlock/assets/Scripts/GameManager.ts as cce:/internal/x/cc.
10:28:13.950 debug: Target(preview) ends with cost 24.056749999988824ms.
10:28:48.167 debug: Dispatch build request for time accumulated 1 asset changes.
10:28:48.167 debug: Build iteration starts.
Number of accumulated asset changes: 1
Feature changed: false
10:28:48.168 debug: Target(editor) build started.
10:28:48.168 debug: Detected change: cce:/internal/x/prerequisite-imports. Last mtime: Thu Jan 01 1970 08:18:56 GMT+0800 (中国标准时间), Current mtime: Thu Jan 01 1970 08:19:30 GMT+0800 (中国标准时间)
10:28:48.168 debug: Inspect cce:/internal/x/prerequisite-imports
10:28:48.172 debug: transform url: 'cce:/internal/x/prerequisite-imports' costs: 3.20 ms
10:28:48.172 debug: Resolve file:///Applications/Cocos/Creator/3.8.6/CocosCreator.app/Contents/Resources/resources/3d/engine/editor/assets/default_renderpipeline/builtin-dof-pass.ts from cce:/internal/x/prerequisite-imports as file:///Applications/Cocos/Creator/3.8.6/CocosCreator.app/Contents/Resources/resources/3d/engine/editor/assets/default_renderpipeline/builtin-dof-pass.ts.
10:28:48.172 debug: Resolve file:///Applications/Cocos/Creator/3.8.6/CocosCreator.app/Contents/Resources/resources/3d/engine/editor/assets/default_renderpipeline/builtin-pipeline-pass.ts from cce:/internal/x/prerequisite-imports as file:///Applications/Cocos/Creator/3.8.6/CocosCreator.app/Contents/Resources/resources/3d/engine/editor/assets/default_renderpipeline/builtin-pipeline-pass.ts.
10:28:48.172 debug: Resolve file:///Applications/Cocos/Creator/3.8.6/CocosCreator.app/Contents/Resources/resources/3d/engine/editor/assets/default_renderpipeline/builtin-pipeline-settings.ts from cce:/internal/x/prerequisite-imports as file:///Applications/Cocos/Creator/3.8.6/CocosCreator.app/Contents/Resources/resources/3d/engine/editor/assets/default_renderpipeline/builtin-pipeline-settings.ts.
10:28:48.172 debug: Resolve file:///Applications/Cocos/Creator/3.8.6/CocosCreator.app/Contents/Resources/resources/3d/engine/editor/assets/default_renderpipeline/builtin-pipeline-types.ts from cce:/internal/x/prerequisite-imports as file:///Applications/Cocos/Creator/3.8.6/CocosCreator.app/Contents/Resources/resources/3d/engine/editor/assets/default_renderpipeline/builtin-pipeline-types.ts.
10:28:48.172 debug: Resolve file:///Applications/Cocos/Creator/3.8.6/CocosCreator.app/Contents/Resources/resources/3d/engine/editor/assets/default_renderpipeline/builtin-pipeline.ts from cce:/internal/x/prerequisite-imports as file:///Applications/Cocos/Creator/3.8.6/CocosCreator.app/Contents/Resources/resources/3d/engine/editor/assets/default_renderpipeline/builtin-pipeline.ts.
10:28:48.172 debug: Resolve file:///Applications/Cocos/Creator/3.8.6/CocosCreator.app/Contents/Resources/resources/3d/engine/editor/assets/tools/debug-view-runtime-control.ts from cce:/internal/x/prerequisite-imports as file:///Applications/Cocos/Creator/3.8.6/CocosCreator.app/Contents/Resources/resources/3d/engine/editor/assets/tools/debug-view-runtime-control.ts.
10:28:48.172 debug: Resolve file:///Users/zhao/Desktop/test/cocos-creator/JumpingBlock/assets/Scripts/GameManager.ts from cce:/internal/x/prerequisite-imports as file:///Users/zhao/Desktop/test/cocos-creator/JumpingBlock/assets/Scripts/GameManager.ts.
10:28:48.172 debug: Detected change: file:///Users/zhao/Desktop/test/cocos-creator/JumpingBlock/assets/Scripts/GameManager.ts. Last mtime: Mon Jun 23 2025 10:28:11 GMT+0800 (中国标准时间)@b7ecf2fa-f64b-4a42-bd11-5e1c47ed60a4, Current mtime: Mon Jun 23 2025 10:28:23 GMT+0800 (中国标准时间)@b7ecf2fa-f64b-4a42-bd11-5e1c47ed60a4
10:28:48.172 debug: Inspect file:///Users/zhao/Desktop/test/cocos-creator/JumpingBlock/assets/Scripts/GameManager.ts
10:28:48.180 debug: transform url: 'file:///Users/zhao/Desktop/test/cocos-creator/JumpingBlock/assets/Scripts/GameManager.ts' costs: 7.90 ms
10:28:48.181 debug: Resolve cc from file:///Users/zhao/Desktop/test/cocos-creator/JumpingBlock/assets/Scripts/GameManager.ts as cce:/internal/x/cc.
10:28:48.181 debug: Resolve cc from file:///Users/zhao/Desktop/test/cocos-creator/JumpingBlock/assets/Scripts/GameManager.ts as cce:/internal/x/cc.
10:28:48.181 debug: Resolve cc from file:///Users/zhao/Desktop/test/cocos-creator/JumpingBlock/assets/Scripts/GameManager.ts as cce:/internal/x/cc.
10:28:48.183 debug: Target(editor) ends with cost 15.209458000026643ms.
10:28:48.183 debug: Target(preview) build started.
10:28:48.183 debug: Detected change: cce:/internal/x/prerequisite-imports. Last mtime: Thu Jan 01 1970 08:18:56 GMT+0800 (中国标准时间), Current mtime: Thu Jan 01 1970 08:19:30 GMT+0800 (中国标准时间)
10:28:48.183 debug: Inspect cce:/internal/x/prerequisite-imports
10:28:48.188 debug: transform url: 'cce:/internal/x/prerequisite-imports' costs: 4.70 ms
10:28:48.188 debug: Resolve file:///Applications/Cocos/Creator/3.8.6/CocosCreator.app/Contents/Resources/resources/3d/engine/editor/assets/default_renderpipeline/builtin-dof-pass.ts from cce:/internal/x/prerequisite-imports as file:///Applications/Cocos/Creator/3.8.6/CocosCreator.app/Contents/Resources/resources/3d/engine/editor/assets/default_renderpipeline/builtin-dof-pass.ts.
10:28:48.188 debug: Resolve file:///Applications/Cocos/Creator/3.8.6/CocosCreator.app/Contents/Resources/resources/3d/engine/editor/assets/default_renderpipeline/builtin-pipeline-pass.ts from cce:/internal/x/prerequisite-imports as file:///Applications/Cocos/Creator/3.8.6/CocosCreator.app/Contents/Resources/resources/3d/engine/editor/assets/default_renderpipeline/builtin-pipeline-pass.ts.
10:28:48.188 debug: Resolve file:///Applications/Cocos/Creator/3.8.6/CocosCreator.app/Contents/Resources/resources/3d/engine/editor/assets/default_renderpipeline/builtin-pipeline-settings.ts from cce:/internal/x/prerequisite-imports as file:///Applications/Cocos/Creator/3.8.6/CocosCreator.app/Contents/Resources/resources/3d/engine/editor/assets/default_renderpipeline/builtin-pipeline-settings.ts.
10:28:48.189 debug: Resolve file:///Applications/Cocos/Creator/3.8.6/CocosCreator.app/Contents/Resources/resources/3d/engine/editor/assets/default_renderpipeline/builtin-pipeline-types.ts from cce:/internal/x/prerequisite-imports as file:///Applications/Cocos/Creator/3.8.6/CocosCreator.app/Contents/Resources/resources/3d/engine/editor/assets/default_renderpipeline/builtin-pipeline-types.ts.
10:28:48.189 debug: Resolve file:///Applications/Cocos/Creator/3.8.6/CocosCreator.app/Contents/Resources/resources/3d/engine/editor/assets/default_renderpipeline/builtin-pipeline.ts from cce:/internal/x/prerequisite-imports as file:///Applications/Cocos/Creator/3.8.6/CocosCreator.app/Contents/Resources/resources/3d/engine/editor/assets/default_renderpipeline/builtin-pipeline.ts.
10:28:48.189 debug: Resolve file:///Applications/Cocos/Creator/3.8.6/CocosCreator.app/Contents/Resources/resources/3d/engine/editor/assets/tools/debug-view-runtime-control.ts from cce:/internal/x/prerequisite-imports as file:///Applications/Cocos/Creator/3.8.6/CocosCreator.app/Contents/Resources/resources/3d/engine/editor/assets/tools/debug-view-runtime-control.ts.
10:28:48.189 debug: Resolve file:///Users/zhao/Desktop/test/cocos-creator/JumpingBlock/assets/Scripts/GameManager.ts from cce:/internal/x/prerequisite-imports as file:///Users/zhao/Desktop/test/cocos-creator/JumpingBlock/assets/Scripts/GameManager.ts.
10:28:48.189 debug: Detected change: file:///Users/zhao/Desktop/test/cocos-creator/JumpingBlock/assets/Scripts/GameManager.ts. Last mtime: Mon Jun 23 2025 10:28:11 GMT+0800 (中国标准时间)@b7ecf2fa-f64b-4a42-bd11-5e1c47ed60a4, Current mtime: Mon Jun 23 2025 10:28:23 GMT+0800 (中国标准时间)@b7ecf2fa-f64b-4a42-bd11-5e1c47ed60a4
10:28:48.189 debug: Inspect file:///Users/zhao/Desktop/test/cocos-creator/JumpingBlock/assets/Scripts/GameManager.ts
10:28:48.200 debug: transform url: 'file:///Users/zhao/Desktop/test/cocos-creator/JumpingBlock/assets/Scripts/GameManager.ts' costs: 10.80 ms
10:28:48.200 debug: Resolve cc from file:///Users/zhao/Desktop/test/cocos-creator/JumpingBlock/assets/Scripts/GameManager.ts as cce:/internal/x/cc.
10:28:48.200 debug: Resolve cc from file:///Users/zhao/Desktop/test/cocos-creator/JumpingBlock/assets/Scripts/GameManager.ts as cce:/internal/x/cc.
10:28:48.200 debug: Resolve cc from file:///Users/zhao/Desktop/test/cocos-creator/JumpingBlock/assets/Scripts/GameManager.ts as cce:/internal/x/cc.
10:28:48.203 debug: Target(preview) ends with cost 19.812165999785066ms.
10:31:53.082 debug: Dispatch build request for time accumulated 1 asset changes.
10:31:53.083 debug: Build iteration starts.
Number of accumulated asset changes: 1
Feature changed: false
10:31:53.083 debug: Target(editor) build started.
10:31:53.084 debug: Detected change: cce:/internal/x/prerequisite-imports. Last mtime: Thu Jan 01 1970 08:19:30 GMT+0800 (中国标准时间), Current mtime: Thu Jan 01 1970 08:22:35 GMT+0800 (中国标准时间)
10:31:53.084 debug: Inspect cce:/internal/x/prerequisite-imports
10:31:53.088 debug: transform url: 'cce:/internal/x/prerequisite-imports' costs: 3.70 ms
10:31:53.089 debug: Resolve file:///Applications/Cocos/Creator/3.8.6/CocosCreator.app/Contents/Resources/resources/3d/engine/editor/assets/default_renderpipeline/builtin-dof-pass.ts from cce:/internal/x/prerequisite-imports as file:///Applications/Cocos/Creator/3.8.6/CocosCreator.app/Contents/Resources/resources/3d/engine/editor/assets/default_renderpipeline/builtin-dof-pass.ts.
10:31:53.089 debug: Resolve file:///Applications/Cocos/Creator/3.8.6/CocosCreator.app/Contents/Resources/resources/3d/engine/editor/assets/default_renderpipeline/builtin-pipeline-pass.ts from cce:/internal/x/prerequisite-imports as file:///Applications/Cocos/Creator/3.8.6/CocosCreator.app/Contents/Resources/resources/3d/engine/editor/assets/default_renderpipeline/builtin-pipeline-pass.ts.
10:31:53.089 debug: Resolve file:///Applications/Cocos/Creator/3.8.6/CocosCreator.app/Contents/Resources/resources/3d/engine/editor/assets/default_renderpipeline/builtin-pipeline-settings.ts from cce:/internal/x/prerequisite-imports as file:///Applications/Cocos/Creator/3.8.6/CocosCreator.app/Contents/Resources/resources/3d/engine/editor/assets/default_renderpipeline/builtin-pipeline-settings.ts.
10:31:53.089 debug: Resolve file:///Applications/Cocos/Creator/3.8.6/CocosCreator.app/Contents/Resources/resources/3d/engine/editor/assets/default_renderpipeline/builtin-pipeline-types.ts from cce:/internal/x/prerequisite-imports as file:///Applications/Cocos/Creator/3.8.6/CocosCreator.app/Contents/Resources/resources/3d/engine/editor/assets/default_renderpipeline/builtin-pipeline-types.ts.
10:31:53.089 debug: Resolve file:///Applications/Cocos/Creator/3.8.6/CocosCreator.app/Contents/Resources/resources/3d/engine/editor/assets/default_renderpipeline/builtin-pipeline.ts from cce:/internal/x/prerequisite-imports as file:///Applications/Cocos/Creator/3.8.6/CocosCreator.app/Contents/Resources/resources/3d/engine/editor/assets/default_renderpipeline/builtin-pipeline.ts.
10:31:53.089 debug: Resolve file:///Applications/Cocos/Creator/3.8.6/CocosCreator.app/Contents/Resources/resources/3d/engine/editor/assets/tools/debug-view-runtime-control.ts from cce:/internal/x/prerequisite-imports as file:///Applications/Cocos/Creator/3.8.6/CocosCreator.app/Contents/Resources/resources/3d/engine/editor/assets/tools/debug-view-runtime-control.ts.
10:31:53.089 debug: Resolve file:///Users/zhao/Desktop/test/cocos-creator/JumpingBlock/assets/Scripts/GameManager.ts from cce:/internal/x/prerequisite-imports as file:///Users/zhao/Desktop/test/cocos-creator/JumpingBlock/assets/Scripts/GameManager.ts.
10:31:53.089 debug: Detected change: file:///Users/zhao/Desktop/test/cocos-creator/JumpingBlock/assets/Scripts/GameManager.ts. Last mtime: Mon Jun 23 2025 10:28:23 GMT+0800 (中国标准时间)@b7ecf2fa-f64b-4a42-bd11-5e1c47ed60a4, Current mtime: Mon Jun 23 2025 10:31:51 GMT+0800 (中国标准时间)@b7ecf2fa-f64b-4a42-bd11-5e1c47ed60a4
10:31:53.089 debug: Inspect file:///Users/zhao/Desktop/test/cocos-creator/JumpingBlock/assets/Scripts/GameManager.ts
10:31:53.098 debug: transform url: 'file:///Users/zhao/Desktop/test/cocos-creator/JumpingBlock/assets/Scripts/GameManager.ts' costs: 8.60 ms
10:31:53.098 debug: Resolve cc from file:///Users/zhao/Desktop/test/cocos-creator/JumpingBlock/assets/Scripts/GameManager.ts as cce:/internal/x/cc.
10:31:53.098 debug: Resolve cc from file:///Users/zhao/Desktop/test/cocos-creator/JumpingBlock/assets/Scripts/GameManager.ts as cce:/internal/x/cc.
10:31:53.098 debug: Resolve cc from file:///Users/zhao/Desktop/test/cocos-creator/JumpingBlock/assets/Scripts/GameManager.ts as cce:/internal/x/cc.
10:31:53.101 debug: Target(editor) ends with cost 17.568334000185132ms.
10:31:53.101 debug: Target(preview) build started.
10:31:53.101 debug: Detected change: cce:/internal/x/prerequisite-imports. Last mtime: Thu Jan 01 1970 08:19:30 GMT+0800 (中国标准时间), Current mtime: Thu Jan 01 1970 08:22:35 GMT+0800 (中国标准时间)
10:31:53.101 debug: Inspect cce:/internal/x/prerequisite-imports
10:31:53.105 debug: transform url: 'cce:/internal/x/prerequisite-imports' costs: 3.90 ms
10:31:53.106 debug: Resolve file:///Applications/Cocos/Creator/3.8.6/CocosCreator.app/Contents/Resources/resources/3d/engine/editor/assets/default_renderpipeline/builtin-dof-pass.ts from cce:/internal/x/prerequisite-imports as file:///Applications/Cocos/Creator/3.8.6/CocosCreator.app/Contents/Resources/resources/3d/engine/editor/assets/default_renderpipeline/builtin-dof-pass.ts.
10:31:53.106 debug: Resolve file:///Applications/Cocos/Creator/3.8.6/CocosCreator.app/Contents/Resources/resources/3d/engine/editor/assets/default_renderpipeline/builtin-pipeline-pass.ts from cce:/internal/x/prerequisite-imports as file:///Applications/Cocos/Creator/3.8.6/CocosCreator.app/Contents/Resources/resources/3d/engine/editor/assets/default_renderpipeline/builtin-pipeline-pass.ts.
10:31:53.106 debug: Resolve file:///Applications/Cocos/Creator/3.8.6/CocosCreator.app/Contents/Resources/resources/3d/engine/editor/assets/default_renderpipeline/builtin-pipeline-settings.ts from cce:/internal/x/prerequisite-imports as file:///Applications/Cocos/Creator/3.8.6/CocosCreator.app/Contents/Resources/resources/3d/engine/editor/assets/default_renderpipeline/builtin-pipeline-settings.ts.
10:31:53.106 debug: Resolve file:///Applications/Cocos/Creator/3.8.6/CocosCreator.app/Contents/Resources/resources/3d/engine/editor/assets/default_renderpipeline/builtin-pipeline-types.ts from cce:/internal/x/prerequisite-imports as file:///Applications/Cocos/Creator/3.8.6/CocosCreator.app/Contents/Resources/resources/3d/engine/editor/assets/default_renderpipeline/builtin-pipeline-types.ts.
10:31:53.106 debug: Resolve file:///Applications/Cocos/Creator/3.8.6/CocosCreator.app/Contents/Resources/resources/3d/engine/editor/assets/default_renderpipeline/builtin-pipeline.ts from cce:/internal/x/prerequisite-imports as file:///Applications/Cocos/Creator/3.8.6/CocosCreator.app/Contents/Resources/resources/3d/engine/editor/assets/default_renderpipeline/builtin-pipeline.ts.
10:31:53.106 debug: Resolve file:///Applications/Cocos/Creator/3.8.6/CocosCreator.app/Contents/Resources/resources/3d/engine/editor/assets/tools/debug-view-runtime-control.ts from cce:/internal/x/prerequisite-imports as file:///Applications/Cocos/Creator/3.8.6/CocosCreator.app/Contents/Resources/resources/3d/engine/editor/assets/tools/debug-view-runtime-control.ts.
10:31:53.106 debug: Resolve file:///Users/zhao/Desktop/test/cocos-creator/JumpingBlock/assets/Scripts/GameManager.ts from cce:/internal/x/prerequisite-imports as file:///Users/zhao/Desktop/test/cocos-creator/JumpingBlock/assets/Scripts/GameManager.ts.
10:31:53.107 debug: Detected change: file:///Users/zhao/Desktop/test/cocos-creator/JumpingBlock/assets/Scripts/GameManager.ts. Last mtime: Mon Jun 23 2025 10:28:23 GMT+0800 (中国标准时间)@b7ecf2fa-f64b-4a42-bd11-5e1c47ed60a4, Current mtime: Mon Jun 23 2025 10:31:51 GMT+0800 (中国标准时间)@b7ecf2fa-f64b-4a42-bd11-5e1c47ed60a4
10:31:53.107 debug: Inspect file:///Users/zhao/Desktop/test/cocos-creator/JumpingBlock/assets/Scripts/GameManager.ts
10:31:53.119 debug: transform url: 'file:///Users/zhao/Desktop/test/cocos-creator/JumpingBlock/assets/Scripts/GameManager.ts' costs: 12.40 ms
10:31:53.120 debug: Resolve cc from file:///Users/zhao/Desktop/test/cocos-creator/JumpingBlock/assets/Scripts/GameManager.ts as cce:/internal/x/cc.
10:31:53.120 debug: Resolve cc from file:///Users/zhao/Desktop/test/cocos-creator/JumpingBlock/assets/Scripts/GameManager.ts as cce:/internal/x/cc.
10:31:53.120 debug: Resolve cc from file:///Users/zhao/Desktop/test/cocos-creator/JumpingBlock/assets/Scripts/GameManager.ts as cce:/internal/x/cc.
10:31:53.124 debug: Target(preview) ends with cost 22.76645900006406ms.
10:35:02.158 debug: Dispatch build request for time accumulated 1 asset changes.
10:35:02.160 debug: Build iteration starts.
Number of accumulated asset changes: 1
Feature changed: false
10:35:02.160 debug: Target(editor) build started.
10:35:02.161 debug: Detected change: cce:/internal/x/prerequisite-imports. Last mtime: Thu Jan 01 1970 08:22:35 GMT+0800 (中国标准时间), Current mtime: Thu Jan 01 1970 08:25:44 GMT+0800 (中国标准时间)
10:35:02.161 debug: Inspect cce:/internal/x/prerequisite-imports
10:35:02.168 debug: transform url: 'cce:/internal/x/prerequisite-imports' costs: 7.10 ms
10:35:02.169 debug: Resolve file:///Applications/Cocos/Creator/3.8.6/CocosCreator.app/Contents/Resources/resources/3d/engine/editor/assets/default_renderpipeline/builtin-dof-pass.ts from cce:/internal/x/prerequisite-imports as file:///Applications/Cocos/Creator/3.8.6/CocosCreator.app/Contents/Resources/resources/3d/engine/editor/assets/default_renderpipeline/builtin-dof-pass.ts.
10:35:02.169 debug: Resolve file:///Applications/Cocos/Creator/3.8.6/CocosCreator.app/Contents/Resources/resources/3d/engine/editor/assets/default_renderpipeline/builtin-pipeline-pass.ts from cce:/internal/x/prerequisite-imports as file:///Applications/Cocos/Creator/3.8.6/CocosCreator.app/Contents/Resources/resources/3d/engine/editor/assets/default_renderpipeline/builtin-pipeline-pass.ts.
10:35:02.169 debug: Resolve file:///Applications/Cocos/Creator/3.8.6/CocosCreator.app/Contents/Resources/resources/3d/engine/editor/assets/default_renderpipeline/builtin-pipeline-settings.ts from cce:/internal/x/prerequisite-imports as file:///Applications/Cocos/Creator/3.8.6/CocosCreator.app/Contents/Resources/resources/3d/engine/editor/assets/default_renderpipeline/builtin-pipeline-settings.ts.
10:35:02.170 debug: Resolve file:///Applications/Cocos/Creator/3.8.6/CocosCreator.app/Contents/Resources/resources/3d/engine/editor/assets/default_renderpipeline/builtin-pipeline-types.ts from cce:/internal/x/prerequisite-imports as file:///Applications/Cocos/Creator/3.8.6/CocosCreator.app/Contents/Resources/resources/3d/engine/editor/assets/default_renderpipeline/builtin-pipeline-types.ts.
10:35:02.170 debug: Resolve file:///Applications/Cocos/Creator/3.8.6/CocosCreator.app/Contents/Resources/resources/3d/engine/editor/assets/default_renderpipeline/builtin-pipeline.ts from cce:/internal/x/prerequisite-imports as file:///Applications/Cocos/Creator/3.8.6/CocosCreator.app/Contents/Resources/resources/3d/engine/editor/assets/default_renderpipeline/builtin-pipeline.ts.
10:35:02.170 debug: Resolve file:///Applications/Cocos/Creator/3.8.6/CocosCreator.app/Contents/Resources/resources/3d/engine/editor/assets/tools/debug-view-runtime-control.ts from cce:/internal/x/prerequisite-imports as file:///Applications/Cocos/Creator/3.8.6/CocosCreator.app/Contents/Resources/resources/3d/engine/editor/assets/tools/debug-view-runtime-control.ts.
10:35:02.170 debug: Resolve file:///Users/zhao/Desktop/test/cocos-creator/JumpingBlock/assets/Scripts/GameManager.ts from cce:/internal/x/prerequisite-imports as file:///Users/zhao/Desktop/test/cocos-creator/JumpingBlock/assets/Scripts/GameManager.ts.
10:35:02.170 debug: Detected change: file:///Users/zhao/Desktop/test/cocos-creator/JumpingBlock/assets/Scripts/GameManager.ts. Last mtime: Mon Jun 23 2025 10:31:51 GMT+0800 (中国标准时间)@b7ecf2fa-f64b-4a42-bd11-5e1c47ed60a4, Current mtime: Mon Jun 23 2025 10:35:00 GMT+0800 (中国标准时间)@b7ecf2fa-f64b-4a42-bd11-5e1c47ed60a4
10:35:02.170 debug: Inspect file:///Users/zhao/Desktop/test/cocos-creator/JumpingBlock/assets/Scripts/GameManager.ts
10:35:02.181 debug: transform url: 'file:///Users/zhao/Desktop/test/cocos-creator/JumpingBlock/assets/Scripts/GameManager.ts' costs: 10.70 ms
10:35:02.181 debug: Resolve cc from file:///Users/zhao/Desktop/test/cocos-creator/JumpingBlock/assets/Scripts/GameManager.ts as cce:/internal/x/cc.
10:35:02.181 debug: Resolve cc from file:///Users/zhao/Desktop/test/cocos-creator/JumpingBlock/assets/Scripts/GameManager.ts as cce:/internal/x/cc.
10:35:02.181 debug: Resolve cc from file:///Users/zhao/Desktop/test/cocos-creator/JumpingBlock/assets/Scripts/GameManager.ts as cce:/internal/x/cc.
10:35:02.188 debug: Target(editor) ends with cost 28.3255829999689ms.
10:35:02.188 debug: Target(preview) build started.
10:35:02.200 debug: Detected change: cce:/internal/x/prerequisite-imports. Last mtime: Thu Jan 01 1970 08:22:35 GMT+0800 (中国标准时间), Current mtime: Thu Jan 01 1970 08:25:44 GMT+0800 (中国标准时间)
10:35:02.200 debug: Inspect cce:/internal/x/prerequisite-imports
10:35:02.205 debug: transform url: 'cce:/internal/x/prerequisite-imports' costs: 5.20 ms
10:35:02.206 debug: Resolve file:///Applications/Cocos/Creator/3.8.6/CocosCreator.app/Contents/Resources/resources/3d/engine/editor/assets/default_renderpipeline/builtin-dof-pass.ts from cce:/internal/x/prerequisite-imports as file:///Applications/Cocos/Creator/3.8.6/CocosCreator.app/Contents/Resources/resources/3d/engine/editor/assets/default_renderpipeline/builtin-dof-pass.ts.
10:35:02.206 debug: Resolve file:///Applications/Cocos/Creator/3.8.6/CocosCreator.app/Contents/Resources/resources/3d/engine/editor/assets/default_renderpipeline/builtin-pipeline-pass.ts from cce:/internal/x/prerequisite-imports as file:///Applications/Cocos/Creator/3.8.6/CocosCreator.app/Contents/Resources/resources/3d/engine/editor/assets/default_renderpipeline/builtin-pipeline-pass.ts.
10:35:02.207 debug: Resolve file:///Applications/Cocos/Creator/3.8.6/CocosCreator.app/Contents/Resources/resources/3d/engine/editor/assets/default_renderpipeline/builtin-pipeline-settings.ts from cce:/internal/x/prerequisite-imports as file:///Applications/Cocos/Creator/3.8.6/CocosCreator.app/Contents/Resources/resources/3d/engine/editor/assets/default_renderpipeline/builtin-pipeline-settings.ts.
10:35:02.207 debug: Resolve file:///Applications/Cocos/Creator/3.8.6/CocosCreator.app/Contents/Resources/resources/3d/engine/editor/assets/default_renderpipeline/builtin-pipeline-types.ts from cce:/internal/x/prerequisite-imports as file:///Applications/Cocos/Creator/3.8.6/CocosCreator.app/Contents/Resources/resources/3d/engine/editor/assets/default_renderpipeline/builtin-pipeline-types.ts.
10:35:02.207 debug: Resolve file:///Applications/Cocos/Creator/3.8.6/CocosCreator.app/Contents/Resources/resources/3d/engine/editor/assets/default_renderpipeline/builtin-pipeline.ts from cce:/internal/x/prerequisite-imports as file:///Applications/Cocos/Creator/3.8.6/CocosCreator.app/Contents/Resources/resources/3d/engine/editor/assets/default_renderpipeline/builtin-pipeline.ts.
10:35:02.207 debug: Resolve file:///Applications/Cocos/Creator/3.8.6/CocosCreator.app/Contents/Resources/resources/3d/engine/editor/assets/tools/debug-view-runtime-control.ts from cce:/internal/x/prerequisite-imports as file:///Applications/Cocos/Creator/3.8.6/CocosCreator.app/Contents/Resources/resources/3d/engine/editor/assets/tools/debug-view-runtime-control.ts.
10:35:02.207 debug: Resolve file:///Users/zhao/Desktop/test/cocos-creator/JumpingBlock/assets/Scripts/GameManager.ts from cce:/internal/x/prerequisite-imports as file:///Users/zhao/Desktop/test/cocos-creator/JumpingBlock/assets/Scripts/GameManager.ts.
10:35:02.207 debug: Detected change: file:///Users/zhao/Desktop/test/cocos-creator/JumpingBlock/assets/Scripts/GameManager.ts. Last mtime: Mon Jun 23 2025 10:31:51 GMT+0800 (中国标准时间)@b7ecf2fa-f64b-4a42-bd11-5e1c47ed60a4, Current mtime: Mon Jun 23 2025 10:35:00 GMT+0800 (中国标准时间)@b7ecf2fa-f64b-4a42-bd11-5e1c47ed60a4
10:35:02.207 debug: Inspect file:///Users/zhao/Desktop/test/cocos-creator/JumpingBlock/assets/Scripts/GameManager.ts
10:35:02.225 debug: transform url: 'file:///Users/zhao/Desktop/test/cocos-creator/JumpingBlock/assets/Scripts/GameManager.ts' costs: 17.90 ms
10:35:02.225 debug: Resolve cc from file:///Users/zhao/Desktop/test/cocos-creator/JumpingBlock/assets/Scripts/GameManager.ts as cce:/internal/x/cc.
10:35:02.225 debug: Resolve cc from file:///Users/zhao/Desktop/test/cocos-creator/JumpingBlock/assets/Scripts/GameManager.ts as cce:/internal/x/cc.
10:35:02.225 debug: Resolve cc from file:///Users/zhao/Desktop/test/cocos-creator/JumpingBlock/assets/Scripts/GameManager.ts as cce:/internal/x/cc.
10:35:02.235 debug: Target(preview) ends with cost 46.719500000122935ms.
10:35:16.804 debug: Dispatch build request for time accumulated 1 asset changes.
10:35:16.805 debug: Build iteration starts.
Number of accumulated asset changes: 1
Feature changed: false
10:35:16.805 debug: Target(editor) build started.
10:35:16.806 debug: Detected change: cce:/internal/x/prerequisite-imports. Last mtime: Thu Jan 01 1970 08:25:44 GMT+0800 (中国标准时间), Current mtime: Thu Jan 01 1970 08:25:59 GMT+0800 (中国标准时间)
10:35:16.806 debug: Inspect cce:/internal/x/prerequisite-imports
10:35:16.813 debug: transform url: 'cce:/internal/x/prerequisite-imports' costs: 6.40 ms
10:35:16.813 debug: Resolve file:///Applications/Cocos/Creator/3.8.6/CocosCreator.app/Contents/Resources/resources/3d/engine/editor/assets/default_renderpipeline/builtin-dof-pass.ts from cce:/internal/x/prerequisite-imports as file:///Applications/Cocos/Creator/3.8.6/CocosCreator.app/Contents/Resources/resources/3d/engine/editor/assets/default_renderpipeline/builtin-dof-pass.ts.
10:35:16.813 debug: Resolve file:///Applications/Cocos/Creator/3.8.6/CocosCreator.app/Contents/Resources/resources/3d/engine/editor/assets/default_renderpipeline/builtin-pipeline-pass.ts from cce:/internal/x/prerequisite-imports as file:///Applications/Cocos/Creator/3.8.6/CocosCreator.app/Contents/Resources/resources/3d/engine/editor/assets/default_renderpipeline/builtin-pipeline-pass.ts.
10:35:16.813 debug: Resolve file:///Applications/Cocos/Creator/3.8.6/CocosCreator.app/Contents/Resources/resources/3d/engine/editor/assets/default_renderpipeline/builtin-pipeline-settings.ts from cce:/internal/x/prerequisite-imports as file:///Applications/Cocos/Creator/3.8.6/CocosCreator.app/Contents/Resources/resources/3d/engine/editor/assets/default_renderpipeline/builtin-pipeline-settings.ts.
10:35:16.813 debug: Resolve file:///Applications/Cocos/Creator/3.8.6/CocosCreator.app/Contents/Resources/resources/3d/engine/editor/assets/default_renderpipeline/builtin-pipeline-types.ts from cce:/internal/x/prerequisite-imports as file:///Applications/Cocos/Creator/3.8.6/CocosCreator.app/Contents/Resources/resources/3d/engine/editor/assets/default_renderpipeline/builtin-pipeline-types.ts.
10:35:16.813 debug: Resolve file:///Applications/Cocos/Creator/3.8.6/CocosCreator.app/Contents/Resources/resources/3d/engine/editor/assets/default_renderpipeline/builtin-pipeline.ts from cce:/internal/x/prerequisite-imports as file:///Applications/Cocos/Creator/3.8.6/CocosCreator.app/Contents/Resources/resources/3d/engine/editor/assets/default_renderpipeline/builtin-pipeline.ts.
10:35:16.814 debug: Resolve file:///Applications/Cocos/Creator/3.8.6/CocosCreator.app/Contents/Resources/resources/3d/engine/editor/assets/tools/debug-view-runtime-control.ts from cce:/internal/x/prerequisite-imports as file:///Applications/Cocos/Creator/3.8.6/CocosCreator.app/Contents/Resources/resources/3d/engine/editor/assets/tools/debug-view-runtime-control.ts.
10:35:16.814 debug: Resolve file:///Users/zhao/Desktop/test/cocos-creator/JumpingBlock/assets/Scripts/GameManager.ts from cce:/internal/x/prerequisite-imports as file:///Users/zhao/Desktop/test/cocos-creator/JumpingBlock/assets/Scripts/GameManager.ts.
10:35:16.814 debug: Detected change: file:///Users/zhao/Desktop/test/cocos-creator/JumpingBlock/assets/Scripts/GameManager.ts. Last mtime: Mon Jun 23 2025 10:35:00 GMT+0800 (中国标准时间)@b7ecf2fa-f64b-4a42-bd11-5e1c47ed60a4, Current mtime: Mon Jun 23 2025 10:35:14 GMT+0800 (中国标准时间)@b7ecf2fa-f64b-4a42-bd11-5e1c47ed60a4
10:35:16.814 debug: Inspect file:///Users/zhao/Desktop/test/cocos-creator/JumpingBlock/assets/Scripts/GameManager.ts
10:35:16.828 debug: transform url: 'file:///Users/zhao/Desktop/test/cocos-creator/JumpingBlock/assets/Scripts/GameManager.ts' costs: 14.40 ms
10:35:16.828 debug: Resolve cc from file:///Users/zhao/Desktop/test/cocos-creator/JumpingBlock/assets/Scripts/GameManager.ts as cce:/internal/x/cc.
10:35:16.828 debug: Resolve cc from file:///Users/zhao/Desktop/test/cocos-creator/JumpingBlock/assets/Scripts/GameManager.ts as cce:/internal/x/cc.
10:35:16.828 debug: Resolve cc from file:///Users/zhao/Desktop/test/cocos-creator/JumpingBlock/assets/Scripts/GameManager.ts as cce:/internal/x/cc.
10:35:16.830 debug: Target(editor) ends with cost 25.079124999931082ms.
10:35:16.830 debug: Target(preview) build started.
10:35:16.832 debug: Detected change: cce:/internal/x/prerequisite-imports. Last mtime: Thu Jan 01 1970 08:25:44 GMT+0800 (中国标准时间), Current mtime: Thu Jan 01 1970 08:25:59 GMT+0800 (中国标准时间)
10:35:16.832 debug: Inspect cce:/internal/x/prerequisite-imports
10:35:16.836 debug: transform url: 'cce:/internal/x/prerequisite-imports' costs: 4.00 ms
10:35:16.836 debug: Resolve file:///Applications/Cocos/Creator/3.8.6/CocosCreator.app/Contents/Resources/resources/3d/engine/editor/assets/default_renderpipeline/builtin-dof-pass.ts from cce:/internal/x/prerequisite-imports as file:///Applications/Cocos/Creator/3.8.6/CocosCreator.app/Contents/Resources/resources/3d/engine/editor/assets/default_renderpipeline/builtin-dof-pass.ts.
10:35:16.836 debug: Resolve file:///Applications/Cocos/Creator/3.8.6/CocosCreator.app/Contents/Resources/resources/3d/engine/editor/assets/default_renderpipeline/builtin-pipeline-pass.ts from cce:/internal/x/prerequisite-imports as file:///Applications/Cocos/Creator/3.8.6/CocosCreator.app/Contents/Resources/resources/3d/engine/editor/assets/default_renderpipeline/builtin-pipeline-pass.ts.
10:35:16.836 debug: Resolve file:///Applications/Cocos/Creator/3.8.6/CocosCreator.app/Contents/Resources/resources/3d/engine/editor/assets/default_renderpipeline/builtin-pipeline-settings.ts from cce:/internal/x/prerequisite-imports as file:///Applications/Cocos/Creator/3.8.6/CocosCreator.app/Contents/Resources/resources/3d/engine/editor/assets/default_renderpipeline/builtin-pipeline-settings.ts.
10:35:16.836 debug: Resolve file:///Applications/Cocos/Creator/3.8.6/CocosCreator.app/Contents/Resources/resources/3d/engine/editor/assets/default_renderpipeline/builtin-pipeline-types.ts from cce:/internal/x/prerequisite-imports as file:///Applications/Cocos/Creator/3.8.6/CocosCreator.app/Contents/Resources/resources/3d/engine/editor/assets/default_renderpipeline/builtin-pipeline-types.ts.
10:35:16.836 debug: Resolve file:///Applications/Cocos/Creator/3.8.6/CocosCreator.app/Contents/Resources/resources/3d/engine/editor/assets/default_renderpipeline/builtin-pipeline.ts from cce:/internal/x/prerequisite-imports as file:///Applications/Cocos/Creator/3.8.6/CocosCreator.app/Contents/Resources/resources/3d/engine/editor/assets/default_renderpipeline/builtin-pipeline.ts.
10:35:16.836 debug: Resolve file:///Applications/Cocos/Creator/3.8.6/CocosCreator.app/Contents/Resources/resources/3d/engine/editor/assets/tools/debug-view-runtime-control.ts from cce:/internal/x/prerequisite-imports as file:///Applications/Cocos/Creator/3.8.6/CocosCreator.app/Contents/Resources/resources/3d/engine/editor/assets/tools/debug-view-runtime-control.ts.
10:35:16.836 debug: Resolve file:///Users/zhao/Desktop/test/cocos-creator/JumpingBlock/assets/Scripts/GameManager.ts from cce:/internal/x/prerequisite-imports as file:///Users/zhao/Desktop/test/cocos-creator/JumpingBlock/assets/Scripts/GameManager.ts.
10:35:16.837 debug: Detected change: file:///Users/zhao/Desktop/test/cocos-creator/JumpingBlock/assets/Scripts/GameManager.ts. Last mtime: Mon Jun 23 2025 10:35:00 GMT+0800 (中国标准时间)@b7ecf2fa-f64b-4a42-bd11-5e1c47ed60a4, Current mtime: Mon Jun 23 2025 10:35:14 GMT+0800 (中国标准时间)@b7ecf2fa-f64b-4a42-bd11-5e1c47ed60a4
10:35:16.837 debug: Inspect file:///Users/zhao/Desktop/test/cocos-creator/JumpingBlock/assets/Scripts/GameManager.ts
10:35:16.852 debug: transform url: 'file:///Users/zhao/Desktop/test/cocos-creator/JumpingBlock/assets/Scripts/GameManager.ts' costs: 15.30 ms
10:35:16.853 debug: Resolve cc from file:///Users/zhao/Desktop/test/cocos-creator/JumpingBlock/assets/Scripts/GameManager.ts as cce:/internal/x/cc.
10:35:16.853 debug: Resolve cc from file:///Users/zhao/Desktop/test/cocos-creator/JumpingBlock/assets/Scripts/GameManager.ts as cce:/internal/x/cc.
10:35:16.853 debug: Resolve cc from file:///Users/zhao/Desktop/test/cocos-creator/JumpingBlock/assets/Scripts/GameManager.ts as cce:/internal/x/cc.
10:35:16.855 debug: Target(preview) ends with cost 24.45712499995716ms.
10:37:19.452 debug: Dispatch build request for time accumulated 1 asset changes.
10:37:19.454 debug: Build iteration starts.
Number of accumulated asset changes: 1
Feature changed: false
10:37:19.454 debug: Target(editor) build started.
10:37:19.455 debug: Detected change: cce:/internal/x/prerequisite-imports. Last mtime: Thu Jan 01 1970 08:25:59 GMT+0800 (中国标准时间), Current mtime: Thu Jan 01 1970 08:28:02 GMT+0800 (中国标准时间)
10:37:19.455 debug: Inspect cce:/internal/x/prerequisite-imports
10:37:19.461 debug: transform url: 'cce:/internal/x/prerequisite-imports' costs: 5.40 ms
10:37:19.461 debug: Resolve file:///Applications/Cocos/Creator/3.8.6/CocosCreator.app/Contents/Resources/resources/3d/engine/editor/assets/default_renderpipeline/builtin-dof-pass.ts from cce:/internal/x/prerequisite-imports as file:///Applications/Cocos/Creator/3.8.6/CocosCreator.app/Contents/Resources/resources/3d/engine/editor/assets/default_renderpipeline/builtin-dof-pass.ts.
10:37:19.461 debug: Resolve file:///Applications/Cocos/Creator/3.8.6/CocosCreator.app/Contents/Resources/resources/3d/engine/editor/assets/default_renderpipeline/builtin-pipeline-pass.ts from cce:/internal/x/prerequisite-imports as file:///Applications/Cocos/Creator/3.8.6/CocosCreator.app/Contents/Resources/resources/3d/engine/editor/assets/default_renderpipeline/builtin-pipeline-pass.ts.
10:37:19.461 debug: Resolve file:///Applications/Cocos/Creator/3.8.6/CocosCreator.app/Contents/Resources/resources/3d/engine/editor/assets/default_renderpipeline/builtin-pipeline-settings.ts from cce:/internal/x/prerequisite-imports as file:///Applications/Cocos/Creator/3.8.6/CocosCreator.app/Contents/Resources/resources/3d/engine/editor/assets/default_renderpipeline/builtin-pipeline-settings.ts.
10:37:19.461 debug: Resolve file:///Applications/Cocos/Creator/3.8.6/CocosCreator.app/Contents/Resources/resources/3d/engine/editor/assets/default_renderpipeline/builtin-pipeline-types.ts from cce:/internal/x/prerequisite-imports as file:///Applications/Cocos/Creator/3.8.6/CocosCreator.app/Contents/Resources/resources/3d/engine/editor/assets/default_renderpipeline/builtin-pipeline-types.ts.
10:37:19.461 debug: Resolve file:///Applications/Cocos/Creator/3.8.6/CocosCreator.app/Contents/Resources/resources/3d/engine/editor/assets/default_renderpipeline/builtin-pipeline.ts from cce:/internal/x/prerequisite-imports as file:///Applications/Cocos/Creator/3.8.6/CocosCreator.app/Contents/Resources/resources/3d/engine/editor/assets/default_renderpipeline/builtin-pipeline.ts.
10:37:19.461 debug: Resolve file:///Applications/Cocos/Creator/3.8.6/CocosCreator.app/Contents/Resources/resources/3d/engine/editor/assets/tools/debug-view-runtime-control.ts from cce:/internal/x/prerequisite-imports as file:///Applications/Cocos/Creator/3.8.6/CocosCreator.app/Contents/Resources/resources/3d/engine/editor/assets/tools/debug-view-runtime-control.ts.
10:37:19.461 debug: Resolve file:///Users/zhao/Desktop/test/cocos-creator/JumpingBlock/assets/Scripts/GameManager.ts from cce:/internal/x/prerequisite-imports as file:///Users/zhao/Desktop/test/cocos-creator/JumpingBlock/assets/Scripts/GameManager.ts.
10:37:19.461 debug: Resolve file:///Users/zhao/Desktop/test/cocos-creator/JumpingBlock/assets/Scripts/Player.ts from cce:/internal/x/prerequisite-imports as file:///Users/zhao/Desktop/test/cocos-creator/JumpingBlock/assets/Scripts/Player.ts.
10:37:19.461 debug: Inspect file:///Users/zhao/Desktop/test/cocos-creator/JumpingBlock/assets/Scripts/Player.ts
10:37:19.467 debug: transform url: 'file:///Users/zhao/Desktop/test/cocos-creator/JumpingBlock/assets/Scripts/Player.ts' costs: 5.10 ms
10:37:19.467 debug: Resolve cc from file:///Users/zhao/Desktop/test/cocos-creator/JumpingBlock/assets/Scripts/Player.ts as cce:/internal/x/cc.
10:37:19.467 debug: Resolve cc from file:///Users/zhao/Desktop/test/cocos-creator/JumpingBlock/assets/Scripts/Player.ts as cce:/internal/x/cc.
10:37:19.467 debug: Resolve cc from file:///Users/zhao/Desktop/test/cocos-creator/JumpingBlock/assets/Scripts/Player.ts as cce:/internal/x/cc.
10:37:19.469 debug: Target(editor) ends with cost 15.563499999931082ms.
10:37:19.470 debug: Target(preview) build started.
10:37:19.470 debug: Detected change: cce:/internal/x/prerequisite-imports. Last mtime: Thu Jan 01 1970 08:25:59 GMT+0800 (中国标准时间), Current mtime: Thu Jan 01 1970 08:28:02 GMT+0800 (中国标准时间)
10:37:19.470 debug: Inspect cce:/internal/x/prerequisite-imports
10:37:19.474 debug: transform url: 'cce:/internal/x/prerequisite-imports' costs: 3.20 ms
10:37:19.474 debug: Resolve file:///Applications/Cocos/Creator/3.8.6/CocosCreator.app/Contents/Resources/resources/3d/engine/editor/assets/default_renderpipeline/builtin-dof-pass.ts from cce:/internal/x/prerequisite-imports as file:///Applications/Cocos/Creator/3.8.6/CocosCreator.app/Contents/Resources/resources/3d/engine/editor/assets/default_renderpipeline/builtin-dof-pass.ts.
10:37:19.474 debug: Resolve file:///Applications/Cocos/Creator/3.8.6/CocosCreator.app/Contents/Resources/resources/3d/engine/editor/assets/default_renderpipeline/builtin-pipeline-pass.ts from cce:/internal/x/prerequisite-imports as file:///Applications/Cocos/Creator/3.8.6/CocosCreator.app/Contents/Resources/resources/3d/engine/editor/assets/default_renderpipeline/builtin-pipeline-pass.ts.
10:37:19.474 debug: Resolve file:///Applications/Cocos/Creator/3.8.6/CocosCreator.app/Contents/Resources/resources/3d/engine/editor/assets/default_renderpipeline/builtin-pipeline-settings.ts from cce:/internal/x/prerequisite-imports as file:///Applications/Cocos/Creator/3.8.6/CocosCreator.app/Contents/Resources/resources/3d/engine/editor/assets/default_renderpipeline/builtin-pipeline-settings.ts.
10:37:19.474 debug: Resolve file:///Applications/Cocos/Creator/3.8.6/CocosCreator.app/Contents/Resources/resources/3d/engine/editor/assets/default_renderpipeline/builtin-pipeline-types.ts from cce:/internal/x/prerequisite-imports as file:///Applications/Cocos/Creator/3.8.6/CocosCreator.app/Contents/Resources/resources/3d/engine/editor/assets/default_renderpipeline/builtin-pipeline-types.ts.
10:37:19.474 debug: Resolve file:///Applications/Cocos/Creator/3.8.6/CocosCreator.app/Contents/Resources/resources/3d/engine/editor/assets/default_renderpipeline/builtin-pipeline.ts from cce:/internal/x/prerequisite-imports as file:///Applications/Cocos/Creator/3.8.6/CocosCreator.app/Contents/Resources/resources/3d/engine/editor/assets/default_renderpipeline/builtin-pipeline.ts.
10:37:19.474 debug: Resolve file:///Applications/Cocos/Creator/3.8.6/CocosCreator.app/Contents/Resources/resources/3d/engine/editor/assets/tools/debug-view-runtime-control.ts from cce:/internal/x/prerequisite-imports as file:///Applications/Cocos/Creator/3.8.6/CocosCreator.app/Contents/Resources/resources/3d/engine/editor/assets/tools/debug-view-runtime-control.ts.
10:37:19.474 debug: Resolve file:///Users/zhao/Desktop/test/cocos-creator/JumpingBlock/assets/Scripts/GameManager.ts from cce:/internal/x/prerequisite-imports as file:///Users/zhao/Desktop/test/cocos-creator/JumpingBlock/assets/Scripts/GameManager.ts.
10:37:19.474 debug: Resolve file:///Users/zhao/Desktop/test/cocos-creator/JumpingBlock/assets/Scripts/Player.ts from cce:/internal/x/prerequisite-imports as file:///Users/zhao/Desktop/test/cocos-creator/JumpingBlock/assets/Scripts/Player.ts.
10:37:19.474 debug: Inspect file:///Users/zhao/Desktop/test/cocos-creator/JumpingBlock/assets/Scripts/Player.ts
10:37:19.480 debug: transform url: 'file:///Users/zhao/Desktop/test/cocos-creator/JumpingBlock/assets/Scripts/Player.ts' costs: 5.90 ms
10:37:19.481 debug: Resolve cc from file:///Users/zhao/Desktop/test/cocos-creator/JumpingBlock/assets/Scripts/Player.ts as cce:/internal/x/cc.
10:37:19.481 debug: Resolve cc from file:///Users/zhao/Desktop/test/cocos-creator/JumpingBlock/assets/Scripts/Player.ts as cce:/internal/x/cc.
10:37:19.481 debug: Resolve cc from file:///Users/zhao/Desktop/test/cocos-creator/JumpingBlock/assets/Scripts/Player.ts as cce:/internal/x/cc.
10:37:19.483 debug: Target(preview) ends with cost 13.332249999977648ms.
10:39:22.372 debug: Dispatch build request for time accumulated 1 asset changes.
10:39:22.374 debug: Build iteration starts.
Number of accumulated asset changes: 1
Feature changed: false
10:39:22.375 debug: Target(editor) build started.
10:39:22.378 debug: Detected change: cce:/internal/x/prerequisite-imports. Last mtime: Thu Jan 01 1970 08:28:02 GMT+0800 (中国标准时间), Current mtime: Thu Jan 01 1970 08:30:05 GMT+0800 (中国标准时间)
10:39:22.378 debug: Inspect cce:/internal/x/prerequisite-imports
10:39:22.406 debug: transform url: 'cce:/internal/x/prerequisite-imports' costs: 27.90 ms
10:39:22.406 debug: Resolve file:///Applications/Cocos/Creator/3.8.6/CocosCreator.app/Contents/Resources/resources/3d/engine/editor/assets/default_renderpipeline/builtin-dof-pass.ts from cce:/internal/x/prerequisite-imports as file:///Applications/Cocos/Creator/3.8.6/CocosCreator.app/Contents/Resources/resources/3d/engine/editor/assets/default_renderpipeline/builtin-dof-pass.ts.
10:39:22.406 debug: Resolve file:///Applications/Cocos/Creator/3.8.6/CocosCreator.app/Contents/Resources/resources/3d/engine/editor/assets/default_renderpipeline/builtin-pipeline-pass.ts from cce:/internal/x/prerequisite-imports as file:///Applications/Cocos/Creator/3.8.6/CocosCreator.app/Contents/Resources/resources/3d/engine/editor/assets/default_renderpipeline/builtin-pipeline-pass.ts.
10:39:22.406 debug: Resolve file:///Applications/Cocos/Creator/3.8.6/CocosCreator.app/Contents/Resources/resources/3d/engine/editor/assets/default_renderpipeline/builtin-pipeline-settings.ts from cce:/internal/x/prerequisite-imports as file:///Applications/Cocos/Creator/3.8.6/CocosCreator.app/Contents/Resources/resources/3d/engine/editor/assets/default_renderpipeline/builtin-pipeline-settings.ts.
10:39:22.406 debug: Resolve file:///Applications/Cocos/Creator/3.8.6/CocosCreator.app/Contents/Resources/resources/3d/engine/editor/assets/default_renderpipeline/builtin-pipeline-types.ts from cce:/internal/x/prerequisite-imports as file:///Applications/Cocos/Creator/3.8.6/CocosCreator.app/Contents/Resources/resources/3d/engine/editor/assets/default_renderpipeline/builtin-pipeline-types.ts.
10:39:22.406 debug: Resolve file:///Applications/Cocos/Creator/3.8.6/CocosCreator.app/Contents/Resources/resources/3d/engine/editor/assets/default_renderpipeline/builtin-pipeline.ts from cce:/internal/x/prerequisite-imports as file:///Applications/Cocos/Creator/3.8.6/CocosCreator.app/Contents/Resources/resources/3d/engine/editor/assets/default_renderpipeline/builtin-pipeline.ts.
10:39:22.406 debug: Resolve file:///Applications/Cocos/Creator/3.8.6/CocosCreator.app/Contents/Resources/resources/3d/engine/editor/assets/tools/debug-view-runtime-control.ts from cce:/internal/x/prerequisite-imports as file:///Applications/Cocos/Creator/3.8.6/CocosCreator.app/Contents/Resources/resources/3d/engine/editor/assets/tools/debug-view-runtime-control.ts.
10:39:22.407 debug: Resolve file:///Users/zhao/Desktop/test/cocos-creator/JumpingBlock/assets/Scripts/GameManager.ts from cce:/internal/x/prerequisite-imports as file:///Users/zhao/Desktop/test/cocos-creator/JumpingBlock/assets/Scripts/GameManager.ts.
10:39:22.407 debug: Resolve file:///Users/zhao/Desktop/test/cocos-creator/JumpingBlock/assets/Scripts/Player.ts from cce:/internal/x/prerequisite-imports as file:///Users/zhao/Desktop/test/cocos-creator/JumpingBlock/assets/Scripts/Player.ts.
10:39:22.407 debug: Detected change: file:///Users/zhao/Desktop/test/cocos-creator/JumpingBlock/assets/Scripts/Player.ts. Last mtime: Mon Jun 23 2025 10:37:19 GMT+0800 (中国标准时间)@27e5d0c1-22b8-4c0b-ac9a-567760f940d5, Current mtime: Mon Jun 23 2025 10:39:21 GMT+0800 (中国标准时间)@27e5d0c1-22b8-4c0b-ac9a-567760f940d5
10:39:22.407 debug: Inspect file:///Users/zhao/Desktop/test/cocos-creator/JumpingBlock/assets/Scripts/Player.ts
10:39:22.412 debug: transform url: 'file:///Users/zhao/Desktop/test/cocos-creator/JumpingBlock/assets/Scripts/Player.ts' costs: 5.40 ms
10:39:22.413 debug: Resolve cc from file:///Users/zhao/Desktop/test/cocos-creator/JumpingBlock/assets/Scripts/Player.ts as cce:/internal/x/cc.
10:39:22.413 debug: Resolve cc from file:///Users/zhao/Desktop/test/cocos-creator/JumpingBlock/assets/Scripts/Player.ts as cce:/internal/x/cc.
10:39:22.413 debug: Resolve cc from file:///Users/zhao/Desktop/test/cocos-creator/JumpingBlock/assets/Scripts/Player.ts as cce:/internal/x/cc.
10:39:22.416 debug: Target(editor) ends with cost 41.7217079999391ms.
10:39:22.417 debug: Target(preview) build started.
10:39:22.421 debug: Detected change: cce:/internal/x/prerequisite-imports. Last mtime: Thu Jan 01 1970 08:28:02 GMT+0800 (中国标准时间), Current mtime: Thu Jan 01 1970 08:30:05 GMT+0800 (中国标准时间)
10:39:22.421 debug: Inspect cce:/internal/x/prerequisite-imports
10:39:22.425 debug: transform url: 'cce:/internal/x/prerequisite-imports' costs: 3.20 ms
10:39:22.425 debug: Resolve file:///Applications/Cocos/Creator/3.8.6/CocosCreator.app/Contents/Resources/resources/3d/engine/editor/assets/default_renderpipeline/builtin-dof-pass.ts from cce:/internal/x/prerequisite-imports as file:///Applications/Cocos/Creator/3.8.6/CocosCreator.app/Contents/Resources/resources/3d/engine/editor/assets/default_renderpipeline/builtin-dof-pass.ts.
10:39:22.425 debug: Resolve file:///Applications/Cocos/Creator/3.8.6/CocosCreator.app/Contents/Resources/resources/3d/engine/editor/assets/default_renderpipeline/builtin-pipeline-pass.ts from cce:/internal/x/prerequisite-imports as file:///Applications/Cocos/Creator/3.8.6/CocosCreator.app/Contents/Resources/resources/3d/engine/editor/assets/default_renderpipeline/builtin-pipeline-pass.ts.
10:39:22.425 debug: Resolve file:///Applications/Cocos/Creator/3.8.6/CocosCreator.app/Contents/Resources/resources/3d/engine/editor/assets/default_renderpipeline/builtin-pipeline-settings.ts from cce:/internal/x/prerequisite-imports as file:///Applications/Cocos/Creator/3.8.6/CocosCreator.app/Contents/Resources/resources/3d/engine/editor/assets/default_renderpipeline/builtin-pipeline-settings.ts.
10:39:22.425 debug: Resolve file:///Applications/Cocos/Creator/3.8.6/CocosCreator.app/Contents/Resources/resources/3d/engine/editor/assets/default_renderpipeline/builtin-pipeline-types.ts from cce:/internal/x/prerequisite-imports as file:///Applications/Cocos/Creator/3.8.6/CocosCreator.app/Contents/Resources/resources/3d/engine/editor/assets/default_renderpipeline/builtin-pipeline-types.ts.
10:39:22.426 debug: Resolve file:///Applications/Cocos/Creator/3.8.6/CocosCreator.app/Contents/Resources/resources/3d/engine/editor/assets/default_renderpipeline/builtin-pipeline.ts from cce:/internal/x/prerequisite-imports as file:///Applications/Cocos/Creator/3.8.6/CocosCreator.app/Contents/Resources/resources/3d/engine/editor/assets/default_renderpipeline/builtin-pipeline.ts.
10:39:22.426 debug: Resolve file:///Applications/Cocos/Creator/3.8.6/CocosCreator.app/Contents/Resources/resources/3d/engine/editor/assets/tools/debug-view-runtime-control.ts from cce:/internal/x/prerequisite-imports as file:///Applications/Cocos/Creator/3.8.6/CocosCreator.app/Contents/Resources/resources/3d/engine/editor/assets/tools/debug-view-runtime-control.ts.
10:39:22.426 debug: Resolve file:///Users/zhao/Desktop/test/cocos-creator/JumpingBlock/assets/Scripts/GameManager.ts from cce:/internal/x/prerequisite-imports as file:///Users/zhao/Desktop/test/cocos-creator/JumpingBlock/assets/Scripts/GameManager.ts.
10:39:22.426 debug: Resolve file:///Users/zhao/Desktop/test/cocos-creator/JumpingBlock/assets/Scripts/Player.ts from cce:/internal/x/prerequisite-imports as file:///Users/zhao/Desktop/test/cocos-creator/JumpingBlock/assets/Scripts/Player.ts.
10:39:22.426 debug: Detected change: file:///Users/zhao/Desktop/test/cocos-creator/JumpingBlock/assets/Scripts/Player.ts. Last mtime: Mon Jun 23 2025 10:37:19 GMT+0800 (中国标准时间)@27e5d0c1-22b8-4c0b-ac9a-567760f940d5, Current mtime: Mon Jun 23 2025 10:39:21 GMT+0800 (中国标准时间)@27e5d0c1-22b8-4c0b-ac9a-567760f940d5
10:39:22.426 debug: Inspect file:///Users/zhao/Desktop/test/cocos-creator/JumpingBlock/assets/Scripts/Player.ts
10:39:22.435 debug: transform url: 'file:///Users/zhao/Desktop/test/cocos-creator/JumpingBlock/assets/Scripts/Player.ts' costs: 9.30 ms
10:39:22.436 debug: Resolve cc from file:///Users/zhao/Desktop/test/cocos-creator/JumpingBlock/assets/Scripts/Player.ts as cce:/internal/x/cc.
10:39:22.436 debug: Resolve cc from file:///Users/zhao/Desktop/test/cocos-creator/JumpingBlock/assets/Scripts/Player.ts as cce:/internal/x/cc.
10:39:22.436 debug: Resolve cc from file:///Users/zhao/Desktop/test/cocos-creator/JumpingBlock/assets/Scripts/Player.ts as cce:/internal/x/cc.
10:39:22.439 debug: Target(preview) ends with cost 22.17920899996534ms.
10:40:47.783 debug: Dispatch build request for time accumulated 1 asset changes.
10:40:47.784 debug: Build iteration starts.
Number of accumulated asset changes: 1
Feature changed: false
10:40:47.784 debug: Target(editor) build started.
10:40:47.785 debug: Detected change: cce:/internal/x/prerequisite-imports. Last mtime: Thu Jan 01 1970 08:30:05 GMT+0800 (中国标准时间), Current mtime: Thu Jan 01 1970 08:31:30 GMT+0800 (中国标准时间)
10:40:47.785 debug: Inspect cce:/internal/x/prerequisite-imports
10:40:47.789 debug: transform url: 'cce:/internal/x/prerequisite-imports' costs: 4.00 ms
10:40:47.790 debug: Resolve file:///Applications/Cocos/Creator/3.8.6/CocosCreator.app/Contents/Resources/resources/3d/engine/editor/assets/default_renderpipeline/builtin-dof-pass.ts from cce:/internal/x/prerequisite-imports as file:///Applications/Cocos/Creator/3.8.6/CocosCreator.app/Contents/Resources/resources/3d/engine/editor/assets/default_renderpipeline/builtin-dof-pass.ts.
10:40:47.790 debug: Resolve file:///Applications/Cocos/Creator/3.8.6/CocosCreator.app/Contents/Resources/resources/3d/engine/editor/assets/default_renderpipeline/builtin-pipeline-pass.ts from cce:/internal/x/prerequisite-imports as file:///Applications/Cocos/Creator/3.8.6/CocosCreator.app/Contents/Resources/resources/3d/engine/editor/assets/default_renderpipeline/builtin-pipeline-pass.ts.
10:40:47.790 debug: Resolve file:///Applications/Cocos/Creator/3.8.6/CocosCreator.app/Contents/Resources/resources/3d/engine/editor/assets/default_renderpipeline/builtin-pipeline-settings.ts from cce:/internal/x/prerequisite-imports as file:///Applications/Cocos/Creator/3.8.6/CocosCreator.app/Contents/Resources/resources/3d/engine/editor/assets/default_renderpipeline/builtin-pipeline-settings.ts.
10:40:47.790 debug: Resolve file:///Applications/Cocos/Creator/3.8.6/CocosCreator.app/Contents/Resources/resources/3d/engine/editor/assets/default_renderpipeline/builtin-pipeline-types.ts from cce:/internal/x/prerequisite-imports as file:///Applications/Cocos/Creator/3.8.6/CocosCreator.app/Contents/Resources/resources/3d/engine/editor/assets/default_renderpipeline/builtin-pipeline-types.ts.
10:40:47.790 debug: Resolve file:///Applications/Cocos/Creator/3.8.6/CocosCreator.app/Contents/Resources/resources/3d/engine/editor/assets/default_renderpipeline/builtin-pipeline.ts from cce:/internal/x/prerequisite-imports as file:///Applications/Cocos/Creator/3.8.6/CocosCreator.app/Contents/Resources/resources/3d/engine/editor/assets/default_renderpipeline/builtin-pipeline.ts.
10:40:47.790 debug: Resolve file:///Applications/Cocos/Creator/3.8.6/CocosCreator.app/Contents/Resources/resources/3d/engine/editor/assets/tools/debug-view-runtime-control.ts from cce:/internal/x/prerequisite-imports as file:///Applications/Cocos/Creator/3.8.6/CocosCreator.app/Contents/Resources/resources/3d/engine/editor/assets/tools/debug-view-runtime-control.ts.
10:40:47.790 debug: Resolve file:///Users/zhao/Desktop/test/cocos-creator/JumpingBlock/assets/Scripts/GameManager.ts from cce:/internal/x/prerequisite-imports as file:///Users/zhao/Desktop/test/cocos-creator/JumpingBlock/assets/Scripts/GameManager.ts.
10:40:47.790 debug: Resolve file:///Users/zhao/Desktop/test/cocos-creator/JumpingBlock/assets/Scripts/Player.ts from cce:/internal/x/prerequisite-imports as file:///Users/zhao/Desktop/test/cocos-creator/JumpingBlock/assets/Scripts/Player.ts.
10:40:47.790 debug: Detected change: file:///Users/zhao/Desktop/test/cocos-creator/JumpingBlock/assets/Scripts/Player.ts. Last mtime: Mon Jun 23 2025 10:39:21 GMT+0800 (中国标准时间)@27e5d0c1-22b8-4c0b-ac9a-567760f940d5, Current mtime: Mon Jun 23 2025 10:40:45 GMT+0800 (中国标准时间)@27e5d0c1-22b8-4c0b-ac9a-567760f940d5
10:40:47.790 debug: Inspect file:///Users/zhao/Desktop/test/cocos-creator/JumpingBlock/assets/Scripts/Player.ts
10:40:47.798 debug: transform url: 'file:///Users/zhao/Desktop/test/cocos-creator/JumpingBlock/assets/Scripts/Player.ts' costs: 7.40 ms
10:40:47.798 debug: Resolve cc from file:///Users/zhao/Desktop/test/cocos-creator/JumpingBlock/assets/Scripts/Player.ts as cce:/internal/x/cc.
10:40:47.798 debug: Resolve cc from file:///Users/zhao/Desktop/test/cocos-creator/JumpingBlock/assets/Scripts/Player.ts as cce:/internal/x/cc.
10:40:47.798 debug: Resolve cc from file:///Users/zhao/Desktop/test/cocos-creator/JumpingBlock/assets/Scripts/Player.ts as cce:/internal/x/cc.
10:40:47.800 debug: Target(editor) ends with cost 16.575082999886945ms.
10:40:47.800 debug: Target(preview) build started.
10:40:47.802 debug: Detected change: cce:/internal/x/prerequisite-imports. Last mtime: Thu Jan 01 1970 08:30:05 GMT+0800 (中国标准时间), Current mtime: Thu Jan 01 1970 08:31:30 GMT+0800 (中国标准时间)
10:40:47.802 debug: Inspect cce:/internal/x/prerequisite-imports
10:40:47.806 debug: transform url: 'cce:/internal/x/prerequisite-imports' costs: 4.00 ms
10:40:47.807 debug: Resolve file:///Applications/Cocos/Creator/3.8.6/CocosCreator.app/Contents/Resources/resources/3d/engine/editor/assets/default_renderpipeline/builtin-dof-pass.ts from cce:/internal/x/prerequisite-imports as file:///Applications/Cocos/Creator/3.8.6/CocosCreator.app/Contents/Resources/resources/3d/engine/editor/assets/default_renderpipeline/builtin-dof-pass.ts.
10:40:47.807 debug: Resolve file:///Applications/Cocos/Creator/3.8.6/CocosCreator.app/Contents/Resources/resources/3d/engine/editor/assets/default_renderpipeline/builtin-pipeline-pass.ts from cce:/internal/x/prerequisite-imports as file:///Applications/Cocos/Creator/3.8.6/CocosCreator.app/Contents/Resources/resources/3d/engine/editor/assets/default_renderpipeline/builtin-pipeline-pass.ts.
10:40:47.807 debug: Resolve file:///Applications/Cocos/Creator/3.8.6/CocosCreator.app/Contents/Resources/resources/3d/engine/editor/assets/default_renderpipeline/builtin-pipeline-settings.ts from cce:/internal/x/prerequisite-imports as file:///Applications/Cocos/Creator/3.8.6/CocosCreator.app/Contents/Resources/resources/3d/engine/editor/assets/default_renderpipeline/builtin-pipeline-settings.ts.
10:40:47.807 debug: Resolve file:///Applications/Cocos/Creator/3.8.6/CocosCreator.app/Contents/Resources/resources/3d/engine/editor/assets/default_renderpipeline/builtin-pipeline-types.ts from cce:/internal/x/prerequisite-imports as file:///Applications/Cocos/Creator/3.8.6/CocosCreator.app/Contents/Resources/resources/3d/engine/editor/assets/default_renderpipeline/builtin-pipeline-types.ts.
10:40:47.807 debug: Resolve file:///Applications/Cocos/Creator/3.8.6/CocosCreator.app/Contents/Resources/resources/3d/engine/editor/assets/default_renderpipeline/builtin-pipeline.ts from cce:/internal/x/prerequisite-imports as file:///Applications/Cocos/Creator/3.8.6/CocosCreator.app/Contents/Resources/resources/3d/engine/editor/assets/default_renderpipeline/builtin-pipeline.ts.
10:40:47.807 debug: Resolve file:///Applications/Cocos/Creator/3.8.6/CocosCreator.app/Contents/Resources/resources/3d/engine/editor/assets/tools/debug-view-runtime-control.ts from cce:/internal/x/prerequisite-imports as file:///Applications/Cocos/Creator/3.8.6/CocosCreator.app/Contents/Resources/resources/3d/engine/editor/assets/tools/debug-view-runtime-control.ts.
10:40:47.807 debug: Resolve file:///Users/zhao/Desktop/test/cocos-creator/JumpingBlock/assets/Scripts/GameManager.ts from cce:/internal/x/prerequisite-imports as file:///Users/zhao/Desktop/test/cocos-creator/JumpingBlock/assets/Scripts/GameManager.ts.
10:40:47.807 debug: Resolve file:///Users/zhao/Desktop/test/cocos-creator/JumpingBlock/assets/Scripts/Player.ts from cce:/internal/x/prerequisite-imports as file:///Users/zhao/Desktop/test/cocos-creator/JumpingBlock/assets/Scripts/Player.ts.
10:40:47.807 debug: Detected change: file:///Users/zhao/Desktop/test/cocos-creator/JumpingBlock/assets/Scripts/Player.ts. Last mtime: Mon Jun 23 2025 10:39:21 GMT+0800 (中国标准时间)@27e5d0c1-22b8-4c0b-ac9a-567760f940d5, Current mtime: Mon Jun 23 2025 10:40:45 GMT+0800 (中国标准时间)@27e5d0c1-22b8-4c0b-ac9a-567760f940d5
10:40:47.807 debug: Inspect file:///Users/zhao/Desktop/test/cocos-creator/JumpingBlock/assets/Scripts/Player.ts
10:40:47.817 debug: transform url: 'file:///Users/zhao/Desktop/test/cocos-creator/JumpingBlock/assets/Scripts/Player.ts' costs: 9.50 ms
10:40:47.818 debug: Resolve cc from file:///Users/zhao/Desktop/test/cocos-creator/JumpingBlock/assets/Scripts/Player.ts as cce:/internal/x/cc.
10:40:47.818 debug: Resolve cc from file:///Users/zhao/Desktop/test/cocos-creator/JumpingBlock/assets/Scripts/Player.ts as cce:/internal/x/cc.
10:40:47.818 debug: Resolve cc from file:///Users/zhao/Desktop/test/cocos-creator/JumpingBlock/assets/Scripts/Player.ts as cce:/internal/x/cc.
10:40:47.820 debug: Target(preview) ends with cost 19.40474999998696ms.
10:42:26.207 debug: Dispatch build request for time accumulated 1 asset changes.
10:42:26.209 debug: Build iteration starts.
Number of accumulated asset changes: 1
Feature changed: false
10:42:26.209 debug: Target(editor) build started.
10:42:26.215 debug: Detected change: cce:/internal/x/prerequisite-imports. Last mtime: Thu Jan 01 1970 08:31:30 GMT+0800 (中国标准时间), Current mtime: Thu Jan 01 1970 08:33:08 GMT+0800 (中国标准时间)
10:42:26.215 debug: Inspect cce:/internal/x/prerequisite-imports
10:42:26.251 debug: transform url: 'cce:/internal/x/prerequisite-imports' costs: 35.80 ms
10:42:26.253 debug: Resolve file:///Applications/Cocos/Creator/3.8.6/CocosCreator.app/Contents/Resources/resources/3d/engine/editor/assets/default_renderpipeline/builtin-dof-pass.ts from cce:/internal/x/prerequisite-imports as file:///Applications/Cocos/Creator/3.8.6/CocosCreator.app/Contents/Resources/resources/3d/engine/editor/assets/default_renderpipeline/builtin-dof-pass.ts.
10:42:26.253 debug: Resolve file:///Applications/Cocos/Creator/3.8.6/CocosCreator.app/Contents/Resources/resources/3d/engine/editor/assets/default_renderpipeline/builtin-pipeline-pass.ts from cce:/internal/x/prerequisite-imports as file:///Applications/Cocos/Creator/3.8.6/CocosCreator.app/Contents/Resources/resources/3d/engine/editor/assets/default_renderpipeline/builtin-pipeline-pass.ts.
10:42:26.253 debug: Resolve file:///Applications/Cocos/Creator/3.8.6/CocosCreator.app/Contents/Resources/resources/3d/engine/editor/assets/default_renderpipeline/builtin-pipeline-settings.ts from cce:/internal/x/prerequisite-imports as file:///Applications/Cocos/Creator/3.8.6/CocosCreator.app/Contents/Resources/resources/3d/engine/editor/assets/default_renderpipeline/builtin-pipeline-settings.ts.
10:42:26.253 debug: Resolve file:///Applications/Cocos/Creator/3.8.6/CocosCreator.app/Contents/Resources/resources/3d/engine/editor/assets/default_renderpipeline/builtin-pipeline-types.ts from cce:/internal/x/prerequisite-imports as file:///Applications/Cocos/Creator/3.8.6/CocosCreator.app/Contents/Resources/resources/3d/engine/editor/assets/default_renderpipeline/builtin-pipeline-types.ts.
10:42:26.253 debug: Resolve file:///Applications/Cocos/Creator/3.8.6/CocosCreator.app/Contents/Resources/resources/3d/engine/editor/assets/default_renderpipeline/builtin-pipeline.ts from cce:/internal/x/prerequisite-imports as file:///Applications/Cocos/Creator/3.8.6/CocosCreator.app/Contents/Resources/resources/3d/engine/editor/assets/default_renderpipeline/builtin-pipeline.ts.
10:42:26.254 debug: Resolve file:///Applications/Cocos/Creator/3.8.6/CocosCreator.app/Contents/Resources/resources/3d/engine/editor/assets/tools/debug-view-runtime-control.ts from cce:/internal/x/prerequisite-imports as file:///Applications/Cocos/Creator/3.8.6/CocosCreator.app/Contents/Resources/resources/3d/engine/editor/assets/tools/debug-view-runtime-control.ts.
10:42:26.254 debug: Resolve file:///Users/zhao/Desktop/test/cocos-creator/JumpingBlock/assets/Scripts/GameManager.ts from cce:/internal/x/prerequisite-imports as file:///Users/zhao/Desktop/test/cocos-creator/JumpingBlock/assets/Scripts/GameManager.ts.
10:42:26.254 debug: Resolve file:///Users/zhao/Desktop/test/cocos-creator/JumpingBlock/assets/Scripts/Player.ts from cce:/internal/x/prerequisite-imports as file:///Users/zhao/Desktop/test/cocos-creator/JumpingBlock/assets/Scripts/Player.ts.
10:42:26.254 debug: Detected change: file:///Users/zhao/Desktop/test/cocos-creator/JumpingBlock/assets/Scripts/Player.ts. Last mtime: Mon Jun 23 2025 10:40:45 GMT+0800 (中国标准时间)@27e5d0c1-22b8-4c0b-ac9a-567760f940d5, Current mtime: Mon Jun 23 2025 10:42:24 GMT+0800 (中国标准时间)@27e5d0c1-22b8-4c0b-ac9a-567760f940d5
10:42:26.254 debug: Inspect file:///Users/zhao/Desktop/test/cocos-creator/JumpingBlock/assets/Scripts/Player.ts
10:42:26.266 debug: transform url: 'file:///Users/zhao/Desktop/test/cocos-creator/JumpingBlock/assets/Scripts/Player.ts' costs: 12.10 ms
10:42:26.267 debug: Resolve cc from file:///Users/zhao/Desktop/test/cocos-creator/JumpingBlock/assets/Scripts/Player.ts as cce:/internal/x/cc.
10:42:26.267 debug: Resolve cc from file:///Users/zhao/Desktop/test/cocos-creator/JumpingBlock/assets/Scripts/Player.ts as cce:/internal/x/cc.
10:42:26.267 debug: Resolve cc from file:///Users/zhao/Desktop/test/cocos-creator/JumpingBlock/assets/Scripts/Player.ts as cce:/internal/x/cc.
10:42:26.269 debug: Target(editor) ends with cost 60.19545799982734ms.
10:42:26.269 debug: Target(preview) build started.
10:42:26.270 debug: Detected change: cce:/internal/x/prerequisite-imports. Last mtime: Thu Jan 01 1970 08:31:30 GMT+0800 (中国标准时间), Current mtime: Thu Jan 01 1970 08:33:08 GMT+0800 (中国标准时间)
10:42:26.270 debug: Inspect cce:/internal/x/prerequisite-imports
10:42:26.275 debug: transform url: 'cce:/internal/x/prerequisite-imports' costs: 4.40 ms
10:42:26.275 debug: Resolve file:///Applications/Cocos/Creator/3.8.6/CocosCreator.app/Contents/Resources/resources/3d/engine/editor/assets/default_renderpipeline/builtin-dof-pass.ts from cce:/internal/x/prerequisite-imports as file:///Applications/Cocos/Creator/3.8.6/CocosCreator.app/Contents/Resources/resources/3d/engine/editor/assets/default_renderpipeline/builtin-dof-pass.ts.
10:42:26.275 debug: Resolve file:///Applications/Cocos/Creator/3.8.6/CocosCreator.app/Contents/Resources/resources/3d/engine/editor/assets/default_renderpipeline/builtin-pipeline-pass.ts from cce:/internal/x/prerequisite-imports as file:///Applications/Cocos/Creator/3.8.6/CocosCreator.app/Contents/Resources/resources/3d/engine/editor/assets/default_renderpipeline/builtin-pipeline-pass.ts.
10:42:26.275 debug: Resolve file:///Applications/Cocos/Creator/3.8.6/CocosCreator.app/Contents/Resources/resources/3d/engine/editor/assets/default_renderpipeline/builtin-pipeline-settings.ts from cce:/internal/x/prerequisite-imports as file:///Applications/Cocos/Creator/3.8.6/CocosCreator.app/Contents/Resources/resources/3d/engine/editor/assets/default_renderpipeline/builtin-pipeline-settings.ts.
10:42:26.275 debug: Resolve file:///Applications/Cocos/Creator/3.8.6/CocosCreator.app/Contents/Resources/resources/3d/engine/editor/assets/default_renderpipeline/builtin-pipeline-types.ts from cce:/internal/x/prerequisite-imports as file:///Applications/Cocos/Creator/3.8.6/CocosCreator.app/Contents/Resources/resources/3d/engine/editor/assets/default_renderpipeline/builtin-pipeline-types.ts.
10:42:26.275 debug: Resolve file:///Applications/Cocos/Creator/3.8.6/CocosCreator.app/Contents/Resources/resources/3d/engine/editor/assets/default_renderpipeline/builtin-pipeline.ts from cce:/internal/x/prerequisite-imports as file:///Applications/Cocos/Creator/3.8.6/CocosCreator.app/Contents/Resources/resources/3d/engine/editor/assets/default_renderpipeline/builtin-pipeline.ts.
10:42:26.276 debug: Resolve file:///Applications/Cocos/Creator/3.8.6/CocosCreator.app/Contents/Resources/resources/3d/engine/editor/assets/tools/debug-view-runtime-control.ts from cce:/internal/x/prerequisite-imports as file:///Applications/Cocos/Creator/3.8.6/CocosCreator.app/Contents/Resources/resources/3d/engine/editor/assets/tools/debug-view-runtime-control.ts.
10:42:26.276 debug: Resolve file:///Users/zhao/Desktop/test/cocos-creator/JumpingBlock/assets/Scripts/GameManager.ts from cce:/internal/x/prerequisite-imports as file:///Users/zhao/Desktop/test/cocos-creator/JumpingBlock/assets/Scripts/GameManager.ts.
10:42:26.276 debug: Resolve file:///Users/zhao/Desktop/test/cocos-creator/JumpingBlock/assets/Scripts/Player.ts from cce:/internal/x/prerequisite-imports as file:///Users/zhao/Desktop/test/cocos-creator/JumpingBlock/assets/Scripts/Player.ts.
10:42:26.276 debug: Detected change: file:///Users/zhao/Desktop/test/cocos-creator/JumpingBlock/assets/Scripts/Player.ts. Last mtime: Mon Jun 23 2025 10:40:45 GMT+0800 (中国标准时间)@27e5d0c1-22b8-4c0b-ac9a-567760f940d5, Current mtime: Mon Jun 23 2025 10:42:24 GMT+0800 (中国标准时间)@27e5d0c1-22b8-4c0b-ac9a-567760f940d5
10:42:26.276 debug: Inspect file:///Users/zhao/Desktop/test/cocos-creator/JumpingBlock/assets/Scripts/Player.ts
10:42:26.285 debug: transform url: 'file:///Users/zhao/Desktop/test/cocos-creator/JumpingBlock/assets/Scripts/Player.ts' costs: 8.90 ms
10:42:26.285 debug: Resolve cc from file:///Users/zhao/Desktop/test/cocos-creator/JumpingBlock/assets/Scripts/Player.ts as cce:/internal/x/cc.
10:42:26.285 debug: Resolve cc from file:///Users/zhao/Desktop/test/cocos-creator/JumpingBlock/assets/Scripts/Player.ts as cce:/internal/x/cc.
10:42:26.285 debug: Resolve cc from file:///Users/zhao/Desktop/test/cocos-creator/JumpingBlock/assets/Scripts/Player.ts as cce:/internal/x/cc.
10:42:26.289 debug: Target(preview) ends with cost 19.706207999959588ms.
10:42:47.060 debug: Dispatch build request for time accumulated 1 asset changes.
10:42:47.061 debug: Build iteration starts.
Number of accumulated asset changes: 1
Feature changed: false
10:42:47.061 debug: Target(editor) build started.
10:42:47.068 debug: Detected change: cce:/internal/x/prerequisite-imports. Last mtime: Thu Jan 01 1970 08:33:08 GMT+0800 (中国标准时间), Current mtime: Thu Jan 01 1970 08:33:29 GMT+0800 (中国标准时间)
10:42:47.068 debug: Inspect cce:/internal/x/prerequisite-imports
10:42:47.073 debug: transform url: 'cce:/internal/x/prerequisite-imports' costs: 4.50 ms
10:42:47.073 debug: Resolve file:///Applications/Cocos/Creator/3.8.6/CocosCreator.app/Contents/Resources/resources/3d/engine/editor/assets/default_renderpipeline/builtin-dof-pass.ts from cce:/internal/x/prerequisite-imports as file:///Applications/Cocos/Creator/3.8.6/CocosCreator.app/Contents/Resources/resources/3d/engine/editor/assets/default_renderpipeline/builtin-dof-pass.ts.
10:42:47.073 debug: Resolve file:///Applications/Cocos/Creator/3.8.6/CocosCreator.app/Contents/Resources/resources/3d/engine/editor/assets/default_renderpipeline/builtin-pipeline-pass.ts from cce:/internal/x/prerequisite-imports as file:///Applications/Cocos/Creator/3.8.6/CocosCreator.app/Contents/Resources/resources/3d/engine/editor/assets/default_renderpipeline/builtin-pipeline-pass.ts.
10:42:47.073 debug: Resolve file:///Applications/Cocos/Creator/3.8.6/CocosCreator.app/Contents/Resources/resources/3d/engine/editor/assets/default_renderpipeline/builtin-pipeline-settings.ts from cce:/internal/x/prerequisite-imports as file:///Applications/Cocos/Creator/3.8.6/CocosCreator.app/Contents/Resources/resources/3d/engine/editor/assets/default_renderpipeline/builtin-pipeline-settings.ts.
10:42:47.073 debug: Resolve file:///Applications/Cocos/Creator/3.8.6/CocosCreator.app/Contents/Resources/resources/3d/engine/editor/assets/default_renderpipeline/builtin-pipeline-types.ts from cce:/internal/x/prerequisite-imports as file:///Applications/Cocos/Creator/3.8.6/CocosCreator.app/Contents/Resources/resources/3d/engine/editor/assets/default_renderpipeline/builtin-pipeline-types.ts.
10:42:47.073 debug: Resolve file:///Applications/Cocos/Creator/3.8.6/CocosCreator.app/Contents/Resources/resources/3d/engine/editor/assets/default_renderpipeline/builtin-pipeline.ts from cce:/internal/x/prerequisite-imports as file:///Applications/Cocos/Creator/3.8.6/CocosCreator.app/Contents/Resources/resources/3d/engine/editor/assets/default_renderpipeline/builtin-pipeline.ts.
10:42:47.073 debug: Resolve file:///Applications/Cocos/Creator/3.8.6/CocosCreator.app/Contents/Resources/resources/3d/engine/editor/assets/tools/debug-view-runtime-control.ts from cce:/internal/x/prerequisite-imports as file:///Applications/Cocos/Creator/3.8.6/CocosCreator.app/Contents/Resources/resources/3d/engine/editor/assets/tools/debug-view-runtime-control.ts.
10:42:47.073 debug: Resolve file:///Users/zhao/Desktop/test/cocos-creator/JumpingBlock/assets/Scripts/GameManager.ts from cce:/internal/x/prerequisite-imports as file:///Users/zhao/Desktop/test/cocos-creator/JumpingBlock/assets/Scripts/GameManager.ts.
10:42:47.073 debug: Resolve file:///Users/zhao/Desktop/test/cocos-creator/JumpingBlock/assets/Scripts/Player.ts from cce:/internal/x/prerequisite-imports as file:///Users/zhao/Desktop/test/cocos-creator/JumpingBlock/assets/Scripts/Player.ts.
10:42:47.073 debug: Detected change: file:///Users/zhao/Desktop/test/cocos-creator/JumpingBlock/assets/Scripts/Player.ts. Last mtime: Mon Jun 23 2025 10:42:24 GMT+0800 (中国标准时间)@27e5d0c1-22b8-4c0b-ac9a-567760f940d5, Current mtime: Mon Jun 23 2025 10:42:44 GMT+0800 (中国标准时间)@27e5d0c1-22b8-4c0b-ac9a-567760f940d5
10:42:47.073 debug: Inspect file:///Users/zhao/Desktop/test/cocos-creator/JumpingBlock/assets/Scripts/Player.ts
10:42:47.080 debug: transform url: 'file:///Users/zhao/Desktop/test/cocos-creator/JumpingBlock/assets/Scripts/Player.ts' costs: 6.30 ms
10:42:47.080 debug: Resolve cc from file:///Users/zhao/Desktop/test/cocos-creator/JumpingBlock/assets/Scripts/Player.ts as cce:/internal/x/cc.
10:42:47.080 debug: Resolve cc from file:///Users/zhao/Desktop/test/cocos-creator/JumpingBlock/assets/Scripts/Player.ts as cce:/internal/x/cc.
10:42:47.080 debug: Resolve cc from file:///Users/zhao/Desktop/test/cocos-creator/JumpingBlock/assets/Scripts/Player.ts as cce:/internal/x/cc.
10:42:47.083 debug: Target(editor) ends with cost 21.694334000116214ms.
10:42:47.083 debug: Target(preview) build started.
10:42:47.084 debug: Detected change: cce:/internal/x/prerequisite-imports. Last mtime: Thu Jan 01 1970 08:33:08 GMT+0800 (中国标准时间), Current mtime: Thu Jan 01 1970 08:33:29 GMT+0800 (中国标准时间)
10:42:47.084 debug: Inspect cce:/internal/x/prerequisite-imports
10:42:47.088 debug: transform url: 'cce:/internal/x/prerequisite-imports' costs: 4.10 ms
10:42:47.088 debug: Resolve file:///Applications/Cocos/Creator/3.8.6/CocosCreator.app/Contents/Resources/resources/3d/engine/editor/assets/default_renderpipeline/builtin-dof-pass.ts from cce:/internal/x/prerequisite-imports as file:///Applications/Cocos/Creator/3.8.6/CocosCreator.app/Contents/Resources/resources/3d/engine/editor/assets/default_renderpipeline/builtin-dof-pass.ts.
10:42:47.088 debug: Resolve file:///Applications/Cocos/Creator/3.8.6/CocosCreator.app/Contents/Resources/resources/3d/engine/editor/assets/default_renderpipeline/builtin-pipeline-pass.ts from cce:/internal/x/prerequisite-imports as file:///Applications/Cocos/Creator/3.8.6/CocosCreator.app/Contents/Resources/resources/3d/engine/editor/assets/default_renderpipeline/builtin-pipeline-pass.ts.
10:42:47.088 debug: Resolve file:///Applications/Cocos/Creator/3.8.6/CocosCreator.app/Contents/Resources/resources/3d/engine/editor/assets/default_renderpipeline/builtin-pipeline-settings.ts from cce:/internal/x/prerequisite-imports as file:///Applications/Cocos/Creator/3.8.6/CocosCreator.app/Contents/Resources/resources/3d/engine/editor/assets/default_renderpipeline/builtin-pipeline-settings.ts.
10:42:47.088 debug: Resolve file:///Applications/Cocos/Creator/3.8.6/CocosCreator.app/Contents/Resources/resources/3d/engine/editor/assets/default_renderpipeline/builtin-pipeline-types.ts from cce:/internal/x/prerequisite-imports as file:///Applications/Cocos/Creator/3.8.6/CocosCreator.app/Contents/Resources/resources/3d/engine/editor/assets/default_renderpipeline/builtin-pipeline-types.ts.
10:42:47.088 debug: Resolve file:///Applications/Cocos/Creator/3.8.6/CocosCreator.app/Contents/Resources/resources/3d/engine/editor/assets/default_renderpipeline/builtin-pipeline.ts from cce:/internal/x/prerequisite-imports as file:///Applications/Cocos/Creator/3.8.6/CocosCreator.app/Contents/Resources/resources/3d/engine/editor/assets/default_renderpipeline/builtin-pipeline.ts.
10:42:47.089 debug: Resolve file:///Applications/Cocos/Creator/3.8.6/CocosCreator.app/Contents/Resources/resources/3d/engine/editor/assets/tools/debug-view-runtime-control.ts from cce:/internal/x/prerequisite-imports as file:///Applications/Cocos/Creator/3.8.6/CocosCreator.app/Contents/Resources/resources/3d/engine/editor/assets/tools/debug-view-runtime-control.ts.
10:42:47.089 debug: Resolve file:///Users/zhao/Desktop/test/cocos-creator/JumpingBlock/assets/Scripts/GameManager.ts from cce:/internal/x/prerequisite-imports as file:///Users/zhao/Desktop/test/cocos-creator/JumpingBlock/assets/Scripts/GameManager.ts.
10:42:47.089 debug: Resolve file:///Users/zhao/Desktop/test/cocos-creator/JumpingBlock/assets/Scripts/Player.ts from cce:/internal/x/prerequisite-imports as file:///Users/zhao/Desktop/test/cocos-creator/JumpingBlock/assets/Scripts/Player.ts.
10:42:47.089 debug: Detected change: file:///Users/zhao/Desktop/test/cocos-creator/JumpingBlock/assets/Scripts/Player.ts. Last mtime: Mon Jun 23 2025 10:42:24 GMT+0800 (中国标准时间)@27e5d0c1-22b8-4c0b-ac9a-567760f940d5, Current mtime: Mon Jun 23 2025 10:42:44 GMT+0800 (中国标准时间)@27e5d0c1-22b8-4c0b-ac9a-567760f940d5
10:42:47.089 debug: Inspect file:///Users/zhao/Desktop/test/cocos-creator/JumpingBlock/assets/Scripts/Player.ts
10:42:47.096 debug: transform url: 'file:///Users/zhao/Desktop/test/cocos-creator/JumpingBlock/assets/Scripts/Player.ts' costs: 6.80 ms
10:42:47.096 debug: Resolve cc from file:///Users/zhao/Desktop/test/cocos-creator/JumpingBlock/assets/Scripts/Player.ts as cce:/internal/x/cc.
10:42:47.096 debug: Resolve cc from file:///Users/zhao/Desktop/test/cocos-creator/JumpingBlock/assets/Scripts/Player.ts as cce:/internal/x/cc.
10:42:47.096 debug: Resolve cc from file:///Users/zhao/Desktop/test/cocos-creator/JumpingBlock/assets/Scripts/Player.ts as cce:/internal/x/cc.
10:42:47.098 debug: Target(preview) ends with cost 14.69095900002867ms.
10:46:57.608 debug: Dispatch build request for time accumulated 1 asset changes.
10:46:57.610 debug: Build iteration starts.
Number of accumulated asset changes: 1
Feature changed: false
10:46:57.611 debug: Target(editor) build started.
10:46:57.613 debug: Detected change: cce:/internal/x/prerequisite-imports. Last mtime: Thu Jan 01 1970 08:33:29 GMT+0800 (中国标准时间), Current mtime: Thu Jan 01 1970 08:37:40 GMT+0800 (中国标准时间)
10:46:57.613 debug: Inspect cce:/internal/x/prerequisite-imports
10:46:57.621 debug: transform url: 'cce:/internal/x/prerequisite-imports' costs: 7.30 ms
10:46:57.621 debug: Resolve file:///Applications/Cocos/Creator/3.8.6/CocosCreator.app/Contents/Resources/resources/3d/engine/editor/assets/default_renderpipeline/builtin-dof-pass.ts from cce:/internal/x/prerequisite-imports as file:///Applications/Cocos/Creator/3.8.6/CocosCreator.app/Contents/Resources/resources/3d/engine/editor/assets/default_renderpipeline/builtin-dof-pass.ts.
10:46:57.621 debug: Resolve file:///Applications/Cocos/Creator/3.8.6/CocosCreator.app/Contents/Resources/resources/3d/engine/editor/assets/default_renderpipeline/builtin-pipeline-pass.ts from cce:/internal/x/prerequisite-imports as file:///Applications/Cocos/Creator/3.8.6/CocosCreator.app/Contents/Resources/resources/3d/engine/editor/assets/default_renderpipeline/builtin-pipeline-pass.ts.
10:46:57.621 debug: Resolve file:///Applications/Cocos/Creator/3.8.6/CocosCreator.app/Contents/Resources/resources/3d/engine/editor/assets/default_renderpipeline/builtin-pipeline-settings.ts from cce:/internal/x/prerequisite-imports as file:///Applications/Cocos/Creator/3.8.6/CocosCreator.app/Contents/Resources/resources/3d/engine/editor/assets/default_renderpipeline/builtin-pipeline-settings.ts.
10:46:57.621 debug: Resolve file:///Applications/Cocos/Creator/3.8.6/CocosCreator.app/Contents/Resources/resources/3d/engine/editor/assets/default_renderpipeline/builtin-pipeline-types.ts from cce:/internal/x/prerequisite-imports as file:///Applications/Cocos/Creator/3.8.6/CocosCreator.app/Contents/Resources/resources/3d/engine/editor/assets/default_renderpipeline/builtin-pipeline-types.ts.
10:46:57.621 debug: Resolve file:///Applications/Cocos/Creator/3.8.6/CocosCreator.app/Contents/Resources/resources/3d/engine/editor/assets/default_renderpipeline/builtin-pipeline.ts from cce:/internal/x/prerequisite-imports as file:///Applications/Cocos/Creator/3.8.6/CocosCreator.app/Contents/Resources/resources/3d/engine/editor/assets/default_renderpipeline/builtin-pipeline.ts.
10:46:57.621 debug: Resolve file:///Applications/Cocos/Creator/3.8.6/CocosCreator.app/Contents/Resources/resources/3d/engine/editor/assets/tools/debug-view-runtime-control.ts from cce:/internal/x/prerequisite-imports as file:///Applications/Cocos/Creator/3.8.6/CocosCreator.app/Contents/Resources/resources/3d/engine/editor/assets/tools/debug-view-runtime-control.ts.
10:46:57.621 debug: Resolve file:///Users/zhao/Desktop/test/cocos-creator/JumpingBlock/assets/Scripts/GameManager.ts from cce:/internal/x/prerequisite-imports as file:///Users/zhao/Desktop/test/cocos-creator/JumpingBlock/assets/Scripts/GameManager.ts.
10:46:57.621 debug: Resolve file:///Users/zhao/Desktop/test/cocos-creator/JumpingBlock/assets/Scripts/Player.ts from cce:/internal/x/prerequisite-imports as file:///Users/zhao/Desktop/test/cocos-creator/JumpingBlock/assets/Scripts/Player.ts.
10:46:57.621 debug: Detected change: file:///Users/zhao/Desktop/test/cocos-creator/JumpingBlock/assets/Scripts/Player.ts. Last mtime: Mon Jun 23 2025 10:42:44 GMT+0800 (中国标准时间)@27e5d0c1-22b8-4c0b-ac9a-567760f940d5, Current mtime: Mon Jun 23 2025 10:46:56 GMT+0800 (中国标准时间)@27e5d0c1-22b8-4c0b-ac9a-567760f940d5
10:46:57.621 debug: Inspect file:///Users/zhao/Desktop/test/cocos-creator/JumpingBlock/assets/Scripts/Player.ts
10:46:57.629 debug: transform url: 'file:///Users/zhao/Desktop/test/cocos-creator/JumpingBlock/assets/Scripts/Player.ts' costs: 7.30 ms
10:46:57.629 debug: Resolve cc from file:///Users/zhao/Desktop/test/cocos-creator/JumpingBlock/assets/Scripts/Player.ts as cce:/internal/x/cc.
10:46:57.629 debug: Resolve cc from file:///Users/zhao/Desktop/test/cocos-creator/JumpingBlock/assets/Scripts/Player.ts as cce:/internal/x/cc.
10:46:57.629 debug: Resolve cc from file:///Users/zhao/Desktop/test/cocos-creator/JumpingBlock/assets/Scripts/Player.ts as cce:/internal/x/cc.
10:46:57.631 debug: Target(editor) ends with cost 20.285875000059605ms.
10:46:57.631 debug: Target(preview) build started.
10:46:57.632 debug: Detected change: cce:/internal/x/prerequisite-imports. Last mtime: Thu Jan 01 1970 08:33:29 GMT+0800 (中国标准时间), Current mtime: Thu Jan 01 1970 08:37:40 GMT+0800 (中国标准时间)
10:46:57.632 debug: Inspect cce:/internal/x/prerequisite-imports
10:46:57.637 debug: transform url: 'cce:/internal/x/prerequisite-imports' costs: 4.80 ms
10:46:57.637 debug: Resolve file:///Applications/Cocos/Creator/3.8.6/CocosCreator.app/Contents/Resources/resources/3d/engine/editor/assets/default_renderpipeline/builtin-dof-pass.ts from cce:/internal/x/prerequisite-imports as file:///Applications/Cocos/Creator/3.8.6/CocosCreator.app/Contents/Resources/resources/3d/engine/editor/assets/default_renderpipeline/builtin-dof-pass.ts.
10:46:57.637 debug: Resolve file:///Applications/Cocos/Creator/3.8.6/CocosCreator.app/Contents/Resources/resources/3d/engine/editor/assets/default_renderpipeline/builtin-pipeline-pass.ts from cce:/internal/x/prerequisite-imports as file:///Applications/Cocos/Creator/3.8.6/CocosCreator.app/Contents/Resources/resources/3d/engine/editor/assets/default_renderpipeline/builtin-pipeline-pass.ts.
10:46:57.637 debug: Resolve file:///Applications/Cocos/Creator/3.8.6/CocosCreator.app/Contents/Resources/resources/3d/engine/editor/assets/default_renderpipeline/builtin-pipeline-settings.ts from cce:/internal/x/prerequisite-imports as file:///Applications/Cocos/Creator/3.8.6/CocosCreator.app/Contents/Resources/resources/3d/engine/editor/assets/default_renderpipeline/builtin-pipeline-settings.ts.
10:46:57.637 debug: Resolve file:///Applications/Cocos/Creator/3.8.6/CocosCreator.app/Contents/Resources/resources/3d/engine/editor/assets/default_renderpipeline/builtin-pipeline-types.ts from cce:/internal/x/prerequisite-imports as file:///Applications/Cocos/Creator/3.8.6/CocosCreator.app/Contents/Resources/resources/3d/engine/editor/assets/default_renderpipeline/builtin-pipeline-types.ts.
10:46:57.637 debug: Resolve file:///Applications/Cocos/Creator/3.8.6/CocosCreator.app/Contents/Resources/resources/3d/engine/editor/assets/default_renderpipeline/builtin-pipeline.ts from cce:/internal/x/prerequisite-imports as file:///Applications/Cocos/Creator/3.8.6/CocosCreator.app/Contents/Resources/resources/3d/engine/editor/assets/default_renderpipeline/builtin-pipeline.ts.
10:46:57.637 debug: Resolve file:///Applications/Cocos/Creator/3.8.6/CocosCreator.app/Contents/Resources/resources/3d/engine/editor/assets/tools/debug-view-runtime-control.ts from cce:/internal/x/prerequisite-imports as file:///Applications/Cocos/Creator/3.8.6/CocosCreator.app/Contents/Resources/resources/3d/engine/editor/assets/tools/debug-view-runtime-control.ts.
10:46:57.637 debug: Resolve file:///Users/zhao/Desktop/test/cocos-creator/JumpingBlock/assets/Scripts/GameManager.ts from cce:/internal/x/prerequisite-imports as file:///Users/zhao/Desktop/test/cocos-creator/JumpingBlock/assets/Scripts/GameManager.ts.
10:46:57.637 debug: Resolve file:///Users/zhao/Desktop/test/cocos-creator/JumpingBlock/assets/Scripts/Player.ts from cce:/internal/x/prerequisite-imports as file:///Users/zhao/Desktop/test/cocos-creator/JumpingBlock/assets/Scripts/Player.ts.
10:46:57.638 debug: Detected change: file:///Users/zhao/Desktop/test/cocos-creator/JumpingBlock/assets/Scripts/Player.ts. Last mtime: Mon Jun 23 2025 10:42:44 GMT+0800 (中国标准时间)@27e5d0c1-22b8-4c0b-ac9a-567760f940d5, Current mtime: Mon Jun 23 2025 10:46:56 GMT+0800 (中国标准时间)@27e5d0c1-22b8-4c0b-ac9a-567760f940d5
10:46:57.638 debug: Inspect file:///Users/zhao/Desktop/test/cocos-creator/JumpingBlock/assets/Scripts/Player.ts
10:46:57.650 debug: transform url: 'file:///Users/zhao/Desktop/test/cocos-creator/JumpingBlock/assets/Scripts/Player.ts' costs: 11.80 ms
10:46:57.650 debug: Resolve cc from file:///Users/zhao/Desktop/test/cocos-creator/JumpingBlock/assets/Scripts/Player.ts as cce:/internal/x/cc.
10:46:57.650 debug: Resolve cc from file:///Users/zhao/Desktop/test/cocos-creator/JumpingBlock/assets/Scripts/Player.ts as cce:/internal/x/cc.
10:46:57.650 debug: Resolve cc from file:///Users/zhao/Desktop/test/cocos-creator/JumpingBlock/assets/Scripts/Player.ts as cce:/internal/x/cc.
10:46:57.653 debug: Target(preview) ends with cost 21.72104200022295ms.
11:00:56.748 debug: Dispatch build request for time accumulated 1 asset changes.
11:00:56.753 debug: Build iteration starts.
Number of accumulated asset changes: 1
Feature changed: false
11:00:56.756 debug: Target(editor) build started.
11:00:56.769 debug: Detected change: cce:/internal/x/prerequisite-imports. Last mtime: Thu Jan 01 1970 08:37:40 GMT+0800 (中国标准时间), Current mtime: Thu Jan 01 1970 08:51:39 GMT+0800 (中国标准时间)
11:00:56.769 debug: Inspect cce:/internal/x/prerequisite-imports
11:00:56.795 debug: transform url: 'cce:/internal/x/prerequisite-imports' costs: 26.20 ms
11:00:56.796 debug: Resolve file:///Applications/Cocos/Creator/3.8.6/CocosCreator.app/Contents/Resources/resources/3d/engine/editor/assets/default_renderpipeline/builtin-dof-pass.ts from cce:/internal/x/prerequisite-imports as file:///Applications/Cocos/Creator/3.8.6/CocosCreator.app/Contents/Resources/resources/3d/engine/editor/assets/default_renderpipeline/builtin-dof-pass.ts.
11:00:56.796 debug: Resolve file:///Applications/Cocos/Creator/3.8.6/CocosCreator.app/Contents/Resources/resources/3d/engine/editor/assets/default_renderpipeline/builtin-pipeline-pass.ts from cce:/internal/x/prerequisite-imports as file:///Applications/Cocos/Creator/3.8.6/CocosCreator.app/Contents/Resources/resources/3d/engine/editor/assets/default_renderpipeline/builtin-pipeline-pass.ts.
11:00:56.796 debug: Resolve file:///Applications/Cocos/Creator/3.8.6/CocosCreator.app/Contents/Resources/resources/3d/engine/editor/assets/default_renderpipeline/builtin-pipeline-settings.ts from cce:/internal/x/prerequisite-imports as file:///Applications/Cocos/Creator/3.8.6/CocosCreator.app/Contents/Resources/resources/3d/engine/editor/assets/default_renderpipeline/builtin-pipeline-settings.ts.
11:00:56.796 debug: Resolve file:///Applications/Cocos/Creator/3.8.6/CocosCreator.app/Contents/Resources/resources/3d/engine/editor/assets/default_renderpipeline/builtin-pipeline-types.ts from cce:/internal/x/prerequisite-imports as file:///Applications/Cocos/Creator/3.8.6/CocosCreator.app/Contents/Resources/resources/3d/engine/editor/assets/default_renderpipeline/builtin-pipeline-types.ts.
11:00:56.796 debug: Resolve file:///Applications/Cocos/Creator/3.8.6/CocosCreator.app/Contents/Resources/resources/3d/engine/editor/assets/default_renderpipeline/builtin-pipeline.ts from cce:/internal/x/prerequisite-imports as file:///Applications/Cocos/Creator/3.8.6/CocosCreator.app/Contents/Resources/resources/3d/engine/editor/assets/default_renderpipeline/builtin-pipeline.ts.
11:00:56.796 debug: Resolve file:///Applications/Cocos/Creator/3.8.6/CocosCreator.app/Contents/Resources/resources/3d/engine/editor/assets/tools/debug-view-runtime-control.ts from cce:/internal/x/prerequisite-imports as file:///Applications/Cocos/Creator/3.8.6/CocosCreator.app/Contents/Resources/resources/3d/engine/editor/assets/tools/debug-view-runtime-control.ts.
11:00:56.796 debug: Resolve file:///Users/zhao/Desktop/test/cocos-creator/JumpingBlock/assets/Scripts/GameManager.ts from cce:/internal/x/prerequisite-imports as file:///Users/zhao/Desktop/test/cocos-creator/JumpingBlock/assets/Scripts/GameManager.ts.
11:00:56.797 debug: Resolve file:///Users/zhao/Desktop/test/cocos-creator/JumpingBlock/assets/Scripts/Player.ts from cce:/internal/x/prerequisite-imports as file:///Users/zhao/Desktop/test/cocos-creator/JumpingBlock/assets/Scripts/Player.ts.
11:00:56.797 debug: Detected change: file:///Users/zhao/Desktop/test/cocos-creator/JumpingBlock/assets/Scripts/Player.ts. Last mtime: Mon Jun 23 2025 10:46:56 GMT+0800 (中国标准时间)@27e5d0c1-22b8-4c0b-ac9a-567760f940d5, Current mtime: Mon Jun 23 2025 11:00:47 GMT+0800 (中国标准时间)@27e5d0c1-22b8-4c0b-ac9a-567760f940d5
11:00:56.797 debug: Inspect file:///Users/zhao/Desktop/test/cocos-creator/JumpingBlock/assets/Scripts/Player.ts
11:00:56.805 debug: transform url: 'file:///Users/zhao/Desktop/test/cocos-creator/JumpingBlock/assets/Scripts/Player.ts' costs: 7.60 ms
11:00:56.805 debug: Resolve cc from file:///Users/zhao/Desktop/test/cocos-creator/JumpingBlock/assets/Scripts/Player.ts as cce:/internal/x/cc.
11:00:56.805 debug: Resolve cc from file:///Users/zhao/Desktop/test/cocos-creator/JumpingBlock/assets/Scripts/Player.ts as cce:/internal/x/cc.
11:00:56.805 debug: Resolve cc from file:///Users/zhao/Desktop/test/cocos-creator/JumpingBlock/assets/Scripts/Player.ts as cce:/internal/x/cc.
11:00:56.809 debug: Target(editor) ends with cost 53.752125000115484ms.
11:00:56.810 debug: Target(preview) build started.
11:00:56.810 debug: Detected change: cce:/internal/x/prerequisite-imports. Last mtime: Thu Jan 01 1970 08:37:40 GMT+0800 (中国标准时间), Current mtime: Thu Jan 01 1970 08:51:39 GMT+0800 (中国标准时间)
11:00:56.810 debug: Inspect cce:/internal/x/prerequisite-imports
11:00:56.814 debug: transform url: 'cce:/internal/x/prerequisite-imports' costs: 3.20 ms
11:00:56.814 debug: Resolve file:///Applications/Cocos/Creator/3.8.6/CocosCreator.app/Contents/Resources/resources/3d/engine/editor/assets/default_renderpipeline/builtin-dof-pass.ts from cce:/internal/x/prerequisite-imports as file:///Applications/Cocos/Creator/3.8.6/CocosCreator.app/Contents/Resources/resources/3d/engine/editor/assets/default_renderpipeline/builtin-dof-pass.ts.
11:00:56.814 debug: Resolve file:///Applications/Cocos/Creator/3.8.6/CocosCreator.app/Contents/Resources/resources/3d/engine/editor/assets/default_renderpipeline/builtin-pipeline-pass.ts from cce:/internal/x/prerequisite-imports as file:///Applications/Cocos/Creator/3.8.6/CocosCreator.app/Contents/Resources/resources/3d/engine/editor/assets/default_renderpipeline/builtin-pipeline-pass.ts.
11:00:56.814 debug: Resolve file:///Applications/Cocos/Creator/3.8.6/CocosCreator.app/Contents/Resources/resources/3d/engine/editor/assets/default_renderpipeline/builtin-pipeline-settings.ts from cce:/internal/x/prerequisite-imports as file:///Applications/Cocos/Creator/3.8.6/CocosCreator.app/Contents/Resources/resources/3d/engine/editor/assets/default_renderpipeline/builtin-pipeline-settings.ts.
11:00:56.814 debug: Resolve file:///Applications/Cocos/Creator/3.8.6/CocosCreator.app/Contents/Resources/resources/3d/engine/editor/assets/default_renderpipeline/builtin-pipeline-types.ts from cce:/internal/x/prerequisite-imports as file:///Applications/Cocos/Creator/3.8.6/CocosCreator.app/Contents/Resources/resources/3d/engine/editor/assets/default_renderpipeline/builtin-pipeline-types.ts.
11:00:56.814 debug: Resolve file:///Applications/Cocos/Creator/3.8.6/CocosCreator.app/Contents/Resources/resources/3d/engine/editor/assets/default_renderpipeline/builtin-pipeline.ts from cce:/internal/x/prerequisite-imports as file:///Applications/Cocos/Creator/3.8.6/CocosCreator.app/Contents/Resources/resources/3d/engine/editor/assets/default_renderpipeline/builtin-pipeline.ts.
11:00:56.814 debug: Resolve file:///Applications/Cocos/Creator/3.8.6/CocosCreator.app/Contents/Resources/resources/3d/engine/editor/assets/tools/debug-view-runtime-control.ts from cce:/internal/x/prerequisite-imports as file:///Applications/Cocos/Creator/3.8.6/CocosCreator.app/Contents/Resources/resources/3d/engine/editor/assets/tools/debug-view-runtime-control.ts.
11:00:56.814 debug: Resolve file:///Users/zhao/Desktop/test/cocos-creator/JumpingBlock/assets/Scripts/GameManager.ts from cce:/internal/x/prerequisite-imports as file:///Users/zhao/Desktop/test/cocos-creator/JumpingBlock/assets/Scripts/GameManager.ts.
11:00:56.814 debug: Resolve file:///Users/zhao/Desktop/test/cocos-creator/JumpingBlock/assets/Scripts/Player.ts from cce:/internal/x/prerequisite-imports as file:///Users/zhao/Desktop/test/cocos-creator/JumpingBlock/assets/Scripts/Player.ts.
11:00:56.814 debug: Detected change: file:///Users/zhao/Desktop/test/cocos-creator/JumpingBlock/assets/Scripts/Player.ts. Last mtime: Mon Jun 23 2025 10:46:56 GMT+0800 (中国标准时间)@27e5d0c1-22b8-4c0b-ac9a-567760f940d5, Current mtime: Mon Jun 23 2025 11:00:47 GMT+0800 (中国标准时间)@27e5d0c1-22b8-4c0b-ac9a-567760f940d5
11:00:56.814 debug: Inspect file:///Users/zhao/Desktop/test/cocos-creator/JumpingBlock/assets/Scripts/Player.ts
11:00:56.826 debug: transform url: 'file:///Users/zhao/Desktop/test/cocos-creator/JumpingBlock/assets/Scripts/Player.ts' costs: 11.80 ms
11:00:56.827 debug: Resolve cc from file:///Users/zhao/Desktop/test/cocos-creator/JumpingBlock/assets/Scripts/Player.ts as cce:/internal/x/cc.
11:00:56.828 debug: Resolve cc from file:///Users/zhao/Desktop/test/cocos-creator/JumpingBlock/assets/Scripts/Player.ts as cce:/internal/x/cc.
11:00:56.828 debug: Resolve cc from file:///Users/zhao/Desktop/test/cocos-creator/JumpingBlock/assets/Scripts/Player.ts as cce:/internal/x/cc.
11:00:56.831 debug: Target(preview) ends with cost 21.784833000041544ms.
11:01:08.835 debug: Dispatch build request for time accumulated 1 asset changes.
11:01:08.836 debug: Build iteration starts.
Number of accumulated asset changes: 1
Feature changed: false
11:01:08.837 debug: Target(editor) build started.
11:01:08.838 debug: Detected change: cce:/internal/x/prerequisite-imports. Last mtime: Thu Jan 01 1970 08:51:39 GMT+0800 (中国标准时间), Current mtime: Thu Jan 01 1970 08:51:51 GMT+0800 (中国标准时间)
11:01:08.838 debug: Inspect cce:/internal/x/prerequisite-imports
11:01:08.841 debug: transform url: 'cce:/internal/x/prerequisite-imports' costs: 3.60 ms
11:01:08.842 debug: Resolve file:///Applications/Cocos/Creator/3.8.6/CocosCreator.app/Contents/Resources/resources/3d/engine/editor/assets/default_renderpipeline/builtin-dof-pass.ts from cce:/internal/x/prerequisite-imports as file:///Applications/Cocos/Creator/3.8.6/CocosCreator.app/Contents/Resources/resources/3d/engine/editor/assets/default_renderpipeline/builtin-dof-pass.ts.
11:01:08.842 debug: Resolve file:///Applications/Cocos/Creator/3.8.6/CocosCreator.app/Contents/Resources/resources/3d/engine/editor/assets/default_renderpipeline/builtin-pipeline-pass.ts from cce:/internal/x/prerequisite-imports as file:///Applications/Cocos/Creator/3.8.6/CocosCreator.app/Contents/Resources/resources/3d/engine/editor/assets/default_renderpipeline/builtin-pipeline-pass.ts.
11:01:08.842 debug: Resolve file:///Applications/Cocos/Creator/3.8.6/CocosCreator.app/Contents/Resources/resources/3d/engine/editor/assets/default_renderpipeline/builtin-pipeline-settings.ts from cce:/internal/x/prerequisite-imports as file:///Applications/Cocos/Creator/3.8.6/CocosCreator.app/Contents/Resources/resources/3d/engine/editor/assets/default_renderpipeline/builtin-pipeline-settings.ts.
11:01:08.842 debug: Resolve file:///Applications/Cocos/Creator/3.8.6/CocosCreator.app/Contents/Resources/resources/3d/engine/editor/assets/default_renderpipeline/builtin-pipeline-types.ts from cce:/internal/x/prerequisite-imports as file:///Applications/Cocos/Creator/3.8.6/CocosCreator.app/Contents/Resources/resources/3d/engine/editor/assets/default_renderpipeline/builtin-pipeline-types.ts.
11:01:08.842 debug: Resolve file:///Applications/Cocos/Creator/3.8.6/CocosCreator.app/Contents/Resources/resources/3d/engine/editor/assets/default_renderpipeline/builtin-pipeline.ts from cce:/internal/x/prerequisite-imports as file:///Applications/Cocos/Creator/3.8.6/CocosCreator.app/Contents/Resources/resources/3d/engine/editor/assets/default_renderpipeline/builtin-pipeline.ts.
11:01:08.842 debug: Resolve file:///Applications/Cocos/Creator/3.8.6/CocosCreator.app/Contents/Resources/resources/3d/engine/editor/assets/tools/debug-view-runtime-control.ts from cce:/internal/x/prerequisite-imports as file:///Applications/Cocos/Creator/3.8.6/CocosCreator.app/Contents/Resources/resources/3d/engine/editor/assets/tools/debug-view-runtime-control.ts.
11:01:08.842 debug: Resolve file:///Users/zhao/Desktop/test/cocos-creator/JumpingBlock/assets/Scripts/GameManager.ts from cce:/internal/x/prerequisite-imports as file:///Users/zhao/Desktop/test/cocos-creator/JumpingBlock/assets/Scripts/GameManager.ts.
11:01:08.842 debug: Resolve file:///Users/zhao/Desktop/test/cocos-creator/JumpingBlock/assets/Scripts/Player.ts from cce:/internal/x/prerequisite-imports as file:///Users/zhao/Desktop/test/cocos-creator/JumpingBlock/assets/Scripts/Player.ts.
11:01:08.842 debug: Detected change: file:///Users/zhao/Desktop/test/cocos-creator/JumpingBlock/assets/Scripts/Player.ts. Last mtime: Mon Jun 23 2025 11:00:47 GMT+0800 (中国标准时间)@27e5d0c1-22b8-4c0b-ac9a-567760f940d5, Current mtime: Mon Jun 23 2025 11:01:08 GMT+0800 (中国标准时间)@27e5d0c1-22b8-4c0b-ac9a-567760f940d5
11:01:08.842 debug: Inspect file:///Users/zhao/Desktop/test/cocos-creator/JumpingBlock/assets/Scripts/Player.ts
11:01:08.849 debug: transform url: 'file:///Users/zhao/Desktop/test/cocos-creator/JumpingBlock/assets/Scripts/Player.ts' costs: 7.00 ms
11:01:08.849 debug: Resolve cc from file:///Users/zhao/Desktop/test/cocos-creator/JumpingBlock/assets/Scripts/Player.ts as cce:/internal/x/cc.
11:01:08.849 debug: Resolve cc from file:///Users/zhao/Desktop/test/cocos-creator/JumpingBlock/assets/Scripts/Player.ts as cce:/internal/x/cc.
11:01:08.849 debug: Resolve cc from file:///Users/zhao/Desktop/test/cocos-creator/JumpingBlock/assets/Scripts/Player.ts as cce:/internal/x/cc.
11:01:08.860 debug: Target(editor) ends with cost 22.915165999904275ms.
11:01:08.860 debug: Target(preview) build started.
11:01:08.864 debug: Detected change: cce:/internal/x/prerequisite-imports. Last mtime: Thu Jan 01 1970 08:51:39 GMT+0800 (中国标准时间), Current mtime: Thu Jan 01 1970 08:51:51 GMT+0800 (中国标准时间)
11:01:08.864 debug: Inspect cce:/internal/x/prerequisite-imports
11:01:08.871 debug: transform url: 'cce:/internal/x/prerequisite-imports' costs: 7.50 ms
11:01:08.872 debug: Resolve file:///Applications/Cocos/Creator/3.8.6/CocosCreator.app/Contents/Resources/resources/3d/engine/editor/assets/default_renderpipeline/builtin-dof-pass.ts from cce:/internal/x/prerequisite-imports as file:///Applications/Cocos/Creator/3.8.6/CocosCreator.app/Contents/Resources/resources/3d/engine/editor/assets/default_renderpipeline/builtin-dof-pass.ts.
11:01:08.872 debug: Resolve file:///Applications/Cocos/Creator/3.8.6/CocosCreator.app/Contents/Resources/resources/3d/engine/editor/assets/default_renderpipeline/builtin-pipeline-pass.ts from cce:/internal/x/prerequisite-imports as file:///Applications/Cocos/Creator/3.8.6/CocosCreator.app/Contents/Resources/resources/3d/engine/editor/assets/default_renderpipeline/builtin-pipeline-pass.ts.
11:01:08.872 debug: Resolve file:///Applications/Cocos/Creator/3.8.6/CocosCreator.app/Contents/Resources/resources/3d/engine/editor/assets/default_renderpipeline/builtin-pipeline-settings.ts from cce:/internal/x/prerequisite-imports as file:///Applications/Cocos/Creator/3.8.6/CocosCreator.app/Contents/Resources/resources/3d/engine/editor/assets/default_renderpipeline/builtin-pipeline-settings.ts.
11:01:08.872 debug: Resolve file:///Applications/Cocos/Creator/3.8.6/CocosCreator.app/Contents/Resources/resources/3d/engine/editor/assets/default_renderpipeline/builtin-pipeline-types.ts from cce:/internal/x/prerequisite-imports as file:///Applications/Cocos/Creator/3.8.6/CocosCreator.app/Contents/Resources/resources/3d/engine/editor/assets/default_renderpipeline/builtin-pipeline-types.ts.
11:01:08.872 debug: Resolve file:///Applications/Cocos/Creator/3.8.6/CocosCreator.app/Contents/Resources/resources/3d/engine/editor/assets/default_renderpipeline/builtin-pipeline.ts from cce:/internal/x/prerequisite-imports as file:///Applications/Cocos/Creator/3.8.6/CocosCreator.app/Contents/Resources/resources/3d/engine/editor/assets/default_renderpipeline/builtin-pipeline.ts.
11:01:08.872 debug: Resolve file:///Applications/Cocos/Creator/3.8.6/CocosCreator.app/Contents/Resources/resources/3d/engine/editor/assets/tools/debug-view-runtime-control.ts from cce:/internal/x/prerequisite-imports as file:///Applications/Cocos/Creator/3.8.6/CocosCreator.app/Contents/Resources/resources/3d/engine/editor/assets/tools/debug-view-runtime-control.ts.
11:01:08.873 debug: Resolve file:///Users/zhao/Desktop/test/cocos-creator/JumpingBlock/assets/Scripts/GameManager.ts from cce:/internal/x/prerequisite-imports as file:///Users/zhao/Desktop/test/cocos-creator/JumpingBlock/assets/Scripts/GameManager.ts.
11:01:08.873 debug: Resolve file:///Users/zhao/Desktop/test/cocos-creator/JumpingBlock/assets/Scripts/Player.ts from cce:/internal/x/prerequisite-imports as file:///Users/zhao/Desktop/test/cocos-creator/JumpingBlock/assets/Scripts/Player.ts.
11:01:08.873 debug: Detected change: file:///Users/zhao/Desktop/test/cocos-creator/JumpingBlock/assets/Scripts/Player.ts. Last mtime: Mon Jun 23 2025 11:00:47 GMT+0800 (中国标准时间)@27e5d0c1-22b8-4c0b-ac9a-567760f940d5, Current mtime: Mon Jun 23 2025 11:01:08 GMT+0800 (中国标准时间)@27e5d0c1-22b8-4c0b-ac9a-567760f940d5
11:01:08.873 debug: Inspect file:///Users/zhao/Desktop/test/cocos-creator/JumpingBlock/assets/Scripts/Player.ts
11:01:08.887 debug: transform url: 'file:///Users/zhao/Desktop/test/cocos-creator/JumpingBlock/assets/Scripts/Player.ts' costs: 14.00 ms
11:01:08.887 debug: Resolve cc from file:///Users/zhao/Desktop/test/cocos-creator/JumpingBlock/assets/Scripts/Player.ts as cce:/internal/x/cc.
11:01:08.887 debug: Resolve cc from file:///Users/zhao/Desktop/test/cocos-creator/JumpingBlock/assets/Scripts/Player.ts as cce:/internal/x/cc.
11:01:08.887 debug: Resolve cc from file:///Users/zhao/Desktop/test/cocos-creator/JumpingBlock/assets/Scripts/Player.ts as cce:/internal/x/cc.
11:01:08.894 debug: Target(preview) ends with cost 34.022667000070214ms.
11:02:00.116 debug: Dispatch build request for time accumulated 1 asset changes.
11:02:00.117 debug: Build iteration starts.
Number of accumulated asset changes: 1
Feature changed: false
11:02:00.117 debug: Target(editor) build started.
11:02:00.118 debug: Detected change: cce:/internal/x/prerequisite-imports. Last mtime: Thu Jan 01 1970 08:51:51 GMT+0800 (中国标准时间), Current mtime: Thu Jan 01 1970 08:52:42 GMT+0800 (中国标准时间)
11:02:00.118 debug: Inspect cce:/internal/x/prerequisite-imports
11:02:00.122 debug: transform url: 'cce:/internal/x/prerequisite-imports' costs: 3.90 ms
11:02:00.122 debug: Resolve file:///Applications/Cocos/Creator/3.8.6/CocosCreator.app/Contents/Resources/resources/3d/engine/editor/assets/default_renderpipeline/builtin-dof-pass.ts from cce:/internal/x/prerequisite-imports as file:///Applications/Cocos/Creator/3.8.6/CocosCreator.app/Contents/Resources/resources/3d/engine/editor/assets/default_renderpipeline/builtin-dof-pass.ts.
11:02:00.122 debug: Resolve file:///Applications/Cocos/Creator/3.8.6/CocosCreator.app/Contents/Resources/resources/3d/engine/editor/assets/default_renderpipeline/builtin-pipeline-pass.ts from cce:/internal/x/prerequisite-imports as file:///Applications/Cocos/Creator/3.8.6/CocosCreator.app/Contents/Resources/resources/3d/engine/editor/assets/default_renderpipeline/builtin-pipeline-pass.ts.
11:02:00.123 debug: Resolve file:///Applications/Cocos/Creator/3.8.6/CocosCreator.app/Contents/Resources/resources/3d/engine/editor/assets/default_renderpipeline/builtin-pipeline-settings.ts from cce:/internal/x/prerequisite-imports as file:///Applications/Cocos/Creator/3.8.6/CocosCreator.app/Contents/Resources/resources/3d/engine/editor/assets/default_renderpipeline/builtin-pipeline-settings.ts.
11:02:00.123 debug: Resolve file:///Applications/Cocos/Creator/3.8.6/CocosCreator.app/Contents/Resources/resources/3d/engine/editor/assets/default_renderpipeline/builtin-pipeline-types.ts from cce:/internal/x/prerequisite-imports as file:///Applications/Cocos/Creator/3.8.6/CocosCreator.app/Contents/Resources/resources/3d/engine/editor/assets/default_renderpipeline/builtin-pipeline-types.ts.
11:02:00.123 debug: Resolve file:///Applications/Cocos/Creator/3.8.6/CocosCreator.app/Contents/Resources/resources/3d/engine/editor/assets/default_renderpipeline/builtin-pipeline.ts from cce:/internal/x/prerequisite-imports as file:///Applications/Cocos/Creator/3.8.6/CocosCreator.app/Contents/Resources/resources/3d/engine/editor/assets/default_renderpipeline/builtin-pipeline.ts.
11:02:00.123 debug: Resolve file:///Applications/Cocos/Creator/3.8.6/CocosCreator.app/Contents/Resources/resources/3d/engine/editor/assets/tools/debug-view-runtime-control.ts from cce:/internal/x/prerequisite-imports as file:///Applications/Cocos/Creator/3.8.6/CocosCreator.app/Contents/Resources/resources/3d/engine/editor/assets/tools/debug-view-runtime-control.ts.
11:02:00.123 debug: Resolve file:///Users/zhao/Desktop/test/cocos-creator/JumpingBlock/assets/Scripts/GameManager.ts from cce:/internal/x/prerequisite-imports as file:///Users/zhao/Desktop/test/cocos-creator/JumpingBlock/assets/Scripts/GameManager.ts.
11:02:00.123 debug: Resolve file:///Users/zhao/Desktop/test/cocos-creator/JumpingBlock/assets/Scripts/Player.ts from cce:/internal/x/prerequisite-imports as file:///Users/zhao/Desktop/test/cocos-creator/JumpingBlock/assets/Scripts/Player.ts.
11:02:00.123 debug: Detected change: file:///Users/zhao/Desktop/test/cocos-creator/JumpingBlock/assets/Scripts/Player.ts. Last mtime: Mon Jun 23 2025 11:01:08 GMT+0800 (中国标准时间)@27e5d0c1-22b8-4c0b-ac9a-567760f940d5, Current mtime: Mon Jun 23 2025 11:01:58 GMT+0800 (中国标准时间)@27e5d0c1-22b8-4c0b-ac9a-567760f940d5
11:02:00.123 debug: Inspect file:///Users/zhao/Desktop/test/cocos-creator/JumpingBlock/assets/Scripts/Player.ts
11:02:00.132 debug: transform url: 'file:///Users/zhao/Desktop/test/cocos-creator/JumpingBlock/assets/Scripts/Player.ts' costs: 9.10 ms
11:02:00.132 debug: Resolve cc from file:///Users/zhao/Desktop/test/cocos-creator/JumpingBlock/assets/Scripts/Player.ts as cce:/internal/x/cc.
11:02:00.132 debug: Resolve cc from file:///Users/zhao/Desktop/test/cocos-creator/JumpingBlock/assets/Scripts/Player.ts as cce:/internal/x/cc.
11:02:00.132 debug: Resolve cc from file:///Users/zhao/Desktop/test/cocos-creator/JumpingBlock/assets/Scripts/Player.ts as cce:/internal/x/cc.
11:02:00.134 debug: Target(editor) ends with cost 17.164000000339ms.
11:02:00.134 debug: Target(preview) build started.
11:02:00.135 debug: Detected change: cce:/internal/x/prerequisite-imports. Last mtime: Thu Jan 01 1970 08:51:51 GMT+0800 (中国标准时间), Current mtime: Thu Jan 01 1970 08:52:42 GMT+0800 (中国标准时间)
11:02:00.135 debug: Inspect cce:/internal/x/prerequisite-imports
11:02:00.138 debug: transform url: 'cce:/internal/x/prerequisite-imports' costs: 3.00 ms
11:02:00.138 debug: Resolve file:///Applications/Cocos/Creator/3.8.6/CocosCreator.app/Contents/Resources/resources/3d/engine/editor/assets/default_renderpipeline/builtin-dof-pass.ts from cce:/internal/x/prerequisite-imports as file:///Applications/Cocos/Creator/3.8.6/CocosCreator.app/Contents/Resources/resources/3d/engine/editor/assets/default_renderpipeline/builtin-dof-pass.ts.
11:02:00.138 debug: Resolve file:///Applications/Cocos/Creator/3.8.6/CocosCreator.app/Contents/Resources/resources/3d/engine/editor/assets/default_renderpipeline/builtin-pipeline-pass.ts from cce:/internal/x/prerequisite-imports as file:///Applications/Cocos/Creator/3.8.6/CocosCreator.app/Contents/Resources/resources/3d/engine/editor/assets/default_renderpipeline/builtin-pipeline-pass.ts.
11:02:00.139 debug: Resolve file:///Applications/Cocos/Creator/3.8.6/CocosCreator.app/Contents/Resources/resources/3d/engine/editor/assets/default_renderpipeline/builtin-pipeline-settings.ts from cce:/internal/x/prerequisite-imports as file:///Applications/Cocos/Creator/3.8.6/CocosCreator.app/Contents/Resources/resources/3d/engine/editor/assets/default_renderpipeline/builtin-pipeline-settings.ts.
11:02:00.139 debug: Resolve file:///Applications/Cocos/Creator/3.8.6/CocosCreator.app/Contents/Resources/resources/3d/engine/editor/assets/default_renderpipeline/builtin-pipeline-types.ts from cce:/internal/x/prerequisite-imports as file:///Applications/Cocos/Creator/3.8.6/CocosCreator.app/Contents/Resources/resources/3d/engine/editor/assets/default_renderpipeline/builtin-pipeline-types.ts.
11:02:00.139 debug: Resolve file:///Applications/Cocos/Creator/3.8.6/CocosCreator.app/Contents/Resources/resources/3d/engine/editor/assets/default_renderpipeline/builtin-pipeline.ts from cce:/internal/x/prerequisite-imports as file:///Applications/Cocos/Creator/3.8.6/CocosCreator.app/Contents/Resources/resources/3d/engine/editor/assets/default_renderpipeline/builtin-pipeline.ts.
11:02:00.139 debug: Resolve file:///Applications/Cocos/Creator/3.8.6/CocosCreator.app/Contents/Resources/resources/3d/engine/editor/assets/tools/debug-view-runtime-control.ts from cce:/internal/x/prerequisite-imports as file:///Applications/Cocos/Creator/3.8.6/CocosCreator.app/Contents/Resources/resources/3d/engine/editor/assets/tools/debug-view-runtime-control.ts.
11:02:00.139 debug: Resolve file:///Users/zhao/Desktop/test/cocos-creator/JumpingBlock/assets/Scripts/GameManager.ts from cce:/internal/x/prerequisite-imports as file:///Users/zhao/Desktop/test/cocos-creator/JumpingBlock/assets/Scripts/GameManager.ts.
11:02:00.139 debug: Resolve file:///Users/zhao/Desktop/test/cocos-creator/JumpingBlock/assets/Scripts/Player.ts from cce:/internal/x/prerequisite-imports as file:///Users/zhao/Desktop/test/cocos-creator/JumpingBlock/assets/Scripts/Player.ts.
11:02:00.139 debug: Detected change: file:///Users/zhao/Desktop/test/cocos-creator/JumpingBlock/assets/Scripts/Player.ts. Last mtime: Mon Jun 23 2025 11:01:08 GMT+0800 (中国标准时间)@27e5d0c1-22b8-4c0b-ac9a-567760f940d5, Current mtime: Mon Jun 23 2025 11:01:58 GMT+0800 (中国标准时间)@27e5d0c1-22b8-4c0b-ac9a-567760f940d5
11:02:00.139 debug: Inspect file:///Users/zhao/Desktop/test/cocos-creator/JumpingBlock/assets/Scripts/Player.ts
11:02:00.149 debug: transform url: 'file:///Users/zhao/Desktop/test/cocos-creator/JumpingBlock/assets/Scripts/Player.ts' costs: 10.20 ms
11:02:00.150 debug: Resolve cc from file:///Users/zhao/Desktop/test/cocos-creator/JumpingBlock/assets/Scripts/Player.ts as cce:/internal/x/cc.
11:02:00.150 debug: Resolve cc from file:///Users/zhao/Desktop/test/cocos-creator/JumpingBlock/assets/Scripts/Player.ts as cce:/internal/x/cc.
11:02:00.150 debug: Resolve cc from file:///Users/zhao/Desktop/test/cocos-creator/JumpingBlock/assets/Scripts/Player.ts as cce:/internal/x/cc.
11:02:00.151 debug: Target(preview) ends with cost 16.725957999937236ms.
11:03:03.815 debug: Dispatch build request for time accumulated 1 asset changes.
11:03:03.815 debug: Build iteration starts.
Number of accumulated asset changes: 1
Feature changed: false
11:03:03.816 debug: Target(editor) build started.
11:03:03.817 debug: Detected change: cce:/internal/x/prerequisite-imports. Last mtime: Thu Jan 01 1970 08:52:42 GMT+0800 (中国标准时间), Current mtime: Thu Jan 01 1970 08:53:46 GMT+0800 (中国标准时间)
11:03:03.817 debug: Inspect cce:/internal/x/prerequisite-imports
11:03:03.821 debug: transform url: 'cce:/internal/x/prerequisite-imports' costs: 4.00 ms
11:03:03.821 debug: Resolve file:///Applications/Cocos/Creator/3.8.6/CocosCreator.app/Contents/Resources/resources/3d/engine/editor/assets/default_renderpipeline/builtin-dof-pass.ts from cce:/internal/x/prerequisite-imports as file:///Applications/Cocos/Creator/3.8.6/CocosCreator.app/Contents/Resources/resources/3d/engine/editor/assets/default_renderpipeline/builtin-dof-pass.ts.
11:03:03.821 debug: Resolve file:///Applications/Cocos/Creator/3.8.6/CocosCreator.app/Contents/Resources/resources/3d/engine/editor/assets/default_renderpipeline/builtin-pipeline-pass.ts from cce:/internal/x/prerequisite-imports as file:///Applications/Cocos/Creator/3.8.6/CocosCreator.app/Contents/Resources/resources/3d/engine/editor/assets/default_renderpipeline/builtin-pipeline-pass.ts.
11:03:03.821 debug: Resolve file:///Applications/Cocos/Creator/3.8.6/CocosCreator.app/Contents/Resources/resources/3d/engine/editor/assets/default_renderpipeline/builtin-pipeline-settings.ts from cce:/internal/x/prerequisite-imports as file:///Applications/Cocos/Creator/3.8.6/CocosCreator.app/Contents/Resources/resources/3d/engine/editor/assets/default_renderpipeline/builtin-pipeline-settings.ts.
11:03:03.822 debug: Resolve file:///Applications/Cocos/Creator/3.8.6/CocosCreator.app/Contents/Resources/resources/3d/engine/editor/assets/default_renderpipeline/builtin-pipeline-types.ts from cce:/internal/x/prerequisite-imports as file:///Applications/Cocos/Creator/3.8.6/CocosCreator.app/Contents/Resources/resources/3d/engine/editor/assets/default_renderpipeline/builtin-pipeline-types.ts.
11:03:03.822 debug: Resolve file:///Applications/Cocos/Creator/3.8.6/CocosCreator.app/Contents/Resources/resources/3d/engine/editor/assets/default_renderpipeline/builtin-pipeline.ts from cce:/internal/x/prerequisite-imports as file:///Applications/Cocos/Creator/3.8.6/CocosCreator.app/Contents/Resources/resources/3d/engine/editor/assets/default_renderpipeline/builtin-pipeline.ts.
11:03:03.822 debug: Resolve file:///Applications/Cocos/Creator/3.8.6/CocosCreator.app/Contents/Resources/resources/3d/engine/editor/assets/tools/debug-view-runtime-control.ts from cce:/internal/x/prerequisite-imports as file:///Applications/Cocos/Creator/3.8.6/CocosCreator.app/Contents/Resources/resources/3d/engine/editor/assets/tools/debug-view-runtime-control.ts.
11:03:03.822 debug: Resolve file:///Users/zhao/Desktop/test/cocos-creator/JumpingBlock/assets/Scripts/GameManager.ts from cce:/internal/x/prerequisite-imports as file:///Users/zhao/Desktop/test/cocos-creator/JumpingBlock/assets/Scripts/GameManager.ts.
11:03:03.822 debug: Resolve file:///Users/zhao/Desktop/test/cocos-creator/JumpingBlock/assets/Scripts/Player.ts from cce:/internal/x/prerequisite-imports as file:///Users/zhao/Desktop/test/cocos-creator/JumpingBlock/assets/Scripts/Player.ts.
11:03:03.822 debug: Detected change: file:///Users/zhao/Desktop/test/cocos-creator/JumpingBlock/assets/Scripts/Player.ts. Last mtime: Mon Jun 23 2025 11:01:58 GMT+0800 (中国标准时间)@27e5d0c1-22b8-4c0b-ac9a-567760f940d5, Current mtime: Mon Jun 23 2025 11:03:03 GMT+0800 (中国标准时间)@27e5d0c1-22b8-4c0b-ac9a-567760f940d5
11:03:03.822 debug: Inspect file:///Users/zhao/Desktop/test/cocos-creator/JumpingBlock/assets/Scripts/Player.ts
11:03:03.829 debug: transform url: 'file:///Users/zhao/Desktop/test/cocos-creator/JumpingBlock/assets/Scripts/Player.ts' costs: 7.80 ms
11:03:03.830 debug: Resolve cc from file:///Users/zhao/Desktop/test/cocos-creator/JumpingBlock/assets/Scripts/Player.ts as cce:/internal/x/cc.
11:03:03.830 debug: Resolve cc from file:///Users/zhao/Desktop/test/cocos-creator/JumpingBlock/assets/Scripts/Player.ts as cce:/internal/x/cc.
11:03:03.830 debug: Resolve cc from file:///Users/zhao/Desktop/test/cocos-creator/JumpingBlock/assets/Scripts/Player.ts as cce:/internal/x/cc.
11:03:03.833 debug: Target(editor) ends with cost 16.99341699993238ms.
11:03:03.833 debug: Target(preview) build started.
11:03:03.833 debug: Detected change: cce:/internal/x/prerequisite-imports. Last mtime: Thu Jan 01 1970 08:52:42 GMT+0800 (中国标准时间), Current mtime: Thu Jan 01 1970 08:53:46 GMT+0800 (中国标准时间)
11:03:03.834 debug: Inspect cce:/internal/x/prerequisite-imports
11:03:03.837 debug: transform url: 'cce:/internal/x/prerequisite-imports' costs: 3.40 ms
11:03:03.837 debug: Resolve file:///Applications/Cocos/Creator/3.8.6/CocosCreator.app/Contents/Resources/resources/3d/engine/editor/assets/default_renderpipeline/builtin-dof-pass.ts from cce:/internal/x/prerequisite-imports as file:///Applications/Cocos/Creator/3.8.6/CocosCreator.app/Contents/Resources/resources/3d/engine/editor/assets/default_renderpipeline/builtin-dof-pass.ts.
11:03:03.837 debug: Resolve file:///Applications/Cocos/Creator/3.8.6/CocosCreator.app/Contents/Resources/resources/3d/engine/editor/assets/default_renderpipeline/builtin-pipeline-pass.ts from cce:/internal/x/prerequisite-imports as file:///Applications/Cocos/Creator/3.8.6/CocosCreator.app/Contents/Resources/resources/3d/engine/editor/assets/default_renderpipeline/builtin-pipeline-pass.ts.
11:03:03.837 debug: Resolve file:///Applications/Cocos/Creator/3.8.6/CocosCreator.app/Contents/Resources/resources/3d/engine/editor/assets/default_renderpipeline/builtin-pipeline-settings.ts from cce:/internal/x/prerequisite-imports as file:///Applications/Cocos/Creator/3.8.6/CocosCreator.app/Contents/Resources/resources/3d/engine/editor/assets/default_renderpipeline/builtin-pipeline-settings.ts.
11:03:03.837 debug: Resolve file:///Applications/Cocos/Creator/3.8.6/CocosCreator.app/Contents/Resources/resources/3d/engine/editor/assets/default_renderpipeline/builtin-pipeline-types.ts from cce:/internal/x/prerequisite-imports as file:///Applications/Cocos/Creator/3.8.6/CocosCreator.app/Contents/Resources/resources/3d/engine/editor/assets/default_renderpipeline/builtin-pipeline-types.ts.
11:03:03.837 debug: Resolve file:///Applications/Cocos/Creator/3.8.6/CocosCreator.app/Contents/Resources/resources/3d/engine/editor/assets/default_renderpipeline/builtin-pipeline.ts from cce:/internal/x/prerequisite-imports as file:///Applications/Cocos/Creator/3.8.6/CocosCreator.app/Contents/Resources/resources/3d/engine/editor/assets/default_renderpipeline/builtin-pipeline.ts.
11:03:03.837 debug: Resolve file:///Applications/Cocos/Creator/3.8.6/CocosCreator.app/Contents/Resources/resources/3d/engine/editor/assets/tools/debug-view-runtime-control.ts from cce:/internal/x/prerequisite-imports as file:///Applications/Cocos/Creator/3.8.6/CocosCreator.app/Contents/Resources/resources/3d/engine/editor/assets/tools/debug-view-runtime-control.ts.
11:03:03.838 debug: Resolve file:///Users/zhao/Desktop/test/cocos-creator/JumpingBlock/assets/Scripts/GameManager.ts from cce:/internal/x/prerequisite-imports as file:///Users/zhao/Desktop/test/cocos-creator/JumpingBlock/assets/Scripts/GameManager.ts.
11:03:03.838 debug: Resolve file:///Users/zhao/Desktop/test/cocos-creator/JumpingBlock/assets/Scripts/Player.ts from cce:/internal/x/prerequisite-imports as file:///Users/zhao/Desktop/test/cocos-creator/JumpingBlock/assets/Scripts/Player.ts.
11:03:03.838 debug: Detected change: file:///Users/zhao/Desktop/test/cocos-creator/JumpingBlock/assets/Scripts/Player.ts. Last mtime: Mon Jun 23 2025 11:01:58 GMT+0800 (中国标准时间)@27e5d0c1-22b8-4c0b-ac9a-567760f940d5, Current mtime: Mon Jun 23 2025 11:03:03 GMT+0800 (中国标准时间)@27e5d0c1-22b8-4c0b-ac9a-567760f940d5
11:03:03.838 debug: Inspect file:///Users/zhao/Desktop/test/cocos-creator/JumpingBlock/assets/Scripts/Player.ts
11:03:03.846 debug: transform url: 'file:///Users/zhao/Desktop/test/cocos-creator/JumpingBlock/assets/Scripts/Player.ts' costs: 8.70 ms
11:03:03.847 debug: Resolve cc from file:///Users/zhao/Desktop/test/cocos-creator/JumpingBlock/assets/Scripts/Player.ts as cce:/internal/x/cc.
11:03:03.847 debug: Resolve cc from file:///Users/zhao/Desktop/test/cocos-creator/JumpingBlock/assets/Scripts/Player.ts as cce:/internal/x/cc.
11:03:03.847 debug: Resolve cc from file:///Users/zhao/Desktop/test/cocos-creator/JumpingBlock/assets/Scripts/Player.ts as cce:/internal/x/cc.
11:03:03.850 debug: Target(preview) ends with cost 17.059166999999434ms.
11:03:17.007 debug: Dispatch build request for time accumulated 1 asset changes.
11:03:17.007 debug: Build iteration starts.
Number of accumulated asset changes: 1
Feature changed: false
11:03:17.008 debug: Target(editor) build started.
11:03:17.009 debug: Detected change: cce:/internal/x/prerequisite-imports. Last mtime: Thu Jan 01 1970 08:53:46 GMT+0800 (中国标准时间), Current mtime: Thu Jan 01 1970 08:53:59 GMT+0800 (中国标准时间)
11:03:17.009 debug: Inspect cce:/internal/x/prerequisite-imports
11:03:17.013 debug: transform url: 'cce:/internal/x/prerequisite-imports' costs: 3.90 ms
11:03:17.013 debug: Resolve file:///Applications/Cocos/Creator/3.8.6/CocosCreator.app/Contents/Resources/resources/3d/engine/editor/assets/default_renderpipeline/builtin-dof-pass.ts from cce:/internal/x/prerequisite-imports as file:///Applications/Cocos/Creator/3.8.6/CocosCreator.app/Contents/Resources/resources/3d/engine/editor/assets/default_renderpipeline/builtin-dof-pass.ts.
11:03:17.013 debug: Resolve file:///Applications/Cocos/Creator/3.8.6/CocosCreator.app/Contents/Resources/resources/3d/engine/editor/assets/default_renderpipeline/builtin-pipeline-pass.ts from cce:/internal/x/prerequisite-imports as file:///Applications/Cocos/Creator/3.8.6/CocosCreator.app/Contents/Resources/resources/3d/engine/editor/assets/default_renderpipeline/builtin-pipeline-pass.ts.
11:03:17.013 debug: Resolve file:///Applications/Cocos/Creator/3.8.6/CocosCreator.app/Contents/Resources/resources/3d/engine/editor/assets/default_renderpipeline/builtin-pipeline-settings.ts from cce:/internal/x/prerequisite-imports as file:///Applications/Cocos/Creator/3.8.6/CocosCreator.app/Contents/Resources/resources/3d/engine/editor/assets/default_renderpipeline/builtin-pipeline-settings.ts.
11:03:17.013 debug: Resolve file:///Applications/Cocos/Creator/3.8.6/CocosCreator.app/Contents/Resources/resources/3d/engine/editor/assets/default_renderpipeline/builtin-pipeline-types.ts from cce:/internal/x/prerequisite-imports as file:///Applications/Cocos/Creator/3.8.6/CocosCreator.app/Contents/Resources/resources/3d/engine/editor/assets/default_renderpipeline/builtin-pipeline-types.ts.
11:03:17.013 debug: Resolve file:///Applications/Cocos/Creator/3.8.6/CocosCreator.app/Contents/Resources/resources/3d/engine/editor/assets/default_renderpipeline/builtin-pipeline.ts from cce:/internal/x/prerequisite-imports as file:///Applications/Cocos/Creator/3.8.6/CocosCreator.app/Contents/Resources/resources/3d/engine/editor/assets/default_renderpipeline/builtin-pipeline.ts.
11:03:17.013 debug: Resolve file:///Applications/Cocos/Creator/3.8.6/CocosCreator.app/Contents/Resources/resources/3d/engine/editor/assets/tools/debug-view-runtime-control.ts from cce:/internal/x/prerequisite-imports as file:///Applications/Cocos/Creator/3.8.6/CocosCreator.app/Contents/Resources/resources/3d/engine/editor/assets/tools/debug-view-runtime-control.ts.
11:03:17.014 debug: Resolve file:///Users/zhao/Desktop/test/cocos-creator/JumpingBlock/assets/Scripts/GameManager.ts from cce:/internal/x/prerequisite-imports as file:///Users/zhao/Desktop/test/cocos-creator/JumpingBlock/assets/Scripts/GameManager.ts.
11:03:17.014 debug: Resolve file:///Users/zhao/Desktop/test/cocos-creator/JumpingBlock/assets/Scripts/Player.ts from cce:/internal/x/prerequisite-imports as file:///Users/zhao/Desktop/test/cocos-creator/JumpingBlock/assets/Scripts/Player.ts.
11:03:17.014 debug: Detected change: file:///Users/zhao/Desktop/test/cocos-creator/JumpingBlock/assets/Scripts/Player.ts. Last mtime: Mon Jun 23 2025 11:03:03 GMT+0800 (中国标准时间)@27e5d0c1-22b8-4c0b-ac9a-567760f940d5, Current mtime: Mon Jun 23 2025 11:03:14 GMT+0800 (中国标准时间)@27e5d0c1-22b8-4c0b-ac9a-567760f940d5
11:03:17.014 debug: Inspect file:///Users/zhao/Desktop/test/cocos-creator/JumpingBlock/assets/Scripts/Player.ts
11:03:17.022 debug: transform url: 'file:///Users/zhao/Desktop/test/cocos-creator/JumpingBlock/assets/Scripts/Player.ts' costs: 8.50 ms
11:03:17.023 debug: Resolve cc from file:///Users/zhao/Desktop/test/cocos-creator/JumpingBlock/assets/Scripts/Player.ts as cce:/internal/x/cc.
11:03:17.023 debug: Resolve cc from file:///Users/zhao/Desktop/test/cocos-creator/JumpingBlock/assets/Scripts/Player.ts as cce:/internal/x/cc.
11:03:17.023 debug: Resolve cc from file:///Users/zhao/Desktop/test/cocos-creator/JumpingBlock/assets/Scripts/Player.ts as cce:/internal/x/cc.
11:03:17.025 debug: Target(editor) ends with cost 17.400958000216633ms.
11:03:17.025 debug: Target(preview) build started.
11:03:17.026 debug: Detected change: cce:/internal/x/prerequisite-imports. Last mtime: Thu Jan 01 1970 08:53:46 GMT+0800 (中国标准时间), Current mtime: Thu Jan 01 1970 08:53:59 GMT+0800 (中国标准时间)
11:03:17.026 debug: Inspect cce:/internal/x/prerequisite-imports
11:03:17.031 debug: transform url: 'cce:/internal/x/prerequisite-imports' costs: 4.40 ms
11:03:17.031 debug: Resolve file:///Applications/Cocos/Creator/3.8.6/CocosCreator.app/Contents/Resources/resources/3d/engine/editor/assets/default_renderpipeline/builtin-dof-pass.ts from cce:/internal/x/prerequisite-imports as file:///Applications/Cocos/Creator/3.8.6/CocosCreator.app/Contents/Resources/resources/3d/engine/editor/assets/default_renderpipeline/builtin-dof-pass.ts.
11:03:17.031 debug: Resolve file:///Applications/Cocos/Creator/3.8.6/CocosCreator.app/Contents/Resources/resources/3d/engine/editor/assets/default_renderpipeline/builtin-pipeline-pass.ts from cce:/internal/x/prerequisite-imports as file:///Applications/Cocos/Creator/3.8.6/CocosCreator.app/Contents/Resources/resources/3d/engine/editor/assets/default_renderpipeline/builtin-pipeline-pass.ts.
11:03:17.031 debug: Resolve file:///Applications/Cocos/Creator/3.8.6/CocosCreator.app/Contents/Resources/resources/3d/engine/editor/assets/default_renderpipeline/builtin-pipeline-settings.ts from cce:/internal/x/prerequisite-imports as file:///Applications/Cocos/Creator/3.8.6/CocosCreator.app/Contents/Resources/resources/3d/engine/editor/assets/default_renderpipeline/builtin-pipeline-settings.ts.
11:03:17.031 debug: Resolve file:///Applications/Cocos/Creator/3.8.6/CocosCreator.app/Contents/Resources/resources/3d/engine/editor/assets/default_renderpipeline/builtin-pipeline-types.ts from cce:/internal/x/prerequisite-imports as file:///Applications/Cocos/Creator/3.8.6/CocosCreator.app/Contents/Resources/resources/3d/engine/editor/assets/default_renderpipeline/builtin-pipeline-types.ts.
11:03:17.031 debug: Resolve file:///Applications/Cocos/Creator/3.8.6/CocosCreator.app/Contents/Resources/resources/3d/engine/editor/assets/default_renderpipeline/builtin-pipeline.ts from cce:/internal/x/prerequisite-imports as file:///Applications/Cocos/Creator/3.8.6/CocosCreator.app/Contents/Resources/resources/3d/engine/editor/assets/default_renderpipeline/builtin-pipeline.ts.
11:03:17.032 debug: Resolve file:///Applications/Cocos/Creator/3.8.6/CocosCreator.app/Contents/Resources/resources/3d/engine/editor/assets/tools/debug-view-runtime-control.ts from cce:/internal/x/prerequisite-imports as file:///Applications/Cocos/Creator/3.8.6/CocosCreator.app/Contents/Resources/resources/3d/engine/editor/assets/tools/debug-view-runtime-control.ts.
11:03:17.032 debug: Resolve file:///Users/zhao/Desktop/test/cocos-creator/JumpingBlock/assets/Scripts/GameManager.ts from cce:/internal/x/prerequisite-imports as file:///Users/zhao/Desktop/test/cocos-creator/JumpingBlock/assets/Scripts/GameManager.ts.
11:03:17.032 debug: Resolve file:///Users/zhao/Desktop/test/cocos-creator/JumpingBlock/assets/Scripts/Player.ts from cce:/internal/x/prerequisite-imports as file:///Users/zhao/Desktop/test/cocos-creator/JumpingBlock/assets/Scripts/Player.ts.
11:03:17.032 debug: Detected change: file:///Users/zhao/Desktop/test/cocos-creator/JumpingBlock/assets/Scripts/Player.ts. Last mtime: Mon Jun 23 2025 11:03:03 GMT+0800 (中国标准时间)@27e5d0c1-22b8-4c0b-ac9a-567760f940d5, Current mtime: Mon Jun 23 2025 11:03:14 GMT+0800 (中国标准时间)@27e5d0c1-22b8-4c0b-ac9a-567760f940d5
11:03:17.032 debug: Inspect file:///Users/zhao/Desktop/test/cocos-creator/JumpingBlock/assets/Scripts/Player.ts
11:03:17.042 debug: transform url: 'file:///Users/zhao/Desktop/test/cocos-creator/JumpingBlock/assets/Scripts/Player.ts' costs: 10.80 ms
11:03:17.044 debug: Resolve cc from file:///Users/zhao/Desktop/test/cocos-creator/JumpingBlock/assets/Scripts/Player.ts as cce:/internal/x/cc.
11:03:17.044 debug: Resolve cc from file:///Users/zhao/Desktop/test/cocos-creator/JumpingBlock/assets/Scripts/Player.ts as cce:/internal/x/cc.
11:03:17.044 debug: Resolve cc from file:///Users/zhao/Desktop/test/cocos-creator/JumpingBlock/assets/Scripts/Player.ts as cce:/internal/x/cc.
11:03:17.047 debug: Target(preview) ends with cost 22.20049999980256ms.
11:05:38.644 debug: Dispatch build request for time accumulated 1 asset changes.
11:05:38.645 debug: Build iteration starts.
Number of accumulated asset changes: 1
Feature changed: false
11:05:38.645 debug: Target(editor) build started.
11:05:38.646 debug: Detected change: cce:/internal/x/prerequisite-imports. Last mtime: Thu Jan 01 1970 08:53:59 GMT+0800 (中国标准时间), Current mtime: Thu Jan 01 1970 08:56:21 GMT+0800 (中国标准时间)
11:05:38.646 debug: Inspect cce:/internal/x/prerequisite-imports
11:05:38.650 debug: transform url: 'cce:/internal/x/prerequisite-imports' costs: 3.90 ms
11:05:38.651 debug: Resolve file:///Applications/Cocos/Creator/3.8.6/CocosCreator.app/Contents/Resources/resources/3d/engine/editor/assets/default_renderpipeline/builtin-dof-pass.ts from cce:/internal/x/prerequisite-imports as file:///Applications/Cocos/Creator/3.8.6/CocosCreator.app/Contents/Resources/resources/3d/engine/editor/assets/default_renderpipeline/builtin-dof-pass.ts.
11:05:38.651 debug: Resolve file:///Applications/Cocos/Creator/3.8.6/CocosCreator.app/Contents/Resources/resources/3d/engine/editor/assets/default_renderpipeline/builtin-pipeline-pass.ts from cce:/internal/x/prerequisite-imports as file:///Applications/Cocos/Creator/3.8.6/CocosCreator.app/Contents/Resources/resources/3d/engine/editor/assets/default_renderpipeline/builtin-pipeline-pass.ts.
11:05:38.651 debug: Resolve file:///Applications/Cocos/Creator/3.8.6/CocosCreator.app/Contents/Resources/resources/3d/engine/editor/assets/default_renderpipeline/builtin-pipeline-settings.ts from cce:/internal/x/prerequisite-imports as file:///Applications/Cocos/Creator/3.8.6/CocosCreator.app/Contents/Resources/resources/3d/engine/editor/assets/default_renderpipeline/builtin-pipeline-settings.ts.
11:05:38.651 debug: Resolve file:///Applications/Cocos/Creator/3.8.6/CocosCreator.app/Contents/Resources/resources/3d/engine/editor/assets/default_renderpipeline/builtin-pipeline-types.ts from cce:/internal/x/prerequisite-imports as file:///Applications/Cocos/Creator/3.8.6/CocosCreator.app/Contents/Resources/resources/3d/engine/editor/assets/default_renderpipeline/builtin-pipeline-types.ts.
11:05:38.651 debug: Resolve file:///Applications/Cocos/Creator/3.8.6/CocosCreator.app/Contents/Resources/resources/3d/engine/editor/assets/default_renderpipeline/builtin-pipeline.ts from cce:/internal/x/prerequisite-imports as file:///Applications/Cocos/Creator/3.8.6/CocosCreator.app/Contents/Resources/resources/3d/engine/editor/assets/default_renderpipeline/builtin-pipeline.ts.
11:05:38.651 debug: Resolve file:///Applications/Cocos/Creator/3.8.6/CocosCreator.app/Contents/Resources/resources/3d/engine/editor/assets/tools/debug-view-runtime-control.ts from cce:/internal/x/prerequisite-imports as file:///Applications/Cocos/Creator/3.8.6/CocosCreator.app/Contents/Resources/resources/3d/engine/editor/assets/tools/debug-view-runtime-control.ts.
11:05:38.651 debug: Resolve file:///Users/zhao/Desktop/test/cocos-creator/JumpingBlock/assets/Scripts/GameManager.ts from cce:/internal/x/prerequisite-imports as file:///Users/zhao/Desktop/test/cocos-creator/JumpingBlock/assets/Scripts/GameManager.ts.
11:05:38.652 debug: Resolve file:///Users/zhao/Desktop/test/cocos-creator/JumpingBlock/assets/Scripts/Player.ts from cce:/internal/x/prerequisite-imports as file:///Users/zhao/Desktop/test/cocos-creator/JumpingBlock/assets/Scripts/Player.ts.
11:05:38.652 debug: Detected change: file:///Users/zhao/Desktop/test/cocos-creator/JumpingBlock/assets/Scripts/Player.ts. Last mtime: Mon Jun 23 2025 11:03:14 GMT+0800 (中国标准时间)@27e5d0c1-22b8-4c0b-ac9a-567760f940d5, Current mtime: Mon Jun 23 2025 11:05:37 GMT+0800 (中国标准时间)@27e5d0c1-22b8-4c0b-ac9a-567760f940d5
11:05:38.652 debug: Inspect file:///Users/zhao/Desktop/test/cocos-creator/JumpingBlock/assets/Scripts/Player.ts
11:05:38.660 debug: transform url: 'file:///Users/zhao/Desktop/test/cocos-creator/JumpingBlock/assets/Scripts/Player.ts' costs: 8.50 ms
11:05:38.661 debug: Resolve cc from file:///Users/zhao/Desktop/test/cocos-creator/JumpingBlock/assets/Scripts/Player.ts as cce:/internal/x/cc.
11:05:38.661 debug: Resolve cc from file:///Users/zhao/Desktop/test/cocos-creator/JumpingBlock/assets/Scripts/Player.ts as cce:/internal/x/cc.
11:05:38.661 debug: Resolve cc from file:///Users/zhao/Desktop/test/cocos-creator/JumpingBlock/assets/Scripts/Player.ts as cce:/internal/x/cc.
11:05:38.663 debug: Target(editor) ends with cost 17.268541999626905ms.
11:05:38.663 debug: Target(preview) build started.
11:05:38.663 debug: Detected change: cce:/internal/x/prerequisite-imports. Last mtime: Thu Jan 01 1970 08:53:59 GMT+0800 (中国标准时间), Current mtime: Thu Jan 01 1970 08:56:21 GMT+0800 (中国标准时间)
11:05:38.663 debug: Inspect cce:/internal/x/prerequisite-imports
11:05:38.668 debug: transform url: 'cce:/internal/x/prerequisite-imports' costs: 4.40 ms
11:05:38.669 debug: Resolve file:///Applications/Cocos/Creator/3.8.6/CocosCreator.app/Contents/Resources/resources/3d/engine/editor/assets/default_renderpipeline/builtin-dof-pass.ts from cce:/internal/x/prerequisite-imports as file:///Applications/Cocos/Creator/3.8.6/CocosCreator.app/Contents/Resources/resources/3d/engine/editor/assets/default_renderpipeline/builtin-dof-pass.ts.
11:05:38.669 debug: Resolve file:///Applications/Cocos/Creator/3.8.6/CocosCreator.app/Contents/Resources/resources/3d/engine/editor/assets/default_renderpipeline/builtin-pipeline-pass.ts from cce:/internal/x/prerequisite-imports as file:///Applications/Cocos/Creator/3.8.6/CocosCreator.app/Contents/Resources/resources/3d/engine/editor/assets/default_renderpipeline/builtin-pipeline-pass.ts.
11:05:38.669 debug: Resolve file:///Applications/Cocos/Creator/3.8.6/CocosCreator.app/Contents/Resources/resources/3d/engine/editor/assets/default_renderpipeline/builtin-pipeline-settings.ts from cce:/internal/x/prerequisite-imports as file:///Applications/Cocos/Creator/3.8.6/CocosCreator.app/Contents/Resources/resources/3d/engine/editor/assets/default_renderpipeline/builtin-pipeline-settings.ts.
11:05:38.669 debug: Resolve file:///Applications/Cocos/Creator/3.8.6/CocosCreator.app/Contents/Resources/resources/3d/engine/editor/assets/default_renderpipeline/builtin-pipeline-types.ts from cce:/internal/x/prerequisite-imports as file:///Applications/Cocos/Creator/3.8.6/CocosCreator.app/Contents/Resources/resources/3d/engine/editor/assets/default_renderpipeline/builtin-pipeline-types.ts.
11:05:38.669 debug: Resolve file:///Applications/Cocos/Creator/3.8.6/CocosCreator.app/Contents/Resources/resources/3d/engine/editor/assets/default_renderpipeline/builtin-pipeline.ts from cce:/internal/x/prerequisite-imports as file:///Applications/Cocos/Creator/3.8.6/CocosCreator.app/Contents/Resources/resources/3d/engine/editor/assets/default_renderpipeline/builtin-pipeline.ts.
11:05:38.669 debug: Resolve file:///Applications/Cocos/Creator/3.8.6/CocosCreator.app/Contents/Resources/resources/3d/engine/editor/assets/tools/debug-view-runtime-control.ts from cce:/internal/x/prerequisite-imports as file:///Applications/Cocos/Creator/3.8.6/CocosCreator.app/Contents/Resources/resources/3d/engine/editor/assets/tools/debug-view-runtime-control.ts.
11:05:38.669 debug: Resolve file:///Users/zhao/Desktop/test/cocos-creator/JumpingBlock/assets/Scripts/GameManager.ts from cce:/internal/x/prerequisite-imports as file:///Users/zhao/Desktop/test/cocos-creator/JumpingBlock/assets/Scripts/GameManager.ts.
11:05:38.669 debug: Resolve file:///Users/zhao/Desktop/test/cocos-creator/JumpingBlock/assets/Scripts/Player.ts from cce:/internal/x/prerequisite-imports as file:///Users/zhao/Desktop/test/cocos-creator/JumpingBlock/assets/Scripts/Player.ts.
11:05:38.669 debug: Detected change: file:///Users/zhao/Desktop/test/cocos-creator/JumpingBlock/assets/Scripts/Player.ts. Last mtime: Mon Jun 23 2025 11:03:14 GMT+0800 (中国标准时间)@27e5d0c1-22b8-4c0b-ac9a-567760f940d5, Current mtime: Mon Jun 23 2025 11:05:37 GMT+0800 (中国标准时间)@27e5d0c1-22b8-4c0b-ac9a-567760f940d5
11:05:38.669 debug: Inspect file:///Users/zhao/Desktop/test/cocos-creator/JumpingBlock/assets/Scripts/Player.ts
11:05:38.680 debug: transform url: 'file:///Users/zhao/Desktop/test/cocos-creator/JumpingBlock/assets/Scripts/Player.ts' costs: 10.70 ms
11:05:38.681 debug: Resolve cc from file:///Users/zhao/Desktop/test/cocos-creator/JumpingBlock/assets/Scripts/Player.ts as cce:/internal/x/cc.
11:05:38.681 debug: Resolve cc from file:///Users/zhao/Desktop/test/cocos-creator/JumpingBlock/assets/Scripts/Player.ts as cce:/internal/x/cc.
11:05:38.681 debug: Resolve cc from file:///Users/zhao/Desktop/test/cocos-creator/JumpingBlock/assets/Scripts/Player.ts as cce:/internal/x/cc.
11:05:38.683 debug: Target(preview) ends with cost 20.73870800016448ms.
11:06:14.979 debug: Dispatch build request for time accumulated 1 asset changes.
11:06:14.980 debug: Build iteration starts.
Number of accumulated asset changes: 1
Feature changed: false
11:06:14.980 debug: Target(editor) build started.
11:06:14.981 debug: Detected change: cce:/internal/x/prerequisite-imports. Last mtime: Thu Jan 01 1970 08:56:21 GMT+0800 (中国标准时间), Current mtime: Thu Jan 01 1970 08:56:57 GMT+0800 (中国标准时间)
11:06:14.981 debug: Inspect cce:/internal/x/prerequisite-imports
11:06:14.986 debug: transform url: 'cce:/internal/x/prerequisite-imports' costs: 4.70 ms
11:06:14.986 debug: Resolve file:///Applications/Cocos/Creator/3.8.6/CocosCreator.app/Contents/Resources/resources/3d/engine/editor/assets/default_renderpipeline/builtin-dof-pass.ts from cce:/internal/x/prerequisite-imports as file:///Applications/Cocos/Creator/3.8.6/CocosCreator.app/Contents/Resources/resources/3d/engine/editor/assets/default_renderpipeline/builtin-dof-pass.ts.
11:06:14.986 debug: Resolve file:///Applications/Cocos/Creator/3.8.6/CocosCreator.app/Contents/Resources/resources/3d/engine/editor/assets/default_renderpipeline/builtin-pipeline-pass.ts from cce:/internal/x/prerequisite-imports as file:///Applications/Cocos/Creator/3.8.6/CocosCreator.app/Contents/Resources/resources/3d/engine/editor/assets/default_renderpipeline/builtin-pipeline-pass.ts.
11:06:14.987 debug: Resolve file:///Applications/Cocos/Creator/3.8.6/CocosCreator.app/Contents/Resources/resources/3d/engine/editor/assets/default_renderpipeline/builtin-pipeline-settings.ts from cce:/internal/x/prerequisite-imports as file:///Applications/Cocos/Creator/3.8.6/CocosCreator.app/Contents/Resources/resources/3d/engine/editor/assets/default_renderpipeline/builtin-pipeline-settings.ts.
11:06:14.987 debug: Resolve file:///Applications/Cocos/Creator/3.8.6/CocosCreator.app/Contents/Resources/resources/3d/engine/editor/assets/default_renderpipeline/builtin-pipeline-types.ts from cce:/internal/x/prerequisite-imports as file:///Applications/Cocos/Creator/3.8.6/CocosCreator.app/Contents/Resources/resources/3d/engine/editor/assets/default_renderpipeline/builtin-pipeline-types.ts.
11:06:14.987 debug: Resolve file:///Applications/Cocos/Creator/3.8.6/CocosCreator.app/Contents/Resources/resources/3d/engine/editor/assets/default_renderpipeline/builtin-pipeline.ts from cce:/internal/x/prerequisite-imports as file:///Applications/Cocos/Creator/3.8.6/CocosCreator.app/Contents/Resources/resources/3d/engine/editor/assets/default_renderpipeline/builtin-pipeline.ts.
11:06:14.987 debug: Resolve file:///Applications/Cocos/Creator/3.8.6/CocosCreator.app/Contents/Resources/resources/3d/engine/editor/assets/tools/debug-view-runtime-control.ts from cce:/internal/x/prerequisite-imports as file:///Applications/Cocos/Creator/3.8.6/CocosCreator.app/Contents/Resources/resources/3d/engine/editor/assets/tools/debug-view-runtime-control.ts.
11:06:14.987 debug: Resolve file:///Users/zhao/Desktop/test/cocos-creator/JumpingBlock/assets/Scripts/GameManager.ts from cce:/internal/x/prerequisite-imports as file:///Users/zhao/Desktop/test/cocos-creator/JumpingBlock/assets/Scripts/GameManager.ts.
11:06:14.987 debug: Resolve file:///Users/zhao/Desktop/test/cocos-creator/JumpingBlock/assets/Scripts/Player.ts from cce:/internal/x/prerequisite-imports as file:///Users/zhao/Desktop/test/cocos-creator/JumpingBlock/assets/Scripts/Player.ts.
11:06:14.987 debug: Detected change: file:///Users/zhao/Desktop/test/cocos-creator/JumpingBlock/assets/Scripts/Player.ts. Last mtime: Mon Jun 23 2025 11:05:37 GMT+0800 (中国标准时间)@27e5d0c1-22b8-4c0b-ac9a-567760f940d5, Current mtime: Mon Jun 23 2025 11:06:12 GMT+0800 (中国标准时间)@27e5d0c1-22b8-4c0b-ac9a-567760f940d5
11:06:14.987 debug: Inspect file:///Users/zhao/Desktop/test/cocos-creator/JumpingBlock/assets/Scripts/Player.ts
11:06:14.994 debug: transform url: 'file:///Users/zhao/Desktop/test/cocos-creator/JumpingBlock/assets/Scripts/Player.ts' costs: 7.20 ms
11:06:14.995 debug: Resolve cc from file:///Users/zhao/Desktop/test/cocos-creator/JumpingBlock/assets/Scripts/Player.ts as cce:/internal/x/cc.
11:06:14.995 debug: Resolve cc from file:///Users/zhao/Desktop/test/cocos-creator/JumpingBlock/assets/Scripts/Player.ts as cce:/internal/x/cc.
11:06:14.995 debug: Resolve cc from file:///Users/zhao/Desktop/test/cocos-creator/JumpingBlock/assets/Scripts/Player.ts as cce:/internal/x/cc.
11:06:14.998 debug: Target(editor) ends with cost 18.30837499955669ms.
11:06:14.998 debug: Target(preview) build started.
11:06:14.999 debug: Detected change: cce:/internal/x/prerequisite-imports. Last mtime: Thu Jan 01 1970 08:56:21 GMT+0800 (中国标准时间), Current mtime: Thu Jan 01 1970 08:56:57 GMT+0800 (中国标准时间)
11:06:14.999 debug: Inspect cce:/internal/x/prerequisite-imports
11:06:15.002 debug: transform url: 'cce:/internal/x/prerequisite-imports' costs: 2.80 ms
11:06:15.002 debug: Resolve file:///Applications/Cocos/Creator/3.8.6/CocosCreator.app/Contents/Resources/resources/3d/engine/editor/assets/default_renderpipeline/builtin-dof-pass.ts from cce:/internal/x/prerequisite-imports as file:///Applications/Cocos/Creator/3.8.6/CocosCreator.app/Contents/Resources/resources/3d/engine/editor/assets/default_renderpipeline/builtin-dof-pass.ts.
11:06:15.002 debug: Resolve file:///Applications/Cocos/Creator/3.8.6/CocosCreator.app/Contents/Resources/resources/3d/engine/editor/assets/default_renderpipeline/builtin-pipeline-pass.ts from cce:/internal/x/prerequisite-imports as file:///Applications/Cocos/Creator/3.8.6/CocosCreator.app/Contents/Resources/resources/3d/engine/editor/assets/default_renderpipeline/builtin-pipeline-pass.ts.
11:06:15.002 debug: Resolve file:///Applications/Cocos/Creator/3.8.6/CocosCreator.app/Contents/Resources/resources/3d/engine/editor/assets/default_renderpipeline/builtin-pipeline-settings.ts from cce:/internal/x/prerequisite-imports as file:///Applications/Cocos/Creator/3.8.6/CocosCreator.app/Contents/Resources/resources/3d/engine/editor/assets/default_renderpipeline/builtin-pipeline-settings.ts.
11:06:15.002 debug: Resolve file:///Applications/Cocos/Creator/3.8.6/CocosCreator.app/Contents/Resources/resources/3d/engine/editor/assets/default_renderpipeline/builtin-pipeline-types.ts from cce:/internal/x/prerequisite-imports as file:///Applications/Cocos/Creator/3.8.6/CocosCreator.app/Contents/Resources/resources/3d/engine/editor/assets/default_renderpipeline/builtin-pipeline-types.ts.
11:06:15.003 debug: Resolve file:///Applications/Cocos/Creator/3.8.6/CocosCreator.app/Contents/Resources/resources/3d/engine/editor/assets/default_renderpipeline/builtin-pipeline.ts from cce:/internal/x/prerequisite-imports as file:///Applications/Cocos/Creator/3.8.6/CocosCreator.app/Contents/Resources/resources/3d/engine/editor/assets/default_renderpipeline/builtin-pipeline.ts.
11:06:15.003 debug: Resolve file:///Applications/Cocos/Creator/3.8.6/CocosCreator.app/Contents/Resources/resources/3d/engine/editor/assets/tools/debug-view-runtime-control.ts from cce:/internal/x/prerequisite-imports as file:///Applications/Cocos/Creator/3.8.6/CocosCreator.app/Contents/Resources/resources/3d/engine/editor/assets/tools/debug-view-runtime-control.ts.
11:06:15.003 debug: Resolve file:///Users/zhao/Desktop/test/cocos-creator/JumpingBlock/assets/Scripts/GameManager.ts from cce:/internal/x/prerequisite-imports as file:///Users/zhao/Desktop/test/cocos-creator/JumpingBlock/assets/Scripts/GameManager.ts.
11:06:15.003 debug: Resolve file:///Users/zhao/Desktop/test/cocos-creator/JumpingBlock/assets/Scripts/Player.ts from cce:/internal/x/prerequisite-imports as file:///Users/zhao/Desktop/test/cocos-creator/JumpingBlock/assets/Scripts/Player.ts.
11:06:15.003 debug: Detected change: file:///Users/zhao/Desktop/test/cocos-creator/JumpingBlock/assets/Scripts/Player.ts. Last mtime: Mon Jun 23 2025 11:05:37 GMT+0800 (中国标准时间)@27e5d0c1-22b8-4c0b-ac9a-567760f940d5, Current mtime: Mon Jun 23 2025 11:06:12 GMT+0800 (中国标准时间)@27e5d0c1-22b8-4c0b-ac9a-567760f940d5
11:06:15.003 debug: Inspect file:///Users/zhao/Desktop/test/cocos-creator/JumpingBlock/assets/Scripts/Player.ts
11:06:15.010 debug: transform url: 'file:///Users/zhao/Desktop/test/cocos-creator/JumpingBlock/assets/Scripts/Player.ts' costs: 7.20 ms
11:06:15.011 debug: Resolve cc from file:///Users/zhao/Desktop/test/cocos-creator/JumpingBlock/assets/Scripts/Player.ts as cce:/internal/x/cc.
11:06:15.011 debug: Resolve cc from file:///Users/zhao/Desktop/test/cocos-creator/JumpingBlock/assets/Scripts/Player.ts as cce:/internal/x/cc.
11:06:15.011 debug: Resolve cc from file:///Users/zhao/Desktop/test/cocos-creator/JumpingBlock/assets/Scripts/Player.ts as cce:/internal/x/cc.
11:06:15.013 debug: Target(preview) ends with cost 14.366707999724895ms.
11:06:31.724 debug: Dispatch build request for time accumulated 1 asset changes.
11:06:31.725 debug: Build iteration starts.
Number of accumulated asset changes: 1
Feature changed: false
11:06:31.725 debug: Target(editor) build started.
11:06:31.726 debug: Detected change: cce:/internal/x/prerequisite-imports. Last mtime: Thu Jan 01 1970 08:56:57 GMT+0800 (中国标准时间), Current mtime: Thu Jan 01 1970 08:57:14 GMT+0800 (中国标准时间)
11:06:31.726 debug: Inspect cce:/internal/x/prerequisite-imports
11:06:31.730 debug: transform url: 'cce:/internal/x/prerequisite-imports' costs: 4.10 ms
11:06:31.730 debug: Resolve file:///Applications/Cocos/Creator/3.8.6/CocosCreator.app/Contents/Resources/resources/3d/engine/editor/assets/default_renderpipeline/builtin-dof-pass.ts from cce:/internal/x/prerequisite-imports as file:///Applications/Cocos/Creator/3.8.6/CocosCreator.app/Contents/Resources/resources/3d/engine/editor/assets/default_renderpipeline/builtin-dof-pass.ts.
11:06:31.731 debug: Resolve file:///Applications/Cocos/Creator/3.8.6/CocosCreator.app/Contents/Resources/resources/3d/engine/editor/assets/default_renderpipeline/builtin-pipeline-pass.ts from cce:/internal/x/prerequisite-imports as file:///Applications/Cocos/Creator/3.8.6/CocosCreator.app/Contents/Resources/resources/3d/engine/editor/assets/default_renderpipeline/builtin-pipeline-pass.ts.
11:06:31.731 debug: Resolve file:///Applications/Cocos/Creator/3.8.6/CocosCreator.app/Contents/Resources/resources/3d/engine/editor/assets/default_renderpipeline/builtin-pipeline-settings.ts from cce:/internal/x/prerequisite-imports as file:///Applications/Cocos/Creator/3.8.6/CocosCreator.app/Contents/Resources/resources/3d/engine/editor/assets/default_renderpipeline/builtin-pipeline-settings.ts.
11:06:31.731 debug: Resolve file:///Applications/Cocos/Creator/3.8.6/CocosCreator.app/Contents/Resources/resources/3d/engine/editor/assets/default_renderpipeline/builtin-pipeline-types.ts from cce:/internal/x/prerequisite-imports as file:///Applications/Cocos/Creator/3.8.6/CocosCreator.app/Contents/Resources/resources/3d/engine/editor/assets/default_renderpipeline/builtin-pipeline-types.ts.
11:06:31.731 debug: Resolve file:///Applications/Cocos/Creator/3.8.6/CocosCreator.app/Contents/Resources/resources/3d/engine/editor/assets/default_renderpipeline/builtin-pipeline.ts from cce:/internal/x/prerequisite-imports as file:///Applications/Cocos/Creator/3.8.6/CocosCreator.app/Contents/Resources/resources/3d/engine/editor/assets/default_renderpipeline/builtin-pipeline.ts.
11:06:31.731 debug: Resolve file:///Applications/Cocos/Creator/3.8.6/CocosCreator.app/Contents/Resources/resources/3d/engine/editor/assets/tools/debug-view-runtime-control.ts from cce:/internal/x/prerequisite-imports as file:///Applications/Cocos/Creator/3.8.6/CocosCreator.app/Contents/Resources/resources/3d/engine/editor/assets/tools/debug-view-runtime-control.ts.
11:06:31.731 debug: Resolve file:///Users/zhao/Desktop/test/cocos-creator/JumpingBlock/assets/Scripts/GameManager.ts from cce:/internal/x/prerequisite-imports as file:///Users/zhao/Desktop/test/cocos-creator/JumpingBlock/assets/Scripts/GameManager.ts.
11:06:31.731 debug: Resolve file:///Users/zhao/Desktop/test/cocos-creator/JumpingBlock/assets/Scripts/Player.ts from cce:/internal/x/prerequisite-imports as file:///Users/zhao/Desktop/test/cocos-creator/JumpingBlock/assets/Scripts/Player.ts.
11:06:31.731 debug: Detected change: file:///Users/zhao/Desktop/test/cocos-creator/JumpingBlock/assets/Scripts/Player.ts. Last mtime: Mon Jun 23 2025 11:06:12 GMT+0800 (中国标准时间)@27e5d0c1-22b8-4c0b-ac9a-567760f940d5, Current mtime: Mon Jun 23 2025 11:06:30 GMT+0800 (中国标准时间)@27e5d0c1-22b8-4c0b-ac9a-567760f940d5
11:06:31.731 debug: Inspect file:///Users/zhao/Desktop/test/cocos-creator/JumpingBlock/assets/Scripts/Player.ts
11:06:31.738 debug: transform url: 'file:///Users/zhao/Desktop/test/cocos-creator/JumpingBlock/assets/Scripts/Player.ts' costs: 7.30 ms
11:06:31.739 debug: Resolve cc from file:///Users/zhao/Desktop/test/cocos-creator/JumpingBlock/assets/Scripts/Player.ts as cce:/internal/x/cc.
11:06:31.739 debug: Resolve cc from file:///Users/zhao/Desktop/test/cocos-creator/JumpingBlock/assets/Scripts/Player.ts as cce:/internal/x/cc.
11:06:31.739 debug: Resolve cc from file:///Users/zhao/Desktop/test/cocos-creator/JumpingBlock/assets/Scripts/Player.ts as cce:/internal/x/cc.
11:06:31.741 debug: Target(editor) ends with cost 16.382499999832362ms.
11:06:31.742 debug: Target(preview) build started.
11:06:31.743 debug: Detected change: cce:/internal/x/prerequisite-imports. Last mtime: Thu Jan 01 1970 08:56:57 GMT+0800 (中国标准时间), Current mtime: Thu Jan 01 1970 08:57:14 GMT+0800 (中国标准时间)
11:06:31.743 debug: Inspect cce:/internal/x/prerequisite-imports
11:06:31.748 debug: transform url: 'cce:/internal/x/prerequisite-imports' costs: 5.00 ms
11:06:31.749 debug: Resolve file:///Applications/Cocos/Creator/3.8.6/CocosCreator.app/Contents/Resources/resources/3d/engine/editor/assets/default_renderpipeline/builtin-dof-pass.ts from cce:/internal/x/prerequisite-imports as file:///Applications/Cocos/Creator/3.8.6/CocosCreator.app/Contents/Resources/resources/3d/engine/editor/assets/default_renderpipeline/builtin-dof-pass.ts.
11:06:31.749 debug: Resolve file:///Applications/Cocos/Creator/3.8.6/CocosCreator.app/Contents/Resources/resources/3d/engine/editor/assets/default_renderpipeline/builtin-pipeline-pass.ts from cce:/internal/x/prerequisite-imports as file:///Applications/Cocos/Creator/3.8.6/CocosCreator.app/Contents/Resources/resources/3d/engine/editor/assets/default_renderpipeline/builtin-pipeline-pass.ts.
11:06:31.749 debug: Resolve file:///Applications/Cocos/Creator/3.8.6/CocosCreator.app/Contents/Resources/resources/3d/engine/editor/assets/default_renderpipeline/builtin-pipeline-settings.ts from cce:/internal/x/prerequisite-imports as file:///Applications/Cocos/Creator/3.8.6/CocosCreator.app/Contents/Resources/resources/3d/engine/editor/assets/default_renderpipeline/builtin-pipeline-settings.ts.
11:06:31.749 debug: Resolve file:///Applications/Cocos/Creator/3.8.6/CocosCreator.app/Contents/Resources/resources/3d/engine/editor/assets/default_renderpipeline/builtin-pipeline-types.ts from cce:/internal/x/prerequisite-imports as file:///Applications/Cocos/Creator/3.8.6/CocosCreator.app/Contents/Resources/resources/3d/engine/editor/assets/default_renderpipeline/builtin-pipeline-types.ts.
11:06:31.749 debug: Resolve file:///Applications/Cocos/Creator/3.8.6/CocosCreator.app/Contents/Resources/resources/3d/engine/editor/assets/default_renderpipeline/builtin-pipeline.ts from cce:/internal/x/prerequisite-imports as file:///Applications/Cocos/Creator/3.8.6/CocosCreator.app/Contents/Resources/resources/3d/engine/editor/assets/default_renderpipeline/builtin-pipeline.ts.
11:06:31.749 debug: Resolve file:///Applications/Cocos/Creator/3.8.6/CocosCreator.app/Contents/Resources/resources/3d/engine/editor/assets/tools/debug-view-runtime-control.ts from cce:/internal/x/prerequisite-imports as file:///Applications/Cocos/Creator/3.8.6/CocosCreator.app/Contents/Resources/resources/3d/engine/editor/assets/tools/debug-view-runtime-control.ts.
11:06:31.749 debug: Resolve file:///Users/zhao/Desktop/test/cocos-creator/JumpingBlock/assets/Scripts/GameManager.ts from cce:/internal/x/prerequisite-imports as file:///Users/zhao/Desktop/test/cocos-creator/JumpingBlock/assets/Scripts/GameManager.ts.
11:06:31.749 debug: Resolve file:///Users/zhao/Desktop/test/cocos-creator/JumpingBlock/assets/Scripts/Player.ts from cce:/internal/x/prerequisite-imports as file:///Users/zhao/Desktop/test/cocos-creator/JumpingBlock/assets/Scripts/Player.ts.
11:06:31.749 debug: Detected change: file:///Users/zhao/Desktop/test/cocos-creator/JumpingBlock/assets/Scripts/Player.ts. Last mtime: Mon Jun 23 2025 11:06:12 GMT+0800 (中国标准时间)@27e5d0c1-22b8-4c0b-ac9a-567760f940d5, Current mtime: Mon Jun 23 2025 11:06:30 GMT+0800 (中国标准时间)@27e5d0c1-22b8-4c0b-ac9a-567760f940d5
11:06:31.749 debug: Inspect file:///Users/zhao/Desktop/test/cocos-creator/JumpingBlock/assets/Scripts/Player.ts
11:06:31.762 debug: transform url: 'file:///Users/zhao/Desktop/test/cocos-creator/JumpingBlock/assets/Scripts/Player.ts' costs: 12.60 ms
11:06:31.762 debug: Resolve cc from file:///Users/zhao/Desktop/test/cocos-creator/JumpingBlock/assets/Scripts/Player.ts as cce:/internal/x/cc.
11:06:31.762 debug: Resolve cc from file:///Users/zhao/Desktop/test/cocos-creator/JumpingBlock/assets/Scripts/Player.ts as cce:/internal/x/cc.
11:06:31.762 debug: Resolve cc from file:///Users/zhao/Desktop/test/cocos-creator/JumpingBlock/assets/Scripts/Player.ts as cce:/internal/x/cc.
11:06:31.765 debug: Target(preview) ends with cost 23.066124999895692ms.
